{"type":"FeatureCollection","features":[{"type":"Feature","properties":{"count":1654,"q":0,"r":186},"geometry":{"type":"Polygon","coordinates":[[[0.16,51.54583203324979],[0.08000000000000002,51.6843960978553],[-0.07999999999999996,51.6843960978553],[-0.16,51.54583203324979],[-0.08000000000000007,51.40726796864428],[0.08000000000000002,51.40726796864428],[0.16,51.54583203324979]]]}},{"type":"Feature","properties":{"count":1076,"q":-1,"r":186},"geometry":{"type":"Polygon","coordinates":[[[-0.07999999999999999,51.407267968644284],[-0.15999999999999998,51.545832033249795],[-0.31999999999999995,51.545832033249795],[-0.4,51.407267968644284],[-0.32000000000000006,51.26870390403877],[-0.15999999999999998,51.26870390403877],[-0.07999999999999999,51.407267968644284]]]}},{"type":"Feature","properties":{"count":498,"q":-9,"r":197},"geometry":{"type":"Polygon","coordinates":[[[-2.0,53.34716487312142],[-2.08,53.48572893772693],[-2.24,53.48572893772693],[-2.3200000000000003,53.34716487312142],[-2.24,53.20860080851591],[-2.08,53.20860080851591],[-2.0,53.34716487312142]]]}},{"type":"Feature","properties":{"count":491,"q":-10,"r":198},"geometry":{"type":"Polygon","coordinates":[[[-2.2399999999999998,53.485728937726925],[-2.32,53.624293002332436],[-2.48,53.624293002332436],[-2.56,53.485728937726925],[-2.48,53.347164873121415],[-2.32,53.347164873121415],[-2.2399999999999998,53.485728937726925]]]}},{"type":"Feature","properties":{"count":489,"q":-6,"r":196},"geometry":{"type":"Polygon","coordinates":[[[-1.28,53.485728937726925],[-1.3599999999999999,53.624293002332436],[-1.52,53.624293002332436],[-1.5999999999999999,53.485728937726925],[-1.52,53.347164873121415],[-1.3599999999999999,53.347164873121415],[-1.28,53.485728937726925]]]}},{"type":"Feature","properties":{"count":484,"q":-12,"r":199},"geometry":{"type":"Polygon","coordinates":[[[-2.7199999999999998,53.485728937726925],[-2.8,53.624293002332436],[-2.96,53.624293002332436],[-3.04,53.485728937726925],[-2.96,53.347164873121415],[-2.8,53.347164873121415],[-2.7199999999999998,53.485728937726925]]]}},{"type":"Feature","properties":{"count":474,"q":-9,"r":194},"geometry":{"type":"Polygon","coordinates":[[[-2.0,52.51578048548836],[-2.08,52.65434455009387],[-2.24,52.65434455009387],[-2.3200000000000003,52.51578048548836],[-2.24,52.377216420882846],[-2.08,52.377216420882846],[-2.0,52.51578048548836]]]}},{"type":"Feature","properties":{"count":454,"q":-6,"r":197},"geometry":{"type":"Polygon","coordinates":[[[-1.28,53.762857066937954],[-1.3599999999999999,53.901421131543465],[-1.52,53.901421131543465],[-1.5999999999999999,53.762857066937954],[-1.52,53.62429300233244],[-1.3599999999999999,53.62429300233244],[-1.28,53.762857066937954]]]}},{"type":"Feature","properties":{"count":412,"q":-8,"r":193},"geometry":{"type":"Polygon","coordinates":[[[-1.76,52.377216420882846],[-1.8399999999999999,52.51578048548836],[-2.0,52.51578048548836],[-2.08,52.377216420882846],[-2.0,52.238652356277335],[-1.8399999999999999,52.238652356277335],[-1.76,52.377216420882846]]]}},{"type":"Feature","properties":{"count":406,"q":-7,"r":197},"geometry":{"type":"Polygon","coordinates":[[[-1.52,53.62429300233244],[-1.5999999999999999,53.762857066937954],[-1.7599999999999998,53.762857066937954],[-1.8399999999999999,53.62429300233244],[-1.76,53.48572893772693],[-1.5999999999999999,53.48572893772693],[-1.52,53.62429300233244]]]}},{"type":"Feature","properties":{"count":392,"q":-5,"r":194},"geometry":{"type":"Polygon","coordinates":[[[-1.04,53.0700367439104],[-1.1199999999999999,53.20860080851591],[-1.2799999999999998,53.20860080851591],[-1.3599999999999999,53.0700367439104],[-1.28,52.93147267930489],[-1.1199999999999999,52.93147267930489],[-1.04,53.0700367439104]]]}},{"type":"Feature","properties":{"count":390,"q":-7,"r":202},"geometry":{"type":"Polygon","coordinates":[[[-1.52,55.009933648387545],[-1.5999999999999999,55.148497712993056],[-1.7599999999999998,55.148497712993056],[-1.8399999999999999,55.009933648387545],[-1.76,54.871369583782034],[-1.5999999999999999,54.871369583782034],[-1.52,55.009933648387545]]]}},{"type":"Feature","properties":{"count":383,"q":-11,"r":191},"geometry":{"type":"Polygon","coordinates":[[[-2.48,51.40726796864428],[-2.56,51.54583203324979],[-2.72,51.54583203324979],[-2.8000000000000003,51.40726796864428],[-2.72,51.268703904038766],[-2.56,51.268703904038766],[-2.48,51.40726796864428]]]}},{"type":"Feature","properties":{"count":343,"q":-7,"r":198},"geometry":{"type":"Polygon","coordinates":[[[-1.52,53.90142113154346],[-1.5999999999999999,54.03998519614897],[-1.7599999999999998,54.03998519614897],[-1.8399999999999999,53.90142113154346],[-1.76,53.76285706693795],[-1.5999999999999999,53.76285706693795],[-1.52,53.90142113154346]]]}},{"type":"Feature","properties":{"count":338,"q":-26,"r":205},"geometry":{"type":"Polygon","coordinates":[[[-6.08,53.208600808515904],[-6.16,53.347164873121415],[-6.32,53.347164873121415],[-6.4,53.208600808515904],[-6.32,53.07003674391039],[-6.16,53.07003674391039],[-6.08,53.208600808515904]]]}},{"type":"Feature","properties":{"count":337,"q":-8,"r":194},"geometry":{"type":"Polygon","coordinates":[[[-1.76,52.65434455009387],[-1.8399999999999999,52.79290861469938],[-2.0,52.79290861469938],[-2.08,52.65434455009387],[-2.0,52.51578048548836],[-1.8399999999999999,52.51578048548836],[-1.76,52.65434455009387]]]}},{"type":"Feature","properties":{"count":334,"q":-11,"r":199},"geometry":{"type":"Polygon","coordinates":[[[-2.48,53.624293002332436],[-2.56,53.76285706693795],[-2.72,53.76285706693795],[-2.8000000000000003,53.624293002332436],[-2.72,53.485728937726925],[-2.56,53.485728937726925],[-2.48,53.624293002332436]]]}},{"type":"Feature","properties":{"count":328,"q":-6,"r":201},"geometry":{"type":"Polygon","coordinates":[[[-1.28,54.87136958378203],[-1.3599999999999999,55.00993364838754],[-1.52,55.00993364838754],[-1.5999999999999999,54.87136958378203],[-1.52,54.732805519176516],[-1.3599999999999999,54.732805519176516],[-1.28,54.87136958378203]]]}},{"type":"Feature","properties":{"count":323,"q":-8,"r":198},"geometry":{"type":"Polygon","coordinates":[[[-1.76,53.76285706693794],[-1.8399999999999999,53.90142113154345],[-2.0,53.90142113154345],[-2.08,53.76285706693794],[-2.0,53.62429300233243],[-1.8399999999999999,53.62429300233243],[-1.76,53.76285706693794]]]}},{"type":"Feature","properties":{"count":312,"q":-9,"r":198},"geometry":{"type":"Polygon","coordinates":[[[-2.0,53.624293002332436],[-2.08,53.76285706693795],[-2.24,53.76285706693795],[-2.3200000000000003,53.624293002332436],[-2.24,53.485728937726925],[-2.08,53.485728937726925],[-2.0,53.624293002332436]]]}},{"type":"Feature","properties":{"count":310,"q":-13,"r":208},"geometry":{"type":"Polygon","coordinates":[[[-2.96,55.8413180360206],[-3.04,55.979882100626114],[-3.2,55.979882100626114],[-3.2800000000000002,55.8413180360206],[-3.2,55.70275397141509],[-3.04,55.70275397141509],[-2.96,55.8413180360206]]]}},{"type":"Feature","properties":{"count":301,"q":-1,"r":184},"geometry":{"type":"Polygon","coordinates":[[[-0.07999999999999999,50.85301171022223],[-0.15999999999999998,50.991575774827744],[-0.31999999999999995,50.991575774827744],[-0.4,50.85301171022223],[-0.32000000000000006,50.71444764561672],[-0.15999999999999998,50.71444764561672],[-0.07999999999999999,50.85301171022223]]]}},{"type":"Feature","properties":{"count":300,"q":-2,"r":187},"geometry":{"type":"Polygon","coordinates":[[[-0.31999999999999995,51.54583203324978],[-0.39999999999999997,51.68439609785529],[-0.5599999999999999,51.68439609785529],[-0.64,51.54583203324978],[-0.56,51.40726796864427],[-0.39999999999999997,51.40726796864427],[-0.31999999999999995,51.54583203324978]]]}},{"type":"Feature","properties":{"count":294,"q":-5,"r":186},"geometry":{"type":"Polygon","coordinates":[[[-1.04,50.85301171022223],[-1.1199999999999999,50.991575774827744],[-1.2799999999999998,50.991575774827744],[-1.3599999999999999,50.85301171022223],[-1.28,50.71444764561672],[-1.1199999999999999,50.71444764561672],[-1.04,50.85301171022223]]]}},{"type":"Feature","properties":{"count":288,"q":-9,"r":196},"geometry":{"type":"Polygon","coordinates":[[[-2.0,53.0700367439104],[-2.08,53.20860080851591],[-2.24,53.20860080851591],[-2.3200000000000003,53.0700367439104],[-2.24,52.93147267930489],[-2.08,52.93147267930489],[-2.0,53.0700367439104]]]}},{"type":"Feature","properties":{"count":287,"q":-6,"r":194},"geometry":{"type":"Polygon","coordinates":[[[-1.28,52.93147267930489],[-1.3599999999999999,53.0700367439104],[-1.52,53.0700367439104],[-1.5999999999999999,52.93147267930489],[-1.52,52.79290861469938],[-1.3599999999999999,52.79290861469938],[-1.28,52.93147267930489]]]}},{"type":"Feature","properties":{"count":286,"q":-1,"r":187},"geometry":{"type":"Polygon","coordinates":[[[-0.07999999999999999,51.6843960978553],[-0.15999999999999998,51.82296016246081],[-0.31999999999999995,51.82296016246081],[-0.4,51.6843960978553],[-0.32000000000000006,51.54583203324979],[-0.15999999999999998,51.54583203324979],[-0.07999999999999999,51.6843960978553]]]}},{"type":"Feature","properties":{"count":273,"q":-6,"r":192},"geometry":{"type":"Polygon","coordinates":[[[-1.28,52.37721642088285],[-1.3599999999999999,52.515780485488364],[-1.52,52.515780485488364],[-1.5999999999999999,52.37721642088285],[-1.52,52.23865235627734],[-1.3599999999999999,52.23865235627734],[-1.28,52.37721642088285]]]}},{"type":"Feature","properties":{"count":272,"q":-6,"r":195},"geometry":{"type":"Polygon","coordinates":[[[-1.28,53.208600808515904],[-1.3599999999999999,53.347164873121415],[-1.52,53.347164873121415],[-1.5999999999999999,53.208600808515904],[-1.52,53.07003674391039],[-1.3599999999999999,53.07003674391039],[-1.28,53.208600808515904]]]}},{"type":"Feature","properties":{"count":254,"q":-18,"r":211},"geometry":{"type":"Polygon","coordinates":[[[-4.16,55.979882100626114],[-4.24,56.118446165231624],[-4.4,56.118446165231624],[-4.48,55.979882100626114],[-4.4,55.8413180360206],[-4.24,55.8413180360206],[-4.16,55.979882100626114]]]}},{"type":"Feature","properties":{"count":252,"q":1,"r":185},"geometry":{"type":"Polygon","coordinates":[[[0.4,51.40726796864428],[0.32,51.54583203324979],[0.16000000000000003,51.54583203324979],[0.07999999999999999,51.40726796864428],[0.15999999999999992,51.268703904038766],[0.32,51.268703904038766],[0.4,51.40726796864428]]]}},{"type":"Feature","properties":{"count":245,"q":-11,"r":198},"geometry":{"type":"Polygon","coordinates":[[[-2.48,53.347164873121415],[-2.56,53.485728937726925],[-2.72,53.485728937726925],[-2.8000000000000003,53.347164873121415],[-2.72,53.208600808515904],[-2.56,53.208600808515904],[-2.48,53.347164873121415]]]}},{"type":"Feature","properties":{"count":242,"q":-3,"r":187},"geometry":{"type":"Polygon","coordinates":[[[-0.5599999999999999,51.40726796864428],[-0.6399999999999999,51.54583203324979],[-0.7999999999999999,51.54583203324979],[-0.88,51.40726796864428],[-0.8,51.268703904038766],[-0.6399999999999999,51.268703904038766],[-0.5599999999999999,51.40726796864428]]]}},{"type":"Feature","properties":{"count":226,"q":-26,"r":206},"geometry":{"type":"Polygon","coordinates":[[[-6.08,53.485728937726925],[-6.16,53.624293002332436],[-6.32,53.624293002332436],[-6.4,53.485728937726925],[-6.32,53.347164873121415],[-6.16,53.347164873121415],[-6.08,53.485728937726925]]]}},{"type":"Feature","properties":{"count":226,"q":-2,"r":195},"geometry":{"type":"Polygon","coordinates":[[[-0.31999999999999995,53.76285706693794],[-0.39999999999999997,53.90142113154345],[-0.5599999999999999,53.90142113154345],[-0.64,53.76285706693794],[-0.56,53.62429300233243],[-0.39999999999999997,53.62429300233243],[-0.31999999999999995,53.76285706693794]]]}},{"type":"Feature","properties":{"count":222,"q":2,"r":184},"geometry":{"type":"Polygon","coordinates":[[[0.64,51.268703904038766],[0.56,51.40726796864428],[0.4,51.40726796864428],[0.31999999999999995,51.268703904038766],[0.3999999999999999,51.130139839433255],[0.56,51.130139839433255],[0.64,51.268703904038766]]]}},{"type":"Feature","properties":{"count":218,"q":-5,"r":192},"geometry":{"type":"Polygon","coordinates":[[[-1.04,52.51578048548836],[-1.1199999999999999,52.65434455009387],[-1.2799999999999998,52.65434455009387],[-1.3599999999999999,52.51578048548836],[-1.28,52.377216420882846],[-1.1199999999999999,52.377216420882846],[-1.04,52.51578048548836]]]}},{"type":"Feature","properties":{"count":216,"q":-2,"r":188},"geometry":{"type":"Polygon","coordinates":[[[-0.31999999999999995,51.8229601624608],[-0.39999999999999997,51.96152422706631],[-0.5599999999999999,51.96152422706631],[-0.64,51.8229601624608],[-0.56,51.68439609785529],[-0.39999999999999997,51.68439609785529],[-0.31999999999999995,51.8229601624608]]]}},{"type":"Feature","properties":{"count":211,"q":-5,"r":189},"geometry":{"type":"Polygon","coordinates":[[[-1.04,51.6843960978553],[-1.1199999999999999,51.82296016246081],[-1.2799999999999998,51.82296016246081],[-1.3599999999999999,51.6843960978553],[-1.28,51.54583203324979],[-1.1199999999999999,51.54583203324979],[-1.04,51.6843960978553]]]}},{"type":"Feature","properties":{"count":210,"q":-6,"r":187},"geometry":{"type":"Polygon","coordinates":[[[-1.28,50.991575774827744],[-1.3599999999999999,51.130139839433255],[-1.52,51.130139839433255],[-1.5999999999999999,50.991575774827744],[-1.52,50.85301171022223],[-1.3599999999999999,50.85301171022223],[-1.28,50.991575774827744]]]}},{"type":"Feature","properties":{"count":205,"q":-17,"r":210},"geometry":{"type":"Polygon","coordinates":[[[-3.92,55.841318036020596],[-4.0,55.97988210062611],[-4.16,55.97988210062611],[-4.24,55.841318036020596],[-4.16,55.702753971415085],[-4.0,55.702753971415085],[-3.92,55.841318036020596]]]}},{"type":"Feature","properties":{"count":205,"q":-9,"r":192},"geometry":{"type":"Polygon","coordinates":[[[-2.0,51.96152422706632],[-2.08,52.10008829167183],[-2.24,52.10008829167183],[-2.3200000000000003,51.96152422706632],[-2.24,51.82296016246081],[-2.08,51.82296016246081],[-2.0,51.96152422706632]]]}},{"type":"Feature","properties":{"count":199,"q":-10,"r":199},"geometry":{"type":"Polygon","coordinates":[[[-2.2399999999999998,53.762857066937954],[-2.32,53.901421131543465],[-2.48,53.901421131543465],[-2.56,53.762857066937954],[-2.48,53.62429300233244],[-2.32,53.62429300233244],[-2.2399999999999998,53.762857066937954]]]}},{"type":"Feature","properties":{"count":196,"q":-5,"r":193},"geometry":{"type":"Polygon","coordinates":[[[-1.04,52.79290861469937],[-1.1199999999999999,52.93147267930488],[-1.2799999999999998,52.93147267930488],[-1.3599999999999999,52.79290861469937],[-1.28,52.65434455009386],[-1.1199999999999999,52.65434455009386],[-1.04,52.79290861469937]]]}},{"type":"Feature","properties":{"count":196,"q":-5,"r":197},"geometry":{"type":"Polygon","coordinates":[[[-1.04,53.90142113154346],[-1.1199999999999999,54.03998519614897],[-1.2799999999999998,54.03998519614897],[-1.3599999999999999,53.90142113154346],[-1.28,53.76285706693795],[-1.1199999999999999,53.76285706693795],[-1.04,53.90142113154346]]]}},{"type":"Feature","properties":{"count":195,"q":-13,"r":199},"geometry":{"type":"Polygon","coordinates":[[[-2.96,53.34716487312142],[-3.04,53.48572893772693],[-3.2,53.48572893772693],[-3.2800000000000002,53.34716487312142],[-3.2,53.20860080851591],[-3.04,53.20860080851591],[-2.96,53.34716487312142]]]}},{"type":"Feature","properties":{"count":194,"q":-3,"r":188},"geometry":{"type":"Polygon","coordinates":[[[-0.5599999999999999,51.6843960978553],[-0.6399999999999999,51.82296016246081],[-0.7999999999999999,51.82296016246081],[-0.88,51.6843960978553],[-0.8,51.54583203324979],[-0.6399999999999999,51.54583203324979],[-0.5599999999999999,51.6843960978553]]]}},{"type":"Feature","properties":{"count":187,"q":-7,"r":201},"geometry":{"type":"Polygon","coordinates":[[[-1.52,54.732805519176516],[-1.5999999999999999,54.87136958378203],[-1.7599999999999998,54.87136958378203],[-1.8399999999999999,54.732805519176516],[-1.76,54.594241454571005],[-1.5999999999999999,54.594241454571005],[-1.52,54.732805519176516]]]}},{"type":"Feature","properties":{"count":187,"q":0,"r":185},"geometry":{"type":"Polygon","coordinates":[[[0.16,51.268703904038766],[0.08000000000000002,51.40726796864428],[-0.07999999999999996,51.40726796864428],[-0.16,51.268703904038766],[-0.08000000000000007,51.130139839433255],[0.08000000000000002,51.130139839433255],[0.16,51.268703904038766]]]}},{"type":"Feature","properties":{"count":172,"q":-10,"r":195},"geometry":{"type":"Polygon","coordinates":[[[-2.2399999999999998,52.65434455009387],[-2.32,52.79290861469938],[-2.48,52.79290861469938],[-2.56,52.65434455009387],[-2.48,52.51578048548836],[-2.32,52.51578048548836],[-2.2399999999999998,52.65434455009387]]]}},{"type":"Feature","properties":{"count":172,"q":-4,"r":188},"geometry":{"type":"Polygon","coordinates":[[[-0.7999999999999999,51.54583203324979],[-0.8799999999999999,51.6843960978553],[-1.04,51.6843960978553],[-1.1199999999999999,51.54583203324979],[-1.04,51.40726796864428],[-0.8799999999999999,51.40726796864428],[-0.7999999999999999,51.54583203324979]]]}},{"type":"Feature","properties":{"count":170,"q":-9,"r":193},"geometry":{"type":"Polygon","coordinates":[[[-2.0,52.238652356277335],[-2.08,52.377216420882846],[-2.24,52.377216420882846],[-2.3200000000000003,52.238652356277335],[-2.24,52.100088291671824],[-2.08,52.100088291671824],[-2.0,52.238652356277335]]]}},{"type":"Feature","properties":{"count":169,"q":-35,"r":205},"geometry":{"type":"Polygon","coordinates":[[[-8.24,51.96152422706631],[-8.32,52.100088291671824],[-8.48,52.100088291671824],[-8.56,51.96152422706631],[-8.48,51.8229601624608],[-8.32,51.8229601624608],[-8.24,51.96152422706631]]]}},{"type":"Feature","properties":{"count":169,"q":-2,"r":186},"geometry":{"type":"Polygon","coordinates":[[[-0.31999999999999995,51.268703904038766],[-0.39999999999999997,51.40726796864428],[-0.5599999999999999,51.40726796864428],[-0.64,51.268703904038766],[-0.56,51.130139839433255],[-0.39999999999999997,51.130139839433255],[-0.31999999999999995,51.268703904038766]]]}},{"type":"Feature","properties":{"count":168,"q":-7,"r":193},"geometry":{"type":"Polygon","coordinates":[[[-1.52,52.51578048548836],[-1.5999999999999999,52.65434455009387],[-1.7599999999999998,52.65434455009387],[-1.8399999999999999,52.51578048548836],[-1.76,52.377216420882846],[-1.5999999999999999,52.377216420882846],[-1.52,52.51578048548836]]]}},{"type":"Feature","properties":{"count":168,"q":0,"r":187},"geometry":{"type":"Polygon","coordinates":[[[0.16,51.8229601624608],[0.08000000000000002,51.96152422706631],[-0.07999999999999996,51.96152422706631],[-0.16,51.8229601624608],[-0.08000000000000007,51.68439609785529],[0.08000000000000002,51.68439609785529],[0.16,51.8229601624608]]]}},{"type":"Feature","properties":{"count":165,"q":-12,"r":198},"geometry":{"type":"Polygon","coordinates":[[[-2.7199999999999998,53.208600808515904],[-2.8,53.347164873121415],[-2.96,53.347164873121415],[-3.04,53.208600808515904],[-2.96,53.07003674391039],[-2.8,53.07003674391039],[-2.7199999999999998,53.208600808515904]]]}},{"type":"Feature","properties":{"count":165,"q":-10,"r":190},"geometry":{"type":"Polygon","coordinates":[[[-2.2399999999999998,51.268703904038766],[-2.32,51.40726796864428],[-2.48,51.40726796864428],[-2.56,51.268703904038766],[-2.48,51.130139839433255],[-2.32,51.130139839433255],[-2.2399999999999998,51.268703904038766]]]}},{"type":"Feature","properties":{"count":165,"q":-6,"r":193},"geometry":{"type":"Polygon","coordinates":[[[-1.28,52.65434455009387],[-1.3599999999999999,52.79290861469938],[-1.52,52.79290861469938],[-1.5999999999999999,52.65434455009387],[-1.52,52.51578048548836],[-1.3599999999999999,52.51578048548836],[-1.28,52.65434455009387]]]}},{"type":"Feature","properties":{"count":165,"q":-1,"r":188},"geometry":{"type":"Polygon","coordinates":[[[-0.07999999999999999,51.96152422706632],[-0.15999999999999998,52.10008829167183],[-0.31999999999999995,52.10008829167183],[-0.4,51.96152422706632],[-0.32000000000000006,51.82296016246081],[-0.15999999999999998,51.82296016246081],[-0.07999999999999999,51.96152422706632]]]}},{"type":"Feature","properties":{"count":165,"q":7,"r":186},"geometry":{"type":"Polygon","coordinates":[[[1.8399999999999999,52.51578048548836],[1.76,52.65434455009387],[1.6,52.65434455009387],[1.52,52.51578048548836],[1.5999999999999999,52.377216420882846],[1.76,52.377216420882846],[1.8399999999999999,52.51578048548836]]]}},{"type":"Feature","properties":{"count":162,"q":-6,"r":200},"geometry":{"type":"Polygon","coordinates":[[[-1.28,54.59424145457101],[-1.3599999999999999,54.73280551917652],[-1.52,54.73280551917652],[-1.5999999999999999,54.59424145457101],[-1.52,54.4556773899655],[-1.3599999999999999,54.4556773899655],[-1.28,54.59424145457101]]]}},{"type":"Feature","properties":{"count":161,"q":-14,"r":193},"geometry":{"type":"Polygon","coordinates":[[[-3.1999999999999997,51.54583203324978],[-3.28,51.68439609785529],[-3.44,51.68439609785529],[-3.52,51.54583203324978],[-3.44,51.40726796864427],[-3.28,51.40726796864427],[-3.1999999999999997,51.54583203324978]]]}},{"type":"Feature","properties":{"count":161,"q":-13,"r":193},"geometry":{"type":"Polygon","coordinates":[[[-2.96,51.6843960978553],[-3.04,51.82296016246081],[-3.2,51.82296016246081],[-3.2800000000000002,51.6843960978553],[-3.2,51.54583203324979],[-3.04,51.54583203324979],[-2.96,51.6843960978553]]]}},{"type":"Feature","properties":{"count":161,"q":-5,"r":196},"geometry":{"type":"Polygon","coordinates":[[[-1.04,53.624293002332436],[-1.1199999999999999,53.76285706693795],[-1.2799999999999998,53.76285706693795],[-1.3599999999999999,53.624293002332436],[-1.28,53.485728937726925],[-1.1199999999999999,53.485728937726925],[-1.04,53.624293002332436]]]}},{"type":"Feature","properties":{"count":159,"q":-1,"r":185},"geometry":{"type":"Polygon","coordinates":[[[-0.07999999999999999,51.13013983943326],[-0.15999999999999998,51.26870390403877],[-0.31999999999999995,51.26870390403877],[-0.4,51.13013983943326],[-0.32000000000000006,50.99157577482775],[-0.15999999999999998,50.99157577482775],[-0.07999999999999999,51.13013983943326]]]}},{"type":"Feature","properties":{"count":155,"q":-13,"r":192},"geometry":{"type":"Polygon","coordinates":[[[-2.96,51.407267968644284],[-3.04,51.545832033249795],[-3.2,51.545832033249795],[-3.2800000000000002,51.407267968644284],[-3.2,51.26870390403877],[-3.04,51.26870390403877],[-2.96,51.407267968644284]]]}},{"type":"Feature","properties":{"count":155,"q":-10,"r":197},"geometry":{"type":"Polygon","coordinates":[[[-2.2399999999999998,53.20860080851591],[-2.32,53.34716487312142],[-2.48,53.34716487312142],[-2.56,53.20860080851591],[-2.48,53.0700367439104],[-2.32,53.0700367439104],[-2.2399999999999998,53.20860080851591]]]}},{"type":"Feature","properties":{"count":152,"q":4,"r":183},"geometry":{"type":"Polygon","coordinates":[[[1.1199999999999999,51.268703904038766],[1.04,51.40726796864428],[0.88,51.40726796864428],[0.7999999999999999,51.268703904038766],[0.8799999999999999,51.130139839433255],[1.04,51.130139839433255],[1.1199999999999999,51.268703904038766]]]}},{"type":"Feature","properties":{"count":150,"q":-13,"r":198},"geometry":{"type":"Polygon","coordinates":[[[-2.96,53.0700367439104],[-3.04,53.20860080851591],[-3.2,53.20860080851591],[-3.2800000000000002,53.0700367439104],[-3.2,52.93147267930489],[-3.04,52.93147267930489],[-2.96,53.0700367439104]]]}},{"type":"Feature","properties":{"count":149,"q":-15,"r":190},"geometry":{"type":"Polygon","coordinates":[[[-3.44,50.57588358101121],[-3.52,50.71444764561672],[-3.68,50.71444764561672],[-3.7600000000000002,50.57588358101121],[-3.68,50.4373195164057],[-3.52,50.4373195164057],[-3.44,50.57588358101121]]]}},{"type":"Feature","properties":{"count":148,"q":6,"r":182},"geometry":{"type":"Polygon","coordinates":[[[1.5999999999999999,51.268703904038766],[1.52,51.40726796864428],[1.3599999999999999,51.40726796864428],[1.28,51.268703904038766],[1.3599999999999999,51.130139839433255],[1.52,51.130139839433255],[1.5999999999999999,51.268703904038766]]]}},{"type":"Feature","properties":{"count":147,"q":-17,"r":190},"geometry":{"type":"Polygon","coordinates":[[[-3.92,50.29875545180019],[-4.0,50.4373195164057],[-4.16,50.4373195164057],[-4.24,50.29875545180019],[-4.16,50.16019138719468],[-4.0,50.16019138719468],[-3.92,50.29875545180019]]]}},{"type":"Feature","properties":{"count":143,"q":-8,"r":187},"geometry":{"type":"Polygon","coordinates":[[[-1.76,50.71444764561672],[-1.8399999999999999,50.85301171022223],[-2.0,50.85301171022223],[-2.08,50.71444764561672],[-2.0,50.57588358101121],[-1.8399999999999999,50.57588358101121],[-1.76,50.71444764561672]]]}},{"type":"Feature","properties":{"count":142,"q":5,"r":185},"geometry":{"type":"Polygon","coordinates":[[[1.3599999999999999,51.96152422706632],[1.28,52.10008829167183],[1.12,52.10008829167183],[1.04,51.96152422706632],[1.1199999999999999,51.82296016246081],[1.28,51.82296016246081],[1.3599999999999999,51.96152422706632]]]}},{"type":"Feature","properties":{"count":141,"q":-17,"r":195},"geometry":{"type":"Polygon","coordinates":[[[-3.92,51.68439609785529],[-4.0,51.8229601624608],[-4.16,51.8229601624608],[-4.24,51.68439609785529],[-4.16,51.54583203324978],[-4.0,51.54583203324978],[-3.92,51.68439609785529]]]}},{"type":"Feature","properties":{"count":139,"q":-6,"r":202},"geometry":{"type":"Polygon","coordinates":[[[-1.28,55.14849771299305],[-1.3599999999999999,55.28706177759856],[-1.52,55.28706177759856],[-1.5999999999999999,55.14849771299305],[-1.52,55.00993364838754],[-1.3599999999999999,55.00993364838754],[-1.28,55.14849771299305]]]}},{"type":"Feature","properties":{"count":139,"q":-3,"r":189},"geometry":{"type":"Polygon","coordinates":[[[-0.5599999999999999,51.96152422706632],[-0.6399999999999999,52.10008829167183],[-0.7999999999999999,52.10008829167183],[-0.88,51.96152422706632],[-0.8,51.82296016246081],[-0.6399999999999999,51.82296016246081],[-0.5599999999999999,51.96152422706632]]]}},{"type":"Feature","properties":{"count":138,"q":-8,"r":197},"geometry":{"type":"Polygon","coordinates":[[[-1.76,53.485728937726925],[-1.8399999999999999,53.624293002332436],[-2.0,53.624293002332436],[-2.08,53.485728937726925],[-2.0,53.347164873121415],[-1.8399999999999999,53.347164873121415],[-1.76,53.485728937726925]]]}},{"type":"Feature","properties":{"count":137,"q":-13,"r":201},"geometry":{"type":"Polygon","coordinates":[[[-2.96,53.90142113154346],[-3.04,54.03998519614897],[-3.2,54.03998519614897],[-3.2800000000000002,53.90142113154346],[-3.2,53.76285706693795],[-3.04,53.76285706693795],[-2.96,53.90142113154346]]]}},{"type":"Feature","properties":{"count":137,"q":-2,"r":189},"geometry":{"type":"Polygon","coordinates":[[[-0.31999999999999995,52.10008829167183],[-0.39999999999999997,52.23865235627734],[-0.5599999999999999,52.23865235627734],[-0.64,52.10008829167183],[-0.56,51.96152422706632],[-0.39999999999999997,51.96152422706632],[-0.31999999999999995,52.10008829167183]]]}},{"type":"Feature","properties":{"count":137,"q":1,"r":188},"geometry":{"type":"Polygon","coordinates":[[[0.4,52.238652356277335],[0.32,52.377216420882846],[0.16000000000000003,52.377216420882846],[0.07999999999999999,52.238652356277335],[0.15999999999999992,52.100088291671824],[0.32,52.100088291671824],[0.4,52.238652356277335]]]}},{"type":"Feature","properties":{"count":135,"q":-9,"r":190},"geometry":{"type":"Polygon","coordinates":[[[-2.0,51.40726796864428],[-2.08,51.54583203324979],[-2.24,51.54583203324979],[-2.3200000000000003,51.40726796864428],[-2.24,51.268703904038766],[-2.08,51.268703904038766],[-2.0,51.40726796864428]]]}},{"type":"Feature","properties":{"count":134,"q":-10,"r":191},"geometry":{"type":"Polygon","coordinates":[[[-2.2399999999999998,51.54583203324979],[-2.32,51.6843960978553],[-2.48,51.6843960978553],[-2.56,51.54583203324979],[-2.48,51.40726796864428],[-2.32,51.40726796864428],[-2.2399999999999998,51.54583203324979]]]}},{"type":"Feature","properties":{"count":133,"q":-3,"r":190},"geometry":{"type":"Polygon","coordinates":[[[-0.5599999999999999,52.238652356277335],[-0.6399999999999999,52.377216420882846],[-0.7999999999999999,52.377216420882846],[-0.88,52.238652356277335],[-0.8,52.100088291671824],[-0.6399999999999999,52.100088291671824],[-0.5599999999999999,52.238652356277335]]]}},{"type":"Feature","properties":{"count":132,"q":3,"r":184},"geometry":{"type":"Polygon","coordinates":[[[0.88,51.40726796864428],[0.8,51.54583203324979],[0.64,51.54583203324979],[0.5599999999999999,51.40726796864428],[0.6399999999999999,51.268703904038766],[0.8,51.268703904038766],[0.88,51.40726796864428]]]}},{"type":"Feature","properties":{"count":130,"q":2,"r":186},"geometry":{"type":"Polygon","coordinates":[[[0.64,51.82296016246082],[0.56,51.96152422706633],[0.4,51.96152422706633],[0.31999999999999995,51.82296016246082],[0.3999999999999999,51.684396097855306],[0.56,51.684396097855306],[0.64,51.82296016246082]]]}},{"type":"Feature","properties":{"count":129,"q":-4,"r":190},"geometry":{"type":"Polygon","coordinates":[[[-0.7999999999999999,52.10008829167183],[-0.8799999999999999,52.23865235627734],[-1.04,52.23865235627734],[-1.1199999999999999,52.10008829167183],[-1.04,51.96152422706632],[-0.8799999999999999,51.96152422706632],[-0.7999999999999999,52.10008829167183]]]}},{"type":"Feature","properties":{"count":129,"q":1,"r":186},"geometry":{"type":"Polygon","coordinates":[[[0.4,51.6843960978553],[0.32,51.82296016246081],[0.16000000000000003,51.82296016246081],[0.07999999999999999,51.6843960978553],[0.15999999999999992,51.54583203324979],[0.32,51.54583203324979],[0.4,51.6843960978553]]]}},{"type":"Feature","properties":{"count":128,"q":-5,"r":195},"geometry":{"type":"Polygon","coordinates":[[[-1.04,53.347164873121415],[-1.1199999999999999,53.485728937726925],[-1.2799999999999998,53.485728937726925],[-1.3599999999999999,53.347164873121415],[-1.28,53.208600808515904],[-1.1199999999999999,53.208600808515904],[-1.04,53.347164873121415]]]}},{"type":"Feature","properties":{"count":124,"q":-6,"r":198},"geometry":{"type":"Polygon","coordinates":[[[-1.28,54.03998519614896],[-1.3599999999999999,54.17854926075447],[-1.52,54.17854926075447],[-1.5999999999999999,54.03998519614896],[-1.52,53.90142113154345],[-1.3599999999999999,53.90142113154345],[-1.28,54.03998519614896]]]}},{"type":"Feature","properties":{"count":122,"q":-7,"r":194},"geometry":{"type":"Polygon","coordinates":[[[-1.52,52.792908614699385],[-1.5999999999999999,52.931472679304896],[-1.7599999999999998,52.931472679304896],[-1.8399999999999999,52.792908614699385],[-1.76,52.654344550093874],[-1.5999999999999999,52.654344550093874],[-1.52,52.792908614699385]]]}},{"type":"Feature","properties":{"count":121,"q":-4,"r":187},"geometry":{"type":"Polygon","coordinates":[[[-0.7999999999999999,51.268703904038766],[-0.8799999999999999,51.40726796864428],[-1.04,51.40726796864428],[-1.1199999999999999,51.268703904038766],[-1.04,51.130139839433255],[-0.8799999999999999,51.130139839433255],[-0.7999999999999999,51.268703904038766]]]}},{"type":"Feature","properties":{"count":120,"q":-36,"r":208},"geometry":{"type":"Polygon","coordinates":[[[-8.48,52.65434455009387],[-8.56,52.79290861469938],[-8.72,52.79290861469938],[-8.8,52.65434455009387],[-8.72,52.51578048548836],[-8.56,52.51578048548836],[-8.48,52.65434455009387]]]}},{"type":"Feature","properties":{"count":119,"q":6,"r":187},"geometry":{"type":"Polygon","coordinates":[[[1.5999999999999999,52.65434455009387],[1.52,52.79290861469938],[1.3599999999999999,52.79290861469938],[1.28,52.65434455009387],[1.3599999999999999,52.51578048548836],[1.52,52.51578048548836],[1.5999999999999999,52.65434455009387]]]}},{"type":"Feature","properties":{"count":118,"q":-9,"r":195},"geometry":{"type":"Polygon","coordinates":[[[-2.0,52.79290861469937],[-2.08,52.93147267930488],[-2.24,52.93147267930488],[-2.3200000000000003,52.79290861469937],[-2.24,52.65434455009386],[-2.08,52.65434455009386],[-2.0,52.79290861469937]]]}},{"type":"Feature","properties":{"count":118,"q":-3,"r":186},"geometry":{"type":"Polygon","coordinates":[[[-0.5599999999999999,51.13013983943326],[-0.6399999999999999,51.26870390403877],[-0.7999999999999999,51.26870390403877],[-0.88,51.13013983943326],[-0.8,50.99157577482775],[-0.6399999999999999,50.99157577482775],[-0.5599999999999999,51.13013983943326]]]}},{"type":"Feature","properties":{"count":116,"q":1,"r":184},"geometry":{"type":"Polygon","coordinates":[[[0.4,51.13013983943325],[0.32,51.26870390403876],[0.16000000000000003,51.26870390403876],[0.07999999999999999,51.13013983943325],[0.15999999999999992,50.99157577482774],[0.32,50.99157577482774],[0.4,51.13013983943325]]]}},{"type":"Feature","properties":{"count":114,"q":-2,"r":193},"geometry":{"type":"Polygon","coordinates":[[[-0.31999999999999995,53.208600808515904],[-0.39999999999999997,53.347164873121415],[-0.5599999999999999,53.347164873121415],[-0.64,53.208600808515904],[-0.56,53.07003674391039],[-0.39999999999999997,53.07003674391039],[-0.31999999999999995,53.208600808515904]]]}},{"type":"Feature","properties":{"count":113,"q":0,"r":184},"geometry":{"type":"Polygon","coordinates":[[[0.16,50.991575774827744],[0.08000000000000002,51.130139839433255],[-0.07999999999999996,51.130139839433255],[-0.16,50.991575774827744],[-0.08000000000000007,50.85301171022223],[0.08000000000000002,50.85301171022223],[0.16,50.991575774827744]]]}},{"type":"Feature","properties":{"count":110,"q":-12,"r":201},"geometry":{"type":"Polygon","coordinates":[[[-2.7199999999999998,54.03998519614896],[-2.8,54.17854926075447],[-2.96,54.17854926075447],[-3.04,54.03998519614896],[-2.96,53.90142113154345],[-2.8,53.90142113154345],[-2.7199999999999998,54.03998519614896]]]}},{"type":"Feature","properties":{"count":109,"q":-12,"r":191},"geometry":{"type":"Polygon","coordinates":[[[-2.7199999999999998,51.268703904038766],[-2.8,51.40726796864428],[-2.96,51.40726796864428],[-3.04,51.268703904038766],[-2.96,51.130139839433255],[-2.8,51.130139839433255],[-2.7199999999999998,51.268703904038766]]]}},{"type":"Feature","properties":{"count":109,"q":-7,"r":192},"geometry":{"type":"Polygon","coordinates":[[[-1.52,52.23865235627734],[-1.5999999999999999,52.37721642088285],[-1.7599999999999998,52.37721642088285],[-1.8399999999999999,52.23865235627734],[-1.76,52.10008829167183],[-1.5999999999999999,52.10008829167183],[-1.52,52.23865235627734]]]}},{"type":"Feature","properties":{"count":109,"q":-3,"r":191},"geometry":{"type":"Polygon","coordinates":[[[-0.5599999999999999,52.51578048548836],[-0.6399999999999999,52.65434455009387],[-0.7999999999999999,52.65434455009387],[-0.88,52.51578048548836],[-0.8,52.377216420882846],[-0.6399999999999999,52.377216420882846],[-0.5599999999999999,52.51578048548836]]]}},{"type":"Feature","properties":{"count":109,"q":2,"r":185},"geometry":{"type":"Polygon","coordinates":[[[0.64,51.54583203324979],[0.56,51.6843960978553],[0.4,51.6843960978553],[0.31999999999999995,51.54583203324979],[0.3999999999999999,51.40726796864428],[0.56,51.40726796864428],[0.64,51.54583203324979]]]}},{"type":"Feature","properties":{"count":109,"q":3,"r":185},"geometry":{"type":"Polygon","coordinates":[[[0.88,51.6843960978553],[0.8,51.82296016246081],[0.64,51.82296016246081],[0.5599999999999999,51.6843960978553],[0.6399999999999999,51.54583203324979],[0.8,51.54583203324979],[0.88,51.6843960978553]]]}},{"type":"Feature","properties":{"count":108,"q":-16,"r":194},"geometry":{"type":"Polygon","coordinates":[[[-3.6799999999999997,51.54583203324979],[-3.76,51.6843960978553],[-3.92,51.6843960978553],[-4.0,51.54583203324979],[-3.92,51.40726796864428],[-3.76,51.40726796864428],[-3.6799999999999997,51.54583203324979]]]}},{"type":"Feature","properties":{"count":108,"q":-14,"r":190},"geometry":{"type":"Polygon","coordinates":[[[-3.1999999999999997,50.71444764561672],[-3.28,50.85301171022223],[-3.44,50.85301171022223],[-3.52,50.71444764561672],[-3.44,50.57588358101121],[-3.28,50.57588358101121],[-3.1999999999999997,50.71444764561672]]]}},{"type":"Feature","properties":{"count":108,"q":-13,"r":191},"geometry":{"type":"Polygon","coordinates":[[[-2.96,51.13013983943326],[-3.04,51.26870390403877],[-3.2,51.26870390403877],[-3.2800000000000002,51.13013983943326],[-3.2,50.99157577482775],[-3.04,50.99157577482775],[-2.96,51.13013983943326]]]}},{"type":"Feature","properties":{"count":108,"q":-8,"r":190},"geometry":{"type":"Polygon","coordinates":[[[-1.76,51.54583203324978],[-1.8399999999999999,51.68439609785529],[-2.0,51.68439609785529],[-2.08,51.54583203324978],[-2.0,51.40726796864427],[-1.8399999999999999,51.40726796864427],[-1.76,51.54583203324978]]]}},{"type":"Feature","properties":{"count":108,"q":-4,"r":191},"geometry":{"type":"Polygon","coordinates":[[[-0.7999999999999999,52.37721642088285],[-0.8799999999999999,52.515780485488364],[-1.04,52.515780485488364],[-1.1199999999999999,52.37721642088285],[-1.04,52.23865235627734],[-0.8799999999999999,52.23865235627734],[-0.7999999999999999,52.37721642088285]]]}},{"type":"Feature","properties":{"count":108,"q":-3,"r":185},"geometry":{"type":"Polygon","coordinates":[[[-0.5599999999999999,50.85301171022223],[-0.6399999999999999,50.991575774827744],[-0.7999999999999999,50.991575774827744],[-0.88,50.85301171022223],[-0.8,50.71444764561672],[-0.6399999999999999,50.71444764561672],[-0.5599999999999999,50.85301171022223]]]}},{"type":"Feature","properties":{"count":106,"q":-5,"r":199},"geometry":{"type":"Polygon","coordinates":[[[-1.04,54.455677389965494],[-1.1199999999999999,54.594241454571005],[-1.2799999999999998,54.594241454571005],[-1.3599999999999999,54.455677389965494],[-1.28,54.31711332535998],[-1.1199999999999999,54.31711332535998],[-1.04,54.455677389965494]]]}},{"type":"Feature","properties":{"count":104,"q":-5,"r":188},"geometry":{"type":"Polygon","coordinates":[[[-1.04,51.40726796864428],[-1.1199999999999999,51.54583203324979],[-1.2799999999999998,51.54583203324979],[-1.3599999999999999,51.40726796864428],[-1.28,51.268703904038766],[-1.1199999999999999,51.268703904038766],[-1.04,51.40726796864428]]]}},{"type":"Feature","properties":{"count":103,"q":-12,"r":192},"geometry":{"type":"Polygon","coordinates":[[[-2.7199999999999998,51.54583203324979],[-2.8,51.6843960978553],[-2.96,51.6843960978553],[-3.04,51.54583203324979],[-2.96,51.40726796864428],[-2.8,51.40726796864428],[-2.7199999999999998,51.54583203324979]]]}},{"type":"Feature","properties":{"count":102,"q":-6,"r":190},"geometry":{"type":"Polygon","coordinates":[[[-1.28,51.8229601624608],[-1.3599999999999999,51.96152422706631],[-1.52,51.96152422706631],[-1.5999999999999999,51.8229601624608],[-1.52,51.68439609785529],[-1.3599999999999999,51.68439609785529],[-1.28,51.8229601624608]]]}},{"type":"Feature","properties":{"count":102,"q":-5,"r":191},"geometry":{"type":"Polygon","coordinates":[[[-1.04,52.238652356277335],[-1.1199999999999999,52.377216420882846],[-1.2799999999999998,52.377216420882846],[-1.3599999999999999,52.238652356277335],[-1.28,52.100088291671824],[-1.1199999999999999,52.100088291671824],[-1.04,52.238652356277335]]]}},{"type":"Feature","properties":{"count":101,"q":-10,"r":194},"geometry":{"type":"Polygon","coordinates":[[[-2.2399999999999998,52.37721642088285],[-2.32,52.515780485488364],[-2.48,52.515780485488364],[-2.56,52.37721642088285],[-2.48,52.23865235627734],[-2.32,52.23865235627734],[-2.2399999999999998,52.37721642088285]]]}},{"type":"Feature","properties":{"count":100,"q":-12,"r":210},"geometry":{"type":"Polygon","coordinates":[[[-2.7199999999999998,56.53413835904815],[-2.8,56.67270242365366],[-2.96,56.67270242365366],[-3.04,56.53413835904815],[-2.96,56.39557429444264],[-2.8,56.39557429444264],[-2.7199999999999998,56.53413835904815]]]}},{"type":"Feature","properties":{"count":100,"q":4,"r":185},"geometry":{"type":"Polygon","coordinates":[[[1.1199999999999999,51.8229601624608],[1.04,51.96152422706631],[0.88,51.96152422706631],[0.7999999999999999,51.8229601624608],[0.8799999999999999,51.68439609785529],[1.04,51.68439609785529],[1.1199999999999999,51.8229601624608]]]}},{"type":"Feature","properties":{"count":99,"q":-14,"r":209},"geometry":{"type":"Polygon","coordinates":[[[-3.1999999999999997,55.979882100626114],[-3.28,56.118446165231624],[-3.44,56.118446165231624],[-3.52,55.979882100626114],[-3.44,55.8413180360206],[-3.28,55.8413180360206],[-3.1999999999999997,55.979882100626114]]]}},{"type":"Feature","properties":{"count":99,"q":-4,"r":192},"geometry":{"type":"Polygon","coordinates":[[[-0.7999999999999999,52.654344550093874],[-0.8799999999999999,52.792908614699385],[-1.04,52.792908614699385],[-1.1199999999999999,52.654344550093874],[-1.04,52.515780485488364],[-0.8799999999999999,52.515780485488364],[-0.7999999999999999,52.654344550093874]]]}},{"type":"Feature","properties":{"count":98,"q":-9,"r":211},"geometry":{"type":"Polygon","coordinates":[[[-2.0,57.226958682075704],[-2.08,57.365522746681215],[-2.24,57.365522746681215],[-2.3200000000000003,57.226958682075704],[-2.24,57.08839461747019],[-2.08,57.08839461747019],[-2.0,57.226958682075704]]]}},{"type":"Feature","properties":{"count":97,"q":-14,"r":194},"geometry":{"type":"Polygon","coordinates":[[[-3.1999999999999997,51.8229601624608],[-3.28,51.96152422706631],[-3.44,51.96152422706631],[-3.52,51.8229601624608],[-3.44,51.68439609785529],[-3.28,51.68439609785529],[-3.1999999999999997,51.8229601624608]]]}},{"type":"Feature","properties":{"count":97,"q":-12,"r":200},"geometry":{"type":"Polygon","coordinates":[[[-2.7199999999999998,53.762857066937954],[-2.8,53.901421131543465],[-2.96,53.901421131543465],[-3.04,53.762857066937954],[-2.96,53.62429300233244],[-2.8,53.62429300233244],[-2.7199999999999998,53.762857066937954]]]}},{"type":"Feature","properties":{"count":97,"q":-10,"r":188},"geometry":{"type":"Polygon","coordinates":[[[-2.2399999999999998,50.71444764561673],[-2.32,50.85301171022224],[-2.48,50.85301171022224],[-2.56,50.71444764561673],[-2.48,50.57588358101122],[-2.32,50.57588358101122],[-2.2399999999999998,50.71444764561673]]]}},{"type":"Feature","properties":{"count":97,"q":0,"r":193},"geometry":{"type":"Polygon","coordinates":[[[0.16,53.485728937726925],[0.08000000000000002,53.624293002332436],[-0.07999999999999996,53.624293002332436],[-0.16,53.485728937726925],[-0.08000000000000007,53.347164873121415],[0.08000000000000002,53.347164873121415],[0.16,53.485728937726925]]]}},{"type":"Feature","properties":{"count":96,"q":-27,"r":206},"geometry":{"type":"Polygon","coordinates":[[[-6.32,53.34716487312142],[-6.4,53.48572893772693],[-6.5600000000000005,53.48572893772693],[-6.640000000000001,53.34716487312142],[-6.5600000000000005,53.20860080851591],[-6.4,53.20860080851591],[-6.32,53.34716487312142]]]}},{"type":"Feature","properties":{"count":96,"q":5,"r":182},"geometry":{"type":"Polygon","coordinates":[[[1.3599999999999999,51.13013983943326],[1.28,51.26870390403877],[1.12,51.26870390403877],[1.04,51.13013983943326],[1.1199999999999999,50.99157577482775],[1.28,50.99157577482775],[1.3599999999999999,51.13013983943326]]]}},{"type":"Feature","properties":{"count":93,"q":-12,"r":202},"geometry":{"type":"Polygon","coordinates":[[[-2.7199999999999998,54.31711332535999],[-2.8,54.4556773899655],[-2.96,54.4556773899655],[-3.04,54.31711332535999],[-2.96,54.17854926075448],[-2.8,54.17854926075448],[-2.7199999999999998,54.31711332535999]]]}},{"type":"Feature","properties":{"count":91,"q":-11,"r":192},"geometry":{"type":"Polygon","coordinates":[[[-2.48,51.6843960978553],[-2.56,51.82296016246081],[-2.72,51.82296016246081],[-2.8000000000000003,51.6843960978553],[-2.72,51.54583203324979],[-2.56,51.54583203324979],[-2.48,51.6843960978553]]]}},{"type":"Feature","properties":{"count":91,"q":-11,"r":193},"geometry":{"type":"Polygon","coordinates":[[[-2.48,51.96152422706631],[-2.56,52.100088291671824],[-2.72,52.100088291671824],[-2.8000000000000003,51.96152422706631],[-2.72,51.8229601624608],[-2.56,51.8229601624608],[-2.48,51.96152422706631]]]}},{"type":"Feature","properties":{"count":91,"q":-7,"r":187},"geometry":{"type":"Polygon","coordinates":[[[-1.52,50.85301171022223],[-1.5999999999999999,50.991575774827744],[-1.7599999999999998,50.991575774827744],[-1.8399999999999999,50.85301171022223],[-1.76,50.71444764561672],[-1.5999999999999999,50.71444764561672],[-1.52,50.85301171022223]]]}},{"type":"Feature","properties":{"count":90,"q":-9,"r":199},"geometry":{"type":"Polygon","coordinates":[[[-2.0,53.90142113154346],[-2.08,54.03998519614897],[-2.24,54.03998519614897],[-2.3200000000000003,53.90142113154346],[-2.24,53.76285706693795],[-2.08,53.76285706693795],[-2.0,53.90142113154346]]]}},{"type":"Feature","properties":{"count":89,"q":1,"r":183},"geometry":{"type":"Polygon","coordinates":[[[0.4,50.85301171022223],[0.32,50.991575774827744],[0.16000000000000003,50.991575774827744],[0.07999999999999999,50.85301171022223],[0.15999999999999992,50.71444764561672],[0.32,50.71444764561672],[0.4,50.85301171022223]]]}},{"type":"Feature","properties":{"count":88,"q":-9,"r":191},"geometry":{"type":"Polygon","coordinates":[[[-2.0,51.6843960978553],[-2.08,51.82296016246081],[-2.24,51.82296016246081],[-2.3200000000000003,51.6843960978553],[-2.24,51.54583203324979],[-2.08,51.54583203324979],[-2.0,51.6843960978553]]]}},{"type":"Feature","properties":{"count":88,"q":-7,"r":190},"geometry":{"type":"Polygon","coordinates":[[[-1.52,51.6843960978553],[-1.5999999999999999,51.82296016246081],[-1.7599999999999998,51.82296016246081],[-1.8399999999999999,51.6843960978553],[-1.76,51.54583203324979],[-1.5999999999999999,51.54583203324979],[-1.52,51.6843960978553]]]}},{"type":"Feature","properties":{"count":87,"q":-11,"r":190},"geometry":{"type":"Polygon","coordinates":[[[-2.48,51.13013983943325],[-2.56,51.26870390403876],[-2.72,51.26870390403876],[-2.8000000000000003,51.13013983943325],[-2.72,50.99157577482774],[-2.56,50.99157577482774],[-2.48,51.13013983943325]]]}},{"type":"Feature","properties":{"count":87,"q":5,"r":187},"geometry":{"type":"Polygon","coordinates":[[[1.3599999999999999,52.51578048548836],[1.28,52.65434455009387],[1.12,52.65434455009387],[1.04,52.51578048548836],[1.1199999999999999,52.377216420882846],[1.28,52.377216420882846],[1.3599999999999999,52.51578048548836]]]}},{"type":"Feature","properties":{"count":86,"q":-15,"r":191},"geometry":{"type":"Polygon","coordinates":[[[-3.44,50.85301171022223],[-3.52,50.991575774827744],[-3.68,50.991575774827744],[-3.7600000000000002,50.85301171022223],[-3.68,50.71444764561672],[-3.52,50.71444764561672],[-3.44,50.85301171022223]]]}},{"type":"Feature","properties":{"count":85,"q":-8,"r":192},"geometry":{"type":"Polygon","coordinates":[[[-1.76,52.10008829167183],[-1.8399999999999999,52.23865235627734],[-2.0,52.23865235627734],[-2.08,52.10008829167183],[-2.0,51.96152422706632],[-1.8399999999999999,51.96152422706632],[-1.76,52.10008829167183]]]}},{"type":"Feature","properties":{"count":84,"q":-17,"r":193},"geometry":{"type":"Polygon","coordinates":[[[-3.92,51.13013983943325],[-4.0,51.26870390403876],[-4.16,51.26870390403876],[-4.24,51.13013983943325],[-4.16,50.99157577482774],[-4.0,50.99157577482774],[-3.92,51.13013983943325]]]}},{"type":"Feature","properties":{"count":84,"q":-15,"r":189},"geometry":{"type":"Polygon","coordinates":[[[-3.44,50.2987554518002],[-3.52,50.43731951640571],[-3.68,50.43731951640571],[-3.7600000000000002,50.2987554518002],[-3.68,50.160191387194686],[-3.52,50.160191387194686],[-3.44,50.2987554518002]]]}},{"type":"Feature","properties":{"count":84,"q":-4,"r":196},"geometry":{"type":"Polygon","coordinates":[[[-0.7999999999999999,53.762857066937954],[-0.8799999999999999,53.901421131543465],[-1.04,53.901421131543465],[-1.1199999999999999,53.762857066937954],[-1.04,53.62429300233244],[-0.8799999999999999,53.62429300233244],[-0.7999999999999999,53.762857066937954]]]}},{"type":"Feature","properties":{"count":84,"q":1,"r":187},"geometry":{"type":"Polygon","coordinates":[[[0.4,51.96152422706631],[0.32,52.100088291671824],[0.16000000000000003,52.100088291671824],[0.07999999999999999,51.96152422706631],[0.15999999999999992,51.8229601624608],[0.32,51.8229601624608],[0.4,51.96152422706631]]]}},{"type":"Feature","properties":{"count":83,"q":-7,"r":196},"geometry":{"type":"Polygon","coordinates":[[[-1.52,53.34716487312142],[-1.5999999999999999,53.48572893772693],[-1.7599999999999998,53.48572893772693],[-1.8399999999999999,53.34716487312142],[-1.76,53.20860080851591],[-1.5999999999999999,53.20860080851591],[-1.52,53.34716487312142]]]}},{"type":"Feature","properties":{"count":83,"q":-5,"r":190},"geometry":{"type":"Polygon","coordinates":[[[-1.04,51.96152422706631],[-1.1199999999999999,52.100088291671824],[-1.2799999999999998,52.100088291671824],[-1.3599999999999999,51.96152422706631],[-1.28,51.8229601624608],[-1.1199999999999999,51.8229601624608],[-1.04,51.96152422706631]]]}},{"type":"Feature","properties":{"count":83,"q":-4,"r":193},"geometry":{"type":"Polygon","coordinates":[[[-0.7999999999999999,52.93147267930489],[-0.8799999999999999,53.0700367439104],[-1.04,53.0700367439104],[-1.1199999999999999,52.93147267930489],[-1.04,52.79290861469938],[-0.8799999999999999,52.79290861469938],[-0.7999999999999999,52.93147267930489]]]}},{"type":"Feature","properties":{"count":82,"q":-22,"r":192},"geometry":{"type":"Polygon","coordinates":[[[-5.12,50.16019138719469],[-5.2,50.298755451800204],[-5.36,50.298755451800204],[-5.44,50.16019138719469],[-5.36,50.02162732258918],[-5.2,50.02162732258918],[-5.12,50.16019138719469]]]}},{"type":"Feature","properties":{"count":82,"q":-4,"r":186},"geometry":{"type":"Polygon","coordinates":[[[-0.7999999999999999,50.99157577482775],[-0.8799999999999999,51.13013983943326],[-1.04,51.13013983943326],[-1.1199999999999999,50.99157577482775],[-1.04,50.85301171022224],[-0.8799999999999999,50.85301171022224],[-0.7999999999999999,50.99157577482775]]]}},{"type":"Feature","properties":{"count":82,"q":-4,"r":189},"geometry":{"type":"Polygon","coordinates":[[[-0.7999999999999999,51.82296016246082],[-0.8799999999999999,51.96152422706633],[-1.04,51.96152422706633],[-1.1199999999999999,51.82296016246082],[-1.04,51.684396097855306],[-0.8799999999999999,51.684396097855306],[-0.7999999999999999,51.82296016246082]]]}},{"type":"Feature","properties":{"count":82,"q":3,"r":186},"geometry":{"type":"Polygon","coordinates":[[[0.88,51.96152422706632],[0.8,52.10008829167183],[0.64,52.10008829167183],[0.5599999999999999,51.96152422706632],[0.6399999999999999,51.82296016246081],[0.8,51.82296016246081],[0.88,51.96152422706632]]]}},{"type":"Feature","properties":{"count":81,"q":-14,"r":199},"geometry":{"type":"Polygon","coordinates":[[[-3.1999999999999997,53.208600808515904],[-3.28,53.347164873121415],[-3.44,53.347164873121415],[-3.52,53.208600808515904],[-3.44,53.07003674391039],[-3.28,53.07003674391039],[-3.1999999999999997,53.208600808515904]]]}},{"type":"Feature","properties":{"count":80,"q":-38,"r":211},"geometry":{"type":"Polygon","coordinates":[[[-8.96,53.208600808515904],[-9.040000000000001,53.347164873121415],[-9.200000000000001,53.347164873121415],[-9.280000000000001,53.208600808515904],[-9.200000000000001,53.07003674391039],[-9.040000000000001,53.07003674391039],[-8.96,53.208600808515904]]]}},{"type":"Feature","properties":{"count":80,"q":-7,"r":195},"geometry":{"type":"Polygon","coordinates":[[[-1.52,53.0700367439104],[-1.5999999999999999,53.20860080851591],[-1.7599999999999998,53.20860080851591],[-1.8399999999999999,53.0700367439104],[-1.76,52.93147267930489],[-1.5999999999999999,52.93147267930489],[-1.52,53.0700367439104]]]}},{"type":"Feature","properties":{"count":79,"q":-21,"r":192},"geometry":{"type":"Polygon","coordinates":[[[-4.88,50.2987554518002],[-4.96,50.43731951640571],[-5.12,50.43731951640571],[-5.2,50.2987554518002],[-5.12,50.160191387194686],[-4.96,50.160191387194686],[-4.88,50.2987554518002]]]}},{"type":"Feature","properties":{"count":79,"q":-8,"r":196},"geometry":{"type":"Polygon","coordinates":[[[-1.76,53.208600808515904],[-1.8399999999999999,53.347164873121415],[-2.0,53.347164873121415],[-2.08,53.208600808515904],[-2.0,53.07003674391039],[-1.8399999999999999,53.07003674391039],[-1.76,53.208600808515904]]]}},{"type":"Feature","properties":{"count":79,"q":-5,"r":200},"geometry":{"type":"Polygon","coordinates":[[[-1.04,54.732805519176516],[-1.1199999999999999,54.87136958378203],[-1.2799999999999998,54.87136958378203],[-1.3599999999999999,54.732805519176516],[-1.28,54.594241454571005],[-1.1199999999999999,54.594241454571005],[-1.04,54.732805519176516]]]}},{"type":"Feature","properties":{"count":79,"q":-2,"r":197},"geometry":{"type":"Polygon","coordinates":[[[-0.31999999999999995,54.31711332535999],[-0.39999999999999997,54.4556773899655],[-0.5599999999999999,54.4556773899655],[-0.64,54.31711332535999],[-0.56,54.17854926075448],[-0.39999999999999997,54.17854926075448],[-0.31999999999999995,54.31711332535999]]]}},{"type":"Feature","properties":{"count":78,"q":-6,"r":191},"geometry":{"type":"Polygon","coordinates":[[[-1.28,52.10008829167183],[-1.3599999999999999,52.23865235627734],[-1.52,52.23865235627734],[-1.5999999999999999,52.10008829167183],[-1.52,51.96152422706632],[-1.3599999999999999,51.96152422706632],[-1.28,52.10008829167183]]]}},{"type":"Feature","properties":{"count":77,"q":-8,"r":195},"geometry":{"type":"Polygon","coordinates":[[[-1.76,52.93147267930488],[-1.8399999999999999,53.07003674391039],[-2.0,53.07003674391039],[-2.08,52.93147267930488],[-2.0,52.79290861469937],[-1.8399999999999999,52.79290861469937],[-1.76,52.93147267930488]]]}},{"type":"Feature","properties":{"count":77,"q":-3,"r":195},"geometry":{"type":"Polygon","coordinates":[[[-0.5599999999999999,53.624293002332436],[-0.6399999999999999,53.76285706693795],[-0.7999999999999999,53.76285706693795],[-0.88,53.624293002332436],[-0.8,53.485728937726925],[-0.6399999999999999,53.485728937726925],[-0.5599999999999999,53.624293002332436]]]}},{"type":"Feature","properties":{"count":76,"q":-15,"r":193},"geometry":{"type":"Polygon","coordinates":[[[-3.44,51.40726796864428],[-3.52,51.54583203324979],[-3.68,51.54583203324979],[-3.7600000000000002,51.40726796864428],[-3.68,51.268703904038766],[-3.52,51.268703904038766],[-3.44,51.40726796864428]]]}},{"type":"Feature","properties":{"count":76,"q":-13,"r":202},"geometry":{"type":"Polygon","coordinates":[[[-2.96,54.17854926075448],[-3.04,54.31711332535999],[-3.2,54.31711332535999],[-3.2800000000000002,54.17854926075448],[-3.2,54.03998519614897],[-3.04,54.03998519614897],[-2.96,54.17854926075448]]]}},{"type":"Feature","properties":{"count":76,"q":-1,"r":189},"geometry":{"type":"Polygon","coordinates":[[[-0.07999999999999999,52.23865235627734],[-0.15999999999999998,52.37721642088285],[-0.31999999999999995,52.37721642088285],[-0.4,52.23865235627734],[-0.32000000000000006,52.10008829167183],[-0.15999999999999998,52.10008829167183],[-0.07999999999999999,52.23865235627734]]]}},{"type":"Feature","properties":{"count":76,"q":-1,"r":190},"geometry":{"type":"Polygon","coordinates":[[[-0.07999999999999999,52.51578048548836],[-0.15999999999999998,52.65434455009387],[-0.31999999999999995,52.65434455009387],[-0.4,52.51578048548836],[-0.32000000000000006,52.377216420882846],[-0.15999999999999998,52.377216420882846],[-0.07999999999999999,52.51578048548836]]]}},{"type":"Feature","properties":{"count":76,"q":3,"r":182},"geometry":{"type":"Polygon","coordinates":[[[0.88,50.85301171022223],[0.8,50.991575774827744],[0.64,50.991575774827744],[0.5599999999999999,50.85301171022223],[0.6399999999999999,50.71444764561672],[0.8,50.71444764561672],[0.88,50.85301171022223]]]}},{"type":"Feature","properties":{"count":74,"q":-16,"r":210},"geometry":{"type":"Polygon","coordinates":[[[-3.6799999999999997,55.979882100626114],[-3.76,56.118446165231624],[-3.92,56.118446165231624],[-4.0,55.979882100626114],[-3.92,55.8413180360206],[-3.76,55.8413180360206],[-3.6799999999999997,55.979882100626114]]]}},{"type":"Feature","properties":{"count":74,"q":-11,"r":197},"geometry":{"type":"Polygon","coordinates":[[[-2.48,53.0700367439104],[-2.56,53.20860080851591],[-2.72,53.20860080851591],[-2.8000000000000003,53.0700367439104],[-2.72,52.93147267930489],[-2.56,52.93147267930489],[-2.48,53.0700367439104]]]}},{"type":"Feature","properties":{"count":74,"q":-10,"r":193},"geometry":{"type":"Polygon","coordinates":[[[-2.2399999999999998,52.10008829167183],[-2.32,52.23865235627734],[-2.48,52.23865235627734],[-2.56,52.10008829167183],[-2.48,51.96152422706632],[-2.32,51.96152422706632],[-2.2399999999999998,52.10008829167183]]]}},{"type":"Feature","properties":{"count":74,"q":-6,"r":188},"geometry":{"type":"Polygon","coordinates":[[[-1.28,51.268703904038766],[-1.3599999999999999,51.40726796864428],[-1.52,51.40726796864428],[-1.5999999999999999,51.268703904038766],[-1.52,51.130139839433255],[-1.3599999999999999,51.130139839433255],[-1.28,51.268703904038766]]]}},{"type":"Feature","properties":{"count":73,"q":-7,"r":188},"geometry":{"type":"Polygon","coordinates":[[[-1.52,51.13013983943326],[-1.5999999999999999,51.26870390403877],[-1.7599999999999998,51.26870390403877],[-1.8399999999999999,51.13013983943326],[-1.76,50.99157577482775],[-1.5999999999999999,50.99157577482775],[-1.52,51.13013983943326]]]}},{"type":"Feature","properties":{"count":72,"q":-15,"r":194},"geometry":{"type":"Polygon","coordinates":[[[-3.44,51.6843960978553],[-3.52,51.82296016246081],[-3.68,51.82296016246081],[-3.7600000000000002,51.6843960978553],[-3.68,51.54583203324979],[-3.52,51.54583203324979],[-3.44,51.6843960978553]]]}},{"type":"Feature","properties":{"count":72,"q":-4,"r":185},"geometry":{"type":"Polygon","coordinates":[[[-0.7999999999999999,50.71444764561673],[-0.8799999999999999,50.85301171022224],[-1.04,50.85301171022224],[-1.1199999999999999,50.71444764561673],[-1.04,50.57588358101122],[-0.8799999999999999,50.57588358101122],[-0.7999999999999999,50.71444764561673]]]}},{"type":"Feature","properties":{"count":72,"q":-4,"r":194},"geometry":{"type":"Polygon","coordinates":[[[-0.7999999999999999,53.20860080851591],[-0.8799999999999999,53.34716487312142],[-1.04,53.34716487312142],[-1.1199999999999999,53.20860080851591],[-1.04,53.0700367439104],[-0.8799999999999999,53.0700367439104],[-0.7999999999999999,53.20860080851591]]]}},{"type":"Feature","properties":{"count":71,"q":2,"r":183},"geometry":{"type":"Polygon","coordinates":[[[0.64,50.99157577482775],[0.56,51.13013983943326],[0.4,51.13013983943326],[0.31999999999999995,50.99157577482775],[0.3999999999999999,50.85301171022224],[0.56,50.85301171022224],[0.64,50.99157577482775]]]}},{"type":"Feature","properties":{"count":70,"q":-19,"r":210},"geometry":{"type":"Polygon","coordinates":[[[-4.4,55.56418990680958],[-4.48,55.70275397141509],[-4.640000000000001,55.70275397141509],[-4.720000000000001,55.56418990680958],[-4.640000000000001,55.42562584220407],[-4.48,55.42562584220407],[-4.4,55.56418990680958]]]}},{"type":"Feature","properties":{"count":69,"q":-30,"r":205},"geometry":{"type":"Polygon","coordinates":[[[-7.04,52.65434455009387],[-7.12,52.79290861469938],[-7.28,52.79290861469938],[-7.36,52.65434455009387],[-7.28,52.51578048548836],[-7.12,52.51578048548836],[-7.04,52.65434455009387]]]}},{"type":"Feature","properties":{"count":69,"q":-12,"r":196},"geometry":{"type":"Polygon","coordinates":[[[-2.7199999999999998,52.65434455009387],[-2.8,52.79290861469938],[-2.96,52.79290861469938],[-3.04,52.65434455009387],[-2.96,52.51578048548836],[-2.8,52.51578048548836],[-2.7199999999999998,52.65434455009387]]]}},{"type":"Feature","properties":{"count":69,"q":-10,"r":192},"geometry":{"type":"Polygon","coordinates":[[[-2.2399999999999998,51.82296016246082],[-2.32,51.96152422706633],[-2.48,51.96152422706633],[-2.56,51.82296016246082],[-2.48,51.684396097855306],[-2.32,51.684396097855306],[-2.2399999999999998,51.82296016246082]]]}},{"type":"Feature","properties":{"count":69,"q":-2,"r":185},"geometry":{"type":"Polygon","coordinates":[[[-0.31999999999999995,50.991575774827744],[-0.39999999999999997,51.130139839433255],[-0.5599999999999999,51.130139839433255],[-0.64,50.991575774827744],[-0.56,50.85301171022223],[-0.39999999999999997,50.85301171022223],[-0.31999999999999995,50.991575774827744]]]}},{"type":"Feature","properties":{"count":68,"q":-7,"r":203},"geometry":{"type":"Polygon","coordinates":[[[-1.52,55.287061777598566],[-1.5999999999999999,55.42562584220408],[-1.7599999999999998,55.42562584220408],[-1.8399999999999999,55.287061777598566],[-1.76,55.148497712993056],[-1.5999999999999999,55.148497712993056],[-1.52,55.287061777598566]]]}},{"type":"Feature","properties":{"count":68,"q":-6,"r":186},"geometry":{"type":"Polygon","coordinates":[[[-1.28,50.71444764561673],[-1.3599999999999999,50.85301171022224],[-1.52,50.85301171022224],[-1.5999999999999999,50.71444764561673],[-1.52,50.57588358101122],[-1.3599999999999999,50.57588358101122],[-1.28,50.71444764561673]]]}},{"type":"Feature","properties":{"count":68,"q":-1,"r":194},"geometry":{"type":"Polygon","coordinates":[[[-0.07999999999999999,53.62429300233244],[-0.15999999999999998,53.762857066937954],[-0.31999999999999995,53.762857066937954],[-0.4,53.62429300233244],[-0.32000000000000006,53.48572893772693],[-0.15999999999999998,53.48572893772693],[-0.07999999999999999,53.62429300233244]]]}},{"type":"Feature","properties":{"count":68,"q":4,"r":186},"geometry":{"type":"Polygon","coordinates":[[[1.1199999999999999,52.10008829167183],[1.04,52.23865235627734],[0.88,52.23865235627734],[0.7999999999999999,52.10008829167183],[0.8799999999999999,51.96152422706632],[1.04,51.96152422706632],[1.1199999999999999,52.10008829167183]]]}},{"type":"Feature","properties":{"count":67,"q":-16,"r":200},"geometry":{"type":"Polygon","coordinates":[[[-3.6799999999999997,53.20860080851591],[-3.76,53.34716487312142],[-3.92,53.34716487312142],[-4.0,53.20860080851591],[-3.92,53.0700367439104],[-3.76,53.0700367439104],[-3.6799999999999997,53.20860080851591]]]}},{"type":"Feature","properties":{"count":67,"q":-13,"r":197},"geometry":{"type":"Polygon","coordinates":[[[-2.96,52.792908614699385],[-3.04,52.931472679304896],[-3.2,52.931472679304896],[-3.2800000000000002,52.792908614699385],[-3.2,52.654344550093874],[-3.04,52.654344550093874],[-2.96,52.792908614699385]]]}},{"type":"Feature","properties":{"count":67,"q":-12,"r":204},"geometry":{"type":"Polygon","coordinates":[[[-2.7199999999999998,54.87136958378203],[-2.8,55.00993364838754],[-2.96,55.00993364838754],[-3.04,54.87136958378203],[-2.96,54.732805519176516],[-2.8,54.732805519176516],[-2.7199999999999998,54.87136958378203]]]}},{"type":"Feature","properties":{"count":67,"q":-5,"r":187},"geometry":{"type":"Polygon","coordinates":[[[-1.04,51.13013983943325],[-1.1199999999999999,51.26870390403876],[-1.2799999999999998,51.26870390403876],[-1.3599999999999999,51.13013983943325],[-1.28,50.99157577482774],[-1.1199999999999999,50.99157577482774],[-1.04,51.13013983943325]]]}},{"type":"Feature","properties":{"count":65,"q":-11,"r":196},"geometry":{"type":"Polygon","coordinates":[[[-2.48,52.79290861469937],[-2.56,52.93147267930488],[-2.72,52.93147267930488],[-2.8000000000000003,52.79290861469937],[-2.72,52.65434455009386],[-2.56,52.65434455009386],[-2.48,52.79290861469937]]]}},{"type":"Feature","properties":{"count":65,"q":-8,"r":202},"geometry":{"type":"Polygon","coordinates":[[[-1.76,54.87136958378203],[-1.8399999999999999,55.00993364838754],[-2.0,55.00993364838754],[-2.08,54.87136958378203],[-2.0,54.732805519176516],[-1.8399999999999999,54.732805519176516],[-1.76,54.87136958378203]]]}},{"type":"Feature","properties":{"count":65,"q":-4,"r":195},"geometry":{"type":"Polygon","coordinates":[[[-0.7999999999999999,53.485728937726925],[-0.8799999999999999,53.624293002332436],[-1.04,53.624293002332436],[-1.1199999999999999,53.485728937726925],[-1.04,53.347164873121415],[-0.8799999999999999,53.347164873121415],[-0.7999999999999999,53.485728937726925]]]}},{"type":"Feature","properties":{"count":65,"q":-1,"r":196},"geometry":{"type":"Polygon","coordinates":[[[-0.07999999999999999,54.17854926075448],[-0.15999999999999998,54.31711332535999],[-0.31999999999999995,54.31711332535999],[-0.4,54.17854926075448],[-0.32000000000000006,54.03998519614897],[-0.15999999999999998,54.03998519614897],[-0.07999999999999999,54.17854926075448]]]}},{"type":"Feature","properties":{"count":64,"q":-3,"r":193},"geometry":{"type":"Polygon","coordinates":[[[-0.5599999999999999,53.0700367439104],[-0.6399999999999999,53.20860080851591],[-0.7999999999999999,53.20860080851591],[-0.88,53.0700367439104],[-0.8,52.93147267930489],[-0.6399999999999999,52.93147267930489],[-0.5599999999999999,53.0700367439104]]]}},{"type":"Feature","properties":{"count":63,"q":-3,"r":198},"geometry":{"type":"Polygon","coordinates":[[[-0.5599999999999999,54.455677389965494],[-0.6399999999999999,54.594241454571005],[-0.7999999999999999,54.594241454571005],[-0.88,54.455677389965494],[-0.8,54.31711332535998],[-0.6399999999999999,54.31711332535998],[-0.5599999999999999,54.455677389965494]]]}},{"type":"Feature","properties":{"count":63,"q":0,"r":189},"geometry":{"type":"Polygon","coordinates":[[[0.16,52.37721642088285],[0.08000000000000002,52.515780485488364],[-0.07999999999999996,52.515780485488364],[-0.16,52.37721642088285],[-0.08000000000000007,52.23865235627734],[0.08000000000000002,52.23865235627734],[0.16,52.37721642088285]]]}},{"type":"Feature","properties":{"count":62,"q":-13,"r":200},"geometry":{"type":"Polygon","coordinates":[[[-2.96,53.62429300233244],[-3.04,53.762857066937954],[-3.2,53.762857066937954],[-3.2800000000000002,53.62429300233244],[-3.2,53.48572893772693],[-3.04,53.48572893772693],[-2.96,53.62429300233244]]]}},{"type":"Feature","properties":{"count":62,"q":-9,"r":182},"geometry":{"type":"Polygon","coordinates":[[[-2.0,49.19024293495612],[-2.08,49.32880699956163],[-2.24,49.32880699956163],[-2.3200000000000003,49.19024293495612],[-2.24,49.05167887035061],[-2.08,49.05167887035061],[-2.0,49.19024293495612]]]}},{"type":"Feature","properties":{"count":62,"q":-2,"r":191},"geometry":{"type":"Polygon","coordinates":[[[-0.31999999999999995,52.65434455009387],[-0.39999999999999997,52.79290861469938],[-0.5599999999999999,52.79290861469938],[-0.64,52.65434455009387],[-0.56,52.51578048548836],[-0.39999999999999997,52.51578048548836],[-0.31999999999999995,52.65434455009387]]]}},{"type":"Feature","properties":{"count":61,"q":-31,"r":210},"geometry":{"type":"Polygon","coordinates":[[[-7.28,53.90142113154346],[-7.36,54.03998519614897],[-7.5200000000000005,54.03998519614897],[-7.6000000000000005,53.90142113154346],[-7.5200000000000005,53.76285706693795],[-7.36,53.76285706693795],[-7.28,53.90142113154346]]]}},{"type":"Feature","properties":{"count":61,"q":-1,"r":191},"geometry":{"type":"Polygon","coordinates":[[[-0.07999999999999999,52.792908614699385],[-0.15999999999999998,52.931472679304896],[-0.31999999999999995,52.931472679304896],[-0.4,52.792908614699385],[-0.32000000000000006,52.654344550093874],[-0.15999999999999998,52.654344550093874],[-0.07999999999999999,52.792908614699385]]]}},{"type":"Feature","properties":{"count":60,"q":-25,"r":210},"geometry":{"type":"Polygon","coordinates":[[[-5.84,54.732805519176516],[-5.92,54.87136958378203],[-6.08,54.87136958378203],[-6.16,54.732805519176516],[-6.08,54.594241454571005],[-5.92,54.594241454571005],[-5.84,54.732805519176516]]]}},{"type":"Feature","properties":{"count":60,"q":-12,"r":190},"geometry":{"type":"Polygon","coordinates":[[[-2.7199999999999998,50.991575774827744],[-2.8,51.130139839433255],[-2.96,51.130139839433255],[-3.04,50.991575774827744],[-2.96,50.85301171022223],[-2.8,50.85301171022223],[-2.7199999999999998,50.991575774827744]]]}},{"type":"Feature","properties":{"count":59,"q":-20,"r":192},"geometry":{"type":"Polygon","coordinates":[[[-4.64,50.43731951640571],[-4.72,50.57588358101122],[-4.88,50.57588358101122],[-4.96,50.43731951640571],[-4.88,50.2987554518002],[-4.72,50.2987554518002],[-4.64,50.43731951640571]]]}},{"type":"Feature","properties":{"count":59,"q":-11,"r":200},"geometry":{"type":"Polygon","coordinates":[[[-2.48,53.90142113154346],[-2.56,54.03998519614897],[-2.72,54.03998519614897],[-2.8000000000000003,53.90142113154346],[-2.72,53.76285706693795],[-2.56,53.76285706693795],[-2.48,53.90142113154346]]]}},{"type":"Feature","properties":{"count":59,"q":-6,"r":199},"geometry":{"type":"Polygon","coordinates":[[[-1.28,54.31711332535999],[-1.3599999999999999,54.4556773899655],[-1.52,54.4556773899655],[-1.5999999999999999,54.31711332535999],[-1.52,54.17854926075448],[-1.3599999999999999,54.17854926075448],[-1.28,54.31711332535999]]]}},{"type":"Feature","properties":{"count":59,"q":-2,"r":190},"geometry":{"type":"Polygon","coordinates":[[[-0.31999999999999995,52.377216420882846],[-0.39999999999999997,52.51578048548836],[-0.5599999999999999,52.51578048548836],[-0.64,52.377216420882846],[-0.56,52.238652356277335],[-0.39999999999999997,52.238652356277335],[-0.31999999999999995,52.377216420882846]]]}},{"type":"Feature","properties":{"count":59,"q":3,"r":187},"geometry":{"type":"Polygon","coordinates":[[[0.88,52.238652356277335],[0.8,52.377216420882846],[0.64,52.377216420882846],[0.5599999999999999,52.238652356277335],[0.6399999999999999,52.100088291671824],[0.8,52.100088291671824],[0.88,52.238652356277335]]]}},{"type":"Feature","properties":{"count":58,"q":-18,"r":191},"geometry":{"type":"Polygon","coordinates":[[[-4.16,50.43731951640571],[-4.24,50.57588358101122],[-4.4,50.57588358101122],[-4.48,50.43731951640571],[-4.4,50.2987554518002],[-4.24,50.2987554518002],[-4.16,50.43731951640571]]]}},{"type":"Feature","properties":{"count":58,"q":-12,"r":189},"geometry":{"type":"Polygon","coordinates":[[[-2.7199999999999998,50.71444764561673],[-2.8,50.85301171022224],[-2.96,50.85301171022224],[-3.04,50.71444764561673],[-2.96,50.57588358101122],[-2.8,50.57588358101122],[-2.7199999999999998,50.71444764561673]]]}},{"type":"Feature","properties":{"count":58,"q":-1,"r":195},"geometry":{"type":"Polygon","coordinates":[[[-0.07999999999999999,53.90142113154346],[-0.15999999999999998,54.03998519614897],[-0.31999999999999995,54.03998519614897],[-0.4,53.90142113154346],[-0.32000000000000006,53.76285706693795],[-0.15999999999999998,53.76285706693795],[-0.07999999999999999,53.90142113154346]]]}},{"type":"Feature","properties":{"count":57,"q":-27,"r":208},"geometry":{"type":"Polygon","coordinates":[[[-6.32,53.90142113154346],[-6.4,54.03998519614897],[-6.5600000000000005,54.03998519614897],[-6.640000000000001,53.90142113154346],[-6.5600000000000005,53.76285706693795],[-6.4,53.76285706693795],[-6.32,53.90142113154346]]]}},{"type":"Feature","properties":{"count":57,"q":-15,"r":200},"geometry":{"type":"Polygon","coordinates":[[[-3.44,53.34716487312142],[-3.52,53.48572893772693],[-3.68,53.48572893772693],[-3.7600000000000002,53.34716487312142],[-3.68,53.20860080851591],[-3.52,53.20860080851591],[-3.44,53.34716487312142]]]}},{"type":"Feature","properties":{"count":57,"q":-10,"r":189},"geometry":{"type":"Polygon","coordinates":[[[-2.2399999999999998,50.99157577482775],[-2.32,51.13013983943326],[-2.48,51.13013983943326],[-2.56,50.99157577482775],[-2.48,50.85301171022224],[-2.32,50.85301171022224],[-2.2399999999999998,50.99157577482775]]]}},{"type":"Feature","properties":{"count":57,"q":-8,"r":199},"geometry":{"type":"Polygon","coordinates":[[[-1.76,54.03998519614896],[-1.8399999999999999,54.17854926075447],[-2.0,54.17854926075447],[-2.08,54.03998519614896],[-2.0,53.90142113154345],[-1.8399999999999999,53.90142113154345],[-1.76,54.03998519614896]]]}},{"type":"Feature","properties":{"count":57,"q":0,"r":191},"geometry":{"type":"Polygon","coordinates":[[[0.16,52.93147267930489],[0.08000000000000002,53.0700367439104],[-0.07999999999999996,53.0700367439104],[-0.16,52.93147267930489],[-0.08000000000000007,52.79290861469938],[0.08000000000000002,52.79290861469938],[0.16,52.93147267930489]]]}},{"type":"Feature","properties":{"count":57,"q":2,"r":189},"geometry":{"type":"Polygon","coordinates":[[[0.64,52.654344550093874],[0.56,52.792908614699385],[0.4,52.792908614699385],[0.31999999999999995,52.654344550093874],[0.3999999999999999,52.515780485488364],[0.56,52.515780485488364],[0.64,52.654344550093874]]]}},{"type":"Feature","properties":{"count":56,"q":-18,"r":210},"geometry":{"type":"Polygon","coordinates":[[[-4.16,55.702753971415085],[-4.24,55.841318036020596],[-4.4,55.841318036020596],[-4.48,55.702753971415085],[-4.4,55.564189906809574],[-4.24,55.564189906809574],[-4.16,55.702753971415085]]]}},{"type":"Feature","properties":{"count":56,"q":-11,"r":194},"geometry":{"type":"Polygon","coordinates":[[[-2.48,52.238652356277335],[-2.56,52.377216420882846],[-2.72,52.377216420882846],[-2.8000000000000003,52.238652356277335],[-2.72,52.100088291671824],[-2.56,52.100088291671824],[-2.48,52.238652356277335]]]}},{"type":"Feature","properties":{"count":56,"q":-4,"r":199},"geometry":{"type":"Polygon","coordinates":[[[-0.7999999999999999,54.59424145457101],[-0.8799999999999999,54.73280551917652],[-1.04,54.73280551917652],[-1.1199999999999999,54.59424145457101],[-1.04,54.4556773899655],[-0.8799999999999999,54.4556773899655],[-0.7999999999999999,54.59424145457101]]]}},{"type":"Feature","properties":{"count":56,"q":2,"r":187},"geometry":{"type":"Polygon","coordinates":[[[0.64,52.10008829167183],[0.56,52.23865235627734],[0.4,52.23865235627734],[0.31999999999999995,52.10008829167183],[0.3999999999999999,51.96152422706632],[0.56,51.96152422706632],[0.64,52.10008829167183]]]}},{"type":"Feature","properties":{"count":56,"q":5,"r":183},"geometry":{"type":"Polygon","coordinates":[[[1.3599999999999999,51.407267968644284],[1.28,51.545832033249795],[1.12,51.545832033249795],[1.04,51.407267968644284],[1.1199999999999999,51.26870390403877],[1.28,51.26870390403877],[1.3599999999999999,51.407267968644284]]]}},{"type":"Feature","properties":{"count":55,"q":-15,"r":204},"geometry":{"type":"Polygon","coordinates":[[[-3.44,54.455677389965494],[-3.52,54.594241454571005],[-3.68,54.594241454571005],[-3.7600000000000002,54.455677389965494],[-3.68,54.31711332535998],[-3.52,54.31711332535998],[-3.44,54.455677389965494]]]}},{"type":"Feature","properties":{"count":55,"q":-13,"r":209},"geometry":{"type":"Polygon","coordinates":[[[-2.96,56.118446165231624],[-3.04,56.257010229837135],[-3.2,56.257010229837135],[-3.2800000000000002,56.118446165231624],[-3.2,55.979882100626114],[-3.04,55.979882100626114],[-2.96,56.118446165231624]]]}},{"type":"Feature","properties":{"count":55,"q":-11,"r":189},"geometry":{"type":"Polygon","coordinates":[[[-2.48,50.85301171022223],[-2.56,50.991575774827744],[-2.72,50.991575774827744],[-2.8000000000000003,50.85301171022223],[-2.72,50.71444764561672],[-2.56,50.71444764561672],[-2.48,50.85301171022223]]]}},{"type":"Feature","properties":{"count":55,"q":3,"r":183},"geometry":{"type":"Polygon","coordinates":[[[0.88,51.13013983943326],[0.8,51.26870390403877],[0.64,51.26870390403877],[0.5599999999999999,51.13013983943326],[0.6399999999999999,50.99157577482775],[0.8,50.99157577482775],[0.88,51.13013983943326]]]}},{"type":"Feature","properties":{"count":54,"q":-12,"r":193},"geometry":{"type":"Polygon","coordinates":[[[-2.7199999999999998,51.8229601624608],[-2.8,51.96152422706631],[-2.96,51.96152422706631],[-3.04,51.8229601624608],[-2.96,51.68439609785529],[-2.8,51.68439609785529],[-2.7199999999999998,51.8229601624608]]]}},{"type":"Feature","properties":{"count":54,"q":-10,"r":196},"geometry":{"type":"Polygon","coordinates":[[[-2.2399999999999998,52.93147267930489],[-2.32,53.0700367439104],[-2.48,53.0700367439104],[-2.56,52.93147267930489],[-2.48,52.79290861469938],[-2.32,52.79290861469938],[-2.2399999999999998,52.93147267930489]]]}},{"type":"Feature","properties":{"count":54,"q":-7,"r":191},"geometry":{"type":"Polygon","coordinates":[[[-1.52,51.96152422706632],[-1.5999999999999999,52.10008829167183],[-1.7599999999999998,52.10008829167183],[-1.8399999999999999,51.96152422706632],[-1.76,51.82296016246081],[-1.5999999999999999,51.82296016246081],[-1.52,51.96152422706632]]]}},{"type":"Feature","properties":{"count":53,"q":-28,"r":206},"geometry":{"type":"Polygon","coordinates":[[[-6.56,53.20860080851591],[-6.64,53.34716487312142],[-6.8,53.34716487312142],[-6.88,53.20860080851591],[-6.8,53.0700367439104],[-6.64,53.0700367439104],[-6.56,53.20860080851591]]]}},{"type":"Feature","properties":{"count":53,"q":-19,"r":211},"geometry":{"type":"Polygon","coordinates":[[[-4.4,55.8413180360206],[-4.48,55.979882100626114],[-4.640000000000001,55.979882100626114],[-4.720000000000001,55.8413180360206],[-4.640000000000001,55.70275397141509],[-4.48,55.70275397141509],[-4.4,55.8413180360206]]]}},{"type":"Feature","properties":{"count":52,"q":-3,"r":192},"geometry":{"type":"Polygon","coordinates":[[[-0.5599999999999999,52.792908614699385],[-0.6399999999999999,52.931472679304896],[-0.7999999999999999,52.931472679304896],[-0.88,52.792908614699385],[-0.8,52.654344550093874],[-0.6399999999999999,52.654344550093874],[-0.5599999999999999,52.792908614699385]]]}},{"type":"Feature","properties":{"count":52,"q":0,"r":188},"geometry":{"type":"Polygon","coordinates":[[[0.16,52.10008829167183],[0.08000000000000002,52.23865235627734],[-0.07999999999999996,52.23865235627734],[-0.16,52.10008829167183],[-0.08000000000000007,51.96152422706632],[0.08000000000000002,51.96152422706632],[0.16,52.10008829167183]]]}},{"type":"Feature","properties":{"count":51,"q":-7,"r":200},"geometry":{"type":"Polygon","coordinates":[[[-1.52,54.4556773899655],[-1.5999999999999999,54.59424145457101],[-1.7599999999999998,54.59424145457101],[-1.8399999999999999,54.4556773899655],[-1.76,54.31711332535999],[-1.5999999999999999,54.31711332535999],[-1.52,54.4556773899655]]]}},{"type":"Feature","properties":{"count":50,"q":-6,"r":189},"geometry":{"type":"Polygon","coordinates":[[[-1.28,51.54583203324979],[-1.3599999999999999,51.6843960978553],[-1.52,51.6843960978553],[-1.5999999999999999,51.54583203324979],[-1.52,51.40726796864428],[-1.3599999999999999,51.40726796864428],[-1.28,51.54583203324979]]]}},{"type":"Feature","properties":{"count":49,"q":-36,"r":205},"geometry":{"type":"Polygon","coordinates":[[[-8.48,51.8229601624608],[-8.56,51.96152422706631],[-8.72,51.96152422706631],[-8.8,51.8229601624608],[-8.72,51.68439609785529],[-8.56,51.68439609785529],[-8.48,51.8229601624608]]]}},{"type":"Feature","properties":{"count":49,"q":-16,"r":190},"geometry":{"type":"Polygon","coordinates":[[[-3.6799999999999997,50.43731951640571],[-3.76,50.57588358101122],[-3.92,50.57588358101122],[-4.0,50.43731951640571],[-3.92,50.2987554518002],[-3.76,50.2987554518002],[-3.6799999999999997,50.43731951640571]]]}},{"type":"Feature","properties":{"count":49,"q":-15,"r":205},"geometry":{"type":"Polygon","coordinates":[[[-3.44,54.732805519176516],[-3.52,54.87136958378203],[-3.68,54.87136958378203],[-3.7600000000000002,54.732805519176516],[-3.68,54.594241454571005],[-3.52,54.594241454571005],[-3.44,54.732805519176516]]]}},{"type":"Feature","properties":{"count":49,"q":-15,"r":209},"geometry":{"type":"Polygon","coordinates":[[[-3.44,55.8413180360206],[-3.52,55.979882100626114],[-3.68,55.979882100626114],[-3.7600000000000002,55.8413180360206],[-3.68,55.70275397141509],[-3.52,55.70275397141509],[-3.44,55.8413180360206]]]}},{"type":"Feature","properties":{"count":48,"q":-19,"r":205},"geometry":{"type":"Polygon","coordinates":[[[-4.4,54.17854926075448],[-4.48,54.31711332535999],[-4.640000000000001,54.31711332535999],[-4.720000000000001,54.17854926075448],[-4.640000000000001,54.03998519614897],[-4.48,54.03998519614897],[-4.4,54.17854926075448]]]}},{"type":"Feature","properties":{"count":48,"q":-14,"r":192},"geometry":{"type":"Polygon","coordinates":[[[-3.1999999999999997,51.268703904038766],[-3.28,51.40726796864428],[-3.44,51.40726796864428],[-3.52,51.268703904038766],[-3.44,51.130139839433255],[-3.28,51.130139839433255],[-3.1999999999999997,51.268703904038766]]]}},{"type":"Feature","properties":{"count":47,"q":-2,"r":184},"geometry":{"type":"Polygon","coordinates":[[[-0.31999999999999995,50.71444764561672],[-0.39999999999999997,50.85301171022223],[-0.5599999999999999,50.85301171022223],[-0.64,50.71444764561672],[-0.56,50.57588358101121],[-0.39999999999999997,50.57588358101121],[-0.31999999999999995,50.71444764561672]]]}},{"type":"Feature","properties":{"count":46,"q":-32,"r":205},"geometry":{"type":"Polygon","coordinates":[[[-7.52,52.377216420882846],[-7.6,52.51578048548836],[-7.76,52.51578048548836],[-7.84,52.377216420882846],[-7.76,52.238652356277335],[-7.6,52.238652356277335],[-7.52,52.377216420882846]]]}},{"type":"Feature","properties":{"count":46,"q":-30,"r":204},"geometry":{"type":"Polygon","coordinates":[[[-7.04,52.377216420882846],[-7.12,52.51578048548836],[-7.28,52.51578048548836],[-7.36,52.377216420882846],[-7.28,52.238652356277335],[-7.12,52.238652356277335],[-7.04,52.377216420882846]]]}},{"type":"Feature","properties":{"count":46,"q":-8,"r":189},"geometry":{"type":"Polygon","coordinates":[[[-1.76,51.268703904038766],[-1.8399999999999999,51.40726796864428],[-2.0,51.40726796864428],[-2.08,51.268703904038766],[-2.0,51.130139839433255],[-1.8399999999999999,51.130139839433255],[-1.76,51.268703904038766]]]}},{"type":"Feature","properties":{"count":46,"q":-3,"r":197},"geometry":{"type":"Polygon","coordinates":[[[-0.5599999999999999,54.17854926075448],[-0.6399999999999999,54.31711332535999],[-0.7999999999999999,54.31711332535999],[-0.88,54.17854926075448],[-0.8,54.03998519614897],[-0.6399999999999999,54.03998519614897],[-0.5599999999999999,54.17854926075448]]]}},{"type":"Feature","properties":{"count":45,"q":-29,"r":205},"geometry":{"type":"Polygon","coordinates":[[[-6.8,52.79290861469937],[-6.88,52.93147267930488],[-7.04,52.93147267930488],[-7.12,52.79290861469937],[-7.04,52.65434455009386],[-6.88,52.65434455009386],[-6.8,52.79290861469937]]]}},{"type":"Feature","properties":{"count":45,"q":-18,"r":201},"geometry":{"type":"Polygon","coordinates":[[[-4.16,53.208600808515904],[-4.24,53.347164873121415],[-4.4,53.347164873121415],[-4.48,53.208600808515904],[-4.4,53.07003674391039],[-4.24,53.07003674391039],[-4.16,53.208600808515904]]]}},{"type":"Feature","properties":{"count":45,"q":-13,"r":194},"geometry":{"type":"Polygon","coordinates":[[[-2.96,51.96152422706632],[-3.04,52.10008829167183],[-3.2,52.10008829167183],[-3.2800000000000002,51.96152422706632],[-3.2,51.82296016246081],[-3.04,51.82296016246081],[-2.96,51.96152422706632]]]}},{"type":"Feature","properties":{"count":45,"q":-11,"r":201},"geometry":{"type":"Polygon","coordinates":[[[-2.48,54.17854926075447],[-2.56,54.31711332535998],[-2.72,54.31711332535998],[-2.8000000000000003,54.17854926075447],[-2.72,54.03998519614896],[-2.56,54.03998519614896],[-2.48,54.17854926075447]]]}},{"type":"Feature","properties":{"count":44,"q":-31,"r":214},"geometry":{"type":"Polygon","coordinates":[[[-7.28,55.009933648387545],[-7.36,55.148497712993056],[-7.5200000000000005,55.148497712993056],[-7.6000000000000005,55.009933648387545],[-7.5200000000000005,54.871369583782034],[-7.36,54.871369583782034],[-7.28,55.009933648387545]]]}},{"type":"Feature","properties":{"count":44,"q":-9,"r":189},"geometry":{"type":"Polygon","coordinates":[[[-2.0,51.13013983943326],[-2.08,51.26870390403877],[-2.24,51.26870390403877],[-2.3200000000000003,51.13013983943326],[-2.24,50.99157577482775],[-2.08,50.99157577482775],[-2.0,51.13013983943326]]]}},{"type":"Feature","properties":{"count":44,"q":-8,"r":191},"geometry":{"type":"Polygon","coordinates":[[[-1.76,51.8229601624608],[-1.8399999999999999,51.96152422706631],[-2.0,51.96152422706631],[-2.08,51.8229601624608],[-2.0,51.68439609785529],[-1.8399999999999999,51.68439609785529],[-1.76,51.8229601624608]]]}},{"type":"Feature","properties":{"count":44,"q":5,"r":188},"geometry":{"type":"Polygon","coordinates":[[[1.3599999999999999,52.792908614699385],[1.28,52.931472679304896],[1.12,52.931472679304896],[1.04,52.792908614699385],[1.1199999999999999,52.654344550093874],[1.28,52.654344550093874],[1.3599999999999999,52.792908614699385]]]}},{"type":"Feature","properties":{"count":44,"q":6,"r":185},"geometry":{"type":"Polygon","coordinates":[[[1.5999999999999999,52.10008829167183],[1.52,52.23865235627734],[1.3599999999999999,52.23865235627734],[1.28,52.10008829167183],[1.3599999999999999,51.96152422706632],[1.52,51.96152422706632],[1.5999999999999999,52.10008829167183]]]}},{"type":"Feature","properties":{"count":43,"q":-29,"r":208},"geometry":{"type":"Polygon","coordinates":[[[-6.8,53.624293002332436],[-6.88,53.76285706693795],[-7.04,53.76285706693795],[-7.12,53.624293002332436],[-7.04,53.485728937726925],[-6.88,53.485728937726925],[-6.8,53.624293002332436]]]}},{"type":"Feature","properties":{"count":43,"q":-23,"r":192},"geometry":{"type":"Polygon","coordinates":[[[-5.36,50.021627322589175],[-5.44,50.160191387194686],[-5.6000000000000005,50.160191387194686],[-5.680000000000001,50.021627322589175],[-5.6000000000000005,49.883063257983665],[-5.44,49.883063257983665],[-5.36,50.021627322589175]]]}},{"type":"Feature","properties":{"count":43,"q":-18,"r":196},"geometry":{"type":"Polygon","coordinates":[[[-4.16,51.8229601624608],[-4.24,51.96152422706631],[-4.4,51.96152422706631],[-4.48,51.8229601624608],[-4.4,51.68439609785529],[-4.24,51.68439609785529],[-4.16,51.8229601624608]]]}},{"type":"Feature","properties":{"count":43,"q":-7,"r":189},"geometry":{"type":"Polygon","coordinates":[[[-1.52,51.407267968644284],[-1.5999999999999999,51.545832033249795],[-1.7599999999999998,51.545832033249795],[-1.8399999999999999,51.407267968644284],[-1.76,51.26870390403877],[-1.5999999999999999,51.26870390403877],[-1.52,51.407267968644284]]]}},{"type":"Feature","properties":{"count":43,"q":2,"r":188},"geometry":{"type":"Polygon","coordinates":[[[0.64,52.37721642088285],[0.56,52.515780485488364],[0.4,52.515780485488364],[0.31999999999999995,52.37721642088285],[0.3999999999999999,52.23865235627734],[0.56,52.23865235627734],[0.64,52.37721642088285]]]}},{"type":"Feature","properties":{"count":42,"q":-34,"r":204},"geometry":{"type":"Polygon","coordinates":[[[-8.0,51.8229601624608],[-8.08,51.96152422706631],[-8.24,51.96152422706631],[-8.32,51.8229601624608],[-8.24,51.68439609785529],[-8.08,51.68439609785529],[-8.0,51.8229601624608]]]}},{"type":"Feature","properties":{"count":42,"q":-9,"r":188},"geometry":{"type":"Polygon","coordinates":[[[-2.0,50.85301171022223],[-2.08,50.991575774827744],[-2.24,50.991575774827744],[-2.3200000000000003,50.85301171022223],[-2.24,50.71444764561672],[-2.08,50.71444764561672],[-2.0,50.85301171022223]]]}},{"type":"Feature","properties":{"count":42,"q":-5,"r":185},"geometry":{"type":"Polygon","coordinates":[[[-1.04,50.57588358101121],[-1.1199999999999999,50.71444764561672],[-1.2799999999999998,50.71444764561672],[-1.3599999999999999,50.57588358101121],[-1.28,50.4373195164057],[-1.1199999999999999,50.4373195164057],[-1.04,50.57588358101121]]]}},{"type":"Feature","properties":{"count":42,"q":4,"r":187},"geometry":{"type":"Polygon","coordinates":[[[1.1199999999999999,52.377216420882846],[1.04,52.51578048548836],[0.88,52.51578048548836],[0.7999999999999999,52.377216420882846],[0.8799999999999999,52.238652356277335],[1.04,52.238652356277335],[1.1199999999999999,52.377216420882846]]]}},{"type":"Feature","properties":{"count":41,"q":-35,"r":213},"geometry":{"type":"Polygon","coordinates":[[[-8.24,54.17854926075447],[-8.32,54.31711332535998],[-8.48,54.31711332535998],[-8.56,54.17854926075447],[-8.48,54.03998519614896],[-8.32,54.03998519614896],[-8.24,54.17854926075447]]]}},{"type":"Feature","properties":{"count":41,"q":-29,"r":206},"geometry":{"type":"Polygon","coordinates":[[[-6.8,53.0700367439104],[-6.88,53.20860080851591],[-7.04,53.20860080851591],[-7.12,53.0700367439104],[-7.04,52.93147267930489],[-6.88,52.93147267930489],[-6.8,53.0700367439104]]]}},{"type":"Feature","properties":{"count":41,"q":-4,"r":197},"geometry":{"type":"Polygon","coordinates":[[[-0.7999999999999999,54.039985196148976],[-0.8799999999999999,54.17854926075449],[-1.04,54.17854926075449],[-1.1199999999999999,54.039985196148976],[-1.04,53.901421131543465],[-0.8799999999999999,53.901421131543465],[-0.7999999999999999,54.039985196148976]]]}},{"type":"Feature","properties":{"count":41,"q":4,"r":182},"geometry":{"type":"Polygon","coordinates":[[[1.1199999999999999,50.991575774827744],[1.04,51.130139839433255],[0.88,51.130139839433255],[0.7999999999999999,50.991575774827744],[0.8799999999999999,50.85301171022223],[1.04,50.85301171022223],[1.1199999999999999,50.991575774827744]]]}},{"type":"Feature","properties":{"count":41,"q":4,"r":188},"geometry":{"type":"Polygon","coordinates":[[[1.1199999999999999,52.65434455009387],[1.04,52.79290861469938],[0.88,52.79290861469938],[0.7999999999999999,52.65434455009387],[0.8799999999999999,52.51578048548836],[1.04,52.51578048548836],[1.1199999999999999,52.65434455009387]]]}},{"type":"Feature","properties":{"count":40,"q":-37,"r":209},"geometry":{"type":"Polygon","coordinates":[[[-8.72,52.792908614699385],[-8.8,52.931472679304896],[-8.96,52.931472679304896],[-9.040000000000001,52.792908614699385],[-8.96,52.654344550093874],[-8.8,52.654344550093874],[-8.72,52.792908614699385]]]}},{"type":"Feature","properties":{"count":40,"q":-33,"r":209},"geometry":{"type":"Polygon","coordinates":[[[-7.76,53.34716487312142],[-7.84,53.48572893772693],[-8.0,53.48572893772693],[-8.08,53.34716487312142],[-8.0,53.20860080851591],[-7.84,53.20860080851591],[-7.76,53.34716487312142]]]}},{"type":"Feature","properties":{"count":40,"q":-32,"r":206},"geometry":{"type":"Polygon","coordinates":[[[-7.52,52.65434455009387],[-7.6,52.79290861469938],[-7.76,52.79290861469938],[-7.84,52.65434455009387],[-7.76,52.51578048548836],[-7.6,52.51578048548836],[-7.52,52.65434455009387]]]}},{"type":"Feature","properties":{"count":40,"q":-30,"r":206},"geometry":{"type":"Polygon","coordinates":[[[-7.04,52.93147267930489],[-7.12,53.0700367439104],[-7.28,53.0700367439104],[-7.36,52.93147267930489],[-7.28,52.79290861469938],[-7.12,52.79290861469938],[-7.04,52.93147267930489]]]}},{"type":"Feature","properties":{"count":40,"q":-27,"r":203},"geometry":{"type":"Polygon","coordinates":[[[-6.32,52.51578048548836],[-6.4,52.65434455009387],[-6.5600000000000005,52.65434455009387],[-6.640000000000001,52.51578048548836],[-6.5600000000000005,52.377216420882846],[-6.4,52.377216420882846],[-6.32,52.51578048548836]]]}},{"type":"Feature","properties":{"count":39,"q":-21,"r":197},"geometry":{"type":"Polygon","coordinates":[[[-4.88,51.6843960978553],[-4.96,51.82296016246081],[-5.12,51.82296016246081],[-5.2,51.6843960978553],[-5.12,51.54583203324979],[-4.96,51.54583203324979],[-4.88,51.6843960978553]]]}},{"type":"Feature","properties":{"count":39,"q":-19,"r":196},"geometry":{"type":"Polygon","coordinates":[[[-4.4,51.6843960978553],[-4.48,51.82296016246081],[-4.640000000000001,51.82296016246081],[-4.720000000000001,51.6843960978553],[-4.640000000000001,51.54583203324979],[-4.48,51.54583203324979],[-4.4,51.6843960978553]]]}},{"type":"Feature","properties":{"count":39,"q":-7,"r":199},"geometry":{"type":"Polygon","coordinates":[[[-1.52,54.17854926075448],[-1.5999999999999999,54.31711332535999],[-1.7599999999999998,54.31711332535999],[-1.8399999999999999,54.17854926075448],[-1.76,54.03998519614897],[-1.5999999999999999,54.03998519614897],[-1.52,54.17854926075448]]]}},{"type":"Feature","properties":{"count":39,"q":6,"r":186},"geometry":{"type":"Polygon","coordinates":[[[1.5999999999999999,52.37721642088285],[1.52,52.515780485488364],[1.3599999999999999,52.515780485488364],[1.28,52.37721642088285],[1.3599999999999999,52.23865235627734],[1.52,52.23865235627734],[1.5999999999999999,52.37721642088285]]]}},{"type":"Feature","properties":{"count":38,"q":-29,"r":204},"geometry":{"type":"Polygon","coordinates":[[[-6.8,52.51578048548835],[-6.88,52.65434455009386],[-7.04,52.65434455009386],[-7.12,52.51578048548835],[-7.04,52.37721642088284],[-6.88,52.37721642088284],[-6.8,52.51578048548835]]]}},{"type":"Feature","properties":{"count":38,"q":-19,"r":202},"geometry":{"type":"Polygon","coordinates":[[[-4.4,53.34716487312142],[-4.48,53.48572893772693],[-4.640000000000001,53.48572893772693],[-4.720000000000001,53.34716487312142],[-4.640000000000001,53.20860080851591],[-4.48,53.20860080851591],[-4.4,53.34716487312142]]]}},{"type":"Feature","properties":{"count":38,"q":-13,"r":190},"geometry":{"type":"Polygon","coordinates":[[[-2.96,50.85301171022223],[-3.04,50.991575774827744],[-3.2,50.991575774827744],[-3.2800000000000002,50.85301171022223],[-3.2,50.71444764561672],[-3.04,50.71444764561672],[-2.96,50.85301171022223]]]}},{"type":"Feature","properties":{"count":38,"q":-11,"r":203},"geometry":{"type":"Polygon","coordinates":[[[-2.48,54.732805519176516],[-2.56,54.87136958378203],[-2.72,54.87136958378203],[-2.8000000000000003,54.732805519176516],[-2.72,54.594241454571005],[-2.56,54.594241454571005],[-2.48,54.732805519176516]]]}},{"type":"Feature","properties":{"count":38,"q":0,"r":192},"geometry":{"type":"Polygon","coordinates":[[[0.16,53.20860080851591],[0.08000000000000002,53.34716487312142],[-0.07999999999999996,53.34716487312142],[-0.16,53.20860080851591],[-0.08000000000000007,53.0700367439104],[0.08000000000000002,53.0700367439104],[0.16,53.20860080851591]]]}},{"type":"Feature","properties":{"count":37,"q":-36,"r":206},"geometry":{"type":"Polygon","coordinates":[[[-8.48,52.10008829167183],[-8.56,52.23865235627734],[-8.72,52.23865235627734],[-8.8,52.10008829167183],[-8.72,51.96152422706632],[-8.56,51.96152422706632],[-8.48,52.10008829167183]]]}},{"type":"Feature","properties":{"count":37,"q":-34,"r":208},"geometry":{"type":"Polygon","coordinates":[[[-8.0,52.93147267930489],[-8.08,53.0700367439104],[-8.24,53.0700367439104],[-8.32,52.93147267930489],[-8.24,52.79290861469938],[-8.08,52.79290861469938],[-8.0,52.93147267930489]]]}},{"type":"Feature","properties":{"count":37,"q":-28,"r":207},"geometry":{"type":"Polygon","coordinates":[[[-6.56,53.485728937726925],[-6.64,53.624293002332436],[-6.8,53.624293002332436],[-6.88,53.485728937726925],[-6.8,53.347164873121415],[-6.64,53.347164873121415],[-6.56,53.485728937726925]]]}},{"type":"Feature","properties":{"count":37,"q":-17,"r":198},"geometry":{"type":"Polygon","coordinates":[[[-3.92,52.51578048548835],[-4.0,52.65434455009386],[-4.16,52.65434455009386],[-4.24,52.51578048548835],[-4.16,52.37721642088284],[-4.0,52.37721642088284],[-3.92,52.51578048548835]]]}},{"type":"Feature","properties":{"count":37,"q":-13,"r":204},"geometry":{"type":"Polygon","coordinates":[[[-2.96,54.732805519176516],[-3.04,54.87136958378203],[-3.2,54.87136958378203],[-3.2800000000000002,54.732805519176516],[-3.2,54.594241454571005],[-3.04,54.594241454571005],[-2.96,54.732805519176516]]]}},{"type":"Feature","properties":{"count":36,"q":-41,"r":209},"geometry":{"type":"Polygon","coordinates":[[[-9.68,52.238652356277335],[-9.76,52.377216420882846],[-9.92,52.377216420882846],[-10.0,52.238652356277335],[-9.92,52.100088291671824],[-9.76,52.100088291671824],[-9.68,52.238652356277335]]]}},{"type":"Feature","properties":{"count":36,"q":-24,"r":209},"geometry":{"type":"Polygon","coordinates":[[[-5.6,54.59424145457101],[-5.68,54.73280551917652],[-5.84,54.73280551917652],[-5.92,54.59424145457101],[-5.84,54.4556773899655],[-5.68,54.4556773899655],[-5.6,54.59424145457101]]]}},{"type":"Feature","properties":{"count":36,"q":-17,"r":191},"geometry":{"type":"Polygon","coordinates":[[[-3.92,50.57588358101121],[-4.0,50.71444764561672],[-4.16,50.71444764561672],[-4.24,50.57588358101121],[-4.16,50.4373195164057],[-4.0,50.4373195164057],[-3.92,50.57588358101121]]]}},{"type":"Feature","properties":{"count":36,"q":-1,"r":192},"geometry":{"type":"Polygon","coordinates":[[[-0.07999999999999999,53.07003674391041],[-0.15999999999999998,53.20860080851592],[-0.31999999999999995,53.20860080851592],[-0.4,53.07003674391041],[-0.32000000000000006,52.931472679304896],[-0.15999999999999998,52.931472679304896],[-0.07999999999999999,53.07003674391041]]]}},{"type":"Feature","properties":{"count":36,"q":1,"r":191},"geometry":{"type":"Polygon","coordinates":[[[0.4,53.0700367439104],[0.32,53.20860080851591],[0.16000000000000003,53.20860080851591],[0.07999999999999999,53.0700367439104],[0.15999999999999992,52.93147267930489],[0.32,52.93147267930489],[0.4,53.0700367439104]]]}},{"type":"Feature","properties":{"count":36,"q":2,"r":191},"geometry":{"type":"Polygon","coordinates":[[[0.64,53.20860080851591],[0.56,53.34716487312142],[0.4,53.34716487312142],[0.31999999999999995,53.20860080851591],[0.3999999999999999,53.0700367439104],[0.56,53.0700367439104],[0.64,53.20860080851591]]]}},{"type":"Feature","properties":{"count":36,"q":5,"r":186},"geometry":{"type":"Polygon","coordinates":[[[1.3599999999999999,52.23865235627734],[1.28,52.37721642088285],[1.12,52.37721642088285],[1.04,52.23865235627734],[1.1199999999999999,52.10008829167183],[1.28,52.10008829167183],[1.3599999999999999,52.23865235627734]]]}},{"type":"Feature","properties":{"count":35,"q":-20,"r":212},"geometry":{"type":"Polygon","coordinates":[[[-4.64,55.979882100626114],[-4.72,56.118446165231624],[-4.88,56.118446165231624],[-4.96,55.979882100626114],[-4.88,55.8413180360206],[-4.72,55.8413180360206],[-4.64,55.979882100626114]]]}},{"type":"Feature","properties":{"count":35,"q":-14,"r":204},"geometry":{"type":"Polygon","coordinates":[[[-3.1999999999999997,54.594241454571005],[-3.28,54.732805519176516],[-3.44,54.732805519176516],[-3.52,54.594241454571005],[-3.44,54.455677389965494],[-3.28,54.455677389965494],[-3.1999999999999997,54.594241454571005]]]}},{"type":"Feature","properties":{"count":34,"q":-43,"r":210},"geometry":{"type":"Polygon","coordinates":[[[-10.16,52.238652356277335],[-10.24,52.377216420882846],[-10.4,52.377216420882846],[-10.48,52.238652356277335],[-10.4,52.100088291671824],[-10.24,52.100088291671824],[-10.16,52.238652356277335]]]}},{"type":"Feature","properties":{"count":34,"q":-40,"r":214},"geometry":{"type":"Polygon","coordinates":[[[-9.44,53.762857066937954],[-9.52,53.901421131543465],[-9.68,53.901421131543465],[-9.76,53.762857066937954],[-9.68,53.62429300233244],[-9.52,53.62429300233244],[-9.44,53.762857066937954]]]}},{"type":"Feature","properties":{"count":34,"q":-28,"r":208},"geometry":{"type":"Polygon","coordinates":[[[-6.56,53.762857066937954],[-6.64,53.901421131543465],[-6.8,53.901421131543465],[-6.88,53.762857066937954],[-6.8,53.62429300233244],[-6.64,53.62429300233244],[-6.56,53.762857066937954]]]}},{"type":"Feature","properties":{"count":34,"q":-21,"r":191},"geometry":{"type":"Polygon","coordinates":[[[-4.88,50.021627322589175],[-4.96,50.160191387194686],[-5.12,50.160191387194686],[-5.2,50.021627322589175],[-5.12,49.883063257983665],[-4.96,49.883063257983665],[-4.88,50.021627322589175]]]}},{"type":"Feature","properties":{"count":34,"q":-14,"r":191},"geometry":{"type":"Polygon","coordinates":[[[-3.1999999999999997,50.991575774827744],[-3.28,51.130139839433255],[-3.44,51.130139839433255],[-3.52,50.991575774827744],[-3.44,50.85301171022223],[-3.28,50.85301171022223],[-3.1999999999999997,50.991575774827744]]]}},{"type":"Feature","properties":{"count":34,"q":-8,"r":188},"geometry":{"type":"Polygon","coordinates":[[[-1.76,50.991575774827744],[-1.8399999999999999,51.130139839433255],[-2.0,51.130139839433255],[-2.08,50.991575774827744],[-2.0,50.85301171022223],[-1.8399999999999999,50.85301171022223],[-1.76,50.991575774827744]]]}},{"type":"Feature","properties":{"count":34,"q":1,"r":189},"geometry":{"type":"Polygon","coordinates":[[[0.4,52.51578048548836],[0.32,52.65434455009387],[0.16000000000000003,52.65434455009387],[0.07999999999999999,52.51578048548836],[0.15999999999999992,52.377216420882846],[0.32,52.377216420882846],[0.4,52.51578048548836]]]}},{"type":"Feature","properties":{"count":34,"q":1,"r":192},"geometry":{"type":"Polygon","coordinates":[[[0.4,53.34716487312142],[0.32,53.48572893772693],[0.16000000000000003,53.48572893772693],[0.07999999999999999,53.34716487312142],[0.15999999999999992,53.20860080851591],[0.32,53.20860080851591],[0.4,53.34716487312142]]]}},{"type":"Feature","properties":{"count":33,"q":-40,"r":208},"geometry":{"type":"Polygon","coordinates":[[[-9.44,52.10008829167183],[-9.52,52.23865235627734],[-9.68,52.23865235627734],[-9.76,52.10008829167183],[-9.68,51.96152422706632],[-9.52,51.96152422706632],[-9.44,52.10008829167183]]]}},{"type":"Feature","properties":{"count":33,"q":-35,"r":208},"geometry":{"type":"Polygon","coordinates":[[[-8.24,52.79290861469937],[-8.32,52.93147267930488],[-8.48,52.93147267930488],[-8.56,52.79290861469937],[-8.48,52.65434455009386],[-8.32,52.65434455009386],[-8.24,52.79290861469937]]]}},{"type":"Feature","properties":{"count":33,"q":-31,"r":204},"geometry":{"type":"Polygon","coordinates":[[[-7.28,52.238652356277335],[-7.36,52.377216420882846],[-7.5200000000000005,52.377216420882846],[-7.6000000000000005,52.238652356277335],[-7.5200000000000005,52.100088291671824],[-7.36,52.100088291671824],[-7.28,52.238652356277335]]]}},{"type":"Feature","properties":{"count":33,"q":-31,"r":209},"geometry":{"type":"Polygon","coordinates":[[[-7.28,53.62429300233244],[-7.36,53.762857066937954],[-7.5200000000000005,53.762857066937954],[-7.6000000000000005,53.62429300233244],[-7.5200000000000005,53.48572893772693],[-7.36,53.48572893772693],[-7.28,53.62429300233244]]]}},{"type":"Feature","properties":{"count":33,"q":-27,"r":209},"geometry":{"type":"Polygon","coordinates":[[[-6.32,54.17854926075448],[-6.4,54.31711332535999],[-6.5600000000000005,54.31711332535999],[-6.640000000000001,54.17854926075448],[-6.5600000000000005,54.03998519614897],[-6.4,54.03998519614897],[-6.32,54.17854926075448]]]}},{"type":"Feature","properties":{"count":33,"q":-17,"r":192},"geometry":{"type":"Polygon","coordinates":[[[-3.92,50.85301171022223],[-4.0,50.991575774827744],[-4.16,50.991575774827744],[-4.24,50.85301171022223],[-4.16,50.71444764561672],[-4.0,50.71444764561672],[-3.92,50.85301171022223]]]}},{"type":"Feature","properties":{"count":33,"q":-17,"r":201},"geometry":{"type":"Polygon","coordinates":[[[-3.92,53.347164873121415],[-4.0,53.485728937726925],[-4.16,53.485728937726925],[-4.24,53.347164873121415],[-4.16,53.208600808515904],[-4.0,53.208600808515904],[-3.92,53.347164873121415]]]}},{"type":"Feature","properties":{"count":33,"q":-16,"r":191},"geometry":{"type":"Polygon","coordinates":[[[-3.6799999999999997,50.71444764561673],[-3.76,50.85301171022224],[-3.92,50.85301171022224],[-4.0,50.71444764561673],[-3.92,50.57588358101122],[-3.76,50.57588358101122],[-3.6799999999999997,50.71444764561673]]]}},{"type":"Feature","properties":{"count":33,"q":-2,"r":196},"geometry":{"type":"Polygon","coordinates":[[[-0.31999999999999995,54.03998519614896],[-0.39999999999999997,54.17854926075447],[-0.5599999999999999,54.17854926075447],[-0.64,54.03998519614896],[-0.56,53.90142113154345],[-0.39999999999999997,53.90142113154345],[-0.31999999999999995,54.03998519614896]]]}},{"type":"Feature","properties":{"count":33,"q":0,"r":190},"geometry":{"type":"Polygon","coordinates":[[[0.16,52.65434455009387],[0.08000000000000002,52.79290861469938],[-0.07999999999999996,52.79290861469938],[-0.16,52.65434455009387],[-0.08000000000000007,52.51578048548836],[0.08000000000000002,52.51578048548836],[0.16,52.65434455009387]]]}},{"type":"Feature","properties":{"count":32,"q":-35,"r":206},"geometry":{"type":"Polygon","coordinates":[[[-8.24,52.238652356277335],[-8.32,52.377216420882846],[-8.48,52.377216420882846],[-8.56,52.238652356277335],[-8.48,52.100088291671824],[-8.32,52.100088291671824],[-8.24,52.238652356277335]]]}},{"type":"Feature","properties":{"count":32,"q":-33,"r":204},"geometry":{"type":"Polygon","coordinates":[[[-7.76,51.96152422706631],[-7.84,52.100088291671824],[-8.0,52.100088291671824],[-8.08,51.96152422706631],[-8.0,51.8229601624608],[-7.84,51.8229601624608],[-7.76,51.96152422706631]]]}},{"type":"Feature","properties":{"count":32,"q":-33,"r":208},"geometry":{"type":"Polygon","coordinates":[[[-7.76,53.0700367439104],[-7.84,53.20860080851591],[-8.0,53.20860080851591],[-8.08,53.0700367439104],[-8.0,52.93147267930489],[-7.84,52.93147267930489],[-7.76,53.0700367439104]]]}},{"type":"Feature","properties":{"count":32,"q":-31,"r":208},"geometry":{"type":"Polygon","coordinates":[[[-7.28,53.34716487312142],[-7.36,53.48572893772693],[-7.5200000000000005,53.48572893772693],[-7.6000000000000005,53.34716487312142],[-7.5200000000000005,53.20860080851591],[-7.36,53.20860080851591],[-7.28,53.34716487312142]]]}},{"type":"Feature","properties":{"count":32,"q":-26,"r":203},"geometry":{"type":"Polygon","coordinates":[[[-6.08,52.65434455009387],[-6.16,52.79290861469938],[-6.32,52.79290861469938],[-6.4,52.65434455009387],[-6.32,52.51578048548836],[-6.16,52.51578048548836],[-6.08,52.65434455009387]]]}},{"type":"Feature","properties":{"count":32,"q":-25,"r":209},"geometry":{"type":"Polygon","coordinates":[[[-5.84,54.4556773899655],[-5.92,54.59424145457101],[-6.08,54.59424145457101],[-6.16,54.4556773899655],[-6.08,54.31711332535999],[-5.92,54.31711332535999],[-5.84,54.4556773899655]]]}},{"type":"Feature","properties":{"count":32,"q":-19,"r":191},"geometry":{"type":"Polygon","coordinates":[[[-4.4,50.2987554518002],[-4.48,50.43731951640571],[-4.640000000000001,50.43731951640571],[-4.720000000000001,50.2987554518002],[-4.640000000000001,50.160191387194686],[-4.48,50.160191387194686],[-4.4,50.2987554518002]]]}},{"type":"Feature","properties":{"count":32,"q":-12,"r":209},"geometry":{"type":"Polygon","coordinates":[[[-2.7199999999999998,56.257010229837135],[-2.8,56.395574294442646],[-2.96,56.395574294442646],[-3.04,56.257010229837135],[-2.96,56.118446165231624],[-2.8,56.118446165231624],[-2.7199999999999998,56.257010229837135]]]}},{"type":"Feature","properties":{"count":32,"q":-11,"r":184},"geometry":{"type":"Polygon","coordinates":[[[-2.48,49.46737106416713],[-2.56,49.60593512877264],[-2.72,49.60593512877264],[-2.8000000000000003,49.46737106416713],[-2.72,49.32880699956162],[-2.56,49.32880699956162],[-2.48,49.46737106416713]]]}},{"type":"Feature","properties":{"count":32,"q":-8,"r":201},"geometry":{"type":"Polygon","coordinates":[[[-1.76,54.594241454571005],[-1.8399999999999999,54.732805519176516],[-2.0,54.732805519176516],[-2.08,54.594241454571005],[-2.0,54.455677389965494],[-1.8399999999999999,54.455677389965494],[-1.76,54.594241454571005]]]}},{"type":"Feature","properties":{"count":32,"q":-3,"r":194},"geometry":{"type":"Polygon","coordinates":[[[-0.5599999999999999,53.34716487312142],[-0.6399999999999999,53.48572893772693],[-0.7999999999999999,53.48572893772693],[-0.88,53.34716487312142],[-0.8,53.20860080851591],[-0.6399999999999999,53.20860080851591],[-0.5599999999999999,53.34716487312142]]]}},{"type":"Feature","properties":{"count":32,"q":-2,"r":192},"geometry":{"type":"Polygon","coordinates":[[[-0.31999999999999995,52.93147267930489],[-0.39999999999999997,53.0700367439104],[-0.5599999999999999,53.0700367439104],[-0.64,52.93147267930489],[-0.56,52.79290861469938],[-0.39999999999999997,52.79290861469938],[-0.31999999999999995,52.93147267930489]]]}},{"type":"Feature","properties":{"count":32,"q":4,"r":189},"geometry":{"type":"Polygon","coordinates":[[[1.1199999999999999,52.93147267930489],[1.04,53.0700367439104],[0.88,53.0700367439104],[0.7999999999999999,52.93147267930489],[0.8799999999999999,52.79290861469938],[1.04,52.79290861469938],[1.1199999999999999,52.93147267930489]]]}},{"type":"Feature","properties":{"count":31,"q":-12,"r":197},"geometry":{"type":"Polygon","coordinates":[[[-2.7199999999999998,52.93147267930489],[-2.8,53.0700367439104],[-2.96,53.0700367439104],[-3.04,52.93147267930489],[-2.96,52.79290861469938],[-2.8,52.79290861469938],[-2.7199999999999998,52.93147267930489]]]}},{"type":"Feature","properties":{"count":30,"q":-37,"r":205},"geometry":{"type":"Polygon","coordinates":[[[-8.72,51.6843960978553],[-8.8,51.82296016246081],[-8.96,51.82296016246081],[-9.040000000000001,51.6843960978553],[-8.96,51.54583203324979],[-8.8,51.54583203324979],[-8.72,51.6843960978553]]]}},{"type":"Feature","properties":{"count":30,"q":-28,"r":205},"geometry":{"type":"Polygon","coordinates":[[[-6.56,52.93147267930489],[-6.64,53.0700367439104],[-6.8,53.0700367439104],[-6.88,52.93147267930489],[-6.8,52.79290861469938],[-6.64,52.79290861469938],[-6.56,52.93147267930489]]]}},{"type":"Feature","properties":{"count":30,"q":-28,"r":209},"geometry":{"type":"Polygon","coordinates":[[[-6.56,54.039985196148976],[-6.64,54.17854926075449],[-6.8,54.17854926075449],[-6.88,54.039985196148976],[-6.8,53.901421131543465],[-6.64,53.901421131543465],[-6.56,54.039985196148976]]]}},{"type":"Feature","properties":{"count":30,"q":-3,"r":196},"geometry":{"type":"Polygon","coordinates":[[[-0.5599999999999999,53.90142113154346],[-0.6399999999999999,54.03998519614897],[-0.7999999999999999,54.03998519614897],[-0.88,53.90142113154346],[-0.8,53.76285706693795],[-0.6399999999999999,53.76285706693795],[-0.5599999999999999,53.90142113154346]]]}},{"type":"Feature","properties":{"count":30,"q":0,"r":194},"geometry":{"type":"Polygon","coordinates":[[[0.16,53.762857066937954],[0.08000000000000002,53.901421131543465],[-0.07999999999999996,53.901421131543465],[-0.16,53.762857066937954],[-0.08000000000000007,53.62429300233244],[0.08000000000000002,53.62429300233244],[0.16,53.762857066937954]]]}},{"type":"Feature","properties":{"count":29,"q":-32,"r":204},"geometry":{"type":"Polygon","coordinates":[[[-7.52,52.10008829167182],[-7.6,52.23865235627733],[-7.76,52.23865235627733],[-7.84,52.10008829167182],[-7.76,51.961524227066306],[-7.6,51.961524227066306],[-7.52,52.10008829167182]]]}},{"type":"Feature","properties":{"count":29,"q":-27,"r":207},"geometry":{"type":"Polygon","coordinates":[[[-6.32,53.624293002332436],[-6.4,53.76285706693795],[-6.5600000000000005,53.76285706693795],[-6.640000000000001,53.624293002332436],[-6.5600000000000005,53.485728937726925],[-6.4,53.485728937726925],[-6.32,53.624293002332436]]]}},{"type":"Feature","properties":{"count":29,"q":-26,"r":207},"geometry":{"type":"Polygon","coordinates":[[[-6.08,53.76285706693794],[-6.16,53.90142113154345],[-6.32,53.90142113154345],[-6.4,53.76285706693794],[-6.32,53.62429300233243],[-6.16,53.62429300233243],[-6.08,53.76285706693794]]]}},{"type":"Feature","properties":{"count":29,"q":-20,"r":197},"geometry":{"type":"Polygon","coordinates":[[[-4.64,51.8229601624608],[-4.72,51.96152422706631],[-4.88,51.96152422706631],[-4.96,51.8229601624608],[-4.88,51.68439609785529],[-4.72,51.68439609785529],[-4.64,51.8229601624608]]]}},{"type":"Feature","properties":{"count":29,"q":-16,"r":195},"geometry":{"type":"Polygon","coordinates":[[[-3.6799999999999997,51.8229601624608],[-3.76,51.96152422706631],[-3.92,51.96152422706631],[-4.0,51.8229601624608],[-3.92,51.68439609785529],[-3.76,51.68439609785529],[-3.6799999999999997,51.8229601624608]]]}},{"type":"Feature","properties":{"count":29,"q":-13,"r":195},"geometry":{"type":"Polygon","coordinates":[[[-2.96,52.238652356277335],[-3.04,52.377216420882846],[-3.2,52.377216420882846],[-3.2800000000000002,52.238652356277335],[-3.2,52.100088291671824],[-3.04,52.100088291671824],[-2.96,52.238652356277335]]]}},{"type":"Feature","properties":{"count":29,"q":-12,"r":194},"geometry":{"type":"Polygon","coordinates":[[[-2.7199999999999998,52.10008829167183],[-2.8,52.23865235627734],[-2.96,52.23865235627734],[-3.04,52.10008829167183],[-2.96,51.96152422706632],[-2.8,51.96152422706632],[-2.7199999999999998,52.10008829167183]]]}},{"type":"Feature","properties":{"count":29,"q":-9,"r":203},"geometry":{"type":"Polygon","coordinates":[[[-2.0,55.009933648387545],[-2.08,55.148497712993056],[-2.24,55.148497712993056],[-2.3200000000000003,55.009933648387545],[-2.24,54.871369583782034],[-2.08,54.871369583782034],[-2.0,55.009933648387545]]]}},{"type":"Feature","properties":{"count":29,"q":-8,"r":200},"geometry":{"type":"Polygon","coordinates":[[[-1.76,54.31711332535999],[-1.8399999999999999,54.4556773899655],[-2.0,54.4556773899655],[-2.08,54.31711332535999],[-2.0,54.17854926075448],[-1.8399999999999999,54.17854926075448],[-1.76,54.31711332535999]]]}},{"type":"Feature","properties":{"count":29,"q":1,"r":190},"geometry":{"type":"Polygon","coordinates":[[[0.4,52.79290861469937],[0.32,52.93147267930488],[0.16000000000000003,52.93147267930488],[0.07999999999999999,52.79290861469937],[0.15999999999999992,52.65434455009386],[0.32,52.65434455009386],[0.4,52.79290861469937]]]}},{"type":"Feature","properties":{"count":28,"q":-27,"r":202},"geometry":{"type":"Polygon","coordinates":[[[-6.32,52.238652356277335],[-6.4,52.377216420882846],[-6.5600000000000005,52.377216420882846],[-6.640000000000001,52.238652356277335],[-6.5600000000000005,52.100088291671824],[-6.4,52.100088291671824],[-6.32,52.238652356277335]]]}},{"type":"Feature","properties":{"count":28,"q":-14,"r":210},"geometry":{"type":"Polygon","coordinates":[[[-3.1999999999999997,56.25701022983713],[-3.28,56.39557429444264],[-3.44,56.39557429444264],[-3.52,56.25701022983713],[-3.44,56.11844616523162],[-3.28,56.11844616523162],[-3.1999999999999997,56.25701022983713]]]}},{"type":"Feature","properties":{"count":28,"q":-8,"r":205},"geometry":{"type":"Polygon","coordinates":[[[-1.76,55.702753971415085],[-1.8399999999999999,55.841318036020596],[-2.0,55.841318036020596],[-2.08,55.702753971415085],[-2.0,55.564189906809574],[-1.8399999999999999,55.564189906809574],[-1.76,55.702753971415085]]]}},{"type":"Feature","properties":{"count":28,"q":3,"r":188},"geometry":{"type":"Polygon","coordinates":[[[0.88,52.51578048548836],[0.8,52.65434455009387],[0.64,52.65434455009387],[0.5599999999999999,52.51578048548836],[0.6399999999999999,52.377216420882846],[0.8,52.377216420882846],[0.88,52.51578048548836]]]}},{"type":"Feature","properties":{"count":28,"q":7,"r":185},"geometry":{"type":"Polygon","coordinates":[[[1.8399999999999999,52.238652356277335],[1.76,52.377216420882846],[1.6,52.377216420882846],[1.52,52.238652356277335],[1.5999999999999999,52.100088291671824],[1.76,52.100088291671824],[1.8399999999999999,52.238652356277335]]]}},{"type":"Feature","properties":{"count":27,"q":-34,"r":206},"geometry":{"type":"Polygon","coordinates":[[[-8.0,52.37721642088285],[-8.08,52.515780485488364],[-8.24,52.515780485488364],[-8.32,52.37721642088285],[-8.24,52.23865235627734],[-8.08,52.23865235627734],[-8.0,52.37721642088285]]]}},{"type":"Feature","properties":{"count":27,"q":-29,"r":203},"geometry":{"type":"Polygon","coordinates":[[[-6.8,52.238652356277335],[-6.88,52.377216420882846],[-7.04,52.377216420882846],[-7.12,52.238652356277335],[-7.04,52.100088291671824],[-6.88,52.100088291671824],[-6.8,52.238652356277335]]]}},{"type":"Feature","properties":{"count":27,"q":-26,"r":208},"geometry":{"type":"Polygon","coordinates":[[[-6.08,54.03998519614896],[-6.16,54.17854926075447],[-6.32,54.17854926075447],[-6.4,54.03998519614896],[-6.32,53.90142113154345],[-6.16,53.90142113154345],[-6.08,54.03998519614896]]]}},{"type":"Feature","properties":{"count":27,"q":-25,"r":204},"geometry":{"type":"Polygon","coordinates":[[[-5.84,53.0700367439104],[-5.92,53.20860080851591],[-6.08,53.20860080851591],[-6.16,53.0700367439104],[-6.08,52.93147267930489],[-5.92,52.93147267930489],[-5.84,53.0700367439104]]]}},{"type":"Feature","properties":{"count":27,"q":-18,"r":193},"geometry":{"type":"Polygon","coordinates":[[[-4.16,50.991575774827744],[-4.24,51.130139839433255],[-4.4,51.130139839433255],[-4.48,50.991575774827744],[-4.4,50.85301171022223],[-4.24,50.85301171022223],[-4.16,50.991575774827744]]]}},{"type":"Feature","properties":{"count":27,"q":-17,"r":211},"geometry":{"type":"Polygon","coordinates":[[[-3.92,56.11844616523162],[-4.0,56.25701022983713],[-4.16,56.25701022983713],[-4.24,56.11844616523162],[-4.16,55.97988210062611],[-4.0,55.97988210062611],[-3.92,56.11844616523162]]]}},{"type":"Feature","properties":{"count":27,"q":-13,"r":196},"geometry":{"type":"Polygon","coordinates":[[[-2.96,52.51578048548836],[-3.04,52.65434455009387],[-3.2,52.65434455009387],[-3.2800000000000002,52.51578048548836],[-3.2,52.377216420882846],[-3.04,52.377216420882846],[-2.96,52.51578048548836]]]}},{"type":"Feature","properties":{"count":27,"q":-13,"r":203},"geometry":{"type":"Polygon","coordinates":[[[-2.96,54.4556773899655],[-3.04,54.59424145457101],[-3.2,54.59424145457101],[-3.2800000000000002,54.4556773899655],[-3.2,54.31711332535999],[-3.04,54.31711332535999],[-2.96,54.4556773899655]]]}},{"type":"Feature","properties":{"count":27,"q":-11,"r":210},"geometry":{"type":"Polygon","coordinates":[[[-2.48,56.672702423653654],[-2.56,56.811266488259164],[-2.72,56.811266488259164],[-2.8000000000000003,56.672702423653654],[-2.72,56.53413835904814],[-2.56,56.53413835904814],[-2.48,56.672702423653654]]]}},{"type":"Feature","properties":{"count":27,"q":-5,"r":198},"geometry":{"type":"Polygon","coordinates":[[[-1.04,54.17854926075447],[-1.1199999999999999,54.31711332535998],[-1.2799999999999998,54.31711332535998],[-1.3599999999999999,54.17854926075447],[-1.28,54.03998519614896],[-1.1199999999999999,54.03998519614896],[-1.04,54.17854926075447]]]}},{"type":"Feature","properties":{"count":27,"q":0,"r":183},"geometry":{"type":"Polygon","coordinates":[[[0.16,50.71444764561673],[0.08000000000000002,50.85301171022224],[-0.07999999999999996,50.85301171022224],[-0.16,50.71444764561673],[-0.08000000000000007,50.57588358101122],[0.08000000000000002,50.57588358101122],[0.16,50.71444764561673]]]}},{"type":"Feature","properties":{"count":26,"q":-40,"r":209},"geometry":{"type":"Polygon","coordinates":[[[-9.44,52.37721642088285],[-9.52,52.515780485488364],[-9.68,52.515780485488364],[-9.76,52.37721642088285],[-9.68,52.23865235627734],[-9.52,52.23865235627734],[-9.44,52.37721642088285]]]}},{"type":"Feature","properties":{"count":26,"q":-39,"r":211},"geometry":{"type":"Polygon","coordinates":[[[-9.2,53.0700367439104],[-9.28,53.20860080851591],[-9.44,53.20860080851591],[-9.52,53.0700367439104],[-9.44,52.93147267930489],[-9.28,52.93147267930489],[-9.2,53.0700367439104]]]}},{"type":"Feature","properties":{"count":26,"q":-37,"r":211},"geometry":{"type":"Polygon","coordinates":[[[-8.72,53.34716487312142],[-8.8,53.48572893772693],[-8.96,53.48572893772693],[-9.040000000000001,53.34716487312142],[-8.96,53.20860080851591],[-8.8,53.20860080851591],[-8.72,53.34716487312142]]]}},{"type":"Feature","properties":{"count":26,"q":-32,"r":214},"geometry":{"type":"Polygon","coordinates":[[[-7.52,54.87136958378203],[-7.6,55.00993364838754],[-7.76,55.00993364838754],[-7.84,54.87136958378203],[-7.76,54.732805519176516],[-7.6,54.732805519176516],[-7.52,54.87136958378203]]]}},{"type":"Feature","properties":{"count":26,"q":-30,"r":209},"geometry":{"type":"Polygon","coordinates":[[[-7.04,53.762857066937954],[-7.12,53.901421131543465],[-7.28,53.901421131543465],[-7.36,53.762857066937954],[-7.28,53.62429300233244],[-7.12,53.62429300233244],[-7.04,53.762857066937954]]]}},{"type":"Feature","properties":{"count":26,"q":-18,"r":197},"geometry":{"type":"Polygon","coordinates":[[[-4.16,52.10008829167183],[-4.24,52.23865235627734],[-4.4,52.23865235627734],[-4.48,52.10008829167183],[-4.4,51.96152422706632],[-4.24,51.96152422706632],[-4.16,52.10008829167183]]]}},{"type":"Feature","properties":{"count":26,"q":-15,"r":206},"geometry":{"type":"Polygon","coordinates":[[[-3.44,55.009933648387545],[-3.52,55.148497712993056],[-3.68,55.148497712993056],[-3.7600000000000002,55.009933648387545],[-3.68,54.871369583782034],[-3.52,54.871369583782034],[-3.44,55.009933648387545]]]}},{"type":"Feature","properties":{"count":26,"q":-12,"r":203},"geometry":{"type":"Polygon","coordinates":[[[-2.7199999999999998,54.59424145457101],[-2.8,54.73280551917652],[-2.96,54.73280551917652],[-3.04,54.59424145457101],[-2.96,54.4556773899655],[-2.8,54.4556773899655],[-2.7199999999999998,54.59424145457101]]]}},{"type":"Feature","properties":{"count":25,"q":-39,"r":214},"geometry":{"type":"Polygon","coordinates":[[[-9.2,53.90142113154346],[-9.28,54.03998519614897],[-9.44,54.03998519614897],[-9.52,53.90142113154346],[-9.44,53.76285706693795],[-9.28,53.76285706693795],[-9.2,53.90142113154346]]]}},{"type":"Feature","properties":{"count":25,"q":-35,"r":207},"geometry":{"type":"Polygon","coordinates":[[[-8.24,52.51578048548835],[-8.32,52.65434455009386],[-8.48,52.65434455009386],[-8.56,52.51578048548835],[-8.48,52.37721642088284],[-8.32,52.37721642088284],[-8.24,52.51578048548835]]]}},{"type":"Feature","properties":{"count":25,"q":-34,"r":209},"geometry":{"type":"Polygon","coordinates":[[[-8.0,53.20860080851591],[-8.08,53.34716487312142],[-8.24,53.34716487312142],[-8.32,53.20860080851591],[-8.24,53.0700367439104],[-8.08,53.0700367439104],[-8.0,53.20860080851591]]]}},{"type":"Feature","properties":{"count":25,"q":-21,"r":198},"geometry":{"type":"Polygon","coordinates":[[[-4.88,51.96152422706631],[-4.96,52.100088291671824],[-5.12,52.100088291671824],[-5.2,51.96152422706631],[-5.12,51.8229601624608],[-4.96,51.8229601624608],[-4.88,51.96152422706631]]]}},{"type":"Feature","properties":{"count":25,"q":-17,"r":200},"geometry":{"type":"Polygon","coordinates":[[[-3.92,53.0700367439104],[-4.0,53.20860080851591],[-4.16,53.20860080851591],[-4.24,53.0700367439104],[-4.16,52.93147267930489],[-4.0,52.93147267930489],[-3.92,53.0700367439104]]]}},{"type":"Feature","properties":{"count":25,"q":-16,"r":211},"geometry":{"type":"Polygon","coordinates":[[[-3.6799999999999997,56.257010229837135],[-3.76,56.395574294442646],[-3.92,56.395574294442646],[-4.0,56.257010229837135],[-3.92,56.118446165231624],[-3.76,56.118446165231624],[-3.6799999999999997,56.257010229837135]]]}},{"type":"Feature","properties":{"count":25,"q":-9,"r":187},"geometry":{"type":"Polygon","coordinates":[[[-2.0,50.57588358101121],[-2.08,50.71444764561672],[-2.24,50.71444764561672],[-2.3200000000000003,50.57588358101121],[-2.24,50.4373195164057],[-2.08,50.4373195164057],[-2.0,50.57588358101121]]]}},{"type":"Feature","properties":{"count":24,"q":-37,"r":213},"geometry":{"type":"Polygon","coordinates":[[[-8.72,53.90142113154346],[-8.8,54.03998519614897],[-8.96,54.03998519614897],[-9.040000000000001,53.90142113154346],[-8.96,53.76285706693795],[-8.8,53.76285706693795],[-8.72,53.90142113154346]]]}},{"type":"Feature","properties":{"count":24,"q":-36,"r":207},"geometry":{"type":"Polygon","coordinates":[[[-8.48,52.377216420882846],[-8.56,52.51578048548836],[-8.72,52.51578048548836],[-8.8,52.377216420882846],[-8.72,52.238652356277335],[-8.56,52.238652356277335],[-8.48,52.377216420882846]]]}},{"type":"Feature","properties":{"count":24,"q":-36,"r":213},"geometry":{"type":"Polygon","coordinates":[[[-8.48,54.03998519614896],[-8.56,54.17854926075447],[-8.72,54.17854926075447],[-8.8,54.03998519614896],[-8.72,53.90142113154345],[-8.56,53.90142113154345],[-8.48,54.03998519614896]]]}},{"type":"Feature","properties":{"count":24,"q":-32,"r":208},"geometry":{"type":"Polygon","coordinates":[[[-7.52,53.208600808515904],[-7.6,53.347164873121415],[-7.76,53.347164873121415],[-7.84,53.208600808515904],[-7.76,53.07003674391039],[-7.6,53.07003674391039],[-7.52,53.208600808515904]]]}},{"type":"Feature","properties":{"count":24,"q":-31,"r":207},"geometry":{"type":"Polygon","coordinates":[[[-7.28,53.0700367439104],[-7.36,53.20860080851591],[-7.5200000000000005,53.20860080851591],[-7.6000000000000005,53.0700367439104],[-7.5200000000000005,52.93147267930489],[-7.36,52.93147267930489],[-7.28,53.0700367439104]]]}},{"type":"Feature","properties":{"count":24,"q":-30,"r":210},"geometry":{"type":"Polygon","coordinates":[[[-7.04,54.03998519614896],[-7.12,54.17854926075447],[-7.28,54.17854926075447],[-7.36,54.03998519614896],[-7.28,53.90142113154345],[-7.12,53.90142113154345],[-7.04,54.03998519614896]]]}},{"type":"Feature","properties":{"count":24,"q":-29,"r":207},"geometry":{"type":"Polygon","coordinates":[[[-6.8,53.347164873121415],[-6.88,53.485728937726925],[-7.04,53.485728937726925],[-7.12,53.347164873121415],[-7.04,53.208600808515904],[-6.88,53.208600808515904],[-6.8,53.347164873121415]]]}},{"type":"Feature","properties":{"count":24,"q":-26,"r":204},"geometry":{"type":"Polygon","coordinates":[[[-6.08,52.93147267930488],[-6.16,53.07003674391039],[-6.32,53.07003674391039],[-6.4,52.93147267930488],[-6.32,52.79290861469937],[-6.16,52.79290861469937],[-6.08,52.93147267930488]]]}},{"type":"Feature","properties":{"count":24,"q":-25,"r":208},"geometry":{"type":"Polygon","coordinates":[[[-5.84,54.17854926075448],[-5.92,54.31711332535999],[-6.08,54.31711332535999],[-6.16,54.17854926075448],[-6.08,54.03998519614897],[-5.92,54.03998519614897],[-5.84,54.17854926075448]]]}},{"type":"Feature","properties":{"count":24,"q":-14,"r":211},"geometry":{"type":"Polygon","coordinates":[[[-3.1999999999999997,56.53413835904815],[-3.28,56.67270242365366],[-3.44,56.67270242365366],[-3.52,56.53413835904815],[-3.44,56.39557429444264],[-3.28,56.39557429444264],[-3.1999999999999997,56.53413835904815]]]}},{"type":"Feature","properties":{"count":24,"q":-13,"r":205},"geometry":{"type":"Polygon","coordinates":[[[-2.96,55.009933648387545],[-3.04,55.148497712993056],[-3.2,55.148497712993056],[-3.2800000000000002,55.009933648387545],[-3.2,54.871369583782034],[-3.04,54.871369583782034],[-2.96,55.009933648387545]]]}},{"type":"Feature","properties":{"count":24,"q":-13,"r":210},"geometry":{"type":"Polygon","coordinates":[[[-2.96,56.39557429444264],[-3.04,56.53413835904815],[-3.2,56.53413835904815],[-3.2800000000000002,56.39557429444264],[-3.2,56.25701022983713],[-3.04,56.25701022983713],[-2.96,56.39557429444264]]]}},{"type":"Feature","properties":{"count":23,"q":-37,"r":206},"geometry":{"type":"Polygon","coordinates":[[[-8.72,51.96152422706632],[-8.8,52.10008829167183],[-8.96,52.10008829167183],[-9.040000000000001,51.96152422706632],[-8.96,51.82296016246081],[-8.8,51.82296016246081],[-8.72,51.96152422706632]]]}},{"type":"Feature","properties":{"count":23,"q":-34,"r":205},"geometry":{"type":"Polygon","coordinates":[[[-8.0,52.10008829167183],[-8.08,52.23865235627734],[-8.24,52.23865235627734],[-8.32,52.10008829167183],[-8.24,51.96152422706632],[-8.08,51.96152422706632],[-8.0,52.10008829167183]]]}},{"type":"Feature","properties":{"count":23,"q":-34,"r":212},"geometry":{"type":"Polygon","coordinates":[[[-8.0,54.039985196148976],[-8.08,54.17854926075449],[-8.24,54.17854926075449],[-8.32,54.039985196148976],[-8.24,53.901421131543465],[-8.08,53.901421131543465],[-8.0,54.039985196148976]]]}},{"type":"Feature","properties":{"count":23,"q":-31,"r":205},"geometry":{"type":"Polygon","coordinates":[[[-7.28,52.51578048548836],[-7.36,52.65434455009387],[-7.5200000000000005,52.65434455009387],[-7.6000000000000005,52.51578048548836],[-7.5200000000000005,52.377216420882846],[-7.36,52.377216420882846],[-7.28,52.51578048548836]]]}},{"type":"Feature","properties":{"count":23,"q":-31,"r":206},"geometry":{"type":"Polygon","coordinates":[[[-7.28,52.792908614699385],[-7.36,52.931472679304896],[-7.5200000000000005,52.931472679304896],[-7.6000000000000005,52.792908614699385],[-7.5200000000000005,52.654344550093874],[-7.36,52.654344550093874],[-7.28,52.792908614699385]]]}},{"type":"Feature","properties":{"count":23,"q":-30,"r":214},"geometry":{"type":"Polygon","coordinates":[[[-7.04,55.14849771299305],[-7.12,55.28706177759856],[-7.28,55.28706177759856],[-7.36,55.14849771299305],[-7.28,55.00993364838754],[-7.12,55.00993364838754],[-7.04,55.14849771299305]]]}},{"type":"Feature","properties":{"count":23,"q":-29,"r":209},"geometry":{"type":"Polygon","coordinates":[[[-6.8,53.90142113154346],[-6.88,54.03998519614897],[-7.04,54.03998519614897],[-7.12,53.90142113154346],[-7.04,53.76285706693795],[-6.88,53.76285706693795],[-6.8,53.90142113154346]]]}},{"type":"Feature","properties":{"count":23,"q":-27,"r":211},"geometry":{"type":"Polygon","coordinates":[[[-6.32,54.732805519176516],[-6.4,54.87136958378203],[-6.5600000000000005,54.87136958378203],[-6.640000000000001,54.732805519176516],[-6.5600000000000005,54.594241454571005],[-6.4,54.594241454571005],[-6.32,54.732805519176516]]]}},{"type":"Feature","properties":{"count":23,"q":-18,"r":216},"geometry":{"type":"Polygon","coordinates":[[[-4.16,57.36552274668121],[-4.24,57.50408681128672],[-4.4,57.50408681128672],[-4.48,57.36552274668121],[-4.4,57.2269586820757],[-4.24,57.2269586820757],[-4.16,57.36552274668121]]]}},{"type":"Feature","properties":{"count":23,"q":-17,"r":199},"geometry":{"type":"Polygon","coordinates":[[[-3.92,52.79290861469937],[-4.0,52.93147267930488],[-4.16,52.93147267930488],[-4.24,52.79290861469937],[-4.16,52.65434455009386],[-4.0,52.65434455009386],[-3.92,52.79290861469937]]]}},{"type":"Feature","properties":{"count":23,"q":-1,"r":193},"geometry":{"type":"Polygon","coordinates":[[[-0.07999999999999999,53.34716487312142],[-0.15999999999999998,53.48572893772693],[-0.31999999999999995,53.48572893772693],[-0.4,53.34716487312142],[-0.32000000000000006,53.20860080851591],[-0.15999999999999998,53.20860080851591],[-0.07999999999999999,53.34716487312142]]]}},{"type":"Feature","properties":{"count":22,"q":-36,"r":210},"geometry":{"type":"Polygon","coordinates":[[[-8.48,53.208600808515904],[-8.56,53.347164873121415],[-8.72,53.347164873121415],[-8.8,53.208600808515904],[-8.72,53.07003674391039],[-8.56,53.07003674391039],[-8.48,53.208600808515904]]]}},{"type":"Feature","properties":{"count":22,"q":-34,"r":214},"geometry":{"type":"Polygon","coordinates":[[[-8.0,54.59424145457101],[-8.08,54.73280551917652],[-8.24,54.73280551917652],[-8.32,54.59424145457101],[-8.24,54.4556773899655],[-8.08,54.4556773899655],[-8.0,54.59424145457101]]]}},{"type":"Feature","properties":{"count":22,"q":-33,"r":207},"geometry":{"type":"Polygon","coordinates":[[[-7.76,52.79290861469937],[-7.84,52.93147267930488],[-8.0,52.93147267930488],[-8.08,52.79290861469937],[-8.0,52.65434455009386],[-7.84,52.65434455009386],[-7.76,52.79290861469937]]]}},{"type":"Feature","properties":{"count":22,"q":-32,"r":209},"geometry":{"type":"Polygon","coordinates":[[[-7.52,53.485728937726925],[-7.6,53.624293002332436],[-7.76,53.624293002332436],[-7.84,53.485728937726925],[-7.76,53.347164873121415],[-7.6,53.347164873121415],[-7.52,53.485728937726925]]]}},{"type":"Feature","properties":{"count":22,"q":-19,"r":197},"geometry":{"type":"Polygon","coordinates":[[[-4.4,51.96152422706632],[-4.48,52.10008829167183],[-4.640000000000001,52.10008829167183],[-4.720000000000001,51.96152422706632],[-4.640000000000001,51.82296016246081],[-4.48,51.82296016246081],[-4.4,51.96152422706632]]]}},{"type":"Feature","properties":{"count":22,"q":-16,"r":209},"geometry":{"type":"Polygon","coordinates":[[[-3.6799999999999997,55.7027539714151],[-3.76,55.84131803602061],[-3.92,55.84131803602061],[-4.0,55.7027539714151],[-3.92,55.56418990680959],[-3.76,55.56418990680959],[-3.6799999999999997,55.7027539714151]]]}},{"type":"Feature","properties":{"count":22,"q":-14,"r":203},"geometry":{"type":"Polygon","coordinates":[[[-3.1999999999999997,54.31711332535999],[-3.28,54.4556773899655],[-3.44,54.4556773899655],[-3.52,54.31711332535999],[-3.44,54.17854926075448],[-3.28,54.17854926075448],[-3.1999999999999997,54.31711332535999]]]}},{"type":"Feature","properties":{"count":22,"q":-12,"r":208},"geometry":{"type":"Polygon","coordinates":[[[-2.7199999999999998,55.979882100626114],[-2.8,56.118446165231624],[-2.96,56.118446165231624],[-3.04,55.979882100626114],[-2.96,55.8413180360206],[-2.8,55.8413180360206],[-2.7199999999999998,55.979882100626114]]]}},{"type":"Feature","properties":{"count":22,"q":2,"r":190},"geometry":{"type":"Polygon","coordinates":[[[0.64,52.93147267930489],[0.56,53.0700367439104],[0.4,53.0700367439104],[0.31999999999999995,52.93147267930489],[0.3999999999999999,52.79290861469938],[0.56,52.79290861469938],[0.64,52.93147267930489]]]}},{"type":"Feature","properties":{"count":22,"q":6,"r":188},"geometry":{"type":"Polygon","coordinates":[[[1.5999999999999999,52.93147267930489],[1.52,53.0700367439104],[1.3599999999999999,53.0700367439104],[1.28,52.93147267930489],[1.3599999999999999,52.79290861469938],[1.52,52.79290861469938],[1.5999999999999999,52.93147267930489]]]}},{"type":"Feature","properties":{"count":21,"q":-35,"r":204},"geometry":{"type":"Polygon","coordinates":[[[-8.24,51.68439609785529],[-8.32,51.8229601624608],[-8.48,51.8229601624608],[-8.56,51.68439609785529],[-8.48,51.54583203324978],[-8.32,51.54583203324978],[-8.24,51.68439609785529]]]}},{"type":"Feature","properties":{"count":21,"q":-35,"r":216},"geometry":{"type":"Polygon","coordinates":[[[-8.24,55.00993364838753],[-8.32,55.14849771299304],[-8.48,55.14849771299304],[-8.56,55.00993364838753],[-8.48,54.87136958378202],[-8.32,54.87136958378202],[-8.24,55.00993364838753]]]}},{"type":"Feature","properties":{"count":21,"q":-33,"r":205},"geometry":{"type":"Polygon","coordinates":[[[-7.76,52.238652356277335],[-7.84,52.377216420882846],[-8.0,52.377216420882846],[-8.08,52.238652356277335],[-8.0,52.100088291671824],[-7.84,52.100088291671824],[-7.76,52.238652356277335]]]}},{"type":"Feature","properties":{"count":21,"q":-33,"r":206},"geometry":{"type":"Polygon","coordinates":[[[-7.76,52.51578048548836],[-7.84,52.65434455009387],[-8.0,52.65434455009387],[-8.08,52.51578048548836],[-8.0,52.377216420882846],[-7.84,52.377216420882846],[-7.76,52.51578048548836]]]}},{"type":"Feature","properties":{"count":21,"q":-32,"r":207},"geometry":{"type":"Polygon","coordinates":[[[-7.52,52.93147267930488],[-7.6,53.07003674391039],[-7.76,53.07003674391039],[-7.84,52.93147267930488],[-7.76,52.79290861469937],[-7.6,52.79290861469937],[-7.52,52.93147267930488]]]}},{"type":"Feature","properties":{"count":21,"q":-21,"r":193},"geometry":{"type":"Polygon","coordinates":[[[-4.88,50.57588358101121],[-4.96,50.71444764561672],[-5.12,50.71444764561672],[-5.2,50.57588358101121],[-5.12,50.4373195164057],[-4.96,50.4373195164057],[-4.88,50.57588358101121]]]}},{"type":"Feature","properties":{"count":21,"q":-19,"r":193},"geometry":{"type":"Polygon","coordinates":[[[-4.4,50.85301171022223],[-4.48,50.991575774827744],[-4.640000000000001,50.991575774827744],[-4.720000000000001,50.85301171022223],[-4.640000000000001,50.71444764561672],[-4.48,50.71444764561672],[-4.4,50.85301171022223]]]}},{"type":"Feature","properties":{"count":21,"q":-18,"r":192},"geometry":{"type":"Polygon","coordinates":[[[-4.16,50.71444764561673],[-4.24,50.85301171022224],[-4.4,50.85301171022224],[-4.48,50.71444764561673],[-4.4,50.57588358101122],[-4.24,50.57588358101122],[-4.16,50.71444764561673]]]}},{"type":"Feature","properties":{"count":21,"q":-17,"r":196},"geometry":{"type":"Polygon","coordinates":[[[-3.92,51.96152422706631],[-4.0,52.100088291671824],[-4.16,52.100088291671824],[-4.24,51.96152422706631],[-4.16,51.8229601624608],[-4.0,51.8229601624608],[-3.92,51.96152422706631]]]}},{"type":"Feature","properties":{"count":21,"q":-16,"r":192},"geometry":{"type":"Polygon","coordinates":[[[-3.6799999999999997,50.99157577482775],[-3.76,51.13013983943326],[-3.92,51.13013983943326],[-4.0,50.99157577482775],[-3.92,50.85301171022224],[-3.76,50.85301171022224],[-3.6799999999999997,50.99157577482775]]]}},{"type":"Feature","properties":{"count":21,"q":-15,"r":192},"geometry":{"type":"Polygon","coordinates":[[[-3.44,51.13013983943326],[-3.52,51.26870390403877],[-3.68,51.26870390403877],[-3.7600000000000002,51.13013983943326],[-3.68,50.99157577482775],[-3.52,50.99157577482775],[-3.44,51.13013983943326]]]}},{"type":"Feature","properties":{"count":21,"q":-10,"r":200},"geometry":{"type":"Polygon","coordinates":[[[-2.2399999999999998,54.039985196148976],[-2.32,54.17854926075449],[-2.48,54.17854926075449],[-2.56,54.039985196148976],[-2.48,53.901421131543465],[-2.32,53.901421131543465],[-2.2399999999999998,54.039985196148976]]]}},{"type":"Feature","properties":{"count":21,"q":-9,"r":200},"geometry":{"type":"Polygon","coordinates":[[[-2.0,54.17854926075448],[-2.08,54.31711332535999],[-2.24,54.31711332535999],[-2.3200000000000003,54.17854926075448],[-2.24,54.03998519614897],[-2.08,54.03998519614897],[-2.0,54.17854926075448]]]}},{"type":"Feature","properties":{"count":21,"q":-2,"r":194},"geometry":{"type":"Polygon","coordinates":[[[-0.31999999999999995,53.485728937726925],[-0.39999999999999997,53.624293002332436],[-0.5599999999999999,53.624293002332436],[-0.64,53.485728937726925],[-0.56,53.347164873121415],[-0.39999999999999997,53.347164873121415],[-0.31999999999999995,53.485728937726925]]]}},{"type":"Feature","properties":{"count":21,"q":7,"r":187},"geometry":{"type":"Polygon","coordinates":[[[1.8399999999999999,52.79290861469937],[1.76,52.93147267930488],[1.6,52.93147267930488],[1.52,52.79290861469937],[1.5999999999999999,52.65434455009386],[1.76,52.65434455009386],[1.8399999999999999,52.79290861469937]]]}},{"type":"Feature","properties":{"count":20,"q":-40,"r":206},"geometry":{"type":"Polygon","coordinates":[[[-9.44,51.54583203324979],[-9.52,51.6843960978553],[-9.68,51.6843960978553],[-9.76,51.54583203324979],[-9.68,51.40726796864428],[-9.52,51.40726796864428],[-9.44,51.54583203324979]]]}},{"type":"Feature","properties":{"count":20,"q":-37,"r":210},"geometry":{"type":"Polygon","coordinates":[[[-8.72,53.0700367439104],[-8.8,53.20860080851591],[-8.96,53.20860080851591],[-9.040000000000001,53.0700367439104],[-8.96,52.93147267930489],[-8.8,52.93147267930489],[-8.72,53.0700367439104]]]}},{"type":"Feature","properties":{"count":20,"q":-36,"r":211},"geometry":{"type":"Polygon","coordinates":[[[-8.48,53.485728937726925],[-8.56,53.624293002332436],[-8.72,53.624293002332436],[-8.8,53.485728937726925],[-8.72,53.347164873121415],[-8.56,53.347164873121415],[-8.48,53.485728937726925]]]}},{"type":"Feature","properties":{"count":20,"q":-29,"r":210},"geometry":{"type":"Polygon","coordinates":[[[-6.8,54.17854926075447],[-6.88,54.31711332535998],[-7.04,54.31711332535998],[-7.12,54.17854926075447],[-7.04,54.03998519614896],[-6.88,54.03998519614896],[-6.8,54.17854926075447]]]}},{"type":"Feature","properties":{"count":20,"q":-23,"r":193},"geometry":{"type":"Polygon","coordinates":[[[-5.36,50.29875545180019],[-5.44,50.4373195164057],[-5.6000000000000005,50.4373195164057],[-5.680000000000001,50.29875545180019],[-5.6000000000000005,50.16019138719468],[-5.44,50.16019138719468],[-5.36,50.29875545180019]]]}},{"type":"Feature","properties":{"count":20,"q":-20,"r":211},"geometry":{"type":"Polygon","coordinates":[[[-4.64,55.702753971415085],[-4.72,55.841318036020596],[-4.88,55.841318036020596],[-4.96,55.702753971415085],[-4.88,55.564189906809574],[-4.72,55.564189906809574],[-4.64,55.702753971415085]]]}},{"type":"Feature","properties":{"count":20,"q":-14,"r":197},"geometry":{"type":"Polygon","coordinates":[[[-3.1999999999999997,52.65434455009387],[-3.28,52.79290861469938],[-3.44,52.79290861469938],[-3.52,52.65434455009387],[-3.44,52.51578048548836],[-3.28,52.51578048548836],[-3.1999999999999997,52.65434455009387]]]}},{"type":"Feature","properties":{"count":20,"q":-11,"r":195},"geometry":{"type":"Polygon","coordinates":[[[-2.48,52.51578048548835],[-2.56,52.65434455009386],[-2.72,52.65434455009386],[-2.8000000000000003,52.51578048548835],[-2.72,52.37721642088284],[-2.56,52.37721642088284],[-2.48,52.51578048548835]]]}},{"type":"Feature","properties":{"count":20,"q":-10,"r":203},"geometry":{"type":"Polygon","coordinates":[[[-2.2399999999999998,54.871369583782034],[-2.32,55.009933648387545],[-2.48,55.009933648387545],[-2.56,54.871369583782034],[-2.48,54.73280551917652],[-2.32,54.73280551917652],[-2.2399999999999998,54.871369583782034]]]}},{"type":"Feature","properties":{"count":20,"q":-4,"r":198},"geometry":{"type":"Polygon","coordinates":[[[-0.7999999999999999,54.31711332535999],[-0.8799999999999999,54.4556773899655],[-1.04,54.4556773899655],[-1.1199999999999999,54.31711332535999],[-1.04,54.17854926075448],[-0.8799999999999999,54.17854926075448],[-0.7999999999999999,54.31711332535999]]]}},{"type":"Feature","properties":{"count":20,"q":5,"r":184},"geometry":{"type":"Polygon","coordinates":[[[1.3599999999999999,51.6843960978553],[1.28,51.82296016246081],[1.12,51.82296016246081],[1.04,51.6843960978553],[1.1199999999999999,51.54583203324979],[1.28,51.54583203324979],[1.3599999999999999,51.6843960978553]]]}},{"type":"Feature","properties":{"count":19,"q":-38,"r":205},"geometry":{"type":"Polygon","coordinates":[[[-8.96,51.54583203324978],[-9.040000000000001,51.68439609785529],[-9.200000000000001,51.68439609785529],[-9.280000000000001,51.54583203324978],[-9.200000000000001,51.40726796864427],[-9.040000000000001,51.40726796864427],[-8.96,51.54583203324978]]]}},{"type":"Feature","properties":{"count":19,"q":-32,"r":212},"geometry":{"type":"Polygon","coordinates":[[[-7.52,54.31711332535999],[-7.6,54.4556773899655],[-7.76,54.4556773899655],[-7.84,54.31711332535999],[-7.76,54.17854926075448],[-7.6,54.17854926075448],[-7.52,54.31711332535999]]]}},{"type":"Feature","properties":{"count":19,"q":-24,"r":208},"geometry":{"type":"Polygon","coordinates":[[[-5.6,54.31711332535999],[-5.68,54.4556773899655],[-5.84,54.4556773899655],[-5.92,54.31711332535999],[-5.84,54.17854926075448],[-5.68,54.17854926075448],[-5.6,54.31711332535999]]]}},{"type":"Feature","properties":{"count":19,"q":-14,"r":195},"geometry":{"type":"Polygon","coordinates":[[[-3.1999999999999997,52.10008829167182],[-3.28,52.23865235627733],[-3.44,52.23865235627733],[-3.52,52.10008829167182],[-3.44,51.961524227066306],[-3.28,51.961524227066306],[-3.1999999999999997,52.10008829167182]]]}},{"type":"Feature","properties":{"count":19,"q":-14,"r":196},"geometry":{"type":"Polygon","coordinates":[[[-3.1999999999999997,52.377216420882846],[-3.28,52.51578048548836],[-3.44,52.51578048548836],[-3.52,52.377216420882846],[-3.44,52.238652356277335],[-3.28,52.238652356277335],[-3.1999999999999997,52.377216420882846]]]}},{"type":"Feature","properties":{"count":19,"q":-12,"r":195},"geometry":{"type":"Polygon","coordinates":[[[-2.7199999999999998,52.377216420882846],[-2.8,52.51578048548836],[-2.96,52.51578048548836],[-3.04,52.377216420882846],[-2.96,52.238652356277335],[-2.8,52.238652356277335],[-2.7199999999999998,52.377216420882846]]]}},{"type":"Feature","properties":{"count":18,"q":-37,"r":208},"geometry":{"type":"Polygon","coordinates":[[[-8.72,52.51578048548836],[-8.8,52.65434455009387],[-8.96,52.65434455009387],[-9.040000000000001,52.51578048548836],[-8.96,52.377216420882846],[-8.8,52.377216420882846],[-8.72,52.51578048548836]]]}},{"type":"Feature","properties":{"count":18,"q":-36,"r":209},"geometry":{"type":"Polygon","coordinates":[[[-8.48,52.93147267930489],[-8.56,53.0700367439104],[-8.72,53.0700367439104],[-8.8,52.93147267930489],[-8.72,52.79290861469938],[-8.56,52.79290861469938],[-8.48,52.93147267930489]]]}},{"type":"Feature","properties":{"count":18,"q":-32,"r":210},"geometry":{"type":"Polygon","coordinates":[[[-7.52,53.76285706693794],[-7.6,53.90142113154345],[-7.76,53.90142113154345],[-7.84,53.76285706693794],[-7.76,53.62429300233243],[-7.6,53.62429300233243],[-7.52,53.76285706693794]]]}},{"type":"Feature","properties":{"count":18,"q":-30,"r":207},"geometry":{"type":"Polygon","coordinates":[[[-7.04,53.208600808515904],[-7.12,53.347164873121415],[-7.28,53.347164873121415],[-7.36,53.208600808515904],[-7.28,53.07003674391039],[-7.12,53.07003674391039],[-7.04,53.208600808515904]]]}},{"type":"Feature","properties":{"count":18,"q":-30,"r":208},"geometry":{"type":"Polygon","coordinates":[[[-7.04,53.485728937726925],[-7.12,53.624293002332436],[-7.28,53.624293002332436],[-7.36,53.485728937726925],[-7.28,53.347164873121415],[-7.12,53.347164873121415],[-7.04,53.485728937726925]]]}},{"type":"Feature","properties":{"count":18,"q":-27,"r":204},"geometry":{"type":"Polygon","coordinates":[[[-6.32,52.79290861469937],[-6.4,52.93147267930488],[-6.5600000000000005,52.93147267930488],[-6.640000000000001,52.79290861469937],[-6.5600000000000005,52.65434455009386],[-6.4,52.65434455009386],[-6.32,52.79290861469937]]]}},{"type":"Feature","properties":{"count":18,"q":-17,"r":216},"geometry":{"type":"Polygon","coordinates":[[[-3.92,57.50408681128672],[-4.0,57.64265087589223],[-4.16,57.64265087589223],[-4.24,57.50408681128672],[-4.16,57.36552274668121],[-4.0,57.36552274668121],[-3.92,57.50408681128672]]]}},{"type":"Feature","properties":{"count":18,"q":-16,"r":189},"geometry":{"type":"Polygon","coordinates":[[[-3.6799999999999997,50.16019138719469],[-3.76,50.298755451800204],[-3.92,50.298755451800204],[-4.0,50.16019138719469],[-3.92,50.02162732258918],[-3.76,50.02162732258918],[-3.6799999999999997,50.16019138719469]]]}},{"type":"Feature","properties":{"count":18,"q":-15,"r":210},"geometry":{"type":"Polygon","coordinates":[[[-3.44,56.11844616523162],[-3.52,56.25701022983713],[-3.68,56.25701022983713],[-3.7600000000000002,56.11844616523162],[-3.68,55.97988210062611],[-3.52,55.97988210062611],[-3.44,56.11844616523162]]]}},{"type":"Feature","properties":{"count":18,"q":-14,"r":198},"geometry":{"type":"Polygon","coordinates":[[[-3.1999999999999997,52.93147267930488],[-3.28,53.07003674391039],[-3.44,53.07003674391039],[-3.52,52.93147267930488],[-3.44,52.79290861469937],[-3.28,52.79290861469937],[-3.1999999999999997,52.93147267930488]]]}},{"type":"Feature","properties":{"count":17,"q":-40,"r":212},"geometry":{"type":"Polygon","coordinates":[[[-9.44,53.20860080851591],[-9.52,53.34716487312142],[-9.68,53.34716487312142],[-9.76,53.20860080851591],[-9.68,53.0700367439104],[-9.52,53.0700367439104],[-9.44,53.20860080851591]]]}},{"type":"Feature","properties":{"count":17,"q":-38,"r":207},"geometry":{"type":"Polygon","coordinates":[[[-8.96,52.10008829167182],[-9.040000000000001,52.23865235627733],[-9.200000000000001,52.23865235627733],[-9.280000000000001,52.10008829167182],[-9.200000000000001,51.961524227066306],[-9.040000000000001,51.961524227066306],[-8.96,52.10008829167182]]]}},{"type":"Feature","properties":{"count":17,"q":-38,"r":213},"geometry":{"type":"Polygon","coordinates":[[[-8.96,53.76285706693794],[-9.040000000000001,53.90142113154345],[-9.200000000000001,53.90142113154345],[-9.280000000000001,53.76285706693794],[-9.200000000000001,53.62429300233243],[-9.040000000000001,53.62429300233243],[-8.96,53.76285706693794]]]}},{"type":"Feature","properties":{"count":17,"q":-38,"r":214},"geometry":{"type":"Polygon","coordinates":[[[-8.96,54.03998519614896],[-9.040000000000001,54.17854926075447],[-9.200000000000001,54.17854926075447],[-9.280000000000001,54.03998519614896],[-9.200000000000001,53.90142113154345],[-9.040000000000001,53.90142113154345],[-8.96,54.03998519614896]]]}},{"type":"Feature","properties":{"count":17,"q":-35,"r":212},"geometry":{"type":"Polygon","coordinates":[[[-8.24,53.90142113154346],[-8.32,54.03998519614897],[-8.48,54.03998519614897],[-8.56,53.90142113154346],[-8.48,53.76285706693795],[-8.32,53.76285706693795],[-8.24,53.90142113154346]]]}},{"type":"Feature","properties":{"count":17,"q":-32,"r":211},"geometry":{"type":"Polygon","coordinates":[[[-7.52,54.03998519614896],[-7.6,54.17854926075447],[-7.76,54.17854926075447],[-7.84,54.03998519614896],[-7.76,53.90142113154345],[-7.6,53.90142113154345],[-7.52,54.03998519614896]]]}},{"type":"Feature","properties":{"count":17,"q":-26,"r":211},"geometry":{"type":"Polygon","coordinates":[[[-6.08,54.87136958378203],[-6.16,55.00993364838754],[-6.32,55.00993364838754],[-6.4,54.87136958378203],[-6.32,54.732805519176516],[-6.16,54.732805519176516],[-6.08,54.87136958378203]]]}},{"type":"Feature","properties":{"count":17,"q":-20,"r":198},"geometry":{"type":"Polygon","coordinates":[[[-4.64,52.10008829167182],[-4.72,52.23865235627733],[-4.88,52.23865235627733],[-4.96,52.10008829167182],[-4.88,51.961524227066306],[-4.72,51.961524227066306],[-4.64,52.10008829167182]]]}},{"type":"Feature","properties":{"count":17,"q":-17,"r":197},"geometry":{"type":"Polygon","coordinates":[[[-3.92,52.238652356277335],[-4.0,52.377216420882846],[-4.16,52.377216420882846],[-4.24,52.238652356277335],[-4.16,52.100088291671824],[-4.0,52.100088291671824],[-3.92,52.238652356277335]]]}},{"type":"Feature","properties":{"count":17,"q":3,"r":189},"geometry":{"type":"Polygon","coordinates":[[[0.88,52.792908614699385],[0.8,52.931472679304896],[0.64,52.931472679304896],[0.5599999999999999,52.792908614699385],[0.6399999999999999,52.654344550093874],[0.8,52.654344550093874],[0.88,52.792908614699385]]]}},{"type":"Feature","properties":{"count":16,"q":-42,"r":214},"geometry":{"type":"Polygon","coordinates":[[[-9.92,53.485728937726925],[-10.0,53.624293002332436],[-10.16,53.624293002332436],[-10.24,53.485728937726925],[-10.16,53.347164873121415],[-10.0,53.347164873121415],[-9.92,53.485728937726925]]]}},{"type":"Feature","properties":{"count":16,"q":-40,"r":207},"geometry":{"type":"Polygon","coordinates":[[[-9.44,51.8229601624608],[-9.52,51.96152422706631],[-9.68,51.96152422706631],[-9.76,51.8229601624608],[-9.68,51.68439609785529],[-9.52,51.68439609785529],[-9.44,51.8229601624608]]]}},{"type":"Feature","properties":{"count":16,"q":-39,"r":210},"geometry":{"type":"Polygon","coordinates":[[[-9.2,52.79290861469937],[-9.28,52.93147267930488],[-9.44,52.93147267930488],[-9.52,52.79290861469937],[-9.44,52.65434455009386],[-9.28,52.65434455009386],[-9.2,52.79290861469937]]]}},{"type":"Feature","properties":{"count":16,"q":-29,"r":213},"geometry":{"type":"Polygon","coordinates":[[[-6.8,55.00993364838753],[-6.88,55.14849771299304],[-7.04,55.14849771299304],[-7.12,55.00993364838753],[-7.04,54.87136958378202],[-6.88,54.87136958378202],[-6.8,55.00993364838753]]]}},{"type":"Feature","properties":{"count":16,"q":-25,"r":203},"geometry":{"type":"Polygon","coordinates":[[[-5.84,52.792908614699385],[-5.92,52.931472679304896],[-6.08,52.931472679304896],[-6.16,52.792908614699385],[-6.08,52.654344550093874],[-5.92,52.654344550093874],[-5.84,52.792908614699385]]]}},{"type":"Feature","properties":{"count":16,"q":-25,"r":206},"geometry":{"type":"Polygon","coordinates":[[[-5.84,53.62429300233244],[-5.92,53.762857066937954],[-6.08,53.762857066937954],[-6.16,53.62429300233244],[-6.08,53.48572893772693],[-5.92,53.48572893772693],[-5.84,53.62429300233244]]]}},{"type":"Feature","properties":{"count":16,"q":-10,"r":202},"geometry":{"type":"Polygon","coordinates":[[[-2.2399999999999998,54.59424145457101],[-2.32,54.73280551917652],[-2.48,54.73280551917652],[-2.56,54.59424145457101],[-2.48,54.4556773899655],[-2.32,54.4556773899655],[-2.2399999999999998,54.59424145457101]]]}},{"type":"Feature","properties":{"count":16,"q":-10,"r":210},"geometry":{"type":"Polygon","coordinates":[[[-2.2399999999999998,56.81126648825917],[-2.32,56.94983055286468],[-2.48,56.94983055286468],[-2.56,56.81126648825917],[-2.48,56.67270242365366],[-2.32,56.67270242365366],[-2.2399999999999998,56.81126648825917]]]}},{"type":"Feature","properties":{"count":15,"q":-37,"r":212},"geometry":{"type":"Polygon","coordinates":[[[-8.72,53.62429300233244],[-8.8,53.762857066937954],[-8.96,53.762857066937954],[-9.040000000000001,53.62429300233244],[-8.96,53.48572893772693],[-8.8,53.48572893772693],[-8.72,53.62429300233244]]]}},{"type":"Feature","properties":{"count":15,"q":-35,"r":209},"geometry":{"type":"Polygon","coordinates":[[[-8.24,53.0700367439104],[-8.32,53.20860080851591],[-8.48,53.20860080851591],[-8.56,53.0700367439104],[-8.48,52.93147267930489],[-8.32,52.93147267930489],[-8.24,53.0700367439104]]]}},{"type":"Feature","properties":{"count":15,"q":-28,"r":210},"geometry":{"type":"Polygon","coordinates":[[[-6.56,54.31711332535999],[-6.64,54.4556773899655],[-6.8,54.4556773899655],[-6.88,54.31711332535999],[-6.8,54.17854926075448],[-6.64,54.17854926075448],[-6.56,54.31711332535999]]]}},{"type":"Feature","properties":{"count":15,"q":-28,"r":213},"geometry":{"type":"Polygon","coordinates":[[[-6.56,55.14849771299305],[-6.64,55.28706177759856],[-6.8,55.28706177759856],[-6.88,55.14849771299305],[-6.8,55.00993364838754],[-6.64,55.00993364838754],[-6.56,55.14849771299305]]]}},{"type":"Feature","properties":{"count":15,"q":-27,"r":210},"geometry":{"type":"Polygon","coordinates":[[[-6.32,54.455677389965494],[-6.4,54.594241454571005],[-6.5600000000000005,54.594241454571005],[-6.640000000000001,54.455677389965494],[-6.5600000000000005,54.31711332535998],[-6.4,54.31711332535998],[-6.32,54.455677389965494]]]}},{"type":"Feature","properties":{"count":15,"q":-19,"r":192},"geometry":{"type":"Polygon","coordinates":[[[-4.4,50.575883581011226],[-4.48,50.71444764561674],[-4.640000000000001,50.71444764561674],[-4.720000000000001,50.575883581011226],[-4.640000000000001,50.437319516405715],[-4.48,50.437319516405715],[-4.4,50.575883581011226]]]}},{"type":"Feature","properties":{"count":15,"q":-18,"r":202},"geometry":{"type":"Polygon","coordinates":[[[-4.16,53.485728937726925],[-4.24,53.624293002332436],[-4.4,53.624293002332436],[-4.48,53.485728937726925],[-4.4,53.347164873121415],[-4.24,53.347164873121415],[-4.16,53.485728937726925]]]}},{"type":"Feature","properties":{"count":15,"q":-14,"r":205},"geometry":{"type":"Polygon","coordinates":[[[-3.1999999999999997,54.87136958378203],[-3.28,55.00993364838754],[-3.44,55.00993364838754],[-3.52,54.87136958378203],[-3.44,54.732805519176516],[-3.28,54.732805519176516],[-3.1999999999999997,54.87136958378203]]]}},{"type":"Feature","properties":{"count":15,"q":-11,"r":206},"geometry":{"type":"Polygon","coordinates":[[[-2.48,55.56418990680958],[-2.56,55.70275397141509],[-2.72,55.70275397141509],[-2.8000000000000003,55.56418990680958],[-2.72,55.42562584220407],[-2.56,55.42562584220407],[-2.48,55.56418990680958]]]}},{"type":"Feature","properties":{"count":15,"q":-7,"r":204},"geometry":{"type":"Polygon","coordinates":[[[-1.52,55.56418990680958],[-1.5999999999999999,55.70275397141509],[-1.7599999999999998,55.70275397141509],[-1.8399999999999999,55.56418990680958],[-1.76,55.42562584220407],[-1.5999999999999999,55.42562584220407],[-1.52,55.56418990680958]]]}},{"type":"Feature","properties":{"count":14,"q":-40,"r":210},"geometry":{"type":"Polygon","coordinates":[[[-9.44,52.65434455009387],[-9.52,52.79290861469938],[-9.68,52.79290861469938],[-9.76,52.65434455009387],[-9.68,52.51578048548836],[-9.52,52.51578048548836],[-9.44,52.65434455009387]]]}},{"type":"Feature","properties":{"count":14,"q":-39,"r":206},"geometry":{"type":"Polygon","coordinates":[[[-9.2,51.6843960978553],[-9.28,51.82296016246081],[-9.44,51.82296016246081],[-9.52,51.6843960978553],[-9.44,51.54583203324979],[-9.28,51.54583203324979],[-9.2,51.6843960978553]]]}},{"type":"Feature","properties":{"count":14,"q":-39,"r":209},"geometry":{"type":"Polygon","coordinates":[[[-9.2,52.51578048548836],[-9.28,52.65434455009387],[-9.44,52.65434455009387],[-9.52,52.51578048548836],[-9.44,52.377216420882846],[-9.28,52.377216420882846],[-9.2,52.51578048548836]]]}},{"type":"Feature","properties":{"count":14,"q":-39,"r":215},"geometry":{"type":"Polygon","coordinates":[[[-9.2,54.17854926075448],[-9.28,54.31711332535999],[-9.44,54.31711332535999],[-9.52,54.17854926075448],[-9.44,54.03998519614897],[-9.28,54.03998519614897],[-9.2,54.17854926075448]]]}},{"type":"Feature","properties":{"count":14,"q":-35,"r":214},"geometry":{"type":"Polygon","coordinates":[[[-8.24,54.455677389965494],[-8.32,54.594241454571005],[-8.48,54.594241454571005],[-8.56,54.455677389965494],[-8.48,54.31711332535998],[-8.32,54.31711332535998],[-8.24,54.455677389965494]]]}},{"type":"Feature","properties":{"count":14,"q":-35,"r":215},"geometry":{"type":"Polygon","coordinates":[[[-8.24,54.732805519176516],[-8.32,54.87136958378203],[-8.48,54.87136958378203],[-8.56,54.732805519176516],[-8.48,54.594241454571005],[-8.32,54.594241454571005],[-8.24,54.732805519176516]]]}},{"type":"Feature","properties":{"count":14,"q":-34,"r":211},"geometry":{"type":"Polygon","coordinates":[[[-8.0,53.762857066937954],[-8.08,53.901421131543465],[-8.24,53.901421131543465],[-8.32,53.762857066937954],[-8.24,53.62429300233244],[-8.08,53.62429300233244],[-8.0,53.762857066937954]]]}},{"type":"Feature","properties":{"count":14,"q":-33,"r":211},"geometry":{"type":"Polygon","coordinates":[[[-7.76,53.90142113154346],[-7.84,54.03998519614897],[-8.0,54.03998519614897],[-8.08,53.90142113154346],[-8.0,53.76285706693795],[-7.84,53.76285706693795],[-7.76,53.90142113154346]]]}},{"type":"Feature","properties":{"count":14,"q":-30,"r":203},"geometry":{"type":"Polygon","coordinates":[[[-7.04,52.10008829167183],[-7.12,52.23865235627734],[-7.28,52.23865235627734],[-7.36,52.10008829167183],[-7.28,51.96152422706632],[-7.12,51.96152422706632],[-7.04,52.10008829167183]]]}},{"type":"Feature","properties":{"count":14,"q":-28,"r":203},"geometry":{"type":"Polygon","coordinates":[[[-6.56,52.37721642088285],[-6.64,52.515780485488364],[-6.8,52.515780485488364],[-6.88,52.37721642088285],[-6.8,52.23865235627734],[-6.64,52.23865235627734],[-6.56,52.37721642088285]]]}},{"type":"Feature","properties":{"count":14,"q":-25,"r":205},"geometry":{"type":"Polygon","coordinates":[[[-5.84,53.34716487312142],[-5.92,53.48572893772693],[-6.08,53.48572893772693],[-6.16,53.34716487312142],[-6.08,53.20860080851591],[-5.92,53.20860080851591],[-5.84,53.34716487312142]]]}},{"type":"Feature","properties":{"count":14,"q":-20,"r":193},"geometry":{"type":"Polygon","coordinates":[[[-4.64,50.71444764561672],[-4.72,50.85301171022223],[-4.88,50.85301171022223],[-4.96,50.71444764561672],[-4.88,50.57588358101121],[-4.72,50.57588358101121],[-4.64,50.71444764561672]]]}},{"type":"Feature","properties":{"count":14,"q":-18,"r":205},"geometry":{"type":"Polygon","coordinates":[[[-4.16,54.31711332535999],[-4.24,54.4556773899655],[-4.4,54.4556773899655],[-4.48,54.31711332535999],[-4.4,54.17854926075448],[-4.24,54.17854926075448],[-4.16,54.31711332535999]]]}},{"type":"Feature","properties":{"count":14,"q":-16,"r":193},"geometry":{"type":"Polygon","coordinates":[[[-3.6799999999999997,51.268703904038766],[-3.76,51.40726796864428],[-3.92,51.40726796864428],[-4.0,51.268703904038766],[-3.92,51.130139839433255],[-3.76,51.130139839433255],[-3.6799999999999997,51.268703904038766]]]}},{"type":"Feature","properties":{"count":14,"q":-10,"r":187},"geometry":{"type":"Polygon","coordinates":[[[-2.2399999999999998,50.43731951640571],[-2.32,50.57588358101122],[-2.48,50.57588358101122],[-2.56,50.43731951640571],[-2.48,50.2987554518002],[-2.32,50.2987554518002],[-2.2399999999999998,50.43731951640571]]]}},{"type":"Feature","properties":{"count":14,"q":-9,"r":205},"geometry":{"type":"Polygon","coordinates":[[[-2.0,55.56418990680958],[-2.08,55.70275397141509],[-2.24,55.70275397141509],[-2.3200000000000003,55.56418990680958],[-2.24,55.42562584220407],[-2.08,55.42562584220407],[-2.0,55.56418990680958]]]}},{"type":"Feature","properties":{"count":14,"q":2,"r":182},"geometry":{"type":"Polygon","coordinates":[[[0.64,50.71444764561673],[0.56,50.85301171022224],[0.4,50.85301171022224],[0.31999999999999995,50.71444764561673],[0.3999999999999999,50.57588358101122],[0.56,50.57588358101122],[0.64,50.71444764561673]]]}},{"type":"Feature","properties":{"count":13,"q":-41,"r":207},"geometry":{"type":"Polygon","coordinates":[[[-9.68,51.68439609785529],[-9.76,51.8229601624608],[-9.92,51.8229601624608],[-10.0,51.68439609785529],[-9.92,51.54583203324978],[-9.76,51.54583203324978],[-9.68,51.68439609785529]]]}},{"type":"Feature","properties":{"count":13,"q":-38,"r":206},"geometry":{"type":"Polygon","coordinates":[[[-8.96,51.8229601624608],[-9.040000000000001,51.96152422706631],[-9.200000000000001,51.96152422706631],[-9.280000000000001,51.8229601624608],[-9.200000000000001,51.68439609785529],[-9.040000000000001,51.68439609785529],[-8.96,51.8229601624608]]]}},{"type":"Feature","properties":{"count":13,"q":-38,"r":208},"geometry":{"type":"Polygon","coordinates":[[[-8.96,52.377216420882846],[-9.040000000000001,52.51578048548836],[-9.200000000000001,52.51578048548836],[-9.280000000000001,52.377216420882846],[-9.200000000000001,52.238652356277335],[-9.040000000000001,52.238652356277335],[-8.96,52.377216420882846]]]}},{"type":"Feature","properties":{"count":13,"q":-36,"r":212},"geometry":{"type":"Polygon","coordinates":[[[-8.48,53.762857066937954],[-8.56,53.901421131543465],[-8.72,53.901421131543465],[-8.8,53.762857066937954],[-8.72,53.62429300233244],[-8.56,53.62429300233244],[-8.48,53.762857066937954]]]}},{"type":"Feature","properties":{"count":13,"q":-31,"r":211},"geometry":{"type":"Polygon","coordinates":[[[-7.28,54.17854926075448],[-7.36,54.31711332535999],[-7.5200000000000005,54.31711332535999],[-7.6000000000000005,54.17854926075448],[-7.5200000000000005,54.03998519614897],[-7.36,54.03998519614897],[-7.28,54.17854926075448]]]}},{"type":"Feature","properties":{"count":13,"q":-30,"r":211},"geometry":{"type":"Polygon","coordinates":[[[-7.04,54.31711332535999],[-7.12,54.4556773899655],[-7.28,54.4556773899655],[-7.36,54.31711332535999],[-7.28,54.17854926075448],[-7.12,54.17854926075448],[-7.04,54.31711332535999]]]}},{"type":"Feature","properties":{"count":13,"q":-30,"r":212},"geometry":{"type":"Polygon","coordinates":[[[-7.04,54.59424145457101],[-7.12,54.73280551917652],[-7.28,54.73280551917652],[-7.36,54.59424145457101],[-7.28,54.4556773899655],[-7.12,54.4556773899655],[-7.04,54.59424145457101]]]}},{"type":"Feature","properties":{"count":13,"q":-30,"r":213},"geometry":{"type":"Polygon","coordinates":[[[-7.04,54.87136958378203],[-7.12,55.00993364838754],[-7.28,55.00993364838754],[-7.36,54.87136958378203],[-7.28,54.732805519176516],[-7.12,54.732805519176516],[-7.04,54.87136958378203]]]}},{"type":"Feature","properties":{"count":13,"q":-27,"r":212},"geometry":{"type":"Polygon","coordinates":[[[-6.32,55.009933648387545],[-6.4,55.148497712993056],[-6.5600000000000005,55.148497712993056],[-6.640000000000001,55.009933648387545],[-6.5600000000000005,54.871369583782034],[-6.4,54.871369583782034],[-6.32,55.009933648387545]]]}},{"type":"Feature","properties":{"count":13,"q":-26,"r":210},"geometry":{"type":"Polygon","coordinates":[[[-6.08,54.594241454571005],[-6.16,54.732805519176516],[-6.32,54.732805519176516],[-6.4,54.594241454571005],[-6.32,54.455677389965494],[-6.16,54.455677389965494],[-6.08,54.594241454571005]]]}},{"type":"Feature","properties":{"count":13,"q":-18,"r":200},"geometry":{"type":"Polygon","coordinates":[[[-4.16,52.93147267930489],[-4.24,53.0700367439104],[-4.4,53.0700367439104],[-4.48,52.93147267930489],[-4.4,52.79290861469938],[-4.24,52.79290861469938],[-4.16,52.93147267930489]]]}},{"type":"Feature","properties":{"count":13,"q":-16,"r":198},"geometry":{"type":"Polygon","coordinates":[[[-3.6799999999999997,52.65434455009387],[-3.76,52.79290861469938],[-3.92,52.79290861469938],[-4.0,52.65434455009387],[-3.92,52.51578048548836],[-3.76,52.51578048548836],[-3.6799999999999997,52.65434455009387]]]}},{"type":"Feature","properties":{"count":13,"q":-16,"r":199},"geometry":{"type":"Polygon","coordinates":[[[-3.6799999999999997,52.93147267930489],[-3.76,53.0700367439104],[-3.92,53.0700367439104],[-4.0,52.93147267930489],[-3.92,52.79290861469938],[-3.76,52.79290861469938],[-3.6799999999999997,52.93147267930489]]]}},{"type":"Feature","properties":{"count":13,"q":-15,"r":212},"geometry":{"type":"Polygon","coordinates":[[[-3.44,56.67270242365367],[-3.52,56.81126648825918],[-3.68,56.81126648825918],[-3.7600000000000002,56.67270242365367],[-3.68,56.53413835904816],[-3.52,56.53413835904816],[-3.44,56.67270242365367]]]}},{"type":"Feature","properties":{"count":13,"q":-12,"r":206},"geometry":{"type":"Polygon","coordinates":[[[-2.7199999999999998,55.42562584220407],[-2.8,55.56418990680958],[-2.96,55.56418990680958],[-3.04,55.42562584220407],[-2.96,55.28706177759856],[-2.8,55.28706177759856],[-2.7199999999999998,55.42562584220407]]]}},{"type":"Feature","properties":{"count":13,"q":-10,"r":201},"geometry":{"type":"Polygon","coordinates":[[[-2.2399999999999998,54.31711332535999],[-2.32,54.4556773899655],[-2.48,54.4556773899655],[-2.56,54.31711332535999],[-2.48,54.17854926075448],[-2.32,54.17854926075448],[-2.2399999999999998,54.31711332535999]]]}},{"type":"Feature","properties":{"count":13,"q":-10,"r":206},"geometry":{"type":"Polygon","coordinates":[[[-2.2399999999999998,55.7027539714151],[-2.32,55.84131803602061],[-2.48,55.84131803602061],[-2.56,55.7027539714151],[-2.48,55.56418990680959],[-2.32,55.56418990680959],[-2.2399999999999998,55.7027539714151]]]}},{"type":"Feature","properties":{"count":12,"q":-43,"r":209},"geometry":{"type":"Polygon","coordinates":[[[-10.16,51.96152422706632],[-10.24,52.10008829167183],[-10.4,52.10008829167183],[-10.48,51.96152422706632],[-10.4,51.82296016246081],[-10.24,51.82296016246081],[-10.16,51.96152422706632]]]}},{"type":"Feature","properties":{"count":12,"q":-39,"r":212},"geometry":{"type":"Polygon","coordinates":[[[-9.2,53.34716487312142],[-9.28,53.48572893772693],[-9.44,53.48572893772693],[-9.52,53.34716487312142],[-9.44,53.20860080851591],[-9.28,53.20860080851591],[-9.2,53.34716487312142]]]}},{"type":"Feature","properties":{"count":12,"q":-34,"r":216},"geometry":{"type":"Polygon","coordinates":[[[-8.0,55.14849771299305],[-8.08,55.28706177759856],[-8.24,55.28706177759856],[-8.32,55.14849771299305],[-8.24,55.00993364838754],[-8.08,55.00993364838754],[-8.0,55.14849771299305]]]}},{"type":"Feature","properties":{"count":12,"q":-33,"r":210},"geometry":{"type":"Polygon","coordinates":[[[-7.76,53.624293002332436],[-7.84,53.76285706693795],[-8.0,53.76285706693795],[-8.08,53.624293002332436],[-8.0,53.485728937726925],[-7.84,53.485728937726925],[-7.76,53.624293002332436]]]}},{"type":"Feature","properties":{"count":12,"q":-31,"r":215},"geometry":{"type":"Polygon","coordinates":[[[-7.28,55.287061777598566],[-7.36,55.42562584220408],[-7.5200000000000005,55.42562584220408],[-7.6000000000000005,55.287061777598566],[-7.5200000000000005,55.148497712993056],[-7.36,55.148497712993056],[-7.28,55.287061777598566]]]}},{"type":"Feature","properties":{"count":12,"q":-28,"r":212},"geometry":{"type":"Polygon","coordinates":[[[-6.56,54.871369583782034],[-6.64,55.009933648387545],[-6.8,55.009933648387545],[-6.88,54.871369583782034],[-6.8,54.73280551917652],[-6.64,54.73280551917652],[-6.56,54.871369583782034]]]}},{"type":"Feature","properties":{"count":12,"q":-27,"r":205},"geometry":{"type":"Polygon","coordinates":[[[-6.32,53.0700367439104],[-6.4,53.20860080851591],[-6.5600000000000005,53.20860080851591],[-6.640000000000001,53.0700367439104],[-6.5600000000000005,52.93147267930489],[-6.4,52.93147267930489],[-6.32,53.0700367439104]]]}},{"type":"Feature","properties":{"count":12,"q":-26,"r":212},"geometry":{"type":"Polygon","coordinates":[[[-6.08,55.14849771299305],[-6.16,55.28706177759856],[-6.32,55.28706177759856],[-6.4,55.14849771299305],[-6.32,55.00993364838754],[-6.16,55.00993364838754],[-6.08,55.14849771299305]]]}},{"type":"Feature","properties":{"count":12,"q":-23,"r":215},"geometry":{"type":"Polygon","coordinates":[[[-5.36,56.39557429444264],[-5.44,56.53413835904815],[-5.6000000000000005,56.53413835904815],[-5.680000000000001,56.39557429444264],[-5.6000000000000005,56.25701022983713],[-5.44,56.25701022983713],[-5.36,56.39557429444264]]]}},{"type":"Feature","properties":{"count":12,"q":-21,"r":216},"geometry":{"type":"Polygon","coordinates":[[[-4.88,56.94983055286468],[-4.96,57.08839461747019],[-5.12,57.08839461747019],[-5.2,56.94983055286468],[-5.12,56.81126648825917],[-4.96,56.81126648825917],[-4.88,56.94983055286468]]]}},{"type":"Feature","properties":{"count":12,"q":-19,"r":200},"geometry":{"type":"Polygon","coordinates":[[[-4.4,52.792908614699385],[-4.48,52.931472679304896],[-4.640000000000001,52.931472679304896],[-4.720000000000001,52.792908614699385],[-4.640000000000001,52.654344550093874],[-4.48,52.654344550093874],[-4.4,52.792908614699385]]]}},{"type":"Feature","properties":{"count":12,"q":-16,"r":196},"geometry":{"type":"Polygon","coordinates":[[[-3.6799999999999997,52.10008829167183],[-3.76,52.23865235627734],[-3.92,52.23865235627734],[-4.0,52.10008829167183],[-3.92,51.96152422706632],[-3.76,51.96152422706632],[-3.6799999999999997,52.10008829167183]]]}},{"type":"Feature","properties":{"count":12,"q":-15,"r":196},"geometry":{"type":"Polygon","coordinates":[[[-3.44,52.238652356277335],[-3.52,52.377216420882846],[-3.68,52.377216420882846],[-3.7600000000000002,52.238652356277335],[-3.68,52.100088291671824],[-3.52,52.100088291671824],[-3.44,52.238652356277335]]]}},{"type":"Feature","properties":{"count":12,"q":-14,"r":215},"geometry":{"type":"Polygon","coordinates":[[[-3.1999999999999997,57.64265087589223],[-3.28,57.78121494049774],[-3.44,57.78121494049774],[-3.52,57.64265087589223],[-3.44,57.50408681128672],[-3.28,57.50408681128672],[-3.1999999999999997,57.64265087589223]]]}},{"type":"Feature","properties":{"count":12,"q":-11,"r":208},"geometry":{"type":"Polygon","coordinates":[[[-2.48,56.11844616523162],[-2.56,56.25701022983713],[-2.72,56.25701022983713],[-2.8000000000000003,56.11844616523162],[-2.72,55.97988210062611],[-2.56,55.97988210062611],[-2.48,56.11844616523162]]]}},{"type":"Feature","properties":{"count":12,"q":-10,"r":212},"geometry":{"type":"Polygon","coordinates":[[[-2.2399999999999998,57.36552274668122],[-2.32,57.50408681128673],[-2.48,57.50408681128673],[-2.56,57.36552274668122],[-2.48,57.22695868207571],[-2.32,57.22695868207571],[-2.2399999999999998,57.36552274668122]]]}},{"type":"Feature","properties":{"count":11,"q":-42,"r":209},"geometry":{"type":"Polygon","coordinates":[[[-9.92,52.10008829167183],[-10.0,52.23865235627734],[-10.16,52.23865235627734],[-10.24,52.10008829167183],[-10.16,51.96152422706632],[-10.0,51.96152422706632],[-9.92,52.10008829167183]]]}},{"type":"Feature","properties":{"count":11,"q":-41,"r":208},"geometry":{"type":"Polygon","coordinates":[[[-9.68,51.96152422706631],[-9.76,52.100088291671824],[-9.92,52.100088291671824],[-10.0,51.96152422706631],[-9.92,51.8229601624608],[-9.76,51.8229601624608],[-9.68,51.96152422706631]]]}},{"type":"Feature","properties":{"count":11,"q":-41,"r":216},"geometry":{"type":"Polygon","coordinates":[[[-9.68,54.17854926075447],[-9.76,54.31711332535998],[-9.92,54.31711332535998],[-10.0,54.17854926075447],[-9.92,54.03998519614896],[-9.76,54.03998519614896],[-9.68,54.17854926075447]]]}},{"type":"Feature","properties":{"count":11,"q":-35,"r":210},"geometry":{"type":"Polygon","coordinates":[[[-8.24,53.347164873121415],[-8.32,53.485728937726925],[-8.48,53.485728937726925],[-8.56,53.347164873121415],[-8.48,53.208600808515904],[-8.32,53.208600808515904],[-8.24,53.347164873121415]]]}},{"type":"Feature","properties":{"count":11,"q":-32,"r":215},"geometry":{"type":"Polygon","coordinates":[[[-7.52,55.14849771299305],[-7.6,55.28706177759856],[-7.76,55.28706177759856],[-7.84,55.14849771299305],[-7.76,55.00993364838754],[-7.6,55.00993364838754],[-7.52,55.14849771299305]]]}},{"type":"Feature","properties":{"count":11,"q":-20,"r":191},"geometry":{"type":"Polygon","coordinates":[[[-4.64,50.160191387194686],[-4.72,50.2987554518002],[-4.88,50.2987554518002],[-4.96,50.160191387194686],[-4.88,50.021627322589175],[-4.72,50.021627322589175],[-4.64,50.160191387194686]]]}},{"type":"Feature","properties":{"count":11,"q":-12,"r":207},"geometry":{"type":"Polygon","coordinates":[[[-2.7199999999999998,55.702753971415085],[-2.8,55.841318036020596],[-2.96,55.841318036020596],[-3.04,55.702753971415085],[-2.96,55.564189906809574],[-2.8,55.564189906809574],[-2.7199999999999998,55.702753971415085]]]}},{"type":"Feature","properties":{"count":11,"q":-11,"r":204},"geometry":{"type":"Polygon","coordinates":[[[-2.48,55.00993364838753],[-2.56,55.14849771299304],[-2.72,55.14849771299304],[-2.8000000000000003,55.00993364838753],[-2.72,54.87136958378202],[-2.56,54.87136958378202],[-2.48,55.00993364838753]]]}},{"type":"Feature","properties":{"count":11,"q":-9,"r":202},"geometry":{"type":"Polygon","coordinates":[[[-2.0,54.732805519176516],[-2.08,54.87136958378203],[-2.24,54.87136958378203],[-2.3200000000000003,54.732805519176516],[-2.24,54.594241454571005],[-2.08,54.594241454571005],[-2.0,54.732805519176516]]]}},{"type":"Feature","properties":{"count":11,"q":5,"r":189},"geometry":{"type":"Polygon","coordinates":[[[1.3599999999999999,53.07003674391041],[1.28,53.20860080851592],[1.12,53.20860080851592],[1.04,53.07003674391041],[1.1199999999999999,52.931472679304896],[1.28,52.931472679304896],[1.3599999999999999,53.07003674391041]]]}},{"type":"Feature","properties":{"count":10,"q":-41,"r":215},"geometry":{"type":"Polygon","coordinates":[[[-9.68,53.90142113154346],[-9.76,54.03998519614897],[-9.92,54.03998519614897],[-10.0,53.90142113154346],[-9.92,53.76285706693795],[-9.76,53.76285706693795],[-9.68,53.90142113154346]]]}},{"type":"Feature","properties":{"count":10,"q":-37,"r":207},"geometry":{"type":"Polygon","coordinates":[[[-8.72,52.238652356277335],[-8.8,52.377216420882846],[-8.96,52.377216420882846],[-9.040000000000001,52.238652356277335],[-8.96,52.100088291671824],[-8.8,52.100088291671824],[-8.72,52.238652356277335]]]}},{"type":"Feature","properties":{"count":10,"q":-34,"r":207},"geometry":{"type":"Polygon","coordinates":[[[-8.0,52.65434455009387],[-8.08,52.79290861469938],[-8.24,52.79290861469938],[-8.32,52.65434455009387],[-8.24,52.51578048548836],[-8.08,52.51578048548836],[-8.0,52.65434455009387]]]}},{"type":"Feature","properties":{"count":10,"q":-34,"r":210},"geometry":{"type":"Polygon","coordinates":[[[-8.0,53.485728937726925],[-8.08,53.624293002332436],[-8.24,53.624293002332436],[-8.32,53.485728937726925],[-8.24,53.347164873121415],[-8.08,53.347164873121415],[-8.0,53.485728937726925]]]}},{"type":"Feature","properties":{"count":10,"q":-33,"r":212},"geometry":{"type":"Polygon","coordinates":[[[-7.76,54.17854926075448],[-7.84,54.31711332535999],[-8.0,54.31711332535999],[-8.08,54.17854926075448],[-8.0,54.03998519614897],[-7.84,54.03998519614897],[-7.76,54.17854926075448]]]}},{"type":"Feature","properties":{"count":10,"q":-24,"r":210},"geometry":{"type":"Polygon","coordinates":[[[-5.6,54.87136958378203],[-5.68,55.00993364838754],[-5.84,55.00993364838754],[-5.92,54.87136958378203],[-5.84,54.732805519176516],[-5.68,54.732805519176516],[-5.6,54.87136958378203]]]}},{"type":"Feature","properties":{"count":10,"q":-21,"r":212},"geometry":{"type":"Polygon","coordinates":[[[-4.88,55.8413180360206],[-4.96,55.979882100626114],[-5.12,55.979882100626114],[-5.2,55.8413180360206],[-5.12,55.70275397141509],[-4.96,55.70275397141509],[-4.88,55.8413180360206]]]}},{"type":"Feature","properties":{"count":10,"q":-19,"r":212},"geometry":{"type":"Polygon","coordinates":[[[-4.4,56.118446165231624],[-4.48,56.257010229837135],[-4.640000000000001,56.257010229837135],[-4.720000000000001,56.118446165231624],[-4.640000000000001,55.979882100626114],[-4.48,55.979882100626114],[-4.4,56.118446165231624]]]}},{"type":"Feature","properties":{"count":10,"q":-13,"r":189},"geometry":{"type":"Polygon","coordinates":[[[-2.96,50.575883581011226],[-3.04,50.71444764561674],[-3.2,50.71444764561674],[-3.2800000000000002,50.575883581011226],[-3.2,50.437319516405715],[-3.04,50.437319516405715],[-2.96,50.575883581011226]]]}},{"type":"Feature","properties":{"count":10,"q":-9,"r":206},"geometry":{"type":"Polygon","coordinates":[[[-2.0,55.8413180360206],[-2.08,55.979882100626114],[-2.24,55.979882100626114],[-2.3200000000000003,55.8413180360206],[-2.24,55.70275397141509],[-2.08,55.70275397141509],[-2.0,55.8413180360206]]]}},{"type":"Feature","properties":{"count":10,"q":-8,"r":203},"geometry":{"type":"Polygon","coordinates":[[[-1.76,55.14849771299305],[-1.8399999999999999,55.28706177759856],[-2.0,55.28706177759856],[-2.08,55.14849771299305],[-2.0,55.00993364838754],[-1.8399999999999999,55.00993364838754],[-1.76,55.14849771299305]]]}},{"type":"Feature","properties":{"count":9,"q":-42,"r":210},"geometry":{"type":"Polygon","coordinates":[[[-9.92,52.377216420882846],[-10.0,52.51578048548836],[-10.16,52.51578048548836],[-10.24,52.377216420882846],[-10.16,52.238652356277335],[-10.0,52.238652356277335],[-9.92,52.377216420882846]]]}},{"type":"Feature","properties":{"count":9,"q":-42,"r":216},"geometry":{"type":"Polygon","coordinates":[[[-9.92,54.03998519614896],[-10.0,54.17854926075447],[-10.16,54.17854926075447],[-10.24,54.03998519614896],[-10.16,53.90142113154345],[-10.0,53.90142113154345],[-9.92,54.03998519614896]]]}},{"type":"Feature","properties":{"count":9,"q":-38,"r":212},"geometry":{"type":"Polygon","coordinates":[[[-8.96,53.485728937726925],[-9.040000000000001,53.624293002332436],[-9.200000000000001,53.624293002332436],[-9.280000000000001,53.485728937726925],[-9.200000000000001,53.347164873121415],[-9.040000000000001,53.347164873121415],[-8.96,53.485728937726925]]]}},{"type":"Feature","properties":{"count":9,"q":-36,"r":214},"geometry":{"type":"Polygon","coordinates":[[[-8.48,54.31711332535999],[-8.56,54.4556773899655],[-8.72,54.4556773899655],[-8.8,54.31711332535999],[-8.72,54.17854926075448],[-8.56,54.17854926075448],[-8.48,54.31711332535999]]]}},{"type":"Feature","properties":{"count":9,"q":-36,"r":215},"geometry":{"type":"Polygon","coordinates":[[[-8.48,54.59424145457101],[-8.56,54.73280551917652],[-8.72,54.73280551917652],[-8.8,54.59424145457101],[-8.72,54.4556773899655],[-8.56,54.4556773899655],[-8.48,54.59424145457101]]]}},{"type":"Feature","properties":{"count":9,"q":-28,"r":204},"geometry":{"type":"Polygon","coordinates":[[[-6.56,52.65434455009387],[-6.64,52.79290861469938],[-6.8,52.79290861469938],[-6.88,52.65434455009387],[-6.8,52.51578048548836],[-6.64,52.51578048548836],[-6.56,52.65434455009387]]]}},{"type":"Feature","properties":{"count":9,"q":-28,"r":211},"geometry":{"type":"Polygon","coordinates":[[[-6.56,54.59424145457101],[-6.64,54.73280551917652],[-6.8,54.73280551917652],[-6.88,54.59424145457101],[-6.8,54.4556773899655],[-6.64,54.4556773899655],[-6.56,54.59424145457101]]]}},{"type":"Feature","properties":{"count":9,"q":-26,"r":193},"geometry":{"type":"Polygon","coordinates":[[[-6.08,49.88306325798366],[-6.16,50.02162732258917],[-6.32,50.02162732258917],[-6.4,49.88306325798366],[-6.32,49.74449919337815],[-6.16,49.74449919337815],[-6.08,49.88306325798366]]]}},{"type":"Feature","properties":{"count":9,"q":-21,"r":209},"geometry":{"type":"Polygon","coordinates":[[[-4.88,55.009933648387545],[-4.96,55.148497712993056],[-5.12,55.148497712993056],[-5.2,55.009933648387545],[-5.12,54.871369583782034],[-4.96,54.871369583782034],[-4.88,55.009933648387545]]]}},{"type":"Feature","properties":{"count":9,"q":-20,"r":205},"geometry":{"type":"Polygon","coordinates":[[[-4.64,54.03998519614896],[-4.72,54.17854926075447],[-4.88,54.17854926075447],[-4.96,54.03998519614896],[-4.88,53.90142113154345],[-4.72,53.90142113154345],[-4.64,54.03998519614896]]]}},{"type":"Feature","properties":{"count":9,"q":-18,"r":207},"geometry":{"type":"Polygon","coordinates":[[[-4.16,54.87136958378203],[-4.24,55.00993364838754],[-4.4,55.00993364838754],[-4.48,54.87136958378203],[-4.4,54.732805519176516],[-4.24,54.732805519176516],[-4.16,54.87136958378203]]]}},{"type":"Feature","properties":{"count":9,"q":-11,"r":188},"geometry":{"type":"Polygon","coordinates":[[[-2.48,50.57588358101121],[-2.56,50.71444764561672],[-2.72,50.71444764561672],[-2.8000000000000003,50.57588358101121],[-2.72,50.4373195164057],[-2.56,50.4373195164057],[-2.48,50.57588358101121]]]}},{"type":"Feature","properties":{"count":9,"q":-10,"r":211},"geometry":{"type":"Polygon","coordinates":[[[-2.2399999999999998,57.08839461747019],[-2.32,57.226958682075704],[-2.48,57.226958682075704],[-2.56,57.08839461747019],[-2.48,56.94983055286468],[-2.32,56.94983055286468],[-2.2399999999999998,57.08839461747019]]]}},{"type":"Feature","properties":{"count":9,"q":-8,"r":204},"geometry":{"type":"Polygon","coordinates":[[[-1.76,55.42562584220406],[-1.8399999999999999,55.564189906809574],[-2.0,55.564189906809574],[-2.08,55.42562584220406],[-2.0,55.28706177759855],[-1.8399999999999999,55.28706177759855],[-1.76,55.42562584220406]]]}},{"type":"Feature","properties":{"count":8,"q":-42,"r":208},"geometry":{"type":"Polygon","coordinates":[[[-9.92,51.8229601624608],[-10.0,51.96152422706631],[-10.16,51.96152422706631],[-10.24,51.8229601624608],[-10.16,51.68439609785529],[-10.0,51.68439609785529],[-9.92,51.8229601624608]]]}},{"type":"Feature","properties":{"count":8,"q":-39,"r":208},"geometry":{"type":"Polygon","coordinates":[[[-9.2,52.238652356277335],[-9.28,52.377216420882846],[-9.44,52.377216420882846],[-9.52,52.238652356277335],[-9.44,52.100088291671824],[-9.28,52.100088291671824],[-9.2,52.238652356277335]]]}},{"type":"Feature","properties":{"count":8,"q":-39,"r":213},"geometry":{"type":"Polygon","coordinates":[[[-9.2,53.624293002332436],[-9.28,53.76285706693795],[-9.44,53.76285706693795],[-9.52,53.624293002332436],[-9.44,53.485728937726925],[-9.28,53.485728937726925],[-9.2,53.624293002332436]]]}},{"type":"Feature","properties":{"count":8,"q":-38,"r":210},"geometry":{"type":"Polygon","coordinates":[[[-8.96,52.93147267930488],[-9.040000000000001,53.07003674391039],[-9.200000000000001,53.07003674391039],[-9.280000000000001,52.93147267930488],[-9.200000000000001,52.79290861469937],[-9.040000000000001,52.79290861469937],[-8.96,52.93147267930488]]]}},{"type":"Feature","properties":{"count":8,"q":-26,"r":209},"geometry":{"type":"Polygon","coordinates":[[[-6.08,54.31711332535999],[-6.16,54.4556773899655],[-6.32,54.4556773899655],[-6.4,54.31711332535999],[-6.32,54.17854926075448],[-6.16,54.17854926075448],[-6.08,54.31711332535999]]]}},{"type":"Feature","properties":{"count":8,"q":-24,"r":193},"geometry":{"type":"Polygon","coordinates":[[[-5.6,50.160191387194686],[-5.68,50.2987554518002],[-5.84,50.2987554518002],[-5.92,50.160191387194686],[-5.84,50.021627322589175],[-5.68,50.021627322589175],[-5.6,50.160191387194686]]]}},{"type":"Feature","properties":{"count":8,"q":-18,"r":209},"geometry":{"type":"Polygon","coordinates":[[[-4.16,55.42562584220407],[-4.24,55.56418990680958],[-4.4,55.56418990680958],[-4.48,55.42562584220407],[-4.4,55.28706177759856],[-4.24,55.28706177759856],[-4.16,55.42562584220407]]]}},{"type":"Feature","properties":{"count":8,"q":-17,"r":217},"geometry":{"type":"Polygon","coordinates":[[[-3.92,57.78121494049774],[-4.0,57.91977900510325],[-4.16,57.91977900510325],[-4.24,57.78121494049774],[-4.16,57.64265087589223],[-4.0,57.64265087589223],[-3.92,57.78121494049774]]]}},{"type":"Feature","properties":{"count":8,"q":-15,"r":195},"geometry":{"type":"Polygon","coordinates":[[[-3.44,51.96152422706631],[-3.52,52.100088291671824],[-3.68,52.100088291671824],[-3.7600000000000002,51.96152422706631],[-3.68,51.8229601624608],[-3.52,51.8229601624608],[-3.44,51.96152422706631]]]}},{"type":"Feature","properties":{"count":8,"q":-15,"r":197},"geometry":{"type":"Polygon","coordinates":[[[-3.44,52.51578048548836],[-3.52,52.65434455009387],[-3.68,52.65434455009387],[-3.7600000000000002,52.51578048548836],[-3.68,52.377216420882846],[-3.52,52.377216420882846],[-3.44,52.51578048548836]]]}},{"type":"Feature","properties":{"count":8,"q":-15,"r":199},"geometry":{"type":"Polygon","coordinates":[[[-3.44,53.0700367439104],[-3.52,53.20860080851591],[-3.68,53.20860080851591],[-3.7600000000000002,53.0700367439104],[-3.68,52.93147267930489],[-3.52,52.93147267930489],[-3.44,53.0700367439104]]]}},{"type":"Feature","properties":{"count":8,"q":-13,"r":207},"geometry":{"type":"Polygon","coordinates":[[[-2.96,55.56418990680958],[-3.04,55.70275397141509],[-3.2,55.70275397141509],[-3.2800000000000002,55.56418990680958],[-3.2,55.42562584220407],[-3.04,55.42562584220407],[-2.96,55.56418990680958]]]}},{"type":"Feature","properties":{"count":8,"q":-11,"r":202},"geometry":{"type":"Polygon","coordinates":[[[-2.48,54.455677389965494],[-2.56,54.594241454571005],[-2.72,54.594241454571005],[-2.8000000000000003,54.455677389965494],[-2.72,54.31711332535998],[-2.56,54.31711332535998],[-2.48,54.455677389965494]]]}},{"type":"Feature","properties":{"count":8,"q":-10,"r":213},"geometry":{"type":"Polygon","coordinates":[[[-2.2399999999999998,57.64265087589223],[-2.32,57.78121494049774],[-2.48,57.78121494049774],[-2.56,57.64265087589223],[-2.48,57.50408681128672],[-2.32,57.50408681128672],[-2.2399999999999998,57.64265087589223]]]}},{"type":"Feature","properties":{"count":8,"q":-8,"r":211},"geometry":{"type":"Polygon","coordinates":[[[-1.76,57.36552274668121],[-1.8399999999999999,57.50408681128672],[-2.0,57.50408681128672],[-2.08,57.36552274668121],[-2.0,57.2269586820757],[-1.8399999999999999,57.2269586820757],[-1.76,57.36552274668121]]]}},{"type":"Feature","properties":{"count":8,"q":-7,"r":211},"geometry":{"type":"Polygon","coordinates":[[[-1.52,57.504086811286726],[-1.5999999999999999,57.64265087589224],[-1.7599999999999998,57.64265087589224],[-1.8399999999999999,57.504086811286726],[-1.76,57.365522746681215],[-1.5999999999999999,57.365522746681215],[-1.52,57.504086811286726]]]}},{"type":"Feature","properties":{"count":7,"q":-42,"r":217},"geometry":{"type":"Polygon","coordinates":[[[-9.92,54.31711332535999],[-10.0,54.4556773899655],[-10.16,54.4556773899655],[-10.24,54.31711332535999],[-10.16,54.17854926075448],[-10.0,54.17854926075448],[-9.92,54.31711332535999]]]}},{"type":"Feature","properties":{"count":7,"q":-38,"r":209},"geometry":{"type":"Polygon","coordinates":[[[-8.96,52.65434455009387],[-9.040000000000001,52.79290861469938],[-9.200000000000001,52.79290861469938],[-9.280000000000001,52.65434455009387],[-9.200000000000001,52.51578048548836],[-9.040000000000001,52.51578048548836],[-8.96,52.65434455009387]]]}},{"type":"Feature","properties":{"count":7,"q":-35,"r":211},"geometry":{"type":"Polygon","coordinates":[[[-8.24,53.624293002332436],[-8.32,53.76285706693795],[-8.48,53.76285706693795],[-8.56,53.624293002332436],[-8.48,53.485728937726925],[-8.32,53.485728937726925],[-8.24,53.624293002332436]]]}},{"type":"Feature","properties":{"count":7,"q":-34,"r":213},"geometry":{"type":"Polygon","coordinates":[[[-8.0,54.31711332535999],[-8.08,54.4556773899655],[-8.24,54.4556773899655],[-8.32,54.31711332535999],[-8.24,54.17854926075448],[-8.08,54.17854926075448],[-8.0,54.31711332535999]]]}},{"type":"Feature","properties":{"count":7,"q":-32,"r":213},"geometry":{"type":"Polygon","coordinates":[[[-7.52,54.594241454571005],[-7.6,54.732805519176516],[-7.76,54.732805519176516],[-7.84,54.594241454571005],[-7.76,54.455677389965494],[-7.6,54.455677389965494],[-7.52,54.594241454571005]]]}},{"type":"Feature","properties":{"count":7,"q":-31,"r":213},"geometry":{"type":"Polygon","coordinates":[[[-7.28,54.732805519176516],[-7.36,54.87136958378203],[-7.5200000000000005,54.87136958378203],[-7.6000000000000005,54.732805519176516],[-7.5200000000000005,54.594241454571005],[-7.36,54.594241454571005],[-7.28,54.732805519176516]]]}},{"type":"Feature","properties":{"count":7,"q":-29,"r":214},"geometry":{"type":"Polygon","coordinates":[[[-6.8,55.28706177759856],[-6.88,55.42562584220407],[-7.04,55.42562584220407],[-7.12,55.28706177759856],[-7.04,55.14849771299305],[-6.88,55.14849771299305],[-6.8,55.28706177759856]]]}},{"type":"Feature","properties":{"count":7,"q":-27,"r":213},"geometry":{"type":"Polygon","coordinates":[[[-6.32,55.28706177759856],[-6.4,55.42562584220407],[-6.5600000000000005,55.42562584220407],[-6.640000000000001,55.28706177759856],[-6.5600000000000005,55.14849771299305],[-6.4,55.14849771299305],[-6.32,55.28706177759856]]]}},{"type":"Feature","properties":{"count":7,"q":-25,"r":211},"geometry":{"type":"Polygon","coordinates":[[[-5.84,55.009933648387545],[-5.92,55.148497712993056],[-6.08,55.148497712993056],[-6.16,55.009933648387545],[-6.08,54.871369583782034],[-5.92,54.871369583782034],[-5.84,55.009933648387545]]]}},{"type":"Feature","properties":{"count":7,"q":-24,"r":219},"geometry":{"type":"Polygon","coordinates":[[[-5.6,57.36552274668121],[-5.68,57.50408681128672],[-5.84,57.50408681128672],[-5.92,57.36552274668121],[-5.84,57.2269586820757],[-5.68,57.2269586820757],[-5.6,57.36552274668121]]]}},{"type":"Feature","properties":{"count":7,"q":-23,"r":208},"geometry":{"type":"Polygon","coordinates":[[[-5.36,54.455677389965494],[-5.44,54.594241454571005],[-5.6000000000000005,54.594241454571005],[-5.680000000000001,54.455677389965494],[-5.6000000000000005,54.31711332535998],[-5.44,54.31711332535998],[-5.36,54.455677389965494]]]}},{"type":"Feature","properties":{"count":7,"q":-22,"r":198},"geometry":{"type":"Polygon","coordinates":[[[-5.12,51.8229601624608],[-5.2,51.96152422706631],[-5.36,51.96152422706631],[-5.44,51.8229601624608],[-5.36,51.68439609785529],[-5.2,51.68439609785529],[-5.12,51.8229601624608]]]}},{"type":"Feature","properties":{"count":7,"q":-20,"r":196},"geometry":{"type":"Polygon","coordinates":[[[-4.64,51.54583203324978],[-4.72,51.68439609785529],[-4.88,51.68439609785529],[-4.96,51.54583203324978],[-4.88,51.40726796864427],[-4.72,51.40726796864427],[-4.64,51.54583203324978]]]}},{"type":"Feature","properties":{"count":7,"q":-16,"r":197},"geometry":{"type":"Polygon","coordinates":[[[-3.6799999999999997,52.37721642088285],[-3.76,52.515780485488364],[-3.92,52.515780485488364],[-4.0,52.37721642088285],[-3.92,52.23865235627734],[-3.76,52.23865235627734],[-3.6799999999999997,52.37721642088285]]]}},{"type":"Feature","properties":{"count":7,"q":-15,"r":215},"geometry":{"type":"Polygon","coordinates":[[[-3.44,57.504086811286726],[-3.52,57.64265087589224],[-3.68,57.64265087589224],[-3.7600000000000002,57.504086811286726],[-3.68,57.365522746681215],[-3.52,57.365522746681215],[-3.44,57.504086811286726]]]}},{"type":"Feature","properties":{"count":7,"q":-14,"r":206},"geometry":{"type":"Polygon","coordinates":[[[-3.1999999999999997,55.14849771299305],[-3.28,55.28706177759856],[-3.44,55.28706177759856],[-3.52,55.14849771299305],[-3.44,55.00993364838754],[-3.28,55.00993364838754],[-3.1999999999999997,55.14849771299305]]]}},{"type":"Feature","properties":{"count":7,"q":-13,"r":211},"geometry":{"type":"Polygon","coordinates":[[[-2.96,56.67270242365367],[-3.04,56.81126648825918],[-3.2,56.81126648825918],[-3.2800000000000002,56.67270242365367],[-3.2,56.53413835904816],[-3.04,56.53413835904816],[-2.96,56.67270242365367]]]}},{"type":"Feature","properties":{"count":7,"q":-9,"r":204},"geometry":{"type":"Polygon","coordinates":[[[-2.0,55.28706177759856],[-2.08,55.42562584220407],[-2.24,55.42562584220407],[-2.3200000000000003,55.28706177759856],[-2.24,55.14849771299305],[-2.08,55.14849771299305],[-2.0,55.28706177759856]]]}},{"type":"Feature","properties":{"count":7,"q":-9,"r":210},"geometry":{"type":"Polygon","coordinates":[[[-2.0,56.94983055286468],[-2.08,57.08839461747019],[-2.24,57.08839461747019],[-2.3200000000000003,56.94983055286468],[-2.24,56.81126648825917],[-2.08,56.81126648825917],[-2.0,56.94983055286468]]]}},{"type":"Feature","properties":{"count":7,"q":3,"r":190},"geometry":{"type":"Polygon","coordinates":[[[0.88,53.0700367439104],[0.8,53.20860080851591],[0.64,53.20860080851591],[0.5599999999999999,53.0700367439104],[0.6399999999999999,52.93147267930489],[0.8,52.93147267930489],[0.88,53.0700367439104]]]}},{"type":"Feature","properties":{"count":6,"q":-40,"r":213},"geometry":{"type":"Polygon","coordinates":[[[-9.44,53.485728937726925],[-9.52,53.624293002332436],[-9.68,53.624293002332436],[-9.76,53.485728937726925],[-9.68,53.347164873121415],[-9.52,53.347164873121415],[-9.44,53.485728937726925]]]}},{"type":"Feature","properties":{"count":6,"q":-39,"r":207},"geometry":{"type":"Polygon","coordinates":[[[-9.2,51.96152422706631],[-9.28,52.100088291671824],[-9.44,52.100088291671824],[-9.52,51.96152422706631],[-9.44,51.8229601624608],[-9.28,51.8229601624608],[-9.2,51.96152422706631]]]}},{"type":"Feature","properties":{"count":6,"q":-33,"r":215},"geometry":{"type":"Polygon","coordinates":[[[-7.76,55.009933648387545],[-7.84,55.148497712993056],[-8.0,55.148497712993056],[-8.08,55.009933648387545],[-8.0,54.871369583782034],[-7.84,54.871369583782034],[-7.76,55.009933648387545]]]}},{"type":"Feature","properties":{"count":6,"q":-33,"r":216},"geometry":{"type":"Polygon","coordinates":[[[-7.76,55.28706177759856],[-7.84,55.42562584220407],[-8.0,55.42562584220407],[-8.08,55.28706177759856],[-8.0,55.14849771299305],[-7.84,55.14849771299305],[-7.76,55.28706177759856]]]}},{"type":"Feature","properties":{"count":6,"q":-26,"r":220},"geometry":{"type":"Polygon","coordinates":[[[-6.08,57.36552274668121],[-6.16,57.50408681128672],[-6.32,57.50408681128672],[-6.4,57.36552274668121],[-6.32,57.2269586820757],[-6.16,57.2269586820757],[-6.08,57.36552274668121]]]}},{"type":"Feature","properties":{"count":6,"q":-26,"r":223},"geometry":{"type":"Polygon","coordinates":[[[-6.08,58.19690713431427],[-6.16,58.335471198919784],[-6.32,58.335471198919784],[-6.4,58.19690713431427],[-6.32,58.05834306970876],[-6.16,58.05834306970876],[-6.08,58.19690713431427]]]}},{"type":"Feature","properties":{"count":6,"q":-24,"r":212},"geometry":{"type":"Polygon","coordinates":[[[-5.6,55.42562584220407],[-5.68,55.56418990680958],[-5.84,55.56418990680958],[-5.92,55.42562584220407],[-5.84,55.28706177759856],[-5.68,55.28706177759856],[-5.6,55.42562584220407]]]}},{"type":"Feature","properties":{"count":6,"q":-24,"r":218},"geometry":{"type":"Polygon","coordinates":[[[-5.6,57.08839461747019],[-5.68,57.226958682075704],[-5.84,57.226958682075704],[-5.92,57.08839461747019],[-5.84,56.94983055286468],[-5.68,56.94983055286468],[-5.6,57.08839461747019]]]}},{"type":"Feature","properties":{"count":6,"q":-20,"r":209},"geometry":{"type":"Polygon","coordinates":[[[-4.64,55.14849771299305],[-4.72,55.28706177759856],[-4.88,55.28706177759856],[-4.96,55.14849771299305],[-4.88,55.00993364838754],[-4.72,55.00993364838754],[-4.64,55.14849771299305]]]}},{"type":"Feature","properties":{"count":6,"q":-18,"r":212},"geometry":{"type":"Polygon","coordinates":[[[-4.16,56.257010229837135],[-4.24,56.395574294442646],[-4.4,56.395574294442646],[-4.48,56.257010229837135],[-4.4,56.118446165231624],[-4.24,56.118446165231624],[-4.16,56.257010229837135]]]}},{"type":"Feature","properties":{"count":6,"q":-16,"r":214},"geometry":{"type":"Polygon","coordinates":[[[-3.6799999999999997,57.08839461747019],[-3.76,57.226958682075704],[-3.92,57.226958682075704],[-4.0,57.08839461747019],[-3.92,56.94983055286468],[-3.76,56.94983055286468],[-3.6799999999999997,57.08839461747019]]]}},{"type":"Feature","properties":{"count":6,"q":-15,"r":198},"geometry":{"type":"Polygon","coordinates":[[[-3.44,52.79290861469937],[-3.52,52.93147267930488],[-3.68,52.93147267930488],[-3.7600000000000002,52.79290861469937],[-3.68,52.65434455009386],[-3.52,52.65434455009386],[-3.44,52.79290861469937]]]}},{"type":"Feature","properties":{"count":6,"q":-15,"r":211},"geometry":{"type":"Polygon","coordinates":[[[-3.44,56.39557429444264],[-3.52,56.53413835904815],[-3.68,56.53413835904815],[-3.7600000000000002,56.39557429444264],[-3.68,56.25701022983713],[-3.52,56.25701022983713],[-3.44,56.39557429444264]]]}},{"type":"Feature","properties":{"count":6,"q":-12,"r":214},"geometry":{"type":"Polygon","coordinates":[[[-2.7199999999999998,57.64265087589223],[-2.8,57.78121494049774],[-2.96,57.78121494049774],[-3.04,57.64265087589223],[-2.96,57.50408681128672],[-2.8,57.50408681128672],[-2.7199999999999998,57.64265087589223]]]}},{"type":"Feature","properties":{"count":6,"q":-11,"r":209},"geometry":{"type":"Polygon","coordinates":[[[-2.48,56.39557429444264],[-2.56,56.53413835904815],[-2.72,56.53413835904815],[-2.8000000000000003,56.39557429444264],[-2.72,56.25701022983713],[-2.56,56.25701022983713],[-2.48,56.39557429444264]]]}},{"type":"Feature","properties":{"count":6,"q":-10,"r":207},"geometry":{"type":"Polygon","coordinates":[[[-2.2399999999999998,55.979882100626114],[-2.32,56.118446165231624],[-2.48,56.118446165231624],[-2.56,55.979882100626114],[-2.48,55.8413180360206],[-2.32,55.8413180360206],[-2.2399999999999998,55.979882100626114]]]}},{"type":"Feature","properties":{"count":6,"q":-5,"r":220},"geometry":{"type":"Polygon","coordinates":[[[-1.04,60.27536810339692],[-1.1199999999999999,60.41393216800243],[-1.2799999999999998,60.41393216800243],[-1.3599999999999999,60.27536810339692],[-1.28,60.13680403879141],[-1.1199999999999999,60.13680403879141],[-1.04,60.27536810339692]]]}},{"type":"Feature","properties":{"count":5,"q":-39,"r":205},"geometry":{"type":"Polygon","coordinates":[[[-9.2,51.40726796864428],[-9.28,51.54583203324979],[-9.44,51.54583203324979],[-9.52,51.40726796864428],[-9.44,51.268703904038766],[-9.28,51.268703904038766],[-9.2,51.40726796864428]]]}},{"type":"Feature","properties":{"count":5,"q":-38,"r":215},"geometry":{"type":"Polygon","coordinates":[[[-8.96,54.31711332535999],[-9.040000000000001,54.4556773899655],[-9.200000000000001,54.4556773899655],[-9.280000000000001,54.31711332535999],[-9.200000000000001,54.17854926075448],[-9.040000000000001,54.17854926075448],[-8.96,54.31711332535999]]]}},{"type":"Feature","properties":{"count":5,"q":-29,"r":211},"geometry":{"type":"Polygon","coordinates":[[[-6.8,54.455677389965494],[-6.88,54.594241454571005],[-7.04,54.594241454571005],[-7.12,54.455677389965494],[-7.04,54.31711332535998],[-6.88,54.31711332535998],[-6.8,54.455677389965494]]]}},{"type":"Feature","properties":{"count":5,"q":-26,"r":202},"geometry":{"type":"Polygon","coordinates":[[[-6.08,52.377216420882846],[-6.16,52.51578048548836],[-6.32,52.51578048548836],[-6.4,52.377216420882846],[-6.32,52.238652356277335],[-6.16,52.238652356277335],[-6.08,52.377216420882846]]]}},{"type":"Feature","properties":{"count":5,"q":-23,"r":207},"geometry":{"type":"Polygon","coordinates":[[[-5.36,54.17854926075447],[-5.44,54.31711332535998],[-5.6000000000000005,54.31711332535998],[-5.680000000000001,54.17854926075447],[-5.6000000000000005,54.03998519614896],[-5.44,54.03998519614896],[-5.36,54.17854926075447]]]}},{"type":"Feature","properties":{"count":5,"q":-23,"r":209},"geometry":{"type":"Polygon","coordinates":[[[-5.36,54.732805519176516],[-5.44,54.87136958378203],[-5.6000000000000005,54.87136958378203],[-5.680000000000001,54.732805519176516],[-5.6000000000000005,54.594241454571005],[-5.44,54.594241454571005],[-5.36,54.732805519176516]]]}},{"type":"Feature","properties":{"count":5,"q":-22,"r":193},"geometry":{"type":"Polygon","coordinates":[[[-5.12,50.43731951640571],[-5.2,50.57588358101122],[-5.36,50.57588358101122],[-5.44,50.43731951640571],[-5.36,50.2987554518002],[-5.2,50.2987554518002],[-5.12,50.43731951640571]]]}},{"type":"Feature","properties":{"count":5,"q":-22,"r":220},"geometry":{"type":"Polygon","coordinates":[[[-5.12,57.91977900510326],[-5.2,58.05834306970877],[-5.36,58.05834306970877],[-5.44,57.91977900510326],[-5.36,57.78121494049775],[-5.2,57.78121494049775],[-5.12,57.91977900510326]]]}},{"type":"Feature","properties":{"count":5,"q":-21,"r":211},"geometry":{"type":"Polygon","coordinates":[[[-4.88,55.56418990680958],[-4.96,55.70275397141509],[-5.12,55.70275397141509],[-5.2,55.56418990680958],[-5.12,55.42562584220407],[-4.96,55.42562584220407],[-4.88,55.56418990680958]]]}},{"type":"Feature","properties":{"count":5,"q":-20,"r":213},"geometry":{"type":"Polygon","coordinates":[[[-4.64,56.25701022983713],[-4.72,56.39557429444264],[-4.88,56.39557429444264],[-4.96,56.25701022983713],[-4.88,56.11844616523162],[-4.72,56.11844616523162],[-4.64,56.25701022983713]]]}},{"type":"Feature","properties":{"count":5,"q":-19,"r":198},"geometry":{"type":"Polygon","coordinates":[[[-4.4,52.238652356277335],[-4.48,52.377216420882846],[-4.640000000000001,52.377216420882846],[-4.720000000000001,52.238652356277335],[-4.640000000000001,52.100088291671824],[-4.48,52.100088291671824],[-4.4,52.238652356277335]]]}},{"type":"Feature","properties":{"count":5,"q":-18,"r":195},"geometry":{"type":"Polygon","coordinates":[[[-4.16,51.54583203324978],[-4.24,51.68439609785529],[-4.4,51.68439609785529],[-4.48,51.54583203324978],[-4.4,51.40726796864427],[-4.24,51.40726796864427],[-4.16,51.54583203324978]]]}},{"type":"Feature","properties":{"count":5,"q":-18,"r":198},"geometry":{"type":"Polygon","coordinates":[[[-4.16,52.377216420882846],[-4.24,52.51578048548836],[-4.4,52.51578048548836],[-4.48,52.377216420882846],[-4.4,52.238652356277335],[-4.24,52.238652356277335],[-4.16,52.377216420882846]]]}},{"type":"Feature","properties":{"count":5,"q":-13,"r":217},"geometry":{"type":"Polygon","coordinates":[[[-2.96,58.335471198919784],[-3.04,58.474035263525295],[-3.2,58.474035263525295],[-3.2800000000000002,58.335471198919784],[-3.2,58.19690713431427],[-3.04,58.19690713431427],[-2.96,58.335471198919784]]]}},{"type":"Feature","properties":{"count":5,"q":-10,"r":183},"geometry":{"type":"Polygon","coordinates":[[[-2.2399999999999998,49.32880699956163],[-2.32,49.46737106416714],[-2.48,49.46737106416714],[-2.56,49.32880699956163],[-2.48,49.19024293495612],[-2.32,49.19024293495612],[-2.2399999999999998,49.32880699956163]]]}},{"type":"Feature","properties":{"count":5,"q":-9,"r":184},"geometry":{"type":"Polygon","coordinates":[[[-2.0,49.744499193378154],[-2.08,49.883063257983665],[-2.24,49.883063257983665],[-2.3200000000000003,49.744499193378154],[-2.24,49.60593512877264],[-2.08,49.60593512877264],[-2.0,49.744499193378154]]]}},{"type":"Feature","properties":{"count":5,"q":-8,"r":212},"geometry":{"type":"Polygon","coordinates":[[[-1.76,57.64265087589223],[-1.8399999999999999,57.78121494049774],[-2.0,57.78121494049774],[-2.08,57.64265087589223],[-2.0,57.50408681128672],[-1.8399999999999999,57.50408681128672],[-1.76,57.64265087589223]]]}},{"type":"Feature","properties":{"count":4,"q":-42,"r":207},"geometry":{"type":"Polygon","coordinates":[[[-9.92,51.54583203324978],[-10.0,51.68439609785529],[-10.16,51.68439609785529],[-10.24,51.54583203324978],[-10.16,51.40726796864427],[-10.0,51.40726796864427],[-9.92,51.54583203324978]]]}},{"type":"Feature","properties":{"count":4,"q":-41,"r":210},"geometry":{"type":"Polygon","coordinates":[[[-9.68,52.51578048548835],[-9.76,52.65434455009386],[-9.92,52.65434455009386],[-10.0,52.51578048548835],[-9.92,52.37721642088284],[-9.76,52.37721642088284],[-9.68,52.51578048548835]]]}},{"type":"Feature","properties":{"count":4,"q":-41,"r":213},"geometry":{"type":"Polygon","coordinates":[[[-9.68,53.347164873121415],[-9.76,53.485728937726925],[-9.92,53.485728937726925],[-10.0,53.347164873121415],[-9.92,53.208600808515904],[-9.76,53.208600808515904],[-9.68,53.347164873121415]]]}},{"type":"Feature","properties":{"count":4,"q":-41,"r":214},"geometry":{"type":"Polygon","coordinates":[[[-9.68,53.624293002332436],[-9.76,53.76285706693795],[-9.92,53.76285706693795],[-10.0,53.624293002332436],[-9.92,53.485728937726925],[-9.76,53.485728937726925],[-9.68,53.624293002332436]]]}},{"type":"Feature","properties":{"count":4,"q":-36,"r":204},"geometry":{"type":"Polygon","coordinates":[[[-8.48,51.54583203324978],[-8.56,51.68439609785529],[-8.72,51.68439609785529],[-8.8,51.54583203324978],[-8.72,51.40726796864427],[-8.56,51.40726796864427],[-8.48,51.54583203324978]]]}},{"type":"Feature","properties":{"count":4,"q":-30,"r":215},"geometry":{"type":"Polygon","coordinates":[[[-7.04,55.42562584220407],[-7.12,55.56418990680958],[-7.28,55.56418990680958],[-7.36,55.42562584220407],[-7.28,55.28706177759856],[-7.12,55.28706177759856],[-7.04,55.42562584220407]]]}},{"type":"Feature","properties":{"count":4,"q":-29,"r":212},"geometry":{"type":"Polygon","coordinates":[[[-6.8,54.732805519176516],[-6.88,54.87136958378203],[-7.04,54.87136958378203],[-7.12,54.732805519176516],[-7.04,54.594241454571005],[-6.88,54.594241454571005],[-6.8,54.732805519176516]]]}},{"type":"Feature","properties":{"count":4,"q":-23,"r":218},"geometry":{"type":"Polygon","coordinates":[[[-5.36,57.226958682075704],[-5.44,57.365522746681215],[-5.6000000000000005,57.365522746681215],[-5.680000000000001,57.226958682075704],[-5.6000000000000005,57.08839461747019],[-5.44,57.08839461747019],[-5.36,57.226958682075704]]]}},{"type":"Feature","properties":{"count":4,"q":-22,"r":213},"geometry":{"type":"Polygon","coordinates":[[[-5.12,55.979882100626114],[-5.2,56.118446165231624],[-5.36,56.118446165231624],[-5.44,55.979882100626114],[-5.36,55.8413180360206],[-5.2,55.8413180360206],[-5.12,55.979882100626114]]]}},{"type":"Feature","properties":{"count":4,"q":-21,"r":215},"geometry":{"type":"Polygon","coordinates":[[[-4.88,56.67270242365367],[-4.96,56.81126648825918],[-5.12,56.81126648825918],[-5.2,56.67270242365367],[-5.12,56.53413835904816],[-4.96,56.53413835904816],[-4.88,56.67270242365367]]]}},{"type":"Feature","properties":{"count":4,"q":-20,"r":206},"geometry":{"type":"Polygon","coordinates":[[[-4.64,54.31711332535999],[-4.72,54.4556773899655],[-4.88,54.4556773899655],[-4.96,54.31711332535999],[-4.88,54.17854926075448],[-4.72,54.17854926075448],[-4.64,54.31711332535999]]]}},{"type":"Feature","properties":{"count":4,"q":-19,"r":194},"geometry":{"type":"Polygon","coordinates":[[[-4.4,51.13013983943326],[-4.48,51.26870390403877],[-4.640000000000001,51.26870390403877],[-4.720000000000001,51.13013983943326],[-4.640000000000001,50.99157577482775],[-4.48,50.99157577482775],[-4.4,51.13013983943326]]]}},{"type":"Feature","properties":{"count":4,"q":-19,"r":208},"geometry":{"type":"Polygon","coordinates":[[[-4.4,55.009933648387545],[-4.48,55.148497712993056],[-4.640000000000001,55.148497712993056],[-4.720000000000001,55.009933648387545],[-4.640000000000001,54.871369583782034],[-4.48,54.871369583782034],[-4.4,55.009933648387545]]]}},{"type":"Feature","properties":{"count":4,"q":-18,"r":217},"geometry":{"type":"Polygon","coordinates":[[[-4.16,57.64265087589223],[-4.24,57.78121494049774],[-4.4,57.78121494049774],[-4.48,57.64265087589223],[-4.4,57.50408681128672],[-4.24,57.50408681128672],[-4.16,57.64265087589223]]]}},{"type":"Feature","properties":{"count":4,"q":-16,"r":206},"geometry":{"type":"Polygon","coordinates":[[[-3.6799999999999997,54.871369583782034],[-3.76,55.009933648387545],[-3.92,55.009933648387545],[-4.0,54.871369583782034],[-3.92,54.73280551917652],[-3.76,54.73280551917652],[-3.6799999999999997,54.871369583782034]]]}},{"type":"Feature","properties":{"count":4,"q":-16,"r":208},"geometry":{"type":"Polygon","coordinates":[[[-3.6799999999999997,55.42562584220407],[-3.76,55.56418990680958],[-3.92,55.56418990680958],[-4.0,55.42562584220407],[-3.92,55.28706177759856],[-3.76,55.28706177759856],[-3.6799999999999997,55.42562584220407]]]}},{"type":"Feature","properties":{"count":4,"q":-16,"r":212},"geometry":{"type":"Polygon","coordinates":[[[-3.6799999999999997,56.53413835904816],[-3.76,56.67270242365367],[-3.92,56.67270242365367],[-4.0,56.53413835904816],[-3.92,56.395574294442646],[-3.76,56.395574294442646],[-3.6799999999999997,56.53413835904816]]]}},{"type":"Feature","properties":{"count":4,"q":-15,"r":208},"geometry":{"type":"Polygon","coordinates":[[[-3.44,55.56418990680958],[-3.52,55.70275397141509],[-3.68,55.70275397141509],[-3.7600000000000002,55.56418990680958],[-3.68,55.42562584220407],[-3.52,55.42562584220407],[-3.44,55.56418990680958]]]}},{"type":"Feature","properties":{"count":4,"q":-15,"r":219},"geometry":{"type":"Polygon","coordinates":[[[-3.44,58.6125993281308],[-3.52,58.75116339273631],[-3.68,58.75116339273631],[-3.7600000000000002,58.6125993281308],[-3.68,58.47403526352529],[-3.52,58.47403526352529],[-3.44,58.6125993281308]]]}},{"type":"Feature","properties":{"count":4,"q":-14,"r":202},"geometry":{"type":"Polygon","coordinates":[[[-3.1999999999999997,54.03998519614896],[-3.28,54.17854926075447],[-3.44,54.17854926075447],[-3.52,54.03998519614896],[-3.44,53.90142113154345],[-3.28,53.90142113154345],[-3.1999999999999997,54.03998519614896]]]}},{"type":"Feature","properties":{"count":4,"q":-13,"r":214},"geometry":{"type":"Polygon","coordinates":[[[-2.96,57.504086811286726],[-3.04,57.64265087589224],[-3.2,57.64265087589224],[-3.2800000000000002,57.504086811286726],[-3.2,57.365522746681215],[-3.04,57.365522746681215],[-2.96,57.504086811286726]]]}},{"type":"Feature","properties":{"count":4,"q":-12,"r":213},"geometry":{"type":"Polygon","coordinates":[[[-2.7199999999999998,57.36552274668121],[-2.8,57.50408681128672],[-2.96,57.50408681128672],[-3.04,57.36552274668121],[-2.96,57.2269586820757],[-2.8,57.2269586820757],[-2.7199999999999998,57.36552274668121]]]}},{"type":"Feature","properties":{"count":4,"q":-10,"r":204},"geometry":{"type":"Polygon","coordinates":[[[-2.2399999999999998,55.14849771299305],[-2.32,55.28706177759856],[-2.48,55.28706177759856],[-2.56,55.14849771299305],[-2.48,55.00993364838754],[-2.32,55.00993364838754],[-2.2399999999999998,55.14849771299305]]]}},{"type":"Feature","properties":{"count":4,"q":-9,"r":212},"geometry":{"type":"Polygon","coordinates":[[[-2.0,57.504086811286726],[-2.08,57.64265087589224],[-2.24,57.64265087589224],[-2.3200000000000003,57.504086811286726],[-2.24,57.365522746681215],[-2.08,57.365522746681215],[-2.0,57.504086811286726]]]}},{"type":"Feature","properties":{"count":4,"q":1,"r":193},"geometry":{"type":"Polygon","coordinates":[[[0.4,53.624293002332436],[0.32,53.76285706693795],[0.16000000000000003,53.76285706693795],[0.07999999999999999,53.624293002332436],[0.15999999999999992,53.485728937726925],[0.32,53.485728937726925],[0.4,53.624293002332436]]]}},{"type":"Feature","properties":{"count":3,"q":-40,"r":216},"geometry":{"type":"Polygon","coordinates":[[[-9.44,54.31711332535999],[-9.52,54.4556773899655],[-9.68,54.4556773899655],[-9.76,54.31711332535999],[-9.68,54.17854926075448],[-9.52,54.17854926075448],[-9.44,54.31711332535999]]]}},{"type":"Feature","properties":{"count":3,"q":-37,"r":214},"geometry":{"type":"Polygon","coordinates":[[[-8.72,54.17854926075448],[-8.8,54.31711332535999],[-8.96,54.31711332535999],[-9.040000000000001,54.17854926075448],[-8.96,54.03998519614897],[-8.8,54.03998519614897],[-8.72,54.17854926075448]]]}},{"type":"Feature","properties":{"count":3,"q":-33,"r":213},"geometry":{"type":"Polygon","coordinates":[[[-7.76,54.455677389965494],[-7.84,54.594241454571005],[-8.0,54.594241454571005],[-8.08,54.455677389965494],[-8.0,54.31711332535998],[-7.84,54.31711332535998],[-7.76,54.455677389965494]]]}},{"type":"Feature","properties":{"count":3,"q":-31,"r":221},"geometry":{"type":"Polygon","coordinates":[[[-7.28,56.94983055286469],[-7.36,57.0883946174702],[-7.5200000000000005,57.0883946174702],[-7.6000000000000005,56.94983055286469],[-7.5200000000000005,56.81126648825918],[-7.36,56.81126648825918],[-7.28,56.94983055286469]]]}},{"type":"Feature","properties":{"count":3,"q":-26,"r":214},"geometry":{"type":"Polygon","coordinates":[[[-6.08,55.702753971415085],[-6.16,55.841318036020596],[-6.32,55.841318036020596],[-6.4,55.702753971415085],[-6.32,55.564189906809574],[-6.16,55.564189906809574],[-6.08,55.702753971415085]]]}},{"type":"Feature","properties":{"count":3,"q":-24,"r":217},"geometry":{"type":"Polygon","coordinates":[[[-5.6,56.81126648825917],[-5.68,56.94983055286468],[-5.84,56.94983055286468],[-5.92,56.81126648825917],[-5.84,56.67270242365366],[-5.68,56.67270242365366],[-5.6,56.81126648825917]]]}},{"type":"Feature","properties":{"count":3,"q":-24,"r":220},"geometry":{"type":"Polygon","coordinates":[[[-5.6,57.64265087589223],[-5.68,57.78121494049774],[-5.84,57.78121494049774],[-5.92,57.64265087589223],[-5.84,57.50408681128672],[-5.68,57.50408681128672],[-5.6,57.64265087589223]]]}},{"type":"Feature","properties":{"count":3,"q":-23,"r":214},"geometry":{"type":"Polygon","coordinates":[[[-5.36,56.11844616523162],[-5.44,56.25701022983713],[-5.6000000000000005,56.25701022983713],[-5.680000000000001,56.11844616523162],[-5.6000000000000005,55.97988210062611],[-5.44,55.97988210062611],[-5.36,56.11844616523162]]]}},{"type":"Feature","properties":{"count":3,"q":-23,"r":219},"geometry":{"type":"Polygon","coordinates":[[[-5.36,57.50408681128672],[-5.44,57.64265087589223],[-5.6000000000000005,57.64265087589223],[-5.680000000000001,57.50408681128672],[-5.6000000000000005,57.36552274668121],[-5.44,57.36552274668121],[-5.36,57.50408681128672]]]}},{"type":"Feature","properties":{"count":3,"q":-20,"r":214},"geometry":{"type":"Polygon","coordinates":[[[-4.64,56.53413835904815],[-4.72,56.67270242365366],[-4.88,56.67270242365366],[-4.96,56.53413835904815],[-4.88,56.39557429444264],[-4.72,56.39557429444264],[-4.64,56.53413835904815]]]}},{"type":"Feature","properties":{"count":3,"q":-19,"r":201},"geometry":{"type":"Polygon","coordinates":[[[-4.4,53.0700367439104],[-4.48,53.20860080851591],[-4.640000000000001,53.20860080851591],[-4.720000000000001,53.0700367439104],[-4.640000000000001,52.93147267930489],[-4.48,52.93147267930489],[-4.4,53.0700367439104]]]}},{"type":"Feature","properties":{"count":3,"q":-19,"r":209},"geometry":{"type":"Polygon","coordinates":[[[-4.4,55.287061777598566],[-4.48,55.42562584220408],[-4.640000000000001,55.42562584220408],[-4.720000000000001,55.287061777598566],[-4.640000000000001,55.148497712993056],[-4.48,55.148497712993056],[-4.4,55.287061777598566]]]}},{"type":"Feature","properties":{"count":3,"q":-19,"r":216},"geometry":{"type":"Polygon","coordinates":[[[-4.4,57.226958682075704],[-4.48,57.365522746681215],[-4.640000000000001,57.365522746681215],[-4.720000000000001,57.226958682075704],[-4.640000000000001,57.08839461747019],[-4.48,57.08839461747019],[-4.4,57.226958682075704]]]}},{"type":"Feature","properties":{"count":3,"q":-19,"r":217},"geometry":{"type":"Polygon","coordinates":[[[-4.4,57.504086811286726],[-4.48,57.64265087589224],[-4.640000000000001,57.64265087589224],[-4.720000000000001,57.504086811286726],[-4.640000000000001,57.365522746681215],[-4.48,57.365522746681215],[-4.4,57.504086811286726]]]}},{"type":"Feature","properties":{"count":3,"q":-17,"r":209},"geometry":{"type":"Polygon","coordinates":[[[-3.92,55.56418990680958],[-4.0,55.70275397141509],[-4.16,55.70275397141509],[-4.24,55.56418990680958],[-4.16,55.42562584220407],[-4.0,55.42562584220407],[-3.92,55.56418990680958]]]}},{"type":"Feature","properties":{"count":3,"q":-17,"r":214},"geometry":{"type":"Polygon","coordinates":[[[-3.92,56.94983055286468],[-4.0,57.08839461747019],[-4.16,57.08839461747019],[-4.24,56.94983055286468],[-4.16,56.81126648825917],[-4.0,56.81126648825917],[-3.92,56.94983055286468]]]}},{"type":"Feature","properties":{"count":3,"q":-16,"r":207},"geometry":{"type":"Polygon","coordinates":[[[-3.6799999999999997,55.14849771299305],[-3.76,55.28706177759856],[-3.92,55.28706177759856],[-4.0,55.14849771299305],[-3.92,55.00993364838754],[-3.76,55.00993364838754],[-3.6799999999999997,55.14849771299305]]]}},{"type":"Feature","properties":{"count":3,"q":-12,"r":205},"geometry":{"type":"Polygon","coordinates":[[[-2.7199999999999998,55.14849771299305],[-2.8,55.28706177759856],[-2.96,55.28706177759856],[-3.04,55.14849771299305],[-2.96,55.00993364838754],[-2.8,55.00993364838754],[-2.7199999999999998,55.14849771299305]]]}},{"type":"Feature","properties":{"count":3,"q":-12,"r":212},"geometry":{"type":"Polygon","coordinates":[[[-2.7199999999999998,57.08839461747019],[-2.8,57.226958682075704],[-2.96,57.226958682075704],[-3.04,57.08839461747019],[-2.96,56.94983055286468],[-2.8,56.94983055286468],[-2.7199999999999998,57.08839461747019]]]}},{"type":"Feature","properties":{"count":3,"q":-11,"r":212},"geometry":{"type":"Polygon","coordinates":[[[-2.48,57.226958682075704],[-2.56,57.365522746681215],[-2.72,57.365522746681215],[-2.8000000000000003,57.226958682075704],[-2.72,57.08839461747019],[-2.56,57.08839461747019],[-2.48,57.226958682075704]]]}},{"type":"Feature","properties":{"count":3,"q":-11,"r":214},"geometry":{"type":"Polygon","coordinates":[[[-2.48,57.78121494049774],[-2.56,57.91977900510325],[-2.72,57.91977900510325],[-2.8000000000000003,57.78121494049774],[-2.72,57.64265087589223],[-2.56,57.64265087589223],[-2.48,57.78121494049774]]]}},{"type":"Feature","properties":{"count":3,"q":-9,"r":201},"geometry":{"type":"Polygon","coordinates":[[[-2.0,54.455677389965494],[-2.08,54.594241454571005],[-2.24,54.594241454571005],[-2.3200000000000003,54.455677389965494],[-2.24,54.31711332535998],[-2.08,54.31711332535998],[-2.0,54.455677389965494]]]}},{"type":"Feature","properties":{"count":3,"q":4,"r":184},"geometry":{"type":"Polygon","coordinates":[[[1.1199999999999999,51.54583203324978],[1.04,51.68439609785529],[0.88,51.68439609785529],[0.7999999999999999,51.54583203324978],[0.8799999999999999,51.40726796864427],[1.04,51.40726796864427],[1.1199999999999999,51.54583203324978]]]}},{"type":"Feature","properties":{"count":2,"q":-41,"r":206},"geometry":{"type":"Polygon","coordinates":[[[-9.68,51.40726796864428],[-9.76,51.54583203324979],[-9.92,51.54583203324979],[-10.0,51.40726796864428],[-9.92,51.268703904038766],[-9.76,51.268703904038766],[-9.68,51.40726796864428]]]}},{"type":"Feature","properties":{"count":2,"q":-40,"r":211},"geometry":{"type":"Polygon","coordinates":[[[-9.44,52.93147267930489],[-9.52,53.0700367439104],[-9.68,53.0700367439104],[-9.76,52.93147267930489],[-9.68,52.79290861469938],[-9.52,52.79290861469938],[-9.44,52.93147267930489]]]}},{"type":"Feature","properties":{"count":2,"q":-33,"r":214},"geometry":{"type":"Polygon","coordinates":[[[-7.76,54.732805519176516],[-7.84,54.87136958378203],[-8.0,54.87136958378203],[-8.08,54.732805519176516],[-8.0,54.594241454571005],[-7.84,54.594241454571005],[-7.76,54.732805519176516]]]}},{"type":"Feature","properties":{"count":2,"q":-31,"r":223},"geometry":{"type":"Polygon","coordinates":[[[-7.28,57.504086811286726],[-7.36,57.64265087589224],[-7.5200000000000005,57.64265087589224],[-7.6000000000000005,57.504086811286726],[-7.5200000000000005,57.365522746681215],[-7.36,57.365522746681215],[-7.28,57.504086811286726]]]}},{"type":"Feature","properties":{"count":2,"q":-28,"r":223},"geometry":{"type":"Polygon","coordinates":[[[-6.56,57.91977900510326],[-6.64,58.05834306970877],[-6.8,58.05834306970877],[-6.88,57.91977900510326],[-6.8,57.78121494049775],[-6.64,57.78121494049775],[-6.56,57.91977900510326]]]}},{"type":"Feature","properties":{"count":2,"q":-27,"r":217},"geometry":{"type":"Polygon","coordinates":[[[-6.32,56.39557429444264],[-6.4,56.53413835904815],[-6.5600000000000005,56.53413835904815],[-6.640000000000001,56.39557429444264],[-6.5600000000000005,56.25701022983713],[-6.4,56.25701022983713],[-6.32,56.39557429444264]]]}},{"type":"Feature","properties":{"count":2,"q":-27,"r":221},"geometry":{"type":"Polygon","coordinates":[[[-6.32,57.504086811286726],[-6.4,57.64265087589224],[-6.5600000000000005,57.64265087589224],[-6.640000000000001,57.504086811286726],[-6.5600000000000005,57.365522746681215],[-6.4,57.365522746681215],[-6.32,57.504086811286726]]]}},{"type":"Feature","properties":{"count":2,"q":-25,"r":214},"geometry":{"type":"Polygon","coordinates":[[[-5.84,55.8413180360206],[-5.92,55.979882100626114],[-6.08,55.979882100626114],[-6.16,55.8413180360206],[-6.08,55.70275397141509],[-5.92,55.70275397141509],[-5.84,55.8413180360206]]]}},{"type":"Feature","properties":{"count":2,"q":-25,"r":217},"geometry":{"type":"Polygon","coordinates":[[[-5.84,56.67270242365367],[-5.92,56.81126648825918],[-6.08,56.81126648825918],[-6.16,56.67270242365367],[-6.08,56.53413835904816],[-5.92,56.53413835904816],[-5.84,56.67270242365367]]]}},{"type":"Feature","properties":{"count":2,"q":-25,"r":219},"geometry":{"type":"Polygon","coordinates":[[[-5.84,57.226958682075704],[-5.92,57.365522746681215],[-6.08,57.365522746681215],[-6.16,57.226958682075704],[-6.08,57.08839461747019],[-5.92,57.08839461747019],[-5.84,57.226958682075704]]]}},{"type":"Feature","properties":{"count":2,"q":-22,"r":191},"geometry":{"type":"Polygon","coordinates":[[[-5.12,49.88306325798367],[-5.2,50.02162732258918],[-5.36,50.02162732258918],[-5.44,49.88306325798367],[-5.36,49.74449919337816],[-5.2,49.74449919337816],[-5.12,49.88306325798367]]]}},{"type":"Feature","properties":{"count":2,"q":-22,"r":215},"geometry":{"type":"Polygon","coordinates":[[[-5.12,56.53413835904816],[-5.2,56.67270242365367],[-5.36,56.67270242365367],[-5.44,56.53413835904816],[-5.36,56.395574294442646],[-5.2,56.395574294442646],[-5.12,56.53413835904816]]]}},{"type":"Feature","properties":{"count":2,"q":-22,"r":216},"geometry":{"type":"Polygon","coordinates":[[[-5.12,56.81126648825917],[-5.2,56.94983055286468],[-5.36,56.94983055286468],[-5.44,56.81126648825917],[-5.36,56.67270242365366],[-5.2,56.67270242365366],[-5.12,56.81126648825917]]]}},{"type":"Feature","properties":{"count":2,"q":-20,"r":207},"geometry":{"type":"Polygon","coordinates":[[[-4.64,54.594241454571005],[-4.72,54.732805519176516],[-4.88,54.732805519176516],[-4.96,54.594241454571005],[-4.88,54.455677389965494],[-4.72,54.455677389965494],[-4.64,54.594241454571005]]]}},{"type":"Feature","properties":{"count":2,"q":-20,"r":208},"geometry":{"type":"Polygon","coordinates":[[[-4.64,54.87136958378203],[-4.72,55.00993364838754],[-4.88,55.00993364838754],[-4.96,54.87136958378203],[-4.88,54.732805519176516],[-4.72,54.732805519176516],[-4.64,54.87136958378203]]]}},{"type":"Feature","properties":{"count":2,"q":-20,"r":215},"geometry":{"type":"Polygon","coordinates":[[[-4.64,56.81126648825917],[-4.72,56.94983055286468],[-4.88,56.94983055286468],[-4.96,56.81126648825917],[-4.88,56.67270242365366],[-4.72,56.67270242365366],[-4.64,56.81126648825917]]]}},{"type":"Feature","properties":{"count":2,"q":-20,"r":218},"geometry":{"type":"Polygon","coordinates":[[[-4.64,57.64265087589223],[-4.72,57.78121494049774],[-4.88,57.78121494049774],[-4.96,57.64265087589223],[-4.88,57.50408681128672],[-4.72,57.50408681128672],[-4.64,57.64265087589223]]]}},{"type":"Feature","properties":{"count":2,"q":-19,"r":219},"geometry":{"type":"Polygon","coordinates":[[[-4.4,58.05834306970876],[-4.48,58.19690713431427],[-4.640000000000001,58.19690713431427],[-4.720000000000001,58.05834306970876],[-4.640000000000001,57.91977900510325],[-4.48,57.91977900510325],[-4.4,58.05834306970876]]]}},{"type":"Feature","properties":{"count":2,"q":-18,"r":194},"geometry":{"type":"Polygon","coordinates":[[[-4.16,51.268703904038766],[-4.24,51.40726796864428],[-4.4,51.40726796864428],[-4.48,51.268703904038766],[-4.4,51.130139839433255],[-4.24,51.130139839433255],[-4.16,51.268703904038766]]]}},{"type":"Feature","properties":{"count":2,"q":-17,"r":206},"geometry":{"type":"Polygon","coordinates":[[[-3.92,54.732805519176516],[-4.0,54.87136958378203],[-4.16,54.87136958378203],[-4.24,54.732805519176516],[-4.16,54.594241454571005],[-4.0,54.594241454571005],[-3.92,54.732805519176516]]]}},{"type":"Feature","properties":{"count":2,"q":-17,"r":207},"geometry":{"type":"Polygon","coordinates":[[[-3.92,55.00993364838753],[-4.0,55.14849771299304],[-4.16,55.14849771299304],[-4.24,55.00993364838753],[-4.16,54.87136958378202],[-4.0,54.87136958378202],[-3.92,55.00993364838753]]]}},{"type":"Feature","properties":{"count":2,"q":-16,"r":213},"geometry":{"type":"Polygon","coordinates":[[[-3.6799999999999997,56.81126648825917],[-3.76,56.94983055286468],[-3.92,56.94983055286468],[-4.0,56.81126648825917],[-3.92,56.67270242365366],[-3.76,56.67270242365366],[-3.6799999999999997,56.81126648825917]]]}},{"type":"Feature","properties":{"count":2,"q":-16,"r":216},"geometry":{"type":"Polygon","coordinates":[[[-3.6799999999999997,57.64265087589223],[-3.76,57.78121494049774],[-3.92,57.78121494049774],[-4.0,57.64265087589223],[-3.92,57.50408681128672],[-3.76,57.50408681128672],[-3.6799999999999997,57.64265087589223]]]}},{"type":"Feature","properties":{"count":2,"q":-16,"r":219},"geometry":{"type":"Polygon","coordinates":[[[-3.6799999999999997,58.474035263525295],[-3.76,58.612599328130806],[-3.92,58.612599328130806],[-4.0,58.474035263525295],[-3.92,58.335471198919784],[-3.76,58.335471198919784],[-3.6799999999999997,58.474035263525295]]]}},{"type":"Feature","properties":{"count":2,"q":-15,"r":214},"geometry":{"type":"Polygon","coordinates":[[[-3.44,57.226958682075704],[-3.52,57.365522746681215],[-3.68,57.365522746681215],[-3.7600000000000002,57.226958682075704],[-3.68,57.08839461747019],[-3.52,57.08839461747019],[-3.44,57.226958682075704]]]}},{"type":"Feature","properties":{"count":2,"q":-15,"r":216},"geometry":{"type":"Polygon","coordinates":[[[-3.44,57.78121494049774],[-3.52,57.91977900510325],[-3.68,57.91977900510325],[-3.7600000000000002,57.78121494049774],[-3.68,57.64265087589223],[-3.52,57.64265087589223],[-3.44,57.78121494049774]]]}},{"type":"Feature","properties":{"count":2,"q":-14,"r":200},"geometry":{"type":"Polygon","coordinates":[[[-3.1999999999999997,53.485728937726925],[-3.28,53.624293002332436],[-3.44,53.624293002332436],[-3.52,53.485728937726925],[-3.44,53.347164873121415],[-3.28,53.347164873121415],[-3.1999999999999997,53.485728937726925]]]}},{"type":"Feature","properties":{"count":2,"q":-14,"r":214},"geometry":{"type":"Polygon","coordinates":[[[-3.1999999999999997,57.36552274668121],[-3.28,57.50408681128672],[-3.44,57.50408681128672],[-3.52,57.36552274668121],[-3.44,57.2269586820757],[-3.28,57.2269586820757],[-3.1999999999999997,57.36552274668121]]]}},{"type":"Feature","properties":{"count":2,"q":-13,"r":212},"geometry":{"type":"Polygon","coordinates":[[[-2.96,56.94983055286469],[-3.04,57.0883946174702],[-3.2,57.0883946174702],[-3.2800000000000002,56.94983055286469],[-3.2,56.81126648825918],[-3.04,56.81126648825918],[-2.96,56.94983055286469]]]}},{"type":"Feature","properties":{"count":2,"q":-13,"r":218},"geometry":{"type":"Polygon","coordinates":[[[-2.96,58.61259932813081],[-3.04,58.75116339273632],[-3.2,58.75116339273632],[-3.2800000000000002,58.61259932813081],[-3.2,58.4740352635253],[-3.04,58.4740352635253],[-2.96,58.61259932813081]]]}},{"type":"Feature","properties":{"count":2,"q":-12,"r":219},"geometry":{"type":"Polygon","coordinates":[[[-2.7199999999999998,59.02829152194733],[-2.8,59.16685558655284],[-2.96,59.16685558655284],[-3.04,59.02829152194733],[-2.96,58.88972745734182],[-2.8,58.88972745734182],[-2.7199999999999998,59.02829152194733]]]}},{"type":"Feature","properties":{"count":2,"q":-12,"r":220},"geometry":{"type":"Polygon","coordinates":[[[-2.7199999999999998,59.30541965115835],[-2.8,59.44398371576386],[-2.96,59.44398371576386],[-3.04,59.30541965115835],[-2.96,59.16685558655284],[-2.8,59.16685558655284],[-2.7199999999999998,59.30541965115835]]]}},{"type":"Feature","properties":{"count":2,"q":-11,"r":205},"geometry":{"type":"Polygon","coordinates":[[[-2.48,55.28706177759856],[-2.56,55.42562584220407],[-2.72,55.42562584220407],[-2.8000000000000003,55.28706177759856],[-2.72,55.14849771299305],[-2.56,55.14849771299305],[-2.48,55.28706177759856]]]}},{"type":"Feature","properties":{"count":2,"q":-11,"r":207},"geometry":{"type":"Polygon","coordinates":[[[-2.48,55.841318036020596],[-2.56,55.97988210062611],[-2.72,55.97988210062611],[-2.8000000000000003,55.841318036020596],[-2.72,55.702753971415085],[-2.56,55.702753971415085],[-2.48,55.841318036020596]]]}},{"type":"Feature","properties":{"count":2,"q":-11,"r":211},"geometry":{"type":"Polygon","coordinates":[[[-2.48,56.94983055286468],[-2.56,57.08839461747019],[-2.72,57.08839461747019],[-2.8000000000000003,56.94983055286468],[-2.72,56.81126648825917],[-2.56,56.81126648825917],[-2.48,56.94983055286468]]]}},{"type":"Feature","properties":{"count":2,"q":-10,"r":184},"geometry":{"type":"Polygon","coordinates":[[[-2.2399999999999998,49.60593512877264],[-2.32,49.744499193378154],[-2.48,49.744499193378154],[-2.56,49.60593512877264],[-2.48,49.46737106416713],[-2.32,49.46737106416713],[-2.2399999999999998,49.60593512877264]]]}},{"type":"Feature","properties":{"count":2,"q":-5,"r":221},"geometry":{"type":"Polygon","coordinates":[[[-1.04,60.55249623260795],[-1.1199999999999999,60.69106029721346],[-1.2799999999999998,60.69106029721346],[-1.3599999999999999,60.55249623260795],[-1.28,60.41393216800244],[-1.1199999999999999,60.41393216800244],[-1.04,60.55249623260795]]]}},{"type":"Feature","properties":{"count":2,"q":0,"r":195},"geometry":{"type":"Polygon","coordinates":[[[0.16,54.03998519614896],[0.08000000000000002,54.17854926075447],[-0.07999999999999996,54.17854926075447],[-0.16,54.03998519614896],[-0.08000000000000007,53.90142113154345],[0.08000000000000002,53.90142113154345],[0.16,54.03998519614896]]]}},{"type":"Feature","properties":{"count":1,"q":-44,"r":210},"geometry":{"type":"Polygon","coordinates":[[[-10.4,52.10008829167182],[-10.48,52.23865235627733],[-10.64,52.23865235627733],[-10.72,52.10008829167182],[-10.64,51.961524227066306],[-10.48,51.961524227066306],[-10.4,52.10008829167182]]]}},{"type":"Feature","properties":{"count":1,"q":-43,"r":215},"geometry":{"type":"Polygon","coordinates":[[[-10.16,53.62429300233244],[-10.24,53.762857066937954],[-10.4,53.762857066937954],[-10.48,53.62429300233244],[-10.4,53.48572893772693],[-10.24,53.48572893772693],[-10.16,53.62429300233244]]]}},{"type":"Feature","properties":{"count":1,"q":-42,"r":215},"geometry":{"type":"Polygon","coordinates":[[[-9.92,53.762857066937954],[-10.0,53.901421131543465],[-10.16,53.901421131543465],[-10.24,53.762857066937954],[-10.16,53.62429300233244],[-10.0,53.62429300233244],[-9.92,53.762857066937954]]]}},{"type":"Feature","properties":{"count":1,"q":-34,"r":215},"geometry":{"type":"Polygon","coordinates":[[[-8.0,54.871369583782034],[-8.08,55.009933648387545],[-8.24,55.009933648387545],[-8.32,54.871369583782034],[-8.24,54.73280551917652],[-8.08,54.73280551917652],[-8.0,54.871369583782034]]]}},{"type":"Feature","properties":{"count":1,"q":-31,"r":212},"geometry":{"type":"Polygon","coordinates":[[[-7.28,54.4556773899655],[-7.36,54.59424145457101],[-7.5200000000000005,54.59424145457101],[-7.6000000000000005,54.4556773899655],[-7.5200000000000005,54.31711332535999],[-7.36,54.31711332535999],[-7.28,54.4556773899655]]]}},{"type":"Feature","properties":{"count":1,"q":-31,"r":222},"geometry":{"type":"Polygon","coordinates":[[[-7.28,57.226958682075704],[-7.36,57.365522746681215],[-7.5200000000000005,57.365522746681215],[-7.6000000000000005,57.226958682075704],[-7.5200000000000005,57.08839461747019],[-7.36,57.08839461747019],[-7.28,57.226958682075704]]]}},{"type":"Feature","properties":{"count":1,"q":-30,"r":221},"geometry":{"type":"Polygon","coordinates":[[[-7.04,57.08839461747019],[-7.12,57.226958682075704],[-7.28,57.226958682075704],[-7.36,57.08839461747019],[-7.28,56.94983055286468],[-7.12,56.94983055286468],[-7.04,57.08839461747019]]]}},{"type":"Feature","properties":{"count":1,"q":-30,"r":223},"geometry":{"type":"Polygon","coordinates":[[[-7.04,57.64265087589223],[-7.12,57.78121494049774],[-7.28,57.78121494049774],[-7.36,57.64265087589223],[-7.28,57.50408681128672],[-7.12,57.50408681128672],[-7.04,57.64265087589223]]]}},{"type":"Feature","properties":{"count":1,"q":-27,"r":214},"geometry":{"type":"Polygon","coordinates":[[[-6.32,55.56418990680958],[-6.4,55.70275397141509],[-6.5600000000000005,55.70275397141509],[-6.640000000000001,55.56418990680958],[-6.5600000000000005,55.42562584220407],[-6.4,55.42562584220407],[-6.32,55.56418990680958]]]}},{"type":"Feature","properties":{"count":1,"q":-27,"r":220},"geometry":{"type":"Polygon","coordinates":[[[-6.32,57.226958682075704],[-6.4,57.365522746681215],[-6.5600000000000005,57.365522746681215],[-6.640000000000001,57.226958682075704],[-6.5600000000000005,57.08839461747019],[-6.4,57.08839461747019],[-6.32,57.226958682075704]]]}},{"type":"Feature","properties":{"count":1,"q":-26,"r":213},"geometry":{"type":"Polygon","coordinates":[[[-6.08,55.42562584220406],[-6.16,55.564189906809574],[-6.32,55.564189906809574],[-6.4,55.42562584220406],[-6.32,55.28706177759855],[-6.16,55.28706177759855],[-6.08,55.42562584220406]]]}},{"type":"Feature","properties":{"count":1,"q":-26,"r":216},"geometry":{"type":"Polygon","coordinates":[[[-6.08,56.25701022983713],[-6.16,56.39557429444264],[-6.32,56.39557429444264],[-6.4,56.25701022983713],[-6.32,56.11844616523162],[-6.16,56.11844616523162],[-6.08,56.25701022983713]]]}},{"type":"Feature","properties":{"count":1,"q":-26,"r":217},"geometry":{"type":"Polygon","coordinates":[[[-6.08,56.53413835904815],[-6.16,56.67270242365366],[-6.32,56.67270242365366],[-6.4,56.53413835904815],[-6.32,56.39557429444264],[-6.16,56.39557429444264],[-6.08,56.53413835904815]]]}},{"type":"Feature","properties":{"count":1,"q":-26,"r":221},"geometry":{"type":"Polygon","coordinates":[[[-6.08,57.64265087589223],[-6.16,57.78121494049774],[-6.32,57.78121494049774],[-6.4,57.64265087589223],[-6.32,57.50408681128672],[-6.16,57.50408681128672],[-6.08,57.64265087589223]]]}},{"type":"Feature","properties":{"count":1,"q":-26,"r":224},"geometry":{"type":"Polygon","coordinates":[[[-6.08,58.474035263525295],[-6.16,58.612599328130806],[-6.32,58.612599328130806],[-6.4,58.474035263525295],[-6.32,58.335471198919784],[-6.16,58.335471198919784],[-6.08,58.474035263525295]]]}},{"type":"Feature","properties":{"count":1,"q":-25,"r":218},"geometry":{"type":"Polygon","coordinates":[[[-5.84,56.94983055286469],[-5.92,57.0883946174702],[-6.08,57.0883946174702],[-6.16,56.94983055286469],[-6.08,56.81126648825918],[-5.92,56.81126648825918],[-5.84,56.94983055286469]]]}},{"type":"Feature","properties":{"count":1,"q":-24,"r":215},"geometry":{"type":"Polygon","coordinates":[[[-5.6,56.257010229837135],[-5.68,56.395574294442646],[-5.84,56.395574294442646],[-5.92,56.257010229837135],[-5.84,56.118446165231624],[-5.68,56.118446165231624],[-5.6,56.257010229837135]]]}},{"type":"Feature","properties":{"count":1,"q":-24,"r":216},"geometry":{"type":"Polygon","coordinates":[[[-5.6,56.53413835904815],[-5.68,56.67270242365366],[-5.84,56.67270242365366],[-5.92,56.53413835904815],[-5.84,56.39557429444264],[-5.68,56.39557429444264],[-5.6,56.53413835904815]]]}},{"type":"Feature","properties":{"count":1,"q":-23,"r":213},"geometry":{"type":"Polygon","coordinates":[[[-5.36,55.841318036020596],[-5.44,55.97988210062611],[-5.6000000000000005,55.97988210062611],[-5.680000000000001,55.841318036020596],[-5.6000000000000005,55.702753971415085],[-5.44,55.702753971415085],[-5.36,55.841318036020596]]]}},{"type":"Feature","properties":{"count":1,"q":-23,"r":220},"geometry":{"type":"Polygon","coordinates":[[[-5.36,57.78121494049774],[-5.44,57.91977900510325],[-5.6000000000000005,57.91977900510325],[-5.680000000000001,57.78121494049774],[-5.6000000000000005,57.64265087589223],[-5.44,57.64265087589223],[-5.36,57.78121494049774]]]}},{"type":"Feature","properties":{"count":1,"q":-23,"r":221},"geometry":{"type":"Polygon","coordinates":[[[-5.36,58.05834306970876],[-5.44,58.19690713431427],[-5.6000000000000005,58.19690713431427],[-5.680000000000001,58.05834306970876],[-5.6000000000000005,57.91977900510325],[-5.44,57.91977900510325],[-5.36,58.05834306970876]]]}},{"type":"Feature","properties":{"count":1,"q":-22,"r":212},"geometry":{"type":"Polygon","coordinates":[[[-5.12,55.7027539714151],[-5.2,55.84131803602061],[-5.36,55.84131803602061],[-5.44,55.7027539714151],[-5.36,55.56418990680959],[-5.2,55.56418990680959],[-5.12,55.7027539714151]]]}},{"type":"Feature","properties":{"count":1,"q":-22,"r":214},"geometry":{"type":"Polygon","coordinates":[[[-5.12,56.257010229837135],[-5.2,56.395574294442646],[-5.36,56.395574294442646],[-5.44,56.257010229837135],[-5.36,56.118446165231624],[-5.2,56.118446165231624],[-5.12,56.257010229837135]]]}},{"type":"Feature","properties":{"count":1,"q":-22,"r":219},"geometry":{"type":"Polygon","coordinates":[[[-5.12,57.64265087589223],[-5.2,57.78121494049774],[-5.36,57.78121494049774],[-5.44,57.64265087589223],[-5.36,57.50408681128672],[-5.2,57.50408681128672],[-5.12,57.64265087589223]]]}},{"type":"Feature","properties":{"count":1,"q":-21,"r":208},"geometry":{"type":"Polygon","coordinates":[[[-4.88,54.732805519176516],[-4.96,54.87136958378203],[-5.12,54.87136958378203],[-5.2,54.732805519176516],[-5.12,54.594241454571005],[-4.96,54.594241454571005],[-4.88,54.732805519176516]]]}},{"type":"Feature","properties":{"count":1,"q":-21,"r":213},"geometry":{"type":"Polygon","coordinates":[[[-4.88,56.11844616523162],[-4.96,56.25701022983713],[-5.12,56.25701022983713],[-5.2,56.11844616523162],[-5.12,55.97988210062611],[-4.96,55.97988210062611],[-4.88,56.11844616523162]]]}},{"type":"Feature","properties":{"count":1,"q":-21,"r":214},"geometry":{"type":"Polygon","coordinates":[[[-4.88,56.39557429444264],[-4.96,56.53413835904815],[-5.12,56.53413835904815],[-5.2,56.39557429444264],[-5.12,56.25701022983713],[-4.96,56.25701022983713],[-4.88,56.39557429444264]]]}},{"type":"Feature","properties":{"count":1,"q":-20,"r":210},"geometry":{"type":"Polygon","coordinates":[[[-4.64,55.42562584220406],[-4.72,55.564189906809574],[-4.88,55.564189906809574],[-4.96,55.42562584220406],[-4.88,55.28706177759855],[-4.72,55.28706177759855],[-4.64,55.42562584220406]]]}},{"type":"Feature","properties":{"count":1,"q":-20,"r":219},"geometry":{"type":"Polygon","coordinates":[[[-4.64,57.919779005103244],[-4.72,58.058343069708755],[-4.88,58.058343069708755],[-4.96,57.919779005103244],[-4.88,57.78121494049773],[-4.72,57.78121494049773],[-4.64,57.919779005103244]]]}},{"type":"Feature","properties":{"count":1,"q":-19,"r":213},"geometry":{"type":"Polygon","coordinates":[[[-4.4,56.39557429444264],[-4.48,56.53413835904815],[-4.640000000000001,56.53413835904815],[-4.720000000000001,56.39557429444264],[-4.640000000000001,56.25701022983713],[-4.48,56.25701022983713],[-4.4,56.39557429444264]]]}},{"type":"Feature","properties":{"count":1,"q":-19,"r":220},"geometry":{"type":"Polygon","coordinates":[[[-4.4,58.335471198919784],[-4.48,58.474035263525295],[-4.640000000000001,58.474035263525295],[-4.720000000000001,58.335471198919784],[-4.640000000000001,58.19690713431427],[-4.48,58.19690713431427],[-4.4,58.335471198919784]]]}},{"type":"Feature","properties":{"count":1,"q":-18,"r":206},"geometry":{"type":"Polygon","coordinates":[[[-4.16,54.59424145457101],[-4.24,54.73280551917652],[-4.4,54.73280551917652],[-4.48,54.59424145457101],[-4.4,54.4556773899655],[-4.24,54.4556773899655],[-4.16,54.59424145457101]]]}},{"type":"Feature","properties":{"count":1,"q":-18,"r":213},"geometry":{"type":"Polygon","coordinates":[[[-4.16,56.53413835904815],[-4.24,56.67270242365366],[-4.4,56.67270242365366],[-4.48,56.53413835904815],[-4.4,56.39557429444264],[-4.24,56.39557429444264],[-4.16,56.53413835904815]]]}},{"type":"Feature","properties":{"count":1,"q":-17,"r":213},"geometry":{"type":"Polygon","coordinates":[[[-3.92,56.672702423653654],[-4.0,56.811266488259164],[-4.16,56.811266488259164],[-4.24,56.672702423653654],[-4.16,56.53413835904814],[-4.0,56.53413835904814],[-3.92,56.672702423653654]]]}},{"type":"Feature","properties":{"count":1,"q":-17,"r":218},"geometry":{"type":"Polygon","coordinates":[[[-3.92,58.05834306970876],[-4.0,58.19690713431427],[-4.16,58.19690713431427],[-4.24,58.05834306970876],[-4.16,57.91977900510325],[-4.0,57.91977900510325],[-3.92,58.05834306970876]]]}},{"type":"Feature","properties":{"count":1,"q":-16,"r":217},"geometry":{"type":"Polygon","coordinates":[[[-3.6799999999999997,57.91977900510326],[-3.76,58.05834306970877],[-3.92,58.05834306970877],[-4.0,57.91977900510326],[-3.92,57.78121494049775],[-3.76,57.78121494049775],[-3.6799999999999997,57.91977900510326]]]}},{"type":"Feature","properties":{"count":1,"q":-15,"r":217},"geometry":{"type":"Polygon","coordinates":[[[-3.44,58.05834306970876],[-3.52,58.19690713431427],[-3.68,58.19690713431427],[-3.7600000000000002,58.05834306970876],[-3.68,57.91977900510325],[-3.52,57.91977900510325],[-3.44,58.05834306970876]]]}},{"type":"Feature","properties":{"count":1,"q":-14,"r":208},"geometry":{"type":"Polygon","coordinates":[[[-3.1999999999999997,55.702753971415085],[-3.28,55.841318036020596],[-3.44,55.841318036020596],[-3.52,55.702753971415085],[-3.44,55.564189906809574],[-3.28,55.564189906809574],[-3.1999999999999997,55.702753971415085]]]}},{"type":"Feature","properties":{"count":1,"q":-14,"r":217},"geometry":{"type":"Polygon","coordinates":[[[-3.1999999999999997,58.19690713431427],[-3.28,58.335471198919784],[-3.44,58.335471198919784],[-3.52,58.19690713431427],[-3.44,58.05834306970876],[-3.28,58.05834306970876],[-3.1999999999999997,58.19690713431427]]]}},{"type":"Feature","properties":{"count":1,"q":-14,"r":218},"geometry":{"type":"Polygon","coordinates":[[[-3.1999999999999997,58.474035263525295],[-3.28,58.612599328130806],[-3.44,58.612599328130806],[-3.52,58.474035263525295],[-3.44,58.335471198919784],[-3.28,58.335471198919784],[-3.1999999999999997,58.474035263525295]]]}},{"type":"Feature","properties":{"count":1,"q":-14,"r":220},"geometry":{"type":"Polygon","coordinates":[[[-3.1999999999999997,59.02829152194733],[-3.28,59.16685558655284],[-3.44,59.16685558655284],[-3.52,59.02829152194733],[-3.44,58.88972745734182],[-3.28,58.88972745734182],[-3.1999999999999997,59.02829152194733]]]}},{"type":"Feature","properties":{"count":1,"q":-13,"r":219},"geometry":{"type":"Polygon","coordinates":[[[-2.96,58.88972745734183],[-3.04,59.02829152194734],[-3.2,59.02829152194734],[-3.2800000000000002,58.88972745734183],[-3.2,58.751163392736316],[-3.04,58.751163392736316],[-2.96,58.88972745734183]]]}},{"type":"Feature","properties":{"count":1,"q":-13,"r":220},"geometry":{"type":"Polygon","coordinates":[[[-2.96,59.16685558655285],[-3.04,59.30541965115836],[-3.2,59.30541965115836],[-3.2800000000000002,59.16685558655285],[-3.2,59.02829152194734],[-3.04,59.02829152194734],[-2.96,59.16685558655285]]]}},{"type":"Feature","properties":{"count":1,"q":-12,"r":211},"geometry":{"type":"Polygon","coordinates":[[[-2.7199999999999998,56.81126648825917],[-2.8,56.94983055286468],[-2.96,56.94983055286468],[-3.04,56.81126648825917],[-2.96,56.67270242365366],[-2.8,56.67270242365366],[-2.7199999999999998,56.81126648825917]]]}},{"type":"Feature","properties":{"count":1,"q":-12,"r":218},"geometry":{"type":"Polygon","coordinates":[[[-2.7199999999999998,58.751163392736316],[-2.8,58.88972745734183],[-2.96,58.88972745734183],[-3.04,58.751163392736316],[-2.96,58.612599328130806],[-2.8,58.612599328130806],[-2.7199999999999998,58.751163392736316]]]}},{"type":"Feature","properties":{"count":1,"q":-11,"r":213},"geometry":{"type":"Polygon","coordinates":[[[-2.48,57.50408681128672],[-2.56,57.64265087589223],[-2.72,57.64265087589223],[-2.8000000000000003,57.50408681128672],[-2.72,57.36552274668121],[-2.56,57.36552274668121],[-2.48,57.50408681128672]]]}},{"type":"Feature","properties":{"count":1,"q":-10,"r":205},"geometry":{"type":"Polygon","coordinates":[[[-2.2399999999999998,55.42562584220407],[-2.32,55.56418990680958],[-2.48,55.56418990680958],[-2.56,55.42562584220407],[-2.48,55.28706177759856],[-2.32,55.28706177759856],[-2.2399999999999998,55.42562584220407]]]}},{"type":"Feature","properties":{"count":1,"q":-6,"r":203},"geometry":{"type":"Polygon","coordinates":[[[-1.28,55.42562584220407],[-1.3599999999999999,55.56418990680958],[-1.52,55.56418990680958],[-1.5999999999999999,55.42562584220407],[-1.52,55.28706177759856],[-1.3599999999999999,55.28706177759856],[-1.28,55.42562584220407]]]}},{"type":"Feature","properties":{"count":1,"q":-5,"r":219},"geometry":{"type":"Polygon","coordinates":[[[-1.04,59.9982399741859],[-1.1199999999999999,60.13680403879141],[-1.2799999999999998,60.13680403879141],[-1.3599999999999999,59.9982399741859],[-1.28,59.85967590958039],[-1.1199999999999999,59.85967590958039],[-1.04,59.9982399741859]]]}},{"type":"Feature","properties":{"count":1,"q":-4,"r":220},"geometry":{"type":"Polygon","coordinates":[[[-0.7999999999999999,60.41393216800244],[-0.8799999999999999,60.55249623260795],[-1.04,60.55249623260795],[-1.1199999999999999,60.41393216800244],[-1.04,60.27536810339693],[-0.8799999999999999,60.27536810339693],[-0.7999999999999999,60.41393216800244]]]}},{"type":"Feature","properties":{"count":1,"q":-3,"r":221},"geometry":{"type":"Polygon","coordinates":[[[-0.5599999999999999,60.82962436181897],[-0.6399999999999999,60.96818842642448],[-0.7999999999999999,60.96818842642448],[-0.88,60.82962436181897],[-0.8,60.69106029721346],[-0.6399999999999999,60.69106029721346],[-0.5599999999999999,60.82962436181897]]]}}]}
