{"type":"FeatureCollection","features":[{"type":"Feature","geometry":{"type":"Point","coordinates":[1.4183562,51.3343847]},"properties":{"name":"Arts in Ramsgate Social Club","layer":"arts-centres","note":"OpenStreetMap","osm_id":"node/10017655196","osm_url":"https://www.openstreetmap.org/node/10017655196","source":"OpenStreetMap"}},{"type":"Feature","geometry":{"type":"Point","coordinates":[-2.1099072,53.5403224]},"properties":{"name":"Oldham Theatre Workshop","layer":"arts-centres","note":"OpenStreetMap","osm_id":"node/10022209226","osm_url":"https://www.openstreetmap.org/node/10022209226","source":"OpenStreetMap"}},{"type":"Feature","geometry":{"type":"Point","coordinates":[-0.4776223,52.6534376]},"properties":{"name":"Stamford Welland School of Dance","layer":"arts-centres","note":"OpenStreetMap","osm_id":"node/10048267172","osm_url":"https://www.openstreetmap.org/node/10048267172","source":"OpenStreetMap"}},{"type":"Feature","geometry":{"type":"Point","coordinates":[-8.1748179,54.303918]},"properties":{"name":"^","layer":"arts-centres","note":"OpenStreetMap","osm_id":"node/10069449091","osm_url":"https://www.openstreetmap.org/node/10069449091","source":"OpenStreetMap"}},{"type":"Feature","geometry":{"type":"Point","coordinates":[-0.0352042,51.4823934]},"properties":{"name":"Acme Studios","layer":"arts-centres","note":"OpenStreetMap","osm_id":"node/10083597621","osm_url":"https://www.openstreetmap.org/node/10083597621","source":"OpenStreetMap"}},{"type":"Feature","geometry":{"type":"Point","coordinates":[-0.6424239,52.9144436]},"properties":{"name":"Dance Pointe","layer":"arts-centres","note":"OpenStreetMap","osm_id":"node/10096214281","osm_url":"https://www.openstreetmap.org/node/10096214281","source":"OpenStreetMap"}},{"type":"Feature","geometry":{"type":"Point","coordinates":[-2.9599024,51.6187423]},"properties":{"name":"Caerleon Arts Centre","layer":"arts-centres","note":"OpenStreetMap","osm_id":"node/10098645327","osm_url":"https://www.openstreetmap.org/node/10098645327","source":"OpenStreetMap"}},{"type":"Feature","geometry":{"type":"Point","coordinates":[-3.1835262,55.9550001]},"properties":{"name":"Collective - City Observatory","layer":"arts-centres","note":"OpenStreetMap","osm_id":"node/10117511077","osm_url":"https://www.openstreetmap.org/node/10117511077","source":"OpenStreetMap"}},{"type":"Feature","geometry":{"type":"Point","coordinates":[-8.4771155,51.900821]},"properties":{"name":"Test Site","layer":"arts-centres","note":"OpenStreetMap","osm_id":"node/10252888636","osm_url":"https://www.openstreetmap.org/node/10252888636","source":"OpenStreetMap"}},{"type":"Feature","geometry":{"type":"Point","coordinates":[-1.5525639,53.8080907]},"properties":{"name":"Centenary Gallery","layer":"arts-centres","note":"OpenStreetMap","osm_id":"node/1025703041","osm_url":"https://www.openstreetmap.org/node/1025703041","source":"OpenStreetMap"}},{"type":"Feature","geometry":{"type":"Point","coordinates":[-2.2780162,51.0378218]},"properties":{"name":"The Slade Centre","layer":"arts-centres","note":"OpenStreetMap","osm_id":"node/10274406412","osm_url":"https://www.openstreetmap.org/node/10274406412","source":"OpenStreetMap"}},{"type":"Feature","geometry":{"type":"Point","coordinates":[-3.5313991,50.7252662]},"properties":{"name":"Exeter Phoenix Arts Centre","layer":"arts-centres","note":"OpenStreetMap","osm_id":"node/10315319312","osm_url":"https://www.openstreetmap.org/node/10315319312","source":"OpenStreetMap"}},{"type":"Feature","geometry":{"type":"Point","coordinates":[-3.1861454,51.4764069]},"properties":{"name":"Sustainable Studio","layer":"arts-centres","note":"OpenStreetMap","osm_id":"node/1035258846","osm_url":"https://www.openstreetmap.org/node/1035258846","source":"OpenStreetMap"}},{"type":"Feature","geometry":{"type":"Point","coordinates":[0.6927111,51.5383601]},"properties":{"name":"Buzzin' Brushes","layer":"arts-centres","note":"OpenStreetMap","osm_id":"node/1038708495","osm_url":"https://www.openstreetmap.org/node/1038708495","source":"OpenStreetMap"}},{"type":"Feature","geometry":{"type":"Point","coordinates":[-0.0102778,51.4421137]},"properties":{"name":"Cat Cafe @ The Film Atelier","layer":"arts-centres","note":"OpenStreetMap","osm_id":"node/10712463917","osm_url":"https://www.openstreetmap.org/node/10712463917","source":"OpenStreetMap"}},{"type":"Feature","geometry":{"type":"Point","coordinates":[-0.7569194,50.8296759]},"properties":{"name":"Arabesque School Of Dance And Drama","layer":"arts-centres","note":"OpenStreetMap","osm_id":"node/10760203143","osm_url":"https://www.openstreetmap.org/node/10760203143","source":"OpenStreetMap"}},{"type":"Feature","geometry":{"type":"Point","coordinates":[-4.0198523,55.8541]},"properties":{"name":"Shining Stars Theatre School","layer":"arts-centres","note":"OpenStreetMap","osm_id":"node/10823763361","osm_url":"https://www.openstreetmap.org/node/10823763361","source":"OpenStreetMap"}},{"type":"Feature","geometry":{"type":"Point","coordinates":[-3.2096279,55.9487516]},"properties":{"name":"Scottish Arts Club","layer":"arts-centres","note":"OpenStreetMap","osm_id":"node/10974031516","osm_url":"https://www.openstreetmap.org/node/10974031516","source":"OpenStreetMap"}},{"type":"Feature","geometry":{"type":"Point","coordinates":[-0.3317972,51.2334391]},"properties":{"name":"art-K","layer":"arts-centres","note":"OpenStreetMap","osm_id":"node/10980104606","osm_url":"https://www.openstreetmap.org/node/10980104606","source":"OpenStreetMap"}},{"type":"Feature","geometry":{"type":"Point","coordinates":[-5.0681327,50.1537252]},"properties":{"name":"The Poly","layer":"arts-centres","note":"OpenStreetMap","osm_id":"node/10983006187","osm_url":"https://www.openstreetmap.org/node/10983006187","source":"OpenStreetMap"}},{"type":"Feature","geometry":{"type":"Point","coordinates":[-1.8248977,53.926691]},"properties":{"name":"Art School Ilkley","layer":"arts-centres","note":"OpenStreetMap","osm_id":"node/11019662489","osm_url":"https://www.openstreetmap.org/node/11019662489","source":"OpenStreetMap"}},{"type":"Feature","geometry":{"type":"Point","coordinates":[-1.8249219,53.9266081]},"properties":{"name":"Arts centre","layer":"arts-centres","note":"OpenStreetMap","osm_id":"node/11019662490","osm_url":"https://www.openstreetmap.org/node/11019662490","source":"OpenStreetMap"}},{"type":"Feature","geometry":{"type":"Point","coordinates":[-0.0220271,51.4765411]},"properties":{"name":"The Artworks","layer":"arts-centres","note":"OpenStreetMap","osm_id":"node/11028488324","osm_url":"https://www.openstreetmap.org/node/11028488324","source":"OpenStreetMap"}},{"type":"Feature","geometry":{"type":"Point","coordinates":[-0.049274,51.5214592]},"properties":{"name":"Studio Yukari","layer":"arts-centres","note":"OpenStreetMap","osm_id":"node/11035441189","osm_url":"https://www.openstreetmap.org/node/11035441189","source":"OpenStreetMap"}},{"type":"Feature","geometry":{"type":"Point","coordinates":[-2.277699,54.0688449]},"properties":{"name":"The Joinery","layer":"arts-centres","note":"OpenStreetMap","osm_id":"node/11048264425","osm_url":"https://www.openstreetmap.org/node/11048264425","source":"OpenStreetMap"}},{"type":"Feature","geometry":{"type":"Point","coordinates":[-2.6711523,51.6442635]},"properties":{"name":"The Drill Hall","layer":"arts-centres","note":"OpenStreetMap","osm_id":"node/11148818672","osm_url":"https://www.openstreetmap.org/node/11148818672","source":"OpenStreetMap"}},{"type":"Feature","geometry":{"type":"Point","coordinates":[-0.0697713,52.181856]},"properties":{"name":"Wysing Arts Centre","layer":"arts-centres","note":"OpenStreetMap","osm_id":"node/111490567","osm_url":"https://www.openstreetmap.org/node/111490567","source":"OpenStreetMap"}},{"type":"Feature","geometry":{"type":"Point","coordinates":[-1.4760248,53.3805551]},"properties":{"name":"Ease","layer":"arts-centres","note":"OpenStreetMap","osm_id":"node/11149418444","osm_url":"https://www.openstreetmap.org/node/11149418444","source":"OpenStreetMap"}},{"type":"Feature","geometry":{"type":"Point","coordinates":[0.030109,51.5011209]},"properties":{"name":"Bonbon Pottery","layer":"arts-centres","note":"OpenStreetMap","osm_id":"node/11170065116","osm_url":"https://www.openstreetmap.org/node/11170065116","source":"OpenStreetMap"}},{"type":"Feature","geometry":{"type":"Point","coordinates":[-4.4831139,54.9588455]},"properties":{"name":"The Vault","layer":"arts-centres","note":"OpenStreetMap","osm_id":"node/11186770121","osm_url":"https://www.openstreetmap.org/node/11186770121","source":"OpenStreetMap"}},{"type":"Feature","geometry":{"type":"Point","coordinates":[-1.4758843,53.3857771]},"properties":{"name":"Ecco Theatre Arts","layer":"arts-centres","note":"OpenStreetMap","osm_id":"node/11198526512","osm_url":"https://www.openstreetmap.org/node/11198526512","source":"OpenStreetMap"}},{"type":"Feature","geometry":{"type":"Point","coordinates":[-1.5057017,53.3812553]},"properties":{"name":"Into the Studio","layer":"arts-centres","note":"OpenStreetMap","osm_id":"node/11250870223","osm_url":"https://www.openstreetmap.org/node/11250870223","source":"OpenStreetMap"}},{"type":"Feature","geometry":{"type":"Point","coordinates":[-0.0312507,51.5515981]},"properties":{"name":"Acme Studios","layer":"arts-centres","note":"OpenStreetMap","osm_id":"node/11283588236","osm_url":"https://www.openstreetmap.org/node/11283588236","source":"OpenStreetMap"}},{"type":"Feature","geometry":{"type":"Point","coordinates":[-0.0711483,51.552709]},"properties":{"name":"Lighthouse Studios","layer":"arts-centres","note":"OpenStreetMap","osm_id":"node/11289689793","osm_url":"https://www.openstreetmap.org/node/11289689793","source":"OpenStreetMap"}},{"type":"Feature","geometry":{"type":"Point","coordinates":[-0.0722906,51.5655798]},"properties":{"name":"Praxis N16 Studios","layer":"arts-centres","note":"OpenStreetMap","osm_id":"node/11289863281","osm_url":"https://www.openstreetmap.org/node/11289863281","source":"OpenStreetMap"}},{"type":"Feature","geometry":{"type":"Point","coordinates":[-0.0531737,51.5645281]},"properties":{"name":"Cell Studios","layer":"arts-centres","note":"OpenStreetMap","osm_id":"node/11296514544","osm_url":"https://www.openstreetmap.org/node/11296514544","source":"OpenStreetMap"}},{"type":"Feature","geometry":{"type":"Point","coordinates":[-0.0623515,51.5507828]},"properties":{"name":"Coachworks","layer":"arts-centres","note":"OpenStreetMap","osm_id":"node/11303632141","osm_url":"https://www.openstreetmap.org/node/11303632141","source":"OpenStreetMap"}},{"type":"Feature","geometry":{"type":"Point","coordinates":[-3.1956982,51.6702571]},"properties":{"name":"Studio 54","layer":"arts-centres","note":"OpenStreetMap","osm_id":"node/11459827430","osm_url":"https://www.openstreetmap.org/node/11459827430","source":"OpenStreetMap"}},{"type":"Feature","geometry":{"type":"Point","coordinates":[-0.0922522,51.5070718]},"properties":{"name":"Delight","layer":"arts-centres","note":"OpenStreetMap","osm_id":"node/11557826353","osm_url":"https://www.openstreetmap.org/node/11557826353","source":"OpenStreetMap"}},{"type":"Feature","geometry":{"type":"Point","coordinates":[-0.1298469,51.5157176]},"properties":{"name":"The NOW Building","layer":"arts-centres","note":"OpenStreetMap","osm_id":"node/11607899737","osm_url":"https://www.openstreetmap.org/node/11607899737","source":"OpenStreetMap"}},{"type":"Feature","geometry":{"type":"Point","coordinates":[-0.1295331,51.5157961]},"properties":{"name":"NOW Trending","layer":"arts-centres","note":"OpenStreetMap","osm_id":"node/11607899738","osm_url":"https://www.openstreetmap.org/node/11607899738","source":"OpenStreetMap"}},{"type":"Feature","geometry":{"type":"Point","coordinates":[-1.2167776,51.7318753]},"properties":{"name":"Ark-T @ Templar Square","layer":"arts-centres","note":"Ark-T;Ark-T Centre;ARK T","osm_id":"node/11610609867","osm_url":"https://www.openstreetmap.org/node/11610609867","source":"OpenStreetMap","brand":"Ark-T;Ark-T Centre;ARK T"}},{"type":"Feature","geometry":{"type":"Point","coordinates":[-7.389035,52.5458407]},"properties":{"name":"KCAT","layer":"arts-centres","note":"OpenStreetMap","osm_id":"node/11610668390","osm_url":"https://www.openstreetmap.org/node/11610668390","source":"OpenStreetMap"}},{"type":"Feature","geometry":{"type":"Point","coordinates":[-6.2697025,53.3474107]},"properties":{"name":"The Complex","layer":"arts-centres","note":"OpenStreetMap","osm_id":"node/11617477552","osm_url":"https://www.openstreetmap.org/node/11617477552","source":"OpenStreetMap"}},{"type":"Feature","geometry":{"type":"Point","coordinates":[-2.420986,52.5373987]},"properties":{"name":"The Arty Space","layer":"arts-centres","note":"OpenStreetMap","osm_id":"node/11650491369","osm_url":"https://www.openstreetmap.org/node/11650491369","source":"OpenStreetMap"}},{"type":"Feature","geometry":{"type":"Point","coordinates":[-6.4530855,52.3325546]},"properties":{"name":"Bare Cheek Theatre Company Acting Studio","layer":"arts-centres","note":"OpenStreetMap","osm_id":"node/11662228936","osm_url":"https://www.openstreetmap.org/node/11662228936","source":"OpenStreetMap"}},{"type":"Feature","geometry":{"type":"Point","coordinates":[-2.7286421,52.7339164]},"properties":{"name":"Splat N Splodge","layer":"arts-centres","note":"OpenStreetMap","osm_id":"node/11709308620","osm_url":"https://www.openstreetmap.org/node/11709308620","source":"OpenStreetMap"}},{"type":"Feature","geometry":{"type":"Point","coordinates":[-3.2453437,51.7720385]},"properties":{"name":"The Little Theatre","layer":"arts-centres","note":"OpenStreetMap","osm_id":"node/11732807638","osm_url":"https://www.openstreetmap.org/node/11732807638","source":"OpenStreetMap"}},{"type":"Feature","geometry":{"type":"Point","coordinates":[-2.0929867,53.7142072]},"properties":{"name":"The Folklore Centre","layer":"arts-centres","note":"OpenStreetMap","osm_id":"node/11793305314","osm_url":"https://www.openstreetmap.org/node/11793305314","source":"OpenStreetMap"}},{"type":"Feature","geometry":{"type":"Point","coordinates":[-2.2485092,53.4656646]},"properties":{"name":"Venture Arts Studio","layer":"arts-centres","note":"OpenStreetMap","osm_id":"node/11828820086","osm_url":"https://www.openstreetmap.org/node/11828820086","source":"OpenStreetMap"}},{"type":"Feature","geometry":{"type":"Point","coordinates":[-1.552564,53.8077104]},"properties":{"name":"The Stanley & Audrey Burton Gallery","layer":"arts-centres","note":"OpenStreetMap","osm_id":"node/1187324667","osm_url":"https://www.openstreetmap.org/node/1187324667","source":"OpenStreetMap"}},{"type":"Feature","geometry":{"type":"Point","coordinates":[-1.5502668,53.7978084]},"properties":{"name":"Yorkshire Contemporary","layer":"arts-centres","note":"OpenStreetMap","osm_id":"node/11931390374","osm_url":"https://www.openstreetmap.org/node/11931390374","source":"OpenStreetMap"}},{"type":"Feature","geometry":{"type":"Point","coordinates":[-2.07879,51.9033826]},"properties":{"name":"Cheltenham Art Club","layer":"arts-centres","note":"OpenStreetMap","osm_id":"node/11950527973","osm_url":"https://www.openstreetmap.org/node/11950527973","source":"OpenStreetMap"}},{"type":"Feature","geometry":{"type":"Point","coordinates":[-0.1324276,51.5438261]},"properties":{"name":"London Irish Centre","layer":"arts-centres","note":"OpenStreetMap","osm_id":"node/1201381588","osm_url":"https://www.openstreetmap.org/node/1201381588","source":"OpenStreetMap"}},{"type":"Feature","geometry":{"type":"Point","coordinates":[-0.7261006,52.4028696]},"properties":{"name":"Kettering Arts Centre","layer":"arts-centres","note":"OpenStreetMap","osm_id":"node/12102727893","osm_url":"https://www.openstreetmap.org/node/12102727893","source":"OpenStreetMap"}},{"type":"Feature","geometry":{"type":"Point","coordinates":[-3.2006247,55.9619202]},"properties":{"name":"The Art Club","layer":"arts-centres","note":"OpenStreetMap","osm_id":"node/12103097585","osm_url":"https://www.openstreetmap.org/node/12103097585","source":"OpenStreetMap"}},{"type":"Feature","geometry":{"type":"Point","coordinates":[-0.0683463,53.5805259]},"properties":{"name":"Turntable Gallery","layer":"arts-centres","note":"OpenStreetMap","osm_id":"node/12136638296","osm_url":"https://www.openstreetmap.org/node/12136638296","source":"OpenStreetMap"}},{"type":"Feature","geometry":{"type":"Point","coordinates":[-1.4224176,51.589173]},"properties":{"name":"Makespace Wantage","layer":"arts-centres","note":"OpenStreetMap","osm_id":"node/12186980109","osm_url":"https://www.openstreetmap.org/node/12186980109","source":"OpenStreetMap"}},{"type":"Feature","geometry":{"type":"Point","coordinates":[-0.1127448,51.4825246]},"properties":{"name":"Oval Arts Depot","layer":"arts-centres","note":"OpenStreetMap","osm_id":"node/12189996201","osm_url":"https://www.openstreetmap.org/node/12189996201","source":"OpenStreetMap"}},{"type":"Feature","geometry":{"type":"Point","coordinates":[-1.9981201,52.5206943]},"properties":{"name":"The People's Orchestra","layer":"arts-centres","note":"OpenStreetMap","osm_id":"node/12209812354","osm_url":"https://www.openstreetmap.org/node/12209812354","source":"OpenStreetMap"}},{"type":"Feature","geometry":{"type":"Point","coordinates":[-1.9983636,52.5204475]},"properties":{"name":"Multistory","layer":"arts-centres","note":"OpenStreetMap","osm_id":"node/12209812355","osm_url":"https://www.openstreetmap.org/node/12209812355","source":"OpenStreetMap"}},{"type":"Feature","geometry":{"type":"Point","coordinates":[0.0778012,51.5397555]},"properties":{"name":"A House for Artists","layer":"arts-centres","note":"OpenStreetMap","osm_id":"node/12239927485","osm_url":"https://www.openstreetmap.org/node/12239927485","source":"OpenStreetMap"}},{"type":"Feature","geometry":{"type":"Point","coordinates":[-2.0231288,53.5668175]},"properties":{"name":"Millgate Arts Centre","layer":"arts-centres","note":"OpenStreetMap","osm_id":"node/12256319348","osm_url":"https://www.openstreetmap.org/node/12256319348","source":"OpenStreetMap"}},{"type":"Feature","geometry":{"type":"Point","coordinates":[-3.4222412,53.1827187]},"properties":{"name":"Carriageworks","layer":"arts-centres","note":"OpenStreetMap","osm_id":"node/12396785818","osm_url":"https://www.openstreetmap.org/node/12396785818","source":"OpenStreetMap"}},{"type":"Feature","geometry":{"type":"Point","coordinates":[-3.2705129,54.2111395]},"properties":{"name":"Millom Heritage and Arts Centre","layer":"arts-centres","note":"OpenStreetMap","osm_id":"node/12543562347","osm_url":"https://www.openstreetmap.org/node/12543562347","source":"OpenStreetMap"}},{"type":"Feature","geometry":{"type":"Point","coordinates":[-1.140063,52.9538171]},"properties":{"name":"The Carousel","layer":"arts-centres","note":"OpenStreetMap","osm_id":"node/12620960863","osm_url":"https://www.openstreetmap.org/node/12620960863","source":"OpenStreetMap"}},{"type":"Feature","geometry":{"type":"Point","coordinates":[-2.6091042,51.4475308]},"properties":{"name":"Puppet place","layer":"arts-centres","note":"OpenStreetMap","osm_id":"node/12626094983","osm_url":"https://www.openstreetmap.org/node/12626094983","source":"OpenStreetMap"}},{"type":"Feature","geometry":{"type":"Point","coordinates":[-1.4723461,53.3768905]},"properties":{"name":"Sheffield Pattern Club","layer":"arts-centres","note":"OpenStreetMap","osm_id":"node/12628859600","osm_url":"https://www.openstreetmap.org/node/12628859600","source":"OpenStreetMap"}},{"type":"Feature","geometry":{"type":"Point","coordinates":[-0.1533588,51.5165154]},"properties":{"name":"Ratiu Foundation","layer":"arts-centres","note":"OpenStreetMap","osm_id":"node/1266124468","osm_url":"https://www.openstreetmap.org/node/1266124468","source":"OpenStreetMap"}},{"type":"Feature","geometry":{"type":"Point","coordinates":[1.2686964,51.1523447]},"properties":{"name":"Dover Operatic & Dramatic Society","layer":"arts-centres","note":"OpenStreetMap","osm_id":"node/12707937382","osm_url":"https://www.openstreetmap.org/node/12707937382","source":"OpenStreetMap"}},{"type":"Feature","geometry":{"type":"Point","coordinates":[-6.2751443,53.3368614]},"properties":{"name":"Hen's Teeth","layer":"arts-centres","note":"OpenStreetMap","osm_id":"node/12730549481","osm_url":"https://www.openstreetmap.org/node/12730549481","source":"OpenStreetMap"}},{"type":"Feature","geometry":{"type":"Point","coordinates":[-9.9888264,54.2222476]},"properties":{"name":"Áras Inis Gluaire","layer":"arts-centres","note":"OpenStreetMap","osm_id":"node/12769215279","osm_url":"https://www.openstreetmap.org/node/12769215279","source":"OpenStreetMap"}},{"type":"Feature","geometry":{"type":"Point","coordinates":[-1.4754773,52.922418]},"properties":{"name":"Ordish Room","layer":"arts-centres","note":"OpenStreetMap","osm_id":"node/12860572575","osm_url":"https://www.openstreetmap.org/node/12860572575","source":"OpenStreetMap"}},{"type":"Feature","geometry":{"type":"Point","coordinates":[-1.5415145,53.7963622]},"properties":{"name":"Pinot+Picasso","layer":"arts-centres","note":"OpenStreetMap","osm_id":"node/12875907254","osm_url":"https://www.openstreetmap.org/node/12875907254","source":"OpenStreetMap"}},{"type":"Feature","geometry":{"type":"Point","coordinates":[-3.5346219,50.720006]},"properties":{"name":"The Hall","layer":"arts-centres","note":"OpenStreetMap","osm_id":"node/12895210967","osm_url":"https://www.openstreetmap.org/node/12895210967","source":"OpenStreetMap"}},{"type":"Feature","geometry":{"type":"Point","coordinates":[-0.1955958,51.5385287]},"properties":{"name":"Metroland Studios","layer":"arts-centres","note":"OpenStreetMap","osm_id":"node/12905496997","osm_url":"https://www.openstreetmap.org/node/12905496997","source":"OpenStreetMap"}},{"type":"Feature","geometry":{"type":"Point","coordinates":[-1.2668492,51.7528436]},"properties":{"name":"FusionArts","layer":"arts-centres","note":"Fusion Arts","osm_id":"node/12909519744","osm_url":"https://www.openstreetmap.org/node/12909519744","source":"OpenStreetMap","brand":"Fusion Arts"}},{"type":"Feature","geometry":{"type":"Point","coordinates":[-1.2827151,51.6710668]},"properties":{"name":"Arts and Culture Project","layer":"arts-centres","note":"OpenStreetMap","osm_id":"node/12942153239","osm_url":"https://www.openstreetmap.org/node/12942153239","source":"OpenStreetMap"}},{"type":"Feature","geometry":{"type":"Point","coordinates":[0.8924893,51.3178006]},"properties":{"name":"Creek Creative","layer":"arts-centres","note":"OpenStreetMap","osm_id":"node/12949255734","osm_url":"https://www.openstreetmap.org/node/12949255734","source":"OpenStreetMap"}},{"type":"Feature","geometry":{"type":"Point","coordinates":[-0.1830505,51.4760814]},"properties":{"name":"Design Centre, Chelsea Harbour","layer":"arts-centres","note":"OpenStreetMap","osm_id":"node/12991962322","osm_url":"https://www.openstreetmap.org/node/12991962322","source":"OpenStreetMap"}},{"type":"Feature","geometry":{"type":"Point","coordinates":[-2.5789887,53.3684573]},"properties":{"name":"Atomic Theatre Arts","layer":"arts-centres","note":"OpenStreetMap","osm_id":"node/12995563951","osm_url":"https://www.openstreetmap.org/node/12995563951","source":"OpenStreetMap"}},{"type":"Feature","geometry":{"type":"Point","coordinates":[-2.1201964,53.5299746]},"properties":{"name":"Golden Craftery","layer":"arts-centres","note":"OpenStreetMap","osm_id":"node/13041213742","osm_url":"https://www.openstreetmap.org/node/13041213742","source":"OpenStreetMap"}},{"type":"Feature","geometry":{"type":"Point","coordinates":[0.1226226,51.4974094]},"properties":{"name":"TACO!","layer":"arts-centres","note":"OpenStreetMap","osm_id":"node/13058748905","osm_url":"https://www.openstreetmap.org/node/13058748905","source":"OpenStreetMap"}},{"type":"Feature","geometry":{"type":"Point","coordinates":[-3.0536814,51.5890614]},"properties":{"name":"Ballet Cymru","layer":"arts-centres","note":"OpenStreetMap","osm_id":"node/13066972247","osm_url":"https://www.openstreetmap.org/node/13066972247","source":"OpenStreetMap"}},{"type":"Feature","geometry":{"type":"Point","coordinates":[-8.503767,51.905154]},"properties":{"name":"The Kabin Studio","layer":"arts-centres","note":"OpenStreetMap","osm_id":"node/13084644602","osm_url":"https://www.openstreetmap.org/node/13084644602","source":"OpenStreetMap"}},{"type":"Feature","geometry":{"type":"Point","coordinates":[-1.4866398,52.8873033]},"properties":{"name":"Frenzy Drama","layer":"arts-centres","note":"OpenStreetMap","osm_id":"node/13132456166","osm_url":"https://www.openstreetmap.org/node/13132456166","source":"OpenStreetMap"}},{"type":"Feature","geometry":{"type":"Point","coordinates":[-1.5971346,54.9745222]},"properties":{"name":"Chilli Studios","layer":"arts-centres","note":"OpenStreetMap","osm_id":"node/13135996581","osm_url":"https://www.openstreetmap.org/node/13135996581","source":"OpenStreetMap"}},{"type":"Feature","geometry":{"type":"Point","coordinates":[-0.2454551,52.5715069]},"properties":{"name":"Metal","layer":"arts-centres","note":"OpenStreetMap","osm_id":"node/13138096124","osm_url":"https://www.openstreetmap.org/node/13138096124","source":"OpenStreetMap"}},{"type":"Feature","geometry":{"type":"Point","coordinates":[-0.1276001,51.5164856]},"properties":{"name":"Premier","layer":"arts-centres","note":"OpenStreetMap","osm_id":"node/13149754818","osm_url":"https://www.openstreetmap.org/node/13149754818","source":"OpenStreetMap"}},{"type":"Feature","geometry":{"type":"Point","coordinates":[-4.2179718,57.4777814]},"properties":{"name":"The Inverness Darkroom","layer":"arts-centres","note":"OpenStreetMap","osm_id":"node/13197905026","osm_url":"https://www.openstreetmap.org/node/13197905026","source":"OpenStreetMap"}},{"type":"Feature","geometry":{"type":"Point","coordinates":[-5.9320643,54.5984082]},"properties":{"name":"ArtsEkta","layer":"arts-centres","note":"OpenStreetMap","osm_id":"node/13201706425","osm_url":"https://www.openstreetmap.org/node/13201706425","source":"OpenStreetMap"}},{"type":"Feature","geometry":{"type":"Point","coordinates":[-1.7487277,53.7952783]},"properties":{"name":"Bradford Arts Centre","layer":"arts-centres","note":"OpenStreetMap","osm_id":"node/13253684601","osm_url":"https://www.openstreetmap.org/node/13253684601","source":"OpenStreetMap"}},{"type":"Feature","geometry":{"type":"Point","coordinates":[-0.3054585,51.4976725]},"properties":{"name":"Art-K","layer":"arts-centres","note":"OpenStreetMap","osm_id":"node/13275592736","osm_url":"https://www.openstreetmap.org/node/13275592736","source":"OpenStreetMap"}},{"type":"Feature","geometry":{"type":"Point","coordinates":[-0.1149212,51.5114512]},"properties":{"name":"180 Studios","layer":"arts-centres","note":"OpenStreetMap","osm_id":"node/13319613901","osm_url":"https://www.openstreetmap.org/node/13319613901","source":"OpenStreetMap"}},{"type":"Feature","geometry":{"type":"Point","coordinates":[-6.6680776,53.3998478]},"properties":{"name":"Kilcock Art Gallery","layer":"arts-centres","note":"OpenStreetMap","osm_id":"node/13383704934","osm_url":"https://www.openstreetmap.org/node/13383704934","source":"OpenStreetMap"}},{"type":"Feature","geometry":{"type":"Point","coordinates":[-0.023274,52.0480856]},"properties":{"name":"Limitless Academy of Performing Arts","layer":"arts-centres","note":"OpenStreetMap","osm_id":"node/13421556394","osm_url":"https://www.openstreetmap.org/node/13421556394","source":"OpenStreetMap"}},{"type":"Feature","geometry":{"type":"Point","coordinates":[-3.9480233,51.617965]},"properties":{"name":"Mellin Theatre Arts","layer":"arts-centres","note":"OpenStreetMap","osm_id":"node/13447291824","osm_url":"https://www.openstreetmap.org/node/13447291824","source":"OpenStreetMap"}},{"type":"Feature","geometry":{"type":"Point","coordinates":[-0.2077178,51.6560576]},"properties":{"name":"art-K","layer":"arts-centres","note":"OpenStreetMap","osm_id":"node/13583989658","osm_url":"https://www.openstreetmap.org/node/13583989658","source":"OpenStreetMap"}},{"type":"Feature","geometry":{"type":"Point","coordinates":[-2.7472315,52.7041334]},"properties":{"name":"Bloom","layer":"arts-centres","note":"OpenStreetMap","osm_id":"node/13638071854","osm_url":"https://www.openstreetmap.org/node/13638071854","source":"OpenStreetMap"}},{"type":"Feature","geometry":{"type":"Point","coordinates":[-8.1901136,54.5009498]},"properties":{"name":"River Mouth Collective","layer":"arts-centres","note":"OpenStreetMap","osm_id":"node/13640829810","osm_url":"https://www.openstreetmap.org/node/13640829810","source":"OpenStreetMap"}},{"type":"Feature","geometry":{"type":"Point","coordinates":[-3.7820059,56.120884]},"properties":{"name":"Art Opportunities - Scottish Autism","layer":"arts-centres","note":"Scottish Autism","osm_id":"node/13648474060","osm_url":"https://www.openstreetmap.org/node/13648474060","source":"OpenStreetMap","brand":"Scottish Autism"}},{"type":"Feature","geometry":{"type":"Point","coordinates":[-1.13563,52.6425782]},"properties":{"name":"Cosmopolitan Arts Centre","layer":"arts-centres","note":"OpenStreetMap","osm_id":"node/13654974967","osm_url":"https://www.openstreetmap.org/node/13654974967","source":"OpenStreetMap"}},{"type":"Feature","geometry":{"type":"Point","coordinates":[-7.3714618,53.5144336]},"properties":{"name":"Charity Variety Group","layer":"arts-centres","note":"OpenStreetMap","osm_id":"node/13743186765","osm_url":"https://www.openstreetmap.org/node/13743186765","source":"OpenStreetMap"}},{"type":"Feature","geometry":{"type":"Point","coordinates":[-1.2749988,50.7494213]},"properties":{"name":"Fusion Arts (unit CE)","layer":"arts-centres","note":"OpenStreetMap","osm_id":"node/13801814662","osm_url":"https://www.openstreetmap.org/node/13801814662","source":"OpenStreetMap"}},{"type":"Feature","geometry":{"type":"Point","coordinates":[-1.2747574,50.7494344]},"properties":{"name":"Art House Life (unit CE)","layer":"arts-centres","note":"OpenStreetMap","osm_id":"node/13801814664","osm_url":"https://www.openstreetmap.org/node/13801814664","source":"OpenStreetMap"}},{"type":"Feature","geometry":{"type":"Point","coordinates":[-1.2745978,50.7494675]},"properties":{"name":"Positively You (unit CE)","layer":"arts-centres","note":"OpenStreetMap","osm_id":"node/13801814665","osm_url":"https://www.openstreetmap.org/node/13801814665","source":"OpenStreetMap"}},{"type":"Feature","geometry":{"type":"Point","coordinates":[-1.27428,50.7490662]},"properties":{"name":"Fusion Arts Academy","layer":"arts-centres","note":"OpenStreetMap","osm_id":"node/13801814672","osm_url":"https://www.openstreetmap.org/node/13801814672","source":"OpenStreetMap"}},{"type":"Feature","geometry":{"type":"Point","coordinates":[-5.9285363,54.600972]},"properties":{"name":"Flax Art Studios","layer":"arts-centres","note":"OpenStreetMap","osm_id":"node/13845815809","osm_url":"https://www.openstreetmap.org/node/13845815809","source":"OpenStreetMap"}},{"type":"Feature","geometry":{"type":"Point","coordinates":[-3.226098,54.1167725]},"properties":{"name":"Cooke's Studios","layer":"arts-centres","note":"OpenStreetMap","osm_id":"node/13852332544","osm_url":"https://www.openstreetmap.org/node/13852332544","source":"OpenStreetMap"}},{"type":"Feature","geometry":{"type":"Point","coordinates":[-0.0746573,51.4870114]},"properties":{"name":"F.A.T. Studio","layer":"arts-centres","note":"OpenStreetMap","osm_id":"node/13860405099","osm_url":"https://www.openstreetmap.org/node/13860405099","source":"OpenStreetMap"}},{"type":"Feature","geometry":{"type":"Point","coordinates":[-0.1558633,51.5175691]},"properties":{"name":"Potato Pottery","layer":"arts-centres","note":"OpenStreetMap","osm_id":"node/13883422501","osm_url":"https://www.openstreetmap.org/node/13883422501","source":"OpenStreetMap"}},{"type":"Feature","geometry":{"type":"Point","coordinates":[-0.095628,51.5026644]},"properties":{"name":"MYO Creative Studio","layer":"arts-centres","note":"OpenStreetMap","osm_id":"node/13883422601","osm_url":"https://www.openstreetmap.org/node/13883422601","source":"OpenStreetMap"}},{"type":"Feature","geometry":{"type":"Point","coordinates":[-1.5421812,53.7988453]},"properties":{"name":"Fabrication","layer":"arts-centres","note":"OpenStreetMap","osm_id":"node/13892288001","osm_url":"https://www.openstreetmap.org/node/13892288001","source":"OpenStreetMap"}},{"type":"Feature","geometry":{"type":"Point","coordinates":[1.1372228,52.0629815]},"properties":{"name":"Eastern Angles Arts Centre","layer":"arts-centres","note":"OpenStreetMap","osm_id":"node/13910235201","osm_url":"https://www.openstreetmap.org/node/13910235201","source":"OpenStreetMap"}},{"type":"Feature","geometry":{"type":"Point","coordinates":[-9.0578383,53.2772673]},"properties":{"name":"Macnas","layer":"arts-centres","note":"OpenStreetMap","osm_id":"node/13943161922","osm_url":"https://www.openstreetmap.org/node/13943161922","source":"OpenStreetMap"}},{"type":"Feature","geometry":{"type":"Point","coordinates":[-4.5129036,55.8359228]},"properties":{"name":"Johnstone Textile Space","layer":"arts-centres","note":"OpenStreetMap","osm_id":"node/13963421858","osm_url":"https://www.openstreetmap.org/node/13963421858","source":"OpenStreetMap"}},{"type":"Feature","geometry":{"type":"Point","coordinates":[-0.1419444,51.5174259]},"properties":{"name":"Ibraaz","layer":"arts-centres","note":"OpenStreetMap","osm_id":"node/13991019801","osm_url":"https://www.openstreetmap.org/node/13991019801","source":"OpenStreetMap"}},{"type":"Feature","geometry":{"type":"Point","coordinates":[-0.3078652,51.411481]},"properties":{"name":"FUSEBOX","layer":"arts-centres","note":"OpenStreetMap","osm_id":"node/14019710977","osm_url":"https://www.openstreetmap.org/node/14019710977","source":"OpenStreetMap"}},{"type":"Feature","geometry":{"type":"Point","coordinates":[-0.1617975,51.5216261]},"properties":{"name":"Bomb Factory Art Foundation","layer":"arts-centres","note":"OpenStreetMap","osm_id":"node/14031072001","osm_url":"https://www.openstreetmap.org/node/14031072001","source":"OpenStreetMap"}},{"type":"Feature","geometry":{"type":"Point","coordinates":[-0.2824975,51.5600346]},"properties":{"name":"Fresh Arts","layer":"arts-centres","note":"OpenStreetMap","osm_id":"node/14040013195","osm_url":"https://www.openstreetmap.org/node/14040013195","source":"OpenStreetMap"}},{"type":"Feature","geometry":{"type":"Point","coordinates":[-2.3647213,53.7527439]},"properties":{"name":"Accrington Dome","layer":"arts-centres","note":"OpenStreetMap","osm_id":"node/14049048599","osm_url":"https://www.openstreetmap.org/node/14049048599","source":"OpenStreetMap"}},{"type":"Feature","geometry":{"type":"Point","coordinates":[-9.5120519,52.0588942]},"properties":{"name":"Art Jam Studio","layer":"arts-centres","note":"OpenStreetMap","osm_id":"node/14074732909","osm_url":"https://www.openstreetmap.org/node/14074732909","source":"OpenStreetMap"}},{"type":"Feature","geometry":{"type":"Point","coordinates":[-4.6314023,55.4632487]},"properties":{"name":"Narture Make","layer":"arts-centres","note":"OpenStreetMap","osm_id":"node/14080150952","osm_url":"https://www.openstreetmap.org/node/14080150952","source":"OpenStreetMap"}},{"type":"Feature","geometry":{"type":"Point","coordinates":[-4.6315066,55.4632528]},"properties":{"name":"Narture Studios","layer":"arts-centres","note":"OpenStreetMap","osm_id":"node/14080150954","osm_url":"https://www.openstreetmap.org/node/14080150954","source":"OpenStreetMap"}},{"type":"Feature","geometry":{"type":"Point","coordinates":[-5.9265862,54.6085016]},"properties":{"name":"The POD","layer":"arts-centres","note":"OpenStreetMap","osm_id":"node/14084360093","osm_url":"https://www.openstreetmap.org/node/14084360093","source":"OpenStreetMap"}},{"type":"Feature","geometry":{"type":"Point","coordinates":[-0.1534131,51.4423851]},"properties":{"name":"Social Pottery","layer":"arts-centres","note":"OpenStreetMap","osm_id":"node/14094984118","osm_url":"https://www.openstreetmap.org/node/14094984118","source":"OpenStreetMap"}},{"type":"Feature","geometry":{"type":"Point","coordinates":[-2.5916705,51.4431983]},"properties":{"name":"Studio Pachira","layer":"arts-centres","note":"OpenStreetMap","osm_id":"node/14095306064","osm_url":"https://www.openstreetmap.org/node/14095306064","source":"OpenStreetMap"}},{"type":"Feature","geometry":{"type":"Point","coordinates":[-5.4828829,50.2141716]},"properties":{"name":"Barnoon Workshop","layer":"arts-centres","note":"OpenStreetMap","osm_id":"node/14105406018","osm_url":"https://www.openstreetmap.org/node/14105406018","source":"OpenStreetMap"}},{"type":"Feature","geometry":{"type":"Point","coordinates":[-1.1748008,50.8522434]},"properties":{"name":"art-K Fareham","layer":"arts-centres","note":"OpenStreetMap","osm_id":"node/14108607603","osm_url":"https://www.openstreetmap.org/node/14108607603","source":"OpenStreetMap"}},{"type":"Feature","geometry":{"type":"Point","coordinates":[1.3138164,51.1239495]},"properties":{"name":"Dover smART Project","layer":"arts-centres","note":"OpenStreetMap","osm_id":"node/14116546895","osm_url":"https://www.openstreetmap.org/node/14116546895","source":"OpenStreetMap"}},{"type":"Feature","geometry":{"type":"Point","coordinates":[0.0100876,50.8716031]},"properties":{"name":"Charleston in Lewes","layer":"arts-centres","note":"OpenStreetMap","osm_id":"node/14125363701","osm_url":"https://www.openstreetmap.org/node/14125363701","source":"OpenStreetMap"}},{"type":"Feature","geometry":{"type":"Point","coordinates":[1.270745,51.9368033]},"properties":{"name":"Harwich Arts and Heritage Centre","layer":"arts-centres","note":"OpenStreetMap","osm_id":"node/14140448375","osm_url":"https://www.openstreetmap.org/node/14140448375","source":"OpenStreetMap"}},{"type":"Feature","geometry":{"type":"Point","coordinates":[-4.9773482,51.9944947]},"properties":{"name":"Peppers","layer":"arts-centres","note":"OpenStreetMap","osm_id":"node/14169466532","osm_url":"https://www.openstreetmap.org/node/14169466532","source":"OpenStreetMap"}},{"type":"Feature","geometry":{"type":"Point","coordinates":[-0.1890275,51.5224452]},"properties":{"name":"Grand Junction","layer":"arts-centres","note":"OpenStreetMap","osm_id":"node/14182651652","osm_url":"https://www.openstreetmap.org/node/14182651652","source":"OpenStreetMap"}},{"type":"Feature","geometry":{"type":"Point","coordinates":[-2.9964179,51.589239]},"properties":{"name":"Urban Circle","layer":"arts-centres","note":"OpenStreetMap","osm_id":"node/14184939301","osm_url":"https://www.openstreetmap.org/node/14184939301","source":"OpenStreetMap"}},{"type":"Feature","geometry":{"type":"Point","coordinates":[-1.0891517,50.792854]},"properties":{"name":"Art Space Portsmouth","layer":"arts-centres","note":"OpenStreetMap","osm_id":"node/14222220501","osm_url":"https://www.openstreetmap.org/node/14222220501","source":"OpenStreetMap"}},{"type":"Feature","geometry":{"type":"Point","coordinates":[-0.8077208,52.0627214]},"properties":{"name":"Madcap","layer":"arts-centres","note":"OpenStreetMap","osm_id":"node/1425245910","osm_url":"https://www.openstreetmap.org/node/1425245910","source":"OpenStreetMap"}},{"type":"Feature","geometry":{"type":"Point","coordinates":[-0.7916455,52.065861]},"properties":{"name":"Milton Keynes Dance Centre","layer":"arts-centres","note":"OpenStreetMap","osm_id":"node/1425245912","osm_url":"https://www.openstreetmap.org/node/1425245912","source":"OpenStreetMap"}},{"type":"Feature","geometry":{"type":"Point","coordinates":[-8.4394442,52.8097375]},"properties":{"name":"The Bridge","layer":"arts-centres","note":"OpenStreetMap","osm_id":"node/1436348914","osm_url":"https://www.openstreetmap.org/node/1436348914","source":"OpenStreetMap"}},{"type":"Feature","geometry":{"type":"Point","coordinates":[-4.2371841,55.8537282]},"properties":{"name":"The Dream Machine","layer":"arts-centres","note":"OpenStreetMap","osm_id":"node/1510440117","osm_url":"https://www.openstreetmap.org/node/1510440117","source":"OpenStreetMap"}},{"type":"Feature","geometry":{"type":"Point","coordinates":[-0.4073519,52.9986978]},"properties":{"name":"The Hub","layer":"arts-centres","note":"OpenStreetMap","osm_id":"node/1514493601","osm_url":"https://www.openstreetmap.org/node/1514493601","source":"OpenStreetMap"}},{"type":"Feature","geometry":{"type":"Point","coordinates":[-0.1438339,50.8202597]},"properties":{"name":"The Open Studios","layer":"arts-centres","note":"OpenStreetMap","osm_id":"node/1515288230","osm_url":"https://www.openstreetmap.org/node/1515288230","source":"OpenStreetMap"}},{"type":"Feature","geometry":{"type":"Point","coordinates":[-1.7769569,51.5516031]},"properties":{"name":"Swindon Arts Centre","layer":"arts-centres","note":"OpenStreetMap","osm_id":"node/1580433499","osm_url":"https://www.openstreetmap.org/node/1580433499","source":"OpenStreetMap"}},{"type":"Feature","geometry":{"type":"Point","coordinates":[-4.2471335,55.8561023]},"properties":{"name":"WASPS South Block","layer":"arts-centres","note":"WASPS","osm_id":"node/1581414308","osm_url":"https://www.openstreetmap.org/node/1581414308","source":"OpenStreetMap","brand":"WASPS"}},{"type":"Feature","geometry":{"type":"Point","coordinates":[-0.9772324,51.45437]},"properties":{"name":"CultureMix","layer":"arts-centres","note":"OpenStreetMap","osm_id":"node/1629465835","osm_url":"https://www.openstreetmap.org/node/1629465835","source":"OpenStreetMap"}},{"type":"Feature","geometry":{"type":"Point","coordinates":[-7.2499139,52.6495624]},"properties":{"name":"National Design & Craft Gallery","layer":"arts-centres","note":"OpenStreetMap","osm_id":"node/1662740198","osm_url":"https://www.openstreetmap.org/node/1662740198","source":"OpenStreetMap"}},{"type":"Feature","geometry":{"type":"Point","coordinates":[-0.9304946,54.2689336]},"properties":{"name":"Vault Studio Space","layer":"arts-centres","note":"OpenStreetMap","osm_id":"node/1764380700","osm_url":"https://www.openstreetmap.org/node/1764380700","source":"OpenStreetMap"}},{"type":"Feature","geometry":{"type":"Point","coordinates":[-1.0882938,51.2602849]},"properties":{"name":"Proteus Creation Space","layer":"arts-centres","note":"OpenStreetMap","osm_id":"node/183195310","osm_url":"https://www.openstreetmap.org/node/183195310","source":"OpenStreetMap"}},{"type":"Feature","geometry":{"type":"Point","coordinates":[-0.7416716,52.6715455]},"properties":{"name":"Arts centre","layer":"arts-centres","note":"OpenStreetMap","osm_id":"node/18345156","osm_url":"https://www.openstreetmap.org/node/18345156","source":"OpenStreetMap"}},{"type":"Feature","geometry":{"type":"Point","coordinates":[-4.1767086,55.8669199]},"properties":{"name":"Cranhill Arts","layer":"arts-centres","note":"OpenStreetMap","osm_id":"node/1951419178","osm_url":"https://www.openstreetmap.org/node/1951419178","source":"OpenStreetMap"}},{"type":"Feature","geometry":{"type":"Point","coordinates":[0.5558761,50.8509151]},"properties":{"name":"Hastings Arts Forum","layer":"arts-centres","note":"OpenStreetMap","osm_id":"node/1986958843","osm_url":"https://www.openstreetmap.org/node/1986958843","source":"OpenStreetMap"}},{"type":"Feature","geometry":{"type":"Point","coordinates":[-2.6011845,51.4534808]},"properties":{"name":"Weapon of Choice Gallery","layer":"arts-centres","note":"OpenStreetMap","osm_id":"node/2023344565","osm_url":"https://www.openstreetmap.org/node/2023344565","source":"OpenStreetMap"}},{"type":"Feature","geometry":{"type":"Point","coordinates":[-4.7425089,51.797204]},"properties":{"name":"Oriel Q","layer":"arts-centres","note":"OpenStreetMap","osm_id":"node/2057886580","osm_url":"https://www.openstreetmap.org/node/2057886580","source":"OpenStreetMap"}},{"type":"Feature","geometry":{"type":"Point","coordinates":[-1.315553,54.5643619]},"properties":{"name":"ARC","layer":"arts-centres","note":"OpenStreetMap","osm_id":"node/2124655331","osm_url":"https://www.openstreetmap.org/node/2124655331","source":"OpenStreetMap"}},{"type":"Feature","geometry":{"type":"Point","coordinates":[-1.7109378,55.298159]},"properties":{"name":"Gallery 45","layer":"arts-centres","note":"OpenStreetMap","osm_id":"node/2195757903","osm_url":"https://www.openstreetmap.org/node/2195757903","source":"OpenStreetMap"}},{"type":"Feature","geometry":{"type":"Point","coordinates":[-2.2631938,53.4817989]},"properties":{"name":"Islington Mill Arts Club","layer":"arts-centres","note":"OpenStreetMap","osm_id":"node/2212744003","osm_url":"https://www.openstreetmap.org/node/2212744003","source":"OpenStreetMap"}},{"type":"Feature","geometry":{"type":"Point","coordinates":[-4.2627782,55.8671136]},"properties":{"name":"Fire Works Studio","layer":"arts-centres","note":"OpenStreetMap","osm_id":"node/2266354862","osm_url":"https://www.openstreetmap.org/node/2266354862","source":"OpenStreetMap"}},{"type":"Feature","geometry":{"type":"Point","coordinates":[-3.4569351,52.7592267]},"properties":{"name":"Arts centre","layer":"arts-centres","note":"OpenStreetMap","osm_id":"node/2416717707","osm_url":"https://www.openstreetmap.org/node/2416717707","source":"OpenStreetMap"}},{"type":"Feature","geometry":{"type":"Point","coordinates":[-0.136931,51.4665331]},"properties":{"name":"Manor Studio","layer":"arts-centres","note":"OpenStreetMap","osm_id":"node/248932663","osm_url":"https://www.openstreetmap.org/node/248932663","source":"OpenStreetMap"}},{"type":"Feature","geometry":{"type":"Point","coordinates":[-1.5377236,53.8277943]},"properties":{"name":"Seven","layer":"arts-centres","note":"OpenStreetMap","osm_id":"node/2492651387","osm_url":"https://www.openstreetmap.org/node/2492651387","source":"OpenStreetMap"}},{"type":"Feature","geometry":{"type":"Point","coordinates":[-0.8659918,53.7455417]},"properties":{"name":"Shire Hall","layer":"arts-centres","note":"OpenStreetMap","osm_id":"node/2505387250","osm_url":"https://www.openstreetmap.org/node/2505387250","source":"OpenStreetMap"}},{"type":"Feature","geometry":{"type":"Point","coordinates":[0.0079339,51.48906]},"properties":{"name":"Emergency Exit Arts","layer":"arts-centres","note":"OpenStreetMap","osm_id":"node/2506577884","osm_url":"https://www.openstreetmap.org/node/2506577884","source":"OpenStreetMap"}},{"type":"Feature","geometry":{"type":"Point","coordinates":[-3.5337076,50.7200018]},"properties":{"name":"Spacex","layer":"arts-centres","note":"OpenStreetMap","osm_id":"node/2510861348","osm_url":"https://www.openstreetmap.org/node/2510861348","source":"OpenStreetMap"}},{"type":"Feature","geometry":{"type":"Point","coordinates":[-2.1972301,51.0065697]},"properties":{"name":"Shaftesbury Arts Centre","layer":"arts-centres","note":"OpenStreetMap","osm_id":"node/2528600319","osm_url":"https://www.openstreetmap.org/node/2528600319","source":"OpenStreetMap"}},{"type":"Feature","geometry":{"type":"Point","coordinates":[-1.2883137,60.2602217]},"properties":{"name":"Weisdale Mill","layer":"arts-centres","note":"OpenStreetMap","osm_id":"node/254338882","osm_url":"https://www.openstreetmap.org/node/254338882","source":"OpenStreetMap"}},{"type":"Feature","geometry":{"type":"Point","coordinates":[-8.0980265,53.9447883]},"properties":{"name":"The Dock","layer":"arts-centres","note":"OpenStreetMap","osm_id":"node/2573563634","osm_url":"https://www.openstreetmap.org/node/2573563634","source":"OpenStreetMap"}},{"type":"Feature","geometry":{"type":"Point","coordinates":[-1.475581,53.3774603]},"properties":{"name":"S1 Artspace","layer":"arts-centres","note":"OpenStreetMap","osm_id":"node/257415628","osm_url":"https://www.openstreetmap.org/node/257415628","source":"OpenStreetMap"}},{"type":"Feature","geometry":{"type":"Point","coordinates":[-2.7531765,52.7060746]},"properties":{"name":"The Hive Music & Media Centre","layer":"arts-centres","note":"OpenStreetMap","osm_id":"node/257901480","osm_url":"https://www.openstreetmap.org/node/257901480","source":"OpenStreetMap"}},{"type":"Feature","geometry":{"type":"Point","coordinates":[1.3809066,51.3882497]},"properties":{"name":"LIMBO","layer":"arts-centres","note":"OpenStreetMap","osm_id":"node/2622182365","osm_url":"https://www.openstreetmap.org/node/2622182365","source":"OpenStreetMap"}},{"type":"Feature","geometry":{"type":"Point","coordinates":[1.380775,51.3882204]},"properties":{"name":"Crate","layer":"arts-centres","note":"OpenStreetMap","osm_id":"node/2622182366","osm_url":"https://www.openstreetmap.org/node/2622182366","source":"OpenStreetMap"}},{"type":"Feature","geometry":{"type":"Point","coordinates":[-2.1027612,54.9704617]},"properties":{"name":"Queen's Hall Arts Centre","layer":"arts-centres","note":"OpenStreetMap","osm_id":"node/2624508553","osm_url":"https://www.openstreetmap.org/node/2624508553","source":"OpenStreetMap"}},{"type":"Feature","geometry":{"type":"Point","coordinates":[-2.2341494,53.4852504]},"properties":{"name":"Band on the Wall","layer":"arts-centres","note":"OpenStreetMap","osm_id":"node/2626249338","osm_url":"https://www.openstreetmap.org/node/2626249338","source":"OpenStreetMap"}},{"type":"Feature","geometry":{"type":"Point","coordinates":[0.3621465,52.153043]},"properties":{"name":"The Lothbury Centre","layer":"arts-centres","note":"OpenStreetMap","osm_id":"node/264658872","osm_url":"https://www.openstreetmap.org/node/264658872","source":"OpenStreetMap"}},{"type":"Feature","geometry":{"type":"Point","coordinates":[-1.106191,50.7936972]},"properties":{"name":"Aspex","layer":"arts-centres","note":"OpenStreetMap","osm_id":"node/2650801239","osm_url":"https://www.openstreetmap.org/node/2650801239","source":"OpenStreetMap"}},{"type":"Feature","geometry":{"type":"Point","coordinates":[-4.2082399,50.4966401]},"properties":{"name":"Calstock Arts","layer":"arts-centres","note":"OpenStreetMap","osm_id":"node/2696829159","osm_url":"https://www.openstreetmap.org/node/2696829159","source":"OpenStreetMap"}},{"type":"Feature","geometry":{"type":"Point","coordinates":[-2.2167315,51.7444474]},"properties":{"name":"SVA","layer":"arts-centres","note":"OpenStreetMap","osm_id":"node/2757494867","osm_url":"https://www.openstreetmap.org/node/2757494867","source":"OpenStreetMap"}},{"type":"Feature","geometry":{"type":"Point","coordinates":[-6.8105904,52.5046991]},"properties":{"name":"Cow House Studios","layer":"arts-centres","note":"OpenStreetMap","osm_id":"node/2767743418","osm_url":"https://www.openstreetmap.org/node/2767743418","source":"OpenStreetMap"}},{"type":"Feature","geometry":{"type":"Point","coordinates":[-6.2663248,53.3449489]},"properties":{"name":"Project Arts Centre","layer":"arts-centres","note":"OpenStreetMap","osm_id":"node/279367505","osm_url":"https://www.openstreetmap.org/node/279367505","source":"OpenStreetMap"}},{"type":"Feature","geometry":{"type":"Point","coordinates":[-4.2650284,55.8658707]},"properties":{"name":"Centre for Contemporary Arts","layer":"arts-centres","note":"OpenStreetMap","osm_id":"node/280211473","osm_url":"https://www.openstreetmap.org/node/280211473","source":"OpenStreetMap"}},{"type":"Feature","geometry":{"type":"Point","coordinates":[-1.5481087,53.8000274]},"properties":{"name":"Leeds Art Gallery","layer":"arts-centres","note":"OpenStreetMap","osm_id":"node/29058588","osm_url":"https://www.openstreetmap.org/node/29058588","source":"OpenStreetMap"}},{"type":"Feature","geometry":{"type":"Point","coordinates":[-1.4752531,52.9161657]},"properties":{"name":"Artcore","layer":"arts-centres","note":"OpenStreetMap","osm_id":"node/2923050429","osm_url":"https://www.openstreetmap.org/node/2923050429","source":"OpenStreetMap"}},{"type":"Feature","geometry":{"type":"Point","coordinates":[-1.1390248,52.9511225]},"properties":{"name":"Bohuk Institute","layer":"arts-centres","note":"OpenStreetMap","osm_id":"node/2961365469","osm_url":"https://www.openstreetmap.org/node/2961365469","source":"OpenStreetMap"}},{"type":"Feature","geometry":{"type":"Point","coordinates":[-0.1403557,51.5258142]},"properties":{"name":"diorama","layer":"arts-centres","note":"OpenStreetMap","osm_id":"node/2972228375","osm_url":"https://www.openstreetmap.org/node/2972228375","source":"OpenStreetMap"}},{"type":"Feature","geometry":{"type":"Point","coordinates":[0.2707387,52.3958506]},"properties":{"name":"Babylon ARTS","layer":"arts-centres","note":"OpenStreetMap","osm_id":"node/29865179","osm_url":"https://www.openstreetmap.org/node/29865179","source":"OpenStreetMap"}},{"type":"Feature","geometry":{"type":"Point","coordinates":[-1.907657,52.4868114]},"properties":{"name":"Black Country Atelier","layer":"arts-centres","note":"OpenStreetMap","osm_id":"node/2995130187","osm_url":"https://www.openstreetmap.org/node/2995130187","source":"OpenStreetMap"}},{"type":"Feature","geometry":{"type":"Point","coordinates":[-5.6813058,50.126347]},"properties":{"name":"Nancherow Studio","layer":"arts-centres","note":"OpenStreetMap","osm_id":"node/3014366086","osm_url":"https://www.openstreetmap.org/node/3014366086","source":"OpenStreetMap"}},{"type":"Feature","geometry":{"type":"Point","coordinates":[-6.2743358,53.311388]},"properties":{"name":"Art Classes","layer":"arts-centres","note":"OpenStreetMap","osm_id":"node/3039430902","osm_url":"https://www.openstreetmap.org/node/3039430902","source":"OpenStreetMap"}},{"type":"Feature","geometry":{"type":"Point","coordinates":[-7.2498066,52.6495088]},"properties":{"name":"Crafts Council of Ireland","layer":"arts-centres","note":"Design & Crafts Council Ireland","osm_id":"node/306155904","osm_url":"https://www.openstreetmap.org/node/306155904","source":"OpenStreetMap","brand":"Design & Crafts Council Ireland"}},{"type":"Feature","geometry":{"type":"Point","coordinates":[-0.7768654,50.8366251]},"properties":{"name":"Oxmarket Contemporary","layer":"arts-centres","note":"OpenStreetMap","osm_id":"node/30790815","osm_url":"https://www.openstreetmap.org/node/30790815","source":"OpenStreetMap"}},{"type":"Feature","geometry":{"type":"Point","coordinates":[-9.1551426,54.1114414]},"properties":{"name":"Ballina Arts Centre","layer":"arts-centres","note":"OpenStreetMap","osm_id":"node/3107171968","osm_url":"https://www.openstreetmap.org/node/3107171968","source":"OpenStreetMap"}},{"type":"Feature","geometry":{"type":"Point","coordinates":[-3.1933725,55.9378976]},"properties":{"name":"Doodles","layer":"arts-centres","note":"OpenStreetMap","osm_id":"node/3111236576","osm_url":"https://www.openstreetmap.org/node/3111236576","source":"OpenStreetMap"}},{"type":"Feature","geometry":{"type":"Point","coordinates":[-0.3272741,51.0623709]},"properties":{"name":"Ceramic Shack","layer":"arts-centres","note":"OpenStreetMap","osm_id":"node/3118202467","osm_url":"https://www.openstreetmap.org/node/3118202467","source":"OpenStreetMap"}},{"type":"Feature","geometry":{"type":"Point","coordinates":[-0.3274107,51.0623751]},"properties":{"name":"Art-K","layer":"arts-centres","note":"OpenStreetMap","osm_id":"node/3118202468","osm_url":"https://www.openstreetmap.org/node/3118202468","source":"OpenStreetMap"}},{"type":"Feature","geometry":{"type":"Point","coordinates":[-8.9550744,53.9436675]},"properties":{"name":"Swinford Cultural Center","layer":"arts-centres","note":"OpenStreetMap","osm_id":"node/3151230846","osm_url":"https://www.openstreetmap.org/node/3151230846","source":"OpenStreetMap"}},{"type":"Feature","geometry":{"type":"Point","coordinates":[-3.1315109,55.9354423]},"properties":{"name":"Artspace","layer":"arts-centres","note":"OpenStreetMap","osm_id":"node/316447975","osm_url":"https://www.openstreetmap.org/node/316447975","source":"OpenStreetMap"}},{"type":"Feature","geometry":{"type":"Point","coordinates":[-1.8854525,52.4572361]},"properties":{"name":"Museum of Islamic Arts and Heritage","layer":"arts-centres","note":"OpenStreetMap","osm_id":"node/3181847518","osm_url":"https://www.openstreetmap.org/node/3181847518","source":"OpenStreetMap"}},{"type":"Feature","geometry":{"type":"Point","coordinates":[-0.7784963,53.9303394]},"properties":{"name":"Pocklington Arts Centre","layer":"arts-centres","note":"OpenStreetMap","osm_id":"node/3184385298","osm_url":"https://www.openstreetmap.org/node/3184385298","source":"OpenStreetMap"}},{"type":"Feature","geometry":{"type":"Point","coordinates":[-1.897502,52.4765772]},"properties":{"name":"Birmingham Open Media","layer":"arts-centres","note":"OpenStreetMap","osm_id":"node/3208290620","osm_url":"https://www.openstreetmap.org/node/3208290620","source":"OpenStreetMap"}},{"type":"Feature","geometry":{"type":"Point","coordinates":[-0.1022482,51.4950031]},"properties":{"name":"Nursery Gallery","layer":"arts-centres","note":"OpenStreetMap","osm_id":"node/3306736786","osm_url":"https://www.openstreetmap.org/node/3306736786","source":"OpenStreetMap"}},{"type":"Feature","geometry":{"type":"Point","coordinates":[-1.7883178,53.8383545]},"properties":{"name":"1853 Gallery","layer":"arts-centres","note":"OpenStreetMap","osm_id":"node/332445920","osm_url":"https://www.openstreetmap.org/node/332445920","source":"OpenStreetMap"}},{"type":"Feature","geometry":{"type":"Point","coordinates":[-3.1523895,55.9556197]},"properties":{"name":"Edinburgh Palette","layer":"arts-centres","note":"OpenStreetMap","osm_id":"node/3362077076","osm_url":"https://www.openstreetmap.org/node/3362077076","source":"OpenStreetMap"}},{"type":"Feature","geometry":{"type":"Point","coordinates":[-7.2456738,52.6551367]},"properties":{"name":"Art It","layer":"arts-centres","note":"OpenStreetMap","osm_id":"node/3383012830","osm_url":"https://www.openstreetmap.org/node/3383012830","source":"OpenStreetMap"}},{"type":"Feature","geometry":{"type":"Point","coordinates":[-2.1053997,53.2980669]},"properties":{"name":"Bollington Arts Centre","layer":"arts-centres","note":"OpenStreetMap","osm_id":"node/3423450871","osm_url":"https://www.openstreetmap.org/node/3423450871","source":"OpenStreetMap"}},{"type":"Feature","geometry":{"type":"Point","coordinates":[-1.5388338,53.7999545]},"properties":{"name":"Fabrication2","layer":"arts-centres","note":"OpenStreetMap","osm_id":"node/342579618","osm_url":"https://www.openstreetmap.org/node/342579618","source":"OpenStreetMap"}},{"type":"Feature","geometry":{"type":"Point","coordinates":[-3.6899249,50.7978945]},"properties":{"name":"Dewsmoor Gallery","layer":"arts-centres","note":"OpenStreetMap","osm_id":"node/345264498","osm_url":"https://www.openstreetmap.org/node/345264498","source":"OpenStreetMap"}},{"type":"Feature","geometry":{"type":"Point","coordinates":[-0.2177329,51.5101256]},"properties":{"name":"Louise Blouin Foundation","layer":"arts-centres","note":"OpenStreetMap","osm_id":"node/3487811107","osm_url":"https://www.openstreetmap.org/node/3487811107","source":"OpenStreetMap"}},{"type":"Feature","geometry":{"type":"Point","coordinates":[-1.9115989,52.4910448]},"properties":{"name":"Birmingham Music School","layer":"arts-centres","note":"OpenStreetMap","osm_id":"node/3502063705","osm_url":"https://www.openstreetmap.org/node/3502063705","source":"OpenStreetMap"}},{"type":"Feature","geometry":{"type":"Point","coordinates":[-2.0486024,52.3229937]},"properties":{"name":"Jets Craft Café","layer":"arts-centres","note":"OpenStreetMap","osm_id":"node/3504165791","osm_url":"https://www.openstreetmap.org/node/3504165791","source":"OpenStreetMap"}},{"type":"Feature","geometry":{"type":"Point","coordinates":[-2.0625978,52.3330679]},"properties":{"name":"Bromsgrove School of Music","layer":"arts-centres","note":"OpenStreetMap","osm_id":"node/3505188644","osm_url":"https://www.openstreetmap.org/node/3505188644","source":"OpenStreetMap"}},{"type":"Feature","geometry":{"type":"Point","coordinates":[-3.1793988,55.9338204]},"properties":{"name":"Scottish Official Board of Highland Dancing","layer":"arts-centres","note":"OpenStreetMap","osm_id":"node/3510567537","osm_url":"https://www.openstreetmap.org/node/3510567537","source":"OpenStreetMap"}},{"type":"Feature","geometry":{"type":"Point","coordinates":[-0.0054444,51.552717]},"properties":{"name":"East London Drama and Music Centre","layer":"arts-centres","note":"OpenStreetMap","osm_id":"node/354462293","osm_url":"https://www.openstreetmap.org/node/354462293","source":"OpenStreetMap"}},{"type":"Feature","geometry":{"type":"Point","coordinates":[-2.2375022,53.4847148]},"properties":{"name":"esea contemporary","layer":"arts-centres","note":"OpenStreetMap","osm_id":"node/357207748","osm_url":"https://www.openstreetmap.org/node/357207748","source":"OpenStreetMap"}},{"type":"Feature","geometry":{"type":"Point","coordinates":[-0.106569,51.5389667]},"properties":{"name":"Syracusae","layer":"arts-centres","note":"OpenStreetMap","osm_id":"node/357595334","osm_url":"https://www.openstreetmap.org/node/357595334","source":"OpenStreetMap"}},{"type":"Feature","geometry":{"type":"Point","coordinates":[-6.2532942,53.3516]},"properties":{"name":"The Lab","layer":"arts-centres","note":"OpenStreetMap","osm_id":"node/3579222568","osm_url":"https://www.openstreetmap.org/node/3579222568","source":"OpenStreetMap"}},{"type":"Feature","geometry":{"type":"Point","coordinates":[-6.2533756,53.3517157]},"properties":{"name":"Design HQ","layer":"arts-centres","note":"OpenStreetMap","osm_id":"node/3579549564","osm_url":"https://www.openstreetmap.org/node/3579549564","source":"OpenStreetMap"}},{"type":"Feature","geometry":{"type":"Point","coordinates":[-6.2534375,53.3518061]},"properties":{"name":"ArtBox","layer":"arts-centres","note":"OpenStreetMap","osm_id":"node/3579549566","osm_url":"https://www.openstreetmap.org/node/3579549566","source":"OpenStreetMap"}},{"type":"Feature","geometry":{"type":"Point","coordinates":[-6.2534733,53.3518692]},"properties":{"name":"The Place at the Lab","layer":"arts-centres","note":"OpenStreetMap","osm_id":"node/3579549567","osm_url":"https://www.openstreetmap.org/node/3579549567","source":"OpenStreetMap"}},{"type":"Feature","geometry":{"type":"Point","coordinates":[-6.2571278,53.3499983]},"properties":{"name":"Educational Theatre Company","layer":"arts-centres","note":"OpenStreetMap","osm_id":"node/3579557652","osm_url":"https://www.openstreetmap.org/node/3579557652","source":"OpenStreetMap"}},{"type":"Feature","geometry":{"type":"Point","coordinates":[-0.0175485,51.5288248]},"properties":{"name":"Bow Arts Trust (Bow Road Studios)","layer":"arts-centres","note":"OpenStreetMap","osm_id":"node/3581168628","osm_url":"https://www.openstreetmap.org/node/3581168628","source":"OpenStreetMap"}},{"type":"Feature","geometry":{"type":"Point","coordinates":[-3.6517114,50.7889508]},"properties":{"name":"Crediton Arts Centre","layer":"arts-centres","note":"OpenStreetMap","osm_id":"node/360252468","osm_url":"https://www.openstreetmap.org/node/360252468","source":"OpenStreetMap"}},{"type":"Feature","geometry":{"type":"Point","coordinates":[-1.2628701,51.7580263]},"properties":{"name":"The Nest","layer":"arts-centres","note":"Young Women's Music Project","osm_id":"node/3613563792","osm_url":"https://www.openstreetmap.org/node/3613563792","source":"OpenStreetMap","brand":"Young Women's Music Project"}},{"type":"Feature","geometry":{"type":"Point","coordinates":[-3.5334121,50.7189524]},"properties":{"name":"Istorm Gallery","layer":"arts-centres","note":"OpenStreetMap","osm_id":"node/364840749","osm_url":"https://www.openstreetmap.org/node/364840749","source":"OpenStreetMap"}},{"type":"Feature","geometry":{"type":"Point","coordinates":[-1.6179914,54.9700194]},"properties":{"name":"Newcastle Arts Centre","layer":"arts-centres","note":"OpenStreetMap","osm_id":"node/3657606255","osm_url":"https://www.openstreetmap.org/node/3657606255","source":"OpenStreetMap"}},{"type":"Feature","geometry":{"type":"Point","coordinates":[-0.1225527,51.5787914]},"properties":{"name":"Hornsey Town Hall","layer":"arts-centres","note":"OpenStreetMap","osm_id":"node/3659827171","osm_url":"https://www.openstreetmap.org/node/3659827171","source":"OpenStreetMap"}},{"type":"Feature","geometry":{"type":"Point","coordinates":[-3.5922595,57.654327]},"properties":{"name":"Claysongs Ceramics Studio","layer":"arts-centres","note":"OpenStreetMap","osm_id":"node/3682808090","osm_url":"https://www.openstreetmap.org/node/3682808090","source":"OpenStreetMap"}},{"type":"Feature","geometry":{"type":"Point","coordinates":[-5.2254669,55.5024339]},"properties":{"name":"Samye Dechen Shing Retreat Centre","layer":"arts-centres","note":"OpenStreetMap","osm_id":"node/3798049174","osm_url":"https://www.openstreetmap.org/node/3798049174","source":"OpenStreetMap"}},{"type":"Feature","geometry":{"type":"Point","coordinates":[-0.1041895,51.4309619]},"properties":{"name":"The Portico Gallery","layer":"arts-centres","note":"OpenStreetMap","osm_id":"node/3809988554","osm_url":"https://www.openstreetmap.org/node/3809988554","source":"OpenStreetMap"}},{"type":"Feature","geometry":{"type":"Point","coordinates":[-4.2581892,55.8762127]},"properties":{"name":"TWB Glasgow Sculpture Studios","layer":"arts-centres","note":"OpenStreetMap","osm_id":"node/3846556761","osm_url":"https://www.openstreetmap.org/node/3846556761","source":"OpenStreetMap"}},{"type":"Feature","geometry":{"type":"Point","coordinates":[-3.8521818,56.3628945]},"properties":{"name":"Crieff Visitor Centre","layer":"arts-centres","note":"OpenStreetMap","osm_id":"node/387660213","osm_url":"https://www.openstreetmap.org/node/387660213","source":"OpenStreetMap"}},{"type":"Feature","geometry":{"type":"Point","coordinates":[-1.6411548,53.8373997]},"properties":{"name":"elev8dance","layer":"arts-centres","note":"OpenStreetMap","osm_id":"node/3899541491","osm_url":"https://www.openstreetmap.org/node/3899541491","source":"OpenStreetMap"}},{"type":"Feature","geometry":{"type":"Point","coordinates":[-2.0166753,53.7409979]},"properties":{"name":"Salem Mill","layer":"arts-centres","note":"OpenStreetMap","osm_id":"node/398168857","osm_url":"https://www.openstreetmap.org/node/398168857","source":"OpenStreetMap"}},{"type":"Feature","geometry":{"type":"Point","coordinates":[-2.8808646,54.0654998]},"properties":{"name":"Playhouse","layer":"arts-centres","note":"OpenStreetMap","osm_id":"node/3984051377","osm_url":"https://www.openstreetmap.org/node/3984051377","source":"OpenStreetMap"}},{"type":"Feature","geometry":{"type":"Point","coordinates":[-3.2457425,55.9342334]},"properties":{"name":"Nardones Academy of the Performing Arts","layer":"arts-centres","note":"OpenStreetMap","osm_id":"node/4023945475","osm_url":"https://www.openstreetmap.org/node/4023945475","source":"OpenStreetMap"}},{"type":"Feature","geometry":{"type":"Point","coordinates":[1.4204246,51.3347405]},"properties":{"name":"Ramsgate Music Hall","layer":"arts-centres","note":"OpenStreetMap","osm_id":"node/4032768803","osm_url":"https://www.openstreetmap.org/node/4032768803","source":"OpenStreetMap"}},{"type":"Feature","geometry":{"type":"Point","coordinates":[-4.238268,55.855339]},"properties":{"name":"MANY Studios","layer":"arts-centres","note":"OpenStreetMap","osm_id":"node/4107809790","osm_url":"https://www.openstreetmap.org/node/4107809790","source":"OpenStreetMap"}},{"type":"Feature","geometry":{"type":"Point","coordinates":[-4.2383847,55.855107]},"properties":{"name":"Market Gallery","layer":"arts-centres","note":"OpenStreetMap","osm_id":"node/4107846094","osm_url":"https://www.openstreetmap.org/node/4107846094","source":"OpenStreetMap"}},{"type":"Feature","geometry":{"type":"Point","coordinates":[-2.6103235,56.5543843]},"properties":{"name":"Hospitalfield","layer":"arts-centres","note":"OpenStreetMap","osm_id":"node/4110109741","osm_url":"https://www.openstreetmap.org/node/4110109741","source":"OpenStreetMap"}},{"type":"Feature","geometry":{"type":"Point","coordinates":[-6.3279344,55.1197203]},"properties":{"name":"Limepark Arts & Cottages","layer":"arts-centres","note":"OpenStreetMap","osm_id":"node/4135372556","osm_url":"https://www.openstreetmap.org/node/4135372556","source":"OpenStreetMap"}},{"type":"Feature","geometry":{"type":"Point","coordinates":[-3.181695,55.9707698]},"properties":{"name":"The Biscuit Factory","layer":"arts-centres","note":"OpenStreetMap","osm_id":"node/4202387089","osm_url":"https://www.openstreetmap.org/node/4202387089","source":"OpenStreetMap"}},{"type":"Feature","geometry":{"type":"Point","coordinates":[-0.9069443,51.5372701]},"properties":{"name":"Old Fire Station Gallery","layer":"arts-centres","note":"OpenStreetMap","osm_id":"node/423805896","osm_url":"https://www.openstreetmap.org/node/423805896","source":"OpenStreetMap"}},{"type":"Feature","geometry":{"type":"Point","coordinates":[-1.5194062,54.8858377]},"properties":{"name":"Washington Arts Centre","layer":"arts-centres","note":"OpenStreetMap","osm_id":"node/429569462","osm_url":"https://www.openstreetmap.org/node/429569462","source":"OpenStreetMap"}},{"type":"Feature","geometry":{"type":"Point","coordinates":[-0.1216561,51.5280014]},"properties":{"name":"Arts Catalyst Centre for Arts, Science, and Technology","layer":"arts-centres","note":"OpenStreetMap","osm_id":"node/4307665990","osm_url":"https://www.openstreetmap.org/node/4307665990","source":"OpenStreetMap"}},{"type":"Feature","geometry":{"type":"Point","coordinates":[-1.9163133,52.6041073]},"properties":{"name":"Aldridge Arena and Banqueting","layer":"arts-centres","note":"OpenStreetMap","osm_id":"node/4314028306","osm_url":"https://www.openstreetmap.org/node/4314028306","source":"OpenStreetMap"}},{"type":"Feature","geometry":{"type":"Point","coordinates":[-4.5469892,50.8279908]},"properties":{"name":"The Parkhouse Centre","layer":"arts-centres","note":"OpenStreetMap","osm_id":"node/431484826","osm_url":"https://www.openstreetmap.org/node/431484826","source":"OpenStreetMap"}},{"type":"Feature","geometry":{"type":"Point","coordinates":[-4.1429548,50.952433]},"properties":{"name":"The Plough Arts Centre","layer":"arts-centres","note":"OpenStreetMap","osm_id":"node/435199535","osm_url":"https://www.openstreetmap.org/node/435199535","source":"OpenStreetMap"}},{"type":"Feature","geometry":{"type":"Point","coordinates":[-4.1204598,51.2101611]},"properties":{"name":"Local Art And Craft Centre","layer":"arts-centres","note":"OpenStreetMap","osm_id":"node/4367041551","osm_url":"https://www.openstreetmap.org/node/4367041551","source":"OpenStreetMap"}},{"type":"Feature","geometry":{"type":"Point","coordinates":[-3.5298995,50.7207518]},"properties":{"name":"Stage by Stage","layer":"arts-centres","note":"OpenStreetMap","osm_id":"node/4375767089","osm_url":"https://www.openstreetmap.org/node/4375767089","source":"OpenStreetMap"}},{"type":"Feature","geometry":{"type":"Point","coordinates":[-2.7308138,53.2926358]},"properties":{"name":"Castle Park Arts Centre","layer":"arts-centres","note":"OpenStreetMap","osm_id":"node/439220267","osm_url":"https://www.openstreetmap.org/node/439220267","source":"OpenStreetMap"}},{"type":"Feature","geometry":{"type":"Point","coordinates":[-4.0558648,54.8354833]},"properties":{"name":"Kitkcudbright Tollbooth","layer":"arts-centres","note":"OpenStreetMap","osm_id":"node/444024933","osm_url":"https://www.openstreetmap.org/node/444024933","source":"OpenStreetMap"}},{"type":"Feature","geometry":{"type":"Point","coordinates":[-0.1461833,51.5196242]},"properties":{"name":"Asia House","layer":"arts-centres","note":"OpenStreetMap","osm_id":"node/4562409395","osm_url":"https://www.openstreetmap.org/node/4562409395","source":"OpenStreetMap"}},{"type":"Feature","geometry":{"type":"Point","coordinates":[0.5205773,51.3843491]},"properties":{"name":"Sun Pier House","layer":"arts-centres","note":"OpenStreetMap","osm_id":"node/4567067319","osm_url":"https://www.openstreetmap.org/node/4567067319","source":"OpenStreetMap"}},{"type":"Feature","geometry":{"type":"Point","coordinates":[-6.1101476,53.5743369]},"properties":{"name":"Skerries Mills","layer":"arts-centres","note":"OpenStreetMap","osm_id":"node/459572898","osm_url":"https://www.openstreetmap.org/node/459572898","source":"OpenStreetMap"}},{"type":"Feature","geometry":{"type":"Point","coordinates":[-3.0302632,53.7512032]},"properties":{"name":"St Annes Urban Arts Studio","layer":"arts-centres","note":"OpenStreetMap","osm_id":"node/4732304682","osm_url":"https://www.openstreetmap.org/node/4732304682","source":"OpenStreetMap"}},{"type":"Feature","geometry":{"type":"Point","coordinates":[-2.7257589,56.0579169]},"properties":{"name":"Fingers & Thumbs","layer":"arts-centres","note":"OpenStreetMap","osm_id":"node/4755378821","osm_url":"https://www.openstreetmap.org/node/4755378821","source":"OpenStreetMap"}},{"type":"Feature","geometry":{"type":"Point","coordinates":[-1.4368818,55.0116774]},"properties":{"name":"Light  House Arts space","layer":"arts-centres","note":"OpenStreetMap","osm_id":"node/4772527643","osm_url":"https://www.openstreetmap.org/node/4772527643","source":"OpenStreetMap"}},{"type":"Feature","geometry":{"type":"Point","coordinates":[-0.1313861,51.5658517]},"properties":{"name":"Kogan Academy of Dramatic Arts","layer":"arts-centres","note":"OpenStreetMap","osm_id":"node/4777880545","osm_url":"https://www.openstreetmap.org/node/4777880545","source":"OpenStreetMap"}},{"type":"Feature","geometry":{"type":"Point","coordinates":[-0.1313956,51.5659201]},"properties":{"name":"Bomb Factory Art Foundation","layer":"arts-centres","note":"OpenStreetMap","osm_id":"node/4838589313","osm_url":"https://www.openstreetmap.org/node/4838589313","source":"OpenStreetMap"}},{"type":"Feature","geometry":{"type":"Point","coordinates":[-4.235804,55.8546872]},"properties":{"name":"The Pipe Factory","layer":"arts-centres","note":"The Pipe Factory","osm_id":"node/4870749398","osm_url":"https://www.openstreetmap.org/node/4870749398","source":"OpenStreetMap","brand":"The Pipe Factory"}},{"type":"Feature","geometry":{"type":"Point","coordinates":[-0.1330091,51.5089278]},"properties":{"name":"St James's Market Pavilion","layer":"arts-centres","note":"OpenStreetMap","osm_id":"node/4889364632","osm_url":"https://www.openstreetmap.org/node/4889364632","source":"OpenStreetMap"}},{"type":"Feature","geometry":{"type":"Point","coordinates":[-1.8832514,52.4789708]},"properties":{"name":"West Midlands Centre for Circus & Physical Theatre","layer":"arts-centres","note":"OpenStreetMap","osm_id":"node/4902194188","osm_url":"https://www.openstreetmap.org/node/4902194188","source":"OpenStreetMap"}},{"type":"Feature","geometry":{"type":"Point","coordinates":[-6.3869414,58.2082047]},"properties":{"name":"An Lanntair","layer":"arts-centres","note":"OpenStreetMap","osm_id":"node/494344084","osm_url":"https://www.openstreetmap.org/node/494344084","source":"OpenStreetMap"}},{"type":"Feature","geometry":{"type":"Point","coordinates":[-1.6873906,53.5911483]},"properties":{"name":"Georgie School of Theatre Arts","layer":"arts-centres","note":"OpenStreetMap","osm_id":"node/4970388529","osm_url":"https://www.openstreetmap.org/node/4970388529","source":"OpenStreetMap"}},{"type":"Feature","geometry":{"type":"Point","coordinates":[-0.1169604,51.4923619]},"properties":{"name":"Creative Sparkworks","layer":"arts-centres","note":"OpenStreetMap","osm_id":"node/4995776909","osm_url":"https://www.openstreetmap.org/node/4995776909","source":"OpenStreetMap"}},{"type":"Feature","geometry":{"type":"Point","coordinates":[-3.1724578,55.9568593]},"properties":{"name":"Out of the Blue Abbeymount Studios","layer":"arts-centres","note":"OpenStreetMap","osm_id":"node/5010110337","osm_url":"https://www.openstreetmap.org/node/5010110337","source":"OpenStreetMap"}},{"type":"Feature","geometry":{"type":"Point","coordinates":[-0.1309517,51.5061576]},"properties":{"name":"Institute of Contemporary Arts","layer":"arts-centres","note":"OpenStreetMap","osm_id":"node/5015865539","osm_url":"https://www.openstreetmap.org/node/5015865539","source":"OpenStreetMap"}},{"type":"Feature","geometry":{"type":"Point","coordinates":[-1.9229693,52.4509315]},"properties":{"name":"Ruddock Performing Arts Centre","layer":"arts-centres","note":"OpenStreetMap","osm_id":"node/5021845623","osm_url":"https://www.openstreetmap.org/node/5021845623","source":"OpenStreetMap"}},{"type":"Feature","geometry":{"type":"Point","coordinates":[-1.4883672,53.3944408]},"properties":{"name":"Middlewood Dance and Theatre School","layer":"arts-centres","note":"OpenStreetMap","osm_id":"node/5022591400","osm_url":"https://www.openstreetmap.org/node/5022591400","source":"OpenStreetMap"}},{"type":"Feature","geometry":{"type":"Point","coordinates":[0.393633,52.7554407]},"properties":{"name":"King's Lynn Arts Centre","layer":"arts-centres","note":"OpenStreetMap","osm_id":"node/5141693844","osm_url":"https://www.openstreetmap.org/node/5141693844","source":"OpenStreetMap"}},{"type":"Feature","geometry":{"type":"Point","coordinates":[1.2970047,52.6333305]},"properties":{"name":"The Anteros Arts Foundation","layer":"arts-centres","note":"OpenStreetMap","osm_id":"node/5179570201","osm_url":"https://www.openstreetmap.org/node/5179570201","source":"OpenStreetMap"}},{"type":"Feature","geometry":{"type":"Point","coordinates":[-0.9123319,52.2265179]},"properties":{"name":"Unit 17 Dance & Performing Arts","layer":"arts-centres","note":"OpenStreetMap","osm_id":"node/5196927466","osm_url":"https://www.openstreetmap.org/node/5196927466","source":"OpenStreetMap"}},{"type":"Feature","geometry":{"type":"Point","coordinates":[-1.8823126,52.4790117]},"properties":{"name":"Centrala","layer":"arts-centres","note":"OpenStreetMap","osm_id":"node/5208305185","osm_url":"https://www.openstreetmap.org/node/5208305185","source":"OpenStreetMap"}},{"type":"Feature","geometry":{"type":"Point","coordinates":[-1.5115386,55.1853355]},"properties":{"name":"Newbiggin Arts Centre","layer":"arts-centres","note":"OpenStreetMap","osm_id":"node/5211783504","osm_url":"https://www.openstreetmap.org/node/5211783504","source":"OpenStreetMap"}},{"type":"Feature","geometry":{"type":"Point","coordinates":[-1.0872245,51.2629858]},"properties":{"name":"Market Chambers","layer":"arts-centres","note":"OpenStreetMap","osm_id":"node/5221902169","osm_url":"https://www.openstreetmap.org/node/5221902169","source":"OpenStreetMap"}},{"type":"Feature","geometry":{"type":"Point","coordinates":[-0.136062,50.8326664]},"properties":{"name":"The Rose Hill","layer":"arts-centres","note":"OpenStreetMap","osm_id":"node/523891983","osm_url":"https://www.openstreetmap.org/node/523891983","source":"OpenStreetMap"}},{"type":"Feature","geometry":{"type":"Point","coordinates":[-0.3960003,51.1605334]},"properties":{"name":"The Forge Gallery","layer":"arts-centres","note":"OpenStreetMap","osm_id":"node/527962864","osm_url":"https://www.openstreetmap.org/node/527962864","source":"OpenStreetMap"}},{"type":"Feature","geometry":{"type":"Point","coordinates":[-8.6308126,52.6596692]},"properties":{"name":"The Belltable","layer":"arts-centres","note":"OpenStreetMap","osm_id":"node/534419845","osm_url":"https://www.openstreetmap.org/node/534419845","source":"OpenStreetMap"}},{"type":"Feature","geometry":{"type":"Point","coordinates":[-2.9841037,56.4622905]},"properties":{"name":"WASPS Studio","layer":"arts-centres","note":"OpenStreetMap","osm_id":"node/5414408021","osm_url":"https://www.openstreetmap.org/node/5414408021","source":"OpenStreetMap"}},{"type":"Feature","geometry":{"type":"Point","coordinates":[-0.0243142,51.4921314]},"properties":{"name":"The Space","layer":"arts-centres","note":"OpenStreetMap","osm_id":"node/5418886555","osm_url":"https://www.openstreetmap.org/node/5418886555","source":"OpenStreetMap"}},{"type":"Feature","geometry":{"type":"Point","coordinates":[-1.2062181,50.5946855]},"properties":{"name":"Ventnor Exchange","layer":"arts-centres","note":"OpenStreetMap","osm_id":"node/5488854445","osm_url":"https://www.openstreetmap.org/node/5488854445","source":"OpenStreetMap"}},{"type":"Feature","geometry":{"type":"Point","coordinates":[-0.8310382,51.7241547]},"properties":{"name":"Stage Plus","layer":"arts-centres","note":"OpenStreetMap","osm_id":"node/5532122073","osm_url":"https://www.openstreetmap.org/node/5532122073","source":"OpenStreetMap"}},{"type":"Feature","geometry":{"type":"Point","coordinates":[-3.1705897,55.9767406]},"properties":{"name":"Custom House Gallery","layer":"arts-centres","note":"OpenStreetMap","osm_id":"node/5535848862","osm_url":"https://www.openstreetmap.org/node/5535848862","source":"OpenStreetMap"}},{"type":"Feature","geometry":{"type":"Point","coordinates":[-3.1384244,55.934906]},"properties":{"name":"Mutual Artists","layer":"arts-centres","note":"OpenStreetMap","osm_id":"node/5545150613","osm_url":"https://www.openstreetmap.org/node/5545150613","source":"OpenStreetMap"}},{"type":"Feature","geometry":{"type":"Point","coordinates":[-5.4804411,50.2155842]},"properties":{"name":"Porthmeor Studios","layer":"arts-centres","note":"OpenStreetMap","osm_id":"node/5554549621","osm_url":"https://www.openstreetmap.org/node/5554549621","source":"OpenStreetMap"}},{"type":"Feature","geometry":{"type":"Point","coordinates":[-1.8928188,53.7954166]},"properties":{"name":"Yorkshire Wood Co.","layer":"arts-centres","note":"OpenStreetMap","osm_id":"node/5615825182","osm_url":"https://www.openstreetmap.org/node/5615825182","source":"OpenStreetMap"}},{"type":"Feature","geometry":{"type":"Point","coordinates":[-0.8948995,52.2390412]},"properties":{"name":"National Leather Collection","layer":"arts-centres","note":"OpenStreetMap","osm_id":"node/5646392581","osm_url":"https://www.openstreetmap.org/node/5646392581","source":"OpenStreetMap"}},{"type":"Feature","geometry":{"type":"Point","coordinates":[-0.0818986,51.4754092]},"properties":{"name":"Art Block","layer":"arts-centres","note":"South London Gallery","osm_id":"node/5649419616","osm_url":"https://www.openstreetmap.org/node/5649419616","source":"OpenStreetMap","brand":"South London Gallery"}},{"type":"Feature","geometry":{"type":"Point","coordinates":[-6.4639111,52.339507]},"properties":{"name":"Annexe","layer":"arts-centres","note":"OpenStreetMap","osm_id":"node/5673049214","osm_url":"https://www.openstreetmap.org/node/5673049214","source":"OpenStreetMap"}},{"type":"Feature","geometry":{"type":"Point","coordinates":[-8.4623951,51.8969175]},"properties":{"name":"National Sculpture Factory","layer":"arts-centres","note":"OpenStreetMap","osm_id":"node/5674676505","osm_url":"https://www.openstreetmap.org/node/5674676505","source":"OpenStreetMap"}},{"type":"Feature","geometry":{"type":"Point","coordinates":[-0.1883575,51.4328049]},"properties":{"name":"Wimbledon Art Studios","layer":"arts-centres","note":"OpenStreetMap","osm_id":"node/5696573461","osm_url":"https://www.openstreetmap.org/node/5696573461","source":"OpenStreetMap"}},{"type":"Feature","geometry":{"type":"Point","coordinates":[-8.9670969,52.8155812]},"properties":{"name":"Abbey Hall","layer":"arts-centres","note":"OpenStreetMap","osm_id":"node/574880722","osm_url":"https://www.openstreetmap.org/node/574880722","source":"OpenStreetMap"}},{"type":"Feature","geometry":{"type":"Point","coordinates":[-0.7487709,52.0446353]},"properties":{"name":"MK Gallery","layer":"arts-centres","note":"OpenStreetMap","osm_id":"node/576814776","osm_url":"https://www.openstreetmap.org/node/576814776","source":"OpenStreetMap"}},{"type":"Feature","geometry":{"type":"Point","coordinates":[-6.2762154,53.3432967]},"properties":{"name":"La Catedral Studios","layer":"arts-centres","note":"OpenStreetMap","osm_id":"node/577272206","osm_url":"https://www.openstreetmap.org/node/577272206","source":"OpenStreetMap"}},{"type":"Feature","geometry":{"type":"Point","coordinates":[-8.9585181,51.9045532]},"properties":{"name":"Briery Gap Cultural Centre","layer":"arts-centres","note":"OpenStreetMap","osm_id":"node/5816304102","osm_url":"https://www.openstreetmap.org/node/5816304102","source":"OpenStreetMap"}},{"type":"Feature","geometry":{"type":"Point","coordinates":[-0.9769268,51.4549976]},"properties":{"name":"The Jelly","layer":"arts-centres","note":"OpenStreetMap","osm_id":"node/5818162181","osm_url":"https://www.openstreetmap.org/node/5818162181","source":"OpenStreetMap"}},{"type":"Feature","geometry":{"type":"Point","coordinates":[-3.1760028,55.9771942]},"properties":{"name":"Citadel Youth Centre","layer":"arts-centres","note":"OpenStreetMap","osm_id":"node/588412998","osm_url":"https://www.openstreetmap.org/node/588412998","source":"OpenStreetMap"}},{"type":"Feature","geometry":{"type":"Point","coordinates":[-3.7271114,53.2956928]},"properties":{"name":"Bay Gallery","layer":"arts-centres","note":"OpenStreetMap","osm_id":"node/5983946033","osm_url":"https://www.openstreetmap.org/node/5983946033","source":"OpenStreetMap"}},{"type":"Feature","geometry":{"type":"Point","coordinates":[-3.8181862,51.632497]},"properties":{"name":"Briton Ferry Musical Theatre Company","layer":"arts-centres","note":"OpenStreetMap","osm_id":"node/605439604","osm_url":"https://www.openstreetmap.org/node/605439604","source":"OpenStreetMap"}},{"type":"Feature","geometry":{"type":"Point","coordinates":[-2.9796289,53.410018]},"properties":{"name":"Walker Art Gallery","layer":"arts-centres","note":"OpenStreetMap","osm_id":"node/618545413","osm_url":"https://www.openstreetmap.org/node/618545413","source":"OpenStreetMap"}},{"type":"Feature","geometry":{"type":"Point","coordinates":[-6.532828,53.1713965]},"properties":{"name":"Blessington Craft Centre","layer":"arts-centres","note":"OpenStreetMap","osm_id":"node/6307110254","osm_url":"https://www.openstreetmap.org/node/6307110254","source":"OpenStreetMap"}},{"type":"Feature","geometry":{"type":"Point","coordinates":[-5.6682349,54.6611736]},"properties":{"name":"Boom! Studios","layer":"arts-centres","note":"OpenStreetMap","osm_id":"node/6327270741","osm_url":"https://www.openstreetmap.org/node/6327270741","source":"OpenStreetMap"}},{"type":"Feature","geometry":{"type":"Point","coordinates":[-6.259625,53.3406007]},"properties":{"name":"Kerlin Gallery","layer":"arts-centres","note":"OpenStreetMap","osm_id":"node/632939835","osm_url":"https://www.openstreetmap.org/node/632939835","source":"OpenStreetMap"}},{"type":"Feature","geometry":{"type":"Point","coordinates":[-0.9762627,51.4544983]},"properties":{"name":"Jelly","layer":"arts-centres","note":"OpenStreetMap","osm_id":"node/6339963915","osm_url":"https://www.openstreetmap.org/node/6339963915","source":"OpenStreetMap"}},{"type":"Feature","geometry":{"type":"Point","coordinates":[-0.3777196,51.3072822]},"properties":{"name":"Menuhin Hall","layer":"arts-centres","note":"OpenStreetMap","osm_id":"node/6345571351","osm_url":"https://www.openstreetmap.org/node/6345571351","source":"OpenStreetMap"}},{"type":"Feature","geometry":{"type":"Point","coordinates":[-1.2061555,50.7112554]},"properties":{"name":"Firestone Studios","layer":"arts-centres","note":"OpenStreetMap","osm_id":"node/6393343389","osm_url":"https://www.openstreetmap.org/node/6393343389","source":"OpenStreetMap"}},{"type":"Feature","geometry":{"type":"Point","coordinates":[-1.1356761,52.9556764]},"properties":{"name":"Backlit","layer":"arts-centres","note":"OpenStreetMap","osm_id":"node/6521705524","osm_url":"https://www.openstreetmap.org/node/6521705524","source":"OpenStreetMap"}},{"type":"Feature","geometry":{"type":"Point","coordinates":[-1.1945079,53.1459388]},"properties":{"name":"The Old Library","layer":"arts-centres","note":"OpenStreetMap","osm_id":"node/6775493017","osm_url":"https://www.openstreetmap.org/node/6775493017","source":"OpenStreetMap"}},{"type":"Feature","geometry":{"type":"Point","coordinates":[-0.3347084,51.2304743]},"properties":{"name":"Calli's Corner","layer":"arts-centres","note":"OpenStreetMap","osm_id":"node/6869239785","osm_url":"https://www.openstreetmap.org/node/6869239785","source":"OpenStreetMap"}},{"type":"Feature","geometry":{"type":"Point","coordinates":[-2.9934302,51.588323]},"properties":{"name":"Riverfront Theatre and Arts Centre","layer":"arts-centres","note":"Newport City Council","osm_id":"node/6872291652","osm_url":"https://www.openstreetmap.org/node/6872291652","source":"OpenStreetMap","brand":"Newport City Council"}},{"type":"Feature","geometry":{"type":"Point","coordinates":[-2.9532407,51.6088987]},"properties":{"name":"Ffwrwm Art & Crafts Centre","layer":"arts-centres","note":"Ffwrwm Art & Crafts","osm_id":"node/6879495192","osm_url":"https://www.openstreetmap.org/node/6879495192","source":"OpenStreetMap","brand":"Ffwrwm Art & Crafts"}},{"type":"Feature","geometry":{"type":"Point","coordinates":[-2.8643038,54.0741871]},"properties":{"name":"Pottyroo's","layer":"arts-centres","note":"OpenStreetMap","osm_id":"node/6896775103","osm_url":"https://www.openstreetmap.org/node/6896775103","source":"OpenStreetMap"}},{"type":"Feature","geometry":{"type":"Point","coordinates":[-6.152508,52.7977198]},"properties":{"name":"Arklow Arts Centre","layer":"arts-centres","note":"OpenStreetMap","osm_id":"node/6962291465","osm_url":"https://www.openstreetmap.org/node/6962291465","source":"OpenStreetMap"}},{"type":"Feature","geometry":{"type":"Point","coordinates":[0.0850737,51.8371066]},"properties":{"name":"The Henry Moore Foundation","layer":"arts-centres","note":"OpenStreetMap","osm_id":"node/700840889","osm_url":"https://www.openstreetmap.org/node/700840889","source":"OpenStreetMap"}},{"type":"Feature","geometry":{"type":"Point","coordinates":[-0.2868022,51.474997]},"properties":{"name":"Kew Art Studio","layer":"arts-centres","note":"OpenStreetMap","osm_id":"node/7022496429","osm_url":"https://www.openstreetmap.org/node/7022496429","source":"OpenStreetMap"}},{"type":"Feature","geometry":{"type":"Point","coordinates":[-1.63667,52.8029886]},"properties":{"name":"Brewhouse Arts Centre","layer":"arts-centres","note":"OpenStreetMap","osm_id":"node/7120591573","osm_url":"https://www.openstreetmap.org/node/7120591573","source":"OpenStreetMap"}},{"type":"Feature","geometry":{"type":"Point","coordinates":[-8.439863,52.8067]},"properties":{"name":"Munster Music Academy","layer":"arts-centres","note":"OpenStreetMap","osm_id":"node/713861648","osm_url":"https://www.openstreetmap.org/node/713861648","source":"OpenStreetMap"}},{"type":"Feature","geometry":{"type":"Point","coordinates":[-3.0195968,51.654255]},"properties":{"name":"Llantarnam Grange","layer":"arts-centres","note":"OpenStreetMap","osm_id":"node/7157383394","osm_url":"https://www.openstreetmap.org/node/7157383394","source":"OpenStreetMap"}},{"type":"Feature","geometry":{"type":"Point","coordinates":[-1.5353871,54.9914736]},"properties":{"name":"North Tyneside Art Studio","layer":"arts-centres","note":"OpenStreetMap","osm_id":"node/7206599784","osm_url":"https://www.openstreetmap.org/node/7206599784","source":"OpenStreetMap"}},{"type":"Feature","geometry":{"type":"Point","coordinates":[-0.098746,51.560212]},"properties":{"name":"Clay Time","layer":"arts-centres","note":"OpenStreetMap","osm_id":"node/7278465758","osm_url":"https://www.openstreetmap.org/node/7278465758","source":"OpenStreetMap"}},{"type":"Feature","geometry":{"type":"Point","coordinates":[0.0805414,52.998484]},"properties":{"name":"Dance Krazy","layer":"arts-centres","note":"OpenStreetMap","osm_id":"node/7294910291","osm_url":"https://www.openstreetmap.org/node/7294910291","source":"OpenStreetMap"}},{"type":"Feature","geometry":{"type":"Point","coordinates":[-2.2159575,51.7468964]},"properties":{"name":"Centre for Science and Art","layer":"arts-centres","note":"OpenStreetMap","osm_id":"node/7304997863","osm_url":"https://www.openstreetmap.org/node/7304997863","source":"OpenStreetMap"}},{"type":"Feature","geometry":{"type":"Point","coordinates":[-2.5988406,53.387147]},"properties":{"name":"Pyramid Arts Centre","layer":"arts-centres","note":"OpenStreetMap","osm_id":"node/7319542010","osm_url":"https://www.openstreetmap.org/node/7319542010","source":"OpenStreetMap"}},{"type":"Feature","geometry":{"type":"Point","coordinates":[-3.4600932,51.2060569]},"properties":{"name":"Arts & Craft Studio","layer":"arts-centres","note":"OpenStreetMap","osm_id":"node/738967788","osm_url":"https://www.openstreetmap.org/node/738967788","source":"OpenStreetMap"}},{"type":"Feature","geometry":{"type":"Point","coordinates":[-0.9160776,52.4779065]},"properties":{"name":"Harborough Academy of Performing Arts","layer":"arts-centres","note":"OpenStreetMap","osm_id":"node/7630233440","osm_url":"https://www.openstreetmap.org/node/7630233440","source":"OpenStreetMap"}},{"type":"Feature","geometry":{"type":"Point","coordinates":[-8.3279778,52.891911]},"properties":{"name":"Marion Murphy-Cooney Design Studio","layer":"arts-centres","note":"OpenStreetMap","osm_id":"node/769282919","osm_url":"https://www.openstreetmap.org/node/769282919","source":"OpenStreetMap"}},{"type":"Feature","geometry":{"type":"Point","coordinates":[-7.6987137,52.3530671]},"properties":{"name":"South Tipperary Arts Centre","layer":"arts-centres","note":"OpenStreetMap","osm_id":"node/7771226719","osm_url":"https://www.openstreetmap.org/node/7771226719","source":"OpenStreetMap"}},{"type":"Feature","geometry":{"type":"Point","coordinates":[-3.1713139,55.9576738]},"properties":{"name":"Natami Design Studio","layer":"arts-centres","note":"OpenStreetMap","osm_id":"node/7775316702","osm_url":"https://www.openstreetmap.org/node/7775316702","source":"OpenStreetMap"}},{"type":"Feature","geometry":{"type":"Point","coordinates":[-3.941738,51.6239324]},"properties":{"name":"Elysium","layer":"arts-centres","note":"OpenStreetMap","osm_id":"node/7826897501","osm_url":"https://www.openstreetmap.org/node/7826897501","source":"OpenStreetMap"}},{"type":"Feature","geometry":{"type":"Point","coordinates":[-1.4168447,50.9260614]},"properties":{"name":"Sound Pop Academy","layer":"arts-centres","note":"OpenStreetMap","osm_id":"node/7863922803","osm_url":"https://www.openstreetmap.org/node/7863922803","source":"OpenStreetMap"}},{"type":"Feature","geometry":{"type":"Point","coordinates":[-8.4827269,53.7651365]},"properties":{"name":"Trinity Arts Centre","layer":"arts-centres","note":"OpenStreetMap","osm_id":"node/7958543550","osm_url":"https://www.openstreetmap.org/node/7958543550","source":"OpenStreetMap"}},{"type":"Feature","geometry":{"type":"Point","coordinates":[1.4975095,52.1632821]},"properties":{"name":"Arts Centre","layer":"arts-centres","note":"OpenStreetMap","osm_id":"node/7973715955","osm_url":"https://www.openstreetmap.org/node/7973715955","source":"OpenStreetMap"}},{"type":"Feature","geometry":{"type":"Point","coordinates":[1.4966813,52.1646288]},"properties":{"name":"The Quay Gallery","layer":"arts-centres","note":"OpenStreetMap","osm_id":"node/7976020753","osm_url":"https://www.openstreetmap.org/node/7976020753","source":"OpenStreetMap"}},{"type":"Feature","geometry":{"type":"Point","coordinates":[1.4970615,52.1638579]},"properties":{"name":"Pond Gallery","layer":"arts-centres","note":"OpenStreetMap","osm_id":"node/7976713344","osm_url":"https://www.openstreetmap.org/node/7976713344","source":"OpenStreetMap"}},{"type":"Feature","geometry":{"type":"Point","coordinates":[-2.9846817,56.4620355]},"properties":{"name":"Art Antics","layer":"arts-centres","note":"OpenStreetMap","osm_id":"node/7982541447","osm_url":"https://www.openstreetmap.org/node/7982541447","source":"OpenStreetMap"}},{"type":"Feature","geometry":{"type":"Point","coordinates":[-2.229509,53.4831831]},"properties":{"name":"The Horsfall","layer":"arts-centres","note":"OpenStreetMap","osm_id":"node/7997455502","osm_url":"https://www.openstreetmap.org/node/7997455502","source":"OpenStreetMap"}},{"type":"Feature","geometry":{"type":"Point","coordinates":[-2.4984535,51.823593]},"properties":{"name":"Artspace Cinderford","layer":"arts-centres","note":"OpenStreetMap","osm_id":"node/8118271862","osm_url":"https://www.openstreetmap.org/node/8118271862","source":"OpenStreetMap"}},{"type":"Feature","geometry":{"type":"Point","coordinates":[-0.1722437,51.4895214]},"properties":{"name":"Dove Studios","layer":"arts-centres","note":"OpenStreetMap","osm_id":"node/8270551551","osm_url":"https://www.openstreetmap.org/node/8270551551","source":"OpenStreetMap"}},{"type":"Feature","geometry":{"type":"Point","coordinates":[1.418777,51.331776]},"properties":{"name":"Something Fishy Gallery","layer":"arts-centres","note":"OpenStreetMap","osm_id":"node/8329444970","osm_url":"https://www.openstreetmap.org/node/8329444970","source":"OpenStreetMap"}},{"type":"Feature","geometry":{"type":"Point","coordinates":[-2.6289663,50.942082]},"properties":{"name":"Pot Doodles","layer":"arts-centres","note":"OpenStreetMap","osm_id":"node/8330669027","osm_url":"https://www.openstreetmap.org/node/8330669027","source":"OpenStreetMap"}},{"type":"Feature","geometry":{"type":"Point","coordinates":[-0.2160308,51.3569441]},"properties":{"name":"Village Ceramics","layer":"arts-centres","note":"OpenStreetMap","osm_id":"node/835833819","osm_url":"https://www.openstreetmap.org/node/835833819","source":"OpenStreetMap"}},{"type":"Feature","geometry":{"type":"Point","coordinates":[-0.7229063,52.3787773]},"properties":{"name":"The Dance Factory","layer":"arts-centres","note":"OpenStreetMap","osm_id":"node/8630344048","osm_url":"https://www.openstreetmap.org/node/8630344048","source":"OpenStreetMap"}},{"type":"Feature","geometry":{"type":"Point","coordinates":[-1.0653387,54.6188917]},"properties":{"name":"Palace Hub Redcar","layer":"arts-centres","note":"Redcar & Cleveland Borough Council","osm_id":"node/8643214194","osm_url":"https://www.openstreetmap.org/node/8643214194","source":"OpenStreetMap","brand":"Redcar & Cleveland Borough Council"}},{"type":"Feature","geometry":{"type":"Point","coordinates":[-3.3412555,51.6043094]},"properties":{"name":"Muni Arts Centre","layer":"arts-centres","note":"OpenStreetMap","osm_id":"node/8661969624","osm_url":"https://www.openstreetmap.org/node/8661969624","source":"OpenStreetMap"}},{"type":"Feature","geometry":{"type":"Point","coordinates":[-1.2143211,51.7319595]},"properties":{"name":"Ark-T @ The Venue","layer":"arts-centres","note":"Ark-T;Ark-T Centre;ARK T","osm_id":"node/8701950899","osm_url":"https://www.openstreetmap.org/node/8701950899","source":"OpenStreetMap","brand":"Ark-T;Ark-T Centre;ARK T"}},{"type":"Feature","geometry":{"type":"Point","coordinates":[-0.4759338,51.5014307]},"properties":{"name":"Southlands Arts Centre","layer":"arts-centres","note":"OpenStreetMap","osm_id":"node/8816283371","osm_url":"https://www.openstreetmap.org/node/8816283371","source":"OpenStreetMap"}},{"type":"Feature","geometry":{"type":"Point","coordinates":[-1.6569978,54.221447]},"properties":{"name":"Happy House","layer":"arts-centres","note":"OpenStreetMap","osm_id":"node/8834958078","osm_url":"https://www.openstreetmap.org/node/8834958078","source":"OpenStreetMap"}},{"type":"Feature","geometry":{"type":"Point","coordinates":[-0.0804846,51.6505408]},"properties":{"name":"Dugdale Centre","layer":"arts-centres","note":"OpenStreetMap","osm_id":"node/885349093","osm_url":"https://www.openstreetmap.org/node/885349093","source":"OpenStreetMap"}},{"type":"Feature","geometry":{"type":"Point","coordinates":[-2.4430267,50.5598672]},"properties":{"name":"ArtSpace82","layer":"arts-centres","note":"OpenStreetMap","osm_id":"node/8898112461","osm_url":"https://www.openstreetmap.org/node/8898112461","source":"OpenStreetMap"}},{"type":"Feature","geometry":{"type":"Point","coordinates":[-2.4431511,50.5598155]},"properties":{"name":"Outpost","layer":"arts-centres","note":"OpenStreetMap","osm_id":"node/8909986005","osm_url":"https://www.openstreetmap.org/node/8909986005","source":"OpenStreetMap"}},{"type":"Feature","geometry":{"type":"Point","coordinates":[0.230212,52.0174976]},"properties":{"name":"Saffron Hall","layer":"arts-centres","note":"OpenStreetMap","osm_id":"node/8977504829","osm_url":"https://www.openstreetmap.org/node/8977504829","source":"OpenStreetMap"}},{"type":"Feature","geometry":{"type":"Point","coordinates":[-0.1145236,53.2056084]},"properties":{"name":"The Dance House","layer":"arts-centres","note":"OpenStreetMap","osm_id":"node/8980930712","osm_url":"https://www.openstreetmap.org/node/8980930712","source":"OpenStreetMap"}},{"type":"Feature","geometry":{"type":"Point","coordinates":[-7.9929887,51.9422023]},"properties":{"name":"Greywood Arts","layer":"arts-centres","note":"OpenStreetMap","osm_id":"node/8984357533","osm_url":"https://www.openstreetmap.org/node/8984357533","source":"OpenStreetMap"}},{"type":"Feature","geometry":{"type":"Point","coordinates":[-1.2054816,50.5954076]},"properties":{"name":"Ventnor Arts Club","layer":"arts-centres","note":"OpenStreetMap","osm_id":"node/8999957924","osm_url":"https://www.openstreetmap.org/node/8999957924","source":"OpenStreetMap"}},{"type":"Feature","geometry":{"type":"Point","coordinates":[0.3372255,53.2246432]},"properties":{"name":"Julie Stevens Dance Studio","layer":"arts-centres","note":"OpenStreetMap","osm_id":"node/9005258836","osm_url":"https://www.openstreetmap.org/node/9005258836","source":"OpenStreetMap"}},{"type":"Feature","geometry":{"type":"Point","coordinates":[-0.1665386,51.55097]},"properties":{"name":"WAC Arts Centre","layer":"arts-centres","note":"OpenStreetMap","osm_id":"node/9007680303","osm_url":"https://www.openstreetmap.org/node/9007680303","source":"OpenStreetMap"}},{"type":"Feature","geometry":{"type":"Point","coordinates":[-2.9899034,51.5820777]},"properties":{"name":"Barnabas Arts House","layer":"arts-centres","note":"OpenStreetMap","osm_id":"node/9032613983","osm_url":"https://www.openstreetmap.org/node/9032613983","source":"OpenStreetMap"}},{"type":"Feature","geometry":{"type":"Point","coordinates":[-4.2224582,55.8417353]},"properties":{"name":"French Street Studios","layer":"arts-centres","note":"Strange Field","osm_id":"node/9102265075","osm_url":"https://www.openstreetmap.org/node/9102265075","source":"OpenStreetMap","brand":"Strange Field"}},{"type":"Feature","geometry":{"type":"Point","coordinates":[-4.3115048,55.8634211]},"properties":{"name":"Glasgow Theatre And Arts Collective","layer":"arts-centres","note":"OpenStreetMap","osm_id":"node/9113056070","osm_url":"https://www.openstreetmap.org/node/9113056070","source":"OpenStreetMap"}},{"type":"Feature","geometry":{"type":"Point","coordinates":[-2.8390736,55.5563708]},"properties":{"name":"St. Mary's Mill Artists' Studios","layer":"arts-centres","note":"WASPS","osm_id":"node/9293154894","osm_url":"https://www.openstreetmap.org/node/9293154894","source":"OpenStreetMap","brand":"WASPS"}},{"type":"Feature","geometry":{"type":"Point","coordinates":[-7.1145816,52.2618548]},"properties":{"name":"Garter Lane Arts Centre","layer":"arts-centres","note":"OpenStreetMap","osm_id":"node/9466886913","osm_url":"https://www.openstreetmap.org/node/9466886913","source":"OpenStreetMap"}},{"type":"Feature","geometry":{"type":"Point","coordinates":[-8.6284493,52.6646529]},"properties":{"name":"Fab Lab Limerick","layer":"arts-centres","note":"University of Limerick","osm_id":"node/9473322924","osm_url":"https://www.openstreetmap.org/node/9473322924","source":"OpenStreetMap","brand":"University of Limerick"}},{"type":"Feature","geometry":{"type":"Point","coordinates":[-1.8779927,50.7457055]},"properties":{"name":"Art-K","layer":"arts-centres","note":"OpenStreetMap","osm_id":"node/9481781989","osm_url":"https://www.openstreetmap.org/node/9481781989","source":"OpenStreetMap"}},{"type":"Feature","geometry":{"type":"Point","coordinates":[-1.8392685,50.7275272]},"properties":{"name":"Auger Collective","layer":"arts-centres","note":"OpenStreetMap","osm_id":"node/9482266574","osm_url":"https://www.openstreetmap.org/node/9482266574","source":"OpenStreetMap"}},{"type":"Feature","geometry":{"type":"Point","coordinates":[-0.1016493,51.5028873]},"properties":{"name":"The Africa Centre","layer":"arts-centres","note":"OpenStreetMap","osm_id":"node/9550710672","osm_url":"https://www.openstreetmap.org/node/9550710672","source":"OpenStreetMap"}},{"type":"Feature","geometry":{"type":"Point","coordinates":[-3.293551,59.0250774]},"properties":{"name":"Orkney Folklore and Storytelling Centre","layer":"arts-centres","note":"OpenStreetMap","osm_id":"node/9609236180","osm_url":"https://www.openstreetmap.org/node/9609236180","source":"OpenStreetMap"}},{"type":"Feature","geometry":{"type":"Point","coordinates":[-7.3399847,53.5237613]},"properties":{"name":"Áras an Mhuilinn","layer":"arts-centres","note":"Comhaltas Ceoltóiri Éireann","osm_id":"node/9661054001","osm_url":"https://www.openstreetmap.org/node/9661054001","source":"OpenStreetMap","brand":"Comhaltas Ceoltóiri Éireann"}},{"type":"Feature","geometry":{"type":"Point","coordinates":[-2.9964612,51.5875642]},"properties":{"name":"The Westgate Hotel","layer":"arts-centres","note":"OpenStreetMap","osm_id":"node/9701825054","osm_url":"https://www.openstreetmap.org/node/9701825054","source":"OpenStreetMap"}},{"type":"Feature","geometry":{"type":"Point","coordinates":[-2.9978473,51.587755]},"properties":{"name":"The Place","layer":"arts-centres","note":"OpenStreetMap","osm_id":"node/9736091411","osm_url":"https://www.openstreetmap.org/node/9736091411","source":"OpenStreetMap"}},{"type":"Feature","geometry":{"type":"Point","coordinates":[-0.0230268,52.975617]},"properties":{"name":"The Haven","layer":"arts-centres","note":"OpenStreetMap","osm_id":"node/976945436","osm_url":"https://www.openstreetmap.org/node/976945436","source":"OpenStreetMap"}},{"type":"Feature","geometry":{"type":"Point","coordinates":[-0.4625087,52.1370085]},"properties":{"name":"Living It Up Performing Arts Centre","layer":"arts-centres","note":"OpenStreetMap","osm_id":"node/9781125001","osm_url":"https://www.openstreetmap.org/node/9781125001","source":"OpenStreetMap"}},{"type":"Feature","geometry":{"type":"Point","coordinates":[-5.0553027,50.2628346]},"properties":{"name":"The Get Creative Building","layer":"arts-centres","note":"OpenStreetMap","osm_id":"node/9785302271","osm_url":"https://www.openstreetmap.org/node/9785302271","source":"OpenStreetMap"}},{"type":"Feature","geometry":{"type":"Point","coordinates":[-1.2094477,54.6857552]},"properties":{"name":"Hartlepool Art Gallery and Tourist Information Centre","layer":"arts-centres","note":"OpenStreetMap","osm_id":"node/9795625436","osm_url":"https://www.openstreetmap.org/node/9795625436","source":"OpenStreetMap"}},{"type":"Feature","geometry":{"type":"Point","coordinates":[-2.2486944,53.4928389]},"properties":{"name":"Zain Hub Creative Workspace","layer":"arts-centres","note":"OpenStreetMap","osm_id":"node/9877666183","osm_url":"https://www.openstreetmap.org/node/9877666183","source":"OpenStreetMap"}},{"type":"Feature","geometry":{"type":"Point","coordinates":[-1.8813229,52.4744194]},"properties":{"name":"The Arches Project","layer":"arts-centres","note":"OpenStreetMap","osm_id":"node/9897107948","osm_url":"https://www.openstreetmap.org/node/9897107948","source":"OpenStreetMap"}},{"type":"Feature","geometry":{"type":"Point","coordinates":[-0.5782377,51.2369864]},"properties":{"name":"New House","layer":"arts-centres","note":"OpenStreetMap","osm_id":"node/9945565063","osm_url":"https://www.openstreetmap.org/node/9945565063","source":"OpenStreetMap"}},{"type":"Feature","geometry":{"type":"Point","coordinates":[-2.054326,50.6383445]},"properties":{"name":"Sandyhill Arts","layer":"arts-centres","note":"OpenStreetMap","osm_id":"node/9950800503","osm_url":"https://www.openstreetmap.org/node/9950800503","source":"OpenStreetMap"}},{"type":"Feature","geometry":{"type":"Point","coordinates":[-9.0532483,53.274848]},"properties":{"name":"The Black Gate","layer":"arts-centres","note":"OpenStreetMap","osm_id":"node/9966482809","osm_url":"https://www.openstreetmap.org/node/9966482809","source":"OpenStreetMap"}},{"type":"Feature","geometry":{"type":"Point","coordinates":[-6.3204192,53.3367679]},"properties":{"name":"Common Ground","layer":"arts-centres","note":"OpenStreetMap","osm_id":"node/9966696960","osm_url":"https://www.openstreetmap.org/node/9966696960","source":"OpenStreetMap"}},{"type":"Feature","geometry":{"type":"Point","coordinates":[1.6016194,52.1513076]},"properties":{"name":"Ballroom Arts","layer":"arts-centres","note":"OpenStreetMap","osm_id":"node/9969911828","osm_url":"https://www.openstreetmap.org/node/9969911828","source":"OpenStreetMap"}},{"type":"Feature","geometry":{"type":"Point","coordinates":[-3.1841198,55.9747018]},"properties":{"name":"Mote 102","layer":"arts-centres","note":"OpenStreetMap","osm_id":"node/9983026118","osm_url":"https://www.openstreetmap.org/node/9983026118","source":"OpenStreetMap"}},{"type":"Feature","geometry":{"type":"Point","coordinates":[-0.0293908,51.5471209]},"properties":{"name":"Hackney Wick Underground","layer":"arts-centres","note":"OpenStreetMap","osm_id":"node/9995408575","osm_url":"https://www.openstreetmap.org/node/9995408575","source":"OpenStreetMap"}},{"type":"Feature","geometry":{"type":"Point","coordinates":[1.5881573,52.1644211]},"properties":{"name":"The Red House","layer":"arts-centres","note":"OpenStreetMap","osm_id":"relation/10602639","osm_url":"https://www.openstreetmap.org/relation/10602639","source":"OpenStreetMap"}},{"type":"Feature","geometry":{"type":"Point","coordinates":[-0.2265826,51.5146092]},"properties":{"name":"HQI","layer":"arts-centres","note":"OpenStreetMap","osm_id":"relation/12111767","osm_url":"https://www.openstreetmap.org/relation/12111767","source":"OpenStreetMap"}},{"type":"Feature","geometry":{"type":"Point","coordinates":[-1.4799901,52.9258236]},"properties":{"name":"Chapel Street Arts Centre","layer":"arts-centres","note":"Derby LIVE","osm_id":"relation/1267343","osm_url":"https://www.openstreetmap.org/relation/1267343","source":"OpenStreetMap","brand":"Derby LIVE"}},{"type":"Feature","geometry":{"type":"Point","coordinates":[-3.2212068,58.5503226]},"properties":{"name":"Lyth Arts Centre","layer":"arts-centres","note":"OpenStreetMap","osm_id":"relation/13677706","osm_url":"https://www.openstreetmap.org/relation/13677706","source":"OpenStreetMap"}},{"type":"Feature","geometry":{"type":"Point","coordinates":[-8.1764409,54.3044612]},"properties":{"name":"McKenna's","layer":"arts-centres","note":"OpenStreetMap","osm_id":"relation/14648517","osm_url":"https://www.openstreetmap.org/relation/14648517","source":"OpenStreetMap"}},{"type":"Feature","geometry":{"type":"Point","coordinates":[-0.116478,51.5056301]},"properties":{"name":"Southbank Centre","layer":"arts-centres","note":"OpenStreetMap","osm_id":"relation/1698905","osm_url":"https://www.openstreetmap.org/relation/1698905","source":"OpenStreetMap"}},{"type":"Feature","geometry":{"type":"Point","coordinates":[-6.3730388,53.2880876]},"properties":{"name":"Rua Red, South Dublin Arts Centre","layer":"arts-centres","note":"OpenStreetMap","osm_id":"relation/18694342","osm_url":"https://www.openstreetmap.org/relation/18694342","source":"OpenStreetMap"}},{"type":"Feature","geometry":{"type":"Point","coordinates":[-1.2591039,51.7509647]},"properties":{"name":"Modern Art Oxford","layer":"arts-centres","note":"Museum of Modern Art Ltd.","osm_id":"relation/2016425","osm_url":"https://www.openstreetmap.org/relation/2016425","source":"OpenStreetMap","brand":"Museum of Modern Art Ltd."}},{"type":"Feature","geometry":{"type":"Point","coordinates":[-0.1140048,51.5070283]},"properties":{"name":"National Theatre","layer":"arts-centres","note":"OpenStreetMap","osm_id":"relation/2023676","osm_url":"https://www.openstreetmap.org/relation/2023676","source":"OpenStreetMap"}},{"type":"Feature","geometry":{"type":"Point","coordinates":[-4.2179658,57.4778725]},"properties":{"name":"Inverness Creative Academy","layer":"arts-centres","note":"Wasps","osm_id":"way/1007305348","osm_url":"https://www.openstreetmap.org/way/1007305348","source":"OpenStreetMap","brand":"Wasps"}},{"type":"Feature","geometry":{"type":"Point","coordinates":[-0.07209,51.5659018]},"properties":{"name":"V22 Studios","layer":"arts-centres","note":"OpenStreetMap","osm_id":"way/1007597730","osm_url":"https://www.openstreetmap.org/way/1007597730","source":"OpenStreetMap"}},{"type":"Feature","geometry":{"type":"Point","coordinates":[-6.2649021,53.3244244]},"properties":{"name":"The MART Gallery","layer":"arts-centres","note":"OpenStreetMap","osm_id":"way/1017345050","osm_url":"https://www.openstreetmap.org/way/1017345050","source":"OpenStreetMap"}},{"type":"Feature","geometry":{"type":"Point","coordinates":[0.2782123,50.7969895]},"properties":{"name":"Hampden Park Shed","layer":"arts-centres","note":"OpenStreetMap","osm_id":"way/1021121059","osm_url":"https://www.openstreetmap.org/way/1021121059","source":"OpenStreetMap"}},{"type":"Feature","geometry":{"type":"Point","coordinates":[-0.4557349,52.6566529]},"properties":{"name":"Stamford Brass","layer":"arts-centres","note":"OpenStreetMap","osm_id":"way/1021414500","osm_url":"https://www.openstreetmap.org/way/1021414500","source":"OpenStreetMap"}},{"type":"Feature","geometry":{"type":"Point","coordinates":[-4.237189,55.8545996]},"properties":{"name":"Barras Art and Design","layer":"arts-centres","note":"OpenStreetMap","osm_id":"way/102147475","osm_url":"https://www.openstreetmap.org/way/102147475","source":"OpenStreetMap"}},{"type":"Feature","geometry":{"type":"Point","coordinates":[-0.0314016,51.5121188]},"properties":{"name":"Limehouse Town Hall","layer":"arts-centres","note":"Limehouse Town Hall Consortium Trust","osm_id":"way/102468236","osm_url":"https://www.openstreetmap.org/way/102468236","source":"OpenStreetMap","brand":"Limehouse Town Hall Consortium Trust"}},{"type":"Feature","geometry":{"type":"Point","coordinates":[1.2969304,52.6310695]},"properties":{"name":"Hungate Medieval Art","layer":"arts-centres","note":"Norwich Historic Churches Trust","osm_id":"way/103089198","osm_url":"https://www.openstreetmap.org/way/103089198","source":"OpenStreetMap","brand":"Norwich Historic Churches Trust"}},{"type":"Feature","geometry":{"type":"Point","coordinates":[1.2914139,52.6329671]},"properties":{"name":"The Oak Circus Centre","layer":"arts-centres","note":"OpenStreetMap","osm_id":"way/103089208","osm_url":"https://www.openstreetmap.org/way/103089208","source":"OpenStreetMap"}},{"type":"Feature","geometry":{"type":"Point","coordinates":[-1.1461247,52.947783]},"properties":{"name":"Hopkinson Gallery","layer":"arts-centres","note":"OpenStreetMap","osm_id":"way/103452789","osm_url":"https://www.openstreetmap.org/way/103452789","source":"OpenStreetMap"}},{"type":"Feature","geometry":{"type":"Point","coordinates":[1.4973044,52.6655117]},"properties":{"name":"Saint Lawrence's Centre for Training and the Arts","layer":"arts-centres","note":"OpenStreetMap","osm_id":"way/103635502","osm_url":"https://www.openstreetmap.org/way/103635502","source":"OpenStreetMap"}},{"type":"Feature","geometry":{"type":"Point","coordinates":[-1.4732395,53.3795911]},"properties":{"name":"The Art House","layer":"arts-centres","note":"OpenStreetMap","osm_id":"way/103745435","osm_url":"https://www.openstreetmap.org/way/103745435","source":"OpenStreetMap"}},{"type":"Feature","geometry":{"type":"Point","coordinates":[-1.4670329,53.3763798]},"properties":{"name":"Persistence Works","layer":"arts-centres","note":"Yorkshire ArtSpace Society","osm_id":"way/104029577","osm_url":"https://www.openstreetmap.org/way/104029577","source":"OpenStreetMap","brand":"Yorkshire ArtSpace Society"}},{"type":"Feature","geometry":{"type":"Point","coordinates":[-1.4683138,53.3762215]},"properties":{"name":"Archipelago","layer":"arts-centres","note":"OpenStreetMap","osm_id":"way/104036602","osm_url":"https://www.openstreetmap.org/way/104036602","source":"OpenStreetMap"}},{"type":"Feature","geometry":{"type":"Point","coordinates":[-2.1068828,57.1436553]},"properties":{"name":"Wasps Langstane Studios","layer":"arts-centres","note":"WASPS","osm_id":"way/1040741311","osm_url":"https://www.openstreetmap.org/way/1040741311","source":"OpenStreetMap","brand":"WASPS"}},{"type":"Feature","geometry":{"type":"Point","coordinates":[-2.6088485,51.4875619]},"properties":{"name":"Art-K","layer":"arts-centres","note":"OpenStreetMap","osm_id":"way/1040938211","osm_url":"https://www.openstreetmap.org/way/1040938211","source":"OpenStreetMap"}},{"type":"Feature","geometry":{"type":"Point","coordinates":[-0.5046278,53.7210408]},"properties":{"name":"Tom Harland","layer":"arts-centres","note":"OpenStreetMap","osm_id":"way/104835298","osm_url":"https://www.openstreetmap.org/way/104835298","source":"OpenStreetMap"}},{"type":"Feature","geometry":{"type":"Point","coordinates":[-0.0779827,51.4950638]},"properties":{"name":"Tannery Arts","layer":"arts-centres","note":"OpenStreetMap","osm_id":"way/1053284595","osm_url":"https://www.openstreetmap.org/way/1053284595","source":"OpenStreetMap"}},{"type":"Feature","geometry":{"type":"Point","coordinates":[-2.601558,51.4544686]},"properties":{"name":"Folk House","layer":"arts-centres","note":"OpenStreetMap","osm_id":"way/105564925","osm_url":"https://www.openstreetmap.org/way/105564925","source":"OpenStreetMap"}},{"type":"Feature","geometry":{"type":"Point","coordinates":[-0.1453716,51.5766112]},"properties":{"name":"Jacksons Lane","layer":"arts-centres","note":"OpenStreetMap","osm_id":"way/1068679022","osm_url":"https://www.openstreetmap.org/way/1068679022","source":"OpenStreetMap"}},{"type":"Feature","geometry":{"type":"Point","coordinates":[-1.7917659,51.0722733]},"properties":{"name":"Salisbury Arts Centre","layer":"arts-centres","note":"OpenStreetMap","osm_id":"way/106973477","osm_url":"https://www.openstreetmap.org/way/106973477","source":"OpenStreetMap"}},{"type":"Feature","geometry":{"type":"Point","coordinates":[-2.2306823,51.8613337]},"properties":{"name":"Colwell Arts Centre","layer":"arts-centres","note":"OpenStreetMap","osm_id":"way/107042606","osm_url":"https://www.openstreetmap.org/way/107042606","source":"OpenStreetMap"}},{"type":"Feature","geometry":{"type":"Point","coordinates":[-2.9508221,56.4315726]},"properties":{"name":"Forgan Arts Centre","layer":"arts-centres","note":"OpenStreetMap","osm_id":"way/1075414819","osm_url":"https://www.openstreetmap.org/way/1075414819","source":"OpenStreetMap"}},{"type":"Feature","geometry":{"type":"Point","coordinates":[-1.896402,52.4881118]},"properties":{"name":"Realtone Arts","layer":"arts-centres","note":"OpenStreetMap","osm_id":"way/107890780","osm_url":"https://www.openstreetmap.org/way/107890780","source":"OpenStreetMap"}},{"type":"Feature","geometry":{"type":"Point","coordinates":[-3.1686221,51.4914109]},"properties":{"name":"The Gate","layer":"arts-centres","note":"OpenStreetMap","osm_id":"way/108361836","osm_url":"https://www.openstreetmap.org/way/108361836","source":"OpenStreetMap"}},{"type":"Feature","geometry":{"type":"Point","coordinates":[-8.1756211,54.3059093]},"properties":{"name":"Leitrim Sculpture Centre","layer":"arts-centres","note":"OpenStreetMap","osm_id":"way/1085094172","osm_url":"https://www.openstreetmap.org/way/1085094172","source":"OpenStreetMap"}},{"type":"Feature","geometry":{"type":"Point","coordinates":[-8.1763944,54.3045691]},"properties":{"name":"Leitrim Sculpture Centre studios","layer":"arts-centres","note":"OpenStreetMap","osm_id":"way/1085282336","osm_url":"https://www.openstreetmap.org/way/1085282336","source":"OpenStreetMap"}},{"type":"Feature","geometry":{"type":"Point","coordinates":[-2.0719794,53.4462037]},"properties":{"name":"Studio 9","layer":"arts-centres","note":"OpenStreetMap","osm_id":"way/1089413103","osm_url":"https://www.openstreetmap.org/way/1089413103","source":"OpenStreetMap"}},{"type":"Feature","geometry":{"type":"Point","coordinates":[-2.2577281,53.478188]},"properties":{"name":"Aviva Studios","layer":"arts-centres","note":"Factory International","osm_id":"way/1089886229","osm_url":"https://www.openstreetmap.org/way/1089886229","source":"OpenStreetMap","brand":"Factory International"}},{"type":"Feature","geometry":{"type":"Point","coordinates":[-2.2187478,51.6946828]},"properties":{"name":"The Nutshell Studios","layer":"arts-centres","note":"OpenStreetMap","osm_id":"way/1090971807","osm_url":"https://www.openstreetmap.org/way/1090971807","source":"OpenStreetMap"}},{"type":"Feature","geometry":{"type":"Point","coordinates":[-1.6345478,55.0021808]},"properties":{"name":"Turpentyne fine art supply","layer":"arts-centres","note":"OpenStreetMap","osm_id":"way/1099789090","osm_url":"https://www.openstreetmap.org/way/1099789090","source":"OpenStreetMap"}},{"type":"Feature","geometry":{"type":"Point","coordinates":[-0.1231203,51.5182513]},"properties":{"name":"Pushkin House","layer":"arts-centres","note":"OpenStreetMap","osm_id":"way/1102574178","osm_url":"https://www.openstreetmap.org/way/1102574178","source":"OpenStreetMap"}},{"type":"Feature","geometry":{"type":"Point","coordinates":[-0.1369934,51.4665579]},"properties":{"name":"Arts centre","layer":"arts-centres","note":"OpenStreetMap","osm_id":"way/1106823469","osm_url":"https://www.openstreetmap.org/way/1106823469","source":"OpenStreetMap"}},{"type":"Feature","geometry":{"type":"Point","coordinates":[-2.7270414,53.5418918]},"properties":{"name":"Artz Centre","layer":"arts-centres","note":"OpenStreetMap","osm_id":"way/1117265289","osm_url":"https://www.openstreetmap.org/way/1117265289","source":"OpenStreetMap"}},{"type":"Feature","geometry":{"type":"Point","coordinates":[-3.1939751,51.9026705]},"properties":{"name":"Cwmdu Studios","layer":"arts-centres","note":"OpenStreetMap","osm_id":"way/1125739052","osm_url":"https://www.openstreetmap.org/way/1125739052","source":"OpenStreetMap"}},{"type":"Feature","geometry":{"type":"Point","coordinates":[-8.6284457,52.6588524]},"properties":{"name":"Limerick City Gallery of Art","layer":"arts-centres","note":"OpenStreetMap","osm_id":"way/112894614","osm_url":"https://www.openstreetmap.org/way/112894614","source":"OpenStreetMap"}},{"type":"Feature","geometry":{"type":"Point","coordinates":[1.3820754,51.3912692]},"properties":{"name":"Turner Contemporary Gallery","layer":"arts-centres","note":"OpenStreetMap","osm_id":"way/113280774","osm_url":"https://www.openstreetmap.org/way/113280774","source":"OpenStreetMap"}},{"type":"Feature","geometry":{"type":"Point","coordinates":[-0.9666535,51.4496286]},"properties":{"name":"Rising Sun Arts Centre","layer":"arts-centres","note":"OpenStreetMap","osm_id":"way/113510891","osm_url":"https://www.openstreetmap.org/way/113510891","source":"OpenStreetMap"}},{"type":"Feature","geometry":{"type":"Point","coordinates":[0.2181857,51.5650064]},"properties":{"name":"Fairkytes Arts Centre","layer":"arts-centres","note":"OpenStreetMap","osm_id":"way/1136006003","osm_url":"https://www.openstreetmap.org/way/1136006003","source":"OpenStreetMap"}},{"type":"Feature","geometry":{"type":"Point","coordinates":[-2.3591523,51.6895631]},"properties":{"name":"Kingshill House Creative Centre","layer":"arts-centres","note":"OpenStreetMap","osm_id":"way/1136013206","osm_url":"https://www.openstreetmap.org/way/1136013206","source":"OpenStreetMap"}},{"type":"Feature","geometry":{"type":"Point","coordinates":[-4.2262328,55.8647504]},"properties":{"name":"WASPS Hanson Street Studios","layer":"arts-centres","note":"WASPS","osm_id":"way/114451831","osm_url":"https://www.openstreetmap.org/way/114451831","source":"OpenStreetMap","brand":"WASPS"}},{"type":"Feature","geometry":{"type":"Point","coordinates":[-1.7554637,53.7928777]},"properties":{"name":"Impressions Gallery","layer":"arts-centres","note":"OpenStreetMap","osm_id":"way/1149961621","osm_url":"https://www.openstreetmap.org/way/1149961621","source":"OpenStreetMap"}},{"type":"Feature","geometry":{"type":"Point","coordinates":[0.0517521,51.5862346]},"properties":{"name":"Arts centre","layer":"arts-centres","note":"OpenStreetMap","osm_id":"way/1150823456","osm_url":"https://www.openstreetmap.org/way/1150823456","source":"OpenStreetMap"}},{"type":"Feature","geometry":{"type":"Point","coordinates":[-2.8094479,55.6181254]},"properties":{"name":"MacArts","layer":"arts-centres","note":"OpenStreetMap","osm_id":"way/1151640020","osm_url":"https://www.openstreetmap.org/way/1151640020","source":"OpenStreetMap"}},{"type":"Feature","geometry":{"type":"Point","coordinates":[-1.47562,52.9219407]},"properties":{"name":"Artcore","layer":"arts-centres","note":"OpenStreetMap","osm_id":"way/116036488","osm_url":"https://www.openstreetmap.org/way/116036488","source":"OpenStreetMap"}},{"type":"Feature","geometry":{"type":"Point","coordinates":[-1.1143211,53.0437512]},"properties":{"name":"Patchings Art Centre","layer":"arts-centres","note":"OpenStreetMap","osm_id":"way/1160536943","osm_url":"https://www.openstreetmap.org/way/1160536943","source":"OpenStreetMap"}},{"type":"Feature","geometry":{"type":"Point","coordinates":[-4.2554527,55.8596422]},"properties":{"name":"The Lighthouse","layer":"arts-centres","note":"OpenStreetMap","osm_id":"way/116391589","osm_url":"https://www.openstreetmap.org/way/116391589","source":"OpenStreetMap"}},{"type":"Feature","geometry":{"type":"Point","coordinates":[-2.7544861,52.7074066]},"properties":{"name":"Old Market Hall","layer":"arts-centres","note":"OpenStreetMap","osm_id":"way/116578739","osm_url":"https://www.openstreetmap.org/way/116578739","source":"OpenStreetMap"}},{"type":"Feature","geometry":{"type":"Point","coordinates":[-0.0426032,51.5502689]},"properties":{"name":"Chats Palace","layer":"arts-centres","note":"OpenStreetMap","osm_id":"way/116953211","osm_url":"https://www.openstreetmap.org/way/116953211","source":"OpenStreetMap"}},{"type":"Feature","geometry":{"type":"Point","coordinates":[-3.0026672,51.1294024]},"properties":{"name":"Bridgwater Arts Centre","layer":"arts-centres","note":"OpenStreetMap","osm_id":"way/117012792","osm_url":"https://www.openstreetmap.org/way/117012792","source":"OpenStreetMap"}},{"type":"Feature","geometry":{"type":"Point","coordinates":[0.0017342,51.5427409]},"properties":{"name":"The Source","layer":"arts-centres","note":"University of East London;London Borough of Newham","osm_id":"way/117361134","osm_url":"https://www.openstreetmap.org/way/117361134","source":"OpenStreetMap","brand":"University of East London;London Borough of Newham"}},{"type":"Feature","geometry":{"type":"Point","coordinates":[-6.9722633,54.2475356]},"properties":{"name":"The Markethouse","layer":"arts-centres","note":"OpenStreetMap","osm_id":"way/117402515","osm_url":"https://www.openstreetmap.org/way/117402515","source":"OpenStreetMap"}},{"type":"Feature","geometry":{"type":"Point","coordinates":[-4.2373674,55.8560352]},"properties":{"name":"Arts centre","layer":"arts-centres","note":"OpenStreetMap","osm_id":"way/118095758","osm_url":"https://www.openstreetmap.org/way/118095758","source":"OpenStreetMap"}},{"type":"Feature","geometry":{"type":"Point","coordinates":[-0.1121537,51.5018685]},"properties":{"name":"Network Theatre","layer":"arts-centres","note":"OpenStreetMap","osm_id":"way/1181338619","osm_url":"https://www.openstreetmap.org/way/1181338619","source":"OpenStreetMap"}},{"type":"Feature","geometry":{"type":"Point","coordinates":[-1.8559553,53.72162]},"properties":{"name":"Square Chapel Centre For The Arts","layer":"arts-centres","note":"OpenStreetMap","osm_id":"way/118508272","osm_url":"https://www.openstreetmap.org/way/118508272","source":"OpenStreetMap"}},{"type":"Feature","geometry":{"type":"Point","coordinates":[-0.2923647,51.4746556]},"properties":{"name":"Shirley Sherwood Gallery","layer":"arts-centres","note":"OpenStreetMap","osm_id":"way/118520866","osm_url":"https://www.openstreetmap.org/way/118520866","source":"OpenStreetMap"}},{"type":"Feature","geometry":{"type":"Point","coordinates":[-0.769631,51.2479441]},"properties":{"name":"West End Centre","layer":"arts-centres","note":"OpenStreetMap","osm_id":"way/1186854360","osm_url":"https://www.openstreetmap.org/way/1186854360","source":"OpenStreetMap"}},{"type":"Feature","geometry":{"type":"Point","coordinates":[-0.1270485,51.495976]},"properties":{"name":"Smith Square Hall","layer":"arts-centres","note":"OpenStreetMap","osm_id":"way/118720812","osm_url":"https://www.openstreetmap.org/way/118720812","source":"OpenStreetMap"}},{"type":"Feature","geometry":{"type":"Point","coordinates":[-0.1910195,50.8363233]},"properties":{"name":"West Hove Studio","layer":"arts-centres","note":"OpenStreetMap","osm_id":"way/1191467855","osm_url":"https://www.openstreetmap.org/way/1191467855","source":"OpenStreetMap"}},{"type":"Feature","geometry":{"type":"Point","coordinates":[-8.217954,53.0942199]},"properties":{"name":"An Ghairdín","layer":"arts-centres","note":"OpenStreetMap","osm_id":"way/120082258","osm_url":"https://www.openstreetmap.org/way/120082258","source":"OpenStreetMap"}},{"type":"Feature","geometry":{"type":"Point","coordinates":[-2.3604457,51.3795875]},"properties":{"name":"Chapel Arts Centre","layer":"arts-centres","note":"OpenStreetMap","osm_id":"way/120530684","osm_url":"https://www.openstreetmap.org/way/120530684","source":"OpenStreetMap"}},{"type":"Feature","geometry":{"type":"Point","coordinates":[-1.4723548,53.3868937]},"properties":{"name":"Compass Thaetre Company","layer":"arts-centres","note":"OpenStreetMap","osm_id":"way/1208527194","osm_url":"https://www.openstreetmap.org/way/1208527194","source":"OpenStreetMap"}},{"type":"Feature","geometry":{"type":"Point","coordinates":[-1.4624225,53.3884909]},"properties":{"name":"Manor Operatic Society","layer":"arts-centres","note":"OpenStreetMap","osm_id":"way/1211582795","osm_url":"https://www.openstreetmap.org/way/1211582795","source":"OpenStreetMap"}},{"type":"Feature","geometry":{"type":"Point","coordinates":[-1.4619219,53.3847947]},"properties":{"name":"Yorkshire Artspace- Exchange Place Studios","layer":"arts-centres","note":"OpenStreetMap","osm_id":"way/1214319009","osm_url":"https://www.openstreetmap.org/way/1214319009","source":"OpenStreetMap"}},{"type":"Feature","geometry":{"type":"Point","coordinates":[-7.4939961,53.2734907]},"properties":{"name":"Esker Arts Centre","layer":"arts-centres","note":"OpenStreetMap","osm_id":"way/1215178952","osm_url":"https://www.openstreetmap.org/way/1215178952","source":"OpenStreetMap"}},{"type":"Feature","geometry":{"type":"Point","coordinates":[-1.5036604,53.4047531]},"properties":{"name":"RivelinCo Neighbourhood Arts Space","layer":"arts-centres","note":"OpenStreetMap","osm_id":"way/1216315932","osm_url":"https://www.openstreetmap.org/way/1216315932","source":"OpenStreetMap"}},{"type":"Feature","geometry":{"type":"Point","coordinates":[-4.2496392,55.8543802]},"properties":{"name":"WASPS The Briggait","layer":"arts-centres","note":"WASPS","osm_id":"way/121762285","osm_url":"https://www.openstreetmap.org/way/121762285","source":"OpenStreetMap","brand":"WASPS"}},{"type":"Feature","geometry":{"type":"Point","coordinates":[-1.2403951,54.5791458]},"properties":{"name":"The Auxiliary","layer":"arts-centres","note":"OpenStreetMap","osm_id":"way/1220150109","osm_url":"https://www.openstreetmap.org/way/1220150109","source":"OpenStreetMap"}},{"type":"Feature","geometry":{"type":"Point","coordinates":[-1.7358819,54.5468008]},"properties":{"name":"Gainford Arts Centre","layer":"arts-centres","note":"OpenStreetMap","osm_id":"way/1226870612","osm_url":"https://www.openstreetmap.org/way/1226870612","source":"OpenStreetMap"}},{"type":"Feature","geometry":{"type":"Point","coordinates":[-0.6415291,53.5922934]},"properties":{"name":"Visual Arts Centre","layer":"arts-centres","note":"OpenStreetMap","osm_id":"way/1227211753","osm_url":"https://www.openstreetmap.org/way/1227211753","source":"OpenStreetMap"}},{"type":"Feature","geometry":{"type":"Point","coordinates":[-3.0206812,51.8260121]},"properties":{"name":"The Melville Centre","layer":"arts-centres","note":"OpenStreetMap","osm_id":"way/1230214677","osm_url":"https://www.openstreetmap.org/way/1230214677","source":"OpenStreetMap"}},{"type":"Feature","geometry":{"type":"Point","coordinates":[-8.3474543,52.0081112]},"properties":{"name":"First Fruits Arts Centre","layer":"arts-centres","note":"OpenStreetMap","osm_id":"way/1231705980","osm_url":"https://www.openstreetmap.org/way/1231705980","source":"OpenStreetMap"}},{"type":"Feature","geometry":{"type":"Point","coordinates":[-2.120627,52.4918189]},"properties":{"name":"Acorn Performing Arts","layer":"arts-centres","note":"OpenStreetMap","osm_id":"way/1239661973","osm_url":"https://www.openstreetmap.org/way/1239661973","source":"OpenStreetMap"}},{"type":"Feature","geometry":{"type":"Point","coordinates":[-2.5953521,51.4546582]},"properties":{"name":"centrespace","layer":"arts-centres","note":"OpenStreetMap","osm_id":"way/123971631","osm_url":"https://www.openstreetmap.org/way/123971631","source":"OpenStreetMap"}},{"type":"Feature","geometry":{"type":"Point","coordinates":[-2.5972851,51.449304]},"properties":{"name":"Arnolfini","layer":"arts-centres","note":"OpenStreetMap","osm_id":"way/123982876","osm_url":"https://www.openstreetmap.org/way/123982876","source":"OpenStreetMap"}},{"type":"Feature","geometry":{"type":"Point","coordinates":[-6.1892096,53.2324174]},"properties":{"name":"The Kilternan Gallery","layer":"arts-centres","note":"OpenStreetMap","osm_id":"way/124745143","osm_url":"https://www.openstreetmap.org/way/124745143","source":"OpenStreetMap"}},{"type":"Feature","geometry":{"type":"Point","coordinates":[-2.27898,54.0688078]},"properties":{"name":"Victoria Hall","layer":"arts-centres","note":"OpenStreetMap","osm_id":"way/124907649","osm_url":"https://www.openstreetmap.org/way/124907649","source":"OpenStreetMap"}},{"type":"Feature","geometry":{"type":"Point","coordinates":[0.6341757,52.7039629]},"properties":{"name":"The Prop Store","layer":"arts-centres","note":"OpenStreetMap","osm_id":"way/1252494546","osm_url":"https://www.openstreetmap.org/way/1252494546","source":"OpenStreetMap"}},{"type":"Feature","geometry":{"type":"Point","coordinates":[0.633895,52.7041759]},"properties":{"name":"The Green Room","layer":"arts-centres","note":"OpenStreetMap","osm_id":"way/1252494548","osm_url":"https://www.openstreetmap.org/way/1252494548","source":"OpenStreetMap"}},{"type":"Feature","geometry":{"type":"Point","coordinates":[-2.5660238,51.4457854]},"properties":{"name":"Wake the Tiger","layer":"arts-centres","note":"OpenStreetMap","osm_id":"way/125759267","osm_url":"https://www.openstreetmap.org/way/125759267","source":"OpenStreetMap"}},{"type":"Feature","geometry":{"type":"Point","coordinates":[-2.0592586,52.5210748]},"properties":{"name":"Conygre Arts Centre","layer":"arts-centres","note":"OpenStreetMap","osm_id":"way/1272210206","osm_url":"https://www.openstreetmap.org/way/1272210206","source":"OpenStreetMap"}},{"type":"Feature","geometry":{"type":"Point","coordinates":[0.9593843,51.8561555]},"properties":{"name":"Old Grocery","layer":"arts-centres","note":"OpenStreetMap","osm_id":"way/1272982607","osm_url":"https://www.openstreetmap.org/way/1272982607","source":"OpenStreetMap"}},{"type":"Feature","geometry":{"type":"Point","coordinates":[-1.4970482,52.4201868]},"properties":{"name":"Arts centre","layer":"arts-centres","note":"OpenStreetMap","osm_id":"way/1279075055","osm_url":"https://www.openstreetmap.org/way/1279075055","source":"OpenStreetMap"}},{"type":"Feature","geometry":{"type":"Point","coordinates":[-1.0863729,53.9630187]},"properties":{"name":"York Art Gallery","layer":"arts-centres","note":"OpenStreetMap","osm_id":"way/128245106","osm_url":"https://www.openstreetmap.org/way/128245106","source":"OpenStreetMap"}},{"type":"Feature","geometry":{"type":"Point","coordinates":[-3.0519483,54.3468211]},"properties":{"name":"Lawson Park","layer":"arts-centres","note":"OpenStreetMap","osm_id":"way/128929005","osm_url":"https://www.openstreetmap.org/way/128929005","source":"OpenStreetMap"}},{"type":"Feature","geometry":{"type":"Point","coordinates":[1.0949058,51.7726778]},"properties":{"name":"Martello Tower C","layer":"arts-centres","note":"OpenStreetMap","osm_id":"way/129092053","osm_url":"https://www.openstreetmap.org/way/129092053","source":"OpenStreetMap"}},{"type":"Feature","geometry":{"type":"Point","coordinates":[-2.0220655,52.5505049]},"properties":{"name":"Wednesbury Museum & Art Gallery","layer":"arts-centres","note":"OpenStreetMap","osm_id":"way/1299561416","osm_url":"https://www.openstreetmap.org/way/1299561416","source":"OpenStreetMap"}},{"type":"Feature","geometry":{"type":"Point","coordinates":[-2.5151641,50.9506275]},"properties":{"name":"The Sherborne","layer":"arts-centres","note":"OpenStreetMap","osm_id":"way/1302756744","osm_url":"https://www.openstreetmap.org/way/1302756744","source":"OpenStreetMap"}},{"type":"Feature","geometry":{"type":"Point","coordinates":[-2.6106138,51.4470905]},"properties":{"name":"Spike Island","layer":"arts-centres","note":"OpenStreetMap","osm_id":"way/130404546","osm_url":"https://www.openstreetmap.org/way/130404546","source":"OpenStreetMap"}},{"type":"Feature","geometry":{"type":"Point","coordinates":[-6.2589007,53.3635648]},"properties":{"name":"Arts and Business Campus","layer":"arts-centres","note":"OpenStreetMap","osm_id":"way/130781895","osm_url":"https://www.openstreetmap.org/way/130781895","source":"OpenStreetMap"}},{"type":"Feature","geometry":{"type":"Point","coordinates":[-1.4775732,52.9233693]},"properties":{"name":"Department Store & Co","layer":"arts-centres","note":"OpenStreetMap","osm_id":"way/130858347","osm_url":"https://www.openstreetmap.org/way/130858347","source":"OpenStreetMap"}},{"type":"Feature","geometry":{"type":"Point","coordinates":[-2.0055085,52.5243468]},"properties":{"name":"YMCA Artist Hub","layer":"arts-centres","note":"OpenStreetMap","osm_id":"way/1320388468","osm_url":"https://www.openstreetmap.org/way/1320388468","source":"OpenStreetMap"}},{"type":"Feature","geometry":{"type":"Point","coordinates":[-4.8548927,56.0345364]},"properties":{"name":"Cove Park","layer":"arts-centres","note":"OpenStreetMap","osm_id":"way/1324500067","osm_url":"https://www.openstreetmap.org/way/1324500067","source":"OpenStreetMap"}},{"type":"Feature","geometry":{"type":"Point","coordinates":[-1.2621792,51.7537163]},"properties":{"name":"Old Fire Station","layer":"arts-centres","note":"ARTS AT THE OLD FIRE STATION","osm_id":"way/1327549283","osm_url":"https://www.openstreetmap.org/way/1327549283","source":"OpenStreetMap","brand":"ARTS AT THE OLD FIRE STATION"}},{"type":"Feature","geometry":{"type":"Point","coordinates":[-9.505006,52.0583038]},"properties":{"name":"ANAM Arts & Cultural Centre","layer":"arts-centres","note":"Kerry County Council","osm_id":"way/1328244611","osm_url":"https://www.openstreetmap.org/way/1328244611","source":"OpenStreetMap","brand":"Kerry County Council"}},{"type":"Feature","geometry":{"type":"Point","coordinates":[0.281286,51.6376226]},"properties":{"name":"Brentwood Arts Therapy Centre","layer":"arts-centres","note":"OpenStreetMap","osm_id":"way/1334260271","osm_url":"https://www.openstreetmap.org/way/1334260271","source":"OpenStreetMap"}},{"type":"Feature","geometry":{"type":"Point","coordinates":[-0.4748199,52.1352089]},"properties":{"name":"Bedford iCreate","layer":"arts-centres","note":"OpenStreetMap","osm_id":"way/133514444","osm_url":"https://www.openstreetmap.org/way/133514444","source":"OpenStreetMap"}},{"type":"Feature","geometry":{"type":"Point","coordinates":[-3.2539339,55.9711922]},"properties":{"name":"North Edinburgh Arts","layer":"arts-centres","note":"OpenStreetMap","osm_id":"way/134458778","osm_url":"https://www.openstreetmap.org/way/134458778","source":"OpenStreetMap"}},{"type":"Feature","geometry":{"type":"Point","coordinates":[-1.5143773,55.1257155]},"properties":{"name":"Headway Arts","layer":"arts-centres","note":"OpenStreetMap","osm_id":"way/134967052","osm_url":"https://www.openstreetmap.org/way/134967052","source":"OpenStreetMap"}},{"type":"Feature","geometry":{"type":"Point","coordinates":[-2.2107655,51.6998291]},"properties":{"name":"Performing Arts Centre","layer":"arts-centres","note":"OpenStreetMap","osm_id":"way/1363288279","osm_url":"https://www.openstreetmap.org/way/1363288279","source":"OpenStreetMap"}},{"type":"Feature","geometry":{"type":"Point","coordinates":[-1.4744228,53.3709442]},"properties":{"name":"CADS","layer":"arts-centres","note":"OpenStreetMap","osm_id":"way/1363881080","osm_url":"https://www.openstreetmap.org/way/1363881080","source":"OpenStreetMap"}},{"type":"Feature","geometry":{"type":"Point","coordinates":[-0.0055972,51.5130805]},"properties":{"name":"The People Speak","layer":"arts-centres","note":"OpenStreetMap","osm_id":"way/1370891011","osm_url":"https://www.openstreetmap.org/way/1370891011","source":"OpenStreetMap"}},{"type":"Feature","geometry":{"type":"Point","coordinates":[-1.8822743,52.476632]},"properties":{"name":"Eastide Projects Art Gallery","layer":"arts-centres","note":"OpenStreetMap","osm_id":"way/137322605","osm_url":"https://www.openstreetmap.org/way/137322605","source":"OpenStreetMap"}},{"type":"Feature","geometry":{"type":"Point","coordinates":[-0.1420087,50.8227524]},"properties":{"name":"Fabrica","layer":"arts-centres","note":"OpenStreetMap","osm_id":"way/137526152","osm_url":"https://www.openstreetmap.org/way/137526152","source":"OpenStreetMap"}},{"type":"Feature","geometry":{"type":"Point","coordinates":[-0.1998535,51.892523]},"properties":{"name":"Stevenage Community Arts Centre","layer":"arts-centres","note":"OpenStreetMap","osm_id":"way/137695895","osm_url":"https://www.openstreetmap.org/way/137695895","source":"OpenStreetMap"}},{"type":"Feature","geometry":{"type":"Point","coordinates":[-2.0915065,57.1468173]},"properties":{"name":"Eagle House","layer":"arts-centres","note":"WASPS","osm_id":"way/1380982140","osm_url":"https://www.openstreetmap.org/way/1380982140","source":"OpenStreetMap","brand":"WASPS"}},{"type":"Feature","geometry":{"type":"Point","coordinates":[-2.525554,51.606079]},"properties":{"name":"The Armstrong","layer":"arts-centres","note":"OpenStreetMap","osm_id":"way/1384963402","osm_url":"https://www.openstreetmap.org/way/1384963402","source":"OpenStreetMap"}},{"type":"Feature","geometry":{"type":"Point","coordinates":[-0.0559287,51.5924499]},"properties":{"name":"Unit 58","layer":"arts-centres","note":"OpenStreetMap","osm_id":"way/1385783585","osm_url":"https://www.openstreetmap.org/way/1385783585","source":"OpenStreetMap"}},{"type":"Feature","geometry":{"type":"Point","coordinates":[-2.1232101,52.5875809]},"properties":{"name":"The Lighthouse Media Centre","layer":"arts-centres","note":"OpenStreetMap","osm_id":"way/140385466","osm_url":"https://www.openstreetmap.org/way/140385466","source":"OpenStreetMap"}},{"type":"Feature","geometry":{"type":"Point","coordinates":[-4.4649949,50.4541435]},"properties":{"name":"Stuart House","layer":"arts-centres","note":"OpenStreetMap","osm_id":"way/140692398","osm_url":"https://www.openstreetmap.org/way/140692398","source":"OpenStreetMap"}},{"type":"Feature","geometry":{"type":"Point","coordinates":[-0.8047001,51.215357]},"properties":{"name":"Crafts Study Centre","layer":"arts-centres","note":"OpenStreetMap","osm_id":"way/1422545913","osm_url":"https://www.openstreetmap.org/way/1422545913","source":"OpenStreetMap"}},{"type":"Feature","geometry":{"type":"Point","coordinates":[-2.2971753,53.5931532]},"properties":{"name":"The Met","layer":"arts-centres","note":"OpenStreetMap","osm_id":"way/143823043","osm_url":"https://www.openstreetmap.org/way/143823043","source":"OpenStreetMap"}},{"type":"Feature","geometry":{"type":"Point","coordinates":[-4.4833317,54.161615]},"properties":{"name":"Isle of Man Arts Centre","layer":"arts-centres","note":"OpenStreetMap","osm_id":"way/1450360280","osm_url":"https://www.openstreetmap.org/way/1450360280","source":"OpenStreetMap"}},{"type":"Feature","geometry":{"type":"Point","coordinates":[-2.5999472,51.4438005]},"properties":{"name":"Southbank Club","layer":"arts-centres","note":"OpenStreetMap","osm_id":"way/145210577","osm_url":"https://www.openstreetmap.org/way/145210577","source":"OpenStreetMap"}},{"type":"Feature","geometry":{"type":"Point","coordinates":[-1.5992253,54.9764885]},"properties":{"name":"Shieldfield Art Works","layer":"arts-centres","note":"OpenStreetMap","osm_id":"way/145614669","osm_url":"https://www.openstreetmap.org/way/145614669","source":"OpenStreetMap"}},{"type":"Feature","geometry":{"type":"Point","coordinates":[-1.6094837,54.9750263]},"properties":{"name":"Laing Art Gallery","layer":"arts-centres","note":"OpenStreetMap","osm_id":"way/145633689","osm_url":"https://www.openstreetmap.org/way/145633689","source":"OpenStreetMap"}},{"type":"Feature","geometry":{"type":"Point","coordinates":[-4.6921665,54.2222051]},"properties":{"name":"Centenery Centre","layer":"arts-centres","note":"OpenStreetMap","osm_id":"way/147183357","osm_url":"https://www.openstreetmap.org/way/147183357","source":"OpenStreetMap"}},{"type":"Feature","geometry":{"type":"Point","coordinates":[-7.8443676,51.9517518]},"properties":{"name":"Mall Art Center","layer":"arts-centres","note":"OpenStreetMap","osm_id":"way/148311538","osm_url":"https://www.openstreetmap.org/way/148311538","source":"OpenStreetMap"}},{"type":"Feature","geometry":{"type":"Point","coordinates":[-0.0927344,51.5237183]},"properties":{"name":"Arts centre","layer":"arts-centres","note":"OpenStreetMap","osm_id":"way/1484152008","osm_url":"https://www.openstreetmap.org/way/1484152008","source":"OpenStreetMap"}},{"type":"Feature","geometry":{"type":"Point","coordinates":[-0.1598752,51.3705515]},"properties":{"name":"Vellum Mill Gallery","layer":"arts-centres","note":"OpenStreetMap","osm_id":"way/149021544","osm_url":"https://www.openstreetmap.org/way/149021544","source":"OpenStreetMap"}},{"type":"Feature","geometry":{"type":"Point","coordinates":[0.9060845,51.8888957]},"properties":{"name":"Firstsite Gallery Colchester","layer":"arts-centres","note":"OpenStreetMap","osm_id":"way/1493514787","osm_url":"https://www.openstreetmap.org/way/1493514787","source":"OpenStreetMap"}},{"type":"Feature","geometry":{"type":"Point","coordinates":[-1.7114706,54.9624144]},"properties":{"name":"Marron Theatre Arts Centre","layer":"arts-centres","note":"OpenStreetMap","osm_id":"way/1496667255","osm_url":"https://www.openstreetmap.org/way/1496667255","source":"OpenStreetMap"}},{"type":"Feature","geometry":{"type":"Point","coordinates":[-7.8607083,51.9539358]},"properties":{"name":"Brú na Sí","layer":"arts-centres","note":"Comhaltas Ceoltóirí Éireann","osm_id":"way/150786752","osm_url":"https://www.openstreetmap.org/way/150786752","source":"OpenStreetMap","brand":"Comhaltas Ceoltóirí Éireann"}},{"type":"Feature","geometry":{"type":"Point","coordinates":[-0.2070521,51.489831]},"properties":{"name":"Bharatiya Vidya Bhavan","layer":"arts-centres","note":"OpenStreetMap","osm_id":"way/151526843","osm_url":"https://www.openstreetmap.org/way/151526843","source":"OpenStreetMap"}},{"type":"Feature","geometry":{"type":"Point","coordinates":[-1.8270639,52.6829265]},"properties":{"name":"Guildhall","layer":"arts-centres","note":"OpenStreetMap","osm_id":"way/151889765","osm_url":"https://www.openstreetmap.org/way/151889765","source":"OpenStreetMap"}},{"type":"Feature","geometry":{"type":"Point","coordinates":[-8.9876989,53.9745427]},"properties":{"name":"Hennigan's Heritage Centre","layer":"arts-centres","note":"OpenStreetMap","osm_id":"way/1523082243","osm_url":"https://www.openstreetmap.org/way/1523082243","source":"OpenStreetMap"}},{"type":"Feature","geometry":{"type":"Point","coordinates":[1.2014457,52.5927828]},"properties":{"name":"Brick Kiln Pottery & Creative Space","layer":"arts-centres","note":"Brick Kiln Pottery & Creative Space","osm_id":"way/1530411216","osm_url":"https://www.openstreetmap.org/way/1530411216","source":"OpenStreetMap","brand":"Brick Kiln Pottery & Creative Space"}},{"type":"Feature","geometry":{"type":"Point","coordinates":[-8.4570595,51.9042376]},"properties":{"name":"Saint Luke's Church","layer":"arts-centres","note":"OpenStreetMap","osm_id":"way/153662741","osm_url":"https://www.openstreetmap.org/way/153662741","source":"OpenStreetMap"}},{"type":"Feature","geometry":{"type":"Point","coordinates":[1.2879786,52.6316318]},"properties":{"name":"Norwich Arts Centre","layer":"arts-centres","note":"OpenStreetMap","osm_id":"way/1536710287","osm_url":"https://www.openstreetmap.org/way/1536710287","source":"OpenStreetMap"}},{"type":"Feature","geometry":{"type":"Point","coordinates":[-2.781883,54.0404743]},"properties":{"name":"Turning Point Theatre Arts","layer":"arts-centres","note":"OpenStreetMap","osm_id":"way/154850087","osm_url":"https://www.openstreetmap.org/way/154850087","source":"OpenStreetMap"}},{"type":"Feature","geometry":{"type":"Point","coordinates":[-2.8089346,52.5370063]},"properties":{"name":"Silvester Horne Institute","layer":"arts-centres","note":"OpenStreetMap","osm_id":"way/155605703","osm_url":"https://www.openstreetmap.org/way/155605703","source":"OpenStreetMap"}},{"type":"Feature","geometry":{"type":"Point","coordinates":[-7.1436123,52.2598522]},"properties":{"name":"Spraoi Studios","layer":"arts-centres","note":"OpenStreetMap","osm_id":"way/156260748","osm_url":"https://www.openstreetmap.org/way/156260748","source":"OpenStreetMap"}},{"type":"Feature","geometry":{"type":"Point","coordinates":[-1.7108052,52.1925897]},"properties":{"name":"Stratford Playhouse","layer":"arts-centres","note":"OpenStreetMap","osm_id":"way/158005186","osm_url":"https://www.openstreetmap.org/way/158005186","source":"OpenStreetMap"}},{"type":"Feature","geometry":{"type":"Point","coordinates":[1.2289234,52.4900527]},"properties":{"name":"LSHS - Performing Arts Centre","layer":"arts-centres","note":"OpenStreetMap","osm_id":"way/162571097","osm_url":"https://www.openstreetmap.org/way/162571097","source":"OpenStreetMap"}},{"type":"Feature","geometry":{"type":"Point","coordinates":[0.2583779,51.1271177]},"properties":{"name":"The Forum","layer":"arts-centres","note":"OpenStreetMap","osm_id":"way/162961785","osm_url":"https://www.openstreetmap.org/way/162961785","source":"OpenStreetMap"}},{"type":"Feature","geometry":{"type":"Point","coordinates":[-3.2065815,55.9590124]},"properties":{"name":"Patriothall Studios and Gallery","layer":"arts-centres","note":"WASPS","osm_id":"way/164088831","osm_url":"https://www.openstreetmap.org/way/164088831","source":"OpenStreetMap","brand":"WASPS"}},{"type":"Feature","geometry":{"type":"Point","coordinates":[-1.7811205,51.5594092]},"properties":{"name":"Artsite","layer":"arts-centres","note":"OpenStreetMap","osm_id":"way/164109762","osm_url":"https://www.openstreetmap.org/way/164109762","source":"OpenStreetMap"}},{"type":"Feature","geometry":{"type":"Point","coordinates":[-2.0819432,51.8982277]},"properties":{"name":"Parabola Arts Centre","layer":"arts-centres","note":"OpenStreetMap","osm_id":"way/166369919","osm_url":"https://www.openstreetmap.org/way/166369919","source":"OpenStreetMap"}},{"type":"Feature","geometry":{"type":"Point","coordinates":[-7.8884045,52.5212002]},"properties":{"name":"Brú Ború","layer":"arts-centres","note":"Comhaltas Ceoltóirí Éireann","osm_id":"way/169802754","osm_url":"https://www.openstreetmap.org/way/169802754","source":"OpenStreetMap","brand":"Comhaltas Ceoltóirí Éireann"}},{"type":"Feature","geometry":{"type":"Point","coordinates":[-0.0221393,51.5429337]},"properties":{"name":"White Building","layer":"arts-centres","note":"OpenStreetMap","osm_id":"way/170233288","osm_url":"https://www.openstreetmap.org/way/170233288","source":"OpenStreetMap"}},{"type":"Feature","geometry":{"type":"Point","coordinates":[0.7314678,52.0386372]},"properties":{"name":"St Peter's Cultural Venue","layer":"arts-centres","note":"OpenStreetMap","osm_id":"way/170919807","osm_url":"https://www.openstreetmap.org/way/170919807","source":"OpenStreetMap"}},{"type":"Feature","geometry":{"type":"Point","coordinates":[-2.3231475,51.2295548]},"properties":{"name":"Rook Lane Chapel","layer":"arts-centres","note":"OpenStreetMap","osm_id":"way/171572812","osm_url":"https://www.openstreetmap.org/way/171572812","source":"OpenStreetMap"}},{"type":"Feature","geometry":{"type":"Point","coordinates":[-1.1506245,52.9626359]},"properties":{"name":"Switch Studios","layer":"arts-centres","note":"OpenStreetMap","osm_id":"way/174630191","osm_url":"https://www.openstreetmap.org/way/174630191","source":"OpenStreetMap"}},{"type":"Feature","geometry":{"type":"Point","coordinates":[-2.7577242,50.73304]},"properties":{"name":"Bridport Arts Centre","layer":"arts-centres","note":"OpenStreetMap","osm_id":"way/176386258","osm_url":"https://www.openstreetmap.org/way/176386258","source":"OpenStreetMap"}},{"type":"Feature","geometry":{"type":"Point","coordinates":[-7.3402699,53.5237604]},"properties":{"name":"Mullingar Arts Centre","layer":"arts-centres","note":"OpenStreetMap","osm_id":"way/176492200","osm_url":"https://www.openstreetmap.org/way/176492200","source":"OpenStreetMap"}},{"type":"Feature","geometry":{"type":"Point","coordinates":[-2.497951,54.3218987]},"properties":{"name":"Farfield Mill","layer":"arts-centres","note":"OpenStreetMap","osm_id":"way/179632865","osm_url":"https://www.openstreetmap.org/way/179632865","source":"OpenStreetMap"}},{"type":"Feature","geometry":{"type":"Point","coordinates":[-4.4171122,52.8892795]},"properties":{"name":"Neuadd Dwyfor","layer":"arts-centres","note":"OpenStreetMap","osm_id":"way/182603603","osm_url":"https://www.openstreetmap.org/way/182603603","source":"OpenStreetMap"}},{"type":"Feature","geometry":{"type":"Point","coordinates":[-5.9274777,54.6035707]},"properties":{"name":"The MAC","layer":"arts-centres","note":"OpenStreetMap","osm_id":"way/182844121","osm_url":"https://www.openstreetmap.org/way/182844121","source":"OpenStreetMap"}},{"type":"Feature","geometry":{"type":"Point","coordinates":[-2.5984057,51.4571509]},"properties":{"name":"The Mount Without","layer":"arts-centres","note":"OpenStreetMap","osm_id":"way/186297205","osm_url":"https://www.openstreetmap.org/way/186297205","source":"OpenStreetMap"}},{"type":"Feature","geometry":{"type":"Point","coordinates":[-3.1250114,52.0764128]},"properties":{"name":"The Globe","layer":"arts-centres","note":"OpenStreetMap","osm_id":"way/187036804","osm_url":"https://www.openstreetmap.org/way/187036804","source":"OpenStreetMap"}},{"type":"Feature","geometry":{"type":"Point","coordinates":[-2.7737952,53.9029532]},"properties":{"name":"Old Grammar School Arts Centre & Gallery","layer":"arts-centres","note":"OpenStreetMap","osm_id":"way/189071564","osm_url":"https://www.openstreetmap.org/way/189071564","source":"OpenStreetMap"}},{"type":"Feature","geometry":{"type":"Point","coordinates":[-2.5995633,51.4552058]},"properties":{"name":"The Wigwam","layer":"arts-centres","note":"Bristol Savages","osm_id":"way/190054113","osm_url":"https://www.openstreetmap.org/way/190054113","source":"OpenStreetMap","brand":"Bristol Savages"}},{"type":"Feature","geometry":{"type":"Point","coordinates":[-9.4312673,51.4972341]},"properties":{"name":"Arts centre","layer":"arts-centres","note":"OpenStreetMap","osm_id":"way/190758356","osm_url":"https://www.openstreetmap.org/way/190758356","source":"OpenStreetMap"}},{"type":"Feature","geometry":{"type":"Point","coordinates":[-1.1350635,52.6313351]},"properties":{"name":"Sue Townsend Centre","layer":"arts-centres","note":"Leicester Collage","osm_id":"way/190849501","osm_url":"https://www.openstreetmap.org/way/190849501","source":"OpenStreetMap","brand":"Leicester Collage"}},{"type":"Feature","geometry":{"type":"Point","coordinates":[-1.4661378,53.3768442]},"properties":{"name":"Arts centre","layer":"arts-centres","note":"OpenStreetMap","osm_id":"way/191693862","osm_url":"https://www.openstreetmap.org/way/191693862","source":"OpenStreetMap"}},{"type":"Feature","geometry":{"type":"Point","coordinates":[-0.1244838,51.5275438]},"properties":{"name":"One KX","layer":"arts-centres","note":"OpenStreetMap","osm_id":"way/192328742","osm_url":"https://www.openstreetmap.org/way/192328742","source":"OpenStreetMap"}},{"type":"Feature","geometry":{"type":"Point","coordinates":[-0.1186789,51.4920939]},"properties":{"name":"Beaconsfield","layer":"arts-centres","note":"OpenStreetMap","osm_id":"way/192338447","osm_url":"https://www.openstreetmap.org/way/192338447","source":"OpenStreetMap"}},{"type":"Feature","geometry":{"type":"Point","coordinates":[-0.0994604,51.3720634]},"properties":{"name":"Croydon Clocktower","layer":"arts-centres","note":"OpenStreetMap","osm_id":"way/193799548","osm_url":"https://www.openstreetmap.org/way/193799548","source":"OpenStreetMap"}},{"type":"Feature","geometry":{"type":"Point","coordinates":[-0.0209588,51.5398887]},"properties":{"name":"Vittoria Wharf Studio","layer":"arts-centres","note":"OpenStreetMap","osm_id":"way/195293628","osm_url":"https://www.openstreetmap.org/way/195293628","source":"OpenStreetMap"}},{"type":"Feature","geometry":{"type":"Point","coordinates":[-1.1355541,52.9511862]},"properties":{"name":"Stand Assembly","layer":"arts-centres","note":"OpenStreetMap","osm_id":"way/195444496","osm_url":"https://www.openstreetmap.org/way/195444496","source":"OpenStreetMap"}},{"type":"Feature","geometry":{"type":"Point","coordinates":[-2.9778561,53.4022136]},"properties":{"name":"FACT","layer":"arts-centres","note":"OpenStreetMap","osm_id":"way/196580458","osm_url":"https://www.openstreetmap.org/way/196580458","source":"OpenStreetMap"}},{"type":"Feature","geometry":{"type":"Point","coordinates":[-0.5470435,53.2141915]},"properties":{"name":"Southside","layer":"arts-centres","note":"OpenStreetMap","osm_id":"way/200654163","osm_url":"https://www.openstreetmap.org/way/200654163","source":"OpenStreetMap"}},{"type":"Feature","geometry":{"type":"Point","coordinates":[-2.7244997,52.855654]},"properties":{"name":"Wem Town Hall","layer":"arts-centres","note":"OpenStreetMap","osm_id":"way/202353641","osm_url":"https://www.openstreetmap.org/way/202353641","source":"OpenStreetMap"}},{"type":"Feature","geometry":{"type":"Point","coordinates":[0.0225904,51.5984299]},"properties":{"name":"Redbridge Drama Centre","layer":"arts-centres","note":"OpenStreetMap","osm_id":"way/204332039","osm_url":"https://www.openstreetmap.org/way/204332039","source":"OpenStreetMap"}},{"type":"Feature","geometry":{"type":"Point","coordinates":[-3.2202496,55.9438281]},"properties":{"name":"WASPS Artists' Studios","layer":"arts-centres","note":"WASPS","osm_id":"way/206665574","osm_url":"https://www.openstreetmap.org/way/206665574","source":"OpenStreetMap","brand":"WASPS"}},{"type":"Feature","geometry":{"type":"Point","coordinates":[-9.4781286,52.6373405]},"properties":{"name":"Teach Ceoil","layer":"arts-centres","note":"Comhaltas Ceoltóirí Éireann","osm_id":"way/207711125","osm_url":"https://www.openstreetmap.org/way/207711125","source":"OpenStreetMap","brand":"Comhaltas Ceoltóirí Éireann"}},{"type":"Feature","geometry":{"type":"Point","coordinates":[-2.1923548,51.7864175]},"properties":{"name":"Painswick Centre","layer":"arts-centres","note":"OpenStreetMap","osm_id":"way/207861730","osm_url":"https://www.openstreetmap.org/way/207861730","source":"OpenStreetMap"}},{"type":"Feature","geometry":{"type":"Point","coordinates":[-0.1764278,51.6128028]},"properties":{"name":"Arts Depot","layer":"arts-centres","note":"OpenStreetMap","osm_id":"way/20794099","osm_url":"https://www.openstreetmap.org/way/20794099","source":"OpenStreetMap"}},{"type":"Feature","geometry":{"type":"Point","coordinates":[1.1541599,52.0531657]},"properties":{"name":"St Peter's","layer":"arts-centres","note":"OpenStreetMap","osm_id":"way/208144886","osm_url":"https://www.openstreetmap.org/way/208144886","source":"OpenStreetMap"}},{"type":"Feature","geometry":{"type":"Point","coordinates":[-8.9825074,52.8598506]},"properties":{"name":"Cois na hAbhna","layer":"arts-centres","note":"Comhaltas Ceoltóirí Éireann","osm_id":"way/212320280","osm_url":"https://www.openstreetmap.org/way/212320280","source":"OpenStreetMap","brand":"Comhaltas Ceoltóirí Éireann"}},{"type":"Feature","geometry":{"type":"Point","coordinates":[-3.1905621,55.9785829]},"properties":{"name":"Edinburgh Sculpture Workshop","layer":"arts-centres","note":"OpenStreetMap","osm_id":"way/214288343","osm_url":"https://www.openstreetmap.org/way/214288343","source":"OpenStreetMap"}},{"type":"Feature","geometry":{"type":"Point","coordinates":[-8.3955687,54.1316882]},"properties":{"name":"The James Morrison Teach Cheoil","layer":"arts-centres","note":"OpenStreetMap","osm_id":"way/218389618","osm_url":"https://www.openstreetmap.org/way/218389618","source":"OpenStreetMap"}},{"type":"Feature","geometry":{"type":"Point","coordinates":[-0.6401816,52.9107057]},"properties":{"name":"Guildhall Arts Centre","layer":"arts-centres","note":"OpenStreetMap","osm_id":"way/219905905","osm_url":"https://www.openstreetmap.org/way/219905905","source":"OpenStreetMap"}},{"type":"Feature","geometry":{"type":"Point","coordinates":[-8.5229561,53.9962703]},"properties":{"name":"Ceoláras Coleman","layer":"arts-centres","note":"Comhaltas Ceoltóirí Éireann","osm_id":"way/220592821","osm_url":"https://www.openstreetmap.org/way/220592821","source":"OpenStreetMap","brand":"Comhaltas Ceoltóirí Éireann"}},{"type":"Feature","geometry":{"type":"Point","coordinates":[-0.0593928,51.5332043]},"properties":{"name":"Oval Space","layer":"arts-centres","note":"OpenStreetMap","osm_id":"way/222182689","osm_url":"https://www.openstreetmap.org/way/222182689","source":"OpenStreetMap"}},{"type":"Feature","geometry":{"type":"Point","coordinates":[0.2689809,52.3952312]},"properties":{"name":"The Maltings","layer":"arts-centres","note":"OpenStreetMap","osm_id":"way/224239867","osm_url":"https://www.openstreetmap.org/way/224239867","source":"OpenStreetMap"}},{"type":"Feature","geometry":{"type":"Point","coordinates":[-0.1396862,51.5353127]},"properties":{"name":"David Roberts Art Foundation","layer":"arts-centres","note":"OpenStreetMap","osm_id":"way/225442628","osm_url":"https://www.openstreetmap.org/way/225442628","source":"OpenStreetMap"}},{"type":"Feature","geometry":{"type":"Point","coordinates":[-0.073165,51.5874139]},"properties":{"name":"Bernie Grant Arts Centre","layer":"arts-centres","note":"OpenStreetMap","osm_id":"way/229395046","osm_url":"https://www.openstreetmap.org/way/229395046","source":"OpenStreetMap"}},{"type":"Feature","geometry":{"type":"Point","coordinates":[-3.9818866,55.86667]},"properties":{"name":"Airdrie Arts Centre","layer":"arts-centres","note":"OpenStreetMap","osm_id":"way/231384699","osm_url":"https://www.openstreetmap.org/way/231384699","source":"OpenStreetMap"}},{"type":"Feature","geometry":{"type":"Point","coordinates":[-1.2654901,51.7509465]},"properties":{"name":"OVADA","layer":"arts-centres","note":"Ovada","osm_id":"way/234469878","osm_url":"https://www.openstreetmap.org/way/234469878","source":"OpenStreetMap","brand":"Ovada"}},{"type":"Feature","geometry":{"type":"Point","coordinates":[-0.0813121,51.6160685]},"properties":{"name":"Millfield Arts Centre","layer":"arts-centres","note":"OpenStreetMap","osm_id":"way/235032234","osm_url":"https://www.openstreetmap.org/way/235032234","source":"OpenStreetMap"}},{"type":"Feature","geometry":{"type":"Point","coordinates":[-0.0801217,51.6159456]},"properties":{"name":"Millfield House","layer":"arts-centres","note":"OpenStreetMap","osm_id":"way/235032548","osm_url":"https://www.openstreetmap.org/way/235032548","source":"OpenStreetMap"}},{"type":"Feature","geometry":{"type":"Point","coordinates":[-1.0883014,51.2602782]},"properties":{"name":"Arts centre","layer":"arts-centres","note":"OpenStreetMap","osm_id":"way/237669531","osm_url":"https://www.openstreetmap.org/way/237669531","source":"OpenStreetMap"}},{"type":"Feature","geometry":{"type":"Point","coordinates":[-0.2980658,51.4857891]},"properties":{"name":"Watermans Arts Centre","layer":"arts-centres","note":"OpenStreetMap","osm_id":"way/23777920","osm_url":"https://www.openstreetmap.org/way/23777920","source":"OpenStreetMap"}},{"type":"Feature","geometry":{"type":"Point","coordinates":[-0.1966224,51.5442039]},"properties":{"name":"Kingsgate Workshops","layer":"arts-centres","note":"OpenStreetMap","osm_id":"way/239480941","osm_url":"https://www.openstreetmap.org/way/239480941","source":"OpenStreetMap"}},{"type":"Feature","geometry":{"type":"Point","coordinates":[-4.1527845,50.3709483]},"properties":{"name":"Leadworks","layer":"arts-centres","note":"OpenStreetMap","osm_id":"way/240951907","osm_url":"https://www.openstreetmap.org/way/240951907","source":"OpenStreetMap"}},{"type":"Feature","geometry":{"type":"Point","coordinates":[-1.5821958,54.9685962]},"properties":{"name":"Mushroom Works","layer":"arts-centres","note":"OpenStreetMap","osm_id":"way/243838172","osm_url":"https://www.openstreetmap.org/way/243838172","source":"OpenStreetMap"}},{"type":"Feature","geometry":{"type":"Point","coordinates":[-1.8004825,51.0702019]},"properties":{"name":"City Hall Salisbury","layer":"arts-centres","note":"OpenStreetMap","osm_id":"way/245256335","osm_url":"https://www.openstreetmap.org/way/245256335","source":"OpenStreetMap"}},{"type":"Feature","geometry":{"type":"Point","coordinates":[-1.5258308,55.0724759]},"properties":{"name":"Seaton Deleval Arts Centre","layer":"arts-centres","note":"OpenStreetMap","osm_id":"way/245803189","osm_url":"https://www.openstreetmap.org/way/245803189","source":"OpenStreetMap"}},{"type":"Feature","geometry":{"type":"Point","coordinates":[-0.0993862,51.5074292]},"properties":{"name":"Tate Modern","layer":"arts-centres","note":"OpenStreetMap","osm_id":"way/24642569","osm_url":"https://www.openstreetmap.org/way/24642569","source":"OpenStreetMap"}},{"type":"Feature","geometry":{"type":"Point","coordinates":[0.4715276,50.8375169]},"properties":{"name":"De La Warr Pavilion","layer":"arts-centres","note":"OpenStreetMap","osm_id":"way/247116304","osm_url":"https://www.openstreetmap.org/way/247116304","source":"OpenStreetMap"}},{"type":"Feature","geometry":{"type":"Point","coordinates":[-0.2838701,51.3447877]},"properties":{"name":"The Horton","layer":"arts-centres","note":"OpenStreetMap","osm_id":"way/248723761","osm_url":"https://www.openstreetmap.org/way/248723761","source":"OpenStreetMap"}},{"type":"Feature","geometry":{"type":"Point","coordinates":[-8.0980017,53.9448742]},"properties":{"name":"The Dock Arts Centre","layer":"arts-centres","note":"OpenStreetMap","osm_id":"way/251063709","osm_url":"https://www.openstreetmap.org/way/251063709","source":"OpenStreetMap"}},{"type":"Feature","geometry":{"type":"Point","coordinates":[-2.7882757,55.4211312]},"properties":{"name":"Tower Mill","layer":"arts-centres","note":"Scottish Borders Council","osm_id":"way/254439069","osm_url":"https://www.openstreetmap.org/way/254439069","source":"OpenStreetMap","brand":"Scottish Borders Council"}},{"type":"Feature","geometry":{"type":"Point","coordinates":[-3.0116523,53.3914944]},"properties":{"name":"Pilgrim Street Arts Centre","layer":"arts-centres","note":"OpenStreetMap","osm_id":"way/254807199","osm_url":"https://www.openstreetmap.org/way/254807199","source":"OpenStreetMap"}},{"type":"Feature","geometry":{"type":"Point","coordinates":[-1.3281479,51.3984105]},"properties":{"name":"ACE Space","layer":"arts-centres","note":"OpenStreetMap","osm_id":"way/254860910","osm_url":"https://www.openstreetmap.org/way/254860910","source":"OpenStreetMap"}},{"type":"Feature","geometry":{"type":"Point","coordinates":[-1.4725016,53.3919305]},"properties":{"name":"The Victoria","layer":"arts-centres","note":"OpenStreetMap","osm_id":"way/256192350","osm_url":"https://www.openstreetmap.org/way/256192350","source":"OpenStreetMap"}},{"type":"Feature","geometry":{"type":"Point","coordinates":[-9.5308866,53.0645891]},"properties":{"name":"Áras Éanna","layer":"arts-centres","note":"OpenStreetMap","osm_id":"way/256386655","osm_url":"https://www.openstreetmap.org/way/256386655","source":"OpenStreetMap"}},{"type":"Feature","geometry":{"type":"Point","coordinates":[-2.996849,53.4200282]},"properties":{"name":"Drop The Dumbulls","layer":"arts-centres","note":"OpenStreetMap","osm_id":"way/256476738","osm_url":"https://www.openstreetmap.org/way/256476738","source":"OpenStreetMap"}},{"type":"Feature","geometry":{"type":"Point","coordinates":[-0.1226047,51.5591168]},"properties":{"name":"National Youth Theatre","layer":"arts-centres","note":"OpenStreetMap","osm_id":"way/259286742","osm_url":"https://www.openstreetmap.org/way/259286742","source":"OpenStreetMap"}},{"type":"Feature","geometry":{"type":"Point","coordinates":[-3.0023162,53.0535057]},"properties":{"name":"Catrin Finch Centre","layer":"arts-centres","note":"OpenStreetMap","osm_id":"way/271036632","osm_url":"https://www.openstreetmap.org/way/271036632","source":"OpenStreetMap"}},{"type":"Feature","geometry":{"type":"Point","coordinates":[-3.0056597,53.0525975]},"properties":{"name":"William Aston Hall","layer":"arts-centres","note":"OpenStreetMap","osm_id":"way/271041468","osm_url":"https://www.openstreetmap.org/way/271041468","source":"OpenStreetMap"}},{"type":"Feature","geometry":{"type":"Point","coordinates":[-0.1493219,51.5381595]},"properties":{"name":"Cecil Sharp House","layer":"arts-centres","note":"OpenStreetMap","osm_id":"way/27426199","osm_url":"https://www.openstreetmap.org/way/27426199","source":"OpenStreetMap"}},{"type":"Feature","geometry":{"type":"Point","coordinates":[-0.0731304,51.5243977]},"properties":{"name":"Rich Mix","layer":"arts-centres","note":"OpenStreetMap","osm_id":"way/274608954","osm_url":"https://www.openstreetmap.org/way/274608954","source":"OpenStreetMap"}},{"type":"Feature","geometry":{"type":"Point","coordinates":[-0.12167,51.5349732]},"properties":{"name":"Kings Place","layer":"arts-centres","note":"OpenStreetMap","osm_id":"way/27511817","osm_url":"https://www.openstreetmap.org/way/27511817","source":"OpenStreetMap"}},{"type":"Feature","geometry":{"type":"Point","coordinates":[-0.3245124,51.428157]},"properties":{"name":"Landmark Arts Centre","layer":"arts-centres","note":"OpenStreetMap","osm_id":"way/277914188","osm_url":"https://www.openstreetmap.org/way/277914188","source":"OpenStreetMap"}},{"type":"Feature","geometry":{"type":"Point","coordinates":[-6.2572062,53.2262133]},"properties":{"name":"Pine Forest Art Centre","layer":"arts-centres","note":"OpenStreetMap","osm_id":"way/278491757","osm_url":"https://www.openstreetmap.org/way/278491757","source":"OpenStreetMap"}},{"type":"Feature","geometry":{"type":"Point","coordinates":[-6.2641595,53.3543541]},"properties":{"name":"Irish Writers Centre","layer":"arts-centres","note":"OpenStreetMap","osm_id":"way/281253909","osm_url":"https://www.openstreetmap.org/way/281253909","source":"OpenStreetMap"}},{"type":"Feature","geometry":{"type":"Point","coordinates":[-7.5530365,55.1971749]},"properties":{"name":"Artlink","layer":"arts-centres","note":"OpenStreetMap","osm_id":"way/282484254","osm_url":"https://www.openstreetmap.org/way/282484254","source":"OpenStreetMap"}},{"type":"Feature","geometry":{"type":"Point","coordinates":[-2.9950581,53.0456842]},"properties":{"name":"Galeri 3B","layer":"arts-centres","note":"OpenStreetMap","osm_id":"way/283102453","osm_url":"https://www.openstreetmap.org/way/283102453","source":"OpenStreetMap"}},{"type":"Feature","geometry":{"type":"Point","coordinates":[-1.6013432,53.4843855]},"properties":{"name":"The Venue","layer":"arts-centres","note":"OpenStreetMap","osm_id":"way/283486561","osm_url":"https://www.openstreetmap.org/way/283486561","source":"OpenStreetMap"}},{"type":"Feature","geometry":{"type":"Point","coordinates":[-1.517089,55.1811414]},"properties":{"name":"Newbiggin Arts & Community Centre","layer":"arts-centres","note":"OpenStreetMap","osm_id":"way/284068486","osm_url":"https://www.openstreetmap.org/way/284068486","source":"OpenStreetMap"}},{"type":"Feature","geometry":{"type":"Point","coordinates":[-4.855346,55.6953737]},"properties":{"name":"The Barony Centre","layer":"arts-centres","note":"OpenStreetMap","osm_id":"way/285870931","osm_url":"https://www.openstreetmap.org/way/285870931","source":"OpenStreetMap"}},{"type":"Feature","geometry":{"type":"Point","coordinates":[0.1361646,52.1907426]},"properties":{"name":"Cambridge Junction","layer":"arts-centres","note":"The Junction","osm_id":"way/28629451","osm_url":"https://www.openstreetmap.org/way/28629451","source":"OpenStreetMap","brand":"The Junction"}},{"type":"Feature","geometry":{"type":"Point","coordinates":[-0.1607901,51.4649615]},"properties":{"name":"Battersea Arts Centre","layer":"arts-centres","note":"OpenStreetMap","osm_id":"way/28671469","osm_url":"https://www.openstreetmap.org/way/28671469","source":"OpenStreetMap"}},{"type":"Feature","geometry":{"type":"Point","coordinates":[-0.2790887,50.832561]},"properties":{"name":"Ropetackle Arts Centre","layer":"arts-centres","note":"OpenStreetMap","osm_id":"way/286882235","osm_url":"https://www.openstreetmap.org/way/286882235","source":"OpenStreetMap"}},{"type":"Feature","geometry":{"type":"Point","coordinates":[-3.1743579,55.9644488]},"properties":{"name":"The Out of the Blue Drill Hall","layer":"arts-centres","note":"OpenStreetMap","osm_id":"way/287051326","osm_url":"https://www.openstreetmap.org/way/287051326","source":"OpenStreetMap"}},{"type":"Feature","geometry":{"type":"Point","coordinates":[-0.079716,51.4745398]},"properties":{"name":"Clore Studio","layer":"arts-centres","note":"South London Gallery","osm_id":"way/287756456","osm_url":"https://www.openstreetmap.org/way/287756456","source":"OpenStreetMap","brand":"South London Gallery"}},{"type":"Feature","geometry":{"type":"Point","coordinates":[-1.8856656,52.4718096]},"properties":{"name":"The Edge","layer":"arts-centres","note":"OpenStreetMap","osm_id":"way/287980085","osm_url":"https://www.openstreetmap.org/way/287980085","source":"OpenStreetMap"}},{"type":"Feature","geometry":{"type":"Point","coordinates":[-2.6040826,51.4410224]},"properties":{"name":"Creative Space","layer":"arts-centres","note":"OpenStreetMap","osm_id":"way/288988245","osm_url":"https://www.openstreetmap.org/way/288988245","source":"OpenStreetMap"}},{"type":"Feature","geometry":{"type":"Point","coordinates":[-2.9748078,56.4571349]},"properties":{"name":"Dundee Contemporary Arts","layer":"arts-centres","note":"OpenStreetMap","osm_id":"way/29062609","osm_url":"https://www.openstreetmap.org/way/29062609","source":"OpenStreetMap"}},{"type":"Feature","geometry":{"type":"Point","coordinates":[-1.1389335,52.9510459]},"properties":{"name":"Fishergate Point","layer":"arts-centres","note":"OpenStreetMap","osm_id":"way/292603013","osm_url":"https://www.openstreetmap.org/way/292603013","source":"OpenStreetMap"}},{"type":"Feature","geometry":{"type":"Point","coordinates":[-0.1684122,51.553206]},"properties":{"name":"St Stephen's Church","layer":"arts-centres","note":"OpenStreetMap","osm_id":"way/29370144","osm_url":"https://www.openstreetmap.org/way/29370144","source":"OpenStreetMap"}},{"type":"Feature","geometry":{"type":"Point","coordinates":[-6.2897552,53.5861208]},"properties":{"name":"The Séamus Ennis Arts Centre","layer":"arts-centres","note":"OpenStreetMap","osm_id":"way/295562435","osm_url":"https://www.openstreetmap.org/way/295562435","source":"OpenStreetMap"}},{"type":"Feature","geometry":{"type":"Point","coordinates":[-6.2641688,53.3282646]},"properties":{"name":"Martcade","layer":"arts-centres","note":"OpenStreetMap","osm_id":"way/296379734","osm_url":"https://www.openstreetmap.org/way/296379734","source":"OpenStreetMap"}},{"type":"Feature","geometry":{"type":"Point","coordinates":[-1.6081648,54.9725909]},"properties":{"name":"Curtis Mayfield House","layer":"arts-centres","note":"OpenStreetMap","osm_id":"way/296624334","osm_url":"https://www.openstreetmap.org/way/296624334","source":"OpenStreetMap"}},{"type":"Feature","geometry":{"type":"Point","coordinates":[-1.2771155,52.8995051]},"properties":{"name":"Long Eaton Art Room","layer":"arts-centres","note":"OpenStreetMap","osm_id":"way/296948900","osm_url":"https://www.openstreetmap.org/way/296948900","source":"OpenStreetMap"}},{"type":"Feature","geometry":{"type":"Point","coordinates":[-5.6806536,50.124988]},"properties":{"name":"The Great Atlantic Gallery","layer":"arts-centres","note":"OpenStreetMap","osm_id":"way/297464551","osm_url":"https://www.openstreetmap.org/way/297464551","source":"OpenStreetMap"}},{"type":"Feature","geometry":{"type":"Point","coordinates":[-1.7801545,52.4118972]},"properties":{"name":"Art Gallery","layer":"arts-centres","note":"OpenStreetMap","osm_id":"way/298277724","osm_url":"https://www.openstreetmap.org/way/298277724","source":"OpenStreetMap"}},{"type":"Feature","geometry":{"type":"Point","coordinates":[-0.150706,51.5076847]},"properties":{"name":"The Nehru Centre","layer":"arts-centres","note":"OpenStreetMap","osm_id":"way/299028954","osm_url":"https://www.openstreetmap.org/way/299028954","source":"OpenStreetMap"}},{"type":"Feature","geometry":{"type":"Point","coordinates":[-1.5172923,52.4092682]},"properties":{"name":"Arts Centre","layer":"arts-centres","note":"OpenStreetMap","osm_id":"way/299828649","osm_url":"https://www.openstreetmap.org/way/299828649","source":"OpenStreetMap"}},{"type":"Feature","geometry":{"type":"Point","coordinates":[-1.264012,52.3757171]},"properties":{"name":"Benn Hall","layer":"arts-centres","note":"OpenStreetMap","osm_id":"way/300586141","osm_url":"https://www.openstreetmap.org/way/300586141","source":"OpenStreetMap"}},{"type":"Feature","geometry":{"type":"Point","coordinates":[-0.1202171,51.5612558]},"properties":{"name":"Manor Gardens Centre","layer":"arts-centres","note":"OpenStreetMap","osm_id":"way/30061004","osm_url":"https://www.openstreetmap.org/way/30061004","source":"OpenStreetMap"}},{"type":"Feature","geometry":{"type":"Point","coordinates":[-2.0828665,52.4913745]},"properties":{"name":"Netherton Art Centre","layer":"arts-centres","note":"OpenStreetMap","osm_id":"way/300690712","osm_url":"https://www.openstreetmap.org/way/300690712","source":"OpenStreetMap"}},{"type":"Feature","geometry":{"type":"Point","coordinates":[-6.4101088,53.9996652]},"properties":{"name":"Oriel Centre","layer":"arts-centres","note":"Comhaltas Ceoltóirí Éireann","osm_id":"way/302097834","osm_url":"https://www.openstreetmap.org/way/302097834","source":"OpenStreetMap","brand":"Comhaltas Ceoltóirí Éireann"}},{"type":"Feature","geometry":{"type":"Point","coordinates":[-0.0397096,51.5330577]},"properties":{"name":"Chisenhale Art Place","layer":"arts-centres","note":"OpenStreetMap","osm_id":"way/303003722","osm_url":"https://www.openstreetmap.org/way/303003722","source":"OpenStreetMap"}},{"type":"Feature","geometry":{"type":"Point","coordinates":[-7.9775581,55.1790085]},"properties":{"name":"Union Fever Hospital","layer":"arts-centres","note":"OpenStreetMap","osm_id":"way/303203232","osm_url":"https://www.openstreetmap.org/way/303203232","source":"OpenStreetMap"}},{"type":"Feature","geometry":{"type":"Point","coordinates":[-1.4390749,53.2377612]},"properties":{"name":"Donut Community Arts Studio","layer":"arts-centres","note":"OpenStreetMap","osm_id":"way/303494602","osm_url":"https://www.openstreetmap.org/way/303494602","source":"OpenStreetMap"}},{"type":"Feature","geometry":{"type":"Point","coordinates":[-1.2124691,54.6869327]},"properties":{"name":"Hartlepool Arts & Museum Service","layer":"arts-centres","note":"OpenStreetMap","osm_id":"way/303655951","osm_url":"https://www.openstreetmap.org/way/303655951","source":"OpenStreetMap"}},{"type":"Feature","geometry":{"type":"Point","coordinates":[-1.2688067,51.7776492]},"properties":{"name":"The North Wall Arts Centre","layer":"arts-centres","note":"St Edward’s School","osm_id":"way/303922284","osm_url":"https://www.openstreetmap.org/way/303922284","source":"OpenStreetMap","brand":"St Edward’s School"}},{"type":"Feature","geometry":{"type":"Point","coordinates":[-0.1834845,51.5511852]},"properties":{"name":"Camden Arts Centre","layer":"arts-centres","note":"OpenStreetMap","osm_id":"way/306386812","osm_url":"https://www.openstreetmap.org/way/306386812","source":"OpenStreetMap"}},{"type":"Feature","geometry":{"type":"Point","coordinates":[-0.093912,51.4986026]},"properties":{"name":"Henry Wood Hall","layer":"arts-centres","note":"OpenStreetMap","osm_id":"way/30656594","osm_url":"https://www.openstreetmap.org/way/30656594","source":"OpenStreetMap"}},{"type":"Feature","geometry":{"type":"Point","coordinates":[-3.1641714,55.9608324]},"properties":{"name":"Albion Road Artists' Studios","layer":"arts-centres","note":"WASPS","osm_id":"way/307612547","osm_url":"https://www.openstreetmap.org/way/307612547","source":"OpenStreetMap","brand":"WASPS"}},{"type":"Feature","geometry":{"type":"Point","coordinates":[-1.2695692,52.8956375]},"properties":{"name":"The Chatsworth Centre","layer":"arts-centres","note":"OpenStreetMap","osm_id":"way/307716723","osm_url":"https://www.openstreetmap.org/way/307716723","source":"OpenStreetMap"}},{"type":"Feature","geometry":{"type":"Point","coordinates":[-0.3226796,51.0640992]},"properties":{"name":"The Capitol","layer":"arts-centres","note":"OpenStreetMap","osm_id":"way/308877980","osm_url":"https://www.openstreetmap.org/way/308877980","source":"OpenStreetMap"}},{"type":"Feature","geometry":{"type":"Point","coordinates":[-6.2488753,53.3537405]},"properties":{"name":"Fire Station Artists' Studios","layer":"arts-centres","note":"OpenStreetMap","osm_id":"way/308991479","osm_url":"https://www.openstreetmap.org/way/308991479","source":"OpenStreetMap"}},{"type":"Feature","geometry":{"type":"Point","coordinates":[-9.2675817,51.5487701]},"properties":{"name":"West Cork Arts Centre","layer":"arts-centres","note":"OpenStreetMap","osm_id":"way/310217695","osm_url":"https://www.openstreetmap.org/way/310217695","source":"OpenStreetMap"}},{"type":"Feature","geometry":{"type":"Point","coordinates":[-1.8876778,52.4485193]},"properties":{"name":"The Dance Workshop","layer":"arts-centres","note":"OpenStreetMap","osm_id":"way/312335222","osm_url":"https://www.openstreetmap.org/way/312335222","source":"OpenStreetMap"}},{"type":"Feature","geometry":{"type":"Point","coordinates":[1.2347066,52.6203715]},"properties":{"name":"The Sainsbury Centre","layer":"arts-centres","note":"OpenStreetMap","osm_id":"way/31469784","osm_url":"https://www.openstreetmap.org/way/31469784","source":"OpenStreetMap"}},{"type":"Feature","geometry":{"type":"Point","coordinates":[-1.5469951,52.5745696]},"properties":{"name":"Owen Street Community Arts Centre","layer":"arts-centres","note":"OpenStreetMap","osm_id":"way/316858140","osm_url":"https://www.openstreetmap.org/way/316858140","source":"OpenStreetMap"}},{"type":"Feature","geometry":{"type":"Point","coordinates":[-1.5978011,54.9692615]},"properties":{"name":"BALTIC Centre","layer":"arts-centres","note":"OpenStreetMap","osm_id":"way/31870028","osm_url":"https://www.openstreetmap.org/way/31870028","source":"OpenStreetMap"}},{"type":"Feature","geometry":{"type":"Point","coordinates":[0.8520405,52.9566973]},"properties":{"name":"Wells Maltings","layer":"arts-centres","note":"OpenStreetMap","osm_id":"way/319192442","osm_url":"https://www.openstreetmap.org/way/319192442","source":"OpenStreetMap"}},{"type":"Feature","geometry":{"type":"Point","coordinates":[-1.4817522,53.5551377]},"properties":{"name":"Cooper Art Gallery","layer":"arts-centres","note":"OpenStreetMap","osm_id":"way/320660896","osm_url":"https://www.openstreetmap.org/way/320660896","source":"OpenStreetMap"}},{"type":"Feature","geometry":{"type":"Point","coordinates":[-3.1790085,53.3726269]},"properties":{"name":"West Kirby Arts Centre","layer":"arts-centres","note":"OpenStreetMap","osm_id":"way/323492103","osm_url":"https://www.openstreetmap.org/way/323492103","source":"OpenStreetMap"}},{"type":"Feature","geometry":{"type":"Point","coordinates":[-7.3528776,53.9683962]},"properties":{"name":"Backyard Arts Centre","layer":"arts-centres","note":"OpenStreetMap","osm_id":"way/327341320","osm_url":"https://www.openstreetmap.org/way/327341320","source":"OpenStreetMap"}},{"type":"Feature","geometry":{"type":"Point","coordinates":[0.055999,51.526383]},"properties":{"name":"Red Door Studios","layer":"arts-centres","note":"OpenStreetMap","osm_id":"way/328934795","osm_url":"https://www.openstreetmap.org/way/328934795","source":"OpenStreetMap"}},{"type":"Feature","geometry":{"type":"Point","coordinates":[0.8943181,51.8886349]},"properties":{"name":"Colchester Arts Centre","layer":"arts-centres","note":"OpenStreetMap","osm_id":"way/33211292","osm_url":"https://www.openstreetmap.org/way/33211292","source":"OpenStreetMap"}},{"type":"Feature","geometry":{"type":"Point","coordinates":[-2.4232061,52.0362704]},"properties":{"name":"Saint Katherine's Barn","layer":"arts-centres","note":"OpenStreetMap","osm_id":"way/332283837","osm_url":"https://www.openstreetmap.org/way/332283837","source":"OpenStreetMap"}},{"type":"Feature","geometry":{"type":"Point","coordinates":[-2.5805986,51.460774]},"properties":{"name":"Lost Horizon","layer":"arts-centres","note":"OpenStreetMap","osm_id":"way/332983361","osm_url":"https://www.openstreetmap.org/way/332983361","source":"OpenStreetMap"}},{"type":"Feature","geometry":{"type":"Point","coordinates":[-0.8033083,51.8147835]},"properties":{"name":"Queens Park Arts Centre","layer":"arts-centres","note":"OpenStreetMap","osm_id":"way/335669106","osm_url":"https://www.openstreetmap.org/way/335669106","source":"OpenStreetMap"}},{"type":"Feature","geometry":{"type":"Point","coordinates":[-2.0257119,53.5147141]},"properties":{"name":"The Vale","layer":"arts-centres","note":"OpenStreetMap","osm_id":"way/336223121","osm_url":"https://www.openstreetmap.org/way/336223121","source":"OpenStreetMap"}},{"type":"Feature","geometry":{"type":"Point","coordinates":[-3.4338921,56.4003058]},"properties":{"name":"Perth Creative Exchange","layer":"arts-centres","note":"WASPS","osm_id":"way/337103680","osm_url":"https://www.openstreetmap.org/way/337103680","source":"OpenStreetMap","brand":"WASPS"}},{"type":"Feature","geometry":{"type":"Point","coordinates":[-0.1224974,51.5128834]},"properties":{"name":"Royal Opera House","layer":"arts-centres","note":"Royal Ballet and Opera","osm_id":"way/33721672","osm_url":"https://www.openstreetmap.org/way/33721672","source":"OpenStreetMap","brand":"Royal Ballet and Opera"}},{"type":"Feature","geometry":{"type":"Point","coordinates":[-2.5223547,57.6666259]},"properties":{"name":"Banff Castle Community & Arts Facilities","layer":"arts-centres","note":"OpenStreetMap","osm_id":"way/337386733","osm_url":"https://www.openstreetmap.org/way/337386733","source":"OpenStreetMap"}},{"type":"Feature","geometry":{"type":"Point","coordinates":[-3.3010879,58.9594733]},"properties":{"name":"Stromness Studios aka Wasps","layer":"arts-centres","note":"WASPS","osm_id":"way/337443508","osm_url":"https://www.openstreetmap.org/way/337443508","source":"OpenStreetMap","brand":"WASPS"}},{"type":"Feature","geometry":{"type":"Point","coordinates":[-2.155632,51.6378153]},"properties":{"name":"Tetbury Goods Shed","layer":"arts-centres","note":"OpenStreetMap","osm_id":"way/337804679","osm_url":"https://www.openstreetmap.org/way/337804679","source":"OpenStreetMap"}},{"type":"Feature","geometry":{"type":"Point","coordinates":[-1.4918837,53.6749771]},"properties":{"name":"The Calder","layer":"arts-centres","note":"OpenStreetMap","osm_id":"way/337963901","osm_url":"https://www.openstreetmap.org/way/337963901","source":"OpenStreetMap"}},{"type":"Feature","geometry":{"type":"Point","coordinates":[-2.7293866,53.2930916]},"properties":{"name":"Frodsham Arts Centre","layer":"arts-centres","note":"OpenStreetMap","osm_id":"way/338464879","osm_url":"https://www.openstreetmap.org/way/338464879","source":"OpenStreetMap"}},{"type":"Feature","geometry":{"type":"Point","coordinates":[-0.093841,51.519867]},"properties":{"name":"Barbican Arts Centre","layer":"arts-centres","note":"OpenStreetMap","osm_id":"way/34038687","osm_url":"https://www.openstreetmap.org/way/34038687","source":"OpenStreetMap"}},{"type":"Feature","geometry":{"type":"Point","coordinates":[0.0803131,52.9977577]},"properties":{"name":"The Beonna at All Saints Church","layer":"arts-centres","note":"OpenStreetMap","osm_id":"way/343001099","osm_url":"https://www.openstreetmap.org/way/343001099","source":"OpenStreetMap"}},{"type":"Feature","geometry":{"type":"Point","coordinates":[-0.6234905,51.3167626]},"properties":{"name":"Woking Youth Arts Centre","layer":"arts-centres","note":"OpenStreetMap","osm_id":"way/34424404","osm_url":"https://www.openstreetmap.org/way/34424404","source":"OpenStreetMap"}},{"type":"Feature","geometry":{"type":"Point","coordinates":[-6.3829234,53.9831151]},"properties":{"name":"creative spark","layer":"arts-centres","note":"OpenStreetMap","osm_id":"way/360056200","osm_url":"https://www.openstreetmap.org/way/360056200","source":"OpenStreetMap"}},{"type":"Feature","geometry":{"type":"Point","coordinates":[-3.8667774,57.587167]},"properties":{"name":"The Laing Hall","layer":"arts-centres","note":"OpenStreetMap","osm_id":"way/364013048","osm_url":"https://www.openstreetmap.org/way/364013048","source":"OpenStreetMap"}},{"type":"Feature","geometry":{"type":"Point","coordinates":[-3.6201047,57.60795]},"properties":{"name":"The Nicholson Building","layer":"arts-centres","note":"OpenStreetMap","osm_id":"way/364023785","osm_url":"https://www.openstreetmap.org/way/364023785","source":"OpenStreetMap"}},{"type":"Feature","geometry":{"type":"Point","coordinates":[-1.2579803,52.3740121]},"properties":{"name":"Alexandra Arts","layer":"arts-centres","note":"OpenStreetMap","osm_id":"way/364108782","osm_url":"https://www.openstreetmap.org/way/364108782","source":"OpenStreetMap"}},{"type":"Feature","geometry":{"type":"Point","coordinates":[-2.0115928,53.9616561]},"properties":{"name":"Craven Art House","layer":"arts-centres","note":"OpenStreetMap","osm_id":"way/366277988","osm_url":"https://www.openstreetmap.org/way/366277988","source":"OpenStreetMap"}},{"type":"Feature","geometry":{"type":"Point","coordinates":[-2.9826493,51.3407859]},"properties":{"name":"Tropicana","layer":"arts-centres","note":"OpenStreetMap","osm_id":"way/366848200","osm_url":"https://www.openstreetmap.org/way/366848200","source":"OpenStreetMap"}},{"type":"Feature","geometry":{"type":"Point","coordinates":[-1.6020622,54.9676841]},"properties":{"name":"The Glasshouse","layer":"arts-centres","note":"OpenStreetMap","osm_id":"way/36971484","osm_url":"https://www.openstreetmap.org/way/36971484","source":"OpenStreetMap"}},{"type":"Feature","geometry":{"type":"Point","coordinates":[-0.027616,51.4777857]},"properties":{"name":"The Albany","layer":"arts-centres","note":"OpenStreetMap","osm_id":"way/372018543","osm_url":"https://www.openstreetmap.org/way/372018543","source":"OpenStreetMap"}},{"type":"Feature","geometry":{"type":"Point","coordinates":[-0.1174564,51.5109336]},"properties":{"name":"Somerset House","layer":"arts-centres","note":"OpenStreetMap","osm_id":"way/372841786","osm_url":"https://www.openstreetmap.org/way/372841786","source":"OpenStreetMap"}},{"type":"Feature","geometry":{"type":"Point","coordinates":[-2.178164,53.5154356]},"properties":{"name":"The Miners","layer":"arts-centres","note":"OpenStreetMap","osm_id":"way/373603702","osm_url":"https://www.openstreetmap.org/way/373603702","source":"OpenStreetMap"}},{"type":"Feature","geometry":{"type":"Point","coordinates":[-2.3532185,51.6364091]},"properties":{"name":"Under The Edge Arts","layer":"arts-centres","note":"OpenStreetMap","osm_id":"way/376004007","osm_url":"https://www.openstreetmap.org/way/376004007","source":"OpenStreetMap"}},{"type":"Feature","geometry":{"type":"Point","coordinates":[-0.0881482,51.5749263]},"properties":{"name":"New River Studios","layer":"arts-centres","note":"OpenStreetMap","osm_id":"way/376463343","osm_url":"https://www.openstreetmap.org/way/376463343","source":"OpenStreetMap"}},{"type":"Feature","geometry":{"type":"Point","coordinates":[-6.267654,53.3513414]},"properties":{"name":"The Chocolate factory","layer":"arts-centres","note":"OpenStreetMap","osm_id":"way/379739490","osm_url":"https://www.openstreetmap.org/way/379739490","source":"OpenStreetMap"}},{"type":"Feature","geometry":{"type":"Point","coordinates":[-4.6859544,55.6078057]},"properties":{"name":"WASPS Courtyard Artists' Studios","layer":"arts-centres","note":"OpenStreetMap","osm_id":"way/382072997","osm_url":"https://www.openstreetmap.org/way/382072997","source":"OpenStreetMap"}},{"type":"Feature","geometry":{"type":"Point","coordinates":[-4.6851318,55.6076532]},"properties":{"name":"Harbour Arts Centre","layer":"arts-centres","note":"OpenStreetMap","osm_id":"way/382072999","osm_url":"https://www.openstreetmap.org/way/382072999","source":"OpenStreetMap"}},{"type":"Feature","geometry":{"type":"Point","coordinates":[-1.5364974,54.9943277]},"properties":{"name":"Buddle Arts Centre","layer":"arts-centres","note":"OpenStreetMap","osm_id":"way/386421897","osm_url":"https://www.openstreetmap.org/way/386421897","source":"OpenStreetMap"}},{"type":"Feature","geometry":{"type":"Point","coordinates":[-2.0002943,53.3700117]},"properties":{"name":"Spring Bank Arts Centre","layer":"arts-centres","note":"OpenStreetMap","osm_id":"way/387191676","osm_url":"https://www.openstreetmap.org/way/387191676","source":"OpenStreetMap"}},{"type":"Feature","geometry":{"type":"Point","coordinates":[-2.1343606,52.5912232]},"properties":{"name":"NewhamptonArts Centre","layer":"arts-centres","note":"OpenStreetMap","osm_id":"way/389564090","osm_url":"https://www.openstreetmap.org/way/389564090","source":"OpenStreetMap"}},{"type":"Feature","geometry":{"type":"Point","coordinates":[0.6334872,52.704403]},"properties":{"name":"Arts centre","layer":"arts-centres","note":"OpenStreetMap","osm_id":"way/390442880","osm_url":"https://www.openstreetmap.org/way/390442880","source":"OpenStreetMap"}},{"type":"Feature","geometry":{"type":"Point","coordinates":[0.6337966,52.7039041]},"properties":{"name":"The Theatre Buildings","layer":"arts-centres","note":"OpenStreetMap","osm_id":"way/390443309","osm_url":"https://www.openstreetmap.org/way/390443309","source":"OpenStreetMap"}},{"type":"Feature","geometry":{"type":"Point","coordinates":[0.6340638,52.7038066]},"properties":{"name":"West Acre Gallery","layer":"arts-centres","note":"OpenStreetMap","osm_id":"way/390445408","osm_url":"https://www.openstreetmap.org/way/390445408","source":"OpenStreetMap"}},{"type":"Feature","geometry":{"type":"Point","coordinates":[-1.4060061,50.90799]},"properties":{"name":"O2 Guildhall Southampton","layer":"arts-centres","note":"OpenStreetMap","osm_id":"way/392923793","osm_url":"https://www.openstreetmap.org/way/392923793","source":"OpenStreetMap"}},{"type":"Feature","geometry":{"type":"Point","coordinates":[0.9949836,51.9588042]},"properties":{"name":"Dedham Art and Craft Centre","layer":"arts-centres","note":"OpenStreetMap","osm_id":"way/396802594","osm_url":"https://www.openstreetmap.org/way/396802594","source":"OpenStreetMap"}},{"type":"Feature","geometry":{"type":"Point","coordinates":[-0.0741807,51.5466991]},"properties":{"name":"V22 Studios","layer":"arts-centres","note":"OpenStreetMap","osm_id":"way/397640215","osm_url":"https://www.openstreetmap.org/way/397640215","source":"OpenStreetMap"}},{"type":"Feature","geometry":{"type":"Point","coordinates":[-4.9411859,51.6873078]},"properties":{"name":"VC Gallery","layer":"arts-centres","note":"OpenStreetMap","osm_id":"way/405916979","osm_url":"https://www.openstreetmap.org/way/405916979","source":"OpenStreetMap"}},{"type":"Feature","geometry":{"type":"Point","coordinates":[-2.4407374,50.546988]},"properties":{"name":"St Georges Centre","layer":"arts-centres","note":"OpenStreetMap","osm_id":"way/408290700","osm_url":"https://www.openstreetmap.org/way/408290700","source":"OpenStreetMap"}},{"type":"Feature","geometry":{"type":"Point","coordinates":[-2.1796567,53.0230247]},"properties":{"name":"Mitchell Arts Centre","layer":"arts-centres","note":"OpenStreetMap","osm_id":"way/410930740","osm_url":"https://www.openstreetmap.org/way/410930740","source":"OpenStreetMap"}},{"type":"Feature","geometry":{"type":"Point","coordinates":[-1.7039723,52.1904775]},"properties":{"name":"Royal Shakespeare Theatre","layer":"arts-centres","note":"OpenStreetMap","osm_id":"way/41312172","osm_url":"https://www.openstreetmap.org/way/41312172","source":"OpenStreetMap"}},{"type":"Feature","geometry":{"type":"Point","coordinates":[-1.4754602,52.9231918]},"properties":{"name":"QUAD","layer":"arts-centres","note":"OpenStreetMap","osm_id":"way/41636453","osm_url":"https://www.openstreetmap.org/way/41636453","source":"OpenStreetMap"}},{"type":"Feature","geometry":{"type":"Point","coordinates":[-6.5912878,53.3795816]},"properties":{"name":"ICA Hall","layer":"arts-centres","note":"OpenStreetMap","osm_id":"way/41720763","osm_url":"https://www.openstreetmap.org/way/41720763","source":"OpenStreetMap"}},{"type":"Feature","geometry":{"type":"Point","coordinates":[1.2728891,52.3429693]},"properties":{"name":"Wingfield Barns","layer":"arts-centres","note":"OpenStreetMap","osm_id":"way/420043029","osm_url":"https://www.openstreetmap.org/way/420043029","source":"OpenStreetMap"}},{"type":"Feature","geometry":{"type":"Point","coordinates":[-2.9935877,53.0469564]},"properties":{"name":"Old Library","layer":"arts-centres","note":"OpenStreetMap","osm_id":"way/42107611","osm_url":"https://www.openstreetmap.org/way/42107611","source":"OpenStreetMap"}},{"type":"Feature","geometry":{"type":"Point","coordinates":[-4.2670538,55.8407086]},"properties":{"name":"Tramway","layer":"arts-centres","note":"OpenStreetMap","osm_id":"way/42148895","osm_url":"https://www.openstreetmap.org/way/42148895","source":"OpenStreetMap"}},{"type":"Feature","geometry":{"type":"Point","coordinates":[1.081403,51.7947992]},"properties":{"name":"Watershed Studio","layer":"arts-centres","note":"OpenStreetMap","osm_id":"way/422861574","osm_url":"https://www.openstreetmap.org/way/422861574","source":"OpenStreetMap"}},{"type":"Feature","geometry":{"type":"Point","coordinates":[-2.7483522,54.3290748]},"properties":{"name":"Ragtag Arts","layer":"arts-centres","note":"OpenStreetMap","osm_id":"way/425516595","osm_url":"https://www.openstreetmap.org/way/425516595","source":"OpenStreetMap"}},{"type":"Feature","geometry":{"type":"Point","coordinates":[-2.917186,54.3665946]},"properties":{"name":"The Royalty","layer":"arts-centres","note":"OpenStreetMap","osm_id":"way/425527657","osm_url":"https://www.openstreetmap.org/way/425527657","source":"OpenStreetMap"}},{"type":"Feature","geometry":{"type":"Point","coordinates":[-5.9350276,54.5878831]},"properties":{"name":"Crescent Arts Centre","layer":"arts-centres","note":"OpenStreetMap","osm_id":"way/426131703","osm_url":"https://www.openstreetmap.org/way/426131703","source":"OpenStreetMap"}},{"type":"Feature","geometry":{"type":"Point","coordinates":[-2.4943083,57.6693223]},"properties":{"name":"Macduff Arts Centre","layer":"arts-centres","note":"OpenStreetMap","osm_id":"way/429004469","osm_url":"https://www.openstreetmap.org/way/429004469","source":"OpenStreetMap"}},{"type":"Feature","geometry":{"type":"Point","coordinates":[-1.519321,54.8857429]},"properties":{"name":"Arts Centre Washington","layer":"arts-centres","note":"OpenStreetMap","osm_id":"way/429455906","osm_url":"https://www.openstreetmap.org/way/429455906","source":"OpenStreetMap"}},{"type":"Feature","geometry":{"type":"Point","coordinates":[-3.462451,56.0731641]},"properties":{"name":"Fire Station Creative","layer":"arts-centres","note":"OpenStreetMap","osm_id":"way/429477153","osm_url":"https://www.openstreetmap.org/way/429477153","source":"OpenStreetMap"}},{"type":"Feature","geometry":{"type":"Point","coordinates":[-2.2465593,53.4736138]},"properties":{"name":"Home","layer":"arts-centres","note":"OpenStreetMap","osm_id":"way/431832634","osm_url":"https://www.openstreetmap.org/way/431832634","source":"OpenStreetMap"}},{"type":"Feature","geometry":{"type":"Point","coordinates":[-6.0701059,56.6237122]},"properties":{"name":"An Tobar and Mull Theatre","layer":"arts-centres","note":"OpenStreetMap","osm_id":"way/437706766","osm_url":"https://www.openstreetmap.org/way/437706766","source":"OpenStreetMap"}},{"type":"Feature","geometry":{"type":"Point","coordinates":[-7.3226141,54.9963191]},"properties":{"name":"The Nerve Centre","layer":"arts-centres","note":"OpenStreetMap","osm_id":"way/438515627","osm_url":"https://www.openstreetmap.org/way/438515627","source":"OpenStreetMap"}},{"type":"Feature","geometry":{"type":"Point","coordinates":[-1.5492306,54.9525505]},"properties":{"name":"The Lawnmowers Independent Theatre Company","layer":"arts-centres","note":"OpenStreetMap","osm_id":"way/438844777","osm_url":"https://www.openstreetmap.org/way/438844777","source":"OpenStreetMap"}},{"type":"Feature","geometry":{"type":"Point","coordinates":[-5.9320927,54.5984107]},"properties":{"name":"ArtsEkta","layer":"arts-centres","note":"OpenStreetMap","osm_id":"way/440735679","osm_url":"https://www.openstreetmap.org/way/440735679","source":"OpenStreetMap"}},{"type":"Feature","geometry":{"type":"Point","coordinates":[-8.2971674,51.8491391]},"properties":{"name":"Sirius Arts Centre","layer":"arts-centres","note":"OpenStreetMap","osm_id":"way/444744758","osm_url":"https://www.openstreetmap.org/way/444744758","source":"OpenStreetMap"}},{"type":"Feature","geometry":{"type":"Point","coordinates":[-9.2974492,53.8582357]},"properties":{"name":"The Linen Hall","layer":"arts-centres","note":"OpenStreetMap","osm_id":"way/445900679","osm_url":"https://www.openstreetmap.org/way/445900679","source":"OpenStreetMap"}},{"type":"Feature","geometry":{"type":"Point","coordinates":[-0.7103957,51.0885086]},"properties":{"name":"The Weaving House","layer":"arts-centres","note":"The Haslemere Thespians","osm_id":"way/447929001","osm_url":"https://www.openstreetmap.org/way/447929001","source":"OpenStreetMap","brand":"The Haslemere Thespians"}},{"type":"Feature","geometry":{"type":"Point","coordinates":[-0.1262831,51.4636589]},"properties":{"name":"Fenwick Hall","layer":"arts-centres","note":"OpenStreetMap","osm_id":"way/45176853","osm_url":"https://www.openstreetmap.org/way/45176853","source":"OpenStreetMap"}},{"type":"Feature","geometry":{"type":"Point","coordinates":[-0.5369873,53.2298322]},"properties":{"name":"Lincoln Drill Hall","layer":"arts-centres","note":"OpenStreetMap","osm_id":"way/455991614","osm_url":"https://www.openstreetmap.org/way/455991614","source":"OpenStreetMap"}},{"type":"Feature","geometry":{"type":"Point","coordinates":[-1.5614085,52.3799292]},"properties":{"name":"Warwick Arts Centre","layer":"arts-centres","note":"OpenStreetMap","osm_id":"way/45841793","osm_url":"https://www.openstreetmap.org/way/45841793","source":"OpenStreetMap"}},{"type":"Feature","geometry":{"type":"Point","coordinates":[-2.8998479,53.1688119]},"properties":{"name":"Arts centre","layer":"arts-centres","note":"OpenStreetMap","osm_id":"way/45857615","osm_url":"https://www.openstreetmap.org/way/45857615","source":"OpenStreetMap"}},{"type":"Feature","geometry":{"type":"Point","coordinates":[-9.299392,53.7467863]},"properties":{"name":"The Celtic Furrow","layer":"arts-centres","note":"OpenStreetMap","osm_id":"way/459199015","osm_url":"https://www.openstreetmap.org/way/459199015","source":"OpenStreetMap"}},{"type":"Feature","geometry":{"type":"Point","coordinates":[-0.2221068,51.4164653]},"properties":{"name":"St Angela's Arts Centre","layer":"arts-centres","note":"OpenStreetMap","osm_id":"way/465499577","osm_url":"https://www.openstreetmap.org/way/465499577","source":"OpenStreetMap"}},{"type":"Feature","geometry":{"type":"Point","coordinates":[-2.2158002,51.7474484]},"properties":{"name":"Lockinghill Studio","layer":"arts-centres","note":"OpenStreetMap","osm_id":"way/466166097","osm_url":"https://www.openstreetmap.org/way/466166097","source":"OpenStreetMap"}},{"type":"Feature","geometry":{"type":"Point","coordinates":[-3.3001731,56.0548959]},"properties":{"name":"Aberdour Signal Box","layer":"arts-centres","note":"OpenStreetMap","osm_id":"way/466172741","osm_url":"https://www.openstreetmap.org/way/466172741","source":"OpenStreetMap"}},{"type":"Feature","geometry":{"type":"Point","coordinates":[-0.1535912,51.5208946]},"properties":{"name":"The Hellenic Centre","layer":"arts-centres","note":"OpenStreetMap","osm_id":"way/467952934","osm_url":"https://www.openstreetmap.org/way/467952934","source":"OpenStreetMap"}},{"type":"Feature","geometry":{"type":"Point","coordinates":[-9.2465609,53.7633998]},"properties":{"name":"Clogher Heritage Complex","layer":"arts-centres","note":"OpenStreetMap","osm_id":"way/472732054","osm_url":"https://www.openstreetmap.org/way/472732054","source":"OpenStreetMap"}},{"type":"Feature","geometry":{"type":"Point","coordinates":[-1.4095282,53.4150007]},"properties":{"name":"Castle Galleries","layer":"arts-centres","note":"OpenStreetMap","osm_id":"way/480208195","osm_url":"https://www.openstreetmap.org/way/480208195","source":"OpenStreetMap"}},{"type":"Feature","geometry":{"type":"Point","coordinates":[-2.606438,51.4581802]},"properties":{"name":"1532 Performing Arts Centre","layer":"arts-centres","note":"OpenStreetMap","osm_id":"way/480269955","osm_url":"https://www.openstreetmap.org/way/480269955","source":"OpenStreetMap"}},{"type":"Feature","geometry":{"type":"Point","coordinates":[-0.7001446,52.3037105]},"properties":{"name":"Kilborn School of Dance","layer":"arts-centres","note":"OpenStreetMap","osm_id":"way/484270849","osm_url":"https://www.openstreetmap.org/way/484270849","source":"OpenStreetMap"}},{"type":"Feature","geometry":{"type":"Point","coordinates":[-2.588417,51.4635996]},"properties":{"name":"Kuumba Centre","layer":"arts-centres","note":"OpenStreetMap","osm_id":"way/486880430","osm_url":"https://www.openstreetmap.org/way/486880430","source":"OpenStreetMap"}},{"type":"Feature","geometry":{"type":"Point","coordinates":[0.7415585,51.3404017]},"properties":{"name":"Arts centre","layer":"arts-centres","note":"OpenStreetMap","osm_id":"way/49799780","osm_url":"https://www.openstreetmap.org/way/49799780","source":"OpenStreetMap"}},{"type":"Feature","geometry":{"type":"Point","coordinates":[-5.9610356,54.592156]},"properties":{"name":"Cultúrlann McAdam Ó Fiaich","layer":"arts-centres","note":"OpenStreetMap","osm_id":"way/505091359","osm_url":"https://www.openstreetmap.org/way/505091359","source":"OpenStreetMap"}},{"type":"Feature","geometry":{"type":"Point","coordinates":[-2.0251599,53.106895]},"properties":{"name":"Foxlowe Arts Centre","layer":"arts-centres","note":"OpenStreetMap","osm_id":"way/507867653","osm_url":"https://www.openstreetmap.org/way/507867653","source":"OpenStreetMap"}},{"type":"Feature","geometry":{"type":"Point","coordinates":[-0.0089684,51.5317936]},"properties":{"name":"Arts centre","layer":"arts-centres","note":"OpenStreetMap","osm_id":"way/508284427","osm_url":"https://www.openstreetmap.org/way/508284427","source":"OpenStreetMap"}},{"type":"Feature","geometry":{"type":"Point","coordinates":[0.1551772,52.1425592]},"properties":{"name":"Stapleford Granary","layer":"arts-centres","note":"OpenStreetMap","osm_id":"way/509489376","osm_url":"https://www.openstreetmap.org/way/509489376","source":"OpenStreetMap"}},{"type":"Feature","geometry":{"type":"Point","coordinates":[-2.2175467,51.7437825]},"properties":{"name":"The Goods Shed","layer":"arts-centres","note":"Stroud Valleys Art Space","osm_id":"way/513739271","osm_url":"https://www.openstreetmap.org/way/513739271","source":"OpenStreetMap","brand":"Stroud Valleys Art Space"}},{"type":"Feature","geometry":{"type":"Point","coordinates":[-3.5792217,50.3519937]},"properties":{"name":"The Flavel","layer":"arts-centres","note":"OpenStreetMap","osm_id":"way/515334207","osm_url":"https://www.openstreetmap.org/way/515334207","source":"OpenStreetMap"}},{"type":"Feature","geometry":{"type":"Point","coordinates":[0.9025087,51.888712]},"properties":{"name":"Eyesaw Gallery","layer":"arts-centres","note":"OpenStreetMap","osm_id":"way/515593625","osm_url":"https://www.openstreetmap.org/way/515593625","source":"OpenStreetMap"}},{"type":"Feature","geometry":{"type":"Point","coordinates":[-0.5562632,50.8541326]},"properties":{"name":"Victoria Institute","layer":"arts-centres","note":"OpenStreetMap","osm_id":"way/516014313","osm_url":"https://www.openstreetmap.org/way/516014313","source":"OpenStreetMap"}},{"type":"Feature","geometry":{"type":"Point","coordinates":[-4.1283147,52.924687]},"properties":{"name":"Y Ganolfan Arts Centre","layer":"arts-centres","note":"OpenStreetMap","osm_id":"way/516775178","osm_url":"https://www.openstreetmap.org/way/516775178","source":"OpenStreetMap"}},{"type":"Feature","geometry":{"type":"Point","coordinates":[-4.6598724,52.0858263]},"properties":{"name":"Small World Theatre / Theatr Byd Bychan","layer":"arts-centres","note":"OpenStreetMap","osm_id":"way/518580297","osm_url":"https://www.openstreetmap.org/way/518580297","source":"OpenStreetMap"}},{"type":"Feature","geometry":{"type":"Point","coordinates":[-4.1727744,55.771968]},"properties":{"name":"East Kilbride Arts Centre (Bosfield House)","layer":"arts-centres","note":"OpenStreetMap","osm_id":"way/524890132","osm_url":"https://www.openstreetmap.org/way/524890132","source":"OpenStreetMap"}},{"type":"Feature","geometry":{"type":"Point","coordinates":[-0.7498897,51.3936786]},"properties":{"name":"South Hill Park Arts Centre","layer":"arts-centres","note":"OpenStreetMap","osm_id":"way/52491983","osm_url":"https://www.openstreetmap.org/way/52491983","source":"OpenStreetMap"}},{"type":"Feature","geometry":{"type":"Point","coordinates":[-2.2962619,53.8023931]},"properties":{"name":"The Great Barn","layer":"arts-centres","note":"OpenStreetMap","osm_id":"way/527206388","osm_url":"https://www.openstreetmap.org/way/527206388","source":"OpenStreetMap"}},{"type":"Feature","geometry":{"type":"Point","coordinates":[-0.547076,53.2141661]},"properties":{"name":"Arts centre","layer":"arts-centres","note":"OpenStreetMap","osm_id":"way/544655988","osm_url":"https://www.openstreetmap.org/way/544655988","source":"OpenStreetMap"}},{"type":"Feature","geometry":{"type":"Point","coordinates":[-1.5587612,52.7727187]},"properties":{"name":"People Express","layer":"arts-centres","note":"OpenStreetMap","osm_id":"way/545909778","osm_url":"https://www.openstreetmap.org/way/545909778","source":"OpenStreetMap"}},{"type":"Feature","geometry":{"type":"Point","coordinates":[-2.0515444,52.3386982]},"properties":{"name":"Artrix","layer":"arts-centres","note":"OpenStreetMap","osm_id":"way/54869293","osm_url":"https://www.openstreetmap.org/way/54869293","source":"OpenStreetMap"}},{"type":"Feature","geometry":{"type":"Point","coordinates":[-4.0628157,52.415854]},"properties":{"name":"Aberystwyth Arts Centre","layer":"arts-centres","note":"OpenStreetMap","osm_id":"way/55215105","osm_url":"https://www.openstreetmap.org/way/55215105","source":"OpenStreetMap"}},{"type":"Feature","geometry":{"type":"Point","coordinates":[-1.0742936,53.9907165]},"properties":{"name":"Smoki Gallery","layer":"arts-centres","note":"OpenStreetMap","osm_id":"way/559540553","osm_url":"https://www.openstreetmap.org/way/559540553","source":"OpenStreetMap"}},{"type":"Feature","geometry":{"type":"Point","coordinates":[1.3017604,52.6253378]},"properties":{"name":"National Centre for Writing","layer":"arts-centres","note":"OpenStreetMap","osm_id":"way/562319449","osm_url":"https://www.openstreetmap.org/way/562319449","source":"OpenStreetMap"}},{"type":"Feature","geometry":{"type":"Point","coordinates":[-2.743257,54.3259796]},"properties":{"name":"The Factory","layer":"arts-centres","note":"OpenStreetMap","osm_id":"way/563122757","osm_url":"https://www.openstreetmap.org/way/563122757","source":"OpenStreetMap"}},{"type":"Feature","geometry":{"type":"Point","coordinates":[-2.5777788,51.4607996]},"properties":{"name":"Document","layer":"arts-centres","note":"OpenStreetMap","osm_id":"way/565988046","osm_url":"https://www.openstreetmap.org/way/565988046","source":"OpenStreetMap"}},{"type":"Feature","geometry":{"type":"Point","coordinates":[-2.5569735,49.4651874]},"properties":{"name":"Princess Royal Centre for the Performing Arts","layer":"arts-centres","note":"OpenStreetMap","osm_id":"way/573718985","osm_url":"https://www.openstreetmap.org/way/573718985","source":"OpenStreetMap"}},{"type":"Feature","geometry":{"type":"Point","coordinates":[-4.0475483,57.0799458]},"properties":{"name":"The Iona Gallery","layer":"arts-centres","note":"OpenStreetMap","osm_id":"way/576697377","osm_url":"https://www.openstreetmap.org/way/576697377","source":"OpenStreetMap"}},{"type":"Feature","geometry":{"type":"Point","coordinates":[-1.8392885,53.8477297]},"properties":{"name":"Bingley Arts Centre","layer":"arts-centres","note":"OpenStreetMap","osm_id":"way/57687365","osm_url":"https://www.openstreetmap.org/way/57687365","source":"OpenStreetMap"}},{"type":"Feature","geometry":{"type":"Point","coordinates":[0.1639923,51.8635731]},"properties":{"name":"South Mill Arts","layer":"arts-centres","note":"OpenStreetMap","osm_id":"way/578142227","osm_url":"https://www.openstreetmap.org/way/578142227","source":"OpenStreetMap"}},{"type":"Feature","geometry":{"type":"Point","coordinates":[-0.4215307,51.3901684]},"properties":{"name":"Riverhouse Barn","layer":"arts-centres","note":"OpenStreetMap","osm_id":"way/58603938","osm_url":"https://www.openstreetmap.org/way/58603938","source":"OpenStreetMap"}},{"type":"Feature","geometry":{"type":"Point","coordinates":[-0.0847068,51.561372]},"properties":{"name":"The Old Church","layer":"arts-centres","note":"OpenStreetMap","osm_id":"way/58711254","osm_url":"https://www.openstreetmap.org/way/58711254","source":"OpenStreetMap"}},{"type":"Feature","geometry":{"type":"Point","coordinates":[-4.4244216,55.8439349]},"properties":{"name":"Paisley Arts Centre","layer":"arts-centres","note":"OpenStreetMap","osm_id":"way/58770456","osm_url":"https://www.openstreetmap.org/way/58770456","source":"OpenStreetMap"}},{"type":"Feature","geometry":{"type":"Point","coordinates":[-6.1622322,53.2953723]},"properties":{"name":"Cultúrlann na hÉireann","layer":"arts-centres","note":"Comhaltas Ceoltóirí Éireann","osm_id":"way/59096421","osm_url":"https://www.openstreetmap.org/way/59096421","source":"OpenStreetMap","brand":"Comhaltas Ceoltóirí Éireann"}},{"type":"Feature","geometry":{"type":"Point","coordinates":[-1.8946281,52.4327378]},"properties":{"name":"CircusMASH","layer":"arts-centres","note":"OpenStreetMap","osm_id":"way/59122718","osm_url":"https://www.openstreetmap.org/way/59122718","source":"OpenStreetMap"}},{"type":"Feature","geometry":{"type":"Point","coordinates":[-1.0742591,53.9534133]},"properties":{"name":"York Barbican","layer":"arts-centres","note":"SMG Europe","osm_id":"way/59295315","osm_url":"https://www.openstreetmap.org/way/59295315","source":"OpenStreetMap","brand":"SMG Europe"}},{"type":"Feature","geometry":{"type":"Point","coordinates":[-1.4842171,52.921052]},"properties":{"name":"Baby People Studios","layer":"arts-centres","note":"OpenStreetMap","osm_id":"way/59549314","osm_url":"https://www.openstreetmap.org/way/59549314","source":"OpenStreetMap"}},{"type":"Feature","geometry":{"type":"Point","coordinates":[-1.4844386,52.9212393]},"properties":{"name":"Derby Theatre Rehearsal Rooms","layer":"arts-centres","note":"OpenStreetMap","osm_id":"way/59549326","osm_url":"https://www.openstreetmap.org/way/59549326","source":"OpenStreetMap"}},{"type":"Feature","geometry":{"type":"Point","coordinates":[-0.0721291,51.4575832]},"properties":{"name":"jeannieavent","layer":"arts-centres","note":"OpenStreetMap","osm_id":"way/59993549","osm_url":"https://www.openstreetmap.org/way/59993549","source":"OpenStreetMap"}},{"type":"Feature","geometry":{"type":"Point","coordinates":[-2.5200162,53.4977633]},"properties":{"name":"Turnpike Centre","layer":"arts-centres","note":"OpenStreetMap","osm_id":"way/60464526","osm_url":"https://www.openstreetmap.org/way/60464526","source":"OpenStreetMap"}},{"type":"Feature","geometry":{"type":"Point","coordinates":[-2.9767714,53.3992617]},"properties":{"name":"The Black-E","layer":"arts-centres","note":"OpenStreetMap","osm_id":"way/60943014","osm_url":"https://www.openstreetmap.org/way/60943014","source":"OpenStreetMap"}},{"type":"Feature","geometry":{"type":"Point","coordinates":[-6.7081108,55.1711577]},"properties":{"name":"Flowerfield Arts Centre","layer":"arts-centres","note":"OpenStreetMap","osm_id":"way/611666782","osm_url":"https://www.openstreetmap.org/way/611666782","source":"OpenStreetMap"}},{"type":"Feature","geometry":{"type":"Point","coordinates":[-2.2420218,53.4274945]},"properties":{"name":"Sett","layer":"arts-centres","note":"OpenStreetMap","osm_id":"way/612339940","osm_url":"https://www.openstreetmap.org/way/612339940","source":"OpenStreetMap"}},{"type":"Feature","geometry":{"type":"Point","coordinates":[-0.966254,51.4524113]},"properties":{"name":"South Street Arts Centre","layer":"arts-centres","note":"OpenStreetMap","osm_id":"way/61283804","osm_url":"https://www.openstreetmap.org/way/61283804","source":"OpenStreetMap"}},{"type":"Feature","geometry":{"type":"Point","coordinates":[-0.3263666,51.2958259]},"properties":{"name":"Leatherhead Institute","layer":"arts-centres","note":"OpenStreetMap","osm_id":"way/61420028","osm_url":"https://www.openstreetmap.org/way/61420028","source":"OpenStreetMap"}},{"type":"Feature","geometry":{"type":"Point","coordinates":[-1.4797513,53.55363]},"properties":{"name":"Barnsley Civic Hall","layer":"arts-centres","note":"OpenStreetMap","osm_id":"way/61650329","osm_url":"https://www.openstreetmap.org/way/61650329","source":"OpenStreetMap"}},{"type":"Feature","geometry":{"type":"Point","coordinates":[-0.0796138,51.4608369]},"properties":{"name":"Art K","layer":"arts-centres","note":"OpenStreetMap","osm_id":"way/62222987","osm_url":"https://www.openstreetmap.org/way/62222987","source":"OpenStreetMap"}},{"type":"Feature","geometry":{"type":"Point","coordinates":[-0.7731229,51.6349438]},"properties":{"name":"Kraft Village","layer":"arts-centres","note":"OpenStreetMap","osm_id":"way/628646472","osm_url":"https://www.openstreetmap.org/way/628646472","source":"OpenStreetMap"}},{"type":"Feature","geometry":{"type":"Point","coordinates":[-0.3192584,51.4472676]},"properties":{"name":"Orleans House Gallery","layer":"arts-centres","note":"OpenStreetMap","osm_id":"way/631392411","osm_url":"https://www.openstreetmap.org/way/631392411","source":"OpenStreetMap"}},{"type":"Feature","geometry":{"type":"Point","coordinates":[-2.7563929,51.4334855]},"properties":{"name":"65","layer":"arts-centres","note":"OpenStreetMap","osm_id":"way/636667818","osm_url":"https://www.openstreetmap.org/way/636667818","source":"OpenStreetMap"}},{"type":"Feature","geometry":{"type":"Point","coordinates":[-7.7323351,54.9538663]},"properties":{"name":"Letterkenny Regional Cultural Centre","layer":"arts-centres","note":"OpenStreetMap","osm_id":"way/64887999","osm_url":"https://www.openstreetmap.org/way/64887999","source":"OpenStreetMap"}},{"type":"Feature","geometry":{"type":"Point","coordinates":[-3.2128142,55.9419802]},"properties":{"name":"Edinburgh Printmakers","layer":"arts-centres","note":"OpenStreetMap","osm_id":"way/659876969","osm_url":"https://www.openstreetmap.org/way/659876969","source":"OpenStreetMap"}},{"type":"Feature","geometry":{"type":"Point","coordinates":[-2.7097655,54.3545329]},"properties":{"name":"Ragtag Arts","layer":"arts-centres","note":"OpenStreetMap","osm_id":"way/660704967","osm_url":"https://www.openstreetmap.org/way/660704967","source":"OpenStreetMap"}},{"type":"Feature","geometry":{"type":"Point","coordinates":[-4.0557858,54.8354559]},"properties":{"name":"Tolbooth Art Centre","layer":"arts-centres","note":"OpenStreetMap","osm_id":"way/662064410","osm_url":"https://www.openstreetmap.org/way/662064410","source":"OpenStreetMap"}},{"type":"Feature","geometry":{"type":"Point","coordinates":[-9.976151,53.5966994]},"properties":{"name":"Teach Cheoil","layer":"arts-centres","note":"OpenStreetMap","osm_id":"way/665945357","osm_url":"https://www.openstreetmap.org/way/665945357","source":"OpenStreetMap"}},{"type":"Feature","geometry":{"type":"Point","coordinates":[-0.1456315,51.5194747]},"properties":{"name":"Cavendish Conference Centre","layer":"arts-centres","note":"OpenStreetMap","osm_id":"way/669875308","osm_url":"https://www.openstreetmap.org/way/669875308","source":"OpenStreetMap"}},{"type":"Feature","geometry":{"type":"Point","coordinates":[-2.611067,51.4471341]},"properties":{"name":"Spike Sculpture","layer":"arts-centres","note":"OpenStreetMap","osm_id":"way/670082068","osm_url":"https://www.openstreetmap.org/way/670082068","source":"OpenStreetMap"}},{"type":"Feature","geometry":{"type":"Point","coordinates":[-0.2626348,52.0867483]},"properties":{"name":"The Biggs Theatre","layer":"arts-centres","note":"OpenStreetMap","osm_id":"way/670571169","osm_url":"https://www.openstreetmap.org/way/670571169","source":"OpenStreetMap"}},{"type":"Feature","geometry":{"type":"Point","coordinates":[-0.079873,51.4743428]},"properties":{"name":"South London Gallery","layer":"arts-centres","note":"South London Gallery","osm_id":"way/67163594","osm_url":"https://www.openstreetmap.org/way/67163594","source":"OpenStreetMap","brand":"South London Gallery"}},{"type":"Feature","geometry":{"type":"Point","coordinates":[1.314475,51.9847139]},"properties":{"name":"Two Sisters Arts Centre","layer":"arts-centres","note":"OpenStreetMap","osm_id":"way/67255319","osm_url":"https://www.openstreetmap.org/way/67255319","source":"OpenStreetMap"}},{"type":"Feature","geometry":{"type":"Point","coordinates":[-6.3376484,54.1778151]},"properties":{"name":"Sean Hollywood Arts Centre","layer":"arts-centres","note":"OpenStreetMap","osm_id":"way/674984590","osm_url":"https://www.openstreetmap.org/way/674984590","source":"OpenStreetMap"}},{"type":"Feature","geometry":{"type":"Point","coordinates":[-7.2544436,54.6003905]},"properties":{"name":"Dún Uladh","layer":"arts-centres","note":"Comhaltas Ceoltóirí Éireann","osm_id":"way/676769621","osm_url":"https://www.openstreetmap.org/way/676769621","source":"OpenStreetMap","brand":"Comhaltas Ceoltóirí Éireann"}},{"type":"Feature","geometry":{"type":"Point","coordinates":[-6.2579107,58.4840144]},"properties":{"name":"Taigh Dhonnchaidh","layer":"arts-centres","note":"OpenStreetMap","osm_id":"way/689121858","osm_url":"https://www.openstreetmap.org/way/689121858","source":"OpenStreetMap"}},{"type":"Feature","geometry":{"type":"Point","coordinates":[-0.3599171,53.7546129]},"properties":{"name":"Artlink Centre for Community Arts","layer":"arts-centres","note":"OpenStreetMap","osm_id":"way/69281566","osm_url":"https://www.openstreetmap.org/way/69281566","source":"OpenStreetMap"}},{"type":"Feature","geometry":{"type":"Point","coordinates":[-0.5401809,52.3968958]},"properties":{"name":"The Plaza Centre","layer":"arts-centres","note":"OpenStreetMap","osm_id":"way/697459662","osm_url":"https://www.openstreetmap.org/way/697459662","source":"OpenStreetMap"}},{"type":"Feature","geometry":{"type":"Point","coordinates":[1.2611145,52.5379864]},"properties":{"name":"Anglian Region Theatre School (ARTS)","layer":"arts-centres","note":"OpenStreetMap","osm_id":"way/697951867","osm_url":"https://www.openstreetmap.org/way/697951867","source":"OpenStreetMap"}},{"type":"Feature","geometry":{"type":"Point","coordinates":[-5.531899,50.1158416]},"properties":{"name":"PZ Gallery","layer":"arts-centres","note":"OpenStreetMap","osm_id":"way/70259723","osm_url":"https://www.openstreetmap.org/way/70259723","source":"OpenStreetMap"}},{"type":"Feature","geometry":{"type":"Point","coordinates":[-3.1849407,55.9506837]},"properties":{"name":"Scottish Storytelling Centre","layer":"arts-centres","note":"OpenStreetMap","osm_id":"way/70954978","osm_url":"https://www.openstreetmap.org/way/70954978","source":"OpenStreetMap"}},{"type":"Feature","geometry":{"type":"Point","coordinates":[-2.1844577,51.4290661]},"properties":{"name":"The Pound Arts Centre","layer":"arts-centres","note":"OpenStreetMap","osm_id":"way/71196337","osm_url":"https://www.openstreetmap.org/way/71196337","source":"OpenStreetMap"}},{"type":"Feature","geometry":{"type":"Point","coordinates":[-4.6611493,52.0857208]},"properties":{"name":"Mwldan 4","layer":"arts-centres","note":"Theatr Mwldan","osm_id":"way/712156462","osm_url":"https://www.openstreetmap.org/way/712156462","source":"OpenStreetMap","brand":"Theatr Mwldan"}},{"type":"Feature","geometry":{"type":"Point","coordinates":[-2.748496,54.3247573]},"properties":{"name":"Brewery Arts Centre","layer":"arts-centres","note":"OpenStreetMap","osm_id":"way/71307135","osm_url":"https://www.openstreetmap.org/way/71307135","source":"OpenStreetMap"}},{"type":"Feature","geometry":{"type":"Point","coordinates":[-4.1698503,57.6886427]},"properties":{"name":"Invergordon Arts Centre","layer":"arts-centres","note":"OpenStreetMap","osm_id":"way/713972812","osm_url":"https://www.openstreetmap.org/way/713972812","source":"OpenStreetMap"}},{"type":"Feature","geometry":{"type":"Point","coordinates":[-3.8681858,57.5876397]},"properties":{"name":"WASPS Links Studios","layer":"arts-centres","note":"OpenStreetMap","osm_id":"way/715894925","osm_url":"https://www.openstreetmap.org/way/715894925","source":"OpenStreetMap"}},{"type":"Feature","geometry":{"type":"Point","coordinates":[-0.229028,51.4108203]},"properties":{"name":"Lantern Arts Centre","layer":"arts-centres","note":"OpenStreetMap","osm_id":"way/720631245","osm_url":"https://www.openstreetmap.org/way/720631245","source":"OpenStreetMap"}},{"type":"Feature","geometry":{"type":"Point","coordinates":[-0.142746,51.5684363]},"properties":{"name":"LUX","layer":"arts-centres","note":"OpenStreetMap","osm_id":"way/721275319","osm_url":"https://www.openstreetmap.org/way/721275319","source":"OpenStreetMap"}},{"type":"Feature","geometry":{"type":"Point","coordinates":[1.5070891,52.2670955]},"properties":{"name":"Freedom Works","layer":"arts-centres","note":"OpenStreetMap","osm_id":"way/724187737","osm_url":"https://www.openstreetmap.org/way/724187737","source":"OpenStreetMap"}},{"type":"Feature","geometry":{"type":"Point","coordinates":[-6.5725181,52.5039386]},"properties":{"name":"The Presentation Arts Centre","layer":"arts-centres","note":"OpenStreetMap","osm_id":"way/727909092","osm_url":"https://www.openstreetmap.org/way/727909092","source":"OpenStreetMap"}},{"type":"Feature","geometry":{"type":"Point","coordinates":[-1.9082524,52.4855063]},"properties":{"name":"St Pauls Gallery","layer":"arts-centres","note":"OpenStreetMap","osm_id":"way/73079700","osm_url":"https://www.openstreetmap.org/way/73079700","source":"OpenStreetMap"}},{"type":"Feature","geometry":{"type":"Point","coordinates":[-2.0752957,52.1101669]},"properties":{"name":"Number 8 Community Arts centre","layer":"arts-centres","note":"OpenStreetMap","osm_id":"way/73432255","osm_url":"https://www.openstreetmap.org/way/73432255","source":"OpenStreetMap"}},{"type":"Feature","geometry":{"type":"Point","coordinates":[-7.3033099,54.6007689]},"properties":{"name":"Strule Arts Centre","layer":"arts-centres","note":"OpenStreetMap","osm_id":"way/735019407","osm_url":"https://www.openstreetmap.org/way/735019407","source":"OpenStreetMap"}},{"type":"Feature","geometry":{"type":"Point","coordinates":[-2.7080698,53.7636126]},"properties":{"name":"St Peter's Art Centre","layer":"arts-centres","note":"University of Lancashire","osm_id":"way/73839604","osm_url":"https://www.openstreetmap.org/way/73839604","source":"OpenStreetMap","brand":"University of Lancashire"}},{"type":"Feature","geometry":{"type":"Point","coordinates":[-8.5336773,54.1533014]},"properties":{"name":"The Craft Gallery","layer":"arts-centres","note":"OpenStreetMap","osm_id":"way/742601085","osm_url":"https://www.openstreetmap.org/way/742601085","source":"OpenStreetMap"}},{"type":"Feature","geometry":{"type":"Point","coordinates":[-0.4052499,51.4067606]},"properties":{"name":"Riverside Arts Centre","layer":"arts-centres","note":"OpenStreetMap","osm_id":"way/749261032","osm_url":"https://www.openstreetmap.org/way/749261032","source":"OpenStreetMap"}},{"type":"Feature","geometry":{"type":"Point","coordinates":[-8.4738034,51.9103273]},"properties":{"name":"Cork Community Art Link","layer":"arts-centres","note":"OpenStreetMap","osm_id":"way/761556316","osm_url":"https://www.openstreetmap.org/way/761556316","source":"OpenStreetMap"}},{"type":"Feature","geometry":{"type":"Point","coordinates":[-0.9809754,54.5807124]},"properties":{"name":"The Earthbeat Centre","layer":"arts-centres","note":"OpenStreetMap","osm_id":"way/762595807","osm_url":"https://www.openstreetmap.org/way/762595807","source":"OpenStreetMap"}},{"type":"Feature","geometry":{"type":"Point","coordinates":[-1.8945678,52.4990756]},"properties":{"name":"The Drum","layer":"arts-centres","note":"OpenStreetMap","osm_id":"way/77068983","osm_url":"https://www.openstreetmap.org/way/77068983","source":"OpenStreetMap"}},{"type":"Feature","geometry":{"type":"Point","coordinates":[-2.8067703,50.9484745]},"properties":{"name":"The David Hall","layer":"arts-centres","note":"OpenStreetMap","osm_id":"way/776888756","osm_url":"https://www.openstreetmap.org/way/776888756","source":"OpenStreetMap"}},{"type":"Feature","geometry":{"type":"Point","coordinates":[-9.4907356,51.6916519]},"properties":{"name":"Arts centre","layer":"arts-centres","note":"OpenStreetMap","osm_id":"way/777529009","osm_url":"https://www.openstreetmap.org/way/777529009","source":"OpenStreetMap"}},{"type":"Feature","geometry":{"type":"Point","coordinates":[-0.1011433,51.5081907]},"properties":{"name":"Bankside Gallery","layer":"arts-centres","note":"OpenStreetMap","osm_id":"way/77755310","osm_url":"https://www.openstreetmap.org/way/77755310","source":"OpenStreetMap"}},{"type":"Feature","geometry":{"type":"Point","coordinates":[-4.242996,55.8549144]},"properties":{"name":"St Andrew's in the Square","layer":"arts-centres","note":"OpenStreetMap","osm_id":"way/78405233","osm_url":"https://www.openstreetmap.org/way/78405233","source":"OpenStreetMap"}},{"type":"Feature","geometry":{"type":"Point","coordinates":[-1.5475211,53.8000764]},"properties":{"name":"Henry Moore Institute","layer":"arts-centres","note":"OpenStreetMap","osm_id":"way/78507133","osm_url":"https://www.openstreetmap.org/way/78507133","source":"OpenStreetMap"}},{"type":"Feature","geometry":{"type":"Point","coordinates":[0.9959913,52.1877423]},"properties":{"name":"John Peel Centre for Creative Arts","layer":"arts-centres","note":"OpenStreetMap","osm_id":"way/791417957","osm_url":"https://www.openstreetmap.org/way/791417957","source":"OpenStreetMap"}},{"type":"Feature","geometry":{"type":"Point","coordinates":[-4.6383452,53.3093826]},"properties":{"name":"Ucheldre Centre","layer":"arts-centres","note":"OpenStreetMap","osm_id":"way/793320576","osm_url":"https://www.openstreetmap.org/way/793320576","source":"OpenStreetMap"}},{"type":"Feature","geometry":{"type":"Point","coordinates":[-4.7578457,54.087058]},"properties":{"name":"Erin Arts Centre","layer":"arts-centres","note":"OpenStreetMap","osm_id":"way/79396353","osm_url":"https://www.openstreetmap.org/way/79396353","source":"OpenStreetMap"}},{"type":"Feature","geometry":{"type":"Point","coordinates":[-3.1817966,55.9400833]},"properties":{"name":"Summerhall","layer":"arts-centres","note":"OpenStreetMap","osm_id":"way/79689765","osm_url":"https://www.openstreetmap.org/way/79689765","source":"OpenStreetMap"}},{"type":"Feature","geometry":{"type":"Point","coordinates":[-0.124366,51.5227717]},"properties":{"name":"The Horse Hospital","layer":"arts-centres","note":"OpenStreetMap","osm_id":"way/804410349","osm_url":"https://www.openstreetmap.org/way/804410349","source":"OpenStreetMap"}},{"type":"Feature","geometry":{"type":"Point","coordinates":[-1.9038895,52.452821]},"properties":{"name":"Midlands Arts Centre (MAC)","layer":"arts-centres","note":"OpenStreetMap","osm_id":"way/81001151","osm_url":"https://www.openstreetmap.org/way/81001151","source":"OpenStreetMap"}},{"type":"Feature","geometry":{"type":"Point","coordinates":[-2.7275034,53.7500669]},"properties":{"name":"The Venue","layer":"arts-centres","note":"OpenStreetMap","osm_id":"way/81215038","osm_url":"https://www.openstreetmap.org/way/81215038","source":"OpenStreetMap"}},{"type":"Feature","geometry":{"type":"Point","coordinates":[-0.0836725,51.7987685]},"properties":{"name":"Courtyard Arts","layer":"arts-centres","note":"OpenStreetMap","osm_id":"way/817807083","osm_url":"https://www.openstreetmap.org/way/817807083","source":"OpenStreetMap"}},{"type":"Feature","geometry":{"type":"Point","coordinates":[-0.1883827,51.4998848]},"properties":{"name":"Arts centre","layer":"arts-centres","note":"OpenStreetMap","osm_id":"way/818264650","osm_url":"https://www.openstreetmap.org/way/818264650","source":"OpenStreetMap"}},{"type":"Feature","geometry":{"type":"Point","coordinates":[-3.2504699,51.1364024]},"properties":{"name":"National Centre for Folk Arts","layer":"arts-centres","note":"Halsway Manor Society","osm_id":"way/81945933","osm_url":"https://www.openstreetmap.org/way/81945933","source":"OpenStreetMap","brand":"Halsway Manor Society"}},{"type":"Feature","geometry":{"type":"Point","coordinates":[-0.0096113,50.9909619]},"properties":{"name":"Arts centre","layer":"arts-centres","note":"OpenStreetMap","osm_id":"way/820163938","osm_url":"https://www.openstreetmap.org/way/820163938","source":"OpenStreetMap"}},{"type":"Feature","geometry":{"type":"Point","coordinates":[-1.29213,50.7019559]},"properties":{"name":"Quay Arts Centre","layer":"arts-centres","note":"OpenStreetMap","osm_id":"way/82461260","osm_url":"https://www.openstreetmap.org/way/82461260","source":"OpenStreetMap"}},{"type":"Feature","geometry":{"type":"Point","coordinates":[-8.1602246,52.4751365]},"properties":{"name":"Tipperary Excel","layer":"arts-centres","note":"OpenStreetMap","osm_id":"way/828497986","osm_url":"https://www.openstreetmap.org/way/828497986","source":"OpenStreetMap"}},{"type":"Feature","geometry":{"type":"Point","coordinates":[-1.9074753,52.4849733]},"properties":{"name":"RBSA Gallery","layer":"arts-centres","note":"OpenStreetMap","osm_id":"way/82893050","osm_url":"https://www.openstreetmap.org/way/82893050","source":"OpenStreetMap"}},{"type":"Feature","geometry":{"type":"Point","coordinates":[1.6023654,52.1531192]},"properties":{"name":"Aldeburgh Jubilee Hall","layer":"arts-centres","note":"OpenStreetMap","osm_id":"way/829843443","osm_url":"https://www.openstreetmap.org/way/829843443","source":"OpenStreetMap"}},{"type":"Feature","geometry":{"type":"Point","coordinates":[-7.7005226,52.3549]},"properties":{"name":"Mischief of Rats","layer":"arts-centres","note":"OpenStreetMap","osm_id":"way/830858226","osm_url":"https://www.openstreetmap.org/way/830858226","source":"OpenStreetMap"}},{"type":"Feature","geometry":{"type":"Point","coordinates":[-7.6949663,52.3545963]},"properties":{"name":"STAC Chapel","layer":"arts-centres","note":"OpenStreetMap","osm_id":"way/831400040","osm_url":"https://www.openstreetmap.org/way/831400040","source":"OpenStreetMap"}},{"type":"Feature","geometry":{"type":"Point","coordinates":[-6.2442877,53.3365223]},"properties":{"name":"Peppercannister Gallery","layer":"arts-centres","note":"OpenStreetMap","osm_id":"way/84000350","osm_url":"https://www.openstreetmap.org/way/84000350","source":"OpenStreetMap"}},{"type":"Feature","geometry":{"type":"Point","coordinates":[-4.0528084,54.8349689]},"properties":{"name":"Cannonwalls and Claverhouse","layer":"arts-centres","note":"WASPS","osm_id":"way/842232958","osm_url":"https://www.openstreetmap.org/way/842232958","source":"OpenStreetMap","brand":"WASPS"}},{"type":"Feature","geometry":{"type":"Point","coordinates":[-1.4171722,50.9263885]},"properties":{"name":"Sound Pop Academy","layer":"arts-centres","note":"OpenStreetMap","osm_id":"way/842984775","osm_url":"https://www.openstreetmap.org/way/842984775","source":"OpenStreetMap"}},{"type":"Feature","geometry":{"type":"Point","coordinates":[-4.3220591,55.9257358]},"properties":{"name":"Kilmardinny House","layer":"arts-centres","note":"OpenStreetMap","osm_id":"way/85486201","osm_url":"https://www.openstreetmap.org/way/85486201","source":"OpenStreetMap"}},{"type":"Feature","geometry":{"type":"Point","coordinates":[-9.4860844,52.4449427]},"properties":{"name":"St John's Theatre & Arts Centre","layer":"arts-centres","note":"OpenStreetMap","osm_id":"way/855449874","osm_url":"https://www.openstreetmap.org/way/855449874","source":"OpenStreetMap"}},{"type":"Feature","geometry":{"type":"Point","coordinates":[-0.1423857,51.4636639]},"properties":{"name":"Omnibus Clapham","layer":"arts-centres","note":"OpenStreetMap","osm_id":"way/85865464","osm_url":"https://www.openstreetmap.org/way/85865464","source":"OpenStreetMap"}},{"type":"Feature","geometry":{"type":"Point","coordinates":[-3.2035804,51.4830588]},"properties":{"name":"Chapter","layer":"arts-centres","note":"OpenStreetMap","osm_id":"way/86251053","osm_url":"https://www.openstreetmap.org/way/86251053","source":"OpenStreetMap"}},{"type":"Feature","geometry":{"type":"Point","coordinates":[-2.9527339,55.9447422]},"properties":{"name":"The Fraser Centre","layer":"arts-centres","note":"OpenStreetMap","osm_id":"way/863342049","osm_url":"https://www.openstreetmap.org/way/863342049","source":"OpenStreetMap"}},{"type":"Feature","geometry":{"type":"Point","coordinates":[-8.1994332,52.8650228]},"properties":{"name":"Nenagh Arts Centre","layer":"arts-centres","note":"OpenStreetMap","osm_id":"way/864828366","osm_url":"https://www.openstreetmap.org/way/864828366","source":"OpenStreetMap"}},{"type":"Feature","geometry":{"type":"Point","coordinates":[-1.5035515,53.6823559]},"properties":{"name":"The Art House Wakefield","layer":"arts-centres","note":"OpenStreetMap","osm_id":"way/87266521","osm_url":"https://www.openstreetmap.org/way/87266521","source":"OpenStreetMap"}},{"type":"Feature","geometry":{"type":"Point","coordinates":[-4.4833114,52.8543577]},"properties":{"name":"Plas Glyn-y-Weddw","layer":"arts-centres","note":"OpenStreetMap","osm_id":"way/87313343","osm_url":"https://www.openstreetmap.org/way/87313343","source":"OpenStreetMap"}},{"type":"Feature","geometry":{"type":"Point","coordinates":[0.2514964,51.4803372]},"properties":{"name":"Kinetika Design Studio","layer":"arts-centres","note":"OpenStreetMap","osm_id":"way/875842544","osm_url":"https://www.openstreetmap.org/way/875842544","source":"OpenStreetMap"}},{"type":"Feature","geometry":{"type":"Point","coordinates":[0.2534339,51.4805233]},"properties":{"name":"Bob and Tamar Manoukian Costume Centre","layer":"arts-centres","note":"OpenStreetMap","osm_id":"way/875842545","osm_url":"https://www.openstreetmap.org/way/875842545","source":"OpenStreetMap"}},{"type":"Feature","geometry":{"type":"Point","coordinates":[-2.1577925,53.6139556]},"properties":{"name":"Skylight Circus Arts","layer":"arts-centres","note":"OpenStreetMap","osm_id":"way/878176320","osm_url":"https://www.openstreetmap.org/way/878176320","source":"OpenStreetMap"}},{"type":"Feature","geometry":{"type":"Point","coordinates":[-7.3243348,53.1155527]},"properties":{"name":"Community Arts Centre","layer":"arts-centres","note":"OpenStreetMap","osm_id":"way/882084038","osm_url":"https://www.openstreetmap.org/way/882084038","source":"OpenStreetMap"}},{"type":"Feature","geometry":{"type":"Point","coordinates":[0.3716691,51.4446971]},"properties":{"name":"St Andrew's Arts Centre","layer":"arts-centres","note":"OpenStreetMap","osm_id":"way/88213785","osm_url":"https://www.openstreetmap.org/way/88213785","source":"OpenStreetMap"}},{"type":"Feature","geometry":{"type":"Point","coordinates":[-3.4003212,52.1500675]},"properties":{"name":"Wyeside Art Centre","layer":"arts-centres","note":"OpenStreetMap","osm_id":"way/886482645","osm_url":"https://www.openstreetmap.org/way/886482645","source":"OpenStreetMap"}},{"type":"Feature","geometry":{"type":"Point","coordinates":[-6.6859408,53.6504281]},"properties":{"name":"Solstice Art Centre","layer":"arts-centres","note":"OpenStreetMap","osm_id":"way/88727062","osm_url":"https://www.openstreetmap.org/way/88727062","source":"OpenStreetMap"}},{"type":"Feature","geometry":{"type":"Point","coordinates":[-6.6535519,52.6550905]},"properties":{"name":"Arts Bank","layer":"arts-centres","note":"OpenStreetMap","osm_id":"way/895447042","osm_url":"https://www.openstreetmap.org/way/895447042","source":"OpenStreetMap"}},{"type":"Feature","geometry":{"type":"Point","coordinates":[-0.3426744,52.2680893]},"properties":{"name":"Fifth Province Productions","layer":"arts-centres","note":"OpenStreetMap","osm_id":"way/905043824","osm_url":"https://www.openstreetmap.org/way/905043824","source":"OpenStreetMap"}},{"type":"Feature","geometry":{"type":"Point","coordinates":[-2.6082669,51.4581139]},"properties":{"name":"Royal West of England Academy Of Art","layer":"arts-centres","note":"OpenStreetMap","osm_id":"way/91186164","osm_url":"https://www.openstreetmap.org/way/91186164","source":"OpenStreetMap"}},{"type":"Feature","geometry":{"type":"Point","coordinates":[-2.9910099,53.0465035]},"properties":{"name":"Tŷ Pawb","layer":"arts-centres","note":"OpenStreetMap","osm_id":"way/912187321","osm_url":"https://www.openstreetmap.org/way/912187321","source":"OpenStreetMap"}},{"type":"Feature","geometry":{"type":"Point","coordinates":[-2.4630361,57.0633335]},"properties":{"name":"Woodend Barn Arts Centre","layer":"arts-centres","note":"OpenStreetMap","osm_id":"way/92341879","osm_url":"https://www.openstreetmap.org/way/92341879","source":"OpenStreetMap"}},{"type":"Feature","geometry":{"type":"Point","coordinates":[-1.3316235,52.0630398]},"properties":{"name":"The Mill","layer":"arts-centres","note":"OpenStreetMap","osm_id":"way/924801157","osm_url":"https://www.openstreetmap.org/way/924801157","source":"OpenStreetMap"}},{"type":"Feature","geometry":{"type":"Point","coordinates":[-6.4639776,52.3395721]},"properties":{"name":"Wexford Arts Centre","layer":"arts-centres","note":"OpenStreetMap","osm_id":"way/92741130","osm_url":"https://www.openstreetmap.org/way/92741130","source":"OpenStreetMap"}},{"type":"Feature","geometry":{"type":"Point","coordinates":[-2.6340161,53.5458495]},"properties":{"name":"The Old Courts","layer":"arts-centres","note":"OpenStreetMap","osm_id":"way/941847276","osm_url":"https://www.openstreetmap.org/way/941847276","source":"OpenStreetMap"}},{"type":"Feature","geometry":{"type":"Point","coordinates":[-0.1337877,50.8288117]},"properties":{"name":"Phoenix Art Space","layer":"arts-centres","note":"OpenStreetMap","osm_id":"way/948986833","osm_url":"https://www.openstreetmap.org/way/948986833","source":"OpenStreetMap"}},{"type":"Feature","geometry":{"type":"Point","coordinates":[-2.1861133,53.4451336]},"properties":{"name":"Levenshulme Old Library","layer":"arts-centres","note":"OpenStreetMap","osm_id":"way/94975142","osm_url":"https://www.openstreetmap.org/way/94975142","source":"OpenStreetMap"}},{"type":"Feature","geometry":{"type":"Point","coordinates":[-0.1989692,51.5429906]},"properties":{"name":"Arthur Murry Dance School","layer":"arts-centres","note":"OpenStreetMap","osm_id":"way/95213599","osm_url":"https://www.openstreetmap.org/way/95213599","source":"OpenStreetMap"}},{"type":"Feature","geometry":{"type":"Point","coordinates":[-3.2068502,51.4851894]},"properties":{"name":"Llanover Hall Arts Centre","layer":"arts-centres","note":"OpenStreetMap","osm_id":"way/95779420","osm_url":"https://www.openstreetmap.org/way/95779420","source":"OpenStreetMap"}},{"type":"Feature","geometry":{"type":"Point","coordinates":[-0.2433499,51.5024191]},"properties":{"name":"Kite Studios Art School","layer":"arts-centres","note":"OpenStreetMap","osm_id":"way/957902169","osm_url":"https://www.openstreetmap.org/way/957902169","source":"OpenStreetMap"}},{"type":"Feature","geometry":{"type":"Point","coordinates":[-0.1412604,51.4979062]},"properties":{"name":"Cardinal Place Roof Garden","layer":"arts-centres","note":"OpenStreetMap","osm_id":"way/962600887","osm_url":"https://www.openstreetmap.org/way/962600887","source":"OpenStreetMap"}},{"type":"Feature","geometry":{"type":"Point","coordinates":[-3.8320617,53.2819131]},"properties":{"name":"Conwy Culture Centre","layer":"arts-centres","note":"OpenStreetMap","osm_id":"way/963565505","osm_url":"https://www.openstreetmap.org/way/963565505","source":"OpenStreetMap"}},{"type":"Feature","geometry":{"type":"Point","coordinates":[-0.7706523,50.9082068]},"properties":{"name":"Edward James Studios","layer":"arts-centres","note":"OpenStreetMap","osm_id":"way/964586681","osm_url":"https://www.openstreetmap.org/way/964586681","source":"OpenStreetMap"}},{"type":"Feature","geometry":{"type":"Point","coordinates":[1.0235357,51.3606778]},"properties":{"name":"The Horsebridge","layer":"arts-centres","note":"OpenStreetMap","osm_id":"way/967609841","osm_url":"https://www.openstreetmap.org/way/967609841","source":"OpenStreetMap"}},{"type":"Feature","geometry":{"type":"Point","coordinates":[-1.240501,51.6068226]},"properties":{"name":"Cornerstone Arts Centre","layer":"arts-centres","note":"OpenStreetMap","osm_id":"way/973081276","osm_url":"https://www.openstreetmap.org/way/973081276","source":"OpenStreetMap"}},{"type":"Feature","geometry":{"type":"Point","coordinates":[-6.2899593,53.3540658]},"properties":{"name":"JaJa Studios","layer":"arts-centres","note":"OpenStreetMap","osm_id":"way/973828566","osm_url":"https://www.openstreetmap.org/way/973828566","source":"OpenStreetMap"}},{"type":"Feature","geometry":{"type":"Point","coordinates":[-3.3403042,51.6044376]},"properties":{"name":"YMa","layer":"arts-centres","note":"OpenStreetMap","osm_id":"way/97741838","osm_url":"https://www.openstreetmap.org/way/97741838","source":"OpenStreetMap"}},{"type":"Feature","geometry":{"type":"Point","coordinates":[1.4006989,51.3868125]},"properties":{"name":"Margate Arts Club","layer":"arts-centres","note":"OpenStreetMap","osm_id":"way/979807700","osm_url":"https://www.openstreetmap.org/way/979807700","source":"OpenStreetMap"}},{"type":"Feature","geometry":{"type":"Point","coordinates":[-3.1865501,51.4752955]},"properties":{"name":"Tramshed","layer":"arts-centres","note":"Cardiff Council","osm_id":"way/986375846","osm_url":"https://www.openstreetmap.org/way/986375846","source":"OpenStreetMap","brand":"Cardiff Council"}},{"type":"Feature","geometry":{"type":"Point","coordinates":[0.3424372,51.4359865]},"properties":{"name":"Gravesend & District Theatre Guild","layer":"arts-centres","note":"OpenStreetMap","osm_id":"way/986667571","osm_url":"https://www.openstreetmap.org/way/986667571","source":"OpenStreetMap"}},{"type":"Feature","geometry":{"type":"Point","coordinates":[-3.1633147,51.4648773]},"properties":{"name":"Wales Millennium Centre","layer":"arts-centres","note":"OpenStreetMap","osm_id":"way/987017194","osm_url":"https://www.openstreetmap.org/way/987017194","source":"OpenStreetMap"}},{"type":"Feature","geometry":{"type":"Point","coordinates":[-8.7568168,52.8663423]},"properties":{"name":"Cnoc na Gaoithe","layer":"arts-centres","note":"Comhaltas Ceoltóirí Éireann","osm_id":"way/992812671","osm_url":"https://www.openstreetmap.org/way/992812671","source":"OpenStreetMap","brand":"Comhaltas Ceoltóirí Éireann"}},{"type":"Feature","geometry":{"type":"Point","coordinates":[-3.1959405,51.6695219]},"properties":{"name":"Blackwood Miners Institute","layer":"arts-centres","note":"Caerphilly County Borough Council","osm_id":"way/998152906","osm_url":"https://www.openstreetmap.org/way/998152906","source":"OpenStreetMap","brand":"Caerphilly County Borough Council"}}]}
