{"type":"FeatureCollection","features":[{"type":"Feature","geometry":{"type":"Point","coordinates":[-9.0567174,53.2712149]},"properties":{"name":"Silent Cinema","layer":"cinemas","note":"OpenStreetMap","osm_id":"node/10037963726","osm_url":"https://www.openstreetmap.org/node/10037963726","source":"OpenStreetMap"}},{"type":"Feature","geometry":{"type":"Point","coordinates":[-6.2422657,53.2880403]},"properties":{"name":"Movies@ Dundrum","layer":"cinemas","note":"OpenStreetMap","osm_id":"node/1012931837","osm_url":"https://www.openstreetmap.org/node/1012931837","source":"OpenStreetMap"}},{"type":"Feature","geometry":{"type":"Point","coordinates":[-3.1882228,55.9550854]},"properties":{"name":"Everyman","layer":"cinemas","note":"Everyman Cinemas","osm_id":"node/10226495520","osm_url":"https://www.openstreetmap.org/node/10226495520","source":"OpenStreetMap","brand":"Everyman Cinemas"}},{"type":"Feature","geometry":{"type":"Point","coordinates":[-0.1922538,51.459185]},"properties":{"name":"Backyard Cinema","layer":"cinemas","note":"OpenStreetMap","osm_id":"node/10255674577","osm_url":"https://www.openstreetmap.org/node/10255674577","source":"OpenStreetMap"}},{"type":"Feature","geometry":{"type":"Point","coordinates":[-3.5310451,50.7251588]},"properties":{"name":"Studio 74","layer":"cinemas","note":"OpenStreetMap","osm_id":"node/10315319311","osm_url":"https://www.openstreetmap.org/node/10315319311","source":"OpenStreetMap"}},{"type":"Feature","geometry":{"type":"Point","coordinates":[-0.1311127,51.5061096]},"properties":{"name":"ICA Cinema","layer":"cinemas","note":"OpenStreetMap","osm_id":"node/10554856531","osm_url":"https://www.openstreetmap.org/node/10554856531","source":"OpenStreetMap"}},{"type":"Feature","geometry":{"type":"Point","coordinates":[0.073899,51.5574848]},"properties":{"name":"Cineworld","layer":"cinemas","note":"Cineworld","osm_id":"node/10583928430","osm_url":"https://www.openstreetmap.org/node/10583928430","source":"OpenStreetMap","brand":"Cineworld"}},{"type":"Feature","geometry":{"type":"Point","coordinates":[-2.7977093,56.3417113]},"properties":{"name":"New Picture House","layer":"cinemas","note":"OpenStreetMap","osm_id":"node/10678501959","osm_url":"https://www.openstreetmap.org/node/10678501959","source":"OpenStreetMap"}},{"type":"Feature","geometry":{"type":"Point","coordinates":[-2.1558455,53.6178417]},"properties":{"name":"Reel Cinema Rochdale","layer":"cinemas","note":"OpenStreetMap","osm_id":"node/10703003522","osm_url":"https://www.openstreetmap.org/node/10703003522","source":"OpenStreetMap"}},{"type":"Feature","geometry":{"type":"Point","coordinates":[-2.4939691,53.4931609]},"properties":{"name":"Leigh Film Factory","layer":"cinemas","note":"OpenStreetMap","osm_id":"node/10748737567","osm_url":"https://www.openstreetmap.org/node/10748737567","source":"OpenStreetMap"}},{"type":"Feature","geometry":{"type":"Point","coordinates":[-2.5185734,52.701273]},"properties":{"name":"Wellington Orbit","layer":"cinemas","note":"OpenStreetMap","osm_id":"node/10753550425","osm_url":"https://www.openstreetmap.org/node/10753550425","source":"OpenStreetMap"}},{"type":"Feature","geometry":{"type":"Point","coordinates":[-5.4818971,50.2110805]},"properties":{"name":"Royal Cinema","layer":"cinemas","note":"Merlin Cinemas","osm_id":"node/10816746626","osm_url":"https://www.openstreetmap.org/node/10816746626","source":"OpenStreetMap","brand":"Merlin Cinemas"}},{"type":"Feature","geometry":{"type":"Point","coordinates":[-6.201477,57.4016167]},"properties":{"name":"LAS","layer":"cinemas","note":"OpenStreetMap","osm_id":"node/10825232542","osm_url":"https://www.openstreetmap.org/node/10825232542","source":"OpenStreetMap"}},{"type":"Feature","geometry":{"type":"Point","coordinates":[-0.3474325,53.7450491]},"properties":{"name":"REEL Cinema","layer":"cinemas","note":"REEL Cinemas","osm_id":"node/10879230747","osm_url":"https://www.openstreetmap.org/node/10879230747","source":"OpenStreetMap","brand":"REEL Cinemas"}},{"type":"Feature","geometry":{"type":"Point","coordinates":[-0.2979129,51.4858042]},"properties":{"name":"Watermans Arts Centre","layer":"cinemas","note":"OpenStreetMap","osm_id":"node/1097177019","osm_url":"https://www.openstreetmap.org/node/1097177019","source":"OpenStreetMap"}},{"type":"Feature","geometry":{"type":"Point","coordinates":[-2.9445042,51.7710307]},"properties":{"name":"Cinema","layer":"cinemas","note":"OpenStreetMap","osm_id":"node/10984358323","osm_url":"https://www.openstreetmap.org/node/10984358323","source":"OpenStreetMap"}},{"type":"Feature","geometry":{"type":"Point","coordinates":[-0.1679671,51.2394619]},"properties":{"name":"The Light","layer":"cinemas","note":"The Light","osm_id":"node/10988985214","osm_url":"https://www.openstreetmap.org/node/10988985214","source":"OpenStreetMap","brand":"The Light"}},{"type":"Feature","geometry":{"type":"Point","coordinates":[-7.3417847,53.5294007]},"properties":{"name":"Omniplex Mullingar","layer":"cinemas","note":"Omniplex Cinemas","osm_id":"node/11002385521","osm_url":"https://www.openstreetmap.org/node/11002385521","source":"OpenStreetMap","brand":"Omniplex Cinemas"}},{"type":"Feature","geometry":{"type":"Point","coordinates":[-6.3725097,53.2868099]},"properties":{"name":"Movies@ The Square","layer":"cinemas","note":"OpenStreetMap","osm_id":"node/11047224566","osm_url":"https://www.openstreetmap.org/node/11047224566","source":"OpenStreetMap"}},{"type":"Feature","geometry":{"type":"Point","coordinates":[-0.1434672,51.5422302]},"properties":{"name":"Curzon Camden","layer":"cinemas","note":"Curzon","osm_id":"node/11047352452","osm_url":"https://www.openstreetmap.org/node/11047352452","source":"OpenStreetMap","brand":"Curzon"}},{"type":"Feature","geometry":{"type":"Point","coordinates":[1.1875889,51.0783404]},"properties":{"name":"The Harbour Screen","layer":"cinemas","note":"OpenStreetMap","osm_id":"node/11049139152","osm_url":"https://www.openstreetmap.org/node/11049139152","source":"OpenStreetMap"}},{"type":"Feature","geometry":{"type":"Point","coordinates":[0.7145794,52.2442264]},"properties":{"name":"Abbeygate Cinema","layer":"cinemas","note":"OpenStreetMap","osm_id":"node/11114600933","osm_url":"https://www.openstreetmap.org/node/11114600933","source":"OpenStreetMap"}},{"type":"Feature","geometry":{"type":"Point","coordinates":[-0.20428,51.2368392]},"properties":{"name":"Everyman Cinema, Reigate","layer":"cinemas","note":"Everyman Cinemas","osm_id":"node/1120515003","osm_url":"https://www.openstreetmap.org/node/1120515003","source":"OpenStreetMap","brand":"Everyman Cinemas"}},{"type":"Feature","geometry":{"type":"Point","coordinates":[-4.2516395,55.8566876]},"properties":{"name":"Vue","layer":"cinemas","note":"Vue","osm_id":"node/11212256110","osm_url":"https://www.openstreetmap.org/node/11212256110","source":"OpenStreetMap","brand":"Vue"}},{"type":"Feature","geometry":{"type":"Point","coordinates":[0.1790185,51.5747423]},"properties":{"name":"Vue","layer":"cinemas","note":"Vue","osm_id":"node/1125267112","osm_url":"https://www.openstreetmap.org/node/1125267112","source":"OpenStreetMap","brand":"Vue"}},{"type":"Feature","geometry":{"type":"Point","coordinates":[-0.3068819,51.5119899]},"properties":{"name":"Ealing Picturehouse","layer":"cinemas","note":"Picturehouse Cinemas","osm_id":"node/11287168754","osm_url":"https://www.openstreetmap.org/node/11287168754","source":"OpenStreetMap","brand":"Picturehouse Cinemas"}},{"type":"Feature","geometry":{"type":"Point","coordinates":[-5.9258795,54.59844]},"properties":{"name":"Odeon","layer":"cinemas","note":"Odeon","osm_id":"node/11407281203","osm_url":"https://www.openstreetmap.org/node/11407281203","source":"OpenStreetMap","brand":"Odeon"}},{"type":"Feature","geometry":{"type":"Point","coordinates":[-3.1948488,51.6653558]},"properties":{"name":"Maxime Cinema Blackwood","layer":"cinemas","note":"OpenStreetMap","osm_id":"node/11460179698","osm_url":"https://www.openstreetmap.org/node/11460179698","source":"OpenStreetMap"}},{"type":"Feature","geometry":{"type":"Point","coordinates":[-6.6541559,55.2073559]},"properties":{"name":"The Playhouse","layer":"cinemas","note":"OpenStreetMap","osm_id":"node/11499974667","osm_url":"https://www.openstreetmap.org/node/11499974667","source":"OpenStreetMap"}},{"type":"Feature","geometry":{"type":"Point","coordinates":[-7.9329637,53.4204683]},"properties":{"name":"IMC","layer":"cinemas","note":"Irish Multiplex Cinemas","osm_id":"node/1153832202","osm_url":"https://www.openstreetmap.org/node/1153832202","source":"OpenStreetMap","brand":"Irish Multiplex Cinemas"}},{"type":"Feature","geometry":{"type":"Point","coordinates":[-0.1777493,51.49721]},"properties":{"name":"The Ronson Theatre","layer":"cinemas","note":"OpenStreetMap","osm_id":"node/11709415903","osm_url":"https://www.openstreetmap.org/node/11709415903","source":"OpenStreetMap"}},{"type":"Feature","geometry":{"type":"Point","coordinates":[-2.4859999,52.9037513]},"properties":{"name":"Festival Drayton Centre","layer":"cinemas","note":"OpenStreetMap","osm_id":"node/1174141203","osm_url":"https://www.openstreetmap.org/node/1174141203","source":"OpenStreetMap"}},{"type":"Feature","geometry":{"type":"Point","coordinates":[-0.2747628,51.6549265]},"properties":{"name":"Reel Cinema","layer":"cinemas","note":"OpenStreetMap","osm_id":"node/11744997173","osm_url":"https://www.openstreetmap.org/node/11744997173","source":"OpenStreetMap"}},{"type":"Feature","geometry":{"type":"Point","coordinates":[0.3681929,51.4397541]},"properties":{"name":"The Woodville","layer":"cinemas","note":"OpenStreetMap","osm_id":"node/11755788201","osm_url":"https://www.openstreetmap.org/node/11755788201","source":"OpenStreetMap"}},{"type":"Feature","geometry":{"type":"Point","coordinates":[-2.3220793,51.2315758]},"properties":{"name":"Westway Cinema","layer":"cinemas","note":"OpenStreetMap","osm_id":"node/1179821084","osm_url":"https://www.openstreetmap.org/node/1179821084","source":"OpenStreetMap"}},{"type":"Feature","geometry":{"type":"Point","coordinates":[-0.251007,51.4930902]},"properties":{"name":"The Chiswick Cinema","layer":"cinemas","note":"OpenStreetMap","osm_id":"node/11809363653","osm_url":"https://www.openstreetmap.org/node/11809363653","source":"OpenStreetMap"}},{"type":"Feature","geometry":{"type":"Point","coordinates":[-0.3626798,51.4695854]},"properties":{"name":"Cineworld","layer":"cinemas","note":"Cineworld","osm_id":"node/11861674142","osm_url":"https://www.openstreetmap.org/node/11861674142","source":"OpenStreetMap","brand":"Cineworld"}},{"type":"Feature","geometry":{"type":"Point","coordinates":[-0.9561542,50.785437]},"properties":{"name":"Cinema","layer":"cinemas","note":"OpenStreetMap","osm_id":"node/11886324470","osm_url":"https://www.openstreetmap.org/node/11886324470","source":"OpenStreetMap"}},{"type":"Feature","geometry":{"type":"Point","coordinates":[-0.7948056,51.2154964]},"properties":{"name":"REEL Cinema","layer":"cinemas","note":"REEL Cinemas","osm_id":"node/11887188655","osm_url":"https://www.openstreetmap.org/node/11887188655","source":"OpenStreetMap","brand":"REEL Cinemas"}},{"type":"Feature","geometry":{"type":"Point","coordinates":[-3.0524611,53.8163115]},"properties":{"name":"The Arc Cinema","layer":"cinemas","note":"OpenStreetMap","osm_id":"node/11896608948","osm_url":"https://www.openstreetmap.org/node/11896608948","source":"OpenStreetMap"}},{"type":"Feature","geometry":{"type":"Point","coordinates":[0.7092206,52.2455151]},"properties":{"name":"Everyman","layer":"cinemas","note":"Everyman Cinemas","osm_id":"node/12068203321","osm_url":"https://www.openstreetmap.org/node/12068203321","source":"OpenStreetMap","brand":"Everyman Cinemas"}},{"type":"Feature","geometry":{"type":"Point","coordinates":[-1.5426993,50.7597347]},"properties":{"name":"The Malt Cinema","layer":"cinemas","note":"OpenStreetMap","osm_id":"node/12081217193","osm_url":"https://www.openstreetmap.org/node/12081217193","source":"OpenStreetMap"}},{"type":"Feature","geometry":{"type":"Point","coordinates":[-2.6579663,53.5460304]},"properties":{"name":"Omniplex Cinema","layer":"cinemas","note":"OpenStreetMap","osm_id":"node/12122943865","osm_url":"https://www.openstreetmap.org/node/12122943865","source":"OpenStreetMap"}},{"type":"Feature","geometry":{"type":"Point","coordinates":[-3.919436,56.14566]},"properties":{"name":"McRobert","layer":"cinemas","note":"OpenStreetMap","osm_id":"node/1215424272","osm_url":"https://www.openstreetmap.org/node/1215424272","source":"OpenStreetMap"}},{"type":"Feature","geometry":{"type":"Point","coordinates":[-0.0105386,51.5424397]},"properties":{"name":"Everyman","layer":"cinemas","note":"Everyman Cinemas","osm_id":"node/12213877974","osm_url":"https://www.openstreetmap.org/node/12213877974","source":"OpenStreetMap","brand":"Everyman Cinemas"}},{"type":"Feature","geometry":{"type":"Point","coordinates":[0.5970879,51.5126802]},"properties":{"name":"Movie Starr","layer":"cinemas","note":"OpenStreetMap","osm_id":"node/1225463822","osm_url":"https://www.openstreetmap.org/node/1225463822","source":"OpenStreetMap"}},{"type":"Feature","geometry":{"type":"Point","coordinates":[-2.893431,53.1921949]},"properties":{"name":"Chester Picturehouse","layer":"cinemas","note":"Picturehouse Cinemas","osm_id":"node/12310440544","osm_url":"https://www.openstreetmap.org/node/12310440544","source":"OpenStreetMap","brand":"Picturehouse Cinemas"}},{"type":"Feature","geometry":{"type":"Point","coordinates":[-3.832638,57.1881331]},"properties":{"name":"Spey Valley Cinema & Auditoium","layer":"cinemas","note":"MacDonald Hotels","osm_id":"node/12325778206","osm_url":"https://www.openstreetmap.org/node/12325778206","source":"OpenStreetMap","brand":"MacDonald Hotels"}},{"type":"Feature","geometry":{"type":"Point","coordinates":[-0.1117273,51.5217117]},"properties":{"name":"The Nickel Cinema","layer":"cinemas","note":"OpenStreetMap","osm_id":"node/1236834452","osm_url":"https://www.openstreetmap.org/node/1236834452","source":"OpenStreetMap"}},{"type":"Feature","geometry":{"type":"Point","coordinates":[-4.2534324,55.8593447]},"properties":{"name":"Everyman Glasgow","layer":"cinemas","note":"Everyman Cinemas","osm_id":"node/12392644257","osm_url":"https://www.openstreetmap.org/node/12392644257","source":"OpenStreetMap","brand":"Everyman Cinemas"}},{"type":"Feature","geometry":{"type":"Point","coordinates":[-0.1867913,54.0833411]},"properties":{"name":"Forum Cinema","layer":"cinemas","note":"OpenStreetMap","osm_id":"node/1242519067","osm_url":"https://www.openstreetmap.org/node/1242519067","source":"OpenStreetMap"}},{"type":"Feature","geometry":{"type":"Point","coordinates":[-0.9445099,51.4413054]},"properties":{"name":"Reading Film Theatre","layer":"cinemas","note":"OpenStreetMap","osm_id":"node/1243175103","osm_url":"https://www.openstreetmap.org/node/1243175103","source":"OpenStreetMap"}},{"type":"Feature","geometry":{"type":"Point","coordinates":[-0.8718566,53.7044684]},"properties":{"name":"Junction (Theatre/Cinema)","layer":"cinemas","note":"OpenStreetMap","osm_id":"node/1243291850","osm_url":"https://www.openstreetmap.org/node/1243291850","source":"OpenStreetMap"}},{"type":"Feature","geometry":{"type":"Point","coordinates":[-1.3599775,53.4307952]},"properties":{"name":"The ARC Cinema","layer":"cinemas","note":"OpenStreetMap","osm_id":"node/12531774128","osm_url":"https://www.openstreetmap.org/node/12531774128","source":"OpenStreetMap"}},{"type":"Feature","geometry":{"type":"Point","coordinates":[-0.1200548,51.5818917]},"properties":{"name":"ArtHouse Crouch End","layer":"cinemas","note":"OpenStreetMap","osm_id":"node/12633147070","osm_url":"https://www.openstreetmap.org/node/12633147070","source":"OpenStreetMap"}},{"type":"Feature","geometry":{"type":"Point","coordinates":[-0.1208243,51.5816373]},"properties":{"name":"Crouch End Picturehouse","layer":"cinemas","note":"Picturehouse Cinemas","osm_id":"node/12633147075","osm_url":"https://www.openstreetmap.org/node/12633147075","source":"OpenStreetMap","brand":"Picturehouse Cinemas"}},{"type":"Feature","geometry":{"type":"Point","coordinates":[-1.0544287,53.9461998]},"properties":{"name":"York Student Cinema","layer":"cinemas","note":"OpenStreetMap","osm_id":"node/12641887145","osm_url":"https://www.openstreetmap.org/node/12641887145","source":"OpenStreetMap"}},{"type":"Feature","geometry":{"type":"Point","coordinates":[-3.0862012,51.7730222]},"properties":{"name":"Blaenafon Workmen's Hall Cinema","layer":"cinemas","note":"OpenStreetMap","osm_id":"node/12735462441","osm_url":"https://www.openstreetmap.org/node/12735462441","source":"OpenStreetMap"}},{"type":"Feature","geometry":{"type":"Point","coordinates":[-7.3588713,53.9896985]},"properties":{"name":"Odeon","layer":"cinemas","note":"Odeon","osm_id":"node/12747383497","osm_url":"https://www.openstreetmap.org/node/12747383497","source":"OpenStreetMap","brand":"Odeon"}},{"type":"Feature","geometry":{"type":"Point","coordinates":[-0.4165477,51.3838616]},"properties":{"name":"Everyman Cinema","layer":"cinemas","note":"Everyman Cinemas","osm_id":"node/12770668522","osm_url":"https://www.openstreetmap.org/node/12770668522","source":"OpenStreetMap","brand":"Everyman Cinemas"}},{"type":"Feature","geometry":{"type":"Point","coordinates":[-1.2211401,52.7676357]},"properties":{"name":"Flix","layer":"cinemas","note":"OpenStreetMap","osm_id":"node/1279205051","osm_url":"https://www.openstreetmap.org/node/1279205051","source":"OpenStreetMap"}},{"type":"Feature","geometry":{"type":"Point","coordinates":[-2.6993912,53.7609122]},"properties":{"name":"The ARC Cinema","layer":"cinemas","note":"OpenStreetMap","osm_id":"node/12828221669","osm_url":"https://www.openstreetmap.org/node/12828221669","source":"OpenStreetMap"}},{"type":"Feature","geometry":{"type":"Point","coordinates":[-5.0556589,55.8383879]},"properties":{"name":"Winter Garden Cinema","layer":"cinemas","note":"Bute Community Land Company","osm_id":"node/12849703295","osm_url":"https://www.openstreetmap.org/node/12849703295","source":"OpenStreetMap","brand":"Bute Community Land Company"}},{"type":"Feature","geometry":{"type":"Point","coordinates":[0.8916081,51.3157435]},"properties":{"name":"The Royal Cinema","layer":"cinemas","note":"OpenStreetMap","osm_id":"node/12915144663","osm_url":"https://www.openstreetmap.org/node/12915144663","source":"OpenStreetMap"}},{"type":"Feature","geometry":{"type":"Point","coordinates":[-0.2658198,51.3342725]},"properties":{"name":"Epsom Picturehouse","layer":"cinemas","note":"Picturehouse Cinemas","osm_id":"node/12916954544","osm_url":"https://www.openstreetmap.org/node/12916954544","source":"OpenStreetMap","brand":"Picturehouse Cinemas"}},{"type":"Feature","geometry":{"type":"Point","coordinates":[-1.7783161,53.6453452]},"properties":{"name":"The Light","layer":"cinemas","note":"The Light","osm_id":"node/12961701254","osm_url":"https://www.openstreetmap.org/node/12961701254","source":"OpenStreetMap","brand":"The Light"}},{"type":"Feature","geometry":{"type":"Point","coordinates":[-2.598143,51.4517753]},"properties":{"name":"Watershed","layer":"cinemas","note":"OpenStreetMap","osm_id":"node/12973154703","osm_url":"https://www.openstreetmap.org/node/12973154703","source":"OpenStreetMap"}},{"type":"Feature","geometry":{"type":"Point","coordinates":[-0.7042574,52.4883591]},"properties":{"name":"Savoy Corby","layer":"cinemas","note":"OpenStreetMap","osm_id":"node/13037031516","osm_url":"https://www.openstreetmap.org/node/13037031516","source":"OpenStreetMap"}},{"type":"Feature","geometry":{"type":"Point","coordinates":[-4.1375589,50.3730439]},"properties":{"name":"Plymouth Arts Cinema","layer":"cinemas","note":"OpenStreetMap","osm_id":"node/13056713983","osm_url":"https://www.openstreetmap.org/node/13056713983","source":"OpenStreetMap"}},{"type":"Feature","geometry":{"type":"Point","coordinates":[-4.1647971,50.3616421]},"properties":{"name":"Everyman","layer":"cinemas","note":"Everyman Cinemas","osm_id":"node/13095137043","osm_url":"https://www.openstreetmap.org/node/13095137043","source":"OpenStreetMap","brand":"Everyman Cinemas"}},{"type":"Feature","geometry":{"type":"Point","coordinates":[-2.7853521,55.4255816]},"properties":{"name":"Hawick Film and Video Club","layer":"cinemas","note":"OpenStreetMap","osm_id":"node/13147360101","osm_url":"https://www.openstreetmap.org/node/13147360101","source":"OpenStreetMap"}},{"type":"Feature","geometry":{"type":"Point","coordinates":[-1.2387838,54.5754187]},"properties":{"name":"Roxy Movies","layer":"cinemas","note":"OpenStreetMap","osm_id":"node/13148524028","osm_url":"https://www.openstreetmap.org/node/13148524028","source":"OpenStreetMap"}},{"type":"Feature","geometry":{"type":"Point","coordinates":[-5.931797,54.6008932]},"properties":{"name":"Avenue Cinema","layer":"cinemas","note":"OpenStreetMap","osm_id":"node/13196707042","osm_url":"https://www.openstreetmap.org/node/13196707042","source":"OpenStreetMap"}},{"type":"Feature","geometry":{"type":"Point","coordinates":[-0.3704693,50.8136848]},"properties":{"name":"Ritz Digital Cinema","layer":"cinemas","note":"OpenStreetMap","osm_id":"node/1326467568","osm_url":"https://www.openstreetmap.org/node/1326467568","source":"OpenStreetMap"}},{"type":"Feature","geometry":{"type":"Point","coordinates":[0.7340377,51.3413232]},"properties":{"name":"Light Cinema Sittingbourne","layer":"cinemas","note":"OpenStreetMap","osm_id":"node/13285197068","osm_url":"https://www.openstreetmap.org/node/13285197068","source":"OpenStreetMap"}},{"type":"Feature","geometry":{"type":"Point","coordinates":[-2.2465274,53.4839433]},"properties":{"name":"Flix","layer":"cinemas","note":"OpenStreetMap","osm_id":"node/13304941228","osm_url":"https://www.openstreetmap.org/node/13304941228","source":"OpenStreetMap"}},{"type":"Feature","geometry":{"type":"Point","coordinates":[-0.0832021,51.5262974]},"properties":{"name":"Film House","layer":"cinemas","note":"Art'otel","osm_id":"node/13319041062","osm_url":"https://www.openstreetmap.org/node/13319041062","source":"OpenStreetMap","brand":"Art'otel"}},{"type":"Feature","geometry":{"type":"Point","coordinates":[0.9009286,51.9233333]},"properties":{"name":"Vue","layer":"cinemas","note":"Vue","osm_id":"node/13332000586","osm_url":"https://www.openstreetmap.org/node/13332000586","source":"OpenStreetMap","brand":"Vue"}},{"type":"Feature","geometry":{"type":"Point","coordinates":[-0.307835,51.4827893]},"properties":{"name":"Everyman","layer":"cinemas","note":"OpenStreetMap","osm_id":"node/13355530049","osm_url":"https://www.openstreetmap.org/node/13355530049","source":"OpenStreetMap"}},{"type":"Feature","geometry":{"type":"Point","coordinates":[-0.1944172,51.4808021]},"properties":{"name":"Vue","layer":"cinemas","note":"Vue","osm_id":"node/13525260759","osm_url":"https://www.openstreetmap.org/node/13525260759","source":"OpenStreetMap","brand":"Vue"}},{"type":"Feature","geometry":{"type":"Point","coordinates":[-2.5988272,51.4510916]},"properties":{"name":"Bristol Megascreen","layer":"cinemas","note":"OpenStreetMap","osm_id":"node/13526546735","osm_url":"https://www.openstreetmap.org/node/13526546735","source":"OpenStreetMap"}},{"type":"Feature","geometry":{"type":"Point","coordinates":[-0.5598358,51.3203303]},"properties":{"name":"Nova Cinema","layer":"cinemas","note":"OpenStreetMap","osm_id":"node/13526864832","osm_url":"https://www.openstreetmap.org/node/13526864832","source":"OpenStreetMap"}},{"type":"Feature","geometry":{"type":"Point","coordinates":[-5.7139896,54.32355]},"properties":{"name":"Omniplex","layer":"cinemas","note":"Omniplex Cinema Group","osm_id":"node/1352870121","osm_url":"https://www.openstreetmap.org/node/1352870121","source":"OpenStreetMap","brand":"Omniplex Cinema Group"}},{"type":"Feature","geometry":{"type":"Point","coordinates":[-1.1784328,50.8519189]},"properties":{"name":"Reel","layer":"cinemas","note":"OpenStreetMap","osm_id":"node/1353059122","osm_url":"https://www.openstreetmap.org/node/1353059122","source":"OpenStreetMap"}},{"type":"Feature","geometry":{"type":"Point","coordinates":[-0.3049355,51.4110413]},"properties":{"name":"Curzon","layer":"cinemas","note":"Curzon","osm_id":"node/13537469101","osm_url":"https://www.openstreetmap.org/node/13537469101","source":"OpenStreetMap","brand":"Curzon"}},{"type":"Feature","geometry":{"type":"Point","coordinates":[-3.1956713,51.4880425]},"properties":{"name":"Cosy Cinema","layer":"cinemas","note":"OpenStreetMap","osm_id":"node/13592806701","osm_url":"https://www.openstreetmap.org/node/13592806701","source":"OpenStreetMap"}},{"type":"Feature","geometry":{"type":"Point","coordinates":[-2.9636089,54.4304062]},"properties":{"name":"Fellinis Cinema","layer":"cinemas","note":"OpenStreetMap","osm_id":"node/1359822948","osm_url":"https://www.openstreetmap.org/node/1359822948","source":"OpenStreetMap"}},{"type":"Feature","geometry":{"type":"Point","coordinates":[-2.9655931,54.4308219]},"properties":{"name":"Zefferelli's By The Park","layer":"cinemas","note":"OpenStreetMap","osm_id":"node/1359822951","osm_url":"https://www.openstreetmap.org/node/1359822951","source":"OpenStreetMap"}},{"type":"Feature","geometry":{"type":"Point","coordinates":[-2.4104124,51.0550941]},"properties":{"name":"The Plaza Cinema","layer":"cinemas","note":"OpenStreetMap","osm_id":"node/13652571395","osm_url":"https://www.openstreetmap.org/node/13652571395","source":"OpenStreetMap"}},{"type":"Feature","geometry":{"type":"Point","coordinates":[-6.9240887,52.8334776]},"properties":{"name":"IMC","layer":"cinemas","note":"Irish Multiplex Cinemas","osm_id":"node/13688782330","osm_url":"https://www.openstreetmap.org/node/13688782330","source":"OpenStreetMap","brand":"Irish Multiplex Cinemas"}},{"type":"Feature","geometry":{"type":"Point","coordinates":[-1.4872091,53.3808634]},"properties":{"name":"Film Unit","layer":"cinemas","note":"OpenStreetMap","osm_id":"node/13689708270","osm_url":"https://www.openstreetmap.org/node/13689708270","source":"OpenStreetMap"}},{"type":"Feature","geometry":{"type":"Point","coordinates":[-2.2266127,53.0097312]},"properties":{"name":"Vue Newcastle-under-Lyme","layer":"cinemas","note":"Vue","osm_id":"node/13958956095","osm_url":"https://www.openstreetmap.org/node/13958956095","source":"OpenStreetMap","brand":"Vue"}},{"type":"Feature","geometry":{"type":"Point","coordinates":[-2.3094873,53.4457113]},"properties":{"name":"Northern Light Cinema Stretford","layer":"cinemas","note":"OpenStreetMap","osm_id":"node/13978794338","osm_url":"https://www.openstreetmap.org/node/13978794338","source":"OpenStreetMap"}},{"type":"Feature","geometry":{"type":"Point","coordinates":[-2.7375637,53.4551359]},"properties":{"name":"Lucem House Community Cinema Plus+","layer":"cinemas","note":"OpenStreetMap","osm_id":"node/14101505501","osm_url":"https://www.openstreetmap.org/node/14101505501","source":"OpenStreetMap"}},{"type":"Feature","geometry":{"type":"Point","coordinates":[-4.4170237,52.8891672]},"properties":{"name":"Cinema","layer":"cinemas","note":"OpenStreetMap","osm_id":"node/1435391173","osm_url":"https://www.openstreetmap.org/node/1435391173","source":"OpenStreetMap"}},{"type":"Feature","geometry":{"type":"Point","coordinates":[-1.9522934,50.7459389]},"properties":{"name":"Vue Poole","layer":"cinemas","note":"Vue","osm_id":"node/1461232003","osm_url":"https://www.openstreetmap.org/node/1461232003","source":"OpenStreetMap","brand":"Vue"}},{"type":"Feature","geometry":{"type":"Point","coordinates":[-2.2403691,53.4852634]},"properties":{"name":"Vue","layer":"cinemas","note":"Vue","osm_id":"node/1510001469","osm_url":"https://www.openstreetmap.org/node/1510001469","source":"OpenStreetMap","brand":"Vue"}},{"type":"Feature","geometry":{"type":"Point","coordinates":[-6.2191633,53.4546763]},"properties":{"name":"Movies@Swords","layer":"cinemas","note":"OpenStreetMap","osm_id":"node/1518906877","osm_url":"https://www.openstreetmap.org/node/1518906877","source":"OpenStreetMap"}},{"type":"Feature","geometry":{"type":"Point","coordinates":[-6.1983338,53.2879349]},"properties":{"name":"Odeon","layer":"cinemas","note":"Odeon","osm_id":"node/1520326684","osm_url":"https://www.openstreetmap.org/node/1520326684","source":"OpenStreetMap","brand":"Odeon"}},{"type":"Feature","geometry":{"type":"Point","coordinates":[-1.8200029,53.9266008]},"properties":{"name":"Ilkley Cinema","layer":"cinemas","note":"OpenStreetMap","osm_id":"node/1541243819","osm_url":"https://www.openstreetmap.org/node/1541243819","source":"OpenStreetMap"}},{"type":"Feature","geometry":{"type":"Point","coordinates":[-1.9447625,52.3057103]},"properties":{"name":"Vue","layer":"cinemas","note":"Vue","osm_id":"node/1584480889","osm_url":"https://www.openstreetmap.org/node/1584480889","source":"OpenStreetMap","brand":"Vue"}},{"type":"Feature","geometry":{"type":"Point","coordinates":[-9.0314243,53.2813579]},"properties":{"name":"Eye Cinema","layer":"cinemas","note":"OpenStreetMap","osm_id":"node/1595809325","osm_url":"https://www.openstreetmap.org/node/1595809325","source":"OpenStreetMap"}},{"type":"Feature","geometry":{"type":"Point","coordinates":[-3.5535425,54.6570868]},"properties":{"name":"Plaza Cinema, Workington","layer":"cinemas","note":"OpenStreetMap","osm_id":"node/1616959238","osm_url":"https://www.openstreetmap.org/node/1616959238","source":"OpenStreetMap"}},{"type":"Feature","geometry":{"type":"Point","coordinates":[0.001406,50.7957738]},"properties":{"name":"Peacehaven Cinema","layer":"cinemas","note":"OpenStreetMap","osm_id":"node/1627299997","osm_url":"https://www.openstreetmap.org/node/1627299997","source":"OpenStreetMap"}},{"type":"Feature","geometry":{"type":"Point","coordinates":[-6.2790263,53.3488264]},"properties":{"name":"Light House Cinema","layer":"cinemas","note":"OpenStreetMap","osm_id":"node/1635242553","osm_url":"https://www.openstreetmap.org/node/1635242553","source":"OpenStreetMap"}},{"type":"Feature","geometry":{"type":"Point","coordinates":[-0.0361232,51.4741947]},"properties":{"name":"Goldsmiths Cinema","layer":"cinemas","note":"OpenStreetMap","osm_id":"node/1657024155","osm_url":"https://www.openstreetmap.org/node/1657024155","source":"OpenStreetMap"}},{"type":"Feature","geometry":{"type":"Point","coordinates":[-3.1642245,51.4666573]},"properties":{"name":"Odeon","layer":"cinemas","note":"Odeon","osm_id":"node/167262094","osm_url":"https://www.openstreetmap.org/node/167262094","source":"OpenStreetMap","brand":"Odeon"}},{"type":"Feature","geometry":{"type":"Point","coordinates":[-1.7791962,52.4118222]},"properties":{"name":"Cineworld","layer":"cinemas","note":"Cineworld","osm_id":"node/1687103177","osm_url":"https://www.openstreetmap.org/node/1687103177","source":"OpenStreetMap","brand":"Cineworld"}},{"type":"Feature","geometry":{"type":"Point","coordinates":[-0.1815748,51.5481248]},"properties":{"name":"Vue Finchley Road","layer":"cinemas","note":"Vue","osm_id":"node/1692039757","osm_url":"https://www.openstreetmap.org/node/1692039757","source":"OpenStreetMap","brand":"Vue"}},{"type":"Feature","geometry":{"type":"Point","coordinates":[-3.7576021,51.7785422]},"properties":{"name":"Cinema","layer":"cinemas","note":"OpenStreetMap","osm_id":"node/1704719773","osm_url":"https://www.openstreetmap.org/node/1704719773","source":"OpenStreetMap"}},{"type":"Feature","geometry":{"type":"Point","coordinates":[-0.1428506,51.5168155]},"properties":{"name":"Regent Street Cinema","layer":"cinemas","note":"OpenStreetMap","osm_id":"node/1710144548","osm_url":"https://www.openstreetmap.org/node/1710144548","source":"OpenStreetMap"}},{"type":"Feature","geometry":{"type":"Point","coordinates":[-6.2278326,53.3485645]},"properties":{"name":"Odeon Point Square","layer":"cinemas","note":"Odeon","osm_id":"node/1711793162","osm_url":"https://www.openstreetmap.org/node/1711793162","source":"OpenStreetMap","brand":"Odeon"}},{"type":"Feature","geometry":{"type":"Point","coordinates":[-0.1780006,51.500423]},"properties":{"name":"Imperial Cinema","layer":"cinemas","note":"OpenStreetMap","osm_id":"node/1716046769","osm_url":"https://www.openstreetmap.org/node/1716046769","source":"OpenStreetMap"}},{"type":"Feature","geometry":{"type":"Point","coordinates":[-8.1965744,52.86547]},"properties":{"name":"Omniplex","layer":"cinemas","note":"Omniplex Cinemas","osm_id":"node/173977466","osm_url":"https://www.openstreetmap.org/node/173977466","source":"OpenStreetMap","brand":"Omniplex Cinemas"}},{"type":"Feature","geometry":{"type":"Point","coordinates":[-9.4560191,51.6802087]},"properties":{"name":"Cinemax","layer":"cinemas","note":"OpenStreetMap","osm_id":"node/1808564380","osm_url":"https://www.openstreetmap.org/node/1808564380","source":"OpenStreetMap"}},{"type":"Feature","geometry":{"type":"Point","coordinates":[-1.4798412,53.0232354]},"properties":{"name":"The Ritz","layer":"cinemas","note":"OpenStreetMap","osm_id":"node/1814981102","osm_url":"https://www.openstreetmap.org/node/1814981102","source":"OpenStreetMap"}},{"type":"Feature","geometry":{"type":"Point","coordinates":[-2.930596,54.8905844]},"properties":{"name":"Vue Carlisle","layer":"cinemas","note":"Vue","osm_id":"node/1823130505","osm_url":"https://www.openstreetmap.org/node/1823130505","source":"OpenStreetMap","brand":"Vue"}},{"type":"Feature","geometry":{"type":"Point","coordinates":[-1.0848893,53.9591303]},"properties":{"name":"City Screen Picturehouse","layer":"cinemas","note":"Picturehouse Cinemas","osm_id":"node/1833702710","osm_url":"https://www.openstreetmap.org/node/1833702710","source":"OpenStreetMap","brand":"Picturehouse Cinemas"}},{"type":"Feature","geometry":{"type":"Point","coordinates":[-6.4039644,54.0076195]},"properties":{"name":"IMC Dundalk","layer":"cinemas","note":"Irish Multiplex Cinemas","osm_id":"node/1854794125","osm_url":"https://www.openstreetmap.org/node/1854794125","source":"OpenStreetMap","brand":"Irish Multiplex Cinemas"}},{"type":"Feature","geometry":{"type":"Point","coordinates":[-8.6410101,52.1377293]},"properties":{"name":"Gate Cinema Mallow","layer":"cinemas","note":"OpenStreetMap","osm_id":"node/1879806741","osm_url":"https://www.openstreetmap.org/node/1879806741","source":"OpenStreetMap"}},{"type":"Feature","geometry":{"type":"Point","coordinates":[-1.5455218,53.8000887]},"properties":{"name":"Vue","layer":"cinemas","note":"Vue","osm_id":"node/1885259752","osm_url":"https://www.openstreetmap.org/node/1885259752","source":"OpenStreetMap","brand":"Vue"}},{"type":"Feature","geometry":{"type":"Point","coordinates":[-3.0455153,53.4404287]},"properties":{"name":"the Light","layer":"cinemas","note":"OpenStreetMap","osm_id":"node/1925219262","osm_url":"https://www.openstreetmap.org/node/1925219262","source":"OpenStreetMap"}},{"type":"Feature","geometry":{"type":"Point","coordinates":[-1.729784,54.4031045]},"properties":{"name":"The Station Cinema","layer":"cinemas","note":"OpenStreetMap","osm_id":"node/1931295797","osm_url":"https://www.openstreetmap.org/node/1931295797","source":"OpenStreetMap"}},{"type":"Feature","geometry":{"type":"Point","coordinates":[-6.229789,54.7319277]},"properties":{"name":"Omniplex","layer":"cinemas","note":"Omniplex Cinema Group","osm_id":"node/1935175333","osm_url":"https://www.openstreetmap.org/node/1935175333","source":"OpenStreetMap","brand":"Omniplex Cinema Group"}},{"type":"Feature","geometry":{"type":"Point","coordinates":[-4.2542605,55.8649502]},"properties":{"name":"Omniplex","layer":"cinemas","note":"Omniplex","osm_id":"node/1938587065","osm_url":"https://www.openstreetmap.org/node/1938587065","source":"OpenStreetMap","brand":"Omniplex"}},{"type":"Feature","geometry":{"type":"Point","coordinates":[-5.9270966,54.6084736]},"properties":{"name":"Movie House Cinemas","layer":"cinemas","note":"OpenStreetMap","osm_id":"node/194651012","osm_url":"https://www.openstreetmap.org/node/194651012","source":"OpenStreetMap"}},{"type":"Feature","geometry":{"type":"Point","coordinates":[-0.0224965,51.5078481]},"properties":{"name":"Cineworld","layer":"cinemas","note":"Cineworld","osm_id":"node/1950561370","osm_url":"https://www.openstreetmap.org/node/1950561370","source":"OpenStreetMap","brand":"Cineworld"}},{"type":"Feature","geometry":{"type":"Point","coordinates":[-1.6181898,54.9724386]},"properties":{"name":"Cineworld","layer":"cinemas","note":"Cineworld","osm_id":"node/195452889","osm_url":"https://www.openstreetmap.org/node/195452889","source":"OpenStreetMap","brand":"Cineworld"}},{"type":"Feature","geometry":{"type":"Point","coordinates":[-4.4015207,55.9043494]},"properties":{"name":"Omniplex","layer":"cinemas","note":"Omniplex Cinemas","osm_id":"node/1975747348","osm_url":"https://www.openstreetmap.org/node/1975747348","source":"OpenStreetMap","brand":"Omniplex Cinemas"}},{"type":"Feature","geometry":{"type":"Point","coordinates":[0.5811206,50.8562079]},"properties":{"name":"Odeon","layer":"cinemas","note":"Odeon","osm_id":"node/1979790570","osm_url":"https://www.openstreetmap.org/node/1979790570","source":"OpenStreetMap","brand":"Odeon"}},{"type":"Feature","geometry":{"type":"Point","coordinates":[-9.1636718,54.1157756]},"properties":{"name":"IMC Ballina","layer":"cinemas","note":"Irish Multiplex Cinemas","osm_id":"node/2045098421","osm_url":"https://www.openstreetmap.org/node/2045098421","source":"OpenStreetMap","brand":"Irish Multiplex Cinemas"}},{"type":"Feature","geometry":{"type":"Point","coordinates":[-3.1859008,55.9562622]},"properties":{"name":"Vue","layer":"cinemas","note":"Vue","osm_id":"node/205501520","osm_url":"https://www.openstreetmap.org/node/205501520","source":"OpenStreetMap","brand":"Vue"}},{"type":"Feature","geometry":{"type":"Point","coordinates":[-8.1801548,53.6319801]},"properties":{"name":"Omniplex","layer":"cinemas","note":"Omniplex Cinemas","osm_id":"node/2070550198","osm_url":"https://www.openstreetmap.org/node/2070550198","source":"OpenStreetMap","brand":"Omniplex Cinemas"}},{"type":"Feature","geometry":{"type":"Point","coordinates":[-2.796866,54.0491049]},"properties":{"name":"The Dukes","layer":"cinemas","note":"OpenStreetMap","osm_id":"node/2078549775","osm_url":"https://www.openstreetmap.org/node/2078549775","source":"OpenStreetMap"}},{"type":"Feature","geometry":{"type":"Point","coordinates":[-3.1249219,52.0749952]},"properties":{"name":"Richard Booth's Bookshop Cinema","layer":"cinemas","note":"OpenStreetMap","osm_id":"node/2081390727","osm_url":"https://www.openstreetmap.org/node/2081390727","source":"OpenStreetMap"}},{"type":"Feature","geometry":{"type":"Point","coordinates":[-0.3324561,51.5865654]},"properties":{"name":"Metro Cinema","layer":"cinemas","note":"OpenStreetMap","osm_id":"node/209108050","osm_url":"https://www.openstreetmap.org/node/209108050","source":"OpenStreetMap"}},{"type":"Feature","geometry":{"type":"Point","coordinates":[0.1234954,52.2028779]},"properties":{"name":"Arts Picturehouse","layer":"cinemas","note":"Picturehouse Cinemas","osm_id":"node/20922159","osm_url":"https://www.openstreetmap.org/node/20922159","source":"OpenStreetMap","brand":"Picturehouse Cinemas"}},{"type":"Feature","geometry":{"type":"Point","coordinates":[-2.3650814,51.3806015]},"properties":{"name":"Odeon","layer":"cinemas","note":"Odeon","osm_id":"node/2103443536","osm_url":"https://www.openstreetmap.org/node/2103443536","source":"OpenStreetMap","brand":"Odeon"}},{"type":"Feature","geometry":{"type":"Point","coordinates":[-0.338995,51.5815021]},"properties":{"name":"Vue Cinema","layer":"cinemas","note":"Vue","osm_id":"node/210745603","osm_url":"https://www.openstreetmap.org/node/210745603","source":"OpenStreetMap","brand":"Vue"}},{"type":"Feature","geometry":{"type":"Point","coordinates":[-0.5604095,51.7586331]},"properties":{"name":"The Rex","layer":"cinemas","note":"OpenStreetMap","osm_id":"node/2146082383","osm_url":"https://www.openstreetmap.org/node/2146082383","source":"OpenStreetMap"}},{"type":"Feature","geometry":{"type":"Point","coordinates":[-2.7405123,53.4512698]},"properties":{"name":"Cineworld St Helens","layer":"cinemas","note":"Cineworld","osm_id":"node/2148502025","osm_url":"https://www.openstreetmap.org/node/2148502025","source":"OpenStreetMap","brand":"Cineworld"}},{"type":"Feature","geometry":{"type":"Point","coordinates":[-1.5181824,52.4077852]},"properties":{"name":"Odeon","layer":"cinemas","note":"Odeon","osm_id":"node/2199469254","osm_url":"https://www.openstreetmap.org/node/2199469254","source":"OpenStreetMap","brand":"Odeon"}},{"type":"Feature","geometry":{"type":"Point","coordinates":[-0.0797257,51.7962462]},"properties":{"name":"BEAM","layer":"cinemas","note":"OpenStreetMap","osm_id":"node/2216881956","osm_url":"https://www.openstreetmap.org/node/2216881956","source":"OpenStreetMap"}},{"type":"Feature","geometry":{"type":"Point","coordinates":[-6.2273885,53.3083898]},"properties":{"name":"UCD Student Centre Cinema","layer":"cinemas","note":"OpenStreetMap","osm_id":"node/2294849127","osm_url":"https://www.openstreetmap.org/node/2294849127","source":"OpenStreetMap"}},{"type":"Feature","geometry":{"type":"Point","coordinates":[-0.0928567,51.5210215]},"properties":{"name":"Barbican Cinemas 2 & 3","layer":"cinemas","note":"Barbican","osm_id":"node/2306299784","osm_url":"https://www.openstreetmap.org/node/2306299784","source":"OpenStreetMap","brand":"Barbican"}},{"type":"Feature","geometry":{"type":"Point","coordinates":[-0.3947988,51.6925929]},"properties":{"name":"Vue","layer":"cinemas","note":"Vue","osm_id":"node/2318855778","osm_url":"https://www.openstreetmap.org/node/2318855778","source":"OpenStreetMap","brand":"Vue"}},{"type":"Feature","geometry":{"type":"Point","coordinates":[-3.377241,51.7381115]},"properties":{"name":"Vue Merthyr Tydfil","layer":"cinemas","note":"Vue","osm_id":"node/2338054921","osm_url":"https://www.openstreetmap.org/node/2338054921","source":"OpenStreetMap","brand":"Vue"}},{"type":"Feature","geometry":{"type":"Point","coordinates":[-3.2624167,54.9885063]},"properties":{"name":"Lonsdale City Cinemas","layer":"cinemas","note":"OpenStreetMap","osm_id":"node/2352372462","osm_url":"https://www.openstreetmap.org/node/2352372462","source":"OpenStreetMap"}},{"type":"Feature","geometry":{"type":"Point","coordinates":[1.1484626,51.7920302]},"properties":{"name":"Century Cinema","layer":"cinemas","note":"OpenStreetMap","osm_id":"node/2358374673","osm_url":"https://www.openstreetmap.org/node/2358374673","source":"OpenStreetMap"}},{"type":"Feature","geometry":{"type":"Point","coordinates":[-1.1533469,51.898654]},"properties":{"name":"Vue","layer":"cinemas","note":"Vue","osm_id":"node/2380550502","osm_url":"https://www.openstreetmap.org/node/2380550502","source":"OpenStreetMap","brand":"Vue"}},{"type":"Feature","geometry":{"type":"Point","coordinates":[-1.256808,52.3855162]},"properties":{"name":"Cineworld","layer":"cinemas","note":"Cineworld","osm_id":"node/2386253900","osm_url":"https://www.openstreetmap.org/node/2386253900","source":"OpenStreetMap","brand":"Cineworld"}},{"type":"Feature","geometry":{"type":"Point","coordinates":[0.3428669,53.1423002]},"properties":{"name":"Tower Cinema","layer":"cinemas","note":"OpenStreetMap","osm_id":"node/2394119769","osm_url":"https://www.openstreetmap.org/node/2394119769","source":"OpenStreetMap"}},{"type":"Feature","geometry":{"type":"Point","coordinates":[-1.9039667,52.452701]},"properties":{"name":"Midlands Arts Centre","layer":"cinemas","note":"mac","osm_id":"node/2394320106","osm_url":"https://www.openstreetmap.org/node/2394320106","source":"OpenStreetMap","brand":"mac"}},{"type":"Feature","geometry":{"type":"Point","coordinates":[-1.2109568,51.7175719]},"properties":{"name":"Vue Cinema Oxford","layer":"cinemas","note":"Vue","osm_id":"node/242243944","osm_url":"https://www.openstreetmap.org/node/242243944","source":"OpenStreetMap","brand":"Vue"}},{"type":"Feature","geometry":{"type":"Point","coordinates":[-2.9365692,50.7249701]},"properties":{"name":"Regent Cinema","layer":"cinemas","note":"Scott Cinemas","osm_id":"node/2434796930","osm_url":"https://www.openstreetmap.org/node/2434796930","source":"OpenStreetMap","brand":"Scott Cinemas"}},{"type":"Feature","geometry":{"type":"Point","coordinates":[-2.3480039,53.4659352]},"properties":{"name":"Odeon Manchester Trafford Centre","layer":"cinemas","note":"Odeon","osm_id":"node/2441956006","osm_url":"https://www.openstreetmap.org/node/2441956006","source":"OpenStreetMap","brand":"Odeon"}},{"type":"Feature","geometry":{"type":"Point","coordinates":[-3.173075,51.4789084]},"properties":{"name":"Cineworld","layer":"cinemas","note":"Cineworld","osm_id":"node/245780307","osm_url":"https://www.openstreetmap.org/node/245780307","source":"OpenStreetMap","brand":"Cineworld"}},{"type":"Feature","geometry":{"type":"Point","coordinates":[-0.1149611,51.46115]},"properties":{"name":"The Ritzy","layer":"cinemas","note":"Picturehouse Cinemas","osm_id":"node/245955704","osm_url":"https://www.openstreetmap.org/node/245955704","source":"OpenStreetMap","brand":"Picturehouse Cinemas"}},{"type":"Feature","geometry":{"type":"Point","coordinates":[-3.5598347,50.4353536]},"properties":{"name":"Vue Torbay","layer":"cinemas","note":"Vue","osm_id":"node/246192802","osm_url":"https://www.openstreetmap.org/node/246192802","source":"OpenStreetMap","brand":"Vue"}},{"type":"Feature","geometry":{"type":"Point","coordinates":[0.270081,51.4368415]},"properties":{"name":"Showcase Bluewater","layer":"cinemas","note":"Showcase Cinemas","osm_id":"node/2466249751","osm_url":"https://www.openstreetmap.org/node/2466249751","source":"OpenStreetMap","brand":"Showcase Cinemas"}},{"type":"Feature","geometry":{"type":"Point","coordinates":[0.1371418,52.1905042]},"properties":{"name":"The Light Cinema","layer":"cinemas","note":"OpenStreetMap","osm_id":"node/24672063","osm_url":"https://www.openstreetmap.org/node/24672063","source":"OpenStreetMap"}},{"type":"Feature","geometry":{"type":"Point","coordinates":[-2.9776515,53.4022357]},"properties":{"name":"Picturehouse at FACT","layer":"cinemas","note":"Picturehouse Cinemas","osm_id":"node/2482985464","osm_url":"https://www.openstreetmap.org/node/2482985464","source":"OpenStreetMap","brand":"Picturehouse Cinemas"}},{"type":"Feature","geometry":{"type":"Point","coordinates":[-0.1381521,51.4625014]},"properties":{"name":"Clapham Picturehouse","layer":"cinemas","note":"Picturehouse Cinemas","osm_id":"node/248932670","osm_url":"https://www.openstreetmap.org/node/248932670","source":"OpenStreetMap","brand":"Picturehouse Cinemas"}},{"type":"Feature","geometry":{"type":"Point","coordinates":[-1.8292726,54.311622]},"properties":{"name":"The Picture House","layer":"cinemas","note":"OpenStreetMap","osm_id":"node/249610093","osm_url":"https://www.openstreetmap.org/node/249610093","source":"OpenStreetMap"}},{"type":"Feature","geometry":{"type":"Point","coordinates":[1.0692569,51.2984513]},"properties":{"name":"Gulbenkian Cinema","layer":"cinemas","note":"OpenStreetMap","osm_id":"node/249780174","osm_url":"https://www.openstreetmap.org/node/249780174","source":"OpenStreetMap"}},{"type":"Feature","geometry":{"type":"Point","coordinates":[1.6754046,52.3277045]},"properties":{"name":"Electric Picture Palace","layer":"cinemas","note":"Independent","osm_id":"node/2503168091","osm_url":"https://www.openstreetmap.org/node/2503168091","source":"OpenStreetMap","brand":"Independent"}},{"type":"Feature","geometry":{"type":"Point","coordinates":[-2.2059185,51.317647]},"properties":{"name":"Odeon","layer":"cinemas","note":"Odeon","osm_id":"node/2507179319","osm_url":"https://www.openstreetmap.org/node/2507179319","source":"OpenStreetMap","brand":"Odeon"}},{"type":"Feature","geometry":{"type":"Point","coordinates":[1.1809453,51.0800484]},"properties":{"name":"Silver Screen Cinema","layer":"cinemas","note":"OpenStreetMap","osm_id":"node/253232243","osm_url":"https://www.openstreetmap.org/node/253232243","source":"OpenStreetMap"}},{"type":"Feature","geometry":{"type":"Point","coordinates":[-0.0937556,51.5197763]},"properties":{"name":"Barbican Centre (Cinema)","layer":"cinemas","note":"OpenStreetMap","osm_id":"node/25474641","osm_url":"https://www.openstreetmap.org/node/25474641","source":"OpenStreetMap"}},{"type":"Feature","geometry":{"type":"Point","coordinates":[-6.3937193,53.3521093]},"properties":{"name":"Vue Cinema Dublin","layer":"cinemas","note":"Vue","osm_id":"node/254949231","osm_url":"https://www.openstreetmap.org/node/254949231","source":"OpenStreetMap","brand":"Vue"}},{"type":"Feature","geometry":{"type":"Point","coordinates":[-1.8315846,51.5607515]},"properties":{"name":"Cineworld","layer":"cinemas","note":"Cineworld","osm_id":"node/256269680","osm_url":"https://www.openstreetmap.org/node/256269680","source":"OpenStreetMap","brand":"Cineworld"}},{"type":"Feature","geometry":{"type":"Point","coordinates":[-1.9156503,52.4741686]},"properties":{"name":"Cineworld","layer":"cinemas","note":"Cineworld","osm_id":"node/259415101","osm_url":"https://www.openstreetmap.org/node/259415101","source":"OpenStreetMap","brand":"Cineworld"}},{"type":"Feature","geometry":{"type":"Point","coordinates":[-3.5745778,51.532371]},"properties":{"name":"Odeon","layer":"cinemas","note":"Odeon","osm_id":"node/260610082","osm_url":"https://www.openstreetmap.org/node/260610082","source":"OpenStreetMap","brand":"Odeon"}},{"type":"Feature","geometry":{"type":"Point","coordinates":[-1.6014166,54.9627547]},"properties":{"name":"Vue","layer":"cinemas","note":"Vue","osm_id":"node/2617496573","osm_url":"https://www.openstreetmap.org/node/2617496573","source":"OpenStreetMap","brand":"Vue"}},{"type":"Feature","geometry":{"type":"Point","coordinates":[-0.5136433,51.4342658]},"properties":{"name":"Vue","layer":"cinemas","note":"Vue","osm_id":"node/262072640","osm_url":"https://www.openstreetmap.org/node/262072640","source":"OpenStreetMap","brand":"Vue"}},{"type":"Feature","geometry":{"type":"Point","coordinates":[0.073676,51.2687173]},"properties":{"name":"Fleapit Cinema Club (at Westerham Hall)","layer":"cinemas","note":"OpenStreetMap","osm_id":"node/2637206192","osm_url":"https://www.openstreetmap.org/node/2637206192","source":"OpenStreetMap"}},{"type":"Feature","geometry":{"type":"Point","coordinates":[-0.7489268,51.3370651]},"properties":{"name":"Vue","layer":"cinemas","note":"Vue","osm_id":"node/2642233019","osm_url":"https://www.openstreetmap.org/node/2642233019","source":"OpenStreetMap","brand":"Vue"}},{"type":"Feature","geometry":{"type":"Point","coordinates":[0.1622416,51.8673907]},"properties":{"name":"Cinema","layer":"cinemas","note":"OpenStreetMap","osm_id":"node/264542387","osm_url":"https://www.openstreetmap.org/node/264542387","source":"OpenStreetMap"}},{"type":"Feature","geometry":{"type":"Point","coordinates":[-0.1953102,51.3647655]},"properties":{"name":"Omniplex Cinema Sutton","layer":"cinemas","note":"OpenStreetMap","osm_id":"node/264759489","osm_url":"https://www.openstreetmap.org/node/264759489","source":"OpenStreetMap"}},{"type":"Feature","geometry":{"type":"Point","coordinates":[0.0914078,51.7691567]},"properties":{"name":"Cineworld","layer":"cinemas","note":"Cineworld","osm_id":"node/2650777375","osm_url":"https://www.openstreetmap.org/node/2650777375","source":"OpenStreetMap","brand":"Cineworld"}},{"type":"Feature","geometry":{"type":"Point","coordinates":[-4.0625042,52.4158791]},"properties":{"name":"Arts Centre Cinema","layer":"cinemas","note":"OpenStreetMap","osm_id":"node/2655991436","osm_url":"https://www.openstreetmap.org/node/2655991436","source":"OpenStreetMap"}},{"type":"Feature","geometry":{"type":"Point","coordinates":[-0.1290844,51.5102139]},"properties":{"name":"Odeon Mezzanine","layer":"cinemas","note":"Odeon","osm_id":"node/26573161","osm_url":"https://www.openstreetmap.org/node/26573161","source":"OpenStreetMap","brand":"Odeon"}},{"type":"Feature","geometry":{"type":"Point","coordinates":[-0.1304091,51.5109335]},"properties":{"name":"Cineworld Leicester Square","layer":"cinemas","note":"Cineworld","osm_id":"node/26573168","osm_url":"https://www.openstreetmap.org/node/26573168","source":"OpenStreetMap","brand":"Cineworld"}},{"type":"Feature","geometry":{"type":"Point","coordinates":[-0.1293677,51.5112449]},"properties":{"name":"Vue Leicester Square","layer":"cinemas","note":"Vue","osm_id":"node/26573173","osm_url":"https://www.openstreetmap.org/node/26573173","source":"OpenStreetMap","brand":"Vue"}},{"type":"Feature","geometry":{"type":"Point","coordinates":[-0.1312249,51.5095663]},"properties":{"name":"Odeon Luxe Haymarket","layer":"cinemas","note":"Odeon","osm_id":"node/26671967","osm_url":"https://www.openstreetmap.org/node/26671967","source":"OpenStreetMap","brand":"Odeon"}},{"type":"Feature","geometry":{"type":"Point","coordinates":[-0.1306078,51.5126577]},"properties":{"name":"Curzon Soho","layer":"cinemas","note":"Curzon","osm_id":"node/26699541","osm_url":"https://www.openstreetmap.org/node/26699541","source":"OpenStreetMap","brand":"Curzon"}},{"type":"Feature","geometry":{"type":"Point","coordinates":[0.873378,51.1606449]},"properties":{"name":"Cineworld Ashford","layer":"cinemas","note":"Cineworld","osm_id":"node/26772126","osm_url":"https://www.openstreetmap.org/node/26772126","source":"OpenStreetMap","brand":"Cineworld"}},{"type":"Feature","geometry":{"type":"Point","coordinates":[-3.1728825,56.1954047]},"properties":{"name":"Kino Cinema","layer":"cinemas","note":"OpenStreetMap","osm_id":"node/2708775707","osm_url":"https://www.openstreetmap.org/node/2708775707","source":"OpenStreetMap"}},{"type":"Feature","geometry":{"type":"Point","coordinates":[-8.179713,51.917271]},"properties":{"name":"Arc Cinema Midleton","layer":"cinemas","note":"OpenStreetMap","osm_id":"node/2750403835","osm_url":"https://www.openstreetmap.org/node/2750403835","source":"OpenStreetMap"}},{"type":"Feature","geometry":{"type":"Point","coordinates":[-0.8103905,51.815421]},"properties":{"name":"Odeon Multiplex Cinema","layer":"cinemas","note":"Odeon","osm_id":"node/27512263","osm_url":"https://www.openstreetmap.org/node/27512263","source":"OpenStreetMap","brand":"Odeon"}},{"type":"Feature","geometry":{"type":"Point","coordinates":[-0.2839283,51.5563016]},"properties":{"name":"Cineworld Wembley","layer":"cinemas","note":"Cineworld","osm_id":"node/2763450295","osm_url":"https://www.openstreetmap.org/node/2763450295","source":"OpenStreetMap","brand":"Cineworld"}},{"type":"Feature","geometry":{"type":"Point","coordinates":[-0.1365788,51.4975349]},"properties":{"name":"Curzon Victoria","layer":"cinemas","note":"Curzon","osm_id":"node/2785097711","osm_url":"https://www.openstreetmap.org/node/2785097711","source":"OpenStreetMap","brand":"Curzon"}},{"type":"Feature","geometry":{"type":"Point","coordinates":[0.2562881,53.3497365]},"properties":{"name":"Loewen Cinema","layer":"cinemas","note":"OpenStreetMap","osm_id":"node/281165388","osm_url":"https://www.openstreetmap.org/node/281165388","source":"OpenStreetMap"}},{"type":"Feature","geometry":{"type":"Point","coordinates":[-3.5792122,50.3519969]},"properties":{"name":"The Flavel","layer":"cinemas","note":"OpenStreetMap","osm_id":"node/282373371","osm_url":"https://www.openstreetmap.org/node/282373371","source":"OpenStreetMap"}},{"type":"Feature","geometry":{"type":"Point","coordinates":[-0.1796324,52.350958]},"properties":{"name":"Cineworld","layer":"cinemas","note":"Cineworld","osm_id":"node/283150452","osm_url":"https://www.openstreetmap.org/node/283150452","source":"OpenStreetMap","brand":"Cineworld"}},{"type":"Feature","geometry":{"type":"Point","coordinates":[-0.9050418,51.5391685]},"properties":{"name":"Regal Cinema","layer":"cinemas","note":"Picturehouse Cinemas","osm_id":"node/283976097","osm_url":"https://www.openstreetmap.org/node/283976097","source":"OpenStreetMap","brand":"Picturehouse Cinemas"}},{"type":"Feature","geometry":{"type":"Point","coordinates":[-1.1064393,50.8000036]},"properties":{"name":"No.6 Cinema","layer":"cinemas","note":"OpenStreetMap","osm_id":"node/2847707260","osm_url":"https://www.openstreetmap.org/node/2847707260","source":"OpenStreetMap"}},{"type":"Feature","geometry":{"type":"Point","coordinates":[-2.6025314,49.4287909]},"properties":{"name":"The Mallard Double Bill Cinema","layer":"cinemas","note":"OpenStreetMap","osm_id":"node/285053158","osm_url":"https://www.openstreetmap.org/node/285053158","source":"OpenStreetMap"}},{"type":"Feature","geometry":{"type":"Point","coordinates":[-0.020194,52.0484694]},"properties":{"name":"Royston Picture Palace","layer":"cinemas","note":"OpenStreetMap","osm_id":"node/2875762814","osm_url":"https://www.openstreetmap.org/node/2875762814","source":"OpenStreetMap"}},{"type":"Feature","geometry":{"type":"Point","coordinates":[-5.9339518,54.5854753]},"properties":{"name":"Queens Film Theatre","layer":"cinemas","note":"OpenStreetMap","osm_id":"node/288616560","osm_url":"https://www.openstreetmap.org/node/288616560","source":"OpenStreetMap"}},{"type":"Feature","geometry":{"type":"Point","coordinates":[-3.4135836,50.6198464]},"properties":{"name":"Scott Cinemas Exmouth","layer":"cinemas","note":"Scott Cinemas","osm_id":"node/292414509","osm_url":"https://www.openstreetmap.org/node/292414509","source":"OpenStreetMap","brand":"Scott Cinemas"}},{"type":"Feature","geometry":{"type":"Point","coordinates":[-1.1386573,52.6366155]},"properties":{"name":"Showcase Cinema de Lux","layer":"cinemas","note":"Showcase Cinemas","osm_id":"node/297016200","osm_url":"https://www.openstreetmap.org/node/297016200","source":"OpenStreetMap","brand":"Showcase Cinemas"}},{"type":"Feature","geometry":{"type":"Point","coordinates":[-3.4002782,52.1501331]},"properties":{"name":"Wyeside","layer":"cinemas","note":"OpenStreetMap","osm_id":"node/297503876","osm_url":"https://www.openstreetmap.org/node/297503876","source":"OpenStreetMap"}},{"type":"Feature","geometry":{"type":"Point","coordinates":[-4.0313221,55.7771884]},"properties":{"name":"Vue","layer":"cinemas","note":"Vue","osm_id":"node/297629756","osm_url":"https://www.openstreetmap.org/node/297629756","source":"OpenStreetMap","brand":"Vue"}},{"type":"Feature","geometry":{"type":"Point","coordinates":[-5.7371175,54.5298825]},"properties":{"name":"Tudor Cinema","layer":"cinemas","note":"OpenStreetMap","osm_id":"node/2979071171","osm_url":"https://www.openstreetmap.org/node/2979071171","source":"OpenStreetMap"}},{"type":"Feature","geometry":{"type":"Point","coordinates":[-2.4790757,53.7450203]},"properties":{"name":"Vue Blackburn","layer":"cinemas","note":"Vue","osm_id":"node/2980310715","osm_url":"https://www.openstreetmap.org/node/2980310715","source":"OpenStreetMap","brand":"Vue"}},{"type":"Feature","geometry":{"type":"Point","coordinates":[-2.5942709,52.3124217]},"properties":{"name":"Regal","layer":"cinemas","note":"OpenStreetMap","osm_id":"node/2986084290","osm_url":"https://www.openstreetmap.org/node/2986084290","source":"OpenStreetMap"}},{"type":"Feature","geometry":{"type":"Point","coordinates":[1.3381838,51.275481]},"properties":{"name":"The Empire Cinema","layer":"cinemas","note":"OpenStreetMap","osm_id":"node/298664217","osm_url":"https://www.openstreetmap.org/node/298664217","source":"OpenStreetMap"}},{"type":"Feature","geometry":{"type":"Point","coordinates":[-0.1637085,51.5885079]},"properties":{"name":"Phoenix Cinema","layer":"cinemas","note":"OpenStreetMap","osm_id":"node/299028906","osm_url":"https://www.openstreetmap.org/node/299028906","source":"OpenStreetMap"}},{"type":"Feature","geometry":{"type":"Point","coordinates":[-0.0990117,51.3721316]},"properties":{"name":"David Lean Cinema","layer":"cinemas","note":"OpenStreetMap","osm_id":"node/299124495","osm_url":"https://www.openstreetmap.org/node/299124495","source":"OpenStreetMap"}},{"type":"Feature","geometry":{"type":"Point","coordinates":[-0.0316159,51.4070192]},"properties":{"name":"Odeon Cinema","layer":"cinemas","note":"Odeon","osm_id":"node/300614361","osm_url":"https://www.openstreetmap.org/node/300614361","source":"OpenStreetMap","brand":"Odeon"}},{"type":"Feature","geometry":{"type":"Point","coordinates":[-1.7477802,53.7914277]},"properties":{"name":"Cineworld","layer":"cinemas","note":"Cineworld","osm_id":"node/300897412","osm_url":"https://www.openstreetmap.org/node/300897412","source":"OpenStreetMap","brand":"Cineworld"}},{"type":"Feature","geometry":{"type":"Point","coordinates":[-1.3416759,53.7102179]},"properties":{"name":"Vue","layer":"cinemas","note":"Vue","osm_id":"node/305686951","osm_url":"https://www.openstreetmap.org/node/305686951","source":"OpenStreetMap","brand":"Vue"}},{"type":"Feature","geometry":{"type":"Point","coordinates":[-0.1058269,51.5343822]},"properties":{"name":"Vue Islington","layer":"cinemas","note":"Vue","osm_id":"node/306042840","osm_url":"https://www.openstreetmap.org/node/306042840","source":"OpenStreetMap","brand":"Vue"}},{"type":"Feature","geometry":{"type":"Point","coordinates":[-2.6000477,53.8294916]},"properties":{"name":"The Palace","layer":"cinemas","note":"OpenStreetMap","osm_id":"node/307745711","osm_url":"https://www.openstreetmap.org/node/307745711","source":"OpenStreetMap"}},{"type":"Feature","geometry":{"type":"Point","coordinates":[-2.2496636,53.476409]},"properties":{"name":"ODEON Manchester Great Northern","layer":"cinemas","note":"Odeon","osm_id":"node/307874659","osm_url":"https://www.openstreetmap.org/node/307874659","source":"OpenStreetMap","brand":"Odeon"}},{"type":"Feature","geometry":{"type":"Point","coordinates":[-0.7733122,50.837668]},"properties":{"name":"New Park Centre Cinema.","layer":"cinemas","note":"OpenStreetMap","osm_id":"node/30790818","osm_url":"https://www.openstreetmap.org/node/30790818","source":"OpenStreetMap"}},{"type":"Feature","geometry":{"type":"Point","coordinates":[-6.9271801,52.8350202]},"properties":{"name":"Omniplex","layer":"cinemas","note":"Omniplex Cinemas","osm_id":"node/308925102","osm_url":"https://www.openstreetmap.org/node/308925102","source":"OpenStreetMap","brand":"Omniplex Cinemas"}},{"type":"Feature","geometry":{"type":"Point","coordinates":[-0.7854904,50.8303841]},"properties":{"name":"Cineworld Chichester","layer":"cinemas","note":"Cineworld","osm_id":"node/30893761","osm_url":"https://www.openstreetmap.org/node/30893761","source":"OpenStreetMap","brand":"Cineworld"}},{"type":"Feature","geometry":{"type":"Point","coordinates":[-1.921653,52.4735521]},"properties":{"name":"Odeon Luxe Birmingham Broadway Plaza","layer":"cinemas","note":"Odeon","osm_id":"node/309457040","osm_url":"https://www.openstreetmap.org/node/309457040","source":"OpenStreetMap","brand":"Odeon"}},{"type":"Feature","geometry":{"type":"Point","coordinates":[-0.1246385,51.3780368]},"properties":{"name":"Vue Purley Way","layer":"cinemas","note":"Vue","osm_id":"node/31060529","osm_url":"https://www.openstreetmap.org/node/31060529","source":"OpenStreetMap","brand":"Vue"}},{"type":"Feature","geometry":{"type":"Point","coordinates":[0.1436992,52.6518209]},"properties":{"name":"Light Cinema","layer":"cinemas","note":"OpenStreetMap","osm_id":"node/3130214703","osm_url":"https://www.openstreetmap.org/node/3130214703","source":"OpenStreetMap"}},{"type":"Feature","geometry":{"type":"Point","coordinates":[-2.3584359,51.3780675]},"properties":{"name":"Everyman Cinema","layer":"cinemas","note":"OpenStreetMap","osm_id":"node/3132211116","osm_url":"https://www.openstreetmap.org/node/3132211116","source":"OpenStreetMap"}},{"type":"Feature","geometry":{"type":"Point","coordinates":[-2.061823,53.3947163]},"properties":{"name":"Regent","layer":"cinemas","note":"OpenStreetMap","osm_id":"node/313283947","osm_url":"https://www.openstreetmap.org/node/313283947","source":"OpenStreetMap"}},{"type":"Feature","geometry":{"type":"Point","coordinates":[-0.0088787,51.1264754]},"properties":{"name":"Scott Cinema","layer":"cinemas","note":"OpenStreetMap","osm_id":"node/3140322357","osm_url":"https://www.openstreetmap.org/node/3140322357","source":"OpenStreetMap"}},{"type":"Feature","geometry":{"type":"Point","coordinates":[-2.6803412,53.7483861]},"properties":{"name":"Vue","layer":"cinemas","note":"Vue","osm_id":"node/31532987","osm_url":"https://www.openstreetmap.org/node/31532987","source":"OpenStreetMap","brand":"Vue"}},{"type":"Feature","geometry":{"type":"Point","coordinates":[-3.9305998,56.1181157]},"properties":{"name":"Vue","layer":"cinemas","note":"Vue","osm_id":"node/315883042","osm_url":"https://www.openstreetmap.org/node/315883042","source":"OpenStreetMap","brand":"Vue"}},{"type":"Feature","geometry":{"type":"Point","coordinates":[-4.79384,55.6310928]},"properties":{"name":"Premier Leisure Cinema","layer":"cinemas","note":"Premier Leisure","osm_id":"node/3176629719","osm_url":"https://www.openstreetmap.org/node/3176629719","source":"OpenStreetMap","brand":"Premier Leisure"}},{"type":"Feature","geometry":{"type":"Point","coordinates":[0.1852042,51.5794872]},"properties":{"name":"Lumiere Cinema Romford","layer":"cinemas","note":"Romford Film Trust","osm_id":"node/3193683067","osm_url":"https://www.openstreetmap.org/node/3193683067","source":"OpenStreetMap","brand":"Romford Film Trust"}},{"type":"Feature","geometry":{"type":"Point","coordinates":[-1.6122541,54.9739031]},"properties":{"name":"Tyneside Cinema","layer":"cinemas","note":"OpenStreetMap","osm_id":"node/330757486","osm_url":"https://www.openstreetmap.org/node/330757486","source":"OpenStreetMap"}},{"type":"Feature","geometry":{"type":"Point","coordinates":[-3.2039269,55.9427844]},"properties":{"name":"Cameo Picturehouse","layer":"cinemas","note":"Picturehouse Cinemas","osm_id":"node/33178929","osm_url":"https://www.openstreetmap.org/node/33178929","source":"OpenStreetMap","brand":"Picturehouse Cinemas"}},{"type":"Feature","geometry":{"type":"Point","coordinates":[-3.2057617,55.9456211]},"properties":{"name":"Odeon","layer":"cinemas","note":"Odeon","osm_id":"node/33179012","osm_url":"https://www.openstreetmap.org/node/33179012","source":"OpenStreetMap","brand":"Odeon"}},{"type":"Feature","geometry":{"type":"Point","coordinates":[-3.2061597,55.9464558]},"properties":{"name":"Filmhouse","layer":"cinemas","note":"OpenStreetMap","osm_id":"node/33179122","osm_url":"https://www.openstreetmap.org/node/33179122","source":"OpenStreetMap"}},{"type":"Feature","geometry":{"type":"Point","coordinates":[-3.2182349,55.9412502]},"properties":{"name":"Cineworld","layer":"cinemas","note":"Cineworld","osm_id":"node/33184984","osm_url":"https://www.openstreetmap.org/node/33184984","source":"OpenStreetMap","brand":"Cineworld"}},{"type":"Feature","geometry":{"type":"Point","coordinates":[-4.0035811,50.7393488]},"properties":{"name":"New Carlton Cinema","layer":"cinemas","note":"OpenStreetMap","osm_id":"node/332587201","osm_url":"https://www.openstreetmap.org/node/332587201","source":"OpenStreetMap"}},{"type":"Feature","geometry":{"type":"Point","coordinates":[-0.1343413,51.508942]},"properties":{"name":"Vue","layer":"cinemas","note":"Vue","osm_id":"node/3357929234","osm_url":"https://www.openstreetmap.org/node/3357929234","source":"OpenStreetMap","brand":"Vue"}},{"type":"Feature","geometry":{"type":"Point","coordinates":[-1.670193,54.9588263]},"properties":{"name":"Odeon","layer":"cinemas","note":"Odeon","osm_id":"node/337565153","osm_url":"https://www.openstreetmap.org/node/337565153","source":"OpenStreetMap","brand":"Odeon"}},{"type":"Feature","geometry":{"type":"Point","coordinates":[-0.020193,51.5849488]},"properties":{"name":"Forest Cinemas","layer":"cinemas","note":"OpenStreetMap","osm_id":"node/3384625336","osm_url":"https://www.openstreetmap.org/node/3384625336","source":"OpenStreetMap"}},{"type":"Feature","geometry":{"type":"Point","coordinates":[-0.5530925,51.5889868]},"properties":{"name":"Everyman","layer":"cinemas","note":"Everyman Cinemas","osm_id":"node/339587012","osm_url":"https://www.openstreetmap.org/node/339587012","source":"OpenStreetMap","brand":"Everyman Cinemas"}},{"type":"Feature","geometry":{"type":"Point","coordinates":[-1.22788,54.576396]},"properties":{"name":"Odeon","layer":"cinemas","note":"Odeon","osm_id":"node/34007843","osm_url":"https://www.openstreetmap.org/node/34007843","source":"OpenStreetMap","brand":"Odeon"}},{"type":"Feature","geometry":{"type":"Point","coordinates":[-1.8841791,52.4754152]},"properties":{"name":"Mockingbird Cinema & Kitchen","layer":"cinemas","note":"OpenStreetMap","osm_id":"node/3407012343","osm_url":"https://www.openstreetmap.org/node/3407012343","source":"OpenStreetMap"}},{"type":"Feature","geometry":{"type":"Point","coordinates":[-3.1054815,55.9352281]},"properties":{"name":"Odeon","layer":"cinemas","note":"Odeon","osm_id":"node/3418560098","osm_url":"https://www.openstreetmap.org/node/3418560098","source":"OpenStreetMap","brand":"Odeon"}},{"type":"Feature","geometry":{"type":"Point","coordinates":[-0.6445919,53.590851]},"properties":{"name":"Vue","layer":"cinemas","note":"Vue","osm_id":"node/3443429663","osm_url":"https://www.openstreetmap.org/node/3443429663","source":"OpenStreetMap","brand":"Vue"}},{"type":"Feature","geometry":{"type":"Point","coordinates":[-8.4728139,51.9170544]},"properties":{"name":"Reel Picture, Blackpool","layer":"cinemas","note":"Reel Cinemas","osm_id":"node/348753328","osm_url":"https://www.openstreetmap.org/node/348753328","source":"OpenStreetMap","brand":"Reel Cinemas"}},{"type":"Feature","geometry":{"type":"Point","coordinates":[-0.4178798,51.8819746]},"properties":{"name":"Cineworld","layer":"cinemas","note":"Cineworld","osm_id":"node/350477887","osm_url":"https://www.openstreetmap.org/node/350477887","source":"OpenStreetMap","brand":"Cineworld"}},{"type":"Feature","geometry":{"type":"Point","coordinates":[-2.5973758,56.5519898]},"properties":{"name":"Chalmers Filmhouse","layer":"cinemas","note":"OpenStreetMap","osm_id":"node/3597387999","osm_url":"https://www.openstreetmap.org/node/3597387999","source":"OpenStreetMap"}},{"type":"Feature","geometry":{"type":"Point","coordinates":[-1.3517447,50.9665434]},"properties":{"name":"Eastleigh Vue","layer":"cinemas","note":"Vue","osm_id":"node/359975125","osm_url":"https://www.openstreetmap.org/node/359975125","source":"OpenStreetMap","brand":"Vue"}},{"type":"Feature","geometry":{"type":"Point","coordinates":[-0.7487835,52.0411239]},"properties":{"name":"Cineworld","layer":"cinemas","note":"Cineworld","osm_id":"node/360461378","osm_url":"https://www.openstreetmap.org/node/360461378","source":"OpenStreetMap","brand":"Cineworld"}},{"type":"Feature","geometry":{"type":"Point","coordinates":[-0.7227654,51.520685]},"properties":{"name":"Odeon Multiplex","layer":"cinemas","note":"Odeon","osm_id":"node/36407446","osm_url":"https://www.openstreetmap.org/node/36407446","source":"OpenStreetMap","brand":"Odeon"}},{"type":"Feature","geometry":{"type":"Point","coordinates":[-0.7543081,51.2920113]},"properties":{"name":"Vue Farnborough","layer":"cinemas","note":"Vue","osm_id":"node/3644774614","osm_url":"https://www.openstreetmap.org/node/3644774614","source":"OpenStreetMap","brand":"Vue"}},{"type":"Feature","geometry":{"type":"Point","coordinates":[-4.1248563,50.3670529]},"properties":{"name":"Vue","layer":"cinemas","note":"Vue","osm_id":"node/364541612","osm_url":"https://www.openstreetmap.org/node/364541612","source":"OpenStreetMap","brand":"Vue"}},{"type":"Feature","geometry":{"type":"Point","coordinates":[-4.3429927,55.8230983]},"properties":{"name":"Cineworld","layer":"cinemas","note":"Cineworld","osm_id":"node/3668838706","osm_url":"https://www.openstreetmap.org/node/3668838706","source":"OpenStreetMap","brand":"Cineworld"}},{"type":"Feature","geometry":{"type":"Point","coordinates":[-1.5750618,54.7783842]},"properties":{"name":"Gala","layer":"cinemas","note":"OpenStreetMap","osm_id":"node/368065528","osm_url":"https://www.openstreetmap.org/node/368065528","source":"OpenStreetMap"}},{"type":"Feature","geometry":{"type":"Point","coordinates":[-2.2462406,53.4736834]},"properties":{"name":"HOME Cinema","layer":"cinemas","note":"OpenStreetMap","osm_id":"node/3693252208","osm_url":"https://www.openstreetmap.org/node/3693252208","source":"OpenStreetMap"}},{"type":"Feature","geometry":{"type":"Point","coordinates":[-0.0730953,51.5243518]},"properties":{"name":"Rich Mix Cinema","layer":"cinemas","note":"OpenStreetMap","osm_id":"node/371525331","osm_url":"https://www.openstreetmap.org/node/371525331","source":"OpenStreetMap"}},{"type":"Feature","geometry":{"type":"Point","coordinates":[-0.5345039,51.5481104]},"properties":{"name":"Powell Theatre","layer":"cinemas","note":"OpenStreetMap","osm_id":"node/3720832741","osm_url":"https://www.openstreetmap.org/node/3720832741","source":"OpenStreetMap"}},{"type":"Feature","geometry":{"type":"Point","coordinates":[-0.534489,51.5480001]},"properties":{"name":"Pressburger Theatre","layer":"cinemas","note":"OpenStreetMap","osm_id":"node/3720832742","osm_url":"https://www.openstreetmap.org/node/3720832742","source":"OpenStreetMap"}},{"type":"Feature","geometry":{"type":"Point","coordinates":[-0.5343279,51.5480047]},"properties":{"name":"Theatre 3 / Icon Theatre","layer":"cinemas","note":"OpenStreetMap","osm_id":"node/3720833150","osm_url":"https://www.openstreetmap.org/node/3720833150","source":"OpenStreetMap"}},{"type":"Feature","geometry":{"type":"Point","coordinates":[-0.0739235,51.5244086]},"properties":{"name":"Electric Cinema","layer":"cinemas","note":"OpenStreetMap","osm_id":"node/3767748685","osm_url":"https://www.openstreetmap.org/node/3767748685","source":"OpenStreetMap"}},{"type":"Feature","geometry":{"type":"Point","coordinates":[-0.7542612,51.4157235]},"properties":{"name":"Odeon","layer":"cinemas","note":"Odeon","osm_id":"node/3823120377","osm_url":"https://www.openstreetmap.org/node/3823120377","source":"OpenStreetMap","brand":"Odeon"}},{"type":"Feature","geometry":{"type":"Point","coordinates":[0.511033,51.0472552]},"properties":{"name":"Kino Cinema","layer":"cinemas","note":"OpenStreetMap","osm_id":"node/386162490","osm_url":"https://www.openstreetmap.org/node/386162490","source":"OpenStreetMap"}},{"type":"Feature","geometry":{"type":"Point","coordinates":[0.4433722,52.0817665]},"properties":{"name":"CineWorld Haverhill","layer":"cinemas","note":"Cineworld","osm_id":"node/386873073","osm_url":"https://www.openstreetmap.org/node/386873073","source":"OpenStreetMap","brand":"Cineworld"}},{"type":"Feature","geometry":{"type":"Point","coordinates":[-1.3735148,52.5389851]},"properties":{"name":"Cineworld","layer":"cinemas","note":"Cineworld","osm_id":"node/3880044691","osm_url":"https://www.openstreetmap.org/node/3880044691","source":"OpenStreetMap","brand":"Cineworld"}},{"type":"Feature","geometry":{"type":"Point","coordinates":[-6.1492704,52.7987851]},"properties":{"name":"Gaiety Cinema","layer":"cinemas","note":"OpenStreetMap","osm_id":"node/390461094","osm_url":"https://www.openstreetmap.org/node/390461094","source":"OpenStreetMap"}},{"type":"Feature","geometry":{"type":"Point","coordinates":[-2.1276011,53.258041]},"properties":{"name":"Cinemac","layer":"cinemas","note":"OpenStreetMap","osm_id":"node/3910648924","osm_url":"https://www.openstreetmap.org/node/3910648924","source":"OpenStreetMap"}},{"type":"Feature","geometry":{"type":"Point","coordinates":[-0.1337164,51.5107107]},"properties":{"name":"Picturehouse Central","layer":"cinemas","note":"Picturehouse Cinemas","osm_id":"node/3921178316","osm_url":"https://www.openstreetmap.org/node/3921178316","source":"OpenStreetMap","brand":"Picturehouse Cinemas"}},{"type":"Feature","geometry":{"type":"Point","coordinates":[-0.2048792,51.4198096]},"properties":{"name":"Odeon Wimbledon","layer":"cinemas","note":"Odeon","osm_id":"node/39685823","osm_url":"https://www.openstreetmap.org/node/39685823","source":"OpenStreetMap","brand":"Odeon"}},{"type":"Feature","geometry":{"type":"Point","coordinates":[-0.2088311,51.8055957]},"properties":{"name":"Cinema at Campus West Welwyn Garden City","layer":"cinemas","note":"OpenStreetMap","osm_id":"node/3986524962","osm_url":"https://www.openstreetmap.org/node/3986524962","source":"OpenStreetMap"}},{"type":"Feature","geometry":{"type":"Point","coordinates":[-6.1394921,53.2933211]},"properties":{"name":"IMC Dun Laoghaire","layer":"cinemas","note":"Irish Multiplex Cinemas","osm_id":"node/4018928954","osm_url":"https://www.openstreetmap.org/node/4018928954","source":"OpenStreetMap","brand":"Irish Multiplex Cinemas"}},{"type":"Feature","geometry":{"type":"Point","coordinates":[-1.4732423,52.9196264]},"properties":{"name":"Showcase Cinema de Lux","layer":"cinemas","note":"Showcase Cinemas","osm_id":"node/4029992513","osm_url":"https://www.openstreetmap.org/node/4029992513","source":"OpenStreetMap","brand":"Showcase Cinemas"}},{"type":"Feature","geometry":{"type":"Point","coordinates":[-0.7342358,52.0109156]},"properties":{"name":"Odeon","layer":"cinemas","note":"Odeon","osm_id":"node/4077858294","osm_url":"https://www.openstreetmap.org/node/4077858294","source":"OpenStreetMap","brand":"Odeon"}},{"type":"Feature","geometry":{"type":"Point","coordinates":[0.1921534,51.2701359]},"properties":{"name":"The Stag","layer":"cinemas","note":"OpenStreetMap","osm_id":"node/410474109","osm_url":"https://www.openstreetmap.org/node/410474109","source":"OpenStreetMap"}},{"type":"Feature","geometry":{"type":"Point","coordinates":[-0.4215754,53.8403499]},"properties":{"name":"Parkway Cinema","layer":"cinemas","note":"OpenStreetMap","osm_id":"node/4124660649","osm_url":"https://www.openstreetmap.org/node/4124660649","source":"OpenStreetMap"}},{"type":"Feature","geometry":{"type":"Point","coordinates":[-0.0719999,51.5236118]},"properties":{"name":"Close-Up Film Centre","layer":"cinemas","note":"Close-Up Film Centre Limited","osm_id":"node/4145029892","osm_url":"https://www.openstreetmap.org/node/4145029892","source":"OpenStreetMap","brand":"Close-Up Film Centre Limited"}},{"type":"Feature","geometry":{"type":"Point","coordinates":[-0.1934097,51.4541535]},"properties":{"name":"Cineworld","layer":"cinemas","note":"Cineworld","osm_id":"node/416380417","osm_url":"https://www.openstreetmap.org/node/416380417","source":"OpenStreetMap","brand":"Cineworld"}},{"type":"Feature","geometry":{"type":"Point","coordinates":[-0.145397,50.8212693]},"properties":{"name":"Odeon","layer":"cinemas","note":"Odeon","osm_id":"node/416681995","osm_url":"https://www.openstreetmap.org/node/416681995","source":"OpenStreetMap","brand":"Odeon"}},{"type":"Feature","geometry":{"type":"Point","coordinates":[-2.1113393,50.6856616]},"properties":{"name":"The Rex","layer":"cinemas","note":"OpenStreetMap","osm_id":"node/419633895","osm_url":"https://www.openstreetmap.org/node/419633895","source":"OpenStreetMap"}},{"type":"Feature","geometry":{"type":"Point","coordinates":[-2.9736729,58.9824687]},"properties":{"name":"Pickaquoy Leisure Centre & Cinema","layer":"cinemas","note":"OpenStreetMap","osm_id":"node/423375292","osm_url":"https://www.openstreetmap.org/node/423375292","source":"OpenStreetMap"}},{"type":"Feature","geometry":{"type":"Point","coordinates":[-2.2487266,52.3819202]},"properties":{"name":"Lume Cinema","layer":"cinemas","note":"OpenStreetMap","osm_id":"node/4271316298","osm_url":"https://www.openstreetmap.org/node/4271316298","source":"OpenStreetMap"}},{"type":"Feature","geometry":{"type":"Point","coordinates":[-2.2916168,53.594238]},"properties":{"name":"Vue","layer":"cinemas","note":"Vue","osm_id":"node/4316790314","osm_url":"https://www.openstreetmap.org/node/4316790314","source":"OpenStreetMap","brand":"Vue"}},{"type":"Feature","geometry":{"type":"Point","coordinates":[-0.9914044,51.9956251]},"properties":{"name":"The Film Place","layer":"cinemas","note":"OpenStreetMap","osm_id":"node/4347726689","osm_url":"https://www.openstreetmap.org/node/4347726689","source":"OpenStreetMap"}},{"type":"Feature","geometry":{"type":"Point","coordinates":[-4.2931757,55.8746661]},"properties":{"name":"The Grosvenor Cinema","layer":"cinemas","note":"OpenStreetMap","osm_id":"node/437381250","osm_url":"https://www.openstreetmap.org/node/437381250","source":"OpenStreetMap"}},{"type":"Feature","geometry":{"type":"Point","coordinates":[-0.7555507,51.6311538]},"properties":{"name":"Cineworld","layer":"cinemas","note":"Cineworld","osm_id":"node/440823285","osm_url":"https://www.openstreetmap.org/node/440823285","source":"OpenStreetMap","brand":"Cineworld"}},{"type":"Feature","geometry":{"type":"Point","coordinates":[-1.5380273,53.9916365]},"properties":{"name":"Everyman Cinema","layer":"cinemas","note":"Everyman Cinemas","osm_id":"node/4428026419","osm_url":"https://www.openstreetmap.org/node/4428026419","source":"OpenStreetMap","brand":"Everyman Cinemas"}},{"type":"Feature","geometry":{"type":"Point","coordinates":[-3.5188705,55.8834354]},"properties":{"name":"Vue","layer":"cinemas","note":"Vue","osm_id":"node/442982541","osm_url":"https://www.openstreetmap.org/node/442982541","source":"OpenStreetMap","brand":"Vue"}},{"type":"Feature","geometry":{"type":"Point","coordinates":[-8.1602419,52.4750124]},"properties":{"name":"Tipprary Excel","layer":"cinemas","note":"OpenStreetMap","osm_id":"node/4433297719","osm_url":"https://www.openstreetmap.org/node/4433297719","source":"OpenStreetMap"}},{"type":"Feature","geometry":{"type":"Point","coordinates":[-6.4141808,53.5212928]},"properties":{"name":"Vue","layer":"cinemas","note":"Vue","osm_id":"node/443714091","osm_url":"https://www.openstreetmap.org/node/443714091","source":"OpenStreetMap","brand":"Vue"}},{"type":"Feature","geometry":{"type":"Point","coordinates":[-2.9874298,53.0442942]},"properties":{"name":"Odeon Wrexham","layer":"cinemas","note":"Odeon","osm_id":"node/444376971","osm_url":"https://www.openstreetmap.org/node/444376971","source":"OpenStreetMap","brand":"Odeon"}},{"type":"Feature","geometry":{"type":"Point","coordinates":[-0.3070003,51.4592448]},"properties":{"name":"Curzon Richmond","layer":"cinemas","note":"Curzon","osm_id":"node/4446849834","osm_url":"https://www.openstreetmap.org/node/4446849834","source":"OpenStreetMap","brand":"Curzon"}},{"type":"Feature","geometry":{"type":"Point","coordinates":[-1.5634216,52.3817943]},"properties":{"name":"Student Cinema","layer":"cinemas","note":"OpenStreetMap","osm_id":"node/4464112117","osm_url":"https://www.openstreetmap.org/node/4464112117","source":"OpenStreetMap"}},{"type":"Feature","geometry":{"type":"Point","coordinates":[0.0120094,50.8715417]},"properties":{"name":"Depot","layer":"cinemas","note":"OpenStreetMap","osm_id":"node/44767219","osm_url":"https://www.openstreetmap.org/node/44767219","source":"OpenStreetMap"}},{"type":"Feature","geometry":{"type":"Point","coordinates":[-5.5519016,50.107121]},"properties":{"name":"Newlyn Filmhouse","layer":"cinemas","note":"OpenStreetMap","osm_id":"node/4506456728","osm_url":"https://www.openstreetmap.org/node/4506456728","source":"OpenStreetMap"}},{"type":"Feature","geometry":{"type":"Point","coordinates":[-0.2188484,51.503414]},"properties":{"name":"Vue","layer":"cinemas","note":"Vue","osm_id":"node/452948294","osm_url":"https://www.openstreetmap.org/node/452948294","source":"OpenStreetMap","brand":"Vue"}},{"type":"Feature","geometry":{"type":"Point","coordinates":[-3.5878202,54.5500891]},"properties":{"name":"Gaiety Cinema","layer":"cinemas","note":"OpenStreetMap","osm_id":"node/4539777838","osm_url":"https://www.openstreetmap.org/node/4539777838","source":"OpenStreetMap"}},{"type":"Feature","geometry":{"type":"Point","coordinates":[-8.9850789,52.8438411]},"properties":{"name":"The Arc Cinema","layer":"cinemas","note":"OpenStreetMap","osm_id":"node/456834387","osm_url":"https://www.openstreetmap.org/node/456834387","source":"OpenStreetMap"}},{"type":"Feature","geometry":{"type":"Point","coordinates":[-0.2052534,51.4203554]},"properties":{"name":"Curzon Wimbledon","layer":"cinemas","note":"Curzon","osm_id":"node/4568748349","osm_url":"https://www.openstreetmap.org/node/4568748349","source":"OpenStreetMap","brand":"Curzon"}},{"type":"Feature","geometry":{"type":"Point","coordinates":[-3.0460586,53.8179665]},"properties":{"name":"Regent Cinema","layer":"cinemas","note":"OpenStreetMap","osm_id":"node/4570013141","osm_url":"https://www.openstreetmap.org/node/4570013141","source":"OpenStreetMap"}},{"type":"Feature","geometry":{"type":"Point","coordinates":[-1.3770822,54.8140472]},"properties":{"name":"Cineworld","layer":"cinemas","note":"Cineworld","osm_id":"node/4607879253","osm_url":"https://www.openstreetmap.org/node/4607879253","source":"OpenStreetMap","brand":"Cineworld"}},{"type":"Feature","geometry":{"type":"Point","coordinates":[-0.0689221,51.5138199]},"properties":{"name":"Curzon Aldgate","layer":"cinemas","note":"Curzon","osm_id":"node/4617424209","osm_url":"https://www.openstreetmap.org/node/4617424209","source":"OpenStreetMap","brand":"Curzon"}},{"type":"Feature","geometry":{"type":"Point","coordinates":[-2.1231842,52.5875345]},"properties":{"name":"The Lighthouse Cinema","layer":"cinemas","note":"OpenStreetMap","osm_id":"node/461861331","osm_url":"https://www.openstreetmap.org/node/461861331","source":"OpenStreetMap"}},{"type":"Feature","geometry":{"type":"Point","coordinates":[-2.4489078,52.6791803]},"properties":{"name":"Odeon","layer":"cinemas","note":"Odeon","osm_id":"node/462214081","osm_url":"https://www.openstreetmap.org/node/462214081","source":"OpenStreetMap","brand":"Odeon"}},{"type":"Feature","geometry":{"type":"Point","coordinates":[-2.3692413,53.754744]},"properties":{"name":"Vue","layer":"cinemas","note":"Vue","osm_id":"node/4627950866","osm_url":"https://www.openstreetmap.org/node/4627950866","source":"OpenStreetMap","brand":"Vue"}},{"type":"Feature","geometry":{"type":"Point","coordinates":[-0.238418,51.7627934]},"properties":{"name":"Odeon","layer":"cinemas","note":"Odeon","osm_id":"node/465246611","osm_url":"https://www.openstreetmap.org/node/465246611","source":"OpenStreetMap","brand":"Odeon"}},{"type":"Feature","geometry":{"type":"Point","coordinates":[-1.9056457,52.4755488]},"properties":{"name":"Everyman Cinema","layer":"cinemas","note":"Everyman Cinemas","osm_id":"node/4683735545","osm_url":"https://www.openstreetmap.org/node/4683735545","source":"OpenStreetMap","brand":"Everyman Cinemas"}},{"type":"Feature","geometry":{"type":"Point","coordinates":[-1.8566705,52.5055789]},"properties":{"name":"Vue Birmingham","layer":"cinemas","note":"Vue","osm_id":"node/4693287227","osm_url":"https://www.openstreetmap.org/node/4693287227","source":"OpenStreetMap","brand":"Vue"}},{"type":"Feature","geometry":{"type":"Point","coordinates":[-1.8794356,50.7187559]},"properties":{"name":"Odeon","layer":"cinemas","note":"Odeon","osm_id":"node/4693880314","osm_url":"https://www.openstreetmap.org/node/4693880314","source":"OpenStreetMap","brand":"Odeon"}},{"type":"Feature","geometry":{"type":"Point","coordinates":[-1.0929975,53.954818]},"properties":{"name":"Everyman York","layer":"cinemas","note":"Everyman Cinemas","osm_id":"node/469890888","osm_url":"https://www.openstreetmap.org/node/469890888","source":"OpenStreetMap","brand":"Everyman Cinemas"}},{"type":"Feature","geometry":{"type":"Point","coordinates":[0.3518059,53.1798691]},"properties":{"name":"Cinema","layer":"cinemas","note":"OpenStreetMap","osm_id":"node/4741027230","osm_url":"https://www.openstreetmap.org/node/4741027230","source":"OpenStreetMap"}},{"type":"Feature","geometry":{"type":"Point","coordinates":[-2.3271806,52.1102334]},"properties":{"name":"Malvern Theatres","layer":"cinemas","note":"OpenStreetMap","osm_id":"node/4747757591","osm_url":"https://www.openstreetmap.org/node/4747757591","source":"OpenStreetMap"}},{"type":"Feature","geometry":{"type":"Point","coordinates":[-0.1269986,51.5377019]},"properties":{"name":"Everyman On The Corner","layer":"cinemas","note":"OpenStreetMap","osm_id":"node/4754870662","osm_url":"https://www.openstreetmap.org/node/4754870662","source":"OpenStreetMap"}},{"type":"Feature","geometry":{"type":"Point","coordinates":[-5.0523149,50.261851]},"properties":{"name":"The Plaza","layer":"cinemas","note":"WTW Cinemas","osm_id":"node/477619124","osm_url":"https://www.openstreetmap.org/node/477619124","source":"OpenStreetMap","brand":"WTW Cinemas"}},{"type":"Feature","geometry":{"type":"Point","coordinates":[1.1523613,52.0573495]},"properties":{"name":"King Street Cinema","layer":"cinemas","note":"OpenStreetMap","osm_id":"node/4783666874","osm_url":"https://www.openstreetmap.org/node/4783666874","source":"OpenStreetMap"}},{"type":"Feature","geometry":{"type":"Point","coordinates":[-2.1113248,53.5417274]},"properties":{"name":"ODEON Oldham","layer":"cinemas","note":"Odeon","osm_id":"node/4789201924","osm_url":"https://www.openstreetmap.org/node/4789201924","source":"OpenStreetMap","brand":"Odeon"}},{"type":"Feature","geometry":{"type":"Point","coordinates":[-1.4464478,55.0427145]},"properties":{"name":"Jam Jar Cinema","layer":"cinemas","note":"OpenStreetMap","osm_id":"node/4820271864","osm_url":"https://www.openstreetmap.org/node/4820271864","source":"OpenStreetMap"}},{"type":"Feature","geometry":{"type":"Point","coordinates":[0.415926,51.6228266]},"properties":{"name":"@BillericayCine","layer":"cinemas","note":"OpenStreetMap","osm_id":"node/4840976402","osm_url":"https://www.openstreetmap.org/node/4840976402","source":"OpenStreetMap"}},{"type":"Feature","geometry":{"type":"Point","coordinates":[0.6194932,51.1668274]},"properties":{"name":"Headcorn Cinema","layer":"cinemas","note":"OpenStreetMap","osm_id":"node/4862191341","osm_url":"https://www.openstreetmap.org/node/4862191341","source":"OpenStreetMap"}},{"type":"Feature","geometry":{"type":"Point","coordinates":[-1.2067538,52.7702714]},"properties":{"name":"Odeon","layer":"cinemas","note":"Odeon","osm_id":"node/489509503","osm_url":"https://www.openstreetmap.org/node/489509503","source":"OpenStreetMap","brand":"Odeon"}},{"type":"Feature","geometry":{"type":"Point","coordinates":[-2.6715213,51.227794]},"properties":{"name":"Wookey Hole 4D Cinema","layer":"cinemas","note":"OpenStreetMap","osm_id":"node/4968774676","osm_url":"https://www.openstreetmap.org/node/4968774676","source":"OpenStreetMap"}},{"type":"Feature","geometry":{"type":"Point","coordinates":[-0.1732082,51.6038551]},"properties":{"name":"Vue Cinema","layer":"cinemas","note":"Vue","osm_id":"node/4976196830","osm_url":"https://www.openstreetmap.org/node/4976196830","source":"OpenStreetMap","brand":"Vue"}},{"type":"Feature","geometry":{"type":"Point","coordinates":[-0.1731524,51.4855904]},"properties":{"name":"Everyman Chelsea","layer":"cinemas","note":"Everyman Cinemas","osm_id":"node/498694180","osm_url":"https://www.openstreetmap.org/node/498694180","source":"OpenStreetMap","brand":"Everyman Cinemas"}},{"type":"Feature","geometry":{"type":"Point","coordinates":[-2.2530361,51.8606499]},"properties":{"name":"Cineworld","layer":"cinemas","note":"Cineworld","osm_id":"node/4995325421","osm_url":"https://www.openstreetmap.org/node/4995325421","source":"OpenStreetMap","brand":"Cineworld"}},{"type":"Feature","geometry":{"type":"Point","coordinates":[-6.4655881,52.3435997]},"properties":{"name":"The Arc Cinema","layer":"cinemas","note":"OpenStreetMap","osm_id":"node/5016932995","osm_url":"https://www.openstreetmap.org/node/5016932995","source":"OpenStreetMap"}},{"type":"Feature","geometry":{"type":"Point","coordinates":[-0.33946,53.742102]},"properties":{"name":"Vue Hull","layer":"cinemas","note":"Vue","osm_id":"node/5024127192","osm_url":"https://www.openstreetmap.org/node/5024127192","source":"OpenStreetMap","brand":"Vue"}},{"type":"Feature","geometry":{"type":"Point","coordinates":[-6.3773534,53.9917441]},"properties":{"name":"Omniplex","layer":"cinemas","note":"Omniplex Cinemas","osm_id":"node/5029165649","osm_url":"https://www.openstreetmap.org/node/5029165649","source":"OpenStreetMap","brand":"Omniplex Cinemas"}},{"type":"Feature","geometry":{"type":"Point","coordinates":[-4.3713992,55.8793813]},"properties":{"name":"Odeon","layer":"cinemas","note":"Odeon","osm_id":"node/503787573","osm_url":"https://www.openstreetmap.org/node/503787573","source":"OpenStreetMap","brand":"Odeon"}},{"type":"Feature","geometry":{"type":"Point","coordinates":[-1.1623733,50.7277109]},"properties":{"name":"Commodore Cinema","layer":"cinemas","note":"OpenStreetMap","osm_id":"node/5113222469","osm_url":"https://www.openstreetmap.org/node/5113222469","source":"OpenStreetMap"}},{"type":"Feature","geometry":{"type":"Point","coordinates":[-2.4484983,52.6736995]},"properties":{"name":"Cineworld","layer":"cinemas","note":"Cineworld","osm_id":"node/5174155591","osm_url":"https://www.openstreetmap.org/node/5174155591","source":"OpenStreetMap","brand":"Cineworld"}},{"type":"Feature","geometry":{"type":"Point","coordinates":[-1.2618351,51.7495703]},"properties":{"name":"Curzon Oxford","layer":"cinemas","note":"Curzon","osm_id":"node/5186881172","osm_url":"https://www.openstreetmap.org/node/5186881172","source":"OpenStreetMap","brand":"Curzon"}},{"type":"Feature","geometry":{"type":"Point","coordinates":[-2.3488338,53.3847657]},"properties":{"name":"Vue Altrincham","layer":"cinemas","note":"Vue","osm_id":"node/521699831","osm_url":"https://www.openstreetmap.org/node/521699831","source":"OpenStreetMap","brand":"Vue"}},{"type":"Feature","geometry":{"type":"Point","coordinates":[-0.0846045,51.5196469]},"properties":{"name":"Everyman","layer":"cinemas","note":"Everyman Cinemas","osm_id":"node/5218118730","osm_url":"https://www.openstreetmap.org/node/5218118730","source":"OpenStreetMap","brand":"Everyman Cinemas"}},{"type":"Feature","geometry":{"type":"Point","coordinates":[-1.7024877,53.7999207]},"properties":{"name":"Odeon","layer":"cinemas","note":"Odeon","osm_id":"node/521971697","osm_url":"https://www.openstreetmap.org/node/521971697","source":"OpenStreetMap","brand":"Odeon"}},{"type":"Feature","geometry":{"type":"Point","coordinates":[-0.4755082,51.5453132]},"properties":{"name":"Uxbridge Odeon","layer":"cinemas","note":"Odeon","osm_id":"node/528097911","osm_url":"https://www.openstreetmap.org/node/528097911","source":"OpenStreetMap","brand":"Odeon"}},{"type":"Feature","geometry":{"type":"Point","coordinates":[-1.7557084,53.7905358]},"properties":{"name":"Cubby Broccoli Cinema","layer":"cinemas","note":"OpenStreetMap","osm_id":"node/5284190126","osm_url":"https://www.openstreetmap.org/node/5284190126","source":"OpenStreetMap"}},{"type":"Feature","geometry":{"type":"Point","coordinates":[-1.40717,50.9019638]},"properties":{"name":"Showcase Cinema de Lux","layer":"cinemas","note":"Showcase Cinemas","osm_id":"node/5294173171","osm_url":"https://www.openstreetmap.org/node/5294173171","source":"OpenStreetMap","brand":"Showcase Cinemas"}},{"type":"Feature","geometry":{"type":"Point","coordinates":[-3.0192251,51.6546153]},"properties":{"name":"Vue","layer":"cinemas","note":"Vue","osm_id":"node/529675184","osm_url":"https://www.openstreetmap.org/node/529675184","source":"OpenStreetMap","brand":"Vue"}},{"type":"Feature","geometry":{"type":"Point","coordinates":[-1.1067422,50.7958883]},"properties":{"name":"Vue Gunwharf Quays","layer":"cinemas","note":"Vue","osm_id":"node/537653706","osm_url":"https://www.openstreetmap.org/node/537653706","source":"OpenStreetMap","brand":"Vue"}},{"type":"Feature","geometry":{"type":"Point","coordinates":[-0.1240562,51.5375291]},"properties":{"name":"Everyman King's Cross","layer":"cinemas","note":"Everyman Cinemas","osm_id":"node/5376964904","osm_url":"https://www.openstreetmap.org/node/5376964904","source":"OpenStreetMap","brand":"Everyman Cinemas"}},{"type":"Feature","geometry":{"type":"Point","coordinates":[1.1535689,52.0567001]},"properties":{"name":"Omniplex","layer":"cinemas","note":"OpenStreetMap","osm_id":"node/5403923622","osm_url":"https://www.openstreetmap.org/node/5403923622","source":"OpenStreetMap"}},{"type":"Feature","geometry":{"type":"Point","coordinates":[-7.3218188,54.9999923]},"properties":{"name":"Omniplex Cinema","layer":"cinemas","note":"OpenStreetMap","osm_id":"node/543386136","osm_url":"https://www.openstreetmap.org/node/543386136","source":"OpenStreetMap"}},{"type":"Feature","geometry":{"type":"Point","coordinates":[-1.5522538,50.9490276]},"properties":{"name":"4D cinema","layer":"cinemas","note":"OpenStreetMap","osm_id":"node/5437729310","osm_url":"https://www.openstreetmap.org/node/5437729310","source":"OpenStreetMap"}},{"type":"Feature","geometry":{"type":"Point","coordinates":[-1.4960074,53.6816652]},"properties":{"name":"Reel Cinema","layer":"cinemas","note":"REEL Cinemas","osm_id":"node/5508872739","osm_url":"https://www.openstreetmap.org/node/5508872739","source":"OpenStreetMap","brand":"REEL Cinemas"}},{"type":"Feature","geometry":{"type":"Point","coordinates":[-6.6780949,55.1198699]},"properties":{"name":"Moviehouse","layer":"cinemas","note":"OpenStreetMap","osm_id":"node/551448836","osm_url":"https://www.openstreetmap.org/node/551448836","source":"OpenStreetMap"}},{"type":"Feature","geometry":{"type":"Point","coordinates":[-2.4298031,53.5810559]},"properties":{"name":"The Light","layer":"cinemas","note":"The Light","osm_id":"node/5569615582","osm_url":"https://www.openstreetmap.org/node/5569615582","source":"OpenStreetMap","brand":"The Light"}},{"type":"Feature","geometry":{"type":"Point","coordinates":[-3.6933774,50.4521512]},"properties":{"name":"The Barn Cinema","layer":"cinemas","note":"OpenStreetMap","osm_id":"node/557239170","osm_url":"https://www.openstreetmap.org/node/557239170","source":"OpenStreetMap"}},{"type":"Feature","geometry":{"type":"Point","coordinates":[-0.7983845,54.134848]},"properties":{"name":"Malton Palace CInema","layer":"cinemas","note":"OpenStreetMap","osm_id":"node/5578089069","osm_url":"https://www.openstreetmap.org/node/5578089069","source":"OpenStreetMap"}},{"type":"Feature","geometry":{"type":"Point","coordinates":[-6.1829542,53.6103383]},"properties":{"name":"Omniplex Balbriggan","layer":"cinemas","note":"Omniplex Cinemas","osm_id":"node/560621659","osm_url":"https://www.openstreetmap.org/node/560621659","source":"OpenStreetMap","brand":"Omniplex Cinemas"}},{"type":"Feature","geometry":{"type":"Point","coordinates":[-2.9784639,51.3456476]},"properties":{"name":"Cineworld","layer":"cinemas","note":"Cineworld","osm_id":"node/5676346960","osm_url":"https://www.openstreetmap.org/node/5676346960","source":"OpenStreetMap","brand":"Cineworld"}},{"type":"Feature","geometry":{"type":"Point","coordinates":[-8.9279725,53.2785481]},"properties":{"name":"IMC Oranmore","layer":"cinemas","note":"Irish Multiplex Cinemas","osm_id":"node/568037131","osm_url":"https://www.openstreetmap.org/node/568037131","source":"OpenStreetMap","brand":"Irish Multiplex Cinemas"}},{"type":"Feature","geometry":{"type":"Point","coordinates":[-3.1777421,55.9806635]},"properties":{"name":"Vue","layer":"cinemas","note":"Vue","osm_id":"node/573453323","osm_url":"https://www.openstreetmap.org/node/573453323","source":"OpenStreetMap","brand":"Vue"}},{"type":"Feature","geometry":{"type":"Point","coordinates":[-0.4897469,51.3707171]},"properties":{"name":"The Light","layer":"cinemas","note":"The Light","osm_id":"node/5903956340","osm_url":"https://www.openstreetmap.org/node/5903956340","source":"OpenStreetMap","brand":"The Light"}},{"type":"Feature","geometry":{"type":"Point","coordinates":[-2.0963164,57.1439174]},"properties":{"name":"Cineworld","layer":"cinemas","note":"Cineworld","osm_id":"node/595491204","osm_url":"https://www.openstreetmap.org/node/595491204","source":"OpenStreetMap","brand":"Cineworld"}},{"type":"Feature","geometry":{"type":"Point","coordinates":[-1.4257544,53.8002589]},"properties":{"name":"Odeon","layer":"cinemas","note":"Odeon","osm_id":"node/5998749306","osm_url":"https://www.openstreetmap.org/node/5998749306","source":"OpenStreetMap","brand":"Odeon"}},{"type":"Feature","geometry":{"type":"Point","coordinates":[-0.4701612,52.13478]},"properties":{"name":"Vue Cinemas - Bedford","layer":"cinemas","note":"Vue","osm_id":"node/6007225994","osm_url":"https://www.openstreetmap.org/node/6007225994","source":"OpenStreetMap","brand":"Vue"}},{"type":"Feature","geometry":{"type":"Point","coordinates":[-2.5652741,51.4623314]},"properties":{"name":"Easton Community Cinema","layer":"cinemas","note":"OpenStreetMap","osm_id":"node/6067209991","osm_url":"https://www.openstreetmap.org/node/6067209991","source":"OpenStreetMap"}},{"type":"Feature","geometry":{"type":"Point","coordinates":[-0.7672486,60.4228845]},"properties":{"name":"Cinema","layer":"cinemas","note":"OpenStreetMap","osm_id":"node/6140720104","osm_url":"https://www.openstreetmap.org/node/6140720104","source":"OpenStreetMap"}},{"type":"Feature","geometry":{"type":"Point","coordinates":[-4.3613667,52.2122715]},"properties":{"name":"Cinema","layer":"cinemas","note":"New Quay Memorial Hall","osm_id":"node/6221761764","osm_url":"https://www.openstreetmap.org/node/6221761764","source":"OpenStreetMap","brand":"New Quay Memorial Hall"}},{"type":"Feature","geometry":{"type":"Point","coordinates":[-6.2502541,53.3933215]},"properties":{"name":"IMC","layer":"cinemas","note":"IMC","osm_id":"node/6257763537","osm_url":"https://www.openstreetmap.org/node/6257763537","source":"OpenStreetMap","brand":"IMC"}},{"type":"Feature","geometry":{"type":"Point","coordinates":[-0.7507235,51.4171477]},"properties":{"name":"Cineworld","layer":"cinemas","note":"Cineworld","osm_id":"node/6298975414","osm_url":"https://www.openstreetmap.org/node/6298975414","source":"OpenStreetMap","brand":"Cineworld"}},{"type":"Feature","geometry":{"type":"Point","coordinates":[-0.0791334,51.4190933]},"properties":{"name":"Everyman","layer":"cinemas","note":"Everyman Cinemas","osm_id":"node/6307635600","osm_url":"https://www.openstreetmap.org/node/6307635600","source":"OpenStreetMap","brand":"Everyman Cinemas"}},{"type":"Feature","geometry":{"type":"Point","coordinates":[-4.4443011,57.3240174]},"properties":{"name":"Cinema","layer":"cinemas","note":"OpenStreetMap","osm_id":"node/6318442190","osm_url":"https://www.openstreetmap.org/node/6318442190","source":"OpenStreetMap"}},{"type":"Feature","geometry":{"type":"Point","coordinates":[-6.1490106,52.7988484]},"properties":{"name":"Omniplex","layer":"cinemas","note":"Omniplex Cinemas","osm_id":"node/6322947380","osm_url":"https://www.openstreetmap.org/node/6322947380","source":"OpenStreetMap","brand":"Omniplex Cinemas"}},{"type":"Feature","geometry":{"type":"Point","coordinates":[-6.2781922,54.3323144]},"properties":{"name":"Omniplex","layer":"cinemas","note":"Omniplex Cinema Group","osm_id":"node/6322947381","osm_url":"https://www.openstreetmap.org/node/6322947381","source":"OpenStreetMap","brand":"Omniplex Cinema Group"}},{"type":"Feature","geometry":{"type":"Point","coordinates":[-5.9787334,54.5812093]},"properties":{"name":"Omniplex","layer":"cinemas","note":"Omniplex Cinema Group","osm_id":"node/6322947382","osm_url":"https://www.openstreetmap.org/node/6322947382","source":"OpenStreetMap","brand":"Omniplex Cinema Group"}},{"type":"Feature","geometry":{"type":"Point","coordinates":[-7.0010349,54.242252]},"properties":{"name":"Omniplex","layer":"cinemas","note":"Omniplex Cinemas","osm_id":"node/6322947384","osm_url":"https://www.openstreetmap.org/node/6322947384","source":"OpenStreetMap","brand":"Omniplex Cinemas"}},{"type":"Feature","geometry":{"type":"Point","coordinates":[-0.1565601,51.5205013]},"properties":{"name":"Everyman","layer":"cinemas","note":"Everyman Cinemas","osm_id":"node/6338253691","osm_url":"https://www.openstreetmap.org/node/6338253691","source":"OpenStreetMap","brand":"Everyman Cinemas"}},{"type":"Feature","geometry":{"type":"Point","coordinates":[-0.1469763,51.4825125]},"properties":{"name":"The Cinema in the Arches","layer":"cinemas","note":"OpenStreetMap","osm_id":"node/6345003067","osm_url":"https://www.openstreetmap.org/node/6345003067","source":"OpenStreetMap"}},{"type":"Feature","geometry":{"type":"Point","coordinates":[0.4758475,51.7339654]},"properties":{"name":"Everyman","layer":"cinemas","note":"Everyman Cinemas","osm_id":"node/6351793105","osm_url":"https://www.openstreetmap.org/node/6351793105","source":"OpenStreetMap","brand":"Everyman Cinemas"}},{"type":"Feature","geometry":{"type":"Point","coordinates":[-2.7186615,52.0611921]},"properties":{"name":"The Courtyard Cinema","layer":"cinemas","note":"OpenStreetMap","osm_id":"node/6438020788","osm_url":"https://www.openstreetmap.org/node/6438020788","source":"OpenStreetMap"}},{"type":"Feature","geometry":{"type":"Point","coordinates":[-2.5860582,51.4589416]},"properties":{"name":"Odeon","layer":"cinemas","note":"Odeon","osm_id":"node/6498830788","osm_url":"https://www.openstreetmap.org/node/6498830788","source":"OpenStreetMap","brand":"Odeon"}},{"type":"Feature","geometry":{"type":"Point","coordinates":[-0.1393821,50.824968]},"properties":{"name":"Dukes at the Komedia Picturehouse","layer":"cinemas","note":"Picturehouse Cinemas","osm_id":"node/6511570907","osm_url":"https://www.openstreetmap.org/node/6511570907","source":"OpenStreetMap","brand":"Picturehouse Cinemas"}},{"type":"Feature","geometry":{"type":"Point","coordinates":[-2.1142307,49.1835931]},"properties":{"name":"Cineworld","layer":"cinemas","note":"Cineworld","osm_id":"node/653491275","osm_url":"https://www.openstreetmap.org/node/653491275","source":"OpenStreetMap","brand":"Cineworld"}},{"type":"Feature","geometry":{"type":"Point","coordinates":[-0.1029573,51.4330712]},"properties":{"name":"West Norwood Picturehouse","layer":"cinemas","note":"Picturehouse Cinemas","osm_id":"node/6589760000","osm_url":"https://www.openstreetmap.org/node/6589760000","source":"OpenStreetMap","brand":"Picturehouse Cinemas"}},{"type":"Feature","geometry":{"type":"Point","coordinates":[-6.2652725,53.3237527]},"properties":{"name":"Rathmines Omniplex","layer":"cinemas","note":"Omniplex Cinema Group","osm_id":"node/660241389","osm_url":"https://www.openstreetmap.org/node/660241389","source":"OpenStreetMap","brand":"Omniplex Cinema Group"}},{"type":"Feature","geometry":{"type":"Point","coordinates":[-7.4943696,53.2744459]},"properties":{"name":"IMC Tullamore","layer":"cinemas","note":"Irish Multiplex Cinemas","osm_id":"node/663315552","osm_url":"https://www.openstreetmap.org/node/663315552","source":"OpenStreetMap","brand":"Irish Multiplex Cinemas"}},{"type":"Feature","geometry":{"type":"Point","coordinates":[-5.5387222,50.1197257]},"properties":{"name":"Savoy Cinema","layer":"cinemas","note":"OpenStreetMap","osm_id":"node/663581395","osm_url":"https://www.openstreetmap.org/node/663581395","source":"OpenStreetMap"}},{"type":"Feature","geometry":{"type":"Point","coordinates":[-1.1244775,52.6358425]},"properties":{"name":"Phoenix","layer":"cinemas","note":"OpenStreetMap","osm_id":"node/664606406","osm_url":"https://www.openstreetmap.org/node/664606406","source":"OpenStreetMap"}},{"type":"Feature","geometry":{"type":"Point","coordinates":[-0.0807865,51.4976739]},"properties":{"name":"The Arzner","layer":"cinemas","note":"OpenStreetMap","osm_id":"node/668541398","osm_url":"https://www.openstreetmap.org/node/668541398","source":"OpenStreetMap"}},{"type":"Feature","geometry":{"type":"Point","coordinates":[0.1013825,51.3765645]},"properties":{"name":"Odeon","layer":"cinemas","note":"Odeon","osm_id":"node/6687236123","osm_url":"https://www.openstreetmap.org/node/6687236123","source":"OpenStreetMap","brand":"Odeon"}},{"type":"Feature","geometry":{"type":"Point","coordinates":[-2.4387436,50.710053]},"properties":{"name":"Odeon","layer":"cinemas","note":"Odeon","osm_id":"node/6691397625","osm_url":"https://www.openstreetmap.org/node/6691397625","source":"OpenStreetMap","brand":"Odeon"}},{"type":"Feature","geometry":{"type":"Point","coordinates":[-2.3514279,53.386548]},"properties":{"name":"Everyman Altrincham","layer":"cinemas","note":"Everyman Cinemas","osm_id":"node/6694215418","osm_url":"https://www.openstreetmap.org/node/6694215418","source":"OpenStreetMap","brand":"Everyman Cinemas"}},{"type":"Feature","geometry":{"type":"Point","coordinates":[-2.2184853,51.7466611]},"properties":{"name":"Vue","layer":"cinemas","note":"Vue","osm_id":"node/670103934","osm_url":"https://www.openstreetmap.org/node/670103934","source":"OpenStreetMap","brand":"Vue"}},{"type":"Feature","geometry":{"type":"Point","coordinates":[-3.0152124,53.6521385]},"properties":{"name":"Vue","layer":"cinemas","note":"Vue","osm_id":"node/670511196","osm_url":"https://www.openstreetmap.org/node/670511196","source":"OpenStreetMap","brand":"Vue"}},{"type":"Feature","geometry":{"type":"Point","coordinates":[-0.3264937,51.0624566]},"properties":{"name":"Everyman","layer":"cinemas","note":"Everyman Cinemas","osm_id":"node/6718161566","osm_url":"https://www.openstreetmap.org/node/6718161566","source":"OpenStreetMap","brand":"Everyman Cinemas"}},{"type":"Feature","geometry":{"type":"Point","coordinates":[-9.0771568,53.2593138]},"properties":{"name":"Omniplex D’LUXX","layer":"cinemas","note":"Omniplex Cinemas","osm_id":"node/6763937193","osm_url":"https://www.openstreetmap.org/node/6763937193","source":"OpenStreetMap","brand":"Omniplex Cinemas"}},{"type":"Feature","geometry":{"type":"Point","coordinates":[-1.2802178,51.6700979]},"properties":{"name":"The Abbey","layer":"cinemas","note":"OpenStreetMap","osm_id":"node/6816180606","osm_url":"https://www.openstreetmap.org/node/6816180606","source":"OpenStreetMap"}},{"type":"Feature","geometry":{"type":"Point","coordinates":[-3.1886289,55.9510636]},"properties":{"name":"Scotsman Picturehouse","layer":"cinemas","note":"OpenStreetMap","osm_id":"node/6918211750","osm_url":"https://www.openstreetmap.org/node/6918211750","source":"OpenStreetMap"}},{"type":"Feature","geometry":{"type":"Point","coordinates":[-1.6127359,54.9726055]},"properties":{"name":"Everyman","layer":"cinemas","note":"Everyman Cinemas","osm_id":"node/6935442078","osm_url":"https://www.openstreetmap.org/node/6935442078","source":"OpenStreetMap","brand":"Everyman Cinemas"}},{"type":"Feature","geometry":{"type":"Point","coordinates":[-2.2529037,53.4783719]},"properties":{"name":"Everyman Manchester St. John's","layer":"cinemas","note":"Everyman Cinemas","osm_id":"node/6945355394","osm_url":"https://www.openstreetmap.org/node/6945355394","source":"OpenStreetMap","brand":"Everyman Cinemas"}},{"type":"Feature","geometry":{"type":"Point","coordinates":[-0.1013366,51.4650547]},"properties":{"name":"Whirled Cinema","layer":"cinemas","note":"OpenStreetMap","osm_id":"node/705228239","osm_url":"https://www.openstreetmap.org/node/705228239","source":"OpenStreetMap"}},{"type":"Feature","geometry":{"type":"Point","coordinates":[-1.2893721,50.6991432]},"properties":{"name":"Cineworld","layer":"cinemas","note":"Cineworld","osm_id":"node/7061745955","osm_url":"https://www.openstreetmap.org/node/7061745955","source":"OpenStreetMap","brand":"Cineworld"}},{"type":"Feature","geometry":{"type":"Point","coordinates":[-2.628561,53.6539814]},"properties":{"name":"REEL Cinemas","layer":"cinemas","note":"REEL Cinemas","osm_id":"node/7077333620","osm_url":"https://www.openstreetmap.org/node/7077333620","source":"OpenStreetMap","brand":"REEL Cinemas"}},{"type":"Feature","geometry":{"type":"Point","coordinates":[-1.0521496,53.9832809]},"properties":{"name":"Cineworld","layer":"cinemas","note":"Cineworld","osm_id":"node/7086759530","osm_url":"https://www.openstreetmap.org/node/7086759530","source":"OpenStreetMap","brand":"Cineworld"}},{"type":"Feature","geometry":{"type":"Point","coordinates":[-0.90232,52.2373781]},"properties":{"name":"Vue","layer":"cinemas","note":"Vue","osm_id":"node/712377916","osm_url":"https://www.openstreetmap.org/node/712377916","source":"OpenStreetMap","brand":"Vue"}},{"type":"Feature","geometry":{"type":"Point","coordinates":[-6.7983795,53.1775515]},"properties":{"name":"Odeon","layer":"cinemas","note":"Odeon","osm_id":"node/715791758","osm_url":"https://www.openstreetmap.org/node/715791758","source":"OpenStreetMap","brand":"Odeon"}},{"type":"Feature","geometry":{"type":"Point","coordinates":[-2.6175731,51.7925239]},"properties":{"name":"Studio Cinema","layer":"cinemas","note":"OpenStreetMap","osm_id":"node/7167337445","osm_url":"https://www.openstreetmap.org/node/7167337445","source":"OpenStreetMap"}},{"type":"Feature","geometry":{"type":"Point","coordinates":[-0.1657783,51.5508149]},"properties":{"name":"Everyman","layer":"cinemas","note":"Everyman Cinemas","osm_id":"node/7179603220","osm_url":"https://www.openstreetmap.org/node/7179603220","source":"OpenStreetMap","brand":"Everyman Cinemas"}},{"type":"Feature","geometry":{"type":"Point","coordinates":[-0.0178293,51.5061329]},"properties":{"name":"Everyman","layer":"cinemas","note":"Everyman Cinemas","osm_id":"node/7182075445","osm_url":"https://www.openstreetmap.org/node/7182075445","source":"OpenStreetMap","brand":"Everyman Cinemas"}},{"type":"Feature","geometry":{"type":"Point","coordinates":[-1.5784041,54.7776191]},"properties":{"name":"Odeon Luxe","layer":"cinemas","note":"Odeon","osm_id":"node/7303993736","osm_url":"https://www.openstreetmap.org/node/7303993736","source":"OpenStreetMap","brand":"Odeon"}},{"type":"Feature","geometry":{"type":"Point","coordinates":[-5.8797426,54.6006341]},"properties":{"name":"Strand Cinema","layer":"cinemas","note":"OpenStreetMap","osm_id":"node/73100860","osm_url":"https://www.openstreetmap.org/node/73100860","source":"OpenStreetMap"}},{"type":"Feature","geometry":{"type":"Point","coordinates":[-3.7780933,50.2856128]},"properties":{"name":"Kings Cinema","layer":"cinemas","note":"Merlin Cinemas","osm_id":"node/733812090","osm_url":"https://www.openstreetmap.org/node/733812090","source":"OpenStreetMap","brand":"Merlin Cinemas"}},{"type":"Feature","geometry":{"type":"Point","coordinates":[-1.1501814,52.9558339]},"properties":{"name":"Vue Cinema","layer":"cinemas","note":"Vue","osm_id":"node/736659006","osm_url":"https://www.openstreetmap.org/node/736659006","source":"OpenStreetMap","brand":"Vue"}},{"type":"Feature","geometry":{"type":"Point","coordinates":[-3.1646235,51.4633796]},"properties":{"name":"Everyman Cinema","layer":"cinemas","note":"Everyman Cinemas","osm_id":"node/7400297104","osm_url":"https://www.openstreetmap.org/node/7400297104","source":"OpenStreetMap","brand":"Everyman Cinemas"}},{"type":"Feature","geometry":{"type":"Point","coordinates":[0.5919118,50.8576833]},"properties":{"name":"The Electric Palace","layer":"cinemas","note":"OpenStreetMap","osm_id":"node/745491558","osm_url":"https://www.openstreetmap.org/node/745491558","source":"OpenStreetMap"}},{"type":"Feature","geometry":{"type":"Point","coordinates":[-2.3938571,53.8683508]},"properties":{"name":"Everyman Cinema","layer":"cinemas","note":"Everyman Cinemas","osm_id":"node/7526556656","osm_url":"https://www.openstreetmap.org/node/7526556656","source":"OpenStreetMap","brand":"Everyman Cinemas"}},{"type":"Feature","geometry":{"type":"Point","coordinates":[-5.0743366,50.1540495]},"properties":{"name":"The Phoenix","layer":"cinemas","note":"Merlin Cinemas","osm_id":"node/756805705","osm_url":"https://www.openstreetmap.org/node/756805705","source":"OpenStreetMap","brand":"Merlin Cinemas"}},{"type":"Feature","geometry":{"type":"Point","coordinates":[-1.1383174,51.5693191]},"properties":{"name":"The Great Hall","layer":"cinemas","note":"OpenStreetMap","osm_id":"node/7699167624","osm_url":"https://www.openstreetmap.org/node/7699167624","source":"OpenStreetMap"}},{"type":"Feature","geometry":{"type":"Point","coordinates":[-0.8367618,51.4092955]},"properties":{"name":"Everyman Cinema","layer":"cinemas","note":"Everyman Cinemas","osm_id":"node/7733746293","osm_url":"https://www.openstreetmap.org/node/7733746293","source":"OpenStreetMap","brand":"Everyman Cinemas"}},{"type":"Feature","geometry":{"type":"Point","coordinates":[-0.0199365,51.4329339]},"properties":{"name":"The Fellowship Cinema","layer":"cinemas","note":"OpenStreetMap","osm_id":"node/7756557948","osm_url":"https://www.openstreetmap.org/node/7756557948","source":"OpenStreetMap"}},{"type":"Feature","geometry":{"type":"Point","coordinates":[-6.3914068,53.3924399]},"properties":{"name":"Odeon Blanchardstown","layer":"cinemas","note":"Odeon","osm_id":"node/776762446","osm_url":"https://www.openstreetmap.org/node/776762446","source":"OpenStreetMap","brand":"Odeon"}},{"type":"Feature","geometry":{"type":"Point","coordinates":[-2.1643767,53.6029854]},"properties":{"name":"Odeon","layer":"cinemas","note":"Odeon","osm_id":"node/778242941","osm_url":"https://www.openstreetmap.org/node/778242941","source":"OpenStreetMap","brand":"Odeon"}},{"type":"Feature","geometry":{"type":"Point","coordinates":[-2.8805384,53.3493028]},"properties":{"name":"Cineworld","layer":"cinemas","note":"Cineworld","osm_id":"node/7876395843","osm_url":"https://www.openstreetmap.org/node/7876395843","source":"OpenStreetMap","brand":"Cineworld"}},{"type":"Feature","geometry":{"type":"Point","coordinates":[-0.629321,52.3006131]},"properties":{"name":"Cineworld","layer":"cinemas","note":"Cineworld","osm_id":"node/7876758659","osm_url":"https://www.openstreetmap.org/node/7876758659","source":"OpenStreetMap","brand":"Cineworld"}},{"type":"Feature","geometry":{"type":"Point","coordinates":[-0.1771484,51.4945283]},"properties":{"name":"Ciné Lumière","layer":"cinemas","note":"OpenStreetMap","osm_id":"node/7930695624","osm_url":"https://www.openstreetmap.org/node/7930695624","source":"OpenStreetMap"}},{"type":"Feature","geometry":{"type":"Point","coordinates":[-7.45644,55.1363172]},"properties":{"name":"Buncrana Cinema","layer":"cinemas","note":"OpenStreetMap","osm_id":"node/7939696543","osm_url":"https://www.openstreetmap.org/node/7939696543","source":"OpenStreetMap"}},{"type":"Feature","geometry":{"type":"Point","coordinates":[1.3182132,52.0907046]},"properties":{"name":"Riverside Theatre","layer":"cinemas","note":"OpenStreetMap","osm_id":"node/7991085338","osm_url":"https://www.openstreetmap.org/node/7991085338","source":"OpenStreetMap"}},{"type":"Feature","geometry":{"type":"Point","coordinates":[-2.9532248,55.9445666]},"properties":{"name":"The Fraser Centre","layer":"cinemas","note":"OpenStreetMap","osm_id":"node/8041878185","osm_url":"https://www.openstreetmap.org/node/8041878185","source":"OpenStreetMap"}},{"type":"Feature","geometry":{"type":"Point","coordinates":[-7.8103889,52.6757299]},"properties":{"name":"Irish Multiplex Cinemas Thurles","layer":"cinemas","note":"Irish Multiplex Cinemas","osm_id":"node/806180243","osm_url":"https://www.openstreetmap.org/node/806180243","source":"OpenStreetMap","brand":"Irish Multiplex Cinemas"}},{"type":"Feature","geometry":{"type":"Point","coordinates":[-2.7464299,53.8622351]},"properties":{"name":"The Flower Bowl","layer":"cinemas","note":"OpenStreetMap","osm_id":"node/8065826367","osm_url":"https://www.openstreetmap.org/node/8065826367","source":"OpenStreetMap"}},{"type":"Feature","geometry":{"type":"Point","coordinates":[-2.2927809,53.4704545]},"properties":{"name":"Vue","layer":"cinemas","note":"Vue","osm_id":"node/811925009","osm_url":"https://www.openstreetmap.org/node/811925009","source":"OpenStreetMap","brand":"Vue"}},{"type":"Feature","geometry":{"type":"Point","coordinates":[-0.066645,51.5083106]},"properties":{"name":"London Dock - Residents Cinema","layer":"cinemas","note":"OpenStreetMap","osm_id":"node/8348478722","osm_url":"https://www.openstreetmap.org/node/8348478722","source":"OpenStreetMap"}},{"type":"Feature","geometry":{"type":"Point","coordinates":[-2.7742901,53.5501602]},"properties":{"name":"Capitol Cinemas","layer":"cinemas","note":"OpenStreetMap","osm_id":"node/8390702753","osm_url":"https://www.openstreetmap.org/node/8390702753","source":"OpenStreetMap"}},{"type":"Feature","geometry":{"type":"Point","coordinates":[-1.8606355,53.7249049]},"properties":{"name":"Vue Halifax","layer":"cinemas","note":"Vue","osm_id":"node/8411567994","osm_url":"https://www.openstreetmap.org/node/8411567994","source":"OpenStreetMap","brand":"Vue"}},{"type":"Feature","geometry":{"type":"Point","coordinates":[-3.1673158,51.4352326]},"properties":{"name":"Snowcat Cinema","layer":"cinemas","note":"OpenStreetMap","osm_id":"node/8452574923","osm_url":"https://www.openstreetmap.org/node/8452574923","source":"OpenStreetMap"}},{"type":"Feature","geometry":{"type":"Point","coordinates":[-2.4980644,51.8234381]},"properties":{"name":"The Palace","layer":"cinemas","note":"OpenStreetMap","osm_id":"node/856554319","osm_url":"https://www.openstreetmap.org/node/856554319","source":"OpenStreetMap"}},{"type":"Feature","geometry":{"type":"Point","coordinates":[-0.2259926,51.5104293]},"properties":{"name":"Electric Cinema","layer":"cinemas","note":"OpenStreetMap","osm_id":"node/8629753788","osm_url":"https://www.openstreetmap.org/node/8629753788","source":"OpenStreetMap"}},{"type":"Feature","geometry":{"type":"Point","coordinates":[-2.7881825,55.4211694]},"properties":{"name":"Heart of Hawick Cinema","layer":"cinemas","note":"OpenStreetMap","osm_id":"node/8653607171","osm_url":"https://www.openstreetmap.org/node/8653607171","source":"OpenStreetMap"}},{"type":"Feature","geometry":{"type":"Point","coordinates":[-0.8858677,52.765253]},"properties":{"name":"Regal Cinema","layer":"cinemas","note":"OpenStreetMap","osm_id":"node/8697345626","osm_url":"https://www.openstreetmap.org/node/8697345626","source":"OpenStreetMap"}},{"type":"Feature","geometry":{"type":"Point","coordinates":[-0.1059658,50.8126894]},"properties":{"name":"Cineworld","layer":"cinemas","note":"Cineworld","osm_id":"node/87342618","osm_url":"https://www.openstreetmap.org/node/87342618","source":"OpenStreetMap","brand":"Cineworld"}},{"type":"Feature","geometry":{"type":"Point","coordinates":[-10.2695784,52.1397452]},"properties":{"name":"Phoenix Cinema","layer":"cinemas","note":"OpenStreetMap","osm_id":"node/877738402","osm_url":"https://www.openstreetmap.org/node/877738402","source":"OpenStreetMap"}},{"type":"Feature","geometry":{"type":"Point","coordinates":[-0.1035717,51.5386358]},"properties":{"name":"Odeon Luxe & Dine","layer":"cinemas","note":"Odeon","osm_id":"node/8819117410","osm_url":"https://www.openstreetmap.org/node/8819117410","source":"OpenStreetMap","brand":"Odeon"}},{"type":"Feature","geometry":{"type":"Point","coordinates":[-5.9166939,54.6040355]},"properties":{"name":"Cineworld","layer":"cinemas","note":"Cineworld","osm_id":"node/88729954","osm_url":"https://www.openstreetmap.org/node/88729954","source":"OpenStreetMap","brand":"Cineworld"}},{"type":"Feature","geometry":{"type":"Point","coordinates":[-5.1106404,56.8176499]},"properties":{"name":"Highland Cinema","layer":"cinemas","note":"OpenStreetMap","osm_id":"node/8883872537","osm_url":"https://www.openstreetmap.org/node/8883872537","source":"OpenStreetMap"}},{"type":"Feature","geometry":{"type":"Point","coordinates":[-1.7553171,53.7907746]},"properties":{"name":"Pictureville Cinema","layer":"cinemas","note":"OpenStreetMap","osm_id":"node/8905747313","osm_url":"https://www.openstreetmap.org/node/8905747313","source":"OpenStreetMap"}},{"type":"Feature","geometry":{"type":"Point","coordinates":[-1.7562437,53.7906981]},"properties":{"name":"IMAX","layer":"cinemas","note":"OpenStreetMap","osm_id":"node/8905747314","osm_url":"https://www.openstreetmap.org/node/8905747314","source":"OpenStreetMap"}},{"type":"Feature","geometry":{"type":"Point","coordinates":[-2.9749015,56.4573095]},"properties":{"name":"Dundee Contemporary Arts","layer":"cinemas","note":"Charity no. SC26631","osm_id":"node/891093896","osm_url":"https://www.openstreetmap.org/node/891093896","source":"OpenStreetMap","brand":"Charity no. SC26631"}},{"type":"Feature","geometry":{"type":"Point","coordinates":[-0.3280474,51.4884965]},"properties":{"name":"Sky Cinema","layer":"cinemas","note":"OpenStreetMap","osm_id":"node/9056076209","osm_url":"https://www.openstreetmap.org/node/9056076209","source":"OpenStreetMap"}},{"type":"Feature","geometry":{"type":"Point","coordinates":[-0.3639612,51.3707417]},"properties":{"name":"Everyman","layer":"cinemas","note":"Everyman Cinemas","osm_id":"node/9057369742","osm_url":"https://www.openstreetmap.org/node/9057369742","source":"OpenStreetMap","brand":"Everyman Cinemas"}},{"type":"Feature","geometry":{"type":"Point","coordinates":[-3.6648995,50.8100973]},"properties":{"name":"Sanford Cinema","layer":"cinemas","note":"OpenStreetMap","osm_id":"node/9063114729","osm_url":"https://www.openstreetmap.org/node/9063114729","source":"OpenStreetMap"}},{"type":"Feature","geometry":{"type":"Point","coordinates":[-0.9774048,51.4550957]},"properties":{"name":"Reading Biscuit Factory","layer":"cinemas","note":"OpenStreetMap","osm_id":"node/9088351041","osm_url":"https://www.openstreetmap.org/node/9088351041","source":"OpenStreetMap"}},{"type":"Feature","geometry":{"type":"Point","coordinates":[-1.7660886,53.655331]},"properties":{"name":"Odeon","layer":"cinemas","note":"Odeon","osm_id":"node/909628123","osm_url":"https://www.openstreetmap.org/node/909628123","source":"OpenStreetMap","brand":"Odeon"}},{"type":"Feature","geometry":{"type":"Point","coordinates":[-0.083797,51.5288806]},"properties":{"name":"Curzon Hoxton","layer":"cinemas","note":"Curzon","osm_id":"node/9120392029","osm_url":"https://www.openstreetmap.org/node/9120392029","source":"OpenStreetMap","brand":"Curzon"}},{"type":"Feature","geometry":{"type":"Point","coordinates":[-6.2508027,53.3235612]},"properties":{"name":"Stella Cinema Ranelagh","layer":"cinemas","note":"OpenStreetMap","osm_id":"node/9166793826","osm_url":"https://www.openstreetmap.org/node/9166793826","source":"OpenStreetMap"}},{"type":"Feature","geometry":{"type":"Point","coordinates":[-0.2992998,51.4119331]},"properties":{"name":"Odeon Kingston","layer":"cinemas","note":"Odeon","osm_id":"node/920198785","osm_url":"https://www.openstreetmap.org/node/920198785","source":"OpenStreetMap","brand":"Odeon"}},{"type":"Feature","geometry":{"type":"Point","coordinates":[-4.8361756,50.5152411]},"properties":{"name":"Regal","layer":"cinemas","note":"OpenStreetMap","osm_id":"node/929008246","osm_url":"https://www.openstreetmap.org/node/929008246","source":"OpenStreetMap"}},{"type":"Feature","geometry":{"type":"Point","coordinates":[-2.1007686,54.9720591]},"properties":{"name":"The Forum","layer":"cinemas","note":"OpenStreetMap","osm_id":"node/929407164","osm_url":"https://www.openstreetmap.org/node/929407164","source":"OpenStreetMap"}},{"type":"Feature","geometry":{"type":"Point","coordinates":[-0.2684113,51.5065997]},"properties":{"name":"Act One Cinema","layer":"cinemas","note":"OpenStreetMap","osm_id":"node/9333021746","osm_url":"https://www.openstreetmap.org/node/9333021746","source":"OpenStreetMap"}},{"type":"Feature","geometry":{"type":"Point","coordinates":[0.00135,51.4185688]},"properties":{"name":"Laser Quest & VR Centre Bromley","layer":"cinemas","note":"OpenStreetMap","osm_id":"node/9333538050","osm_url":"https://www.openstreetmap.org/node/9333538050","source":"OpenStreetMap"}},{"type":"Feature","geometry":{"type":"Point","coordinates":[-0.4544933,51.7480077]},"properties":{"name":"Cineworld Hemel Hempstead","layer":"cinemas","note":"Cineworld","osm_id":"node/933669191","osm_url":"https://www.openstreetmap.org/node/933669191","source":"OpenStreetMap","brand":"Cineworld"}},{"type":"Feature","geometry":{"type":"Point","coordinates":[-1.7769703,50.734142]},"properties":{"name":"Regent Centre","layer":"cinemas","note":"OpenStreetMap","osm_id":"node/9382363458","osm_url":"https://www.openstreetmap.org/node/9382363458","source":"OpenStreetMap"}},{"type":"Feature","geometry":{"type":"Point","coordinates":[-0.1302154,51.5099104]},"properties":{"name":"Odeon Luxe West End","layer":"cinemas","note":"Odeon","osm_id":"node/9405724041","osm_url":"https://www.openstreetmap.org/node/9405724041","source":"OpenStreetMap","brand":"Odeon"}},{"type":"Feature","geometry":{"type":"Point","coordinates":[-2.0762551,51.8986115]},"properties":{"name":"Tivoli","layer":"cinemas","note":"OpenStreetMap","osm_id":"node/9421181201","osm_url":"https://www.openstreetmap.org/node/9421181201","source":"OpenStreetMap"}},{"type":"Feature","geometry":{"type":"Point","coordinates":[-2.7300051,52.0738383]},"properties":{"name":"Outdoor Cinema Hereford","layer":"cinemas","note":"OpenStreetMap","osm_id":"node/9462717726","osm_url":"https://www.openstreetmap.org/node/9462717726","source":"OpenStreetMap"}},{"type":"Feature","geometry":{"type":"Point","coordinates":[-1.8316671,54.8516626]},"properties":{"name":"The Empire Cinema","layer":"cinemas","note":"OpenStreetMap","osm_id":"node/947043131","osm_url":"https://www.openstreetmap.org/node/947043131","source":"OpenStreetMap"}},{"type":"Feature","geometry":{"type":"Point","coordinates":[-0.1074654,51.565068]},"properties":{"name":"Finsbury Park Picturehouse","layer":"cinemas","note":"Picturehouse Cinemas","osm_id":"node/9519228592","osm_url":"https://www.openstreetmap.org/node/9519228592","source":"OpenStreetMap","brand":"Picturehouse Cinemas"}},{"type":"Feature","geometry":{"type":"Point","coordinates":[-0.3965063,51.6560567]},"properties":{"name":"Cineworld","layer":"cinemas","note":"Cineworld","osm_id":"node/9534977099","osm_url":"https://www.openstreetmap.org/node/9534977099","source":"OpenStreetMap","brand":"Cineworld"}},{"type":"Feature","geometry":{"type":"Point","coordinates":[-7.1110708,52.2546493]},"properties":{"name":"Odeon","layer":"cinemas","note":"Odeon","osm_id":"node/954775815","osm_url":"https://www.openstreetmap.org/node/954775815","source":"OpenStreetMap","brand":"Odeon"}},{"type":"Feature","geometry":{"type":"Point","coordinates":[-5.7099742,54.5908359]},"properties":{"name":"IMC","layer":"cinemas","note":"Irish Multiplex Cinemas","osm_id":"node/957531446","osm_url":"https://www.openstreetmap.org/node/957531446","source":"OpenStreetMap","brand":"Irish Multiplex Cinemas"}},{"type":"Feature","geometry":{"type":"Point","coordinates":[-6.33953,54.1684362]},"properties":{"name":"Newry Omniplex","layer":"cinemas","note":"Omniplex Cinema Group","osm_id":"node/960942119","osm_url":"https://www.openstreetmap.org/node/960942119","source":"OpenStreetMap","brand":"Omniplex Cinema Group"}},{"type":"Feature","geometry":{"type":"Point","coordinates":[-8.8783825,52.7104825]},"properties":{"name":"Omniplex Cinema","layer":"cinemas","note":"Omniplex Cinemas","osm_id":"node/9625159261","osm_url":"https://www.openstreetmap.org/node/9625159261","source":"OpenStreetMap","brand":"Omniplex Cinemas"}},{"type":"Feature","geometry":{"type":"Point","coordinates":[1.3135952,51.1246961]},"properties":{"name":"Silver Screen Cinema Dover","layer":"cinemas","note":"OpenStreetMap","osm_id":"node/9629835411","osm_url":"https://www.openstreetmap.org/node/9629835411","source":"OpenStreetMap"}},{"type":"Feature","geometry":{"type":"Point","coordinates":[0.0568051,51.4506065]},"properties":{"name":"Vue","layer":"cinemas","note":"Vue","osm_id":"node/9654279964","osm_url":"https://www.openstreetmap.org/node/9654279964","source":"OpenStreetMap","brand":"Vue"}},{"type":"Feature","geometry":{"type":"Point","coordinates":[-0.0810416,51.5223614]},"properties":{"name":"Rooftop Film Club","layer":"cinemas","note":"OpenStreetMap","osm_id":"node/9733052917","osm_url":"https://www.openstreetmap.org/node/9733052917","source":"OpenStreetMap"}},{"type":"Feature","geometry":{"type":"Point","coordinates":[-0.0011234,51.5416661]},"properties":{"name":"Rooftop Film Club","layer":"cinemas","note":"OpenStreetMap","osm_id":"node/9733055717","osm_url":"https://www.openstreetmap.org/node/9733055717","source":"OpenStreetMap"}},{"type":"Feature","geometry":{"type":"Point","coordinates":[-1.5618245,52.3796421]},"properties":{"name":"Warwick Arts Centre Cinema","layer":"cinemas","note":"OpenStreetMap","osm_id":"node/981812565","osm_url":"https://www.openstreetmap.org/node/981812565","source":"OpenStreetMap"}},{"type":"Feature","geometry":{"type":"Point","coordinates":[0.2307431,52.0169281]},"properties":{"name":"Saffron Screen","layer":"cinemas","note":"OpenStreetMap","osm_id":"node/984801828","osm_url":"https://www.openstreetmap.org/node/984801828","source":"OpenStreetMap"}},{"type":"Feature","geometry":{"type":"Point","coordinates":[-2.9430443,51.5739244]},"properties":{"name":"Cineworld","layer":"cinemas","note":"Cineworld","osm_id":"node/9876886812","osm_url":"https://www.openstreetmap.org/node/9876886812","source":"OpenStreetMap","brand":"Cineworld"}},{"type":"Feature","geometry":{"type":"Point","coordinates":[-2.2379238,53.4916152]},"properties":{"name":"Cultplex","layer":"cinemas","note":"OpenStreetMap","osm_id":"node/9892528774","osm_url":"https://www.openstreetmap.org/node/9892528774","source":"OpenStreetMap"}},{"type":"Feature","geometry":{"type":"Point","coordinates":[-2.98644,53.4071844]},"properties":{"name":"Everyman","layer":"cinemas","note":"Everyman Cinemas","osm_id":"node/9910021784","osm_url":"https://www.openstreetmap.org/node/9910021784","source":"OpenStreetMap","brand":"Everyman Cinemas"}},{"type":"Feature","geometry":{"type":"Point","coordinates":[-0.0922029,51.5056351]},"properties":{"name":"Everyman","layer":"cinemas","note":"Everyman Cinemas","osm_id":"node/9960451065","osm_url":"https://www.openstreetmap.org/node/9960451065","source":"OpenStreetMap","brand":"Everyman Cinemas"}},{"type":"Feature","geometry":{"type":"Point","coordinates":[0.9474447,50.9875974]},"properties":{"name":"Cinemarsh","layer":"cinemas","note":"OpenStreetMap","osm_id":"node/9960575338","osm_url":"https://www.openstreetmap.org/node/9960575338","source":"OpenStreetMap"}},{"type":"Feature","geometry":{"type":"Point","coordinates":[-0.5480215,51.4309276]},"properties":{"name":"Everyman","layer":"cinemas","note":"Everyman Cinemas","osm_id":"node/9986325241","osm_url":"https://www.openstreetmap.org/node/9986325241","source":"OpenStreetMap","brand":"Everyman Cinemas"}},{"type":"Feature","geometry":{"type":"Point","coordinates":[0.2832333,50.7693265]},"properties":{"name":"Cineworld","layer":"cinemas","note":"Cineworld","osm_id":"relation/17914181","osm_url":"https://www.openstreetmap.org/relation/17914181","source":"OpenStreetMap","brand":"Cineworld"}},{"type":"Feature","geometry":{"type":"Point","coordinates":[-3.3950524,56.0781499]},"properties":{"name":"Odeon","layer":"cinemas","note":"Odeon","osm_id":"relation/9581229","osm_url":"https://www.openstreetmap.org/relation/9581229","source":"OpenStreetMap","brand":"Odeon"}},{"type":"Feature","geometry":{"type":"Point","coordinates":[-1.49494,55.0128733]},"properties":{"name":"Odeon","layer":"cinemas","note":"Odeon","osm_id":"way/100550419","osm_url":"https://www.openstreetmap.org/way/100550419","source":"OpenStreetMap","brand":"Odeon"}},{"type":"Feature","geometry":{"type":"Point","coordinates":[-1.5818327,53.804436]},"properties":{"name":"Vue","layer":"cinemas","note":"Vue","osm_id":"way/100901649","osm_url":"https://www.openstreetmap.org/way/100901649","source":"OpenStreetMap","brand":"Vue"}},{"type":"Feature","geometry":{"type":"Point","coordinates":[-8.6598452,52.6681719]},"properties":{"name":"Vue","layer":"cinemas","note":"Vue","osm_id":"way/101001413","osm_url":"https://www.openstreetmap.org/way/101001413","source":"OpenStreetMap","brand":"Vue"}},{"type":"Feature","geometry":{"type":"Point","coordinates":[0.101121,51.4260784]},"properties":{"name":"Library & Sidcup Storyteller Cinema","layer":"cinemas","note":"OpenStreetMap","osm_id":"way/1013873133","osm_url":"https://www.openstreetmap.org/way/1013873133","source":"OpenStreetMap"}},{"type":"Feature","geometry":{"type":"Point","coordinates":[-7.6223828,52.091212]},"properties":{"name":"MOVIES@Dungarvan","layer":"cinemas","note":"SGC Cinemas","osm_id":"way/1017490264","osm_url":"https://www.openstreetmap.org/way/1017490264","source":"OpenStreetMap","brand":"SGC Cinemas"}},{"type":"Feature","geometry":{"type":"Point","coordinates":[-1.7941036,50.9266796]},"properties":{"name":"The Regal Cinema","layer":"cinemas","note":"OpenStreetMap","osm_id":"way/1020498266","osm_url":"https://www.openstreetmap.org/way/1020498266","source":"OpenStreetMap"}},{"type":"Feature","geometry":{"type":"Point","coordinates":[-0.0261103,52.9758798]},"properties":{"name":"Savoy","layer":"cinemas","note":"OpenStreetMap","osm_id":"way/102295778","osm_url":"https://www.openstreetmap.org/way/102295778","source":"OpenStreetMap"}},{"type":"Feature","geometry":{"type":"Point","coordinates":[-1.5355926,53.9924396]},"properties":{"name":"Odeon Harrogate","layer":"cinemas","note":"Odeon","osm_id":"way/102856460","osm_url":"https://www.openstreetmap.org/way/102856460","source":"OpenStreetMap","brand":"Odeon"}},{"type":"Feature","geometry":{"type":"Point","coordinates":[-1.0840649,51.2653107]},"properties":{"name":"Vue","layer":"cinemas","note":"Vue","osm_id":"way/1029291907","osm_url":"https://www.openstreetmap.org/way/1029291907","source":"OpenStreetMap","brand":"Vue"}},{"type":"Feature","geometry":{"type":"Point","coordinates":[-1.4653325,53.3806973]},"properties":{"name":"Odeon Luxe","layer":"cinemas","note":"Odeon","osm_id":"way/103077435","osm_url":"https://www.openstreetmap.org/way/103077435","source":"OpenStreetMap","brand":"Odeon"}},{"type":"Feature","geometry":{"type":"Point","coordinates":[-1.8979464,52.4766706]},"properties":{"name":"Adult World Cinema","layer":"cinemas","note":"OpenStreetMap","osm_id":"way/103195734","osm_url":"https://www.openstreetmap.org/way/103195734","source":"OpenStreetMap"}},{"type":"Feature","geometry":{"type":"Point","coordinates":[-1.8986761,52.4765208]},"properties":{"name":"The Electric Cinema","layer":"cinemas","note":"OpenStreetMap","osm_id":"way/103195744","osm_url":"https://www.openstreetmap.org/way/103195744","source":"OpenStreetMap"}},{"type":"Feature","geometry":{"type":"Point","coordinates":[-1.4654913,53.3772328]},"properties":{"name":"Showroom Cinema","layer":"cinemas","note":"OpenStreetMap","osm_id":"way/104029579","osm_url":"https://www.openstreetmap.org/way/104029579","source":"OpenStreetMap"}},{"type":"Feature","geometry":{"type":"Point","coordinates":[-1.4733386,53.3772763]},"properties":{"name":"The Light","layer":"cinemas","note":"The Light","osm_id":"way/1040609209","osm_url":"https://www.openstreetmap.org/way/1040609209","source":"OpenStreetMap","brand":"The Light"}},{"type":"Feature","geometry":{"type":"Point","coordinates":[-5.2731082,50.1012882]},"properties":{"name":"Helston Cinema","layer":"cinemas","note":"OpenStreetMap","osm_id":"way/1041170651","osm_url":"https://www.openstreetmap.org/way/1041170651","source":"OpenStreetMap"}},{"type":"Feature","geometry":{"type":"Point","coordinates":[-2.9236882,56.4800979]},"properties":{"name":"Odeon","layer":"cinemas","note":"Odeon","osm_id":"way/104385232","osm_url":"https://www.openstreetmap.org/way/104385232","source":"OpenStreetMap","brand":"Odeon"}},{"type":"Feature","geometry":{"type":"Point","coordinates":[-4.1486149,51.8434478]},"properties":{"name":"Theatr Botanica","layer":"cinemas","note":"OpenStreetMap","osm_id":"way/1044486311","osm_url":"https://www.openstreetmap.org/way/1044486311","source":"OpenStreetMap"}},{"type":"Feature","geometry":{"type":"Point","coordinates":[-4.2937991,55.8580446]},"properties":{"name":"IMAX","layer":"cinemas","note":"OpenStreetMap","osm_id":"way/105478372","osm_url":"https://www.openstreetmap.org/way/105478372","source":"OpenStreetMap"}},{"type":"Feature","geometry":{"type":"Point","coordinates":[-1.4818619,51.2037786]},"properties":{"name":"Odeon","layer":"cinemas","note":"Odeon","osm_id":"way/106454227","osm_url":"https://www.openstreetmap.org/way/106454227","source":"OpenStreetMap","brand":"Odeon"}},{"type":"Feature","geometry":{"type":"Point","coordinates":[-0.1383855,50.8339072]},"properties":{"name":"Duke of York's Cinema","layer":"cinemas","note":"Picturehouse Cinemas","osm_id":"way/106500930","osm_url":"https://www.openstreetmap.org/way/106500930","source":"OpenStreetMap","brand":"Picturehouse Cinemas"}},{"type":"Feature","geometry":{"type":"Point","coordinates":[1.2961571,52.6266868]},"properties":{"name":"Vue Cinema","layer":"cinemas","note":"Vue","osm_id":"way/107045865","osm_url":"https://www.openstreetmap.org/way/107045865","source":"OpenStreetMap","brand":"Vue"}},{"type":"Feature","geometry":{"type":"Point","coordinates":[-2.4662568,56.7166352]},"properties":{"name":"The Montrose Playhouse","layer":"cinemas","note":"OpenStreetMap","osm_id":"way/1075423806","osm_url":"https://www.openstreetmap.org/way/1075423806","source":"OpenStreetMap"}},{"type":"Feature","geometry":{"type":"Point","coordinates":[-3.0234261,53.4771499]},"properties":{"name":"Plaza","layer":"cinemas","note":"OpenStreetMap","osm_id":"way/1075621184","osm_url":"https://www.openstreetmap.org/way/1075621184","source":"OpenStreetMap"}},{"type":"Feature","geometry":{"type":"Point","coordinates":[-6.2712324,54.3503473]},"properties":{"name":"Iveagh Movie Studios","layer":"cinemas","note":"OpenStreetMap","osm_id":"way/1078827267","osm_url":"https://www.openstreetmap.org/way/1078827267","source":"OpenStreetMap"}},{"type":"Feature","geometry":{"type":"Point","coordinates":[-4.1219109,51.2084052]},"properties":{"name":"Embassy Cinema","layer":"cinemas","note":"Merlin Cinemas","osm_id":"way/1084229706","osm_url":"https://www.openstreetmap.org/way/1084229706","source":"OpenStreetMap","brand":"Merlin Cinemas"}},{"type":"Feature","geometry":{"type":"Point","coordinates":[-3.8690788,51.8104883]},"properties":{"name":"Brynamman Public Hall Cinema","layer":"cinemas","note":"OpenStreetMap","osm_id":"way/109190421","osm_url":"https://www.openstreetmap.org/way/109190421","source":"OpenStreetMap"}},{"type":"Feature","geometry":{"type":"Point","coordinates":[1.4440487,51.3593438]},"properties":{"name":"Palace Cinema","layer":"cinemas","note":"OpenStreetMap","osm_id":"way/109635332","osm_url":"https://www.openstreetmap.org/way/109635332","source":"OpenStreetMap"}},{"type":"Feature","geometry":{"type":"Point","coordinates":[-2.986976,53.4045271]},"properties":{"name":"Odeon","layer":"cinemas","note":"Odeon","osm_id":"way/1102667865","osm_url":"https://www.openstreetmap.org/way/1102667865","source":"OpenStreetMap","brand":"Odeon"}},{"type":"Feature","geometry":{"type":"Point","coordinates":[-1.4776787,53.5526049]},"properties":{"name":"Cineworld","layer":"cinemas","note":"Cineworld","osm_id":"way/1105841206","osm_url":"https://www.openstreetmap.org/way/1105841206","source":"OpenStreetMap","brand":"Cineworld"}},{"type":"Feature","geometry":{"type":"Point","coordinates":[-3.0069695,51.1297896]},"properties":{"name":"Scott Cinemas Bridgwater","layer":"cinemas","note":"Scott Cinemas","osm_id":"way/1106643020","osm_url":"https://www.openstreetmap.org/way/1106643020","source":"OpenStreetMap","brand":"Scott Cinemas"}},{"type":"Feature","geometry":{"type":"Point","coordinates":[-0.2140105,53.1558234]},"properties":{"name":"The Kinema in the Woods","layer":"cinemas","note":"OpenStreetMap","osm_id":"way/110924603","osm_url":"https://www.openstreetmap.org/way/110924603","source":"OpenStreetMap"}},{"type":"Feature","geometry":{"type":"Point","coordinates":[0.5180704,51.2693532]},"properties":{"name":"Odeon","layer":"cinemas","note":"Odeon","osm_id":"way/1110840840","osm_url":"https://www.openstreetmap.org/way/1110840840","source":"OpenStreetMap","brand":"Odeon"}},{"type":"Feature","geometry":{"type":"Point","coordinates":[1.0869165,51.2849961]},"properties":{"name":"Curzon Cinema Riverside","layer":"cinemas","note":"Curzon","osm_id":"way/1111791817","osm_url":"https://www.openstreetmap.org/way/1111791817","source":"OpenStreetMap","brand":"Curzon"}},{"type":"Feature","geometry":{"type":"Point","coordinates":[-3.9395133,51.6216581]},"properties":{"name":"Odeon","layer":"cinemas","note":"Odeon","osm_id":"way/1112741480","osm_url":"https://www.openstreetmap.org/way/1112741480","source":"OpenStreetMap","brand":"Odeon"}},{"type":"Feature","geometry":{"type":"Point","coordinates":[-1.7508914,53.7937668]},"properties":{"name":"The Light","layer":"cinemas","note":"The Light","osm_id":"way/1115286743","osm_url":"https://www.openstreetmap.org/way/1115286743","source":"OpenStreetMap","brand":"The Light"}},{"type":"Feature","geometry":{"type":"Point","coordinates":[-1.2667729,51.7602374]},"properties":{"name":"Phoenix Picturehouse","layer":"cinemas","note":"Picturehouse Cinemas","osm_id":"way/111835113","osm_url":"https://www.openstreetmap.org/way/111835113","source":"OpenStreetMap","brand":"Picturehouse Cinemas"}},{"type":"Feature","geometry":{"type":"Point","coordinates":[-5.6536714,54.5774394]},"properties":{"name":"The Regent Cinema","layer":"cinemas","note":"OpenStreetMap","osm_id":"way/1124769757","osm_url":"https://www.openstreetmap.org/way/1124769757","source":"OpenStreetMap"}},{"type":"Feature","geometry":{"type":"Point","coordinates":[-1.1319318,53.5197504]},"properties":{"name":"Savoy","layer":"cinemas","note":"OpenStreetMap","osm_id":"way/1134988402","osm_url":"https://www.openstreetmap.org/way/1134988402","source":"OpenStreetMap"}},{"type":"Feature","geometry":{"type":"Point","coordinates":[-8.6440767,52.6402042]},"properties":{"name":"Omniplex","layer":"cinemas","note":"Omniplex Cinemas","osm_id":"way/114201788","osm_url":"https://www.openstreetmap.org/way/114201788","source":"OpenStreetMap","brand":"Omniplex Cinemas"}},{"type":"Feature","geometry":{"type":"Point","coordinates":[-8.5883462,51.8868991]},"properties":{"name":"The Reel Picture","layer":"cinemas","note":"OpenStreetMap","osm_id":"way/114278196","osm_url":"https://www.openstreetmap.org/way/114278196","source":"OpenStreetMap"}},{"type":"Feature","geometry":{"type":"Point","coordinates":[-4.058664,51.0794224]},"properties":{"name":"Scott Cinemas Barnstaple","layer":"cinemas","note":"Scott Cinemas","osm_id":"way/1144544453","osm_url":"https://www.openstreetmap.org/way/1144544453","source":"OpenStreetMap","brand":"Scott Cinemas"}},{"type":"Feature","geometry":{"type":"Point","coordinates":[-0.0049555,53.3674775]},"properties":{"name":"Playhouse Cinema","layer":"cinemas","note":"OpenStreetMap","osm_id":"way/115347553","osm_url":"https://www.openstreetmap.org/way/115347553","source":"OpenStreetMap"}},{"type":"Feature","geometry":{"type":"Point","coordinates":[-4.0902423,51.7976013]},"properties":{"name":"Cross Hands Public Hall & Cinema","layer":"cinemas","note":"OpenStreetMap","osm_id":"way/1153910168","osm_url":"https://www.openstreetmap.org/way/1153910168","source":"OpenStreetMap"}},{"type":"Feature","geometry":{"type":"Point","coordinates":[-7.6334403,54.352269]},"properties":{"name":"IMC Enniskillen","layer":"cinemas","note":"OpenStreetMap","osm_id":"way/116613897","osm_url":"https://www.openstreetmap.org/way/116613897","source":"OpenStreetMap"}},{"type":"Feature","geometry":{"type":"Point","coordinates":[-3.0683269,51.0245092]},"properties":{"name":"Odeon","layer":"cinemas","note":"Odeon","osm_id":"way/118614058","osm_url":"https://www.openstreetmap.org/way/118614058","source":"OpenStreetMap","brand":"Odeon"}},{"type":"Feature","geometry":{"type":"Point","coordinates":[-1.1622912,52.2588446]},"properties":{"name":"The Arc Cinema","layer":"cinemas","note":"OpenStreetMap","osm_id":"way/1188624214","osm_url":"https://www.openstreetmap.org/way/1188624214","source":"OpenStreetMap"}},{"type":"Feature","geometry":{"type":"Point","coordinates":[-3.4884214,51.6474939]},"properties":{"name":"The Phoenix","layer":"cinemas","note":"OpenStreetMap","osm_id":"way/1191197960","osm_url":"https://www.openstreetmap.org/way/1191197960","source":"OpenStreetMap"}},{"type":"Feature","geometry":{"type":"Point","coordinates":[-4.1577312,51.6827136]},"properties":{"name":"Odeon","layer":"cinemas","note":"Odeon","osm_id":"way/1202757348","osm_url":"https://www.openstreetmap.org/way/1202757348","source":"OpenStreetMap","brand":"Odeon"}},{"type":"Feature","geometry":{"type":"Point","coordinates":[-1.4312549,54.3391485]},"properties":{"name":"Everyman","layer":"cinemas","note":"Everyman Cinemas","osm_id":"way/1203035736","osm_url":"https://www.openstreetmap.org/way/1203035736","source":"OpenStreetMap","brand":"Everyman Cinemas"}},{"type":"Feature","geometry":{"type":"Point","coordinates":[-1.2008567,53.0369645]},"properties":{"name":"The Arc Cinema","layer":"cinemas","note":"The Arc","osm_id":"way/120335739","osm_url":"https://www.openstreetmap.org/way/120335739","source":"OpenStreetMap","brand":"The Arc"}},{"type":"Feature","geometry":{"type":"Point","coordinates":[-2.3618282,51.3810332]},"properties":{"name":"The Little Theatre","layer":"cinemas","note":"Picturehouse Cinemas","osm_id":"way/120539005","osm_url":"https://www.openstreetmap.org/way/120539005","source":"OpenStreetMap","brand":"Picturehouse Cinemas"}},{"type":"Feature","geometry":{"type":"Point","coordinates":[-0.5391849,53.2271408]},"properties":{"name":"Everyman","layer":"cinemas","note":"Everyman Cinemas","osm_id":"way/1214298451","osm_url":"https://www.openstreetmap.org/way/1214298451","source":"OpenStreetMap","brand":"Everyman Cinemas"}},{"type":"Feature","geometry":{"type":"Point","coordinates":[-2.4868808,53.748322]},"properties":{"name":"REEL Cinema Blackburn","layer":"cinemas","note":"REEL Cinemas","osm_id":"way/1217104409","osm_url":"https://www.openstreetmap.org/way/1217104409","source":"OpenStreetMap","brand":"REEL Cinemas"}},{"type":"Feature","geometry":{"type":"Point","coordinates":[-4.0835658,52.4172019]},"properties":{"name":"Commodore Cinema","layer":"cinemas","note":"OpenStreetMap","osm_id":"way/122376054","osm_url":"https://www.openstreetmap.org/way/122376054","source":"OpenStreetMap"}},{"type":"Feature","geometry":{"type":"Point","coordinates":[-1.6588817,54.8887417]},"properties":{"name":"Grand Cinema","layer":"cinemas","note":"OpenStreetMap","osm_id":"way/1233162393","osm_url":"https://www.openstreetmap.org/way/1233162393","source":"OpenStreetMap"}},{"type":"Feature","geometry":{"type":"Point","coordinates":[0.7342153,51.3414104]},"properties":{"name":"The Light Cinema Sittingbourne","layer":"cinemas","note":"The Light","osm_id":"way/1233849645","osm_url":"https://www.openstreetmap.org/way/1233849645","source":"OpenStreetMap","brand":"The Light"}},{"type":"Feature","geometry":{"type":"Point","coordinates":[-1.1855819,52.6137623]},"properties":{"name":"Vue Meridian","layer":"cinemas","note":"Vue","osm_id":"way/123412336","osm_url":"https://www.openstreetmap.org/way/123412336","source":"OpenStreetMap","brand":"Vue"}},{"type":"Feature","geometry":{"type":"Point","coordinates":[-0.1136286,51.504821]},"properties":{"name":"BFI IMAX","layer":"cinemas","note":"British Film Institute","osm_id":"way/123444154","osm_url":"https://www.openstreetmap.org/way/123444154","source":"OpenStreetMap","brand":"British Film Institute"}},{"type":"Feature","geometry":{"type":"Point","coordinates":[-0.1745752,51.5425352]},"properties":{"name":"Odeon Swiss Cottage","layer":"cinemas","note":"Odeon","osm_id":"way/123701976","osm_url":"https://www.openstreetmap.org/way/123701976","source":"OpenStreetMap","brand":"Odeon"}},{"type":"Feature","geometry":{"type":"Point","coordinates":[-1.2392396,51.7487867]},"properties":{"name":"The Ultimate Picture Palace","layer":"cinemas","note":"The Ultimate Picture Palace","osm_id":"way/123914353","osm_url":"https://www.openstreetmap.org/way/123914353","source":"OpenStreetMap","brand":"The Ultimate Picture Palace"}},{"type":"Feature","geometry":{"type":"Point","coordinates":[0.0043479,51.5030327]},"properties":{"name":"Cineworld","layer":"cinemas","note":"Cineworld","osm_id":"way/1240494131","osm_url":"https://www.openstreetmap.org/way/1240494131","source":"OpenStreetMap","brand":"Cineworld"}},{"type":"Feature","geometry":{"type":"Point","coordinates":[-3.8084369,53.2822694]},"properties":{"name":"Cineworld","layer":"cinemas","note":"Cineworld","osm_id":"way/124872418","osm_url":"https://www.openstreetmap.org/way/124872418","source":"OpenStreetMap","brand":"Cineworld"}},{"type":"Feature","geometry":{"type":"Point","coordinates":[-0.0584724,51.5397081]},"properties":{"name":"Institute Of Light","layer":"cinemas","note":"OpenStreetMap","osm_id":"way/1249434121","osm_url":"https://www.openstreetmap.org/way/1249434121","source":"OpenStreetMap"}},{"type":"Feature","geometry":{"type":"Point","coordinates":[-0.8022497,51.076762]},"properties":{"name":"The Living Room Cinema","layer":"cinemas","note":"OpenStreetMap","osm_id":"way/1256125691","osm_url":"https://www.openstreetmap.org/way/1256125691","source":"OpenStreetMap"}},{"type":"Feature","geometry":{"type":"Point","coordinates":[-0.7916999,50.7327489]},"properties":{"name":"Selsey Pavilion","layer":"cinemas","note":"OpenStreetMap","osm_id":"way/1262556964","osm_url":"https://www.openstreetmap.org/way/1262556964","source":"OpenStreetMap"}},{"type":"Feature","geometry":{"type":"Point","coordinates":[-2.1151159,52.8046051]},"properties":{"name":"Odeon Luxe","layer":"cinemas","note":"Odeon","osm_id":"way/1268149197","osm_url":"https://www.openstreetmap.org/way/1268149197","source":"OpenStreetMap","brand":"Odeon"}},{"type":"Feature","geometry":{"type":"Point","coordinates":[0.4706179,52.3728206]},"properties":{"name":"Reel Time Movie Theater","layer":"cinemas","note":"OpenStreetMap","osm_id":"way/1273164806","osm_url":"https://www.openstreetmap.org/way/1273164806","source":"OpenStreetMap"}},{"type":"Feature","geometry":{"type":"Point","coordinates":[-2.0082559,52.3988306]},"properties":{"name":"Omniplex Cinema","layer":"cinemas","note":"Omniplex","osm_id":"way/127892324","osm_url":"https://www.openstreetmap.org/way/127892324","source":"OpenStreetMap","brand":"Omniplex"}},{"type":"Feature","geometry":{"type":"Point","coordinates":[0.631407,51.945747]},"properties":{"name":"Empire","layer":"cinemas","note":"OpenStreetMap","osm_id":"way/1281827529","osm_url":"https://www.openstreetmap.org/way/1281827529","source":"OpenStreetMap"}},{"type":"Feature","geometry":{"type":"Point","coordinates":[-1.5563988,52.7718525]},"properties":{"name":"Odeon","layer":"cinemas","note":"Odeon","osm_id":"way/1282239201","osm_url":"https://www.openstreetmap.org/way/1282239201","source":"OpenStreetMap","brand":"Odeon"}},{"type":"Feature","geometry":{"type":"Point","coordinates":[-4.0847531,52.5881313]},"properties":{"name":"Tywyn Cinema","layer":"cinemas","note":"OpenStreetMap","osm_id":"way/128934738","osm_url":"https://www.openstreetmap.org/way/128934738","source":"OpenStreetMap"}},{"type":"Feature","geometry":{"type":"Point","coordinates":[-3.2087392,55.9306533]},"properties":{"name":"Dominion Cinema","layer":"cinemas","note":"OpenStreetMap","osm_id":"way/129089917","osm_url":"https://www.openstreetmap.org/way/129089917","source":"OpenStreetMap"}},{"type":"Feature","geometry":{"type":"Point","coordinates":[-1.5103563,55.1270476]},"properties":{"name":"Market Pavilion","layer":"cinemas","note":"OpenStreetMap","osm_id":"way/1303276512","osm_url":"https://www.openstreetmap.org/way/1303276512","source":"OpenStreetMap"}},{"type":"Feature","geometry":{"type":"Point","coordinates":[0.5455368,52.3922319]},"properties":{"name":"RAF Lakenheath Pineview Theater","layer":"cinemas","note":"OpenStreetMap","osm_id":"way/1303666257","osm_url":"https://www.openstreetmap.org/way/1303666257","source":"OpenStreetMap"}},{"type":"Feature","geometry":{"type":"Point","coordinates":[-2.8551177,51.4357684]},"properties":{"name":"Curzon Community Cinema","layer":"cinemas","note":"Curzon","osm_id":"way/131288154","osm_url":"https://www.openstreetmap.org/way/131288154","source":"OpenStreetMap","brand":"Curzon"}},{"type":"Feature","geometry":{"type":"Point","coordinates":[1.7476022,52.4712751]},"properties":{"name":"East Coast Cinema","layer":"cinemas","note":"OpenStreetMap","osm_id":"way/1314410443","osm_url":"https://www.openstreetmap.org/way/1314410443","source":"OpenStreetMap"}},{"type":"Feature","geometry":{"type":"Point","coordinates":[-1.9922682,52.5197527]},"properties":{"name":"Odeon","layer":"cinemas","note":"Odeon","osm_id":"way/1317459796","osm_url":"https://www.openstreetmap.org/way/1317459796","source":"OpenStreetMap","brand":"Odeon"}},{"type":"Feature","geometry":{"type":"Point","coordinates":[-4.5227975,53.2622303]},"properties":{"name":"RAF Valley Jetflicks cinema","layer":"cinemas","note":"OpenStreetMap","osm_id":"way/1317850814","osm_url":"https://www.openstreetmap.org/way/1317850814","source":"OpenStreetMap"}},{"type":"Feature","geometry":{"type":"Point","coordinates":[-2.2378498,51.8698384]},"properties":{"name":"Sherborne Cinema","layer":"cinemas","note":"OpenStreetMap","osm_id":"way/1320701980","osm_url":"https://www.openstreetmap.org/way/1320701980","source":"OpenStreetMap"}},{"type":"Feature","geometry":{"type":"Point","coordinates":[0.5971817,51.5128632]},"properties":{"name":"Movie Starr","layer":"cinemas","note":"OpenStreetMap","osm_id":"way/1323734603","osm_url":"https://www.openstreetmap.org/way/1323734603","source":"OpenStreetMap"}},{"type":"Feature","geometry":{"type":"Point","coordinates":[0.4605558,51.5706596]},"properties":{"name":"Vue","layer":"cinemas","note":"Vue","osm_id":"way/1327205819","osm_url":"https://www.openstreetmap.org/way/1327205819","source":"OpenStreetMap","brand":"Vue"}},{"type":"Feature","geometry":{"type":"Point","coordinates":[0.5920217,50.8576082]},"properties":{"name":"Cinema","layer":"cinemas","note":"OpenStreetMap","osm_id":"way/1335036546","osm_url":"https://www.openstreetmap.org/way/1335036546","source":"OpenStreetMap"}},{"type":"Feature","geometry":{"type":"Point","coordinates":[-1.4798719,53.3593188]},"properties":{"name":"Abbeydale Picture House","layer":"cinemas","note":"OpenStreetMap","osm_id":"way/134387737","osm_url":"https://www.openstreetmap.org/way/134387737","source":"OpenStreetMap"}},{"type":"Feature","geometry":{"type":"Point","coordinates":[-6.1588371,52.798042]},"properties":{"name":"Ormonde","layer":"cinemas","note":"OpenStreetMap","osm_id":"way/1347155751","osm_url":"https://www.openstreetmap.org/way/1347155751","source":"OpenStreetMap"}},{"type":"Feature","geometry":{"type":"Point","coordinates":[-1.6904513,52.632047]},"properties":{"name":"Odeon","layer":"cinemas","note":"Odeon","osm_id":"way/135094948","osm_url":"https://www.openstreetmap.org/way/135094948","source":"OpenStreetMap","brand":"Odeon"}},{"type":"Feature","geometry":{"type":"Point","coordinates":[-1.2723524,54.5605573]},"properties":{"name":"Showcase Cinemas","layer":"cinemas","note":"Showcase Cinemas","osm_id":"way/135745768","osm_url":"https://www.openstreetmap.org/way/135745768","source":"OpenStreetMap","brand":"Showcase Cinemas"}},{"type":"Feature","geometry":{"type":"Point","coordinates":[-0.2285637,51.9772891]},"properties":{"name":"Broadway Cinema","layer":"cinemas","note":"OpenStreetMap","osm_id":"way/135859246","osm_url":"https://www.openstreetmap.org/way/135859246","source":"OpenStreetMap"}},{"type":"Feature","geometry":{"type":"Point","coordinates":[-0.0065433,51.5436072]},"properties":{"name":"Vue Westfield Stratford City","layer":"cinemas","note":"Vue","osm_id":"way/1360397129","osm_url":"https://www.openstreetmap.org/way/1360397129","source":"OpenStreetMap","brand":"Vue"}},{"type":"Feature","geometry":{"type":"Point","coordinates":[-8.4797322,51.9007455]},"properties":{"name":"The Arc Cinema","layer":"cinemas","note":"OpenStreetMap","osm_id":"way/136345398","osm_url":"https://www.openstreetmap.org/way/136345398","source":"OpenStreetMap"}},{"type":"Feature","geometry":{"type":"Point","coordinates":[-1.4135253,53.4146181]},"properties":{"name":"Vue","layer":"cinemas","note":"Vue","osm_id":"way/137990562","osm_url":"https://www.openstreetmap.org/way/137990562","source":"OpenStreetMap","brand":"Vue"}},{"type":"Feature","geometry":{"type":"Point","coordinates":[0.5596519,50.8522785]},"properties":{"name":"Kino-Teatr","layer":"cinemas","note":"OpenStreetMap","osm_id":"way/1381130102","osm_url":"https://www.openstreetmap.org/way/1381130102","source":"OpenStreetMap"}},{"type":"Feature","geometry":{"type":"Point","coordinates":[0.2807353,51.4879165]},"properties":{"name":"Vue","layer":"cinemas","note":"Vue","osm_id":"way/138210426","osm_url":"https://www.openstreetmap.org/way/138210426","source":"OpenStreetMap","brand":"Vue"}},{"type":"Feature","geometry":{"type":"Point","coordinates":[-8.2244483,53.3251587]},"properties":{"name":"Omniplex","layer":"cinemas","note":"Omniplex Cinemas","osm_id":"way/1383650863","osm_url":"https://www.openstreetmap.org/way/1383650863","source":"OpenStreetMap","brand":"Omniplex Cinemas"}},{"type":"Feature","geometry":{"type":"Point","coordinates":[1.1494537,52.0535385]},"properties":{"name":"Cineworld","layer":"cinemas","note":"Cineworld","osm_id":"way/140325705","osm_url":"https://www.openstreetmap.org/way/140325705","source":"OpenStreetMap","brand":"Cineworld"}},{"type":"Feature","geometry":{"type":"Point","coordinates":[1.2888629,51.9465252]},"properties":{"name":"Electric Palace","layer":"cinemas","note":"OpenStreetMap","osm_id":"way/140914628","osm_url":"https://www.openstreetmap.org/way/140914628","source":"OpenStreetMap"}},{"type":"Feature","geometry":{"type":"Point","coordinates":[-4.3093461,51.8594348]},"properties":{"name":"Vue","layer":"cinemas","note":"Vue","osm_id":"way/1410140828","osm_url":"https://www.openstreetmap.org/way/1410140828","source":"OpenStreetMap","brand":"Vue"}},{"type":"Feature","geometry":{"type":"Point","coordinates":[-1.6885272,54.6384408]},"properties":{"name":"REEL Cinema","layer":"cinemas","note":"OpenStreetMap","osm_id":"way/1418746809","osm_url":"https://www.openstreetmap.org/way/1418746809","source":"OpenStreetMap"}},{"type":"Feature","geometry":{"type":"Point","coordinates":[-0.0549394,51.5448145]},"properties":{"name":"Hackney Picturehouse","layer":"cinemas","note":"Picturehouse Cinemas","osm_id":"way/142371471","osm_url":"https://www.openstreetmap.org/way/142371471","source":"OpenStreetMap","brand":"Picturehouse Cinemas"}},{"type":"Feature","geometry":{"type":"Point","coordinates":[-6.2709218,52.6717953]},"properties":{"name":"Movies @ Gorey","layer":"cinemas","note":"OpenStreetMap","osm_id":"way/143768884","osm_url":"https://www.openstreetmap.org/way/143768884","source":"OpenStreetMap"}},{"type":"Feature","geometry":{"type":"Point","coordinates":[-3.9191601,50.3896982]},"properties":{"name":"Cinema","layer":"cinemas","note":"OpenStreetMap","osm_id":"way/1442909230","osm_url":"https://www.openstreetmap.org/way/1442909230","source":"OpenStreetMap"}},{"type":"Feature","geometry":{"type":"Point","coordinates":[-2.1613151,53.4122716]},"properties":{"name":"The Light Stockport","layer":"cinemas","note":"OpenStreetMap","osm_id":"way/1445788355","osm_url":"https://www.openstreetmap.org/way/1445788355","source":"OpenStreetMap"}},{"type":"Feature","geometry":{"type":"Point","coordinates":[-1.1058104,52.6399492]},"properties":{"name":"Piccadilly Cinema","layer":"cinemas","note":"OpenStreetMap","osm_id":"way/1447256922","osm_url":"https://www.openstreetmap.org/way/1447256922","source":"OpenStreetMap"}},{"type":"Feature","geometry":{"type":"Point","coordinates":[-1.9090605,53.8697302]},"properties":{"name":"The Picture House","layer":"cinemas","note":"OpenStreetMap","osm_id":"way/144930177","osm_url":"https://www.openstreetmap.org/way/144930177","source":"OpenStreetMap"}},{"type":"Feature","geometry":{"type":"Point","coordinates":[-0.0512087,51.5213305]},"properties":{"name":"Genesis Cinema","layer":"cinemas","note":"OpenStreetMap","osm_id":"way/14495071","osm_url":"https://www.openstreetmap.org/way/14495071","source":"OpenStreetMap"}},{"type":"Feature","geometry":{"type":"Point","coordinates":[-6.267569,54.8615602]},"properties":{"name":"IMC Ballymena","layer":"cinemas","note":"OpenStreetMap","osm_id":"way/145114577","osm_url":"https://www.openstreetmap.org/way/145114577","source":"OpenStreetMap"}},{"type":"Feature","geometry":{"type":"Point","coordinates":[-4.1754852,55.7599656]},"properties":{"name":"Odeon","layer":"cinemas","note":"Odeon","osm_id":"way/1454685811","osm_url":"https://www.openstreetmap.org/way/1454685811","source":"OpenStreetMap","brand":"Odeon"}},{"type":"Feature","geometry":{"type":"Point","coordinates":[-0.7753593,53.398973]},"properties":{"name":"Savoy Gainsborough","layer":"cinemas","note":"Savoy","osm_id":"way/1455418595","osm_url":"https://www.openstreetmap.org/way/1455418595","source":"OpenStreetMap","brand":"Savoy"}},{"type":"Feature","geometry":{"type":"Point","coordinates":[-5.6635952,54.654964]},"properties":{"name":"Omniplex Bangor","layer":"cinemas","note":"Omniplex Cinema Group","osm_id":"way/145772741","osm_url":"https://www.openstreetmap.org/way/145772741","source":"OpenStreetMap","brand":"Omniplex Cinema Group"}},{"type":"Feature","geometry":{"type":"Point","coordinates":[-0.3447607,53.7371437]},"properties":{"name":"Odeon","layer":"cinemas","note":"Odeon","osm_id":"way/14632631","osm_url":"https://www.openstreetmap.org/way/14632631","source":"OpenStreetMap","brand":"Odeon"}},{"type":"Feature","geometry":{"type":"Point","coordinates":[-9.7081041,52.2633793]},"properties":{"name":"Tralee Omniplex","layer":"cinemas","note":"Omniplex Cinema Group","osm_id":"way/1471478035","osm_url":"https://www.openstreetmap.org/way/1471478035","source":"OpenStreetMap","brand":"Omniplex Cinema Group"}},{"type":"Feature","geometry":{"type":"Point","coordinates":[-1.4224895,53.2283697]},"properties":{"name":"Cineworld","layer":"cinemas","note":"Cineworld","osm_id":"way/148397522","osm_url":"https://www.openstreetmap.org/way/148397522","source":"OpenStreetMap","brand":"Cineworld"}},{"type":"Feature","geometry":{"type":"Point","coordinates":[-7.3004045,53.0350543]},"properties":{"name":"Odeon","layer":"cinemas","note":"Odeon","osm_id":"way/149077345","osm_url":"https://www.openstreetmap.org/way/149077345","source":"OpenStreetMap","brand":"Odeon"}},{"type":"Feature","geometry":{"type":"Point","coordinates":[-0.1152119,51.5067295]},"properties":{"name":"BFI Southbank","layer":"cinemas","note":"British Film Institute","osm_id":"way/150702283","osm_url":"https://www.openstreetmap.org/way/150702283","source":"OpenStreetMap","brand":"British Film Institute"}},{"type":"Feature","geometry":{"type":"Point","coordinates":[-1.5440028,53.7967712]},"properties":{"name":"Everyman Cinema","layer":"cinemas","note":"Everyman Cinemas","osm_id":"way/1511133724","osm_url":"https://www.openstreetmap.org/way/1511133724","source":"OpenStreetMap","brand":"Everyman Cinemas"}},{"type":"Feature","geometry":{"type":"Point","coordinates":[-6.6849806,53.6538452]},"properties":{"name":"Arc Cinema","layer":"cinemas","note":"OpenStreetMap","osm_id":"way/151244754","osm_url":"https://www.openstreetmap.org/way/151244754","source":"OpenStreetMap"}},{"type":"Feature","geometry":{"type":"Point","coordinates":[0.7061737,52.2453725]},"properties":{"name":"Cineworld","layer":"cinemas","note":"Cineworld","osm_id":"way/153071592","osm_url":"https://www.openstreetmap.org/way/153071592","source":"OpenStreetMap","brand":"Cineworld"}},{"type":"Feature","geometry":{"type":"Point","coordinates":[0.1208465,52.2042018]},"properties":{"name":"Everyman","layer":"cinemas","note":"Everyman Cinemas","osm_id":"way/1539497715","osm_url":"https://www.openstreetmap.org/way/1539497715","source":"OpenStreetMap","brand":"Everyman Cinemas"}},{"type":"Feature","geometry":{"type":"Point","coordinates":[-2.0791221,57.150108]},"properties":{"name":"Cineworld","layer":"cinemas","note":"Cineworld","osm_id":"way/154148598","osm_url":"https://www.openstreetmap.org/way/154148598","source":"OpenStreetMap","brand":"Cineworld"}},{"type":"Feature","geometry":{"type":"Point","coordinates":[-2.723302,53.3624648]},"properties":{"name":"Reel","layer":"cinemas","note":"OpenStreetMap","osm_id":"way/154689397","osm_url":"https://www.openstreetmap.org/way/154689397","source":"OpenStreetMap"}},{"type":"Feature","geometry":{"type":"Point","coordinates":[-1.343929,54.2311372]},"properties":{"name":"Ritz","layer":"cinemas","note":"OpenStreetMap","osm_id":"way/155011047","osm_url":"https://www.openstreetmap.org/way/155011047","source":"OpenStreetMap"}},{"type":"Feature","geometry":{"type":"Point","coordinates":[-2.0930622,52.5963055]},"properties":{"name":"Cineworld Bentley Bridge","layer":"cinemas","note":"Cineworld","osm_id":"way/156819379","osm_url":"https://www.openstreetmap.org/way/156819379","source":"OpenStreetMap","brand":"Cineworld"}},{"type":"Feature","geometry":{"type":"Point","coordinates":[-1.7086108,52.1920711]},"properties":{"name":"Everyman Cinema","layer":"cinemas","note":"Everyman Cinemas","osm_id":"way/157328150","osm_url":"https://www.openstreetmap.org/way/157328150","source":"OpenStreetMap","brand":"Everyman Cinemas"}},{"type":"Feature","geometry":{"type":"Point","coordinates":[-1.4859944,51.7879548]},"properties":{"name":"Cineworld","layer":"cinemas","note":"Cineworld","osm_id":"way/158794833","osm_url":"https://www.openstreetmap.org/way/158794833","source":"OpenStreetMap","brand":"Cineworld"}},{"type":"Feature","geometry":{"type":"Point","coordinates":[-3.2396667,54.115011]},"properties":{"name":"Vue","layer":"cinemas","note":"Vue","osm_id":"way/159553047","osm_url":"https://www.openstreetmap.org/way/159553047","source":"OpenStreetMap","brand":"Vue"}},{"type":"Feature","geometry":{"type":"Point","coordinates":[-1.3186204,51.0607071]},"properties":{"name":"Everyman","layer":"cinemas","note":"Everyman Cinemas","osm_id":"way/159853400","osm_url":"https://www.openstreetmap.org/way/159853400","source":"OpenStreetMap","brand":"Everyman Cinemas"}},{"type":"Feature","geometry":{"type":"Point","coordinates":[-3.0466486,53.8818428]},"properties":{"name":"Vue","layer":"cinemas","note":"Vue","osm_id":"way/160473621","osm_url":"https://www.openstreetmap.org/way/160473621","source":"OpenStreetMap","brand":"Vue"}},{"type":"Feature","geometry":{"type":"Point","coordinates":[-0.0096892,51.479446]},"properties":{"name":"Greenwich Picturehouse","layer":"cinemas","note":"Picturehouse Cinemas","osm_id":"way/160661213","osm_url":"https://www.openstreetmap.org/way/160661213","source":"OpenStreetMap","brand":"Picturehouse Cinemas"}},{"type":"Feature","geometry":{"type":"Point","coordinates":[0.8153263,51.6271636]},"properties":{"name":"The Rio","layer":"cinemas","note":"OpenStreetMap","osm_id":"way/161797079","osm_url":"https://www.openstreetmap.org/way/161797079","source":"OpenStreetMap"}},{"type":"Feature","geometry":{"type":"Point","coordinates":[-1.9967305,51.353475]},"properties":{"name":"Palace Cinema","layer":"cinemas","note":"OpenStreetMap","osm_id":"way/162119956","osm_url":"https://www.openstreetmap.org/way/162119956","source":"OpenStreetMap"}},{"type":"Feature","geometry":{"type":"Point","coordinates":[0.1093751,51.7847826]},"properties":{"name":"Cineworld","layer":"cinemas","note":"Cineworld","osm_id":"way/164332328","osm_url":"https://www.openstreetmap.org/way/164332328","source":"OpenStreetMap","brand":"Cineworld"}},{"type":"Feature","geometry":{"type":"Point","coordinates":[-1.7567934,51.5716836]},"properties":{"name":"Vue","layer":"cinemas","note":"Vue","osm_id":"way/165338948","osm_url":"https://www.openstreetmap.org/way/165338948","source":"OpenStreetMap","brand":"Vue"}},{"type":"Feature","geometry":{"type":"Point","coordinates":[-2.0758506,51.903127]},"properties":{"name":"Cineworld","layer":"cinemas","note":"Cineworld","osm_id":"way/166227611","osm_url":"https://www.openstreetmap.org/way/166227611","source":"OpenStreetMap","brand":"Cineworld"}},{"type":"Feature","geometry":{"type":"Point","coordinates":[-0.2813633,51.5257594]},"properties":{"name":"Odeon Luxe Acton","layer":"cinemas","note":"Odeon","osm_id":"way/166292135","osm_url":"https://www.openstreetmap.org/way/166292135","source":"OpenStreetMap","brand":"Odeon"}},{"type":"Feature","geometry":{"type":"Point","coordinates":[1.3004932,52.9307691]},"properties":{"name":"Regal Movieplex","layer":"cinemas","note":"OpenStreetMap","osm_id":"way/166721702","osm_url":"https://www.openstreetmap.org/way/166721702","source":"OpenStreetMap"}},{"type":"Feature","geometry":{"type":"Point","coordinates":[0.397295,52.7529161]},"properties":{"name":"Majestic Cinema","layer":"cinemas","note":"OpenStreetMap","osm_id":"way/167063064","osm_url":"https://www.openstreetmap.org/way/167063064","source":"OpenStreetMap"}},{"type":"Feature","geometry":{"type":"Point","coordinates":[-2.1207798,51.4618772]},"properties":{"name":"Reel Cinema","layer":"cinemas","note":"REEL Cinemas","osm_id":"way/167999483","osm_url":"https://www.openstreetmap.org/way/167999483","source":"OpenStreetMap","brand":"REEL Cinemas"}},{"type":"Feature","geometry":{"type":"Point","coordinates":[-1.2074003,54.6872913]},"properties":{"name":"Vue","layer":"cinemas","note":"Vue","osm_id":"way/168056832","osm_url":"https://www.openstreetmap.org/way/168056832","source":"OpenStreetMap","brand":"Vue"}},{"type":"Feature","geometry":{"type":"Point","coordinates":[-1.9991958,55.7705719]},"properties":{"name":"Maltings Cinema","layer":"cinemas","note":"OpenStreetMap","osm_id":"way/168746141","osm_url":"https://www.openstreetmap.org/way/168746141","source":"OpenStreetMap"}},{"type":"Feature","geometry":{"type":"Point","coordinates":[1.2961821,52.6302494]},"properties":{"name":"Cinema City","layer":"cinemas","note":"Picturehouse Cinemas","osm_id":"way/170318604","osm_url":"https://www.openstreetmap.org/way/170318604","source":"OpenStreetMap","brand":"Picturehouse Cinemas"}},{"type":"Feature","geometry":{"type":"Point","coordinates":[-3.0935162,54.1947576]},"properties":{"name":"Roxy Cinema","layer":"cinemas","note":"OpenStreetMap","osm_id":"way/171265915","osm_url":"https://www.openstreetmap.org/way/171265915","source":"OpenStreetMap"}},{"type":"Feature","geometry":{"type":"Point","coordinates":[-1.3974386,50.9341145]},"properties":{"name":"Union Films","layer":"cinemas","note":"OpenStreetMap","osm_id":"way/171757597","osm_url":"https://www.openstreetmap.org/way/171757597","source":"OpenStreetMap"}},{"type":"Feature","geometry":{"type":"Point","coordinates":[-2.1881329,53.4184909]},"properties":{"name":"The Savoy Cinema","layer":"cinemas","note":"OpenStreetMap","osm_id":"way/171876464","osm_url":"https://www.openstreetmap.org/way/171876464","source":"OpenStreetMap"}},{"type":"Feature","geometry":{"type":"Point","coordinates":[-2.5967294,51.4561455]},"properties":{"name":"20th Century Flicks Video Shop","layer":"cinemas","note":"OpenStreetMap","osm_id":"way/175406725","osm_url":"https://www.openstreetmap.org/way/175406725","source":"OpenStreetMap"}},{"type":"Feature","geometry":{"type":"Point","coordinates":[-1.538603,52.2888028]},"properties":{"name":"Vue Cinema","layer":"cinemas","note":"Vue","osm_id":"way/176499549","osm_url":"https://www.openstreetmap.org/way/176499549","source":"OpenStreetMap","brand":"Vue"}},{"type":"Feature","geometry":{"type":"Point","coordinates":[-7.3124809,53.5327953]},"properties":{"name":"IMC Cinema","layer":"cinemas","note":"Irish Multiplex Cinemas","osm_id":"way/176510780","osm_url":"https://www.openstreetmap.org/way/176510780","source":"OpenStreetMap","brand":"Irish Multiplex Cinemas"}},{"type":"Feature","geometry":{"type":"Point","coordinates":[-4.7948318,50.3376527]},"properties":{"name":"White River Cinema","layer":"cinemas","note":"OpenStreetMap","osm_id":"way/177046819","osm_url":"https://www.openstreetmap.org/way/177046819","source":"OpenStreetMap"}},{"type":"Feature","geometry":{"type":"Point","coordinates":[-7.8023543,53.7302978]},"properties":{"name":"Omniplex","layer":"cinemas","note":"Omniplex Cinemas","osm_id":"way/177234049","osm_url":"https://www.openstreetmap.org/way/177234049","source":"OpenStreetMap","brand":"Omniplex Cinemas"}},{"type":"Feature","geometry":{"type":"Point","coordinates":[-0.1291028,51.5105004]},"properties":{"name":"Odeon Luxe Leicester Square","layer":"cinemas","note":"Odeon","osm_id":"way/180571964","osm_url":"https://www.openstreetmap.org/way/180571964","source":"OpenStreetMap","brand":"Odeon"}},{"type":"Feature","geometry":{"type":"Point","coordinates":[-0.13012,51.5114935]},"properties":{"name":"Prince Charles Cinema","layer":"cinemas","note":"OpenStreetMap","osm_id":"way/180594287","osm_url":"https://www.openstreetmap.org/way/180594287","source":"OpenStreetMap"}},{"type":"Feature","geometry":{"type":"Point","coordinates":[-1.4652773,54.9473154]},"properties":{"name":"Cineworld Boldon","layer":"cinemas","note":"Cineworld","osm_id":"way/183754349","osm_url":"https://www.openstreetmap.org/way/183754349","source":"OpenStreetMap","brand":"Cineworld"}},{"type":"Feature","geometry":{"type":"Point","coordinates":[-2.0288799,52.6874842]},"properties":{"name":"Electric Palace Picture House","layer":"cinemas","note":"OpenStreetMap","osm_id":"way/185100038","osm_url":"https://www.openstreetmap.org/way/185100038","source":"OpenStreetMap"}},{"type":"Feature","geometry":{"type":"Point","coordinates":[-1.4787863,52.4956727]},"properties":{"name":"Odeon","layer":"cinemas","note":"Odeon","osm_id":"way/186437578","osm_url":"https://www.openstreetmap.org/way/186437578","source":"OpenStreetMap","brand":"Odeon"}},{"type":"Feature","geometry":{"type":"Point","coordinates":[-8.8942168,51.6169151]},"properties":{"name":"Park Cinema","layer":"cinemas","note":"OpenStreetMap","osm_id":"way/187809960","osm_url":"https://www.openstreetmap.org/way/187809960","source":"OpenStreetMap"}},{"type":"Feature","geometry":{"type":"Point","coordinates":[-1.1186088,51.2655295]},"properties":{"name":"Odeon","layer":"cinemas","note":"Odeon","osm_id":"way/188382650","osm_url":"https://www.openstreetmap.org/way/188382650","source":"OpenStreetMap","brand":"Odeon"}},{"type":"Feature","geometry":{"type":"Point","coordinates":[0.4625814,51.5854899]},"properties":{"name":"Cineworld","layer":"cinemas","note":"Cineworld","osm_id":"way/188414738","osm_url":"https://www.openstreetmap.org/way/188414738","source":"OpenStreetMap","brand":"Cineworld"}},{"type":"Feature","geometry":{"type":"Point","coordinates":[-9.2872097,53.8568753]},"properties":{"name":"Mayo Movie World","layer":"cinemas","note":"OpenStreetMap","osm_id":"way/188777361","osm_url":"https://www.openstreetmap.org/way/188777361","source":"OpenStreetMap"}},{"type":"Feature","geometry":{"type":"Point","coordinates":[-1.5874782,55.0841396]},"properties":{"name":"Vue Cinema Cramlington","layer":"cinemas","note":"Vue","osm_id":"way/190462992","osm_url":"https://www.openstreetmap.org/way/190462992","source":"OpenStreetMap","brand":"Vue"}},{"type":"Feature","geometry":{"type":"Point","coordinates":[-0.7684625,51.2499685]},"properties":{"name":"Cineworld","layer":"cinemas","note":"Cineworld","osm_id":"way/191501306","osm_url":"https://www.openstreetmap.org/way/191501306","source":"OpenStreetMap","brand":"Cineworld"}},{"type":"Feature","geometry":{"type":"Point","coordinates":[-6.1950276,54.7215793]},"properties":{"name":"Cinema","layer":"cinemas","note":"OpenStreetMap","osm_id":"way/198506105","osm_url":"https://www.openstreetmap.org/way/198506105","source":"OpenStreetMap"}},{"type":"Feature","geometry":{"type":"Point","coordinates":[-3.520499,50.4829221]},"properties":{"name":"4D Theatre","layer":"cinemas","note":"OpenStreetMap","osm_id":"way/198929651","osm_url":"https://www.openstreetmap.org/way/198929651","source":"OpenStreetMap"}},{"type":"Feature","geometry":{"type":"Point","coordinates":[-0.1789879,51.5563508]},"properties":{"name":"Everyman","layer":"cinemas","note":"Everyman Cinemas","osm_id":"way/199561799","osm_url":"https://www.openstreetmap.org/way/199561799","source":"OpenStreetMap","brand":"Everyman Cinemas"}},{"type":"Feature","geometry":{"type":"Point","coordinates":[-3.5362724,50.7207583]},"properties":{"name":"Exeter Picture House","layer":"cinemas","note":"Picturehouse Cinemas","osm_id":"way/200985263","osm_url":"https://www.openstreetmap.org/way/200985263","source":"OpenStreetMap","brand":"Picturehouse Cinemas"}},{"type":"Feature","geometry":{"type":"Point","coordinates":[-1.5817271,53.8269682]},"properties":{"name":"Cottage Road Cinema","layer":"cinemas","note":"OpenStreetMap","osm_id":"way/201424001","osm_url":"https://www.openstreetmap.org/way/201424001","source":"OpenStreetMap"}},{"type":"Feature","geometry":{"type":"Point","coordinates":[-2.0141104,52.4625982]},"properties":{"name":"Reel Cinemas","layer":"cinemas","note":"OpenStreetMap","osm_id":"way/202214601","osm_url":"https://www.openstreetmap.org/way/202214601","source":"OpenStreetMap"}},{"type":"Feature","geometry":{"type":"Point","coordinates":[-2.4434264,53.095946]},"properties":{"name":"Odeon","layer":"cinemas","note":"Odeon","osm_id":"way/203802079","osm_url":"https://www.openstreetmap.org/way/203802079","source":"OpenStreetMap","brand":"Odeon"}},{"type":"Feature","geometry":{"type":"Point","coordinates":[-0.0150038,53.5467038]},"properties":{"name":"Parkway Cinema","layer":"cinemas","note":"OpenStreetMap","osm_id":"way/204590401","osm_url":"https://www.openstreetmap.org/way/204590401","source":"OpenStreetMap"}},{"type":"Feature","geometry":{"type":"Point","coordinates":[-1.4137903,53.4026222]},"properties":{"name":"Cineworld","layer":"cinemas","note":"Cineworld","osm_id":"way/206103114","osm_url":"https://www.openstreetmap.org/way/206103114","source":"OpenStreetMap","brand":"Cineworld"}},{"type":"Feature","geometry":{"type":"Point","coordinates":[-3.433606,56.3980159]},"properties":{"name":"Perth Playhouse","layer":"cinemas","note":"OpenStreetMap","osm_id":"way/206874803","osm_url":"https://www.openstreetmap.org/way/206874803","source":"OpenStreetMap"}},{"type":"Feature","geometry":{"type":"Point","coordinates":[-0.1817063,51.5280256]},"properties":{"name":"Everyman","layer":"cinemas","note":"Everyman Cinemas","osm_id":"way/208422244","osm_url":"https://www.openstreetmap.org/way/208422244","source":"OpenStreetMap","brand":"Everyman Cinemas"}},{"type":"Feature","geometry":{"type":"Point","coordinates":[-0.6771881,50.7862513]},"properties":{"name":"Picturedrome Cinema","layer":"cinemas","note":"OpenStreetMap","osm_id":"way/215561794","osm_url":"https://www.openstreetmap.org/way/215561794","source":"OpenStreetMap"}},{"type":"Feature","geometry":{"type":"Point","coordinates":[0.0127847,51.4906]},"properties":{"name":"Odeon IMAX","layer":"cinemas","note":"Odeon","osm_id":"way/218259617","osm_url":"https://www.openstreetmap.org/way/218259617","source":"OpenStreetMap","brand":"Odeon"}},{"type":"Feature","geometry":{"type":"Point","coordinates":[-4.1192665,53.1160822]},"properties":{"name":"Snowdon Mountain Railway Cinema","layer":"cinemas","note":"OpenStreetMap","osm_id":"way/219492468","osm_url":"https://www.openstreetmap.org/way/219492468","source":"OpenStreetMap"}},{"type":"Feature","geometry":{"type":"Point","coordinates":[1.7277826,52.5797328]},"properties":{"name":"Palace Cinema","layer":"cinemas","note":"OpenStreetMap","osm_id":"way/219495240","osm_url":"https://www.openstreetmap.org/way/219495240","source":"OpenStreetMap"}},{"type":"Feature","geometry":{"type":"Point","coordinates":[-0.5996183,51.9986585]},"properties":{"name":"Lion Cove 3D Cinema","layer":"cinemas","note":"OpenStreetMap","osm_id":"way/220441692","osm_url":"https://www.openstreetmap.org/way/220441692","source":"OpenStreetMap"}},{"type":"Feature","geometry":{"type":"Point","coordinates":[-2.1928966,53.0250882]},"properties":{"name":"Odeon","layer":"cinemas","note":"Odeon","osm_id":"way/220494440","osm_url":"https://www.openstreetmap.org/way/220494440","source":"OpenStreetMap","brand":"Odeon"}},{"type":"Feature","geometry":{"type":"Point","coordinates":[-0.3586789,52.0418751]},"properties":{"name":"DITG Theatre","layer":"cinemas","note":"OpenStreetMap","osm_id":"way/220555006","osm_url":"https://www.openstreetmap.org/way/220555006","source":"OpenStreetMap"}},{"type":"Feature","geometry":{"type":"Point","coordinates":[-5.8236228,54.5888221]},"properties":{"name":"Dundonald Omniplex","layer":"cinemas","note":"Omniplex Cinema Group","osm_id":"way/221141197","osm_url":"https://www.openstreetmap.org/way/221141197","source":"OpenStreetMap","brand":"Omniplex Cinema Group"}},{"type":"Feature","geometry":{"type":"Point","coordinates":[-0.0755756,51.5496481]},"properties":{"name":"Rio Cinema","layer":"cinemas","note":"OpenStreetMap","osm_id":"way/224192326","osm_url":"https://www.openstreetmap.org/way/224192326","source":"OpenStreetMap"}},{"type":"Feature","geometry":{"type":"Point","coordinates":[-0.4046333,51.4438575]},"properties":{"name":"Cineworld","layer":"cinemas","note":"Cineworld","osm_id":"way/22476427","osm_url":"https://www.openstreetmap.org/way/22476427","source":"OpenStreetMap","brand":"Cineworld"}},{"type":"Feature","geometry":{"type":"Point","coordinates":[-2.6253931,50.9403924]},"properties":{"name":"Cineworld","layer":"cinemas","note":"Cineworld","osm_id":"way/224884956","osm_url":"https://www.openstreetmap.org/way/224884956","source":"OpenStreetMap","brand":"Cineworld"}},{"type":"Feature","geometry":{"type":"Point","coordinates":[-7.6306863,54.3451025]},"properties":{"name":"The Ritz","layer":"cinemas","note":"OpenStreetMap","osm_id":"way/226591743","osm_url":"https://www.openstreetmap.org/way/226591743","source":"OpenStreetMap"}},{"type":"Feature","geometry":{"type":"Point","coordinates":[-6.2505336,53.3932626]},"properties":{"name":"Omniplex Cinema","layer":"cinemas","note":"Omniplex Cinemas","osm_id":"way/22716749","osm_url":"https://www.openstreetmap.org/way/22716749","source":"OpenStreetMap","brand":"Omniplex Cinemas"}},{"type":"Feature","geometry":{"type":"Point","coordinates":[0.998721,52.1850882]},"properties":{"name":"Regal","layer":"cinemas","note":"Stowmarket Town Council","osm_id":"way/227666791","osm_url":"https://www.openstreetmap.org/way/227666791","source":"OpenStreetMap","brand":"Stowmarket Town Council"}},{"type":"Feature","geometry":{"type":"Point","coordinates":[-1.5715483,53.0833253]},"properties":{"name":"Northern Light Cinema","layer":"cinemas","note":"OpenStreetMap","osm_id":"way/228831388","osm_url":"https://www.openstreetmap.org/way/228831388","source":"OpenStreetMap"}},{"type":"Feature","geometry":{"type":"Point","coordinates":[-1.3229568,51.3992803]},"properties":{"name":"Vue","layer":"cinemas","note":"Vue","osm_id":"way/229637223","osm_url":"https://www.openstreetmap.org/way/229637223","source":"OpenStreetMap","brand":"Vue"}},{"type":"Feature","geometry":{"type":"Point","coordinates":[-4.0619675,55.8474738]},"properties":{"name":"Showcase Cinemas","layer":"cinemas","note":"Showcase Cinemas","osm_id":"way/23055542","osm_url":"https://www.openstreetmap.org/way/23055542","source":"OpenStreetMap","brand":"Showcase Cinemas"}},{"type":"Feature","geometry":{"type":"Point","coordinates":[-0.1283671,51.4322015]},"properties":{"name":"Streatham Odeon","layer":"cinemas","note":"Odeon","osm_id":"way/23081724","osm_url":"https://www.openstreetmap.org/way/23081724","source":"OpenStreetMap","brand":"Odeon"}},{"type":"Feature","geometry":{"type":"Point","coordinates":[-9.5062543,52.0576933]},"properties":{"name":"Cinema Killarney","layer":"cinemas","note":"OpenStreetMap","osm_id":"way/232474547","osm_url":"https://www.openstreetmap.org/way/232474547","source":"OpenStreetMap"}},{"type":"Feature","geometry":{"type":"Point","coordinates":[-3.2389259,50.6827721]},"properties":{"name":"Scott Cinemas","layer":"cinemas","note":"Scott Cinemas","osm_id":"way/233443846","osm_url":"https://www.openstreetmap.org/way/233443846","source":"OpenStreetMap","brand":"Scott Cinemas"}},{"type":"Feature","geometry":{"type":"Point","coordinates":[-8.2741639,54.477614]},"properties":{"name":"Cinaplex","layer":"cinemas","note":"OpenStreetMap","osm_id":"way/234427305","osm_url":"https://www.openstreetmap.org/way/234427305","source":"OpenStreetMap"}},{"type":"Feature","geometry":{"type":"Point","coordinates":[-3.0234672,53.3930356]},"properties":{"name":"Vue","layer":"cinemas","note":"Vue","osm_id":"way/235492560","osm_url":"https://www.openstreetmap.org/way/235492560","source":"OpenStreetMap","brand":"Vue"}},{"type":"Feature","geometry":{"type":"Point","coordinates":[-1.1236423,53.3013411]},"properties":{"name":"Savoy","layer":"cinemas","note":"OpenStreetMap","osm_id":"way/237548426","osm_url":"https://www.openstreetmap.org/way/237548426","source":"OpenStreetMap"}},{"type":"Feature","geometry":{"type":"Point","coordinates":[-2.2188389,53.4096757]},"properties":{"name":"Cineworld","layer":"cinemas","note":"Cineworld","osm_id":"way/237785643","osm_url":"https://www.openstreetmap.org/way/237785643","source":"OpenStreetMap","brand":"Cineworld"}},{"type":"Feature","geometry":{"type":"Point","coordinates":[-5.9570269,54.6689259]},"properties":{"name":"Movie House Cinemas","layer":"cinemas","note":"OpenStreetMap","osm_id":"way/237954131","osm_url":"https://www.openstreetmap.org/way/237954131","source":"OpenStreetMap"}},{"type":"Feature","geometry":{"type":"Point","coordinates":[-3.6118999,50.530855]},"properties":{"name":"Alexandra Cinema","layer":"cinemas","note":"Scott Cinemas","osm_id":"way/241913797","osm_url":"https://www.openstreetmap.org/way/241913797","source":"OpenStreetMap","brand":"Scott Cinemas"}},{"type":"Feature","geometry":{"type":"Point","coordinates":[0.7333604,50.950357]},"properties":{"name":"Kino","layer":"cinemas","note":"OpenStreetMap","osm_id":"way/244317158","osm_url":"https://www.openstreetmap.org/way/244317158","source":"OpenStreetMap"}},{"type":"Feature","geometry":{"type":"Point","coordinates":[-3.2745505,51.5655311]},"properties":{"name":"Showcase Cinema Nantgarw","layer":"cinemas","note":"Showcase Cinemas","osm_id":"way/24515947","osm_url":"https://www.openstreetmap.org/way/24515947","source":"OpenStreetMap","brand":"Showcase Cinemas"}},{"type":"Feature","geometry":{"type":"Point","coordinates":[-8.1045462,53.94297]},"properties":{"name":"Carrick Cineplex","layer":"cinemas","note":"OpenStreetMap","osm_id":"way/245888017","osm_url":"https://www.openstreetmap.org/way/245888017","source":"OpenStreetMap"}},{"type":"Feature","geometry":{"type":"Point","coordinates":[-1.6405272,53.7436532]},"properties":{"name":"Showcase Cinemas","layer":"cinemas","note":"Showcase Cinemas","osm_id":"way/24922895","osm_url":"https://www.openstreetmap.org/way/24922895","source":"OpenStreetMap","brand":"Showcase Cinemas"}},{"type":"Feature","geometry":{"type":"Point","coordinates":[-6.746196,54.6465567]},"properties":{"name":"Ritz Multiplex","layer":"cinemas","note":"OpenStreetMap","osm_id":"way/252480814","osm_url":"https://www.openstreetmap.org/way/252480814","source":"OpenStreetMap"}},{"type":"Feature","geometry":{"type":"Point","coordinates":[-2.9743394,53.341086]},"properties":{"name":"Odeon","layer":"cinemas","note":"Odeon","osm_id":"way/252797057","osm_url":"https://www.openstreetmap.org/way/252797057","source":"OpenStreetMap","brand":"Odeon"}},{"type":"Feature","geometry":{"type":"Point","coordinates":[-6.39767,54.4492481]},"properties":{"name":"Craigavon Omniplex","layer":"cinemas","note":"Omniplex","osm_id":"way/253264047","osm_url":"https://www.openstreetmap.org/way/253264047","source":"OpenStreetMap","brand":"Omniplex"}},{"type":"Feature","geometry":{"type":"Point","coordinates":[-3.0116349,53.3939077]},"properties":{"name":"Woodside Drive-In","layer":"cinemas","note":"OpenStreetMap","osm_id":"way/254831625","osm_url":"https://www.openstreetmap.org/way/254831625","source":"OpenStreetMap"}},{"type":"Feature","geometry":{"type":"Point","coordinates":[-5.6033423,55.4239168]},"properties":{"name":"The Picture House","layer":"cinemas","note":"OpenStreetMap","osm_id":"way/255706014","osm_url":"https://www.openstreetmap.org/way/255706014","source":"OpenStreetMap"}},{"type":"Feature","geometry":{"type":"Point","coordinates":[-7.3301799,54.6112314]},"properties":{"name":"Cinema","layer":"cinemas","note":"OpenStreetMap","osm_id":"way/256225949","osm_url":"https://www.openstreetmap.org/way/256225949","source":"OpenStreetMap"}},{"type":"Feature","geometry":{"type":"Point","coordinates":[-1.7949253,51.0706486]},"properties":{"name":"Everyman","layer":"cinemas","note":"Everyman Cinemas","osm_id":"way/263280645","osm_url":"https://www.openstreetmap.org/way/263280645","source":"OpenStreetMap","brand":"Everyman Cinemas"}},{"type":"Feature","geometry":{"type":"Point","coordinates":[-0.5357209,53.2440996]},"properties":{"name":"The Venue","layer":"cinemas","note":"OpenStreetMap","osm_id":"way/263335187","osm_url":"https://www.openstreetmap.org/way/263335187","source":"OpenStreetMap"}},{"type":"Feature","geometry":{"type":"Point","coordinates":[-0.1893021,51.120958]},"properties":{"name":"Cineworld Crawley","layer":"cinemas","note":"Cineworld","osm_id":"way/26437225","osm_url":"https://www.openstreetmap.org/way/26437225","source":"OpenStreetMap","brand":"Cineworld"}},{"type":"Feature","geometry":{"type":"Point","coordinates":[-2.2181429,52.1889107]},"properties":{"name":"Vue","layer":"cinemas","note":"Vue","osm_id":"way/266149693","osm_url":"https://www.openstreetmap.org/way/266149693","source":"OpenStreetMap","brand":"Vue"}},{"type":"Feature","geometry":{"type":"Point","coordinates":[-2.2225262,52.1952435]},"properties":{"name":"Odeon","layer":"cinemas","note":"Odeon","osm_id":"way/266153289","osm_url":"https://www.openstreetmap.org/way/266153289","source":"OpenStreetMap","brand":"Odeon"}},{"type":"Feature","geometry":{"type":"Point","coordinates":[-1.3099395,52.9713256]},"properties":{"name":"Scala","layer":"cinemas","note":"REEL Cinemas","osm_id":"way/267160480","osm_url":"https://www.openstreetmap.org/way/267160480","source":"OpenStreetMap","brand":"REEL Cinemas"}},{"type":"Feature","geometry":{"type":"Point","coordinates":[-2.6123689,51.4805125]},"properties":{"name":"The Orpheus Cinema","layer":"cinemas","note":"Scott Cinemas","osm_id":"way/267327526","osm_url":"https://www.openstreetmap.org/way/267327526","source":"OpenStreetMap","brand":"Scott Cinemas"}},{"type":"Feature","geometry":{"type":"Point","coordinates":[-6.2680293,53.3503648]},"properties":{"name":"Cineworld Cinema Dublin","layer":"cinemas","note":"Cineworld","osm_id":"way/269884096","osm_url":"https://www.openstreetmap.org/way/269884096","source":"OpenStreetMap","brand":"Cineworld"}},{"type":"Feature","geometry":{"type":"Point","coordinates":[-1.2597308,51.754667]},"properties":{"name":"The Oxford Cinema & Café","layer":"cinemas","note":"OpenStreetMap","osm_id":"way/272238021","osm_url":"https://www.openstreetmap.org/way/272238021","source":"OpenStreetMap"}},{"type":"Feature","geometry":{"type":"Point","coordinates":[-6.2663305,53.3223648]},"properties":{"name":"Stella Cinema Rathmines","layer":"cinemas","note":"Press Up Entertainment Group","osm_id":"way/272269366","osm_url":"https://www.openstreetmap.org/way/272269366","source":"OpenStreetMap","brand":"Press Up Entertainment Group"}},{"type":"Feature","geometry":{"type":"Point","coordinates":[-4.2765689,55.8545708]},"properties":{"name":"Odeon Glasgow Quay","layer":"cinemas","note":"Odeon","osm_id":"way/27247148","osm_url":"https://www.openstreetmap.org/way/27247148","source":"OpenStreetMap","brand":"Odeon"}},{"type":"Feature","geometry":{"type":"Point","coordinates":[0.2969939,51.1543111]},"properties":{"name":"Odeon","layer":"cinemas","note":"Odeon","osm_id":"way/27392110","osm_url":"https://www.openstreetmap.org/way/27392110","source":"OpenStreetMap","brand":"Odeon"}},{"type":"Feature","geometry":{"type":"Point","coordinates":[-2.6331567,53.4070352]},"properties":{"name":"Odeon Luxe","layer":"cinemas","note":"Odeon","osm_id":"way/27473739","osm_url":"https://www.openstreetmap.org/way/27473739","source":"OpenStreetMap","brand":"Odeon"}},{"type":"Feature","geometry":{"type":"Point","coordinates":[-1.6318744,52.8049735]},"properties":{"name":"Cineworld","layer":"cinemas","note":"Cineworld","osm_id":"way/274836950","osm_url":"https://www.openstreetmap.org/way/274836950","source":"OpenStreetMap","brand":"Cineworld"}},{"type":"Feature","geometry":{"type":"Point","coordinates":[-1.6281173,53.5254366]},"properties":{"name":"Penistone Paramount Cinema","layer":"cinemas","note":"OpenStreetMap","osm_id":"way/275302837","osm_url":"https://www.openstreetmap.org/way/275302837","source":"OpenStreetMap"}},{"type":"Feature","geometry":{"type":"Point","coordinates":[-2.3538257,51.6368509]},"properties":{"name":"Electric Picture House","layer":"cinemas","note":"OpenStreetMap","osm_id":"way/275357816","osm_url":"https://www.openstreetmap.org/way/275357816","source":"OpenStreetMap"}},{"type":"Feature","geometry":{"type":"Point","coordinates":[-2.6096179,51.4629934]},"properties":{"name":"Everyman","layer":"cinemas","note":"Everyman Cinemas","osm_id":"way/275376177","osm_url":"https://www.openstreetmap.org/way/275376177","source":"OpenStreetMap","brand":"Everyman Cinemas"}},{"type":"Feature","geometry":{"type":"Point","coordinates":[-3.4046326,53.3354501]},"properties":{"name":"Scala","layer":"cinemas","note":"OpenStreetMap","osm_id":"way/275385031","osm_url":"https://www.openstreetmap.org/way/275385031","source":"OpenStreetMap"}},{"type":"Feature","geometry":{"type":"Point","coordinates":[-3.1353095,54.5995984]},"properties":{"name":"Alhambra Cinema","layer":"cinemas","note":"OpenStreetMap","osm_id":"way/277916649","osm_url":"https://www.openstreetmap.org/way/277916649","source":"OpenStreetMap"}},{"type":"Feature","geometry":{"type":"Point","coordinates":[-0.0062209,51.2573854]},"properties":{"name":"Everyman Cinema Oxted","layer":"cinemas","note":"Everyman","osm_id":"way/278727889","osm_url":"https://www.openstreetmap.org/way/278727889","source":"OpenStreetMap","brand":"Everyman"}},{"type":"Feature","geometry":{"type":"Point","coordinates":[-9.0507923,53.2795517]},"properties":{"name":"IMC Galway","layer":"cinemas","note":"Irish Multiplex Cinemas","osm_id":"way/28051325","osm_url":"https://www.openstreetmap.org/way/28051325","source":"OpenStreetMap","brand":"Irish Multiplex Cinemas"}},{"type":"Feature","geometry":{"type":"Point","coordinates":[-2.0767305,52.5232546]},"properties":{"name":"Limelight Cinema","layer":"cinemas","note":"OpenStreetMap","osm_id":"way/286026606","osm_url":"https://www.openstreetmap.org/way/286026606","source":"OpenStreetMap"}},{"type":"Feature","geometry":{"type":"Point","coordinates":[-2.5610533,51.4496099]},"properties":{"name":"Showcase Cinemas","layer":"cinemas","note":"Showcase Cinemas","osm_id":"way/28684287","osm_url":"https://www.openstreetmap.org/way/28684287","source":"OpenStreetMap","brand":"Showcase Cinemas"}},{"type":"Feature","geometry":{"type":"Point","coordinates":[1.3363947,51.3820686]},"properties":{"name":"Carlton Cinema","layer":"cinemas","note":"OpenStreetMap","osm_id":"way/288444711","osm_url":"https://www.openstreetmap.org/way/288444711","source":"OpenStreetMap"}},{"type":"Feature","geometry":{"type":"Point","coordinates":[-0.123147,51.5240631]},"properties":{"name":"Curzon Bloomsbury","layer":"cinemas","note":"Curzon","osm_id":"way/291651296","osm_url":"https://www.openstreetmap.org/way/291651296","source":"OpenStreetMap","brand":"Curzon"}},{"type":"Feature","geometry":{"type":"Point","coordinates":[-1.7946237,51.068101]},"properties":{"name":"Odeon","layer":"cinemas","note":"Odeon","osm_id":"way/291891915","osm_url":"https://www.openstreetmap.org/way/291891915","source":"OpenStreetMap","brand":"Odeon"}},{"type":"Feature","geometry":{"type":"Point","coordinates":[0.9045051,51.8891002]},"properties":{"name":"Curzon Cinema","layer":"cinemas","note":"Corinthian Curzon (Colchester) Ltd","osm_id":"way/292101803","osm_url":"https://www.openstreetmap.org/way/292101803","source":"OpenStreetMap","brand":"Corinthian Curzon (Colchester) Ltd"}},{"type":"Feature","geometry":{"type":"Point","coordinates":[-6.2601815,53.3512652]},"properties":{"name":"The Savoy Cinema","layer":"cinemas","note":"Irish Multiplex Cinemas","osm_id":"way/292900331","osm_url":"https://www.openstreetmap.org/way/292900331","source":"OpenStreetMap","brand":"Irish Multiplex Cinemas"}},{"type":"Feature","geometry":{"type":"Point","coordinates":[-1.1736153,52.9511785]},"properties":{"name":"Savoy","layer":"cinemas","note":"OpenStreetMap","osm_id":"way/29411826","osm_url":"https://www.openstreetmap.org/way/29411826","source":"OpenStreetMap"}},{"type":"Feature","geometry":{"type":"Point","coordinates":[-5.0873384,50.4136279]},"properties":{"name":"Lighthouse Cinema","layer":"cinemas","note":"OpenStreetMap","osm_id":"way/297137302","osm_url":"https://www.openstreetmap.org/way/297137302","source":"OpenStreetMap"}},{"type":"Feature","geometry":{"type":"Point","coordinates":[-2.0126028,53.7405316]},"properties":{"name":"Hebden Bridge Picture House","layer":"cinemas","note":"OpenStreetMap","osm_id":"way/29977639","osm_url":"https://www.openstreetmap.org/way/29977639","source":"OpenStreetMap"}},{"type":"Feature","geometry":{"type":"Point","coordinates":[-0.1213954,51.5586621]},"properties":{"name":"Odeon Holloway","layer":"cinemas","note":"Odeon","osm_id":"way/30049479","osm_url":"https://www.openstreetmap.org/way/30049479","source":"OpenStreetMap","brand":"Odeon"}},{"type":"Feature","geometry":{"type":"Point","coordinates":[-2.9135544,53.4567756]},"properties":{"name":"Showcase Cinemas","layer":"cinemas","note":"Showcase Cinemas","osm_id":"way/301416623","osm_url":"https://www.openstreetmap.org/way/301416623","source":"OpenStreetMap","brand":"Showcase Cinemas"}},{"type":"Feature","geometry":{"type":"Point","coordinates":[-7.1624912,53.767791]},"properties":{"name":"Flicks","layer":"cinemas","note":"OpenStreetMap","osm_id":"way/303235102","osm_url":"https://www.openstreetmap.org/way/303235102","source":"OpenStreetMap"}},{"type":"Feature","geometry":{"type":"Point","coordinates":[-4.9708298,51.7999181]},"properties":{"name":"Palace Cinema","layer":"cinemas","note":"Independent","osm_id":"way/304805192","osm_url":"https://www.openstreetmap.org/way/304805192","source":"OpenStreetMap","brand":"Independent"}},{"type":"Feature","geometry":{"type":"Point","coordinates":[-1.5951861,54.979414]},"properties":{"name":"Star And Shadow Cinema","layer":"cinemas","note":"OpenStreetMap","osm_id":"way/304986300","osm_url":"https://www.openstreetmap.org/way/304986300","source":"OpenStreetMap"}},{"type":"Feature","geometry":{"type":"Point","coordinates":[-2.6046599,51.5233236]},"properties":{"name":"Vue","layer":"cinemas","note":"Vue","osm_id":"way/308438823","osm_url":"https://www.openstreetmap.org/way/308438823","source":"OpenStreetMap","brand":"Vue"}},{"type":"Feature","geometry":{"type":"Point","coordinates":[-1.2009707,53.1349987]},"properties":{"name":"Odeon","layer":"cinemas","note":"Odeon","osm_id":"way/311203572","osm_url":"https://www.openstreetmap.org/way/311203572","source":"OpenStreetMap","brand":"Odeon"}},{"type":"Feature","geometry":{"type":"Point","coordinates":[-3.2863974,55.9152128]},"properties":{"name":"ODEON MULTIPLEX CINEMA","layer":"cinemas","note":"Odeon","osm_id":"way/31139114","osm_url":"https://www.openstreetmap.org/way/31139114","source":"OpenStreetMap","brand":"Odeon"}},{"type":"Feature","geometry":{"type":"Point","coordinates":[-2.9650229,53.4869987]},"properties":{"name":"Odeon","layer":"cinemas","note":"Odeon","osm_id":"way/311996141","osm_url":"https://www.openstreetmap.org/way/311996141","source":"OpenStreetMap","brand":"Odeon"}},{"type":"Feature","geometry":{"type":"Point","coordinates":[-0.1036648,51.5368532]},"properties":{"name":"Screen on the Green","layer":"cinemas","note":"Everyman Cinemas","osm_id":"way/31305418","osm_url":"https://www.openstreetmap.org/way/31305418","source":"OpenStreetMap","brand":"Everyman Cinemas"}},{"type":"Feature","geometry":{"type":"Point","coordinates":[-6.2652157,53.3446713]},"properties":{"name":"Irish Film Institute","layer":"cinemas","note":"OpenStreetMap","osm_id":"way/316377252","osm_url":"https://www.openstreetmap.org/way/316377252","source":"OpenStreetMap"}},{"type":"Feature","geometry":{"type":"Point","coordinates":[-1.4792577,53.5539629]},"properties":{"name":"Parkway","layer":"cinemas","note":"OpenStreetMap","osm_id":"way/320594626","osm_url":"https://www.openstreetmap.org/way/320594626","source":"OpenStreetMap"}},{"type":"Feature","geometry":{"type":"Point","coordinates":[-1.5694223,53.812068]},"properties":{"name":"Hyde Park Picture House","layer":"cinemas","note":"OpenStreetMap","osm_id":"way/321131925","osm_url":"https://www.openstreetmap.org/way/321131925","source":"OpenStreetMap"}},{"type":"Feature","geometry":{"type":"Point","coordinates":[-3.6082142,56.0175395]},"properties":{"name":"The Hippodrome","layer":"cinemas","note":"Falkirk Community Trust","osm_id":"way/321282183","osm_url":"https://www.openstreetmap.org/way/321282183","source":"OpenStreetMap","brand":"Falkirk Community Trust"}},{"type":"Feature","geometry":{"type":"Point","coordinates":[-4.4912757,55.6023278]},"properties":{"name":"Odeon","layer":"cinemas","note":"Odeon","osm_id":"way/322473119","osm_url":"https://www.openstreetmap.org/way/322473119","source":"OpenStreetMap","brand":"Odeon"}},{"type":"Feature","geometry":{"type":"Point","coordinates":[-4.1410946,55.0752734]},"properties":{"name":"Cinema","layer":"cinemas","note":"OpenStreetMap","osm_id":"way/326148509","osm_url":"https://www.openstreetmap.org/way/326148509","source":"OpenStreetMap"}},{"type":"Feature","geometry":{"type":"Point","coordinates":[-0.2623241,51.333927]},"properties":{"name":"Odeon","layer":"cinemas","note":"Odeon","osm_id":"way/32885850","osm_url":"https://www.openstreetmap.org/way/32885850","source":"OpenStreetMap","brand":"Odeon"}},{"type":"Feature","geometry":{"type":"Point","coordinates":[-2.316303,53.4711324]},"properties":{"name":"Route 66","layer":"cinemas","note":"Route 66 Drive In Cinemas","osm_id":"way/331106015","osm_url":"https://www.openstreetmap.org/way/331106015","source":"OpenStreetMap","brand":"Route 66 Drive In Cinemas"}},{"type":"Feature","geometry":{"type":"Point","coordinates":[-6.1927461,53.3910701]},"properties":{"name":"Odeon Coolock","layer":"cinemas","note":"Odeon","osm_id":"way/33147479","osm_url":"https://www.openstreetmap.org/way/33147479","source":"OpenStreetMap","brand":"Odeon"}},{"type":"Feature","geometry":{"type":"Point","coordinates":[0.1503111,51.4561474]},"properties":{"name":"Cineworld","layer":"cinemas","note":"Cineworld","osm_id":"way/332400975","osm_url":"https://www.openstreetmap.org/way/332400975","source":"OpenStreetMap","brand":"Cineworld"}},{"type":"Feature","geometry":{"type":"Point","coordinates":[-1.8381027,53.6851771]},"properties":{"name":"The Rex Cinema","layer":"cinemas","note":"OpenStreetMap","osm_id":"way/350571340","osm_url":"https://www.openstreetmap.org/way/350571340","source":"OpenStreetMap"}},{"type":"Feature","geometry":{"type":"Point","coordinates":[1.3511137,51.9641304]},"properties":{"name":"Palace Cinema","layer":"cinemas","note":"OpenStreetMap","osm_id":"way/354182171","osm_url":"https://www.openstreetmap.org/way/354182171","source":"OpenStreetMap"}},{"type":"Feature","geometry":{"type":"Point","coordinates":[-1.4635179,52.9389893]},"properties":{"name":"Odeon Luxe","layer":"cinemas","note":"Odeon","osm_id":"way/35421770","osm_url":"https://www.openstreetmap.org/way/35421770","source":"OpenStreetMap","brand":"Odeon"}},{"type":"Feature","geometry":{"type":"Point","coordinates":[-3.5225029,50.7258055]},"properties":{"name":"Vue","layer":"cinemas","note":"Vue","osm_id":"way/35537173","osm_url":"https://www.openstreetmap.org/way/35537173","source":"OpenStreetMap","brand":"Vue"}},{"type":"Feature","geometry":{"type":"Point","coordinates":[-1.2404342,51.6074383]},"properties":{"name":"Cineworld","layer":"cinemas","note":"Cineworld","osm_id":"way/356168892","osm_url":"https://www.openstreetmap.org/way/356168892","source":"OpenStreetMap","brand":"Cineworld"}},{"type":"Feature","geometry":{"type":"Point","coordinates":[-0.1973473,51.5086882]},"properties":{"name":"Cinema","layer":"cinemas","note":"Picturehouse Cinemas","osm_id":"way/356675364","osm_url":"https://www.openstreetmap.org/way/356675364","source":"OpenStreetMap","brand":"Picturehouse Cinemas"}},{"type":"Feature","geometry":{"type":"Point","coordinates":[-0.2050653,51.5155295]},"properties":{"name":"Electric Cinema","layer":"cinemas","note":"OpenStreetMap","osm_id":"way/357556094","osm_url":"https://www.openstreetmap.org/way/357556094","source":"OpenStreetMap"}},{"type":"Feature","geometry":{"type":"Point","coordinates":[-2.8055269,55.6155395]},"properties":{"name":"Pavilion Cinema","layer":"cinemas","note":"Merlin Cinemas","osm_id":"way/358439132","osm_url":"https://www.openstreetmap.org/way/358439132","source":"OpenStreetMap","brand":"Merlin Cinemas"}},{"type":"Feature","geometry":{"type":"Point","coordinates":[-0.8083843,53.0742859]},"properties":{"name":"Odeon","layer":"cinemas","note":"Odeon","osm_id":"way/359831363","osm_url":"https://www.openstreetmap.org/way/359831363","source":"OpenStreetMap","brand":"Odeon"}},{"type":"Feature","geometry":{"type":"Point","coordinates":[-4.6282459,55.4576171]},"properties":{"name":"Astoria","layer":"cinemas","note":"Merlin Cinemas","osm_id":"way/360354463","osm_url":"https://www.openstreetmap.org/way/360354463","source":"OpenStreetMap","brand":"Merlin Cinemas"}},{"type":"Feature","geometry":{"type":"Point","coordinates":[-3.8647384,56.6199147]},"properties":{"name":"The Birks Cinema","layer":"cinemas","note":"OpenStreetMap","osm_id":"way/360863433","osm_url":"https://www.openstreetmap.org/way/360863433","source":"OpenStreetMap"}},{"type":"Feature","geometry":{"type":"Point","coordinates":[-2.0173452,53.9585838]},"properties":{"name":"Plaza Cinema","layer":"cinemas","note":"OpenStreetMap","osm_id":"way/364480190","osm_url":"https://www.openstreetmap.org/way/364480190","source":"OpenStreetMap"}},{"type":"Feature","geometry":{"type":"Point","coordinates":[-2.7393773,52.7030817]},"properties":{"name":"Cineworld","layer":"cinemas","note":"Cineworld","osm_id":"way/366169963","osm_url":"https://www.openstreetmap.org/way/366169963","source":"OpenStreetMap","brand":"Cineworld"}},{"type":"Feature","geometry":{"type":"Point","coordinates":[1.3898406,51.3577936]},"properties":{"name":"Vue","layer":"cinemas","note":"Vue","osm_id":"way/366705826","osm_url":"https://www.openstreetmap.org/way/366705826","source":"OpenStreetMap","brand":"Vue"}},{"type":"Feature","geometry":{"type":"Point","coordinates":[-1.709933,52.7590888]},"properties":{"name":"Red Carpet Cinema","layer":"cinemas","note":"OpenStreetMap","osm_id":"way/368576953","osm_url":"https://www.openstreetmap.org/way/368576953","source":"OpenStreetMap"}},{"type":"Feature","geometry":{"type":"Point","coordinates":[-1.7249107,54.376026]},"properties":{"name":"Savoy Catterick Garrison","layer":"cinemas","note":"OpenStreetMap","osm_id":"way/369528966","osm_url":"https://www.openstreetmap.org/way/369528966","source":"OpenStreetMap"}},{"type":"Feature","geometry":{"type":"Point","coordinates":[-3.0235928,56.4816538]},"properties":{"name":"Cineworld","layer":"cinemas","note":"Cineworld","osm_id":"way/37030378","osm_url":"https://www.openstreetmap.org/way/37030378","source":"OpenStreetMap","brand":"Cineworld"}},{"type":"Feature","geometry":{"type":"Point","coordinates":[-1.1760546,52.9366957]},"properties":{"name":"Showcase Cinemas","layer":"cinemas","note":"Showcase Cinemas","osm_id":"way/37074658","osm_url":"https://www.openstreetmap.org/way/37074658","source":"OpenStreetMap","brand":"Showcase Cinemas"}},{"type":"Feature","geometry":{"type":"Point","coordinates":[-2.9758091,51.3466643]},"properties":{"name":"Plaza Weston","layer":"cinemas","note":"Merlin Cinemas","osm_id":"way/371491761","osm_url":"https://www.openstreetmap.org/way/371491761","source":"OpenStreetMap","brand":"Merlin Cinemas"}},{"type":"Feature","geometry":{"type":"Point","coordinates":[-3.4864827,50.9021806]},"properties":{"name":"The Tivoli","layer":"cinemas","note":"OpenStreetMap","osm_id":"way/37450639","osm_url":"https://www.openstreetmap.org/way/37450639","source":"OpenStreetMap"}},{"type":"Feature","geometry":{"type":"Point","coordinates":[-6.0516643,54.5075269]},"properties":{"name":"Lisburn Omniplex","layer":"cinemas","note":"Omniplex Cinema Group","osm_id":"way/375390464","osm_url":"https://www.openstreetmap.org/way/375390464","source":"OpenStreetMap","brand":"Omniplex Cinema Group"}},{"type":"Feature","geometry":{"type":"Point","coordinates":[0.9403149,52.6811856]},"properties":{"name":"Orion Cinema","layer":"cinemas","note":"OpenStreetMap","osm_id":"way/375803334","osm_url":"https://www.openstreetmap.org/way/375803334","source":"OpenStreetMap"}},{"type":"Feature","geometry":{"type":"Point","coordinates":[1.6016204,52.1541636]},"properties":{"name":"Aldeburgh Cinema","layer":"cinemas","note":"OpenStreetMap","osm_id":"way/375931500","osm_url":"https://www.openstreetmap.org/way/375931500","source":"OpenStreetMap"}},{"type":"Feature","geometry":{"type":"Point","coordinates":[-0.2096594,51.9001962]},"properties":{"name":"Cineworld","layer":"cinemas","note":"Cineworld","osm_id":"way/378638296","osm_url":"https://www.openstreetmap.org/way/378638296","source":"OpenStreetMap","brand":"Cineworld"}},{"type":"Feature","geometry":{"type":"Point","coordinates":[-0.1086503,51.5968801]},"properties":{"name":"Hollywood Green","layer":"cinemas","note":"Vue","osm_id":"way/38153961","osm_url":"https://www.openstreetmap.org/way/38153961","source":"OpenStreetMap","brand":"Vue"}},{"type":"Feature","geometry":{"type":"Point","coordinates":[-1.2479774,50.8860545]},"properties":{"name":"Cineworld Whiteley","layer":"cinemas","note":"Cineworld","osm_id":"way/381637358","osm_url":"https://www.openstreetmap.org/way/381637358","source":"OpenStreetMap","brand":"Cineworld"}},{"type":"Feature","geometry":{"type":"Point","coordinates":[-1.3804595,54.9081342]},"properties":{"name":"Omniplex","layer":"cinemas","note":"OpenStreetMap","osm_id":"way/382428611","osm_url":"https://www.openstreetmap.org/way/382428611","source":"OpenStreetMap"}},{"type":"Feature","geometry":{"type":"Point","coordinates":[-1.1053644,53.5128871]},"properties":{"name":"Vue","layer":"cinemas","note":"Vue","osm_id":"way/38894952","osm_url":"https://www.openstreetmap.org/way/38894952","source":"OpenStreetMap","brand":"Vue"}},{"type":"Feature","geometry":{"type":"Point","coordinates":[0.8468956,52.8302419]},"properties":{"name":"Central Cinema","layer":"cinemas","note":"Hollywood Cinemas","osm_id":"way/391447485","osm_url":"https://www.openstreetmap.org/way/391447485","source":"OpenStreetMap","brand":"Hollywood Cinemas"}},{"type":"Feature","geometry":{"type":"Point","coordinates":[-1.7172309,52.4478895]},"properties":{"name":"Cineworld","layer":"cinemas","note":"Cineworld","osm_id":"way/392350724","osm_url":"https://www.openstreetmap.org/way/392350724","source":"OpenStreetMap","brand":"Cineworld"}},{"type":"Feature","geometry":{"type":"Point","coordinates":[-0.1462083,51.5895948]},"properties":{"name":"Everyman Cinema","layer":"cinemas","note":"OpenStreetMap","osm_id":"way/399428758","osm_url":"https://www.openstreetmap.org/way/399428758","source":"OpenStreetMap"}},{"type":"Feature","geometry":{"type":"Point","coordinates":[-2.75758,50.7320655]},"properties":{"name":"Electric Palace","layer":"cinemas","note":"OpenStreetMap","osm_id":"way/402051820","osm_url":"https://www.openstreetmap.org/way/402051820","source":"OpenStreetMap"}},{"type":"Feature","geometry":{"type":"Point","coordinates":[-2.594564,52.3124124]},"properties":{"name":"Cinema","layer":"cinemas","note":"OpenStreetMap","osm_id":"way/404052848","osm_url":"https://www.openstreetmap.org/way/404052848","source":"OpenStreetMap"}},{"type":"Feature","geometry":{"type":"Point","coordinates":[0.1590642,52.66328]},"properties":{"name":"Luxe Cinema","layer":"cinemas","note":"OpenStreetMap","osm_id":"way/406339564","osm_url":"https://www.openstreetmap.org/way/406339564","source":"OpenStreetMap"}},{"type":"Feature","geometry":{"type":"Point","coordinates":[-4.7565259,55.951408]},"properties":{"name":"Greenock Waterfront Cinema","layer":"cinemas","note":"OpenStreetMap","osm_id":"way/408713526","osm_url":"https://www.openstreetmap.org/way/408713526","source":"OpenStreetMap"}},{"type":"Feature","geometry":{"type":"Point","coordinates":[-5.8886151,54.2127419]},"properties":{"name":"Newcastle Community Cinema","layer":"cinemas","note":"OpenStreetMap","osm_id":"way/409126372","osm_url":"https://www.openstreetmap.org/way/409126372","source":"OpenStreetMap"}},{"type":"Feature","geometry":{"type":"Point","coordinates":[-0.2639559,52.2288707]},"properties":{"name":"Cineworld","layer":"cinemas","note":"Cineworld","osm_id":"way/409254559","osm_url":"https://www.openstreetmap.org/way/409254559","source":"OpenStreetMap","brand":"Cineworld"}},{"type":"Feature","geometry":{"type":"Point","coordinates":[-0.3534681,53.7913701]},"properties":{"name":"Cineworld","layer":"cinemas","note":"Cineworld","osm_id":"way/41056266","osm_url":"https://www.openstreetmap.org/way/41056266","source":"OpenStreetMap","brand":"Cineworld"}},{"type":"Feature","geometry":{"type":"Point","coordinates":[0.0965461,50.9724349]},"properties":{"name":"The Picture House Uckfield","layer":"cinemas","note":"OpenStreetMap","osm_id":"way/420010944","osm_url":"https://www.openstreetmap.org/way/420010944","source":"OpenStreetMap"}},{"type":"Feature","geometry":{"type":"Point","coordinates":[-2.3726948,53.3020232]},"properties":{"name":"Curzon Cinema","layer":"cinemas","note":"Curzon","osm_id":"way/421099586","osm_url":"https://www.openstreetmap.org/way/421099586","source":"OpenStreetMap","brand":"Curzon"}},{"type":"Feature","geometry":{"type":"Point","coordinates":[-2.232616,53.3254709]},"properties":{"name":"The Rex","layer":"cinemas","note":"OpenStreetMap","osm_id":"way/42291306","osm_url":"https://www.openstreetmap.org/way/42291306","source":"OpenStreetMap"}},{"type":"Feature","geometry":{"type":"Point","coordinates":[-2.4991909,51.4496795]},"properties":{"name":"Vue","layer":"cinemas","note":"Vue","osm_id":"way/42461735","osm_url":"https://www.openstreetmap.org/way/42461735","source":"OpenStreetMap","brand":"Vue"}},{"type":"Feature","geometry":{"type":"Point","coordinates":[-0.1325849,51.5183594]},"properties":{"name":"Odeon","layer":"cinemas","note":"Odeon","osm_id":"way/425222125","osm_url":"https://www.openstreetmap.org/way/425222125","source":"OpenStreetMap","brand":"Odeon"}},{"type":"Feature","geometry":{"type":"Point","coordinates":[-6.4559793,52.3126719]},"properties":{"name":"Wexford Omniplex","layer":"cinemas","note":"Omniplex Cinema Group","osm_id":"way/42598732","osm_url":"https://www.openstreetmap.org/way/42598732","source":"OpenStreetMap","brand":"Omniplex Cinema Group"}},{"type":"Feature","geometry":{"type":"Point","coordinates":[-3.0480085,54.2764651]},"properties":{"name":"The Cart House","layer":"cinemas","note":"OpenStreetMap","osm_id":"way/426131300","osm_url":"https://www.openstreetmap.org/way/426131300","source":"OpenStreetMap"}},{"type":"Feature","geometry":{"type":"Point","coordinates":[-2.7540051,54.6656355]},"properties":{"name":"Alhambra","layer":"cinemas","note":"OpenStreetMap","osm_id":"way/426908333","osm_url":"https://www.openstreetmap.org/way/426908333","source":"OpenStreetMap"}},{"type":"Feature","geometry":{"type":"Point","coordinates":[-0.0372559,51.6331646]},"properties":{"name":"Odeon Lee Valley","layer":"cinemas","note":"Odeon","osm_id":"way/4270352","osm_url":"https://www.openstreetmap.org/way/4270352","source":"OpenStreetMap","brand":"Odeon"}},{"type":"Feature","geometry":{"type":"Point","coordinates":[-1.0966036,50.8405499]},"properties":{"name":"Odeon","layer":"cinemas","note":"Odeon","osm_id":"way/42734637","osm_url":"https://www.openstreetmap.org/way/42734637","source":"OpenStreetMap","brand":"Odeon"}},{"type":"Feature","geometry":{"type":"Point","coordinates":[-0.2232213,52.574123]},"properties":{"name":"Showcase Cinemas","layer":"cinemas","note":"Showcase Cinemas","osm_id":"way/43142051","osm_url":"https://www.openstreetmap.org/way/43142051","source":"OpenStreetMap","brand":"Showcase Cinemas"}},{"type":"Feature","geometry":{"type":"Point","coordinates":[-0.3054528,51.4593806]},"properties":{"name":"Odeon Richmond Studio (Screens 4-7)","layer":"cinemas","note":"Odeon","osm_id":"way/432809894","osm_url":"https://www.openstreetmap.org/way/432809894","source":"OpenStreetMap","brand":"Odeon"}},{"type":"Feature","geometry":{"type":"Point","coordinates":[-3.2310923,50.9759377]},"properties":{"name":"Wellesley Cinema","layer":"cinemas","note":"Merlin Cinemas","osm_id":"way/434913591","osm_url":"https://www.openstreetmap.org/way/434913591","source":"OpenStreetMap","brand":"Merlin Cinemas"}},{"type":"Feature","geometry":{"type":"Point","coordinates":[-0.5406798,50.8031055]},"properties":{"name":"The Windmill","layer":"cinemas","note":"OpenStreetMap","osm_id":"way/436157287","osm_url":"https://www.openstreetmap.org/way/436157287","source":"OpenStreetMap"}},{"type":"Feature","geometry":{"type":"Point","coordinates":[-3.3168836,52.5166203]},"properties":{"name":"The Regent Centre","layer":"cinemas","note":"OpenStreetMap","osm_id":"way/440654331","osm_url":"https://www.openstreetmap.org/way/440654331","source":"OpenStreetMap"}},{"type":"Feature","geometry":{"type":"Point","coordinates":[-0.0609636,51.6502249]},"properties":{"name":"Cineworld Enfield","layer":"cinemas","note":"Cineworld","osm_id":"way/4421348","osm_url":"https://www.openstreetmap.org/way/4421348","source":"OpenStreetMap","brand":"Cineworld"}},{"type":"Feature","geometry":{"type":"Point","coordinates":[0.7457813,52.4133855]},"properties":{"name":"The Light","layer":"cinemas","note":"The Light","osm_id":"way/445670338","osm_url":"https://www.openstreetmap.org/way/445670338","source":"OpenStreetMap","brand":"The Light"}},{"type":"Feature","geometry":{"type":"Point","coordinates":[-2.4382337,50.7139138]},"properties":{"name":"Plaza Cinema","layer":"cinemas","note":"OpenStreetMap","osm_id":"way/446591958","osm_url":"https://www.openstreetmap.org/way/446591958","source":"OpenStreetMap"}},{"type":"Feature","geometry":{"type":"Point","coordinates":[-9.5248074,53.8001458]},"properties":{"name":"The W Cinema","layer":"cinemas","note":"OpenStreetMap","osm_id":"way/449687393","osm_url":"https://www.openstreetmap.org/way/449687393","source":"OpenStreetMap"}},{"type":"Feature","geometry":{"type":"Point","coordinates":[-0.2139173,51.4651771]},"properties":{"name":"ODEON Putney","layer":"cinemas","note":"Odeon","osm_id":"way/451257601","osm_url":"https://www.openstreetmap.org/way/451257601","source":"OpenStreetMap","brand":"Odeon"}},{"type":"Feature","geometry":{"type":"Point","coordinates":[-0.3325215,51.7479521]},"properties":{"name":"The Odyssey Cinema","layer":"cinemas","note":"OpenStreetMap","osm_id":"way/45499046","osm_url":"https://www.openstreetmap.org/way/45499046","source":"OpenStreetMap"}},{"type":"Feature","geometry":{"type":"Point","coordinates":[-6.6539385,54.3483327]},"properties":{"name":"Armagh Omniplex","layer":"cinemas","note":"Omniplex Cinema Group","osm_id":"way/456576365","osm_url":"https://www.openstreetmap.org/way/456576365","source":"OpenStreetMap","brand":"Omniplex Cinema Group"}},{"type":"Feature","geometry":{"type":"Point","coordinates":[-0.7110525,51.0902035]},"properties":{"name":"Haslemere Hall","layer":"cinemas","note":"OpenStreetMap","osm_id":"way/464989997","osm_url":"https://www.openstreetmap.org/way/464989997","source":"OpenStreetMap"}},{"type":"Feature","geometry":{"type":"Point","coordinates":[-0.2224753,51.5375275]},"properties":{"name":"Lexi Cinema","layer":"cinemas","note":"OpenStreetMap","osm_id":"way/467469463","osm_url":"https://www.openstreetmap.org/way/467469463","source":"OpenStreetMap"}},{"type":"Feature","geometry":{"type":"Point","coordinates":[-0.7719429,51.6131354]},"properties":{"name":"High Wycombe Omniplex","layer":"cinemas","note":"OpenStreetMap","osm_id":"way/468837236","osm_url":"https://www.openstreetmap.org/way/468837236","source":"OpenStreetMap"}},{"type":"Feature","geometry":{"type":"Point","coordinates":[-2.5915285,51.4566839]},"properties":{"name":"Odeon","layer":"cinemas","note":"Odeon","osm_id":"way/472241607","osm_url":"https://www.openstreetmap.org/way/472241607","source":"OpenStreetMap","brand":"Odeon"}},{"type":"Feature","geometry":{"type":"Point","coordinates":[-2.5933154,51.4611435]},"properties":{"name":"The Cube","layer":"cinemas","note":"OpenStreetMap","osm_id":"way/4745123","osm_url":"https://www.openstreetmap.org/way/4745123","source":"OpenStreetMap"}},{"type":"Feature","geometry":{"type":"Point","coordinates":[-3.0315829,53.7466242]},"properties":{"name":"The Island Cinema","layer":"cinemas","note":"OpenStreetMap","osm_id":"way/476992960","osm_url":"https://www.openstreetmap.org/way/476992960","source":"OpenStreetMap"}},{"type":"Feature","geometry":{"type":"Point","coordinates":[-2.7170955,52.0585766]},"properties":{"name":"Odeon","layer":"cinemas","note":"Odeon","osm_id":"way/479887850","osm_url":"https://www.openstreetmap.org/way/479887850","source":"OpenStreetMap","brand":"Odeon"}},{"type":"Feature","geometry":{"type":"Point","coordinates":[-2.5145996,53.2624035]},"properties":{"name":"Odeon Northwich","layer":"cinemas","note":"Odeon","osm_id":"way/481785315","osm_url":"https://www.openstreetmap.org/way/481785315","source":"OpenStreetMap","brand":"Odeon"}},{"type":"Feature","geometry":{"type":"Point","coordinates":[0.8956783,51.8886278]},"properties":{"name":"Odeon","layer":"cinemas","note":"Odeon","osm_id":"way/482263290","osm_url":"https://www.openstreetmap.org/way/482263290","source":"OpenStreetMap","brand":"Odeon"}},{"type":"Feature","geometry":{"type":"Point","coordinates":[1.3049405,52.6251551]},"properties":{"name":"Odeon","layer":"cinemas","note":"Odeon","osm_id":"way/48579750","osm_url":"https://www.openstreetmap.org/way/48579750","source":"OpenStreetMap","brand":"Odeon"}},{"type":"Feature","geometry":{"type":"Point","coordinates":[-0.0431931,51.5513301]},"properties":{"name":"Castle Cinema","layer":"cinemas","note":"OpenStreetMap","osm_id":"way/490724409","osm_url":"https://www.openstreetmap.org/way/490724409","source":"OpenStreetMap"}},{"type":"Feature","geometry":{"type":"Point","coordinates":[-5.7457383,54.52911]},"properties":{"name":"Excelsior Cinema","layer":"cinemas","note":"OpenStreetMap","osm_id":"way/492092072","osm_url":"https://www.openstreetmap.org/way/492092072","source":"OpenStreetMap"}},{"type":"Feature","geometry":{"type":"Point","coordinates":[-1.135834,52.6201545]},"properties":{"name":"Odeon","layer":"cinemas","note":"Odeon","osm_id":"way/49430836","osm_url":"https://www.openstreetmap.org/way/49430836","source":"OpenStreetMap","brand":"Odeon"}},{"type":"Feature","geometry":{"type":"Point","coordinates":[-0.1295168,51.5114163]},"properties":{"name":"Cinema","layer":"cinemas","note":"OpenStreetMap","osm_id":"way/495107775","osm_url":"https://www.openstreetmap.org/way/495107775","source":"OpenStreetMap"}},{"type":"Feature","geometry":{"type":"Point","coordinates":[0.7405865,51.3395548]},"properties":{"name":"The Light","layer":"cinemas","note":"The Light","osm_id":"way/49731168","osm_url":"https://www.openstreetmap.org/way/49731168","source":"OpenStreetMap","brand":"The Light"}},{"type":"Feature","geometry":{"type":"Point","coordinates":[-4.0504986,52.4877708]},"properties":{"name":"Libanus 1877","layer":"cinemas","note":"OpenStreetMap","osm_id":"way/507099147","osm_url":"https://www.openstreetmap.org/way/507099147","source":"OpenStreetMap"}},{"type":"Feature","geometry":{"type":"Point","coordinates":[-2.5331083,53.5819708]},"properties":{"name":"Vue","layer":"cinemas","note":"Vue","osm_id":"way/507487459","osm_url":"https://www.openstreetmap.org/way/507487459","source":"OpenStreetMap","brand":"Vue"}},{"type":"Feature","geometry":{"type":"Point","coordinates":[-4.4752907,55.845365]},"properties":{"name":"Showcase Cinemas","layer":"cinemas","note":"Showcase Cinemas","osm_id":"way/510437728","osm_url":"https://www.openstreetmap.org/way/510437728","source":"OpenStreetMap","brand":"Showcase Cinemas"}},{"type":"Feature","geometry":{"type":"Point","coordinates":[-3.9399466,51.6186684]},"properties":{"name":"Vue","layer":"cinemas","note":"Vue","osm_id":"way/510774380","osm_url":"https://www.openstreetmap.org/way/510774380","source":"OpenStreetMap","brand":"Vue"}},{"type":"Feature","geometry":{"type":"Point","coordinates":[-5.8103825,54.847082]},"properties":{"name":"Omniplex Larne","layer":"cinemas","note":"Omniplex Cinema Group","osm_id":"way/518439367","osm_url":"https://www.openstreetmap.org/way/518439367","source":"OpenStreetMap","brand":"Omniplex Cinema Group"}},{"type":"Feature","geometry":{"type":"Point","coordinates":[-3.5222361,50.7286123]},"properties":{"name":"Odeon","layer":"cinemas","note":"Odeon","osm_id":"way/518833733","osm_url":"https://www.openstreetmap.org/way/518833733","source":"OpenStreetMap","brand":"Odeon"}},{"type":"Feature","geometry":{"type":"Point","coordinates":[-2.1156166,52.8036638]},"properties":{"name":"Cinema","layer":"cinemas","note":"OpenStreetMap","osm_id":"way/524310750","osm_url":"https://www.openstreetmap.org/way/524310750","source":"OpenStreetMap"}},{"type":"Feature","geometry":{"type":"Point","coordinates":[-4.6605045,52.0858636]},"properties":{"name":"Theatr Mwldan","layer":"cinemas","note":"OpenStreetMap","osm_id":"way/525950587","osm_url":"https://www.openstreetmap.org/way/525950587","source":"OpenStreetMap"}},{"type":"Feature","geometry":{"type":"Point","coordinates":[-2.6508619,51.2066293]},"properties":{"name":"Wells Film Centre","layer":"cinemas","note":"OpenStreetMap","osm_id":"way/527939395","osm_url":"https://www.openstreetmap.org/way/527939395","source":"OpenStreetMap"}},{"type":"Feature","geometry":{"type":"Point","coordinates":[-1.3931695,50.8946396]},"properties":{"name":"Harbour Lights Picturehouse","layer":"cinemas","note":"Picturehouse Cinemas","osm_id":"way/53669936","osm_url":"https://www.openstreetmap.org/way/53669936","source":"OpenStreetMap","brand":"Picturehouse Cinemas"}},{"type":"Feature","geometry":{"type":"Point","coordinates":[0.0151334,51.3998168]},"properties":{"name":"Vue Cinema","layer":"cinemas","note":"Vue","osm_id":"way/540185905","osm_url":"https://www.openstreetmap.org/way/540185905","source":"OpenStreetMap","brand":"Vue"}},{"type":"Feature","geometry":{"type":"Point","coordinates":[0.2511889,52.4105152]},"properties":{"name":"Cineworld","layer":"cinemas","note":"Cineworld","osm_id":"way/546479763","osm_url":"https://www.openstreetmap.org/way/546479763","source":"OpenStreetMap","brand":"Cineworld"}},{"type":"Feature","geometry":{"type":"Point","coordinates":[-0.7773383,51.5720142]},"properties":{"name":"Everyman","layer":"cinemas","note":"Everyman Cinemas","osm_id":"way/548638665","osm_url":"https://www.openstreetmap.org/way/548638665","source":"OpenStreetMap","brand":"Everyman Cinemas"}},{"type":"Feature","geometry":{"type":"Point","coordinates":[-4.7331751,56.0052418]},"properties":{"name":"The Tower Digital Arts Centre (formerly St Columba Church)","layer":"cinemas","note":"OpenStreetMap","osm_id":"way/549993059","osm_url":"https://www.openstreetmap.org/way/549993059","source":"OpenStreetMap"}},{"type":"Feature","geometry":{"type":"Point","coordinates":[-2.8893259,53.2650241]},"properties":{"name":"Vue","layer":"cinemas","note":"Vue","osm_id":"way/55445823","osm_url":"https://www.openstreetmap.org/way/55445823","source":"OpenStreetMap","brand":"Vue"}},{"type":"Feature","geometry":{"type":"Point","coordinates":[0.4747508,51.3795076]},"properties":{"name":"Cineworld Rochester","layer":"cinemas","note":"Cineworld","osm_id":"way/55463985","osm_url":"https://www.openstreetmap.org/way/55463985","source":"OpenStreetMap","brand":"Cineworld"}},{"type":"Feature","geometry":{"type":"Point","coordinates":[-2.7284816,53.7594262]},"properties":{"name":"Odeon Preston","layer":"cinemas","note":"Odeon","osm_id":"way/56017834","osm_url":"https://www.openstreetmap.org/way/56017834","source":"OpenStreetMap","brand":"Odeon"}},{"type":"Feature","geometry":{"type":"Point","coordinates":[-1.990183,52.5860742]},"properties":{"name":"The Light","layer":"cinemas","note":"The Light","osm_id":"way/562425592","osm_url":"https://www.openstreetmap.org/way/562425592","source":"OpenStreetMap","brand":"The Light"}},{"type":"Feature","geometry":{"type":"Point","coordinates":[-2.4224746,53.5977029]},"properties":{"name":"Cineworld","layer":"cinemas","note":"Cineworld","osm_id":"way/56248946","osm_url":"https://www.openstreetmap.org/way/56248946","source":"OpenStreetMap","brand":"Cineworld"}},{"type":"Feature","geometry":{"type":"Point","coordinates":[-6.6732007,54.8440567]},"properties":{"name":"Movie House","layer":"cinemas","note":"OpenStreetMap","osm_id":"way/563516395","osm_url":"https://www.openstreetmap.org/way/563516395","source":"OpenStreetMap"}},{"type":"Feature","geometry":{"type":"Point","coordinates":[-0.8979564,51.4378064]},"properties":{"name":"Showcase Cinemas","layer":"cinemas","note":"Showcase Cinemas","osm_id":"way/56419133","osm_url":"https://www.openstreetmap.org/way/56419133","source":"OpenStreetMap","brand":"Showcase Cinemas"}},{"type":"Feature","geometry":{"type":"Point","coordinates":[-5.2297436,50.2332121]},"properties":{"name":"Regal Cinema","layer":"cinemas","note":"OpenStreetMap","osm_id":"way/564812302","osm_url":"https://www.openstreetmap.org/way/564812302","source":"OpenStreetMap"}},{"type":"Feature","geometry":{"type":"Point","coordinates":[1.1274195,51.3703154]},"properties":{"name":"Kavanagh Cinema","layer":"cinemas","note":"OpenStreetMap","osm_id":"way/566836338","osm_url":"https://www.openstreetmap.org/way/566836338","source":"OpenStreetMap"}},{"type":"Feature","geometry":{"type":"Point","coordinates":[-2.800689,54.0492655]},"properties":{"name":"Vue","layer":"cinemas","note":"Vue","osm_id":"way/572179555","osm_url":"https://www.openstreetmap.org/way/572179555","source":"OpenStreetMap","brand":"Vue"}},{"type":"Feature","geometry":{"type":"Point","coordinates":[-2.1141249,52.4796428]},"properties":{"name":"Odeon","layer":"cinemas","note":"Odeon","osm_id":"way/572349679","osm_url":"https://www.openstreetmap.org/way/572349679","source":"OpenStreetMap","brand":"Odeon"}},{"type":"Feature","geometry":{"type":"Point","coordinates":[-2.974786,53.1671623]},"properties":{"name":"Cineworld","layer":"cinemas","note":"Cineworld","osm_id":"way/574698798","osm_url":"https://www.openstreetmap.org/way/574698798","source":"OpenStreetMap","brand":"Cineworld"}},{"type":"Feature","geometry":{"type":"Point","coordinates":[-0.5790187,51.2380919]},"properties":{"name":"Odeon Guildford","layer":"cinemas","note":"Odeon","osm_id":"way/57741355","osm_url":"https://www.openstreetmap.org/way/57741355","source":"OpenStreetMap","brand":"Odeon"}},{"type":"Feature","geometry":{"type":"Point","coordinates":[-3.5362818,58.5863002]},"properties":{"name":"Merlin Cinema, Bar & Kitchen","layer":"cinemas","note":"OpenStreetMap","osm_id":"way/579812233","osm_url":"https://www.openstreetmap.org/way/579812233","source":"OpenStreetMap"}},{"type":"Feature","geometry":{"type":"Point","coordinates":[-4.2612721,55.8657221]},"properties":{"name":"Glasgow Film Theatre","layer":"cinemas","note":"OpenStreetMap","osm_id":"way/58654476","osm_url":"https://www.openstreetmap.org/way/58654476","source":"OpenStreetMap"}},{"type":"Feature","geometry":{"type":"Point","coordinates":[-4.4734793,54.162341]},"properties":{"name":"Palace Cinema","layer":"cinemas","note":"OpenStreetMap","osm_id":"way/59284221","osm_url":"https://www.openstreetmap.org/way/59284221","source":"OpenStreetMap"}},{"type":"Feature","geometry":{"type":"Point","coordinates":[-0.2406397,51.4752698]},"properties":{"name":"Olympic Studios","layer":"cinemas","note":"OpenStreetMap","osm_id":"way/595814487","osm_url":"https://www.openstreetmap.org/way/595814487","source":"OpenStreetMap"}},{"type":"Feature","geometry":{"type":"Point","coordinates":[-0.0675484,51.4699124]},"properties":{"name":"Rooftop Film Club","layer":"cinemas","note":"OpenStreetMap","osm_id":"way/597454248","osm_url":"https://www.openstreetmap.org/way/597454248","source":"OpenStreetMap"}},{"type":"Feature","geometry":{"type":"Point","coordinates":[-3.8369417,51.2303762]},"properties":{"name":"Lynton Cinema","layer":"cinemas","note":"OpenStreetMap","osm_id":"way/598407723","osm_url":"https://www.openstreetmap.org/way/598407723","source":"OpenStreetMap"}},{"type":"Feature","geometry":{"type":"Point","coordinates":[-0.5154732,51.404179]},"properties":{"name":"Sunset Cinema","layer":"cinemas","note":"OpenStreetMap","osm_id":"way/60047958","osm_url":"https://www.openstreetmap.org/way/60047958","source":"OpenStreetMap"}},{"type":"Feature","geometry":{"type":"Point","coordinates":[-4.7191778,50.470563]},"properties":{"name":"Capitol Cinema","layer":"cinemas","note":"Merlin Cinemas","osm_id":"way/60070409","osm_url":"https://www.openstreetmap.org/way/60070409","source":"OpenStreetMap","brand":"Merlin Cinemas"}},{"type":"Feature","geometry":{"type":"Point","coordinates":[-3.8123779,51.592655]},"properties":{"name":"Apollo Cinema","layer":"cinemas","note":"OpenStreetMap","osm_id":"way/602194741","osm_url":"https://www.openstreetmap.org/way/602194741","source":"OpenStreetMap"}},{"type":"Feature","geometry":{"type":"Point","coordinates":[0.5723162,51.8674292]},"properties":{"name":"Cineworld","layer":"cinemas","note":"Cineworld","osm_id":"way/60468657","osm_url":"https://www.openstreetmap.org/way/60468657","source":"OpenStreetMap","brand":"Cineworld"}},{"type":"Feature","geometry":{"type":"Point","coordinates":[-1.1019647,53.9904588]},"properties":{"name":"Vue York","layer":"cinemas","note":"Vue","osm_id":"way/60610076","osm_url":"https://www.openstreetmap.org/way/60610076","source":"OpenStreetMap","brand":"Vue"}},{"type":"Feature","geometry":{"type":"Point","coordinates":[-1.5755954,53.758787]},"properties":{"name":"Cineworld","layer":"cinemas","note":"Cineworld","osm_id":"way/607737422","osm_url":"https://www.openstreetmap.org/way/607737422","source":"OpenStreetMap","brand":"Cineworld"}},{"type":"Feature","geometry":{"type":"Point","coordinates":[-1.9399419,52.0909648]},"properties":{"name":"Regal Cinema Evesham","layer":"cinemas","note":"OpenStreetMap","osm_id":"way/61462482","osm_url":"https://www.openstreetmap.org/way/61462482","source":"OpenStreetMap"}},{"type":"Feature","geometry":{"type":"Point","coordinates":[-6.3043379,53.4045915]},"properties":{"name":"Odeon Charlestown","layer":"cinemas","note":"Odeon","osm_id":"way/621579673","osm_url":"https://www.openstreetmap.org/way/621579673","source":"OpenStreetMap","brand":"Odeon"}},{"type":"Feature","geometry":{"type":"Point","coordinates":[-6.7616059,54.5123605]},"properties":{"name":"Omniplex Cinema Dungannon","layer":"cinemas","note":"Omniplex","osm_id":"way/622834923","osm_url":"https://www.openstreetmap.org/way/622834923","source":"OpenStreetMap","brand":"Omniplex"}},{"type":"Feature","geometry":{"type":"Point","coordinates":[1.3165219,51.1258997]},"properties":{"name":"Cineworld","layer":"cinemas","note":"Cineworld","osm_id":"way/624260896","osm_url":"https://www.openstreetmap.org/way/624260896","source":"OpenStreetMap","brand":"Cineworld"}},{"type":"Feature","geometry":{"type":"Point","coordinates":[-1.3902801,53.929948]},"properties":{"name":"Wetherby Film Theatre","layer":"cinemas","note":"OpenStreetMap","osm_id":"way/629912150","osm_url":"https://www.openstreetmap.org/way/629912150","source":"OpenStreetMap"}},{"type":"Feature","geometry":{"type":"Point","coordinates":[-7.7362931,54.944187]},"properties":{"name":"Century Cinema Letterkenny","layer":"cinemas","note":"OpenStreetMap","osm_id":"way/63861958","osm_url":"https://www.openstreetmap.org/way/63861958","source":"OpenStreetMap"}},{"type":"Feature","geometry":{"type":"Point","coordinates":[-3.7783407,50.2857243]},"properties":{"name":"Cinema","layer":"cinemas","note":"OpenStreetMap","osm_id":"way/654346888","osm_url":"https://www.openstreetmap.org/way/654346888","source":"OpenStreetMap"}},{"type":"Feature","geometry":{"type":"Point","coordinates":[-3.3183418,57.6488851]},"properties":{"name":"Moray Playhouse","layer":"cinemas","note":"OpenStreetMap","osm_id":"way/65602001","osm_url":"https://www.openstreetmap.org/way/65602001","source":"OpenStreetMap"}},{"type":"Feature","geometry":{"type":"Point","coordinates":[0.8690435,51.1467739]},"properties":{"name":"The Ashford Cinema","layer":"cinemas","note":"OpenStreetMap","osm_id":"way/656355270","osm_url":"https://www.openstreetmap.org/way/656355270","source":"OpenStreetMap"}},{"type":"Feature","geometry":{"type":"Point","coordinates":[-4.48227,54.9584062]},"properties":{"name":"The Cinema","layer":"cinemas","note":"OpenStreetMap","osm_id":"way/672918746","osm_url":"https://www.openstreetmap.org/way/672918746","source":"OpenStreetMap"}},{"type":"Feature","geometry":{"type":"Point","coordinates":[-4.1800394,57.4811994]},"properties":{"name":"Vue","layer":"cinemas","note":"Vue","osm_id":"way/67628755","osm_url":"https://www.openstreetmap.org/way/67628755","source":"OpenStreetMap","brand":"Vue"}},{"type":"Feature","geometry":{"type":"Point","coordinates":[0.1349168,51.5326613]},"properties":{"name":"Vue Dagenham","layer":"cinemas","note":"Vue","osm_id":"way/67706805","osm_url":"https://www.openstreetmap.org/way/67706805","source":"OpenStreetMap","brand":"Vue"}},{"type":"Feature","geometry":{"type":"Point","coordinates":[-2.0709563,52.5169095]},"properties":{"name":"Showcase Cinemas","layer":"cinemas","note":"Showcase Cinemas","osm_id":"way/681141040","osm_url":"https://www.openstreetmap.org/way/681141040","source":"OpenStreetMap","brand":"Showcase Cinemas"}},{"type":"Feature","geometry":{"type":"Point","coordinates":[-0.638884,52.9101874]},"properties":{"name":"Savoy Cinema","layer":"cinemas","note":"OpenStreetMap","osm_id":"way/691007595","osm_url":"https://www.openstreetmap.org/way/691007595","source":"OpenStreetMap"}},{"type":"Feature","geometry":{"type":"Point","coordinates":[-0.8715475,53.5644633]},"properties":{"name":"The Regal Cinema","layer":"cinemas","note":"OpenStreetMap","osm_id":"way/691691999","osm_url":"https://www.openstreetmap.org/way/691691999","source":"OpenStreetMap"}},{"type":"Feature","geometry":{"type":"Point","coordinates":[-5.7990086,54.6480088]},"properties":{"name":"Pentland's Picture House, Gilford","layer":"cinemas","note":"OpenStreetMap","osm_id":"way/692396472","osm_url":"https://www.openstreetmap.org/way/692396472","source":"OpenStreetMap"}},{"type":"Feature","geometry":{"type":"Point","coordinates":[-5.8127632,54.7124439]},"properties":{"name":"Omniplex","layer":"cinemas","note":"Omniplex Cinema Group","osm_id":"way/692646621","osm_url":"https://www.openstreetmap.org/way/692646621","source":"OpenStreetMap","brand":"Omniplex Cinema Group"}},{"type":"Feature","geometry":{"type":"Point","coordinates":[-0.4005847,51.5589033]},"properties":{"name":"Cineworld","layer":"cinemas","note":"Cineworld","osm_id":"way/708645222","osm_url":"https://www.openstreetmap.org/way/708645222","source":"OpenStreetMap","brand":"Cineworld"}},{"type":"Feature","geometry":{"type":"Point","coordinates":[-1.5532592,54.522728]},"properties":{"name":"Vue Cinema","layer":"cinemas","note":"Vue","osm_id":"way/70951862","osm_url":"https://www.openstreetmap.org/way/70951862","source":"OpenStreetMap","brand":"Vue"}},{"type":"Feature","geometry":{"type":"Point","coordinates":[-4.9265348,55.9510499]},"properties":{"name":"Studio Cinema Dunoon","layer":"cinemas","note":"OpenStreetMap","osm_id":"way/712281324","osm_url":"https://www.openstreetmap.org/way/712281324","source":"OpenStreetMap"}},{"type":"Feature","geometry":{"type":"Point","coordinates":[-0.1878968,51.6463493]},"properties":{"name":"Barnet Everyman Cinema","layer":"cinemas","note":"OpenStreetMap","osm_id":"way/71380122","osm_url":"https://www.openstreetmap.org/way/71380122","source":"OpenStreetMap"}},{"type":"Feature","geometry":{"type":"Point","coordinates":[-3.3920267,51.9474265]},"properties":{"name":"Brecon Coliseum","layer":"cinemas","note":"OpenStreetMap","osm_id":"way/727235461","osm_url":"https://www.openstreetmap.org/way/727235461","source":"OpenStreetMap"}},{"type":"Feature","geometry":{"type":"Point","coordinates":[-0.5436253,53.2289501]},"properties":{"name":"Odeon","layer":"cinemas","note":"Odeon","osm_id":"way/728202935","osm_url":"https://www.openstreetmap.org/way/728202935","source":"OpenStreetMap","brand":"Odeon"}},{"type":"Feature","geometry":{"type":"Point","coordinates":[-2.1764752,53.029224]},"properties":{"name":"Cineworld","layer":"cinemas","note":"Cineworld","osm_id":"way/732173138","osm_url":"https://www.openstreetmap.org/way/732173138","source":"OpenStreetMap","brand":"Cineworld"}},{"type":"Feature","geometry":{"type":"Point","coordinates":[-4.1366188,50.3708506]},"properties":{"name":"Cineworld","layer":"cinemas","note":"Cineworld","osm_id":"way/738948186","osm_url":"https://www.openstreetmap.org/way/738948186","source":"OpenStreetMap","brand":"Cineworld"}},{"type":"Feature","geometry":{"type":"Point","coordinates":[-4.1037115,51.5832825]},"properties":{"name":"La Charrelle","layer":"cinemas","note":"OpenStreetMap","osm_id":"way/749649195","osm_url":"https://www.openstreetmap.org/way/749649195","source":"OpenStreetMap"}},{"type":"Feature","geometry":{"type":"Point","coordinates":[-7.4771602,54.8341961]},"properties":{"name":"Lifford Cinema","layer":"cinemas","note":"OpenStreetMap","osm_id":"way/749678837","osm_url":"https://www.openstreetmap.org/way/749678837","source":"OpenStreetMap"}},{"type":"Feature","geometry":{"type":"Point","coordinates":[-3.7770876,56.0029165]},"properties":{"name":"Cineworld","layer":"cinemas","note":"Cineworld","osm_id":"way/75480702","osm_url":"https://www.openstreetmap.org/way/75480702","source":"OpenStreetMap","brand":"Cineworld"}},{"type":"Feature","geometry":{"type":"Point","coordinates":[-4.1326858,55.8732817]},"properties":{"name":"Vue","layer":"cinemas","note":"Vue","osm_id":"way/754956133","osm_url":"https://www.openstreetmap.org/way/754956133","source":"OpenStreetMap","brand":"Vue"}},{"type":"Feature","geometry":{"type":"Point","coordinates":[-1.9308825,52.4296626]},"properties":{"name":"4D Chocolate Adventure Cinema","layer":"cinemas","note":"OpenStreetMap","osm_id":"way/75525596","osm_url":"https://www.openstreetmap.org/way/75525596","source":"OpenStreetMap"}},{"type":"Feature","geometry":{"type":"Point","coordinates":[-7.1125448,52.2603132]},"properties":{"name":"Omniplex","layer":"cinemas","note":"Omniplex Cinemas","osm_id":"way/75780926","osm_url":"https://www.openstreetmap.org/way/75780926","source":"OpenStreetMap","brand":"Omniplex Cinemas"}},{"type":"Feature","geometry":{"type":"Point","coordinates":[-7.2482353,52.6569638]},"properties":{"name":"IMC Kilkenny Barrack Street","layer":"cinemas","note":"Irish Multiplex Cinemas","osm_id":"way/763371888","osm_url":"https://www.openstreetmap.org/way/763371888","source":"OpenStreetMap","brand":"Irish Multiplex Cinemas"}},{"type":"Feature","geometry":{"type":"Point","coordinates":[-8.5146404,54.0908495]},"properties":{"name":"The Art Deco Cinema","layer":"cinemas","note":"OpenStreetMap","osm_id":"way/765956794","osm_url":"https://www.openstreetmap.org/way/765956794","source":"OpenStreetMap"}},{"type":"Feature","geometry":{"type":"Point","coordinates":[-0.1479958,51.5064636]},"properties":{"name":"Curzon Mayfair","layer":"cinemas","note":"Curzon","osm_id":"way/77002327","osm_url":"https://www.openstreetmap.org/way/77002327","source":"OpenStreetMap","brand":"Curzon"}},{"type":"Feature","geometry":{"type":"Point","coordinates":[-8.3942574,51.8859227]},"properties":{"name":"Omniplex","layer":"cinemas","note":"Omniplex Cinemas","osm_id":"way/78220702","osm_url":"https://www.openstreetmap.org/way/78220702","source":"OpenStreetMap","brand":"Omniplex Cinemas"}},{"type":"Feature","geometry":{"type":"Point","coordinates":[-2.4222158,52.535652]},"properties":{"name":"Reel Cinema","layer":"cinemas","note":"REEL Cinemas","osm_id":"way/78224918","osm_url":"https://www.openstreetmap.org/way/78224918","source":"OpenStreetMap","brand":"REEL Cinemas"}},{"type":"Feature","geometry":{"type":"Point","coordinates":[-0.0679074,51.4708481]},"properties":{"name":"Peckhamplex","layer":"cinemas","note":"OpenStreetMap","osm_id":"way/78230879","osm_url":"https://www.openstreetmap.org/way/78230879","source":"OpenStreetMap"}},{"type":"Feature","geometry":{"type":"Point","coordinates":[-0.4054493,54.2901382]},"properties":{"name":"Hollywood Plaza","layer":"cinemas","note":"OpenStreetMap","osm_id":"way/797681953","osm_url":"https://www.openstreetmap.org/way/797681953","source":"OpenStreetMap"}},{"type":"Feature","geometry":{"type":"Point","coordinates":[-8.1729368,51.9127054]},"properties":{"name":"Cinema","layer":"cinemas","note":"OpenStreetMap","osm_id":"way/807887502","osm_url":"https://www.openstreetmap.org/way/807887502","source":"OpenStreetMap"}},{"type":"Feature","geometry":{"type":"Point","coordinates":[-0.22218,51.5077206]},"properties":{"name":"Vue","layer":"cinemas","note":"Vue","osm_id":"way/821235793","osm_url":"https://www.openstreetmap.org/way/821235793","source":"OpenStreetMap","brand":"Vue"}},{"type":"Feature","geometry":{"type":"Point","coordinates":[-1.8574999,52.8997334]},"properties":{"name":"CineBowl","layer":"cinemas","note":"OpenStreetMap","osm_id":"way/821964044","osm_url":"https://www.openstreetmap.org/way/821964044","source":"OpenStreetMap"}},{"type":"Feature","geometry":{"type":"Point","coordinates":[1.5774148,52.2055507]},"properties":{"name":"Leiston Film Theatre","layer":"cinemas","note":"OpenStreetMap","osm_id":"way/82690607","osm_url":"https://www.openstreetmap.org/way/82690607","source":"OpenStreetMap"}},{"type":"Feature","geometry":{"type":"Point","coordinates":[-7.7015595,52.3550117]},"properties":{"name":"IMC Clonmel","layer":"cinemas","note":"Irish Multiplex Cinemas","osm_id":"way/829821866","osm_url":"https://www.openstreetmap.org/way/829821866","source":"OpenStreetMap","brand":"Irish Multiplex Cinemas"}},{"type":"Feature","geometry":{"type":"Point","coordinates":[-1.2146107,52.9258619]},"properties":{"name":"Arc Cinema","layer":"cinemas","note":"OpenStreetMap","osm_id":"way/835061826","osm_url":"https://www.openstreetmap.org/way/835061826","source":"OpenStreetMap"}},{"type":"Feature","geometry":{"type":"Point","coordinates":[-4.036379,57.68367]},"properties":{"name":"Cromarty Cinema","layer":"cinemas","note":"Cromarty and Resolis Film Society","osm_id":"way/841448226","osm_url":"https://www.openstreetmap.org/way/841448226","source":"OpenStreetMap","brand":"Cromarty and Resolis Film Society"}},{"type":"Feature","geometry":{"type":"Point","coordinates":[-2.867732,53.3755405]},"properties":{"name":"Woolton Cinema","layer":"cinemas","note":"OpenStreetMap","osm_id":"way/844287445","osm_url":"https://www.openstreetmap.org/way/844287445","source":"OpenStreetMap"}},{"type":"Feature","geometry":{"type":"Point","coordinates":[-4.5415813,50.762917]},"properties":{"name":"Rebel Cinema","layer":"cinemas","note":"OpenStreetMap","osm_id":"way/844587291","osm_url":"https://www.openstreetmap.org/way/844587291","source":"OpenStreetMap"}},{"type":"Feature","geometry":{"type":"Point","coordinates":[-2.9640252,54.4319299]},"properties":{"name":"Zeffirellis","layer":"cinemas","note":"OpenStreetMap","osm_id":"way/846685465","osm_url":"https://www.openstreetmap.org/way/846685465","source":"OpenStreetMap"}},{"type":"Feature","geometry":{"type":"Point","coordinates":[-3.0207421,51.823443]},"properties":{"name":"Baker Street Cinema","layer":"cinemas","note":"OpenStreetMap","osm_id":"way/846760786","osm_url":"https://www.openstreetmap.org/way/846760786","source":"OpenStreetMap"}},{"type":"Feature","geometry":{"type":"Point","coordinates":[-7.8454166,51.950839]},"properties":{"name":"Regal Cinema & Wine Bar","layer":"cinemas","note":"OpenStreetMap","osm_id":"way/854052027","osm_url":"https://www.openstreetmap.org/way/854052027","source":"OpenStreetMap"}},{"type":"Feature","geometry":{"type":"Point","coordinates":[-1.1436646,52.954298]},"properties":{"name":"Broadway Cinema","layer":"cinemas","note":"OpenStreetMap","osm_id":"way/85473838","osm_url":"https://www.openstreetmap.org/way/85473838","source":"OpenStreetMap"}},{"type":"Feature","geometry":{"type":"Point","coordinates":[-1.07025,54.6205899]},"properties":{"name":"The Regent","layer":"cinemas","note":"OpenStreetMap","osm_id":"way/874698184","osm_url":"https://www.openstreetmap.org/way/874698184","source":"OpenStreetMap"}},{"type":"Feature","geometry":{"type":"Point","coordinates":[-6.6396261,53.2322408]},"properties":{"name":"Odeon","layer":"cinemas","note":"Odeon","osm_id":"way/87481095","osm_url":"https://www.openstreetmap.org/way/87481095","source":"OpenStreetMap","brand":"Odeon"}},{"type":"Feature","geometry":{"type":"Point","coordinates":[-8.4779893,54.272788]},"properties":{"name":"Omniplex Sligo","layer":"cinemas","note":"Omniplex Cinemas","osm_id":"way/87503436","osm_url":"https://www.openstreetmap.org/way/87503436","source":"OpenStreetMap","brand":"Omniplex Cinemas"}},{"type":"Feature","geometry":{"type":"Point","coordinates":[-8.5526393,52.6645204]},"properties":{"name":"Odeon","layer":"cinemas","note":"Odeon","osm_id":"way/87512538","osm_url":"https://www.openstreetmap.org/way/87512538","source":"OpenStreetMap","brand":"Odeon"}},{"type":"Feature","geometry":{"type":"Point","coordinates":[-7.301007,54.5966482]},"properties":{"name":"Omniplex","layer":"cinemas","note":"Omniplex Cinema Group","osm_id":"way/877638604","osm_url":"https://www.openstreetmap.org/way/877638604","source":"OpenStreetMap","brand":"Omniplex Cinema Group"}},{"type":"Feature","geometry":{"type":"Point","coordinates":[0.711187,51.5404868]},"properties":{"name":"Odeon","layer":"cinemas","note":"Odeon","osm_id":"way/88289742","osm_url":"https://www.openstreetmap.org/way/88289742","source":"OpenStreetMap","brand":"Odeon"}},{"type":"Feature","geometry":{"type":"Point","coordinates":[-4.0557182,57.8121408]},"properties":{"name":"Tain Picture House","layer":"cinemas","note":"OpenStreetMap","osm_id":"way/895571343","osm_url":"https://www.openstreetmap.org/way/895571343","source":"OpenStreetMap"}},{"type":"Feature","geometry":{"type":"Point","coordinates":[-2.1099279,53.489398]},"properties":{"name":"Cineworld Ashton","layer":"cinemas","note":"Cineworld","osm_id":"way/90087258","osm_url":"https://www.openstreetmap.org/way/90087258","source":"OpenStreetMap","brand":"Cineworld"}},{"type":"Feature","geometry":{"type":"Point","coordinates":[-3.6887057,50.4319231]},"properties":{"name":"Totnes Cinema","layer":"cinemas","note":"OpenStreetMap","osm_id":"way/901574860","osm_url":"https://www.openstreetmap.org/way/901574860","source":"OpenStreetMap"}},{"type":"Feature","geometry":{"type":"Point","coordinates":[0.4754424,51.7310437]},"properties":{"name":"Odeon","layer":"cinemas","note":"Odeon","osm_id":"way/90535631","osm_url":"https://www.openstreetmap.org/way/90535631","source":"OpenStreetMap","brand":"Odeon"}},{"type":"Feature","geometry":{"type":"Point","coordinates":[-0.1301234,50.9563334]},"properties":{"name":"Orion Cinema","layer":"cinemas","note":"OpenStreetMap","osm_id":"way/908853175","osm_url":"https://www.openstreetmap.org/way/908853175","source":"OpenStreetMap"}},{"type":"Feature","geometry":{"type":"Point","coordinates":[-0.3051862,51.4585145]},"properties":{"name":"Odeon","layer":"cinemas","note":"Odeon","osm_id":"way/91030820","osm_url":"https://www.openstreetmap.org/way/91030820","source":"OpenStreetMap","brand":"Odeon"}},{"type":"Feature","geometry":{"type":"Point","coordinates":[0.0229997,51.5944972]},"properties":{"name":"Odeon South Woodford","layer":"cinemas","note":"Odeon","osm_id":"way/91275364","osm_url":"https://www.openstreetmap.org/way/91275364","source":"OpenStreetMap","brand":"Odeon"}},{"type":"Feature","geometry":{"type":"Point","coordinates":[-0.6474887,51.4632489]},"properties":{"name":"Flight of the Sky Lion","layer":"cinemas","note":"OpenStreetMap","osm_id":"way/914244345","osm_url":"https://www.openstreetmap.org/way/914244345","source":"OpenStreetMap"}},{"type":"Feature","geometry":{"type":"Point","coordinates":[-0.368186,50.8102175]},"properties":{"name":"The Dome","layer":"cinemas","note":"OpenStreetMap","osm_id":"way/92033493","osm_url":"https://www.openstreetmap.org/way/92033493","source":"OpenStreetMap"}},{"type":"Feature","geometry":{"type":"Point","coordinates":[-0.9366343,52.2368158]},"properties":{"name":"Odeon","layer":"cinemas","note":"Odeon","osm_id":"way/93979995","osm_url":"https://www.openstreetmap.org/way/93979995","source":"OpenStreetMap","brand":"Odeon"}},{"type":"Feature","geometry":{"type":"Point","coordinates":[0.5315527,51.4009933]},"properties":{"name":"Odeon","layer":"cinemas","note":"Odeon","osm_id":"way/94641837","osm_url":"https://www.openstreetmap.org/way/94641837","source":"OpenStreetMap","brand":"Odeon"}},{"type":"Feature","geometry":{"type":"Point","coordinates":[-3.174158,51.7982117]},"properties":{"name":"Market Hall Cinema","layer":"cinemas","note":"OpenStreetMap","osm_id":"way/947720526","osm_url":"https://www.openstreetmap.org/way/947720526","source":"OpenStreetMap"}},{"type":"Feature","geometry":{"type":"Point","coordinates":[-0.0763148,51.4564721]},"properties":{"name":"East Dulwich Picturehouse","layer":"cinemas","note":"Picturehouse Cinemas","osm_id":"way/95223664","osm_url":"https://www.openstreetmap.org/way/95223664","source":"OpenStreetMap","brand":"Picturehouse Cinemas"}},{"type":"Feature","geometry":{"type":"Point","coordinates":[-0.9691342,51.4533398]},"properties":{"name":"Vue","layer":"cinemas","note":"Vue","osm_id":"way/95856048","osm_url":"https://www.openstreetmap.org/way/95856048","source":"OpenStreetMap","brand":"Vue"}},{"type":"Feature","geometry":{"type":"Point","coordinates":[1.7370683,52.6093383]},"properties":{"name":"Arc Cinema","layer":"cinemas","note":"Arc Cinemas","osm_id":"way/958803579","osm_url":"https://www.openstreetmap.org/way/958803579","source":"OpenStreetMap","brand":"Arc Cinemas"}},{"type":"Feature","geometry":{"type":"Point","coordinates":[-2.8742915,54.0707824]},"properties":{"name":"Reel Cinema","layer":"cinemas","note":"REEL Cinemas","osm_id":"way/96332986","osm_url":"https://www.openstreetmap.org/way/96332986","source":"OpenStreetMap","brand":"REEL Cinemas"}},{"type":"Feature","geometry":{"type":"Point","coordinates":[-9.4987531,52.0597253]},"properties":{"name":"Omniplex Killarney","layer":"cinemas","note":"Omniplex Cinemas","osm_id":"way/965959015","osm_url":"https://www.openstreetmap.org/way/965959015","source":"OpenStreetMap","brand":"Omniplex Cinemas"}},{"type":"Feature","geometry":{"type":"Point","coordinates":[-1.505879,53.6770631]},"properties":{"name":"Cineworld","layer":"cinemas","note":"Cineworld","osm_id":"way/97086022","osm_url":"https://www.openstreetmap.org/way/97086022","source":"OpenStreetMap","brand":"Cineworld"}},{"type":"Feature","geometry":{"type":"Point","coordinates":[-0.1213592,51.5162299]},"properties":{"name":"The Garden Cinema","layer":"cinemas","note":"OpenStreetMap","osm_id":"way/97237929","osm_url":"https://www.openstreetmap.org/way/97237929","source":"OpenStreetMap"}},{"type":"Feature","geometry":{"type":"Point","coordinates":[-1.8969126,52.478414]},"properties":{"name":"Odeon","layer":"cinemas","note":"Odeon","osm_id":"way/97240585","osm_url":"https://www.openstreetmap.org/way/97240585","source":"OpenStreetMap","brand":"Odeon"}},{"type":"Feature","geometry":{"type":"Point","coordinates":[-2.5909619,53.3885554]},"properties":{"name":"Cineworld","layer":"cinemas","note":"Cineworld","osm_id":"way/972919998","osm_url":"https://www.openstreetmap.org/way/972919998","source":"OpenStreetMap","brand":"Cineworld"}},{"type":"Feature","geometry":{"type":"Point","coordinates":[-0.2278258,51.4887921]},"properties":{"name":"Riverside Studios","layer":"cinemas","note":"OpenStreetMap","osm_id":"way/97398691","osm_url":"https://www.openstreetmap.org/way/97398691","source":"OpenStreetMap"}},{"type":"Feature","geometry":{"type":"Point","coordinates":[-2.2033481,49.7157177]},"properties":{"name":"Alderney Cinema","layer":"cinemas","note":"OpenStreetMap","osm_id":"way/978564773","osm_url":"https://www.openstreetmap.org/way/978564773","source":"OpenStreetMap"}},{"type":"Feature","geometry":{"type":"Point","coordinates":[-1.4300963,52.4353711]},"properties":{"name":"Showcase Cinemas","layer":"cinemas","note":"Showcase Cinemas","osm_id":"way/98828996","osm_url":"https://www.openstreetmap.org/way/98828996","source":"OpenStreetMap","brand":"Showcase Cinemas"}}]}
