{"type":"FeatureCollection","features":[{"type":"Feature","geometry":{"type":"Point","coordinates":[-2.0829091,51.899016]},"properties":{"name":"Cheltenham Court House","layer":"courthouses","note":"OpenStreetMap","osm_id":"node/10084935249","osm_url":"https://www.openstreetmap.org/node/10084935249","source":"OpenStreetMap"}},{"type":"Feature","geometry":{"type":"Point","coordinates":[0.7110242,52.248618]},"properties":{"name":"Bury St Edmunds County Court & Employment Tribunals","layer":"courthouses","note":"OpenStreetMap","osm_id":"node/10302857404","osm_url":"https://www.openstreetmap.org/node/10302857404","source":"OpenStreetMap"}},{"type":"Feature","geometry":{"type":"Point","coordinates":[0.0869061,51.5613881]},"properties":{"name":"Ilford County Court","layer":"courthouses","note":"OpenStreetMap","osm_id":"node/10604268036","osm_url":"https://www.openstreetmap.org/node/10604268036","source":"OpenStreetMap"}},{"type":"Feature","geometry":{"type":"Point","coordinates":[0.566624,50.8593129]},"properties":{"name":"Hastings Law Courts","layer":"courthouses","note":"OpenStreetMap","osm_id":"node/1110979220","osm_url":"https://www.openstreetmap.org/node/1110979220","source":"OpenStreetMap"}},{"type":"Feature","geometry":{"type":"Point","coordinates":[-2.107086,57.1456496]},"properties":{"name":"His Majesty's Courts and Tribunals Service","layer":"courthouses","note":"HM Courts and Tribunals Service","osm_id":"node/11382489732","osm_url":"https://www.openstreetmap.org/node/11382489732","source":"OpenStreetMap","brand":"HM Courts and Tribunals Service"}},{"type":"Feature","geometry":{"type":"Point","coordinates":[-2.8035118,54.0508155]},"properties":{"name":"Lancaster County Court and Family Court","layer":"courthouses","note":"OpenStreetMap","osm_id":"node/11395863664","osm_url":"https://www.openstreetmap.org/node/11395863664","source":"OpenStreetMap"}},{"type":"Feature","geometry":{"type":"Point","coordinates":[-3.0104866,53.9278872]},"properties":{"name":"Fleetwood Magistrates Court","layer":"courthouses","note":"OpenStreetMap","osm_id":"node/11402617469","osm_url":"https://www.openstreetmap.org/node/11402617469","source":"OpenStreetMap"}},{"type":"Feature","geometry":{"type":"Point","coordinates":[-2.9894648,53.4094612]},"properties":{"name":"Liverpool Civil & Family Court","layer":"courthouses","note":"OpenStreetMap","osm_id":"node/11627475417","osm_url":"https://www.openstreetmap.org/node/11627475417","source":"OpenStreetMap"}},{"type":"Feature","geometry":{"type":"Point","coordinates":[-2.5998622,53.389655]},"properties":{"name":"Cheshire Coroner’s Court at West Annexe","layer":"courthouses","note":"Cheshire Coroner's Service","osm_id":"node/11686394990","osm_url":"https://www.openstreetmap.org/node/11686394990","source":"OpenStreetMap","brand":"Cheshire Coroner's Service"}},{"type":"Feature","geometry":{"type":"Point","coordinates":[-2.5904021,53.3828489]},"properties":{"name":"Cheshire Coroner’s Court at St James","layer":"courthouses","note":"Cheshire Coroner's Service","osm_id":"node/11686394991","osm_url":"https://www.openstreetmap.org/node/11686394991","source":"OpenStreetMap","brand":"Cheshire Coroner's Service"}},{"type":"Feature","geometry":{"type":"Point","coordinates":[-6.5424853,53.8616399]},"properties":{"name":"Ardee Courthouse","layer":"courthouses","note":"OpenStreetMap","osm_id":"node/12025669554","osm_url":"https://www.openstreetmap.org/node/12025669554","source":"OpenStreetMap"}},{"type":"Feature","geometry":{"type":"Point","coordinates":[1.3818586,51.3876024]},"properties":{"name":"Margate Magistrates' Court","layer":"courthouses","note":"OpenStreetMap","osm_id":"node/12041969293","osm_url":"https://www.openstreetmap.org/node/12041969293","source":"OpenStreetMap"}},{"type":"Feature","geometry":{"type":"Point","coordinates":[-0.0194427,51.5279805]},"properties":{"name":"Bow Coroner's Court","layer":"courthouses","note":"OpenStreetMap","osm_id":"node/12108435958","osm_url":"https://www.openstreetmap.org/node/12108435958","source":"OpenStreetMap"}},{"type":"Feature","geometry":{"type":"Point","coordinates":[-2.9706352,56.4575279]},"properties":{"name":"Dundee Tribunal Hearing Centre","layer":"courthouses","note":"HM Courts and Tribunals Service","osm_id":"node/12351298170","osm_url":"https://www.openstreetmap.org/node/12351298170","source":"OpenStreetMap","brand":"HM Courts and Tribunals Service"}},{"type":"Feature","geometry":{"type":"Point","coordinates":[-1.7113754,53.8010785]},"properties":{"name":"Bradford Tribunal Hearing Centre","layer":"courthouses","note":"OpenStreetMap","osm_id":"node/12602234971","osm_url":"https://www.openstreetmap.org/node/12602234971","source":"OpenStreetMap"}},{"type":"Feature","geometry":{"type":"Point","coordinates":[-3.1660646,51.4821905]},"properties":{"name":"Cardiff Magistrates Youth Court","layer":"courthouses","note":"OpenStreetMap","osm_id":"node/12759036932","osm_url":"https://www.openstreetmap.org/node/12759036932","source":"OpenStreetMap"}},{"type":"Feature","geometry":{"type":"Point","coordinates":[-0.8947324,52.2420348]},"properties":{"name":"Magistrates Court","layer":"courthouses","note":"OpenStreetMap","osm_id":"node/1293002575","osm_url":"https://www.openstreetmap.org/node/1293002575","source":"OpenStreetMap"}},{"type":"Feature","geometry":{"type":"Point","coordinates":[-0.9207275,52.4805097]},"properties":{"name":"Market Harborough Magistrates' Court","layer":"courthouses","note":"OpenStreetMap","osm_id":"node/1300826093","osm_url":"https://www.openstreetmap.org/node/1300826093","source":"OpenStreetMap"}},{"type":"Feature","geometry":{"type":"Point","coordinates":[1.308136,52.6155176]},"properties":{"name":"Norfolk Coroner's Court","layer":"courthouses","note":"OpenStreetMap","osm_id":"node/13018838124","osm_url":"https://www.openstreetmap.org/node/13018838124","source":"OpenStreetMap"}},{"type":"Feature","geometry":{"type":"Point","coordinates":[-1.1343219,52.6322016]},"properties":{"name":"Leicester Magistrates' Court","layer":"courthouses","note":"OpenStreetMap","osm_id":"node/130231837","osm_url":"https://www.openstreetmap.org/node/130231837","source":"OpenStreetMap"}},{"type":"Feature","geometry":{"type":"Point","coordinates":[-7.4102978,52.3480873]},"properties":{"name":"Carrick On Suir Court","layer":"courthouses","note":"OpenStreetMap","osm_id":"node/13116678578","osm_url":"https://www.openstreetmap.org/node/13116678578","source":"OpenStreetMap"}},{"type":"Feature","geometry":{"type":"Point","coordinates":[-3.6129653,57.609966]},"properties":{"name":"The Tolbooth","layer":"courthouses","note":"OpenStreetMap","osm_id":"node/1334978350","osm_url":"https://www.openstreetmap.org/node/1334978350","source":"OpenStreetMap"}},{"type":"Feature","geometry":{"type":"Point","coordinates":[-4.6317966,55.4639834]},"properties":{"name":"Ayr District Court","layer":"courthouses","note":"OpenStreetMap","osm_id":"node/13444009713","osm_url":"https://www.openstreetmap.org/node/13444009713","source":"OpenStreetMap"}},{"type":"Feature","geometry":{"type":"Point","coordinates":[-6.363377,53.2878132]},"properties":{"name":"Tallaght Courthouse","layer":"courthouses","note":"OpenStreetMap","osm_id":"node/13575398170","osm_url":"https://www.openstreetmap.org/node/13575398170","source":"OpenStreetMap"}},{"type":"Feature","geometry":{"type":"Point","coordinates":[-2.7367227,53.4549579]},"properties":{"name":"St Helens County Court","layer":"courthouses","note":"OpenStreetMap","osm_id":"node/13676773165","osm_url":"https://www.openstreetmap.org/node/13676773165","source":"OpenStreetMap"}},{"type":"Feature","geometry":{"type":"Point","coordinates":[-1.9132229,53.2568625]},"properties":{"name":"Buxton Magistrates Family & County Combined Court Centre","layer":"courthouses","note":"OpenStreetMap","osm_id":"node/13815133388","osm_url":"https://www.openstreetmap.org/node/13815133388","source":"OpenStreetMap"}},{"type":"Feature","geometry":{"type":"Point","coordinates":[-7.2577602,55.2508622]},"properties":{"name":"Carndonagh Courthouse","layer":"courthouses","note":"OpenStreetMap","osm_id":"node/13825147626","osm_url":"https://www.openstreetmap.org/node/13825147626","source":"OpenStreetMap"}},{"type":"Feature","geometry":{"type":"Point","coordinates":[-9.159098,54.1121893]},"properties":{"name":"Ballina Courthouse","layer":"courthouses","note":"OpenStreetMap","osm_id":"node/1397738372","osm_url":"https://www.openstreetmap.org/node/1397738372","source":"OpenStreetMap"}},{"type":"Feature","geometry":{"type":"Point","coordinates":[-1.8954562,52.4817666]},"properties":{"name":"Birmingham County Court","layer":"courthouses","note":"HM Courts and Tribunals Service","osm_id":"node/13980806016","osm_url":"https://www.openstreetmap.org/node/13980806016","source":"OpenStreetMap","brand":"HM Courts and Tribunals Service"}},{"type":"Feature","geometry":{"type":"Point","coordinates":[-1.895393,52.4816436]},"properties":{"name":"Birmingham Circuit Commercial Court","layer":"courthouses","note":"HM Courts and Tribunals Service","osm_id":"node/13980806017","osm_url":"https://www.openstreetmap.org/node/13980806017","source":"OpenStreetMap","brand":"HM Courts and Tribunals Service"}},{"type":"Feature","geometry":{"type":"Point","coordinates":[-1.8951584,52.4818579]},"properties":{"name":"The Technology and Construction Court in Birmingham","layer":"courthouses","note":"HM Courts and Tribunals Service","osm_id":"node/13980806018","osm_url":"https://www.openstreetmap.org/node/13980806018","source":"OpenStreetMap","brand":"HM Courts and Tribunals Service"}},{"type":"Feature","geometry":{"type":"Point","coordinates":[-1.8956679,52.4816537]},"properties":{"name":"The Planning Court in Birmingham","layer":"courthouses","note":"HM Courts and Tribunals Service","osm_id":"node/13980806019","osm_url":"https://www.openstreetmap.org/node/13980806019","source":"OpenStreetMap","brand":"HM Courts and Tribunals Service"}},{"type":"Feature","geometry":{"type":"Point","coordinates":[-1.8955295,52.4816948]},"properties":{"name":"Birmingham Administrative Court","layer":"courthouses","note":"HM Courts and Tribunals Service","osm_id":"node/13980806020","osm_url":"https://www.openstreetmap.org/node/13980806020","source":"OpenStreetMap","brand":"HM Courts and Tribunals Service"}},{"type":"Feature","geometry":{"type":"Point","coordinates":[-1.8950327,52.4819242]},"properties":{"name":"Family Division of the High Court","layer":"courthouses","note":"HM Courts and Tribunals Service","osm_id":"node/13980806021","osm_url":"https://www.openstreetmap.org/node/13980806021","source":"OpenStreetMap","brand":"HM Courts and Tribunals Service"}},{"type":"Feature","geometry":{"type":"Point","coordinates":[-1.8951462,52.4817776]},"properties":{"name":"Court of Protection- Midlands Regional Hub","layer":"courthouses","note":"HM Courts and Tribunals Service","osm_id":"node/13980806022","osm_url":"https://www.openstreetmap.org/node/13980806022","source":"OpenStreetMap","brand":"HM Courts and Tribunals Service"}},{"type":"Feature","geometry":{"type":"Point","coordinates":[-1.895465,52.4815292]},"properties":{"name":"West Midlands Regional Financial Remedy Court","layer":"courthouses","note":"HM Courts and Tribunals Service","osm_id":"node/13980806023","osm_url":"https://www.openstreetmap.org/node/13980806023","source":"OpenStreetMap","brand":"HM Courts and Tribunals Service"}},{"type":"Feature","geometry":{"type":"Point","coordinates":[-1.8952952,52.4817748]},"properties":{"name":"Birmingham Immigration and Asylum Chamber (First Tier Tribunal) Court","layer":"courthouses","note":"HM Courts and Tribunals Service","osm_id":"node/13980806024","osm_url":"https://www.openstreetmap.org/node/13980806024","source":"OpenStreetMap","brand":"HM Courts and Tribunals Service"}},{"type":"Feature","geometry":{"type":"Point","coordinates":[-1.8923524,52.4828668]},"properties":{"name":"Birmingham Crown Court","layer":"courthouses","note":"HM Courts Service","osm_id":"node/13981795469","osm_url":"https://www.openstreetmap.org/node/13981795469","source":"OpenStreetMap","brand":"HM Courts Service"}},{"type":"Feature","geometry":{"type":"Point","coordinates":[-0.1075011,51.5272797]},"properties":{"name":"Taylor House Tribunal Hearing Centre","layer":"courthouses","note":"HM Courts and Tribunals Service","osm_id":"node/1588957557","osm_url":"https://www.openstreetmap.org/node/1588957557","source":"OpenStreetMap","brand":"HM Courts and Tribunals Service"}},{"type":"Feature","geometry":{"type":"Point","coordinates":[-3.6125138,50.5285573]},"properties":{"name":"Newton Abbot Magistrates Court","layer":"courthouses","note":"OpenStreetMap","osm_id":"node/1807961808","osm_url":"https://www.openstreetmap.org/node/1807961808","source":"OpenStreetMap"}},{"type":"Feature","geometry":{"type":"Point","coordinates":[-0.1625251,51.4646222]},"properties":{"name":"Lavender Hill Magistrates' Court","layer":"courthouses","note":"OpenStreetMap","osm_id":"node/1928536275","osm_url":"https://www.openstreetmap.org/node/1928536275","source":"OpenStreetMap"}},{"type":"Feature","geometry":{"type":"Point","coordinates":[-0.6504954,53.5885723]},"properties":{"name":"Scunthorpe Court Centre","layer":"courthouses","note":"OpenStreetMap","osm_id":"node/1975162622","osm_url":"https://www.openstreetmap.org/node/1975162622","source":"OpenStreetMap"}},{"type":"Feature","geometry":{"type":"Point","coordinates":[-0.0660441,51.610696]},"properties":{"name":"Edmonton County Court","layer":"courthouses","note":"OpenStreetMap","osm_id":"node/2331737282","osm_url":"https://www.openstreetmap.org/node/2331737282","source":"OpenStreetMap"}},{"type":"Feature","geometry":{"type":"Point","coordinates":[0.1134091,51.7000191]},"properties":{"name":"Magistrate's Court","layer":"courthouses","note":"OpenStreetMap","osm_id":"node/2371879489","osm_url":"https://www.openstreetmap.org/node/2371879489","source":"OpenStreetMap"}},{"type":"Feature","geometry":{"type":"Point","coordinates":[-2.4391127,50.7153182]},"properties":{"name":"Old Crown Court and Cells","layer":"courthouses","note":"OpenStreetMap","osm_id":"node/2425177563","osm_url":"https://www.openstreetmap.org/node/2425177563","source":"OpenStreetMap"}},{"type":"Feature","geometry":{"type":"Point","coordinates":[-3.0165713,53.391368]},"properties":{"name":"Birkenhead County Court","layer":"courthouses","note":"OpenStreetMap","osm_id":"node/2438901827","osm_url":"https://www.openstreetmap.org/node/2438901827","source":"OpenStreetMap"}},{"type":"Feature","geometry":{"type":"Point","coordinates":[-3.190711,55.9489405]},"properties":{"name":"Court of Session","layer":"courthouses","note":"OpenStreetMap","osm_id":"node/2503495765","osm_url":"https://www.openstreetmap.org/node/2503495765","source":"OpenStreetMap"}},{"type":"Feature","geometry":{"type":"Point","coordinates":[-7.6982886,52.35293]},"properties":{"name":"Clonmel District Court","layer":"courthouses","note":"OpenStreetMap","osm_id":"node/256558111","osm_url":"https://www.openstreetmap.org/node/256558111","source":"OpenStreetMap"}},{"type":"Feature","geometry":{"type":"Point","coordinates":[-0.1954392,51.6004363]},"properties":{"name":"St Mary's Court","layer":"courthouses","note":"OpenStreetMap","osm_id":"node/26018491","osm_url":"https://www.openstreetmap.org/node/26018491","source":"OpenStreetMap"}},{"type":"Feature","geometry":{"type":"Point","coordinates":[-3.5159117,55.8874891]},"properties":{"name":"Livingston Sheriff Court","layer":"courthouses","note":"OpenStreetMap","osm_id":"node/2698557108","osm_url":"https://www.openstreetmap.org/node/2698557108","source":"OpenStreetMap"}},{"type":"Feature","geometry":{"type":"Point","coordinates":[-0.8084446,51.8110982]},"properties":{"name":"Aylesbury Crown Court","layer":"courthouses","note":"OpenStreetMap","osm_id":"node/27512068","osm_url":"https://www.openstreetmap.org/node/27512068","source":"OpenStreetMap"}},{"type":"Feature","geometry":{"type":"Point","coordinates":[-6.2734642,53.3464705]},"properties":{"name":"Four Courts Law Library","layer":"courthouses","note":"Courts Service of Ireland","osm_id":"node/2771028800","osm_url":"https://www.openstreetmap.org/node/2771028800","source":"OpenStreetMap","brand":"Courts Service of Ireland"}},{"type":"Feature","geometry":{"type":"Point","coordinates":[-0.9708335,51.4565193]},"properties":{"name":"Reading County Court","layer":"courthouses","note":"OpenStreetMap","osm_id":"node/2793679077","osm_url":"https://www.openstreetmap.org/node/2793679077","source":"OpenStreetMap"}},{"type":"Feature","geometry":{"type":"Point","coordinates":[-2.2490613,51.8660763]},"properties":{"name":"Gloucester Crown Court","layer":"courthouses","note":"OpenStreetMap","osm_id":"node/2844085286","osm_url":"https://www.openstreetmap.org/node/2844085286","source":"OpenStreetMap"}},{"type":"Feature","geometry":{"type":"Point","coordinates":[-3.937913,51.620252]},"properties":{"name":"Swansea Civil Justice Centre","layer":"courthouses","note":"OpenStreetMap","osm_id":"node/289642713","osm_url":"https://www.openstreetmap.org/node/289642713","source":"OpenStreetMap"}},{"type":"Feature","geometry":{"type":"Point","coordinates":[-1.9787366,52.5850976]},"properties":{"name":"Walsall County Court","layer":"courthouses","note":"OpenStreetMap","osm_id":"node/2946731047","osm_url":"https://www.openstreetmap.org/node/2946731047","source":"OpenStreetMap"}},{"type":"Feature","geometry":{"type":"Point","coordinates":[0.1224649,52.2044141]},"properties":{"name":"Cambridge Magistrates Courts","layer":"courthouses","note":"OpenStreetMap","osm_id":"node/301281533","osm_url":"https://www.openstreetmap.org/node/301281533","source":"OpenStreetMap"}},{"type":"Feature","geometry":{"type":"Point","coordinates":[-7.2104134,52.8047407]},"properties":{"name":"Castlecomer Courthouse","layer":"courthouses","note":"OpenStreetMap","osm_id":"node/306618508","osm_url":"https://www.openstreetmap.org/node/306618508","source":"OpenStreetMap"}},{"type":"Feature","geometry":{"type":"Point","coordinates":[0.5185161,51.2711943]},"properties":{"name":"Crown Court","layer":"courthouses","note":"OpenStreetMap","osm_id":"node/311157395","osm_url":"https://www.openstreetmap.org/node/311157395","source":"OpenStreetMap"}},{"type":"Feature","geometry":{"type":"Point","coordinates":[0.5185974,51.2710751]},"properties":{"name":"County Court","layer":"courthouses","note":"OpenStreetMap","osm_id":"node/311157400","osm_url":"https://www.openstreetmap.org/node/311157400","source":"OpenStreetMap"}},{"type":"Feature","geometry":{"type":"Point","coordinates":[-0.09182,51.5104016]},"properties":{"name":"City of London Coroners Court","layer":"courthouses","note":"OpenStreetMap","osm_id":"node/3130435824","osm_url":"https://www.openstreetmap.org/node/3130435824","source":"OpenStreetMap"}},{"type":"Feature","geometry":{"type":"Point","coordinates":[-1.7857111,53.643599]},"properties":{"name":"Kirklees (Huddersfield) Magistrates Court","layer":"courthouses","note":"OpenStreetMap","osm_id":"node/314446229","osm_url":"https://www.openstreetmap.org/node/314446229","source":"OpenStreetMap"}},{"type":"Feature","geometry":{"type":"Point","coordinates":[-2.6994438,53.6905427]},"properties":{"name":"Leyland Family Hearing Centre","layer":"courthouses","note":"OpenStreetMap","osm_id":"node/319289676","osm_url":"https://www.openstreetmap.org/node/319289676","source":"OpenStreetMap"}},{"type":"Feature","geometry":{"type":"Point","coordinates":[-4.6379186,55.46124]},"properties":{"name":"Ayr Sheriff Court and Justice of the Peace Court","layer":"courthouses","note":"OpenStreetMap","osm_id":"node/3637327188","osm_url":"https://www.openstreetmap.org/node/3637327188","source":"OpenStreetMap"}},{"type":"Feature","geometry":{"type":"Point","coordinates":[-2.3517238,51.3812142]},"properties":{"name":"Avon Probabation Service","layer":"courthouses","note":"OpenStreetMap","osm_id":"node/3771221994","osm_url":"https://www.openstreetmap.org/node/3771221994","source":"OpenStreetMap"}},{"type":"Feature","geometry":{"type":"Point","coordinates":[-7.0831872,53.8353377]},"properties":{"name":"Virginia Courthouse","layer":"courthouses","note":"OpenStreetMap","osm_id":"node/3995722522","osm_url":"https://www.openstreetmap.org/node/3995722522","source":"OpenStreetMap"}},{"type":"Feature","geometry":{"type":"Point","coordinates":[-6.2755189,53.3450656]},"properties":{"name":"Taxing Master","layer":"courthouses","note":"Courts Service of Ireland","osm_id":"node/4041740889","osm_url":"https://www.openstreetmap.org/node/4041740889","source":"OpenStreetMap","brand":"Courts Service of Ireland"}},{"type":"Feature","geometry":{"type":"Point","coordinates":[-2.6335797,50.9397659]},"properties":{"name":"Yeovil County Court","layer":"courthouses","note":"OpenStreetMap","osm_id":"node/4075772381","osm_url":"https://www.openstreetmap.org/node/4075772381","source":"OpenStreetMap"}},{"type":"Feature","geometry":{"type":"Point","coordinates":[-2.1167997,52.4857809]},"properties":{"name":"Dudley County Court","layer":"courthouses","note":"OpenStreetMap","osm_id":"node/410996441","osm_url":"https://www.openstreetmap.org/node/410996441","source":"OpenStreetMap"}},{"type":"Feature","geometry":{"type":"Point","coordinates":[0.1482927,51.4551405]},"properties":{"name":"Courthouse","layer":"courthouses","note":"OpenStreetMap","osm_id":"node/415380099","osm_url":"https://www.openstreetmap.org/node/415380099","source":"OpenStreetMap"}},{"type":"Feature","geometry":{"type":"Point","coordinates":[-0.114608,51.5182754]},"properties":{"name":"Principal Registry of the Family Division","layer":"courthouses","note":"OpenStreetMap","osm_id":"node/438170509","osm_url":"https://www.openstreetmap.org/node/438170509","source":"OpenStreetMap"}},{"type":"Feature","geometry":{"type":"Point","coordinates":[-0.7689991,51.2502932]},"properties":{"name":"Aldershot Magistrates Court","layer":"courthouses","note":"OpenStreetMap","osm_id":"node/4384357290","osm_url":"https://www.openstreetmap.org/node/4384357290","source":"OpenStreetMap"}},{"type":"Feature","geometry":{"type":"Point","coordinates":[-3.1798017,51.4781098]},"properties":{"name":"Cardiff Civil Justice Centre","layer":"courthouses","note":"OpenStreetMap","osm_id":"node/4505692389","osm_url":"https://www.openstreetmap.org/node/4505692389","source":"OpenStreetMap"}},{"type":"Feature","geometry":{"type":"Point","coordinates":[-2.7126864,52.056071]},"properties":{"name":"Hereford Crown Court","layer":"courthouses","note":"OpenStreetMap","osm_id":"node/4515060191","osm_url":"https://www.openstreetmap.org/node/4515060191","source":"OpenStreetMap"}},{"type":"Feature","geometry":{"type":"Point","coordinates":[-1.462885,54.9975733]},"properties":{"name":"North Shields County Court and Family Court","layer":"courthouses","note":"OpenStreetMap","osm_id":"node/4676371935","osm_url":"https://www.openstreetmap.org/node/4676371935","source":"OpenStreetMap"}},{"type":"Feature","geometry":{"type":"Point","coordinates":[-2.2830356,52.3393931]},"properties":{"name":"Coroners Court","layer":"courthouses","note":"OpenStreetMap","osm_id":"node/4880300144","osm_url":"https://www.openstreetmap.org/node/4880300144","source":"OpenStreetMap"}},{"type":"Feature","geometry":{"type":"Point","coordinates":[-0.182114,51.1171817]},"properties":{"name":"West Sussex Coroner Court","layer":"courthouses","note":"OpenStreetMap","osm_id":"node/5043385331","osm_url":"https://www.openstreetmap.org/node/5043385331","source":"OpenStreetMap"}},{"type":"Feature","geometry":{"type":"Point","coordinates":[-2.5533221,49.4357186]},"properties":{"name":"Child Youth and Community Tribunal","layer":"courthouses","note":"OpenStreetMap","osm_id":"node/5247765054","osm_url":"https://www.openstreetmap.org/node/5247765054","source":"OpenStreetMap"}},{"type":"Feature","geometry":{"type":"Point","coordinates":[-0.2020295,51.6529106]},"properties":{"name":"Barnet Coroners Court","layer":"courthouses","note":"OpenStreetMap","osm_id":"node/5656300533","osm_url":"https://www.openstreetmap.org/node/5656300533","source":"OpenStreetMap"}},{"type":"Feature","geometry":{"type":"Point","coordinates":[-8.5845532,53.899944]},"properties":{"name":"Ballaghaderreen Courthouse","layer":"courthouses","note":"OpenStreetMap","osm_id":"node/5825842382","osm_url":"https://www.openstreetmap.org/node/5825842382","source":"OpenStreetMap"}},{"type":"Feature","geometry":{"type":"Point","coordinates":[-7.6204116,52.090698]},"properties":{"name":"Courthouse","layer":"courthouses","note":"OpenStreetMap","osm_id":"node/593981618","osm_url":"https://www.openstreetmap.org/node/593981618","source":"OpenStreetMap"}},{"type":"Feature","geometry":{"type":"Point","coordinates":[-6.393929,53.3911988]},"properties":{"name":"Blachardstown Courthouse","layer":"courthouses","note":"Courts Service of Ireland","osm_id":"node/6323727873","osm_url":"https://www.openstreetmap.org/node/6323727873","source":"OpenStreetMap","brand":"Courts Service of Ireland"}},{"type":"Feature","geometry":{"type":"Point","coordinates":[-0.2652622,51.3328841]},"properties":{"name":"Council Chambers","layer":"courthouses","note":"OpenStreetMap","osm_id":"node/6338721196","osm_url":"https://www.openstreetmap.org/node/6338721196","source":"OpenStreetMap"}},{"type":"Feature","geometry":{"type":"Point","coordinates":[-2.0944996,57.1479531]},"properties":{"name":"Aberdeen Sheriff Court and Justice of the Peace Court","layer":"courthouses","note":"OpenStreetMap","osm_id":"node/6345973788","osm_url":"https://www.openstreetmap.org/node/6345973788","source":"OpenStreetMap"}},{"type":"Feature","geometry":{"type":"Point","coordinates":[-2.8421929,55.5490931]},"properties":{"name":"Selkirk Sheriff Court","layer":"courthouses","note":"OpenStreetMap","osm_id":"node/63759976","osm_url":"https://www.openstreetmap.org/node/63759976","source":"OpenStreetMap"}},{"type":"Feature","geometry":{"type":"Point","coordinates":[-8.471865,54.269835]},"properties":{"name":"Sligo Courthouse","layer":"courthouses","note":"OpenStreetMap","osm_id":"node/652987543","osm_url":"https://www.openstreetmap.org/node/652987543","source":"OpenStreetMap"}},{"type":"Feature","geometry":{"type":"Point","coordinates":[-0.576793,51.2390016]},"properties":{"name":"Guildford Magistrates' Court","layer":"courthouses","note":"OpenStreetMap","osm_id":"node/665299820","osm_url":"https://www.openstreetmap.org/node/665299820","source":"OpenStreetMap"}},{"type":"Feature","geometry":{"type":"Point","coordinates":[0.4719167,51.7308476]},"properties":{"name":"Chelmsford County and Family Proceedings Court","layer":"courthouses","note":"OpenStreetMap","osm_id":"node/671029978","osm_url":"https://www.openstreetmap.org/node/671029978","source":"OpenStreetMap"}},{"type":"Feature","geometry":{"type":"Point","coordinates":[-2.6811824,53.7945813]},"properties":{"name":"Coroners Court","layer":"courthouses","note":"OpenStreetMap","osm_id":"node/6766660739","osm_url":"https://www.openstreetmap.org/node/6766660739","source":"OpenStreetMap"}},{"type":"Feature","geometry":{"type":"Point","coordinates":[-2.4314001,53.5789514]},"properties":{"name":"H.M. Coroners Court","layer":"courthouses","note":"OpenStreetMap","osm_id":"node/6869586262","osm_url":"https://www.openstreetmap.org/node/6869586262","source":"OpenStreetMap"}},{"type":"Feature","geometry":{"type":"Point","coordinates":[-2.9924587,51.5909537]},"properties":{"name":"Newport County Court and Family Court","layer":"courthouses","note":"HM Courts and Tribunals Service","osm_id":"node/6981716645","osm_url":"https://www.openstreetmap.org/node/6981716645","source":"OpenStreetMap","brand":"HM Courts and Tribunals Service"}},{"type":"Feature","geometry":{"type":"Point","coordinates":[0.1857212,51.5817711]},"properties":{"name":"Courthouse","layer":"courthouses","note":"OpenStreetMap","osm_id":"node/7353743776","osm_url":"https://www.openstreetmap.org/node/7353743776","source":"OpenStreetMap"}},{"type":"Feature","geometry":{"type":"Point","coordinates":[0.1875976,51.5826042]},"properties":{"name":"Courthouse","layer":"courthouses","note":"OpenStreetMap","osm_id":"node/7353743784","osm_url":"https://www.openstreetmap.org/node/7353743784","source":"OpenStreetMap"}},{"type":"Feature","geometry":{"type":"Point","coordinates":[-1.4729148,52.9282441]},"properties":{"name":"Coroners Court","layer":"courthouses","note":"OpenStreetMap","osm_id":"node/7395402185","osm_url":"https://www.openstreetmap.org/node/7395402185","source":"OpenStreetMap"}},{"type":"Feature","geometry":{"type":"Point","coordinates":[-3.9382534,56.1214251]},"properties":{"name":"Stirling Sheriff Court","layer":"courthouses","note":"OpenStreetMap","osm_id":"node/765041936","osm_url":"https://www.openstreetmap.org/node/765041936","source":"OpenStreetMap"}},{"type":"Feature","geometry":{"type":"Point","coordinates":[-1.336157,54.7557189]},"properties":{"name":"Peterlee Magistrates' Court","layer":"courthouses","note":"OpenStreetMap","osm_id":"node/7892365176","osm_url":"https://www.openstreetmap.org/node/7892365176","source":"OpenStreetMap"}},{"type":"Feature","geometry":{"type":"Point","coordinates":[-3.3700873,52.2515723]},"properties":{"name":"Llandrindod Wells Magistrates' and Family Court","layer":"courthouses","note":"OpenStreetMap","osm_id":"node/8016273163","osm_url":"https://www.openstreetmap.org/node/8016273163","source":"OpenStreetMap"}},{"type":"Feature","geometry":{"type":"Point","coordinates":[-6.1084978,53.2015767]},"properties":{"name":"Bray Courthouse","layer":"courthouses","note":"OpenStreetMap","osm_id":"node/8082984496","osm_url":"https://www.openstreetmap.org/node/8082984496","source":"OpenStreetMap"}},{"type":"Feature","geometry":{"type":"Point","coordinates":[-0.0045793,51.5102443]},"properties":{"name":"East London Employment Tribunal","layer":"courthouses","note":"OpenStreetMap","osm_id":"node/8514645293","osm_url":"https://www.openstreetmap.org/node/8514645293","source":"OpenStreetMap"}},{"type":"Feature","geometry":{"type":"Point","coordinates":[-2.6336664,50.9396215]},"properties":{"name":"Yeovil Magistrates Court","layer":"courthouses","note":"OpenStreetMap","osm_id":"node/9160421736","osm_url":"https://www.openstreetmap.org/node/9160421736","source":"OpenStreetMap"}},{"type":"Feature","geometry":{"type":"Point","coordinates":[-4.2535734,55.8529168]},"properties":{"name":"Glasgow Sheriff Court and Justice of the Peace Court","layer":"courthouses","note":"OpenStreetMap","osm_id":"node/920234252","osm_url":"https://www.openstreetmap.org/node/920234252","source":"OpenStreetMap"}},{"type":"Feature","geometry":{"type":"Point","coordinates":[-3.6149061,55.0694783]},"properties":{"name":"Dumfries Sheriff Court","layer":"courthouses","note":"OpenStreetMap","osm_id":"node/9300723338","osm_url":"https://www.openstreetmap.org/node/9300723338","source":"OpenStreetMap"}},{"type":"Feature","geometry":{"type":"Point","coordinates":[-8.1107446,54.6546225]},"properties":{"name":"Donegal Courthouse","layer":"courthouses","note":"OpenStreetMap","osm_id":"node/9655877209","osm_url":"https://www.openstreetmap.org/node/9655877209","source":"OpenStreetMap"}},{"type":"Feature","geometry":{"type":"Point","coordinates":[-0.4975961,52.0315965]},"properties":{"name":"The Court House","layer":"courthouses","note":"OpenStreetMap","osm_id":"node/970901948","osm_url":"https://www.openstreetmap.org/node/970901948","source":"OpenStreetMap"}},{"type":"Feature","geometry":{"type":"Point","coordinates":[-0.2041195,51.9011411]},"properties":{"name":"Stevenage Magistrates' Court","layer":"courthouses","note":"OpenStreetMap","osm_id":"node/9913571532","osm_url":"https://www.openstreetmap.org/node/9913571532","source":"OpenStreetMap"}},{"type":"Feature","geometry":{"type":"Point","coordinates":[-1.2311764,54.5754509]},"properties":{"name":"Teesside Combined Court Centre","layer":"courthouses","note":"OpenStreetMap","osm_id":"relation/10263730","osm_url":"https://www.openstreetmap.org/relation/10263730","source":"OpenStreetMap"}},{"type":"Feature","geometry":{"type":"Point","coordinates":[-4.708454,50.4689323]},"properties":{"name":"Bodmin Magistrates Court","layer":"courthouses","note":"OpenStreetMap","osm_id":"relation/11569508","osm_url":"https://www.openstreetmap.org/relation/11569508","source":"OpenStreetMap"}},{"type":"Feature","geometry":{"type":"Point","coordinates":[-5.7188976,54.3288946]},"properties":{"name":"Court House","layer":"courthouses","note":"OpenStreetMap","osm_id":"relation/12463221","osm_url":"https://www.openstreetmap.org/relation/12463221","source":"OpenStreetMap"}},{"type":"Feature","geometry":{"type":"Point","coordinates":[-0.0969137,51.4982335]},"properties":{"name":"Inner London Crown Court","layer":"courthouses","note":"OpenStreetMap","osm_id":"relation/1322567","osm_url":"https://www.openstreetmap.org/relation/1322567","source":"OpenStreetMap"}},{"type":"Feature","geometry":{"type":"Point","coordinates":[-2.9357187,54.8973219]},"properties":{"name":"Carlisle Magistrates Courts","layer":"courthouses","note":"OpenStreetMap","osm_id":"relation/13803549","osm_url":"https://www.openstreetmap.org/relation/13803549","source":"OpenStreetMap"}},{"type":"Feature","geometry":{"type":"Point","coordinates":[-1.9372385,52.3061289]},"properties":{"name":"Redditch Magistrates Court","layer":"courthouses","note":"OpenStreetMap","osm_id":"relation/15657890","osm_url":"https://www.openstreetmap.org/relation/15657890","source":"OpenStreetMap"}},{"type":"Feature","geometry":{"type":"Point","coordinates":[-1.4687184,53.3857357]},"properties":{"name":"Sheffield Law Courts","layer":"courthouses","note":"OpenStreetMap","osm_id":"relation/16366808","osm_url":"https://www.openstreetmap.org/relation/16366808","source":"OpenStreetMap"}},{"type":"Feature","geometry":{"type":"Point","coordinates":[0.0813785,51.5874789]},"properties":{"name":"Barkingside Magistrates Court","layer":"courthouses","note":"OpenStreetMap","osm_id":"relation/16929033","osm_url":"https://www.openstreetmap.org/relation/16929033","source":"OpenStreetMap"}},{"type":"Feature","geometry":{"type":"Point","coordinates":[-4.2231251,57.4843891]},"properties":{"name":"Inverness Justice Centre","layer":"courthouses","note":"OpenStreetMap","osm_id":"relation/18038918","osm_url":"https://www.openstreetmap.org/relation/18038918","source":"OpenStreetMap"}},{"type":"Feature","geometry":{"type":"Point","coordinates":[-0.1017395,51.5154807]},"properties":{"name":"Central Criminal Court","layer":"courthouses","note":"OpenStreetMap","osm_id":"relation/19248252","osm_url":"https://www.openstreetmap.org/relation/19248252","source":"OpenStreetMap"}},{"type":"Feature","geometry":{"type":"Point","coordinates":[-0.3047361,51.4059027]},"properties":{"name":"Kingston-upon-Thames Crown Court","layer":"courthouses","note":"OpenStreetMap","osm_id":"relation/1945786","osm_url":"https://www.openstreetmap.org/relation/1945786","source":"OpenStreetMap"}},{"type":"Feature","geometry":{"type":"Point","coordinates":[-8.6191739,52.659204]},"properties":{"name":"Courthouse","layer":"courthouses","note":"OpenStreetMap","osm_id":"relation/19654771","osm_url":"https://www.openstreetmap.org/relation/19654771","source":"OpenStreetMap"}},{"type":"Feature","geometry":{"type":"Point","coordinates":[-2.1758498,53.0219782]},"properties":{"name":"Stoke-on-Trent Crown Court","layer":"courthouses","note":"OpenStreetMap","osm_id":"relation/1970528","osm_url":"https://www.openstreetmap.org/relation/1970528","source":"OpenStreetMap"}},{"type":"Feature","geometry":{"type":"Point","coordinates":[-0.1130412,51.5142221]},"properties":{"name":"Royal Courts of Justice","layer":"courthouses","note":"OpenStreetMap","osm_id":"relation/2335557","osm_url":"https://www.openstreetmap.org/relation/2335557","source":"OpenStreetMap"}},{"type":"Feature","geometry":{"type":"Point","coordinates":[-1.7491892,53.7927186]},"properties":{"name":"Bradford Crown Court","layer":"courthouses","note":"OpenStreetMap","osm_id":"relation/2703363","osm_url":"https://www.openstreetmap.org/relation/2703363","source":"OpenStreetMap"}},{"type":"Feature","geometry":{"type":"Point","coordinates":[-6.2734864,53.3461291]},"properties":{"name":"Four Courts","layer":"courthouses","note":"Courts of the Republic of Ireland","osm_id":"relation/4264774","osm_url":"https://www.openstreetmap.org/relation/4264774","source":"OpenStreetMap","brand":"Courts of the Republic of Ireland"}},{"type":"Feature","geometry":{"type":"Point","coordinates":[-2.1198533,52.8052622]},"properties":{"name":"Stafford Crown & County Court","layer":"courthouses","note":"OpenStreetMap","osm_id":"relation/5441693","osm_url":"https://www.openstreetmap.org/relation/5441693","source":"OpenStreetMap"}},{"type":"Feature","geometry":{"type":"Point","coordinates":[-2.4524913,52.6780266]},"properties":{"name":"Courthouse","layer":"courthouses","note":"OpenStreetMap","osm_id":"relation/6650663","osm_url":"https://www.openstreetmap.org/relation/6650663","source":"OpenStreetMap"}},{"type":"Feature","geometry":{"type":"Point","coordinates":[-2.4522302,52.6783236]},"properties":{"name":"Courthouse","layer":"courthouses","note":"OpenStreetMap","osm_id":"relation/6650664","osm_url":"https://www.openstreetmap.org/relation/6650664","source":"OpenStreetMap"}},{"type":"Feature","geometry":{"type":"Point","coordinates":[-2.108581,49.1868592]},"properties":{"name":"Magistrate's Court","layer":"courthouses","note":"OpenStreetMap","osm_id":"relation/7358557","osm_url":"https://www.openstreetmap.org/relation/7358557","source":"OpenStreetMap"}},{"type":"Feature","geometry":{"type":"Point","coordinates":[-6.4729366,52.3395139]},"properties":{"name":"Wexford Court House","layer":"courthouses","note":"Courts of the Republic of Ireland","osm_id":"relation/7447753","osm_url":"https://www.openstreetmap.org/relation/7447753","source":"OpenStreetMap","brand":"Courts of the Republic of Ireland"}},{"type":"Feature","geometry":{"type":"Point","coordinates":[-0.1055225,51.5469052]},"properties":{"name":"Highbury Corner Magistrates Court","layer":"courthouses","note":"OpenStreetMap","osm_id":"relation/78962","osm_url":"https://www.openstreetmap.org/relation/78962","source":"OpenStreetMap"}},{"type":"Feature","geometry":{"type":"Point","coordinates":[-2.1581128,53.4049998]},"properties":{"name":"Her Majesty's Coroners Court - Manchester South","layer":"courthouses","note":"Stockport Metropolitan Borough Council","osm_id":"way/1001195432","osm_url":"https://www.openstreetmap.org/way/1001195432","source":"OpenStreetMap","brand":"Stockport Metropolitan Borough Council"}},{"type":"Feature","geometry":{"type":"Point","coordinates":[1.1442032,52.053106]},"properties":{"name":"Crown Court","layer":"courthouses","note":"OpenStreetMap","osm_id":"way/10040810","osm_url":"https://www.openstreetmap.org/way/10040810","source":"OpenStreetMap"}},{"type":"Feature","geometry":{"type":"Point","coordinates":[-0.0909445,51.5014097]},"properties":{"name":"Coroner's Court","layer":"courthouses","note":"OpenStreetMap","osm_id":"way/100799914","osm_url":"https://www.openstreetmap.org/way/100799914","source":"OpenStreetMap"}},{"type":"Feature","geometry":{"type":"Point","coordinates":[-2.5218675,57.6631161]},"properties":{"name":"Banff Sheriff Court","layer":"courthouses","note":"OpenStreetMap","osm_id":"way/101497372","osm_url":"https://www.openstreetmap.org/way/101497372","source":"OpenStreetMap"}},{"type":"Feature","geometry":{"type":"Point","coordinates":[-2.252629,53.4808746]},"properties":{"name":"Manchester Civil Justice Centre","layer":"courthouses","note":"OpenStreetMap","osm_id":"way/102044719","osm_url":"https://www.openstreetmap.org/way/102044719","source":"OpenStreetMap"}},{"type":"Feature","geometry":{"type":"Point","coordinates":[-0.4286088,53.8404318]},"properties":{"name":"Beverley Magistrates Court","layer":"courthouses","note":"OpenStreetMap","osm_id":"way/1021499214","osm_url":"https://www.openstreetmap.org/way/1021499214","source":"OpenStreetMap"}},{"type":"Feature","geometry":{"type":"Point","coordinates":[-7.2536082,52.654259]},"properties":{"name":"Kilkenny Courthouse","layer":"courthouses","note":"OpenStreetMap","osm_id":"way/1023080598","osm_url":"https://www.openstreetmap.org/way/1023080598","source":"OpenStreetMap"}},{"type":"Feature","geometry":{"type":"Point","coordinates":[-2.2302659,53.013311]},"properties":{"name":"North Staffordshire Justice Centre","layer":"courthouses","note":"OpenStreetMap","osm_id":"way/104192824","osm_url":"https://www.openstreetmap.org/way/104192824","source":"OpenStreetMap"}},{"type":"Feature","geometry":{"type":"Point","coordinates":[1.3022691,52.6346635]},"properties":{"name":"Crown Court","layer":"courthouses","note":"OpenStreetMap","osm_id":"way/105365442","osm_url":"https://www.openstreetmap.org/way/105365442","source":"OpenStreetMap"}},{"type":"Feature","geometry":{"type":"Point","coordinates":[1.3011023,52.6340868]},"properties":{"name":"Magistrates' Court","layer":"courthouses","note":"OpenStreetMap","osm_id":"way/105365445","osm_url":"https://www.openstreetmap.org/way/105365445","source":"OpenStreetMap"}},{"type":"Feature","geometry":{"type":"Point","coordinates":[-5.0564355,50.2654709]},"properties":{"name":"Truro Combined Court","layer":"courthouses","note":"OpenStreetMap","osm_id":"way/1054024088","osm_url":"https://www.openstreetmap.org/way/1054024088","source":"OpenStreetMap"}},{"type":"Feature","geometry":{"type":"Point","coordinates":[-6.3563611,53.7147978]},"properties":{"name":"Drogheda Courthouse","layer":"courthouses","note":"Courts Service","osm_id":"way/1096077190","osm_url":"https://www.openstreetmap.org/way/1096077190","source":"OpenStreetMap","brand":"Courts Service"}},{"type":"Feature","geometry":{"type":"Point","coordinates":[-1.5942947,55.1324377]},"properties":{"name":"Mid and South East Northumberland Magistrates' Court","layer":"courthouses","note":"OpenStreetMap","osm_id":"way/1098473143","osm_url":"https://www.openstreetmap.org/way/1098473143","source":"OpenStreetMap"}},{"type":"Feature","geometry":{"type":"Point","coordinates":[-0.0775234,51.7962525]},"properties":{"name":"Shire Hall","layer":"courthouses","note":"OpenStreetMap","osm_id":"way/11008429","osm_url":"https://www.openstreetmap.org/way/11008429","source":"OpenStreetMap"}},{"type":"Feature","geometry":{"type":"Point","coordinates":[-2.8918214,53.1858682]},"properties":{"name":"Chester Crown Court","layer":"courthouses","note":"OpenStreetMap","osm_id":"way/110441421","osm_url":"https://www.openstreetmap.org/way/110441421","source":"OpenStreetMap"}},{"type":"Feature","geometry":{"type":"Point","coordinates":[-5.7018942,54.594273]},"properties":{"name":"Court House","layer":"courthouses","note":"OpenStreetMap","osm_id":"way/110532105","osm_url":"https://www.openstreetmap.org/way/110532105","source":"OpenStreetMap"}},{"type":"Feature","geometry":{"type":"Point","coordinates":[-7.9455581,53.4222491]},"properties":{"name":"Athlone Courthouse","layer":"courthouses","note":"OpenStreetMap","osm_id":"way/1105354703","osm_url":"https://www.openstreetmap.org/way/1105354703","source":"OpenStreetMap"}},{"type":"Feature","geometry":{"type":"Point","coordinates":[-2.0948366,57.1486267]},"properties":{"name":"Civil Justice Centre and Commercial Courts","layer":"courthouses","note":"Scottish Courts and Tribunals Service","osm_id":"way/1106927349","osm_url":"https://www.openstreetmap.org/way/1106927349","source":"OpenStreetMap","brand":"Scottish Courts and Tribunals Service"}},{"type":"Feature","geometry":{"type":"Point","coordinates":[-7.0794182,54.0747769]},"properties":{"name":"The Courthouse","layer":"courthouses","note":"Courts Service","osm_id":"way/1114890779","osm_url":"https://www.openstreetmap.org/way/1114890779","source":"OpenStreetMap","brand":"Courts Service"}},{"type":"Feature","geometry":{"type":"Point","coordinates":[0.0023592,53.3681303]},"properties":{"name":"Louth Magistrates Court","layer":"courthouses","note":"OpenStreetMap","osm_id":"way/111877596","osm_url":"https://www.openstreetmap.org/way/111877596","source":"OpenStreetMap"}},{"type":"Feature","geometry":{"type":"Point","coordinates":[-0.3231796,51.511245]},"properties":{"name":"Courthouse","layer":"courthouses","note":"OpenStreetMap","osm_id":"way/1121002536","osm_url":"https://www.openstreetmap.org/way/1121002536","source":"OpenStreetMap"}},{"type":"Feature","geometry":{"type":"Point","coordinates":[-4.0866054,52.4105588]},"properties":{"name":"Aberystwyth Justice Centre","layer":"courthouses","note":"OpenStreetMap","osm_id":"way/1124685941","osm_url":"https://www.openstreetmap.org/way/1124685941","source":"OpenStreetMap"}},{"type":"Feature","geometry":{"type":"Point","coordinates":[-8.1086704,53.7769845]},"properties":{"name":"Courthouse","layer":"courthouses","note":"OpenStreetMap","osm_id":"way/1128292269","osm_url":"https://www.openstreetmap.org/way/1128292269","source":"OpenStreetMap"}},{"type":"Feature","geometry":{"type":"Point","coordinates":[-8.1934257,53.6292123]},"properties":{"name":"Roscommon Courthouse","layer":"courthouses","note":"Courts Service of Ireland","osm_id":"way/1128327130","osm_url":"https://www.openstreetmap.org/way/1128327130","source":"OpenStreetMap","brand":"Courts Service of Ireland"}},{"type":"Feature","geometry":{"type":"Point","coordinates":[-8.0520236,53.5451268]},"properties":{"name":"Courthouse","layer":"courthouses","note":"OpenStreetMap","osm_id":"way/1131779522","osm_url":"https://www.openstreetmap.org/way/1131779522","source":"OpenStreetMap"}},{"type":"Feature","geometry":{"type":"Point","coordinates":[-2.9595547,58.9803984]},"properties":{"name":"Sheriff Court","layer":"courthouses","note":"OpenStreetMap","osm_id":"way/114120171","osm_url":"https://www.openstreetmap.org/way/114120171","source":"OpenStreetMap"}},{"type":"Feature","geometry":{"type":"Point","coordinates":[-2.2348707,53.4786226]},"properties":{"name":"Manchester Crown Court","layer":"courthouses","note":"OpenStreetMap","osm_id":"way/114478517","osm_url":"https://www.openstreetmap.org/way/114478517","source":"OpenStreetMap"}},{"type":"Feature","geometry":{"type":"Point","coordinates":[-0.0816404,53.5656223]},"properties":{"name":"Crown and County Court","layer":"courthouses","note":"OpenStreetMap","osm_id":"way/114795728","osm_url":"https://www.openstreetmap.org/way/114795728","source":"OpenStreetMap"}},{"type":"Feature","geometry":{"type":"Point","coordinates":[-0.0800078,53.568651]},"properties":{"name":"Grimsby Magistrates Court","layer":"courthouses","note":"OpenStreetMap","osm_id":"way/114815760","osm_url":"https://www.openstreetmap.org/way/114815760","source":"OpenStreetMap"}},{"type":"Feature","geometry":{"type":"Point","coordinates":[-1.5584784,54.5236974]},"properties":{"name":"Darlington County Court and Family Court","layer":"courthouses","note":"OpenStreetMap","osm_id":"way/1159218762","osm_url":"https://www.openstreetmap.org/way/1159218762","source":"OpenStreetMap"}},{"type":"Feature","geometry":{"type":"Point","coordinates":[-0.1099058,51.4882808]},"properties":{"name":"Lambeth County Court","layer":"courthouses","note":"OpenStreetMap","osm_id":"way/1162574573","osm_url":"https://www.openstreetmap.org/way/1162574573","source":"OpenStreetMap"}},{"type":"Feature","geometry":{"type":"Point","coordinates":[-4.4269163,55.8486715]},"properties":{"name":"Paisley Sheriff Court","layer":"courthouses","note":"OpenStreetMap","osm_id":"way/116508572","osm_url":"https://www.openstreetmap.org/way/116508572","source":"OpenStreetMap"}},{"type":"Feature","geometry":{"type":"Point","coordinates":[-1.7811888,57.506723]},"properties":{"name":"Courthouse","layer":"courthouses","note":"OpenStreetMap","osm_id":"way/117809656","osm_url":"https://www.openstreetmap.org/way/117809656","source":"OpenStreetMap"}},{"type":"Feature","geometry":{"type":"Point","coordinates":[-9.26297,51.5531674]},"properties":{"name":"Courthouse","layer":"courthouses","note":"OpenStreetMap","osm_id":"way/1185813556","osm_url":"https://www.openstreetmap.org/way/1185813556","source":"OpenStreetMap"}},{"type":"Feature","geometry":{"type":"Point","coordinates":[-3.1078434,51.0128997]},"properties":{"name":"Somerset Crown & County Courts - Shire Hall","layer":"courthouses","note":"OpenStreetMap","osm_id":"way/119958977","osm_url":"https://www.openstreetmap.org/way/119958977","source":"OpenStreetMap"}},{"type":"Feature","geometry":{"type":"Point","coordinates":[-1.4031099,50.9137802]},"properties":{"name":"Southampton Crown Court","layer":"courthouses","note":"OpenStreetMap","osm_id":"way/119996277","osm_url":"https://www.openstreetmap.org/way/119996277","source":"OpenStreetMap"}},{"type":"Feature","geometry":{"type":"Point","coordinates":[-1.4033593,50.9143047]},"properties":{"name":"Southampton Magistrates' Court","layer":"courthouses","note":"OpenStreetMap","osm_id":"way/119996278","osm_url":"https://www.openstreetmap.org/way/119996278","source":"OpenStreetMap"}},{"type":"Feature","geometry":{"type":"Point","coordinates":[-6.7909201,53.5553501]},"properties":{"name":"Trim Courthouse","layer":"courthouses","note":"OpenStreetMap","osm_id":"way/1203921030","osm_url":"https://www.openstreetmap.org/way/1203921030","source":"OpenStreetMap"}},{"type":"Feature","geometry":{"type":"Point","coordinates":[-1.4676736,53.3855796]},"properties":{"name":"Sheffield Combined Court & Family Hearing Court","layer":"courthouses","note":"OpenStreetMap","osm_id":"way/1210172741","osm_url":"https://www.openstreetmap.org/way/1210172741","source":"OpenStreetMap"}},{"type":"Feature","geometry":{"type":"Point","coordinates":[-3.0212623,51.6513329]},"properties":{"name":"Magistrates Court","layer":"courthouses","note":"OpenStreetMap","osm_id":"way/121111523","osm_url":"https://www.openstreetmap.org/way/121111523","source":"OpenStreetMap"}},{"type":"Feature","geometry":{"type":"Point","coordinates":[-1.4651059,53.385185]},"properties":{"name":"Sheffield Magistrates' Court","layer":"courthouses","note":"OpenStreetMap","osm_id":"way/1213735844","osm_url":"https://www.openstreetmap.org/way/1213735844","source":"OpenStreetMap"}},{"type":"Feature","geometry":{"type":"Point","coordinates":[-4.2473512,55.8539799]},"properties":{"name":"High Court of Justiciary","layer":"courthouses","note":"OpenStreetMap","osm_id":"way/121762288","osm_url":"https://www.openstreetmap.org/way/121762288","source":"OpenStreetMap"}},{"type":"Feature","geometry":{"type":"Point","coordinates":[-7.6362961,54.3437505]},"properties":{"name":"Court House","layer":"courthouses","note":"OpenStreetMap","osm_id":"way/122081344","osm_url":"https://www.openstreetmap.org/way/122081344","source":"OpenStreetMap"}},{"type":"Feature","geometry":{"type":"Point","coordinates":[-3.1096634,51.0142309]},"properties":{"name":"Taunton Magistrates Court","layer":"courthouses","note":"OpenStreetMap","osm_id":"way/122226562","osm_url":"https://www.openstreetmap.org/way/122226562","source":"OpenStreetMap"}},{"type":"Feature","geometry":{"type":"Point","coordinates":[-1.5334562,52.2883037]},"properties":{"name":"Warwickshire Justice Centre","layer":"courthouses","note":"OpenStreetMap","osm_id":"way/122396415","osm_url":"https://www.openstreetmap.org/way/122396415","source":"OpenStreetMap"}},{"type":"Feature","geometry":{"type":"Point","coordinates":[-5.8173477,54.8532926]},"properties":{"name":"Courthouse","layer":"courthouses","note":"OpenStreetMap","osm_id":"way/1236965109","osm_url":"https://www.openstreetmap.org/way/1236965109","source":"OpenStreetMap"}},{"type":"Feature","geometry":{"type":"Point","coordinates":[-2.5950749,51.4548938]},"properties":{"name":"Bristol Crown Court","layer":"courthouses","note":"OpenStreetMap","osm_id":"way/123971634","osm_url":"https://www.openstreetmap.org/way/123971634","source":"OpenStreetMap"}},{"type":"Feature","geometry":{"type":"Point","coordinates":[-8.9638216,51.9064911]},"properties":{"name":"Macroom Courthouse","layer":"courthouses","note":"Courts Service","osm_id":"way/1244089248","osm_url":"https://www.openstreetmap.org/way/1244089248","source":"OpenStreetMap","brand":"Courts Service"}},{"type":"Feature","geometry":{"type":"Point","coordinates":[-1.8163829,50.7479542]},"properties":{"name":"Bournemouth Combined Court Centre","layer":"courthouses","note":"OpenStreetMap","osm_id":"way/124488818","osm_url":"https://www.openstreetmap.org/way/124488818","source":"OpenStreetMap"}},{"type":"Feature","geometry":{"type":"Point","coordinates":[-6.2717652,54.3499219]},"properties":{"name":"Banbridge Courthouse","layer":"courthouses","note":"Northern Ireland Courts and Tribunals Service","osm_id":"way/1259690559","osm_url":"https://www.openstreetmap.org/way/1259690559","source":"OpenStreetMap","brand":"Northern Ireland Courts and Tribunals Service"}},{"type":"Feature","geometry":{"type":"Point","coordinates":[-0.1715028,51.5546522]},"properties":{"name":"Hampstead Magistrates' Court","layer":"courthouses","note":"OpenStreetMap","osm_id":"way/126219072","osm_url":"https://www.openstreetmap.org/way/126219072","source":"OpenStreetMap"}},{"type":"Feature","geometry":{"type":"Point","coordinates":[-2.9053981,51.360811]},"properties":{"name":"North Somerset Courthouse","layer":"courthouses","note":"OpenStreetMap","osm_id":"way/126870543","osm_url":"https://www.openstreetmap.org/way/126870543","source":"OpenStreetMap"}},{"type":"Feature","geometry":{"type":"Point","coordinates":[-1.4733179,52.9223858]},"properties":{"name":"Derby Combined Court Centre","layer":"courthouses","note":"OpenStreetMap","osm_id":"way/127121602","osm_url":"https://www.openstreetmap.org/way/127121602","source":"OpenStreetMap"}},{"type":"Feature","geometry":{"type":"Point","coordinates":[-1.9890135,52.9868502]},"properties":{"name":"Magistrates Court","layer":"courthouses","note":"OpenStreetMap","osm_id":"way/127169294","osm_url":"https://www.openstreetmap.org/way/127169294","source":"OpenStreetMap"}},{"type":"Feature","geometry":{"type":"Point","coordinates":[-6.1332681,53.2901441]},"properties":{"name":"Dún Laoghaire District Court","layer":"courthouses","note":"OpenStreetMap","osm_id":"way/129207211","osm_url":"https://www.openstreetmap.org/way/129207211","source":"OpenStreetMap"}},{"type":"Feature","geometry":{"type":"Point","coordinates":[-6.2762984,53.3481678]},"properties":{"name":"Bow Street Court House","layer":"courthouses","note":"OpenStreetMap","osm_id":"way/129774673","osm_url":"https://www.openstreetmap.org/way/129774673","source":"OpenStreetMap"}},{"type":"Feature","geometry":{"type":"Point","coordinates":[-6.2777942,53.346873]},"properties":{"name":"Phoenix House","layer":"courthouses","note":"Courts of the Republic of Ireland","osm_id":"way/129774680","osm_url":"https://www.openstreetmap.org/way/129774680","source":"OpenStreetMap","brand":"Courts of the Republic of Ireland"}},{"type":"Feature","geometry":{"type":"Point","coordinates":[-6.27345,53.3470317]},"properties":{"name":"Chancery Street Courthouse","layer":"courthouses","note":"Courts Service of Ireland","osm_id":"way/131248600","osm_url":"https://www.openstreetmap.org/way/131248600","source":"OpenStreetMap","brand":"Courts Service of Ireland"}},{"type":"Feature","geometry":{"type":"Point","coordinates":[-4.3117937,53.2542972]},"properties":{"name":"Llangefni County Court","layer":"courthouses","note":"OpenStreetMap","osm_id":"way/1331329848","osm_url":"https://www.openstreetmap.org/way/1331329848","source":"OpenStreetMap"}},{"type":"Feature","geometry":{"type":"Point","coordinates":[0.18572,51.5817556]},"properties":{"name":"Havering Magistrates Court","layer":"courthouses","note":"OpenStreetMap","osm_id":"way/134237108","osm_url":"https://www.openstreetmap.org/way/134237108","source":"OpenStreetMap"}},{"type":"Feature","geometry":{"type":"Point","coordinates":[0.526975,51.3841287]},"properties":{"name":"Medway Magistrates Court","layer":"courthouses","note":"OpenStreetMap","osm_id":"way/1348321656","osm_url":"https://www.openstreetmap.org/way/1348321656","source":"OpenStreetMap"}},{"type":"Feature","geometry":{"type":"Point","coordinates":[-1.6093062,54.9687977]},"properties":{"name":"Moot Hall","layer":"courthouses","note":"OpenStreetMap","osm_id":"way/135413537","osm_url":"https://www.openstreetmap.org/way/135413537","source":"OpenStreetMap"}},{"type":"Feature","geometry":{"type":"Point","coordinates":[-3.8152355,56.003563]},"properties":{"name":"Falkirk Sheriff Court","layer":"courthouses","note":"OpenStreetMap","osm_id":"way/136215152","osm_url":"https://www.openstreetmap.org/way/136215152","source":"OpenStreetMap"}},{"type":"Feature","geometry":{"type":"Point","coordinates":[-3.1936897,51.6673759]},"properties":{"name":"Blackwood Civil and Family Court","layer":"courthouses","note":"OpenStreetMap","osm_id":"way/1362847413","osm_url":"https://www.openstreetmap.org/way/1362847413","source":"OpenStreetMap"}},{"type":"Feature","geometry":{"type":"Point","coordinates":[-3.1662242,51.4819007]},"properties":{"name":"Cardiff Magistrates Court","layer":"courthouses","note":"OpenStreetMap","osm_id":"way/1377732768","osm_url":"https://www.openstreetmap.org/way/1377732768","source":"OpenStreetMap"}},{"type":"Feature","geometry":{"type":"Point","coordinates":[-6.2734864,53.3461291]},"properties":{"name":"The Four Courts","layer":"courthouses","note":"The Courts Service","osm_id":"way/13871512","osm_url":"https://www.openstreetmap.org/way/13871512","source":"OpenStreetMap","brand":"The Courts Service"}},{"type":"Feature","geometry":{"type":"Point","coordinates":[-9.0549077,53.2758779]},"properties":{"name":"Galway Courthouse","layer":"courthouses","note":"Courts of the Republic of Ireland","osm_id":"way/142236132","osm_url":"https://www.openstreetmap.org/way/142236132","source":"OpenStreetMap","brand":"Courts of the Republic of Ireland"}},{"type":"Feature","geometry":{"type":"Point","coordinates":[-1.5038412,53.6819954]},"properties":{"name":"Wakefield Civil and Family Justice Centre","layer":"courthouses","note":"OpenStreetMap","osm_id":"way/143724779","osm_url":"https://www.openstreetmap.org/way/143724779","source":"OpenStreetMap"}},{"type":"Feature","geometry":{"type":"Point","coordinates":[-1.7820573,51.5612092]},"properties":{"name":"Swindon Combined Court","layer":"courthouses","note":"OpenStreetMap","osm_id":"way/143724884","osm_url":"https://www.openstreetmap.org/way/143724884","source":"OpenStreetMap"}},{"type":"Feature","geometry":{"type":"Point","coordinates":[-1.7811062,51.5609938]},"properties":{"name":"Swindon Magistrates' Court","layer":"courthouses","note":"OpenStreetMap","osm_id":"way/143724886","osm_url":"https://www.openstreetmap.org/way/143724886","source":"OpenStreetMap"}},{"type":"Feature","geometry":{"type":"Point","coordinates":[-6.296383,52.6732345]},"properties":{"name":"Gorey District Court Office & Courthouse","layer":"courthouses","note":"OpenStreetMap","osm_id":"way/144143635","osm_url":"https://www.openstreetmap.org/way/144143635","source":"OpenStreetMap"}},{"type":"Feature","geometry":{"type":"Point","coordinates":[-2.2117556,51.8644303]},"properties":{"name":"Gloucestershire Coroners Court","layer":"courthouses","note":"OpenStreetMap","osm_id":"way/144935401","osm_url":"https://www.openstreetmap.org/way/144935401","source":"OpenStreetMap"}},{"type":"Feature","geometry":{"type":"Point","coordinates":[-1.6035489,54.9699532]},"properties":{"name":"Law Courts","layer":"courthouses","note":"OpenStreetMap","osm_id":"way/145316280","osm_url":"https://www.openstreetmap.org/way/145316280","source":"OpenStreetMap"}},{"type":"Feature","geometry":{"type":"Point","coordinates":[-2.016259,52.5033191]},"properties":{"name":"Black Country Coroner's Court","layer":"courthouses","note":"OpenStreetMap","osm_id":"way/1462106247","osm_url":"https://www.openstreetmap.org/way/1462106247","source":"OpenStreetMap"}},{"type":"Feature","geometry":{"type":"Point","coordinates":[-4.0486717,55.7793855]},"properties":{"name":"Hamilton Sheriff Court","layer":"courthouses","note":"OpenStreetMap","osm_id":"way/147209673","osm_url":"https://www.openstreetmap.org/way/147209673","source":"OpenStreetMap"}},{"type":"Feature","geometry":{"type":"Point","coordinates":[-6.1582333,52.7985321]},"properties":{"name":"Town Hall and Courthouse","layer":"courthouses","note":"OpenStreetMap","osm_id":"way/147527872","osm_url":"https://www.openstreetmap.org/way/147527872","source":"OpenStreetMap"}},{"type":"Feature","geometry":{"type":"Point","coordinates":[-6.9537005,55.0514487]},"properties":{"name":"Limavady Court House","layer":"courthouses","note":"OpenStreetMap","osm_id":"way/1475308714","osm_url":"https://www.openstreetmap.org/way/1475308714","source":"OpenStreetMap"}},{"type":"Feature","geometry":{"type":"Point","coordinates":[-0.9669055,51.4560472]},"properties":{"name":"Reading Crown Court","layer":"courthouses","note":"OpenStreetMap","osm_id":"way/149277423","osm_url":"https://www.openstreetmap.org/way/149277423","source":"OpenStreetMap"}},{"type":"Feature","geometry":{"type":"Point","coordinates":[1.0857337,51.2787341]},"properties":{"name":"Canterbury Magistrates' Court","layer":"courthouses","note":"OpenStreetMap","osm_id":"way/150282442","osm_url":"https://www.openstreetmap.org/way/150282442","source":"OpenStreetMap"}},{"type":"Feature","geometry":{"type":"Point","coordinates":[-1.7834737,53.642151]},"properties":{"name":"Huddersfield County Court","layer":"courthouses","note":"OpenStreetMap","osm_id":"way/150457092","osm_url":"https://www.openstreetmap.org/way/150457092","source":"OpenStreetMap"}},{"type":"Feature","geometry":{"type":"Point","coordinates":[-6.9837811,52.9913988]},"properties":{"name":"Athy Courthouse","layer":"courthouses","note":"OpenStreetMap","osm_id":"way/152134616","osm_url":"https://www.openstreetmap.org/way/152134616","source":"OpenStreetMap"}},{"type":"Feature","geometry":{"type":"Point","coordinates":[-7.2998019,53.0342528]},"properties":{"name":"Portlaoise Courthouse","layer":"courthouses","note":"OpenStreetMap","osm_id":"way/152275555","osm_url":"https://www.openstreetmap.org/way/152275555","source":"OpenStreetMap"}},{"type":"Feature","geometry":{"type":"Point","coordinates":[-3.781086,55.6749654]},"properties":{"name":"Sheriff Court","layer":"courthouses","note":"OpenStreetMap","osm_id":"way/152803768","osm_url":"https://www.openstreetmap.org/way/152803768","source":"OpenStreetMap"}},{"type":"Feature","geometry":{"type":"Point","coordinates":[-2.161259,53.6163509]},"properties":{"name":"Courthouse","layer":"courthouses","note":"OpenStreetMap","osm_id":"way/154469972","osm_url":"https://www.openstreetmap.org/way/154469972","source":"OpenStreetMap"}},{"type":"Feature","geometry":{"type":"Point","coordinates":[-6.274831,53.3463605]},"properties":{"name":"Court of Appeals","layer":"courthouses","note":"Courts of the Republic of Ireland","osm_id":"way/1558900088","osm_url":"https://www.openstreetmap.org/way/1558900088","source":"OpenStreetMap","brand":"Courts of the Republic of Ireland"}},{"type":"Feature","geometry":{"type":"Point","coordinates":[-4.1629806,51.6820457]},"properties":{"name":"Llanelli Magistrates' Court","layer":"courthouses","note":"OpenStreetMap","osm_id":"way/156958964","osm_url":"https://www.openstreetmap.org/way/156958964","source":"OpenStreetMap"}},{"type":"Feature","geometry":{"type":"Point","coordinates":[-0.2000964,54.0851272]},"properties":{"name":"Bridlington Magistrates Court","layer":"courthouses","note":"OpenStreetMap","osm_id":"way/158196059","osm_url":"https://www.openstreetmap.org/way/158196059","source":"OpenStreetMap"}},{"type":"Feature","geometry":{"type":"Point","coordinates":[-1.7541919,53.7917197]},"properties":{"name":"Bradford Magistrates Court","layer":"courthouses","note":"OpenStreetMap","osm_id":"way/159035236","osm_url":"https://www.openstreetmap.org/way/159035236","source":"OpenStreetMap"}},{"type":"Feature","geometry":{"type":"Point","coordinates":[-0.0914295,51.5152932]},"properties":{"name":"The Mayor's and the City of London Court","layer":"courthouses","note":"OpenStreetMap","osm_id":"way/159751198","osm_url":"https://www.openstreetmap.org/way/159751198","source":"OpenStreetMap"}},{"type":"Feature","geometry":{"type":"Point","coordinates":[-0.3351577,51.7519022]},"properties":{"name":"St Albans Crown Court","layer":"courthouses","note":"OpenStreetMap","osm_id":"way/164165805","osm_url":"https://www.openstreetmap.org/way/164165805","source":"OpenStreetMap"}},{"type":"Feature","geometry":{"type":"Point","coordinates":[-7.4967447,53.2703127]},"properties":{"name":"Tullamore Courthouse","layer":"courthouses","note":"OpenStreetMap","osm_id":"way/164351386","osm_url":"https://www.openstreetmap.org/way/164351386","source":"OpenStreetMap"}},{"type":"Feature","geometry":{"type":"Point","coordinates":[-4.0900202,53.264003]},"properties":{"name":"Lys Biwmares / Old Court House","layer":"courthouses","note":"OpenStreetMap","osm_id":"way/164369884","osm_url":"https://www.openstreetmap.org/way/164369884","source":"OpenStreetMap"}},{"type":"Feature","geometry":{"type":"Point","coordinates":[-1.1465697,52.9484626]},"properties":{"name":"Crown & County Court","layer":"courthouses","note":"OpenStreetMap","osm_id":"way/16535845","osm_url":"https://www.openstreetmap.org/way/16535845","source":"OpenStreetMap"}},{"type":"Feature","geometry":{"type":"Point","coordinates":[0.4731262,51.7364223]},"properties":{"name":"Magistrates' Court and Family Court","layer":"courthouses","note":"HM Courts and Tribunals Service","osm_id":"way/167373098","osm_url":"https://www.openstreetmap.org/way/167373098","source":"OpenStreetMap","brand":"HM Courts and Tribunals Service"}},{"type":"Feature","geometry":{"type":"Point","coordinates":[-1.7247025,54.3728541]},"properties":{"name":"Catterick Military Court Centre","layer":"courthouses","note":"Military Court Service","osm_id":"way/168201927","osm_url":"https://www.openstreetmap.org/way/168201927","source":"OpenStreetMap","brand":"Military Court Service"}},{"type":"Feature","geometry":{"type":"Point","coordinates":[-2.9314918,54.893521]},"properties":{"name":"Carlisle Crown & County Court","layer":"courthouses","note":"OpenStreetMap","osm_id":"way/170957939","osm_url":"https://www.openstreetmap.org/way/170957939","source":"OpenStreetMap"}},{"type":"Feature","geometry":{"type":"Point","coordinates":[0.1320225,52.2037219]},"properties":{"name":"Cambridge County Court","layer":"courthouses","note":"OpenStreetMap","osm_id":"way/172412804","osm_url":"https://www.openstreetmap.org/way/172412804","source":"OpenStreetMap"}},{"type":"Feature","geometry":{"type":"Point","coordinates":[-3.1631067,56.1093412]},"properties":{"name":"Kirkcaldy Sheriff Court","layer":"courthouses","note":"OpenStreetMap","osm_id":"way/172660630","osm_url":"https://www.openstreetmap.org/way/172660630","source":"OpenStreetMap"}},{"type":"Feature","geometry":{"type":"Point","coordinates":[-5.9221662,54.5969702]},"properties":{"name":"Royal Courts of Justice","layer":"courthouses","note":"HM Courts and Tribunals Service","osm_id":"way/17281406","osm_url":"https://www.openstreetmap.org/way/17281406","source":"OpenStreetMap","brand":"HM Courts and Tribunals Service"}},{"type":"Feature","geometry":{"type":"Point","coordinates":[-5.9223282,54.5981419]},"properties":{"name":"Laganside Courts","layer":"courthouses","note":"HM Courts and Tribunals Service","osm_id":"way/17281408","osm_url":"https://www.openstreetmap.org/way/17281408","source":"OpenStreetMap","brand":"HM Courts and Tribunals Service"}},{"type":"Feature","geometry":{"type":"Point","coordinates":[-2.5933113,51.4593516]},"properties":{"name":"Bristol Magistrates' Court","layer":"courthouses","note":"OpenStreetMap","osm_id":"way/175398584","osm_url":"https://www.openstreetmap.org/way/175398584","source":"OpenStreetMap"}},{"type":"Feature","geometry":{"type":"Point","coordinates":[1.7247039,52.6133915]},"properties":{"name":"Great Yarmouth Magistrate's Court","layer":"courthouses","note":"OpenStreetMap","osm_id":"way/175898114","osm_url":"https://www.openstreetmap.org/way/175898114","source":"OpenStreetMap"}},{"type":"Feature","geometry":{"type":"Point","coordinates":[-7.3401577,53.5243317]},"properties":{"name":"Mullingar Courthouse","layer":"courthouses","note":"OpenStreetMap","osm_id":"way/176492201","osm_url":"https://www.openstreetmap.org/way/176492201","source":"OpenStreetMap"}},{"type":"Feature","geometry":{"type":"Point","coordinates":[-5.0437695,50.2687734]},"properties":{"name":"Truro Magistrates' Court","layer":"courthouses","note":"OpenStreetMap","osm_id":"way/177232300","osm_url":"https://www.openstreetmap.org/way/177232300","source":"OpenStreetMap"}},{"type":"Feature","geometry":{"type":"Point","coordinates":[0.2631999,52.4009502]},"properties":{"name":"Courthouse","layer":"courthouses","note":"OpenStreetMap","osm_id":"way/178759294","osm_url":"https://www.openstreetmap.org/way/178759294","source":"OpenStreetMap"}},{"type":"Feature","geometry":{"type":"Point","coordinates":[-0.6989573,52.4882035]},"properties":{"name":"Corby Magistrates Court","layer":"courthouses","note":"OpenStreetMap","osm_id":"way/181352138","osm_url":"https://www.openstreetmap.org/way/181352138","source":"OpenStreetMap"}},{"type":"Feature","geometry":{"type":"Point","coordinates":[-1.2345466,54.5736201]},"properties":{"name":"Middlesbrough Magistrates Court","layer":"courthouses","note":"OpenStreetMap","osm_id":"way/182183949","osm_url":"https://www.openstreetmap.org/way/182183949","source":"OpenStreetMap"}},{"type":"Feature","geometry":{"type":"Point","coordinates":[-8.6420746,52.138041]},"properties":{"name":"Mallow Courthouse","layer":"courthouses","note":"OpenStreetMap","osm_id":"way/182671374","osm_url":"https://www.openstreetmap.org/way/182671374","source":"OpenStreetMap"}},{"type":"Feature","geometry":{"type":"Point","coordinates":[-6.3841044,53.3428193]},"properties":{"name":"Cloverhill Courthouse","layer":"courthouses","note":"Courts Service of Ireland","osm_id":"way/182853933","osm_url":"https://www.openstreetmap.org/way/182853933","source":"OpenStreetMap","brand":"Courts Service of Ireland"}},{"type":"Feature","geometry":{"type":"Point","coordinates":[-7.3623002,53.9935123]},"properties":{"name":"Cavan Court House","layer":"courthouses","note":"OpenStreetMap","osm_id":"way/182944265","osm_url":"https://www.openstreetmap.org/way/182944265","source":"OpenStreetMap"}},{"type":"Feature","geometry":{"type":"Point","coordinates":[-2.438753,53.0976639]},"properties":{"name":"South Cheshire Magistrates Court","layer":"courthouses","note":"OpenStreetMap","osm_id":"way/187017298","osm_url":"https://www.openstreetmap.org/way/187017298","source":"OpenStreetMap"}},{"type":"Feature","geometry":{"type":"Point","coordinates":[-0.1103421,51.5157677]},"properties":{"name":"Courthouse","layer":"courthouses","note":"OpenStreetMap","osm_id":"way/187870648","osm_url":"https://www.openstreetmap.org/way/187870648","source":"OpenStreetMap"}},{"type":"Feature","geometry":{"type":"Point","coordinates":[-0.1317719,51.4946266]},"properties":{"name":"Westminster Coroner's Court","layer":"courthouses","note":"OpenStreetMap","osm_id":"way/188091842","osm_url":"https://www.openstreetmap.org/way/188091842","source":"OpenStreetMap"}},{"type":"Feature","geometry":{"type":"Point","coordinates":[-0.0255789,52.9829498]},"properties":{"name":"Boston Court House","layer":"courthouses","note":"OpenStreetMap","osm_id":"way/188601131","osm_url":"https://www.openstreetmap.org/way/188601131","source":"OpenStreetMap"}},{"type":"Feature","geometry":{"type":"Point","coordinates":[-0.5582459,51.3166595]},"properties":{"name":"HM Coroner's Court","layer":"courthouses","note":"OpenStreetMap","osm_id":"way/188921852","osm_url":"https://www.openstreetmap.org/way/188921852","source":"OpenStreetMap"}},{"type":"Feature","geometry":{"type":"Point","coordinates":[-0.414071,51.4581603]},"properties":{"name":"Hatton Cross Tribunal Hearing Centre","layer":"courthouses","note":"OpenStreetMap","osm_id":"way/190458498","osm_url":"https://www.openstreetmap.org/way/190458498","source":"OpenStreetMap"}},{"type":"Feature","geometry":{"type":"Point","coordinates":[-3.5518339,50.4867466]},"properties":{"name":"County Court","layer":"courthouses","note":"OpenStreetMap","osm_id":"way/191700715","osm_url":"https://www.openstreetmap.org/way/191700715","source":"OpenStreetMap"}},{"type":"Feature","geometry":{"type":"Point","coordinates":[-0.0921253,51.3728794]},"properties":{"name":"The Croydon Law Courts","layer":"courthouses","note":"OpenStreetMap","osm_id":"way/193799556","osm_url":"https://www.openstreetmap.org/way/193799556","source":"OpenStreetMap"}},{"type":"Feature","geometry":{"type":"Point","coordinates":[-8.5753096,53.1981177]},"properties":{"name":"Courthouse","layer":"courthouses","note":"OpenStreetMap","osm_id":"way/194826345","osm_url":"https://www.openstreetmap.org/way/194826345","source":"OpenStreetMap"}},{"type":"Feature","geometry":{"type":"Point","coordinates":[0.1875842,51.5826069]},"properties":{"name":"Romford County Court","layer":"courthouses","note":"OpenStreetMap","osm_id":"way/197960011","osm_url":"https://www.openstreetmap.org/way/197960011","source":"OpenStreetMap"}},{"type":"Feature","geometry":{"type":"Point","coordinates":[-0.2454811,51.5817165]},"properties":{"name":"Hendon Magistrates Court","layer":"courthouses","note":"OpenStreetMap","osm_id":"way/199740998","osm_url":"https://www.openstreetmap.org/way/199740998","source":"OpenStreetMap"}},{"type":"Feature","geometry":{"type":"Point","coordinates":[-5.1153964,56.8154048]},"properties":{"name":"Fort William Sheriff Court","layer":"courthouses","note":"OpenStreetMap","osm_id":"way/200856063","osm_url":"https://www.openstreetmap.org/way/200856063","source":"OpenStreetMap"}},{"type":"Feature","geometry":{"type":"Point","coordinates":[-0.1954648,51.6004387]},"properties":{"name":"Barnet County Court","layer":"courthouses","note":"OpenStreetMap","osm_id":"way/201854465","osm_url":"https://www.openstreetmap.org/way/201854465","source":"OpenStreetMap"}},{"type":"Feature","geometry":{"type":"Point","coordinates":[0.9051091,51.8862067]},"properties":{"name":"Colchester Magistrates Court","layer":"courthouses","note":"OpenStreetMap","osm_id":"way/203721278","osm_url":"https://www.openstreetmap.org/way/203721278","source":"OpenStreetMap"}},{"type":"Feature","geometry":{"type":"Point","coordinates":[-1.9324308,52.761788]},"properties":{"name":"Magistrates' Court","layer":"courthouses","note":"OpenStreetMap","osm_id":"way/204044226","osm_url":"https://www.openstreetmap.org/way/204044226","source":"OpenStreetMap"}},{"type":"Feature","geometry":{"type":"Point","coordinates":[-0.6984729,52.4883143]},"properties":{"name":"Corby Magistrates Court","layer":"courthouses","note":"OpenStreetMap","osm_id":"way/205702776","osm_url":"https://www.openstreetmap.org/way/205702776","source":"OpenStreetMap"}},{"type":"Feature","geometry":{"type":"Point","coordinates":[-0.5979543,51.507475]},"properties":{"name":"East Berkshire (Slough) Magistrates' Court","layer":"courthouses","note":"OpenStreetMap","osm_id":"way/206444756","osm_url":"https://www.openstreetmap.org/way/206444756","source":"OpenStreetMap"}},{"type":"Feature","geometry":{"type":"Point","coordinates":[-2.4601407,50.6083462]},"properties":{"name":"Weymouth Magistrates Court","layer":"courthouses","note":"OpenStreetMap","osm_id":"way/210293413","osm_url":"https://www.openstreetmap.org/way/210293413","source":"OpenStreetMap"}},{"type":"Feature","geometry":{"type":"Point","coordinates":[-2.1563834,53.4067331]},"properties":{"name":"Stockport Magistrates' & County Courts","layer":"courthouses","note":"OpenStreetMap","osm_id":"way/214337341","osm_url":"https://www.openstreetmap.org/way/214337341","source":"OpenStreetMap"}},{"type":"Feature","geometry":{"type":"Point","coordinates":[-8.7671897,53.7638664]},"properties":{"name":"Ballyhaunis Courthouse","layer":"courthouses","note":"OpenStreetMap","osm_id":"way/216211947","osm_url":"https://www.openstreetmap.org/way/216211947","source":"OpenStreetMap"}},{"type":"Feature","geometry":{"type":"Point","coordinates":[0.3940514,52.7545136]},"properties":{"name":"King's Lynn County Court and Family Court","layer":"courthouses","note":"OpenStreetMap","osm_id":"way/216864305","osm_url":"https://www.openstreetmap.org/way/216864305","source":"OpenStreetMap"}},{"type":"Feature","geometry":{"type":"Point","coordinates":[-8.9804273,52.8487575]},"properties":{"name":"Ennis Court House","layer":"courthouses","note":"OpenStreetMap","osm_id":"way/218898006","osm_url":"https://www.openstreetmap.org/way/218898006","source":"OpenStreetMap"}},{"type":"Feature","geometry":{"type":"Point","coordinates":[-8.2004635,52.8649118]},"properties":{"name":"Nenagh Court House","layer":"courthouses","note":"OpenStreetMap","osm_id":"way/223955943","osm_url":"https://www.openstreetmap.org/way/223955943","source":"OpenStreetMap"}},{"type":"Feature","geometry":{"type":"Point","coordinates":[-0.164518,51.5205323]},"properties":{"name":"Westminster Magistrates' Court","layer":"courthouses","note":"OpenStreetMap","osm_id":"way/227070110","osm_url":"https://www.openstreetmap.org/way/227070110","source":"OpenStreetMap"}},{"type":"Feature","geometry":{"type":"Point","coordinates":[-1.5684443,54.7739589]},"properties":{"name":"Durham Crown Court","layer":"courthouses","note":"OpenStreetMap","osm_id":"way/22762050","osm_url":"https://www.openstreetmap.org/way/22762050","source":"OpenStreetMap"}},{"type":"Feature","geometry":{"type":"Point","coordinates":[-9.7034909,52.2698477]},"properties":{"name":"Tralee Courthouse","layer":"courthouses","note":"OpenStreetMap","osm_id":"way/229021842","osm_url":"https://www.openstreetmap.org/way/229021842","source":"OpenStreetMap"}},{"type":"Feature","geometry":{"type":"Point","coordinates":[-3.9764418,55.8658586]},"properties":{"name":"Airdrie Sheriff Court","layer":"courthouses","note":"OpenStreetMap","osm_id":"way/236189299","osm_url":"https://www.openstreetmap.org/way/236189299","source":"OpenStreetMap"}},{"type":"Feature","geometry":{"type":"Point","coordinates":[-2.1221108,52.5844074]},"properties":{"name":"Wolverhampton Combined Court","layer":"courthouses","note":"OpenStreetMap","osm_id":"way/23627031","osm_url":"https://www.openstreetmap.org/way/23627031","source":"OpenStreetMap"}},{"type":"Feature","geometry":{"type":"Point","coordinates":[-0.1616831,50.8286147]},"properties":{"name":"Hove Trial Centre","layer":"courthouses","note":"HM Courts and Tribunals Service","osm_id":"way/237166352","osm_url":"https://www.openstreetmap.org/way/237166352","source":"OpenStreetMap","brand":"HM Courts and Tribunals Service"}},{"type":"Feature","geometry":{"type":"Point","coordinates":[-0.3043466,51.4842398]},"properties":{"name":"Brentford County Court","layer":"courthouses","note":"OpenStreetMap","osm_id":"way/23777667","osm_url":"https://www.openstreetmap.org/way/23777667","source":"OpenStreetMap"}},{"type":"Feature","geometry":{"type":"Point","coordinates":[-9.296992,53.8540751]},"properties":{"name":"Castlebar Courthouse","layer":"courthouses","note":"OpenStreetMap","osm_id":"way/239243322","osm_url":"https://www.openstreetmap.org/way/239243322","source":"OpenStreetMap"}},{"type":"Feature","geometry":{"type":"Point","coordinates":[-0.5419642,53.2246237]},"properties":{"name":"Lincoln Magistrates Courts","layer":"courthouses","note":"OpenStreetMap","osm_id":"way/240874048","osm_url":"https://www.openstreetmap.org/way/240874048","source":"OpenStreetMap"}},{"type":"Feature","geometry":{"type":"Point","coordinates":[-0.5411133,53.2244677]},"properties":{"name":"County Court & Probate Offices","layer":"courthouses","note":"OpenStreetMap","osm_id":"way/240874066","osm_url":"https://www.openstreetmap.org/way/240874066","source":"OpenStreetMap"}},{"type":"Feature","geometry":{"type":"Point","coordinates":[-9.5050366,52.0596616]},"properties":{"name":"Killarney Courthouse","layer":"courthouses","note":"Courts of the Republic of Ireland","osm_id":"way/244086897","osm_url":"https://www.openstreetmap.org/way/244086897","source":"OpenStreetMap","brand":"Courts of the Republic of Ireland"}},{"type":"Feature","geometry":{"type":"Point","coordinates":[-1.8686094,50.7243009]},"properties":{"name":"Probation Service","layer":"courthouses","note":"OpenStreetMap","osm_id":"way/244294599","osm_url":"https://www.openstreetmap.org/way/244294599","source":"OpenStreetMap"}},{"type":"Feature","geometry":{"type":"Point","coordinates":[-2.986524,51.582439]},"properties":{"name":"Newport Magistrates' Court","layer":"courthouses","note":"OpenStreetMap","osm_id":"way/245861449","osm_url":"https://www.openstreetmap.org/way/245861449","source":"OpenStreetMap"}},{"type":"Feature","geometry":{"type":"Point","coordinates":[-1.565878,54.7738187]},"properties":{"name":"Durham County Court and Family Court","layer":"courthouses","note":"OpenStreetMap","osm_id":"way/246718640","osm_url":"https://www.openstreetmap.org/way/246718640","source":"OpenStreetMap"}},{"type":"Feature","geometry":{"type":"Point","coordinates":[-1.1296004,53.5190146]},"properties":{"name":"Doncaster Crown Court","layer":"courthouses","note":"OpenStreetMap","osm_id":"way/246841845","osm_url":"https://www.openstreetmap.org/way/246841845","source":"OpenStreetMap"}},{"type":"Feature","geometry":{"type":"Point","coordinates":[-0.5417185,53.2351819]},"properties":{"name":"Lincoln Crown Court","layer":"courthouses","note":"OpenStreetMap","osm_id":"way/251019031","osm_url":"https://www.openstreetmap.org/way/251019031","source":"OpenStreetMap"}},{"type":"Feature","geometry":{"type":"Point","coordinates":[-1.1501743,52.9474129]},"properties":{"name":"Nottingham Family and Youth Court","layer":"courthouses","note":"OpenStreetMap","osm_id":"way/251073165","osm_url":"https://www.openstreetmap.org/way/251073165","source":"OpenStreetMap"}},{"type":"Feature","geometry":{"type":"Point","coordinates":[-0.4985548,51.4291374]},"properties":{"name":"Staines Law Courts","layer":"courthouses","note":"OpenStreetMap","osm_id":"way/251399446","osm_url":"https://www.openstreetmap.org/way/251399446","source":"OpenStreetMap"}},{"type":"Feature","geometry":{"type":"Point","coordinates":[-2.2218935,52.1968046]},"properties":{"name":"Worcester Crown Court","layer":"courthouses","note":"OpenStreetMap","osm_id":"way/252136711","osm_url":"https://www.openstreetmap.org/way/252136711","source":"OpenStreetMap"}},{"type":"Feature","geometry":{"type":"Point","coordinates":[-6.3951229,54.4498178]},"properties":{"name":"Craigavon Courthouse","layer":"courthouses","note":"OpenStreetMap","osm_id":"way/252384036","osm_url":"https://www.openstreetmap.org/way/252384036","source":"OpenStreetMap"}},{"type":"Feature","geometry":{"type":"Point","coordinates":[-1.5077314,52.4057311]},"properties":{"name":"Magistrates Court","layer":"courthouses","note":"OpenStreetMap","osm_id":"way/25312604","osm_url":"https://www.openstreetmap.org/way/25312604","source":"OpenStreetMap"}},{"type":"Feature","geometry":{"type":"Point","coordinates":[-1.5062443,52.4056579]},"properties":{"name":"Crown Court / County Court","layer":"courthouses","note":"OpenStreetMap","osm_id":"way/25372808","osm_url":"https://www.openstreetmap.org/way/25372808","source":"OpenStreetMap"}},{"type":"Feature","geometry":{"type":"Point","coordinates":[-3.0134883,53.3929708]},"properties":{"name":"Wirral Magistrates Court","layer":"courthouses","note":"OpenStreetMap","osm_id":"way/254554233","osm_url":"https://www.openstreetmap.org/way/254554233","source":"OpenStreetMap"}},{"type":"Feature","geometry":{"type":"Point","coordinates":[-2.5556433,55.4773444]},"properties":{"name":"Jedburgh Sheriff Court","layer":"courthouses","note":"OpenStreetMap","osm_id":"way/254772453","osm_url":"https://www.openstreetmap.org/way/254772453","source":"OpenStreetMap"}},{"type":"Feature","geometry":{"type":"Point","coordinates":[-1.5494948,54.5240994]},"properties":{"name":"Darlington Magistrates' Court","layer":"courthouses","note":"Ministry of Justice","osm_id":"way/254871175","osm_url":"https://www.openstreetmap.org/way/254871175","source":"OpenStreetMap","brand":"Ministry of Justice"}},{"type":"Feature","geometry":{"type":"Point","coordinates":[-8.6249983,52.6677114]},"properties":{"name":"Limerick Courthouse - Civil and Family","layer":"courthouses","note":"Courts Service","osm_id":"way/25568287","osm_url":"https://www.openstreetmap.org/way/25568287","source":"OpenStreetMap","brand":"Courts Service"}},{"type":"Feature","geometry":{"type":"Point","coordinates":[-2.1255318,53.2635576]},"properties":{"name":"Macclesfield Magistrates' Court","layer":"courthouses","note":"OpenStreetMap","osm_id":"way/257690550","osm_url":"https://www.openstreetmap.org/way/257690550","source":"OpenStreetMap"}},{"type":"Feature","geometry":{"type":"Point","coordinates":[-6.9700707,54.2476401]},"properties":{"name":"Monaghan Courthouse","layer":"courthouses","note":"OpenStreetMap","osm_id":"way/259805962","osm_url":"https://www.openstreetmap.org/way/259805962","source":"OpenStreetMap"}},{"type":"Feature","geometry":{"type":"Point","coordinates":[-6.2513033,53.3502186]},"properties":{"name":"Dublin District Coroner's Court","layer":"courthouses","note":"Dublin City Council","osm_id":"way/259813013","osm_url":"https://www.openstreetmap.org/way/259813013","source":"OpenStreetMap","brand":"Dublin City Council"}},{"type":"Feature","geometry":{"type":"Point","coordinates":[-0.0821339,51.505657]},"properties":{"name":"Southwark Crown Court","layer":"courthouses","note":"OpenStreetMap","osm_id":"way/26182906","osm_url":"https://www.openstreetmap.org/way/26182906","source":"OpenStreetMap"}},{"type":"Feature","geometry":{"type":"Point","coordinates":[-1.7943717,51.0711612]},"properties":{"name":"Wiltshire & Swindon Coroner's Court","layer":"courthouses","note":"OpenStreetMap","osm_id":"way/263979523","osm_url":"https://www.openstreetmap.org/way/263979523","source":"OpenStreetMap"}},{"type":"Feature","geometry":{"type":"Point","coordinates":[-3.1802653,51.4845684]},"properties":{"name":"Cardiff Crown Court","layer":"courthouses","note":"OpenStreetMap","osm_id":"way/26559571","osm_url":"https://www.openstreetmap.org/way/26559571","source":"OpenStreetMap"}},{"type":"Feature","geometry":{"type":"Point","coordinates":[-0.0935757,51.3722929]},"properties":{"name":"Croydon Magistrates' Court","layer":"courthouses","note":"OpenStreetMap","osm_id":"way/26600546","osm_url":"https://www.openstreetmap.org/way/26600546","source":"OpenStreetMap"}},{"type":"Feature","geometry":{"type":"Point","coordinates":[-2.2243245,52.1969306]},"properties":{"name":"Magistrates Court","layer":"courthouses","note":"OpenStreetMap","osm_id":"way/266834952","osm_url":"https://www.openstreetmap.org/way/266834952","source":"OpenStreetMap"}},{"type":"Feature","geometry":{"type":"Point","coordinates":[-2.482459,53.7498786]},"properties":{"name":"County Court","layer":"courthouses","note":"OpenStreetMap","osm_id":"way/272159044","osm_url":"https://www.openstreetmap.org/way/272159044","source":"OpenStreetMap"}},{"type":"Feature","geometry":{"type":"Point","coordinates":[-1.6307333,52.8078125]},"properties":{"name":"Burton-upon-Trent Magistrates’ Court","layer":"courthouses","note":"OpenStreetMap","osm_id":"way/274837108","osm_url":"https://www.openstreetmap.org/way/274837108","source":"OpenStreetMap"}},{"type":"Feature","geometry":{"type":"Point","coordinates":[-10.0198527,53.4892522]},"properties":{"name":"Court House","layer":"courthouses","note":"OpenStreetMap","osm_id":"way/277644775","osm_url":"https://www.openstreetmap.org/way/277644775","source":"OpenStreetMap"}},{"type":"Feature","geometry":{"type":"Point","coordinates":[-2.8869458,53.1885997]},"properties":{"name":"Cheshire County Court","layer":"courthouses","note":"OpenStreetMap","osm_id":"way/278889324","osm_url":"https://www.openstreetmap.org/way/278889324","source":"OpenStreetMap"}},{"type":"Feature","geometry":{"type":"Point","coordinates":[-0.4816672,51.5494098]},"properties":{"name":"Uxbridge Magistrates Court & Uxbridge Youth Court","layer":"courthouses","note":"OpenStreetMap","osm_id":"way/279612306","osm_url":"https://www.openstreetmap.org/way/279612306","source":"OpenStreetMap"}},{"type":"Feature","geometry":{"type":"Point","coordinates":[-6.2668431,53.3448763]},"properties":{"name":"Dolphin House","layer":"courthouses","note":"Courts of the Republic of Ireland","osm_id":"way/280178691","osm_url":"https://www.openstreetmap.org/way/280178691","source":"OpenStreetMap","brand":"Courts of the Republic of Ireland"}},{"type":"Feature","geometry":{"type":"Point","coordinates":[-2.5905539,51.4525132]},"properties":{"name":"Bristol Civil Justice Centre","layer":"courthouses","note":"OpenStreetMap","osm_id":"way/285586195","osm_url":"https://www.openstreetmap.org/way/285586195","source":"OpenStreetMap"}},{"type":"Feature","geometry":{"type":"Point","coordinates":[-6.7196749,53.9783982]},"properties":{"name":"Court House","layer":"courthouses","note":"OpenStreetMap","osm_id":"way/294739107","osm_url":"https://www.openstreetmap.org/way/294739107","source":"OpenStreetMap"}},{"type":"Feature","geometry":{"type":"Point","coordinates":[-6.384096,58.2098249]},"properties":{"name":"Cùirt Siorraidh Steòrnabhaigh","layer":"courthouses","note":"OpenStreetMap","osm_id":"way/298294425","osm_url":"https://www.openstreetmap.org/way/298294425","source":"OpenStreetMap"}},{"type":"Feature","geometry":{"type":"Point","coordinates":[-6.4012231,54.0046266]},"properties":{"name":"Dundalk Courthouse","layer":"courthouses","note":"OpenStreetMap","osm_id":"way/301444491","osm_url":"https://www.openstreetmap.org/way/301444491","source":"OpenStreetMap"}},{"type":"Feature","geometry":{"type":"Point","coordinates":[-5.4734175,56.4113357]},"properties":{"name":"Oban Sheriff Court","layer":"courthouses","note":"OpenStreetMap","osm_id":"way/301660698","osm_url":"https://www.openstreetmap.org/way/301660698","source":"OpenStreetMap"}},{"type":"Feature","geometry":{"type":"Point","coordinates":[-2.2504029,53.4804013]},"properties":{"name":"Manchester City & Salford Magistrates Court and Coroners Court","layer":"courthouses","note":"OpenStreetMap","osm_id":"way/30342677","osm_url":"https://www.openstreetmap.org/way/30342677","source":"OpenStreetMap"}},{"type":"Feature","geometry":{"type":"Point","coordinates":[-2.2518681,53.4806445]},"properties":{"name":"Manchester Crown Court","layer":"courthouses","note":"OpenStreetMap","osm_id":"way/30342856","osm_url":"https://www.openstreetmap.org/way/30342856","source":"OpenStreetMap"}},{"type":"Feature","geometry":{"type":"Point","coordinates":[-0.209531,51.4592507]},"properties":{"name":"Wandsworth County Court","layer":"courthouses","note":"OpenStreetMap","osm_id":"way/30719395","osm_url":"https://www.openstreetmap.org/way/30719395","source":"OpenStreetMap"}},{"type":"Feature","geometry":{"type":"Point","coordinates":[0.0638858,51.4904078]},"properties":{"name":"Magistrates Court","layer":"courthouses","note":"OpenStreetMap","osm_id":"way/308128729","osm_url":"https://www.openstreetmap.org/way/308128729","source":"OpenStreetMap"}},{"type":"Feature","geometry":{"type":"Point","coordinates":[-8.9513326,53.9422309]},"properties":{"name":"Swinford Court House (closed)","layer":"courthouses","note":"Office of Public Works","osm_id":"way/309756712","osm_url":"https://www.openstreetmap.org/way/309756712","source":"OpenStreetMap","brand":"Office of Public Works"}},{"type":"Feature","geometry":{"type":"Point","coordinates":[-1.291611,50.7012033]},"properties":{"name":"Law Courts","layer":"courthouses","note":"OpenStreetMap","osm_id":"way/311758070","osm_url":"https://www.openstreetmap.org/way/311758070","source":"OpenStreetMap"}},{"type":"Feature","geometry":{"type":"Point","coordinates":[-8.4854816,53.7669974]},"properties":{"name":"Courthouse","layer":"courthouses","note":"OpenStreetMap","osm_id":"way/313942338","osm_url":"https://www.openstreetmap.org/way/313942338","source":"OpenStreetMap"}},{"type":"Feature","geometry":{"type":"Point","coordinates":[-6.2727562,53.3463866]},"properties":{"name":"Chancery Place Courthouse","layer":"courthouses","note":"Courts of the Republic of Ireland","osm_id":"way/314537003","osm_url":"https://www.openstreetmap.org/way/314537003","source":"OpenStreetMap","brand":"Courts of the Republic of Ireland"}},{"type":"Feature","geometry":{"type":"Point","coordinates":[-8.2745442,52.2668756]},"properties":{"name":"Mitchelstown District Courthouse","layer":"courthouses","note":"OpenStreetMap","osm_id":"way/316307787","osm_url":"https://www.openstreetmap.org/way/316307787","source":"OpenStreetMap"}},{"type":"Feature","geometry":{"type":"Point","coordinates":[0.0109814,51.4076481]},"properties":{"name":"Bromley Magistrates' Court","layer":"courthouses","note":"OpenStreetMap","osm_id":"way/31718319","osm_url":"https://www.openstreetmap.org/way/31718319","source":"OpenStreetMap"}},{"type":"Feature","geometry":{"type":"Point","coordinates":[-3.7932308,56.1159883]},"properties":{"name":"Crown Office & Procurator Fiscal Service","layer":"courthouses","note":"OpenStreetMap","osm_id":"way/317905331","osm_url":"https://www.openstreetmap.org/way/317905331","source":"OpenStreetMap"}},{"type":"Feature","geometry":{"type":"Point","coordinates":[-4.4996959,55.6072129]},"properties":{"name":"Kilmarnock Sheriff Court","layer":"courthouses","note":"OpenStreetMap","osm_id":"way/320221915","osm_url":"https://www.openstreetmap.org/way/320221915","source":"OpenStreetMap"}},{"type":"Feature","geometry":{"type":"Point","coordinates":[-1.484369,53.5545603]},"properties":{"name":"Barnsley Law Courts","layer":"courthouses","note":"OpenStreetMap","osm_id":"way/320595183","osm_url":"https://www.openstreetmap.org/way/320595183","source":"OpenStreetMap"}},{"type":"Feature","geometry":{"type":"Point","coordinates":[-0.6891002,52.3012446]},"properties":{"name":"Wellingborough Magistrates Court","layer":"courthouses","note":"OpenStreetMap","osm_id":"way/321560269","osm_url":"https://www.openstreetmap.org/way/321560269","source":"OpenStreetMap"}},{"type":"Feature","geometry":{"type":"Point","coordinates":[-1.091435,50.7957684]},"properties":{"name":"Portsmouth Crown Court","layer":"courthouses","note":"OpenStreetMap","osm_id":"way/32394887","osm_url":"https://www.openstreetmap.org/way/32394887","source":"OpenStreetMap"}},{"type":"Feature","geometry":{"type":"Point","coordinates":[-1.0896937,50.7959213]},"properties":{"name":"Portsmouth Magistrates Court","layer":"courthouses","note":"OpenStreetMap","osm_id":"way/32394906","osm_url":"https://www.openstreetmap.org/way/32394906","source":"OpenStreetMap"}},{"type":"Feature","geometry":{"type":"Point","coordinates":[-0.3398388,51.5938549]},"properties":{"name":"Harrow Crown Court","layer":"courthouses","note":"OpenStreetMap","osm_id":"way/32623174","osm_url":"https://www.openstreetmap.org/way/32623174","source":"OpenStreetMap"}},{"type":"Feature","geometry":{"type":"Point","coordinates":[-1.8922275,52.4828769]},"properties":{"name":"Queen Elizabeth II Law Courts","layer":"courthouses","note":"HM Courts Service","osm_id":"way/32639388","osm_url":"https://www.openstreetmap.org/way/32639388","source":"OpenStreetMap","brand":"HM Courts Service"}},{"type":"Feature","geometry":{"type":"Point","coordinates":[-0.3367675,51.7524964]},"properties":{"name":"St Albans Magistrates' Court and Family Court","layer":"courthouses","note":"OpenStreetMap","osm_id":"way/328089748","osm_url":"https://www.openstreetmap.org/way/328089748","source":"OpenStreetMap"}},{"type":"Feature","geometry":{"type":"Point","coordinates":[-3.2276397,54.1165383]},"properties":{"name":"Barrow in Furness Law Courts","layer":"courthouses","note":"OpenStreetMap","osm_id":"way/328877374","osm_url":"https://www.openstreetmap.org/way/328877374","source":"OpenStreetMap"}},{"type":"Feature","geometry":{"type":"Point","coordinates":[0.3938898,52.7516824]},"properties":{"name":"The Crown Court at King's Lynn","layer":"courthouses","note":"OpenStreetMap","osm_id":"way/329197930","osm_url":"https://www.openstreetmap.org/way/329197930","source":"OpenStreetMap"}},{"type":"Feature","geometry":{"type":"Point","coordinates":[-3.5848237,54.5471636]},"properties":{"name":"Whitehaven Magistrates Court","layer":"courthouses","note":"OpenStreetMap","osm_id":"way/330069759","osm_url":"https://www.openstreetmap.org/way/330069759","source":"OpenStreetMap"}},{"type":"Feature","geometry":{"type":"Point","coordinates":[-1.2056133,53.1487102]},"properties":{"name":"Mansfield Magistrates' and County Court","layer":"courthouses","note":"OpenStreetMap","osm_id":"way/331711652","osm_url":"https://www.openstreetmap.org/way/331711652","source":"OpenStreetMap"}},{"type":"Feature","geometry":{"type":"Point","coordinates":[-4.0571686,52.7238828]},"properties":{"name":"Barmouth Magistrates Court","layer":"courthouses","note":"OpenStreetMap","osm_id":"way/332922537","osm_url":"https://www.openstreetmap.org/way/332922537","source":"OpenStreetMap"}},{"type":"Feature","geometry":{"type":"Point","coordinates":[-7.3239747,54.9939483]},"properties":{"name":"Courthouse","layer":"courthouses","note":"OpenStreetMap","osm_id":"way/333674121","osm_url":"https://www.openstreetmap.org/way/333674121","source":"OpenStreetMap"}},{"type":"Feature","geometry":{"type":"Point","coordinates":[-4.0356393,55.7755881]},"properties":{"name":"District Court","layer":"courthouses","note":"OpenStreetMap","osm_id":"way/338389191","osm_url":"https://www.openstreetmap.org/way/338389191","source":"OpenStreetMap"}},{"type":"Feature","geometry":{"type":"Point","coordinates":[-1.4807035,52.9246003]},"properties":{"name":"Justice Centre","layer":"courthouses","note":"OpenStreetMap","osm_id":"way/34415762","osm_url":"https://www.openstreetmap.org/way/34415762","source":"OpenStreetMap"}},{"type":"Feature","geometry":{"type":"Point","coordinates":[-0.6028313,51.6745655]},"properties":{"name":"Courthouse","layer":"courthouses","note":"OpenStreetMap","osm_id":"way/345028393","osm_url":"https://www.openstreetmap.org/way/345028393","source":"OpenStreetMap"}},{"type":"Feature","geometry":{"type":"Point","coordinates":[-3.7852803,51.5916484]},"properties":{"name":"Port Talbot Justice Centre","layer":"courthouses","note":"Department of Justice","osm_id":"way/345206647","osm_url":"https://www.openstreetmap.org/way/345206647","source":"OpenStreetMap","brand":"Department of Justice"}},{"type":"Feature","geometry":{"type":"Point","coordinates":[-0.2034799,51.4236922]},"properties":{"name":"Wimbledon Magistrates' Court","layer":"courthouses","note":"OpenStreetMap","osm_id":"way/34724705","osm_url":"https://www.openstreetmap.org/way/34724705","source":"OpenStreetMap"}},{"type":"Feature","geometry":{"type":"Point","coordinates":[-4.1415379,50.3692296]},"properties":{"name":"Crown Court","layer":"courthouses","note":"OpenStreetMap","osm_id":"way/35302927","osm_url":"https://www.openstreetmap.org/way/35302927","source":"OpenStreetMap"}},{"type":"Feature","geometry":{"type":"Point","coordinates":[-4.139428,50.3691826]},"properties":{"name":"Magistrates Court","layer":"courthouses","note":"OpenStreetMap","osm_id":"way/35302942","osm_url":"https://www.openstreetmap.org/way/35302942","source":"OpenStreetMap"}},{"type":"Feature","geometry":{"type":"Point","coordinates":[1.4402074,52.875992]},"properties":{"name":"Seaview Court","layer":"courthouses","note":"OpenStreetMap","osm_id":"way/353682294","osm_url":"https://www.openstreetmap.org/way/353682294","source":"OpenStreetMap"}},{"type":"Feature","geometry":{"type":"Point","coordinates":[0.0003136,51.5391738]},"properties":{"name":"Stratford Magistrates' Court","layer":"courthouses","note":"OpenStreetMap","osm_id":"way/35581323","osm_url":"https://www.openstreetmap.org/way/35581323","source":"OpenStreetMap"}},{"type":"Feature","geometry":{"type":"Point","coordinates":[1.0948803,51.2818323]},"properties":{"name":"Canterbury Combined Court Centre","layer":"courthouses","note":"OpenStreetMap","osm_id":"way/358701562","osm_url":"https://www.openstreetmap.org/way/358701562","source":"OpenStreetMap"}},{"type":"Feature","geometry":{"type":"Point","coordinates":[-0.0901418,51.5130536]},"properties":{"name":"City of London Magistrates' Court","layer":"courthouses","note":"OpenStreetMap","osm_id":"way/367647345","osm_url":"https://www.openstreetmap.org/way/367647345","source":"OpenStreetMap"}},{"type":"Feature","geometry":{"type":"Point","coordinates":[-6.1828709,53.6083216]},"properties":{"name":"Balbriggan Courthouse","layer":"courthouses","note":"Courts of the Republic of Ireland","osm_id":"way/368898348","osm_url":"https://www.openstreetmap.org/way/368898348","source":"OpenStreetMap","brand":"Courts of the Republic of Ireland"}},{"type":"Feature","geometry":{"type":"Point","coordinates":[-3.4169357,53.3367862]},"properties":{"name":"Prestatyn Justice Centre","layer":"courthouses","note":"OpenStreetMap","osm_id":"way/374748786","osm_url":"https://www.openstreetmap.org/way/374748786","source":"OpenStreetMap"}},{"type":"Feature","geometry":{"type":"Point","coordinates":[-0.899984,52.2372082]},"properties":{"name":"St Katharine's House","layer":"courthouses","note":"HM Courts and Tribunals Service","osm_id":"way/376545638","osm_url":"https://www.openstreetmap.org/way/376545638","source":"OpenStreetMap","brand":"HM Courts and Tribunals Service"}},{"type":"Feature","geometry":{"type":"Point","coordinates":[-1.4433399,55.0114283]},"properties":{"name":"North Tyneside Magistrates Court","layer":"courthouses","note":"OpenStreetMap","osm_id":"way/378056026","osm_url":"https://www.openstreetmap.org/way/378056026","source":"OpenStreetMap"}},{"type":"Feature","geometry":{"type":"Point","coordinates":[-2.5986128,53.3907065]},"properties":{"name":"Warrington Combined Crown & Magistrates Court Centre","layer":"courthouses","note":"OpenStreetMap","osm_id":"way/37867453","osm_url":"https://www.openstreetmap.org/way/37867453","source":"OpenStreetMap"}},{"type":"Feature","geometry":{"type":"Point","coordinates":[0.2202893,51.4453251]},"properties":{"name":"Dartford County Court","layer":"courthouses","note":"OpenStreetMap","osm_id":"way/38096706","osm_url":"https://www.openstreetmap.org/way/38096706","source":"OpenStreetMap"}},{"type":"Feature","geometry":{"type":"Point","coordinates":[-6.6628747,55.1219891]},"properties":{"name":"Coleraine Courthouse","layer":"courthouses","note":"OpenStreetMap","osm_id":"way/386349489","osm_url":"https://www.openstreetmap.org/way/386349489","source":"OpenStreetMap"}},{"type":"Feature","geometry":{"type":"Point","coordinates":[-7.8905772,52.5166268]},"properties":{"name":"Cashel District Court","layer":"courthouses","note":"OpenStreetMap","osm_id":"way/386569549","osm_url":"https://www.openstreetmap.org/way/386569549","source":"OpenStreetMap"}},{"type":"Feature","geometry":{"type":"Point","coordinates":[-0.4672765,52.1349862]},"properties":{"name":"Magistrates' Courts","layer":"courthouses","note":"OpenStreetMap","osm_id":"way/38703463","osm_url":"https://www.openstreetmap.org/way/38703463","source":"OpenStreetMap"}},{"type":"Feature","geometry":{"type":"Point","coordinates":[-1.4236624,53.2376936]},"properties":{"name":"Chesterfield Magistrates Court","layer":"courthouses","note":"Ministry of Justice","osm_id":"way/396556321","osm_url":"https://www.openstreetmap.org/way/396556321","source":"OpenStreetMap","brand":"Ministry of Justice"}},{"type":"Feature","geometry":{"type":"Point","coordinates":[-0.1281251,51.5004046]},"properties":{"name":"Supreme Court","layer":"courthouses","note":"OpenStreetMap","osm_id":"way/39811548","osm_url":"https://www.openstreetmap.org/way/39811548","source":"OpenStreetMap"}},{"type":"Feature","geometry":{"type":"Point","coordinates":[-5.9426763,54.6083366]},"properties":{"name":"Crumlin Road Courthouse (Derelict)","layer":"courthouses","note":"OpenStreetMap","osm_id":"way/398481179","osm_url":"https://www.openstreetmap.org/way/398481179","source":"OpenStreetMap"}},{"type":"Feature","geometry":{"type":"Point","coordinates":[-3.8232539,53.3202029]},"properties":{"name":"Llandudno Magistrates Court","layer":"courthouses","note":"HM Courts and Tribunals Service","osm_id":"way/401652362","osm_url":"https://www.openstreetmap.org/way/401652362","source":"OpenStreetMap","brand":"HM Courts and Tribunals Service"}},{"type":"Feature","geometry":{"type":"Point","coordinates":[-0.340611,51.4788143]},"properties":{"name":"Isleworth Crown Court","layer":"courthouses","note":"OpenStreetMap","osm_id":"way/40278334","osm_url":"https://www.openstreetmap.org/way/40278334","source":"OpenStreetMap"}},{"type":"Feature","geometry":{"type":"Point","coordinates":[-1.1493524,52.9472312]},"properties":{"name":"Nottingham Magistrates' Court","layer":"courthouses","note":"OpenStreetMap","osm_id":"way/40324861","osm_url":"https://www.openstreetmap.org/way/40324861","source":"OpenStreetMap"}},{"type":"Feature","geometry":{"type":"Point","coordinates":[-4.2778915,53.1400205]},"properties":{"name":"Caernarfon Crown Court","layer":"courthouses","note":"OpenStreetMap","osm_id":"way/403354294","osm_url":"https://www.openstreetmap.org/way/403354294","source":"OpenStreetMap"}},{"type":"Feature","geometry":{"type":"Point","coordinates":[-3.004944,51.5883848]},"properties":{"name":"Newport Crown Court","layer":"courthouses","note":"OpenStreetMap","osm_id":"way/40452025","osm_url":"https://www.openstreetmap.org/way/40452025","source":"OpenStreetMap"}},{"type":"Feature","geometry":{"type":"Point","coordinates":[-2.0934608,57.147604]},"properties":{"name":"Mercatgate","layer":"courthouses","note":"Scottish Courts and Tribunals Service","osm_id":"way/404609510","osm_url":"https://www.openstreetmap.org/way/404609510","source":"OpenStreetMap","brand":"Scottish Courts and Tribunals Service"}},{"type":"Feature","geometry":{"type":"Point","coordinates":[-2.9895596,53.0484546]},"properties":{"name":"The Law Courts","layer":"courthouses","note":"OpenStreetMap","osm_id":"way/404795444","osm_url":"https://www.openstreetmap.org/way/404795444","source":"OpenStreetMap"}},{"type":"Feature","geometry":{"type":"Point","coordinates":[0.5234134,51.2718807]},"properties":{"name":"Maidstone Magistrates' Court and Family Court","layer":"courthouses","note":"OpenStreetMap","osm_id":"way/405922846","osm_url":"https://www.openstreetmap.org/way/405922846","source":"OpenStreetMap"}},{"type":"Feature","geometry":{"type":"Point","coordinates":[-0.0256589,51.5780248]},"properties":{"name":"Walthamstow Coroners Court","layer":"courthouses","note":"OpenStreetMap","osm_id":"way/407672708","osm_url":"https://www.openstreetmap.org/way/407672708","source":"OpenStreetMap"}},{"type":"Feature","geometry":{"type":"Point","coordinates":[-2.9851414,53.4255682]},"properties":{"name":"Gerard Majella Courthouse","layer":"courthouses","note":"OpenStreetMap","osm_id":"way/412666144","osm_url":"https://www.openstreetmap.org/way/412666144","source":"OpenStreetMap"}},{"type":"Feature","geometry":{"type":"Point","coordinates":[-0.0147171,51.5090286]},"properties":{"name":"Coroners Court","layer":"courthouses","note":"OpenStreetMap","osm_id":"way/413328803","osm_url":"https://www.openstreetmap.org/way/413328803","source":"OpenStreetMap"}},{"type":"Feature","geometry":{"type":"Point","coordinates":[-0.9758161,51.4532753]},"properties":{"name":"Reading Magistrates' Court","layer":"courthouses","note":"OpenStreetMap","osm_id":"way/41446572","osm_url":"https://www.openstreetmap.org/way/41446572","source":"OpenStreetMap"}},{"type":"Feature","geometry":{"type":"Point","coordinates":[-2.3520986,51.3812417]},"properties":{"name":"Bath Magistrates', County and Family Court","layer":"courthouses","note":"HM Courts Service","osm_id":"way/41924061","osm_url":"https://www.openstreetmap.org/way/41924061","source":"OpenStreetMap","brand":"HM Courts Service"}},{"type":"Feature","geometry":{"type":"Point","coordinates":[-0.1052418,51.5989169]},"properties":{"name":"Wood Green Crown Court","layer":"courthouses","note":"OpenStreetMap","osm_id":"way/41937248","osm_url":"https://www.openstreetmap.org/way/41937248","source":"OpenStreetMap"}},{"type":"Feature","geometry":{"type":"Point","coordinates":[-0.4141312,51.8776077]},"properties":{"name":"Luton Crown Court","layer":"courthouses","note":"HM Courts and Tribunals Service","osm_id":"way/420276526","osm_url":"https://www.openstreetmap.org/way/420276526","source":"OpenStreetMap","brand":"HM Courts and Tribunals Service"}},{"type":"Feature","geometry":{"type":"Point","coordinates":[0.0900362,51.4965407]},"properties":{"name":"Woolwich Crown Court","layer":"courthouses","note":"OpenStreetMap","osm_id":"way/42230511","osm_url":"https://www.openstreetmap.org/way/42230511","source":"OpenStreetMap"}},{"type":"Feature","geometry":{"type":"Point","coordinates":[-2.2409084,52.3840289]},"properties":{"name":"Magistrates & County Court","layer":"courthouses","note":"OpenStreetMap","osm_id":"way/426553767","osm_url":"https://www.openstreetmap.org/way/426553767","source":"OpenStreetMap"}},{"type":"Feature","geometry":{"type":"Point","coordinates":[-7.1063657,52.2575532]},"properties":{"name":"Waterford Courthouse","layer":"courthouses","note":"Courts of the Republic of Ireland","osm_id":"way/42744356","osm_url":"https://www.openstreetmap.org/way/42744356","source":"OpenStreetMap","brand":"Courts of the Republic of Ireland"}},{"type":"Feature","geometry":{"type":"Point","coordinates":[-3.1907476,55.947894]},"properties":{"name":"Edinburgh Sheriff Court & Justice of the Peace Court","layer":"courthouses","note":"OpenStreetMap","osm_id":"way/42861306","osm_url":"https://www.openstreetmap.org/way/42861306","source":"OpenStreetMap"}},{"type":"Feature","geometry":{"type":"Point","coordinates":[-3.456024,56.0732128]},"properties":{"name":"Dunfermline Sheriff Court","layer":"courthouses","note":"OpenStreetMap","osm_id":"way/429477167","osm_url":"https://www.openstreetmap.org/way/429477167","source":"OpenStreetMap"}},{"type":"Feature","geometry":{"type":"Point","coordinates":[-0.1300257,51.5359624]},"properties":{"name":"St. Pancras Coroner's Court","layer":"courthouses","note":"OpenStreetMap","osm_id":"way/43312364","osm_url":"https://www.openstreetmap.org/way/43312364","source":"OpenStreetMap"}},{"type":"Feature","geometry":{"type":"Point","coordinates":[-1.438929,54.9931107]},"properties":{"name":"South Tyneside Magistrates' Court and Family Court","layer":"courthouses","note":"OpenStreetMap","osm_id":"way/436524422","osm_url":"https://www.openstreetmap.org/way/436524422","source":"OpenStreetMap"}},{"type":"Feature","geometry":{"type":"Point","coordinates":[-2.7113115,52.0574213]},"properties":{"name":"Justice Centre","layer":"courthouses","note":"OpenStreetMap","osm_id":"way/442430617","osm_url":"https://www.openstreetmap.org/way/442430617","source":"OpenStreetMap"}},{"type":"Feature","geometry":{"type":"Point","coordinates":[0.0097608,50.8730979]},"properties":{"name":"Lewes Crown Court","layer":"courthouses","note":"OpenStreetMap","osm_id":"way/445483797","osm_url":"https://www.openstreetmap.org/way/445483797","source":"OpenStreetMap"}},{"type":"Feature","geometry":{"type":"Point","coordinates":[-8.4788515,51.8979443]},"properties":{"name":"Cork Courthouse Washington Street","layer":"courthouses","note":"Courts Service of Ireland","osm_id":"way/45134550","osm_url":"https://www.openstreetmap.org/way/45134550","source":"OpenStreetMap","brand":"Courts Service of Ireland"}},{"type":"Feature","geometry":{"type":"Point","coordinates":[-9.5179192,53.8010326]},"properties":{"name":"Courthouse","layer":"courthouses","note":"OpenStreetMap","osm_id":"way/452896684","osm_url":"https://www.openstreetmap.org/way/452896684","source":"OpenStreetMap"}},{"type":"Feature","geometry":{"type":"Point","coordinates":[-6.6528039,54.3507465]},"properties":{"name":"Armagh Courthouse","layer":"courthouses","note":"Northern Ireland Courts and Tribunals Service","osm_id":"way/455684874","osm_url":"https://www.openstreetmap.org/way/455684874","source":"OpenStreetMap","brand":"Northern Ireland Courts and Tribunals Service"}},{"type":"Feature","geometry":{"type":"Point","coordinates":[-0.3946768,51.653785]},"properties":{"name":"Watford County Court and Family Court","layer":"courthouses","note":"OpenStreetMap","osm_id":"way/457504167","osm_url":"https://www.openstreetmap.org/way/457504167","source":"OpenStreetMap"}},{"type":"Feature","geometry":{"type":"Point","coordinates":[-2.8935096,53.1875831]},"properties":{"name":"Chester Magistrates Court","layer":"courthouses","note":"OpenStreetMap","osm_id":"way/45779789","osm_url":"https://www.openstreetmap.org/way/45779789","source":"OpenStreetMap"}},{"type":"Feature","geometry":{"type":"Point","coordinates":[-3.9574932,51.6144365]},"properties":{"name":"Swansea Crown Court","layer":"courthouses","note":"His Majesty's Courts Service","osm_id":"way/459202591","osm_url":"https://www.openstreetmap.org/way/459202591","source":"OpenStreetMap","brand":"His Majesty's Courts Service"}},{"type":"Feature","geometry":{"type":"Point","coordinates":[-2.8872123,56.6499473]},"properties":{"name":"Forfar Sheriff Clerk Office","layer":"courthouses","note":"OpenStreetMap","osm_id":"way/462215660","osm_url":"https://www.openstreetmap.org/way/462215660","source":"OpenStreetMap"}},{"type":"Feature","geometry":{"type":"Point","coordinates":[-6.2957163,53.3487223]},"properties":{"name":"Criminal Courts of Justice","layer":"courthouses","note":"Courts of the Republic of Ireland","osm_id":"way/46671353","osm_url":"https://www.openstreetmap.org/way/46671353","source":"OpenStreetMap","brand":"Courts of the Republic of Ireland"}},{"type":"Feature","geometry":{"type":"Point","coordinates":[-2.8373541,53.4120872]},"properties":{"name":"Courthouse","layer":"courthouses","note":"OpenStreetMap","osm_id":"way/472330988","osm_url":"https://www.openstreetmap.org/way/472330988","source":"OpenStreetMap"}},{"type":"Feature","geometry":{"type":"Point","coordinates":[-6.2789005,54.8663296]},"properties":{"name":"Ballymena Court House","layer":"courthouses","note":"OpenStreetMap","osm_id":"way/477370181","osm_url":"https://www.openstreetmap.org/way/477370181","source":"OpenStreetMap"}},{"type":"Feature","geometry":{"type":"Point","coordinates":[-2.0368118,52.6845388]},"properties":{"name":"Cannock Magistrates Court","layer":"courthouses","note":"OpenStreetMap","osm_id":"way/477967500","osm_url":"https://www.openstreetmap.org/way/477967500","source":"OpenStreetMap"}},{"type":"Feature","geometry":{"type":"Point","coordinates":[-6.0443234,54.5137881]},"properties":{"name":"Lisburn Court House","layer":"courthouses","note":"Northern Ireland Courts and Tribunals Service","osm_id":"way/478100414","osm_url":"https://www.openstreetmap.org/way/478100414","source":"OpenStreetMap","brand":"Northern Ireland Courts and Tribunals Service"}},{"type":"Feature","geometry":{"type":"Point","coordinates":[-2.6932979,51.4231848]},"properties":{"name":"Coroner's Court","layer":"courthouses","note":"OpenStreetMap","osm_id":"way/480444783","osm_url":"https://www.openstreetmap.org/way/480444783","source":"OpenStreetMap"}},{"type":"Feature","geometry":{"type":"Point","coordinates":[0.1368457,52.2068783]},"properties":{"name":"Cambridge Crown Court","layer":"courthouses","note":"OpenStreetMap","osm_id":"way/48204301","osm_url":"https://www.openstreetmap.org/way/48204301","source":"OpenStreetMap"}},{"type":"Feature","geometry":{"type":"Point","coordinates":[-8.1741315,51.916483]},"properties":{"name":"Midleton Courthouse","layer":"courthouses","note":"OpenStreetMap","osm_id":"way/483229507","osm_url":"https://www.openstreetmap.org/way/483229507","source":"OpenStreetMap"}},{"type":"Feature","geometry":{"type":"Point","coordinates":[-2.8060786,54.0499334]},"properties":{"name":"Lancaster Shire Hall","layer":"courthouses","note":"OpenStreetMap","osm_id":"way/48815022","osm_url":"https://www.openstreetmap.org/way/48815022","source":"OpenStreetMap"}},{"type":"Feature","geometry":{"type":"Point","coordinates":[0.4547804,51.5725425]},"properties":{"name":"Basildon Combined Court","layer":"courthouses","note":"HM Courts and Tribunals Service","osm_id":"way/493519679","osm_url":"https://www.openstreetmap.org/way/493519679","source":"OpenStreetMap","brand":"HM Courts and Tribunals Service"}},{"type":"Feature","geometry":{"type":"Point","coordinates":[-2.9776483,56.462294]},"properties":{"name":"Dundee Sheriff Court","layer":"courthouses","note":"OpenStreetMap","osm_id":"way/49432087","osm_url":"https://www.openstreetmap.org/way/49432087","source":"OpenStreetMap"}},{"type":"Feature","geometry":{"type":"Point","coordinates":[-1.8938624,52.4836346]},"properties":{"name":"Birmingham Magistrates Court","layer":"courthouses","note":"OpenStreetMap","osm_id":"way/49602067","osm_url":"https://www.openstreetmap.org/way/49602067","source":"OpenStreetMap"}},{"type":"Feature","geometry":{"type":"Point","coordinates":[-0.2476601,51.5495002]},"properties":{"name":"Willesden Magistrates' Court","layer":"courthouses","note":"OpenStreetMap","osm_id":"way/49695975","osm_url":"https://www.openstreetmap.org/way/49695975","source":"OpenStreetMap"}},{"type":"Feature","geometry":{"type":"Point","coordinates":[-1.0829861,51.2632663]},"properties":{"name":"Basingstoke Magistrates Court","layer":"courthouses","note":"OpenStreetMap","osm_id":"way/497595265","osm_url":"https://www.openstreetmap.org/way/497595265","source":"OpenStreetMap"}},{"type":"Feature","geometry":{"type":"Point","coordinates":[-6.2777785,53.3478903]},"properties":{"name":"Smithfield Courthouse","layer":"courthouses","note":"Courts Service of Ireland","osm_id":"way/49795698","osm_url":"https://www.openstreetmap.org/way/49795698","source":"OpenStreetMap","brand":"Courts Service of Ireland"}},{"type":"Feature","geometry":{"type":"Point","coordinates":[-7.3044779,54.6000278]},"properties":{"name":"Omagh Courthouse","layer":"courthouses","note":"OpenStreetMap","osm_id":"way/498553300","osm_url":"https://www.openstreetmap.org/way/498553300","source":"OpenStreetMap"}},{"type":"Feature","geometry":{"type":"Point","coordinates":[0.4561639,51.5715237]},"properties":{"name":"Basildon Magistrates Court","layer":"courthouses","note":"HM Courts and Tribunals Service","osm_id":"way/498964949","osm_url":"https://www.openstreetmap.org/way/498964949","source":"OpenStreetMap","brand":"HM Courts and Tribunals Service"}},{"type":"Feature","geometry":{"type":"Point","coordinates":[-2.2422125,53.7869464]},"properties":{"name":"Burnley Magistrates Court","layer":"courthouses","note":"OpenStreetMap","osm_id":"way/504604831","osm_url":"https://www.openstreetmap.org/way/504604831","source":"OpenStreetMap"}},{"type":"Feature","geometry":{"type":"Point","coordinates":[-4.7650479,55.9495965]},"properties":{"name":"Greenock Sheriff Court","layer":"courthouses","note":"OpenStreetMap","osm_id":"way/505374285","osm_url":"https://www.openstreetmap.org/way/505374285","source":"OpenStreetMap"}},{"type":"Feature","geometry":{"type":"Point","coordinates":[0.7097825,51.5437457]},"properties":{"name":"The Court House","layer":"courthouses","note":"OpenStreetMap","osm_id":"way/50831161","osm_url":"https://www.openstreetmap.org/way/50831161","source":"OpenStreetMap"}},{"type":"Feature","geometry":{"type":"Point","coordinates":[-7.8146391,52.6805879]},"properties":{"name":"Thurles Court house","layer":"courthouses","note":"OpenStreetMap","osm_id":"way/509340605","osm_url":"https://www.openstreetmap.org/way/509340605","source":"OpenStreetMap"}},{"type":"Feature","geometry":{"type":"Point","coordinates":[-3.1463665,52.6589869]},"properties":{"name":"Welshpool Magistrates' Court","layer":"courthouses","note":"OpenStreetMap","osm_id":"way/509605413","osm_url":"https://www.openstreetmap.org/way/509605413","source":"OpenStreetMap"}},{"type":"Feature","geometry":{"type":"Point","coordinates":[-0.1824685,51.1174652]},"properties":{"name":"Crawley Magistrates Court","layer":"courthouses","note":"OpenStreetMap","osm_id":"way/51067307","osm_url":"https://www.openstreetmap.org/way/51067307","source":"OpenStreetMap"}},{"type":"Feature","geometry":{"type":"Point","coordinates":[-0.0235056,51.5271139]},"properties":{"name":"Thames Magistrates' Court","layer":"courthouses","note":"OpenStreetMap","osm_id":"way/51179576","osm_url":"https://www.openstreetmap.org/way/51179576","source":"OpenStreetMap"}},{"type":"Feature","geometry":{"type":"Point","coordinates":[-6.2750023,53.346011]},"properties":{"name":"Áras Uí Dhálaigh","layer":"courthouses","note":"Courts of the Republic of Ireland","osm_id":"way/52301667","osm_url":"https://www.openstreetmap.org/way/52301667","source":"OpenStreetMap","brand":"Courts of the Republic of Ireland"}},{"type":"Feature","geometry":{"type":"Point","coordinates":[-7.7336683,54.9536524]},"properties":{"name":"Courthouse","layer":"courthouses","note":"OpenStreetMap","osm_id":"way/548749105","osm_url":"https://www.openstreetmap.org/way/548749105","source":"OpenStreetMap"}},{"type":"Feature","geometry":{"type":"Point","coordinates":[-0.2189947,51.7662766]},"properties":{"name":"The Old Courthouse","layer":"courthouses","note":"OpenStreetMap","osm_id":"way/55081214","osm_url":"https://www.openstreetmap.org/way/55081214","source":"OpenStreetMap"}},{"type":"Feature","geometry":{"type":"Point","coordinates":[-1.5891514,52.2828282]},"properties":{"name":"Warwick Crown Court and County Court","layer":"courthouses","note":"OpenStreetMap","osm_id":"way/55280736","osm_url":"https://www.openstreetmap.org/way/55280736","source":"OpenStreetMap"}},{"type":"Feature","geometry":{"type":"Point","coordinates":[0.5187461,51.2709643]},"properties":{"name":"Maidstone Crown & County Courts","layer":"courthouses","note":"OpenStreetMap","osm_id":"way/55380615","osm_url":"https://www.openstreetmap.org/way/55380615","source":"OpenStreetMap"}},{"type":"Feature","geometry":{"type":"Point","coordinates":[-1.1577857,51.899199]},"properties":{"name":"Bicester Magistrates Court","layer":"courthouses","note":"OpenStreetMap","osm_id":"way/555237244","osm_url":"https://www.openstreetmap.org/way/555237244","source":"OpenStreetMap"}},{"type":"Feature","geometry":{"type":"Point","coordinates":[-8.9099638,52.1781172]},"properties":{"name":"Kanturk Courthouse","layer":"courthouses","note":"Courts Service of Ireland","osm_id":"way/555424410","osm_url":"https://www.openstreetmap.org/way/555424410","source":"OpenStreetMap","brand":"Courts Service of Ireland"}},{"type":"Feature","geometry":{"type":"Point","coordinates":[-3.5421844,54.6439672]},"properties":{"name":"Magistrates' Court","layer":"courthouses","note":"OpenStreetMap","osm_id":"way/56034934","osm_url":"https://www.openstreetmap.org/way/56034934","source":"OpenStreetMap"}},{"type":"Feature","geometry":{"type":"Point","coordinates":[-1.0795488,53.9550659]},"properties":{"name":"York Crown Court","layer":"courthouses","note":"OpenStreetMap","osm_id":"way/56047669","osm_url":"https://www.openstreetmap.org/way/56047669","source":"OpenStreetMap"}},{"type":"Feature","geometry":{"type":"Point","coordinates":[-1.2022243,52.7721988]},"properties":{"name":"Loughborough Magistrates Court","layer":"courthouses","note":"OpenStreetMap","osm_id":"way/56125484","osm_url":"https://www.openstreetmap.org/way/56125484","source":"OpenStreetMap"}},{"type":"Feature","geometry":{"type":"Point","coordinates":[-2.4336835,53.5781366]},"properties":{"name":"Bolton Crown Court","layer":"courthouses","note":"OpenStreetMap","osm_id":"way/56305394","osm_url":"https://www.openstreetmap.org/way/56305394","source":"OpenStreetMap"}},{"type":"Feature","geometry":{"type":"Point","coordinates":[-6.194932,57.4127899]},"properties":{"name":"Portree Sherriff Court","layer":"courthouses","note":"OpenStreetMap","osm_id":"way/575682880","osm_url":"https://www.openstreetmap.org/way/575682880","source":"OpenStreetMap"}},{"type":"Feature","geometry":{"type":"Point","coordinates":[-1.7554611,53.7970033]},"properties":{"name":"Courthouse","layer":"courthouses","note":"OpenStreetMap","osm_id":"way/576871271","osm_url":"https://www.openstreetmap.org/way/576871271","source":"OpenStreetMap"}},{"type":"Feature","geometry":{"type":"Point","coordinates":[-1.0820209,53.9562153]},"properties":{"name":"York Magistrates' Court","layer":"courthouses","note":"OpenStreetMap","osm_id":"way/59099825","osm_url":"https://www.openstreetmap.org/way/59099825","source":"OpenStreetMap"}},{"type":"Feature","geometry":{"type":"Point","coordinates":[-1.0764895,53.9546995]},"properties":{"name":"York County Court","layer":"courthouses","note":"OpenStreetMap","osm_id":"way/59099831","osm_url":"https://www.openstreetmap.org/way/59099831","source":"OpenStreetMap"}},{"type":"Feature","geometry":{"type":"Point","coordinates":[-0.8937065,52.2409043]},"properties":{"name":"Crown and County Courts","layer":"courthouses","note":"OpenStreetMap","osm_id":"way/59194386","osm_url":"https://www.openstreetmap.org/way/59194386","source":"OpenStreetMap"}},{"type":"Feature","geometry":{"type":"Point","coordinates":[-4.4825144,54.1514841]},"properties":{"name":"Isle of Man Courts of Justice","layer":"courthouses","note":"OpenStreetMap","osm_id":"way/59384905","osm_url":"https://www.openstreetmap.org/way/59384905","source":"OpenStreetMap"}},{"type":"Feature","geometry":{"type":"Point","coordinates":[-9.376398,52.5736915]},"properties":{"name":"Courthouse","layer":"courthouses","note":"OpenStreetMap","osm_id":"way/595194904","osm_url":"https://www.openstreetmap.org/way/595194904","source":"OpenStreetMap"}},{"type":"Feature","geometry":{"type":"Point","coordinates":[-0.7660988,52.040884]},"properties":{"name":"Milton Keynes Magistrates Court","layer":"courthouses","note":"OpenStreetMap","osm_id":"way/60212119","osm_url":"https://www.openstreetmap.org/way/60212119","source":"OpenStreetMap"}},{"type":"Feature","geometry":{"type":"Point","coordinates":[-3.5251639,50.7212685]},"properties":{"name":"Exeter Combined Court Centre","layer":"courthouses","note":"OpenStreetMap","osm_id":"way/60228223","osm_url":"https://www.openstreetmap.org/way/60228223","source":"OpenStreetMap"}},{"type":"Feature","geometry":{"type":"Point","coordinates":[-0.7653119,52.0412234]},"properties":{"name":"Milton Keynes County Court","layer":"courthouses","note":"OpenStreetMap","osm_id":"way/60260002","osm_url":"https://www.openstreetmap.org/way/60260002","source":"OpenStreetMap"}},{"type":"Feature","geometry":{"type":"Point","coordinates":[-1.2582943,51.748735]},"properties":{"name":"Oxford and Southern Oxfordshire Magistrates' Court","layer":"courthouses","note":"OpenStreetMap","osm_id":"way/60900857","osm_url":"https://www.openstreetmap.org/way/60900857","source":"OpenStreetMap"}},{"type":"Feature","geometry":{"type":"Point","coordinates":[1.1486669,52.0568951]},"properties":{"name":"Ipswich Magistrates' Court","layer":"courthouses","note":"OpenStreetMap","osm_id":"way/60917070","osm_url":"https://www.openstreetmap.org/way/60917070","source":"OpenStreetMap"}},{"type":"Feature","geometry":{"type":"Point","coordinates":[1.1514748,52.0576253]},"properties":{"name":"Ipswich County Court","layer":"courthouses","note":"OpenStreetMap","osm_id":"way/60917071","osm_url":"https://www.openstreetmap.org/way/60917071","source":"OpenStreetMap"}},{"type":"Feature","geometry":{"type":"Point","coordinates":[-1.1302444,53.5196349]},"properties":{"name":"Doncaster Magistrates Courts","layer":"courthouses","note":"OpenStreetMap","osm_id":"way/60917511","osm_url":"https://www.openstreetmap.org/way/60917511","source":"OpenStreetMap"}},{"type":"Feature","geometry":{"type":"Point","coordinates":[-2.989878,53.4041749]},"properties":{"name":"The Queen Elizabeth II Law Courts","layer":"courthouses","note":"OpenStreetMap","osm_id":"way/60925835","osm_url":"https://www.openstreetmap.org/way/60925835","source":"OpenStreetMap"}},{"type":"Feature","geometry":{"type":"Point","coordinates":[-0.185722,52.3302851]},"properties":{"name":"Huntingdon Law Courts","layer":"courthouses","note":"OpenStreetMap","osm_id":"way/612340259","osm_url":"https://www.openstreetmap.org/way/612340259","source":"OpenStreetMap"}},{"type":"Feature","geometry":{"type":"Point","coordinates":[-1.9856725,52.588932]},"properties":{"name":"Walsall Magistrates' Court","layer":"courthouses","note":"OpenStreetMap","osm_id":"way/61374905","osm_url":"https://www.openstreetmap.org/way/61374905","source":"OpenStreetMap"}},{"type":"Feature","geometry":{"type":"Point","coordinates":[-8.0157836,54.1901927]},"properties":{"name":"Dowra Courthouse","layer":"courthouses","note":"Courts Service","osm_id":"way/614447223","osm_url":"https://www.openstreetmap.org/way/614447223","source":"OpenStreetMap","brand":"Courts Service"}},{"type":"Feature","geometry":{"type":"Point","coordinates":[-0.5790116,51.2389453]},"properties":{"name":"Guildford Crown Court","layer":"courthouses","note":"OpenStreetMap","osm_id":"way/61686395","osm_url":"https://www.openstreetmap.org/way/61686395","source":"OpenStreetMap"}},{"type":"Feature","geometry":{"type":"Point","coordinates":[-7.1622796,57.6043922]},"properties":{"name":"Cuirt an t-Siorraim Loch nam Madadh","layer":"courthouses","note":"OpenStreetMap","osm_id":"way/62058675","osm_url":"https://www.openstreetmap.org/way/62058675","source":"OpenStreetMap"}},{"type":"Feature","geometry":{"type":"Point","coordinates":[-2.4514233,52.6776246]},"properties":{"name":"Courthouse","layer":"courthouses","note":"OpenStreetMap","osm_id":"way/62074043","osm_url":"https://www.openstreetmap.org/way/62074043","source":"OpenStreetMap"}},{"type":"Feature","geometry":{"type":"Point","coordinates":[-0.9831933,50.8560457]},"properties":{"name":"Havant Justice Centre.","layer":"courthouses","note":"OpenStreetMap","osm_id":"way/629239852","osm_url":"https://www.openstreetmap.org/way/629239852","source":"OpenStreetMap"}},{"type":"Feature","geometry":{"type":"Point","coordinates":[-1.5696406,54.6203658]},"properties":{"name":"Newton Aycliffe Magistrates' Court","layer":"courthouses","note":"OpenStreetMap","osm_id":"way/63361842","osm_url":"https://www.openstreetmap.org/way/63361842","source":"OpenStreetMap"}},{"type":"Feature","geometry":{"type":"Point","coordinates":[-3.6124368,50.5284547]},"properties":{"name":"Newton Abbot Magistrates Court","layer":"courthouses","note":"OpenStreetMap","osm_id":"way/637609257","osm_url":"https://www.openstreetmap.org/way/637609257","source":"OpenStreetMap"}},{"type":"Feature","geometry":{"type":"Point","coordinates":[-7.7349834,54.9519131]},"properties":{"name":"Letterkenny District Courthouse","layer":"courthouses","note":"OpenStreetMap","osm_id":"way/63861912","osm_url":"https://www.openstreetmap.org/way/63861912","source":"OpenStreetMap"}},{"type":"Feature","geometry":{"type":"Point","coordinates":[-6.5685896,52.4999581]},"properties":{"name":"Court House","layer":"courthouses","note":"OpenStreetMap","osm_id":"way/640908167","osm_url":"https://www.openstreetmap.org/way/640908167","source":"OpenStreetMap"}},{"type":"Feature","geometry":{"type":"Point","coordinates":[-8.2686187,52.1379017]},"properties":{"name":"Fermoy Courthouse","layer":"courthouses","note":"Coiurts Service","osm_id":"way/646297110","osm_url":"https://www.openstreetmap.org/way/646297110","source":"OpenStreetMap","brand":"Coiurts Service"}},{"type":"Feature","geometry":{"type":"Point","coordinates":[-8.889652,51.6215118]},"properties":{"name":"Clonakilty Courthouse","layer":"courthouses","note":"OpenStreetMap","osm_id":"way/668247769","osm_url":"https://www.openstreetmap.org/way/668247769","source":"OpenStreetMap"}},{"type":"Feature","geometry":{"type":"Point","coordinates":[-2.0852854,52.510948]},"properties":{"name":"Dudley County Court","layer":"courthouses","note":"OpenStreetMap","osm_id":"way/674319896","osm_url":"https://www.openstreetmap.org/way/674319896","source":"OpenStreetMap"}},{"type":"Feature","geometry":{"type":"Point","coordinates":[-8.0905994,53.9446497]},"properties":{"name":"Courthouse","layer":"courthouses","note":"OpenStreetMap","osm_id":"way/682265479","osm_url":"https://www.openstreetmap.org/way/682265479","source":"OpenStreetMap"}},{"type":"Feature","geometry":{"type":"Point","coordinates":[-1.8103822,51.0733761]},"properties":{"name":"Salisbury County Court","layer":"courthouses","note":"OpenStreetMap","osm_id":"way/685215193","osm_url":"https://www.openstreetmap.org/way/685215193","source":"OpenStreetMap"}},{"type":"Feature","geometry":{"type":"Point","coordinates":[-8.6194289,52.6599923]},"properties":{"name":"The Courthouse, Mulgrave Street, Limerick","layer":"courthouses","note":"Courts Service","osm_id":"way/688439679","osm_url":"https://www.openstreetmap.org/way/688439679","source":"OpenStreetMap","brand":"Courts Service"}},{"type":"Feature","geometry":{"type":"Point","coordinates":[-2.7297649,52.705061]},"properties":{"name":"Shrewsbury Crown Court","layer":"courthouses","note":"OpenStreetMap","osm_id":"way/69262243","osm_url":"https://www.openstreetmap.org/way/69262243","source":"OpenStreetMap"}},{"type":"Feature","geometry":{"type":"Point","coordinates":[-3.1924123,55.9498164]},"properties":{"name":"High Court of Justiciary","layer":"courthouses","note":"OpenStreetMap","osm_id":"way/69907227","osm_url":"https://www.openstreetmap.org/way/69907227","source":"OpenStreetMap"}},{"type":"Feature","geometry":{"type":"Point","coordinates":[-5.6073394,55.4228114]},"properties":{"name":"Sheriff Court","layer":"courthouses","note":"OpenStreetMap","osm_id":"way/704409232","osm_url":"https://www.openstreetmap.org/way/704409232","source":"OpenStreetMap"}},{"type":"Feature","geometry":{"type":"Point","coordinates":[-3.3113402,57.6486022]},"properties":{"name":"Elgin Sheriff Court","layer":"courthouses","note":"Scottish Courts and Tribunals Service","osm_id":"way/71124484","osm_url":"https://www.openstreetmap.org/way/71124484","source":"OpenStreetMap","brand":"Scottish Courts and Tribunals Service"}},{"type":"Feature","geometry":{"type":"Point","coordinates":[-0.3318034,53.7441712]},"properties":{"name":"Combined Court Centre","layer":"courthouses","note":"OpenStreetMap","osm_id":"way/71142056","osm_url":"https://www.openstreetmap.org/way/71142056","source":"OpenStreetMap"}},{"type":"Feature","geometry":{"type":"Point","coordinates":[-0.4202395,51.8782241]},"properties":{"name":"Luton Magistrates Court","layer":"courthouses","note":"HM Courts and Tribunals Service","osm_id":"way/71511458","osm_url":"https://www.openstreetmap.org/way/71511458","source":"OpenStreetMap","brand":"HM Courts and Tribunals Service"}},{"type":"Feature","geometry":{"type":"Point","coordinates":[-1.8940708,52.4830547]},"properties":{"name":"Birmingham Crown Court Annexe","layer":"courthouses","note":"HM Courts Service","osm_id":"way/72842606","osm_url":"https://www.openstreetmap.org/way/72842606","source":"OpenStreetMap","brand":"HM Courts Service"}},{"type":"Feature","geometry":{"type":"Point","coordinates":[-1.8947421,52.48342]},"properties":{"name":"Birmingham Coroner's Court","layer":"courthouses","note":"Birmingham and Solihull Coroner Service","osm_id":"way/72842607","osm_url":"https://www.openstreetmap.org/way/72842607","source":"OpenStreetMap","brand":"Birmingham and Solihull Coroner Service"}},{"type":"Feature","geometry":{"type":"Point","coordinates":[-2.6986571,53.7595849]},"properties":{"name":"The Sessions House, The Crown Court and Designated Family Centre for Lancashire","layer":"courthouses","note":"OpenStreetMap","osm_id":"way/73584925","osm_url":"https://www.openstreetmap.org/way/73584925","source":"OpenStreetMap"}},{"type":"Feature","geometry":{"type":"Point","coordinates":[-2.7009736,53.76178]},"properties":{"name":"Preston Magistrates Court","layer":"courthouses","note":"OpenStreetMap","osm_id":"way/74077760","osm_url":"https://www.openstreetmap.org/way/74077760","source":"OpenStreetMap"}},{"type":"Feature","geometry":{"type":"Point","coordinates":[-2.6992322,53.7625093]},"properties":{"name":"Preston Combined Court Centre","layer":"courthouses","note":"OpenStreetMap","osm_id":"way/74077960","osm_url":"https://www.openstreetmap.org/way/74077960","source":"OpenStreetMap"}},{"type":"Feature","geometry":{"type":"Point","coordinates":[-1.3875668,54.9072534]},"properties":{"name":"Sunderland Magistrates' Court","layer":"courthouses","note":"OpenStreetMap","osm_id":"way/750504533","osm_url":"https://www.openstreetmap.org/way/750504533","source":"OpenStreetMap"}},{"type":"Feature","geometry":{"type":"Point","coordinates":[-0.3329581,53.7409866]},"properties":{"name":"Hull Magistrates Court","layer":"courthouses","note":"OpenStreetMap","osm_id":"way/75535426","osm_url":"https://www.openstreetmap.org/way/75535426","source":"OpenStreetMap"}},{"type":"Feature","geometry":{"type":"Point","coordinates":[-8.5145728,54.0901829]},"properties":{"name":"Ballymote Court House","layer":"courthouses","note":"OpenStreetMap","osm_id":"way/759066768","osm_url":"https://www.openstreetmap.org/way/759066768","source":"OpenStreetMap"}},{"type":"Feature","geometry":{"type":"Point","coordinates":[-3.4261619,56.3946224]},"properties":{"name":"Perth Sheriff Court","layer":"courthouses","note":"OpenStreetMap","osm_id":"way/764675005","osm_url":"https://www.openstreetmap.org/way/764675005","source":"OpenStreetMap"}},{"type":"Feature","geometry":{"type":"Point","coordinates":[-1.6002664,54.9589819]},"properties":{"name":"Gateshead Law Courts","layer":"courthouses","note":"OpenStreetMap","osm_id":"way/77356837","osm_url":"https://www.openstreetmap.org/way/77356837","source":"OpenStreetMap"}},{"type":"Feature","geometry":{"type":"Point","coordinates":[-0.2415113,52.5698265]},"properties":{"name":"Peterborough Magistrates & Family Courts","layer":"courthouses","note":"OpenStreetMap","osm_id":"way/77920248","osm_url":"https://www.openstreetmap.org/way/77920248","source":"OpenStreetMap"}},{"type":"Feature","geometry":{"type":"Point","coordinates":[-0.0728593,51.598111]},"properties":{"name":"Tottenham Magistrates' Court","layer":"courthouses","note":"OpenStreetMap","osm_id":"way/78165470","osm_url":"https://www.openstreetmap.org/way/78165470","source":"OpenStreetMap"}},{"type":"Feature","geometry":{"type":"Point","coordinates":[-2.5986928,53.3865386]},"properties":{"name":"Cheshire Coroner’s Court on Museum Street","layer":"courthouses","note":"Cheshire Coroner's Service","osm_id":"way/783408938","osm_url":"https://www.openstreetmap.org/way/783408938","source":"OpenStreetMap","brand":"Cheshire Coroner's Service"}},{"type":"Feature","geometry":{"type":"Point","coordinates":[-1.5518208,53.8003513]},"properties":{"name":"Leeds Combined Court Centre","layer":"courthouses","note":"HM Courts and Tribunals Service","osm_id":"way/78431206","osm_url":"https://www.openstreetmap.org/way/78431206","source":"OpenStreetMap","brand":"HM Courts and Tribunals Service"}},{"type":"Feature","geometry":{"type":"Point","coordinates":[-1.5531979,53.8002649]},"properties":{"name":"Leeds Magistrates' Court","layer":"courthouses","note":"HM Courts and Tribunals Service","osm_id":"way/78431222","osm_url":"https://www.openstreetmap.org/way/78431222","source":"OpenStreetMap","brand":"HM Courts and Tribunals Service"}},{"type":"Feature","geometry":{"type":"Point","coordinates":[-0.2489749,51.5355085]},"properties":{"name":"Willesden County Court","layer":"courthouses","note":"OpenStreetMap","osm_id":"way/80539318","osm_url":"https://www.openstreetmap.org/way/80539318","source":"OpenStreetMap"}},{"type":"Feature","geometry":{"type":"Point","coordinates":[-6.334943,54.1792124]},"properties":{"name":"Newry Courthouse","layer":"courthouses","note":"OpenStreetMap","osm_id":"way/82857870","osm_url":"https://www.openstreetmap.org/way/82857870","source":"OpenStreetMap"}},{"type":"Feature","geometry":{"type":"Point","coordinates":[-0.421503,51.5221655]},"properties":{"name":"Uxbridge County Court","layer":"courthouses","note":"OpenStreetMap","osm_id":"way/839361625","osm_url":"https://www.openstreetmap.org/way/839361625","source":"OpenStreetMap"}},{"type":"Feature","geometry":{"type":"Point","coordinates":[-3.9453338,51.6219397]},"properties":{"name":"Swansea Magistrates' Court","layer":"courthouses","note":"OpenStreetMap","osm_id":"way/842449884","osm_url":"https://www.openstreetmap.org/way/842449884","source":"OpenStreetMap"}},{"type":"Feature","geometry":{"type":"Point","coordinates":[-8.4665244,51.8961599]},"properties":{"name":"Cork Courthouse Anglesea Street","layer":"courthouses","note":"OpenStreetMap","osm_id":"way/846959783","osm_url":"https://www.openstreetmap.org/way/846959783","source":"OpenStreetMap"}},{"type":"Feature","geometry":{"type":"Point","coordinates":[-2.1304684,52.586153]},"properties":{"name":"Wolverhampton Magistrates Court","layer":"courthouses","note":"OpenStreetMap","osm_id":"way/85551217","osm_url":"https://www.openstreetmap.org/way/85551217","source":"OpenStreetMap"}},{"type":"Feature","geometry":{"type":"Point","coordinates":[-6.9300452,52.8391448]},"properties":{"name":"Carlow Courthouse","layer":"courthouses","note":"OpenStreetMap","osm_id":"way/87448570","osm_url":"https://www.openstreetmap.org/way/87448570","source":"OpenStreetMap"}},{"type":"Feature","geometry":{"type":"Point","coordinates":[-8.6250852,52.6680865]},"properties":{"name":"Courthouse","layer":"courthouses","note":"OpenStreetMap","osm_id":"way/87651003","osm_url":"https://www.openstreetmap.org/way/87651003","source":"OpenStreetMap"}},{"type":"Feature","geometry":{"type":"Point","coordinates":[-8.7386972,51.7470274]},"properties":{"name":"Bandon Court House","layer":"courthouses","note":"OpenStreetMap","osm_id":"way/877216262","osm_url":"https://www.openstreetmap.org/way/877216262","source":"OpenStreetMap"}},{"type":"Feature","geometry":{"type":"Point","coordinates":[-7.4627504,54.8287019]},"properties":{"name":"Courthouse","layer":"courthouses","note":"OpenStreetMap","osm_id":"way/880997542","osm_url":"https://www.openstreetmap.org/way/880997542","source":"OpenStreetMap"}},{"type":"Feature","geometry":{"type":"Point","coordinates":[-0.2399096,52.5698918]},"properties":{"name":"Peterborough Combined Court","layer":"courthouses","note":"OpenStreetMap","osm_id":"way/89042520","osm_url":"https://www.openstreetmap.org/way/89042520","source":"OpenStreetMap"}},{"type":"Feature","geometry":{"type":"Point","coordinates":[-4.0548263,57.811968]},"properties":{"name":"Courthouse","layer":"courthouses","note":"OpenStreetMap","osm_id":"way/895061692","osm_url":"https://www.openstreetmap.org/way/895061692","source":"OpenStreetMap"}},{"type":"Feature","geometry":{"type":"Point","coordinates":[-1.1273652,52.6299888]},"properties":{"name":"Leicester Crown Court","layer":"courthouses","note":"OpenStreetMap","osm_id":"way/89705808","osm_url":"https://www.openstreetmap.org/way/89705808","source":"OpenStreetMap"}},{"type":"Feature","geometry":{"type":"Point","coordinates":[-2.1021308,53.4855583]},"properties":{"name":"Tameside Magistrates' Court","layer":"courthouses","note":"OpenStreetMap","osm_id":"way/89796321","osm_url":"https://www.openstreetmap.org/way/89796321","source":"OpenStreetMap"}},{"type":"Feature","geometry":{"type":"Point","coordinates":[0.4738151,51.7359898]},"properties":{"name":"Crown Court","layer":"courthouses","note":"HM Courts and Tribunals Service","osm_id":"way/90510652","osm_url":"https://www.openstreetmap.org/way/90510652","source":"OpenStreetMap","brand":"HM Courts and Tribunals Service"}},{"type":"Feature","geometry":{"type":"Point","coordinates":[-0.1541146,52.786735]},"properties":{"name":"Courthouse","layer":"courthouses","note":"OpenStreetMap","osm_id":"way/905367893","osm_url":"https://www.openstreetmap.org/way/905367893","source":"OpenStreetMap"}},{"type":"Feature","geometry":{"type":"Point","coordinates":[-4.054522,54.8354138]},"properties":{"name":"Kirkcudbright Sheriff Court","layer":"courthouses","note":"OpenStreetMap","osm_id":"way/90629540","osm_url":"https://www.openstreetmap.org/way/90629540","source":"OpenStreetMap"}},{"type":"Feature","geometry":{"type":"Point","coordinates":[-6.6651716,53.2167637]},"properties":{"name":"Naas Courthouse","layer":"courthouses","note":"OpenStreetMap","osm_id":"way/908156313","osm_url":"https://www.openstreetmap.org/way/908156313","source":"OpenStreetMap"}},{"type":"Feature","geometry":{"type":"Point","coordinates":[-2.0879074,52.5099256]},"properties":{"name":"Dudley Magistrates Court","layer":"courthouses","note":"OpenStreetMap","osm_id":"way/90824790","osm_url":"https://www.openstreetmap.org/way/90824790","source":"OpenStreetMap"}},{"type":"Feature","geometry":{"type":"Point","coordinates":[-0.3740121,50.8140995]},"properties":{"name":"Law Courts","layer":"courthouses","note":"OpenStreetMap","osm_id":"way/90971748","osm_url":"https://www.openstreetmap.org/way/90971748","source":"OpenStreetMap"}},{"type":"Feature","geometry":{"type":"Point","coordinates":[-2.9890732,53.4490435]},"properties":{"name":"South Sefton Magistrates Court","layer":"courthouses","note":"OpenStreetMap","osm_id":"way/911213483","osm_url":"https://www.openstreetmap.org/way/911213483","source":"OpenStreetMap"}},{"type":"Feature","geometry":{"type":"Point","coordinates":[-2.7367146,53.4549512]},"properties":{"name":"Courthouse","layer":"courthouses","note":"OpenStreetMap","osm_id":"way/913576478","osm_url":"https://www.openstreetmap.org/way/913576478","source":"OpenStreetMap"}},{"type":"Feature","geometry":{"type":"Point","coordinates":[-6.4732941,52.3393052]},"properties":{"name":"Wexford Court House","layer":"courthouses","note":"Courts Service of Ireland","osm_id":"way/91938487","osm_url":"https://www.openstreetmap.org/way/91938487","source":"OpenStreetMap","brand":"Courts Service of Ireland"}},{"type":"Feature","geometry":{"type":"Point","coordinates":[-5.7189286,54.3290315]},"properties":{"name":"Courthouse","layer":"courthouses","note":"OpenStreetMap","osm_id":"way/924733710","osm_url":"https://www.openstreetmap.org/way/924733710","source":"OpenStreetMap"}},{"type":"Feature","geometry":{"type":"Point","coordinates":[-2.6264148,53.5430791]},"properties":{"name":"Wigan & Leigh Magistrates' Court","layer":"courthouses","note":"OpenStreetMap","osm_id":"way/941821675","osm_url":"https://www.openstreetmap.org/way/941821675","source":"OpenStreetMap"}},{"type":"Feature","geometry":{"type":"Point","coordinates":[-1.3189736,51.0624901]},"properties":{"name":"Winchester Crown Court","layer":"courthouses","note":"OpenStreetMap","osm_id":"way/94828891","osm_url":"https://www.openstreetmap.org/way/94828891","source":"OpenStreetMap"}},{"type":"Feature","geometry":{"type":"Point","coordinates":[-3.1371388,53.1769949]},"properties":{"name":"The Law Courts","layer":"courthouses","note":"HM Courts & Tribunals Service","osm_id":"way/95979267","osm_url":"https://www.openstreetmap.org/way/95979267","source":"OpenStreetMap","brand":"HM Courts & Tribunals Service"}},{"type":"Feature","geometry":{"type":"Point","coordinates":[-2.7973747,54.0464233]},"properties":{"name":"Magistrates Court","layer":"courthouses","note":"OpenStreetMap","osm_id":"way/96120912","osm_url":"https://www.openstreetmap.org/way/96120912","source":"OpenStreetMap"}},{"type":"Feature","geometry":{"type":"Point","coordinates":[-5.0275147,54.9028746]},"properties":{"name":"Stranraer Sheriff Court","layer":"courthouses","note":"OpenStreetMap","osm_id":"way/961261058","osm_url":"https://www.openstreetmap.org/way/961261058","source":"OpenStreetMap"}},{"type":"Feature","geometry":{"type":"Point","coordinates":[0.0134927,51.4088014]},"properties":{"name":"Bromley County Court","layer":"courthouses","note":"OpenStreetMap","osm_id":"way/965750928","osm_url":"https://www.openstreetmap.org/way/965750928","source":"OpenStreetMap"}},{"type":"Feature","geometry":{"type":"Point","coordinates":[-3.3806462,51.747326]},"properties":{"name":"Law Courts","layer":"courthouses","note":"OpenStreetMap","osm_id":"way/96866952","osm_url":"https://www.openstreetmap.org/way/96866952","source":"OpenStreetMap"}},{"type":"Feature","geometry":{"type":"Point","coordinates":[-0.1351247,50.8230623]},"properties":{"name":"County Court","layer":"courthouses","note":"OpenStreetMap","osm_id":"way/97029632","osm_url":"https://www.openstreetmap.org/way/97029632","source":"OpenStreetMap"}},{"type":"Feature","geometry":{"type":"Point","coordinates":[-0.1343485,50.8230642]},"properties":{"name":"Law Courts","layer":"courthouses","note":"OpenStreetMap","osm_id":"way/97029638","osm_url":"https://www.openstreetmap.org/way/97029638","source":"OpenStreetMap"}},{"type":"Feature","geometry":{"type":"Point","coordinates":[1.1692674,51.0788709]},"properties":{"name":"Folkestone Magistrates Court","layer":"courthouses","note":"OpenStreetMap","osm_id":"way/97574472","osm_url":"https://www.openstreetmap.org/way/97574472","source":"OpenStreetMap"}},{"type":"Feature","geometry":{"type":"Point","coordinates":[-1.2570059,51.7480751]},"properties":{"name":"Oxford Combined Court Centre","layer":"courthouses","note":"OpenStreetMap","osm_id":"way/97716783","osm_url":"https://www.openstreetmap.org/way/97716783","source":"OpenStreetMap"}},{"type":"Feature","geometry":{"type":"Point","coordinates":[-3.3408871,51.5984155]},"properties":{"name":"Pontypridd Magistrates Court","layer":"courthouses","note":"OpenStreetMap","osm_id":"way/97741850","osm_url":"https://www.openstreetmap.org/way/97741850","source":"OpenStreetMap"}},{"type":"Feature","geometry":{"type":"Point","coordinates":[-1.9609645,50.7221015]},"properties":{"name":"Poole County and Magistrates Court","layer":"courthouses","note":"OpenStreetMap","osm_id":"way/97803852","osm_url":"https://www.openstreetmap.org/way/97803852","source":"OpenStreetMap"}},{"type":"Feature","geometry":{"type":"Point","coordinates":[-0.7460467,51.6276082]},"properties":{"name":"High Wycombe Law Courts","layer":"courthouses","note":"OpenStreetMap","osm_id":"way/97953384","osm_url":"https://www.openstreetmap.org/way/97953384","source":"OpenStreetMap"}},{"type":"Feature","geometry":{"type":"Point","coordinates":[-5.9235648,54.5978887]},"properties":{"name":"The Courthouse","layer":"courthouses","note":"Northern Ireland Courts and Tribunals Service","osm_id":"way/98158500","osm_url":"https://www.openstreetmap.org/way/98158500","source":"OpenStreetMap","brand":"Northern Ireland Courts and Tribunals Service"}},{"type":"Feature","geometry":{"type":"Point","coordinates":[-2.9009602,51.7001266]},"properties":{"name":"Courthouse","layer":"courthouses","note":"OpenStreetMap","osm_id":"way/98608031","osm_url":"https://www.openstreetmap.org/way/98608031","source":"OpenStreetMap"}},{"type":"Feature","geometry":{"type":"Point","coordinates":[-0.3225586,51.0686016]},"properties":{"name":"Law Courts","layer":"courthouses","note":"OpenStreetMap","osm_id":"way/98945847","osm_url":"https://www.openstreetmap.org/way/98945847","source":"OpenStreetMap"}},{"type":"Feature","geometry":{"type":"Point","coordinates":[-9.4520854,51.6802108]},"properties":{"name":"Old Bantry Courthouse","layer":"courthouses","note":"OpenStreetMap","osm_id":"way/992810994","osm_url":"https://www.openstreetmap.org/way/992810994","source":"OpenStreetMap"}}]}
