{"type":"FeatureCollection","features":[{"type":"Feature","geometry":{"type":"Point","coordinates":[-4.1269338,50.4159244]},"properties":{"name":"Phlebotomy Services","layer":"hospitals","note":"University Hospital Plymouth","osm_id":"node/10075023472","osm_url":"https://www.openstreetmap.org/node/10075023472","source":"OpenStreetMap","brand":"University Hospital Plymouth"}},{"type":"Feature","geometry":{"type":"Point","coordinates":[-6.1406136,53.2416161]},"properties":{"name":"Mater Private Network, Day Hospital","layer":"hospitals","note":"OpenStreetMap","osm_id":"node/10674990622","osm_url":"https://www.openstreetmap.org/node/10674990622","source":"OpenStreetMap"}},{"type":"Feature","geometry":{"type":"Point","coordinates":[-0.2618505,51.3361067]},"properties":{"name":"SpaMedica Epsom","layer":"hospitals","note":"SpaMedica","osm_id":"node/10716500404","osm_url":"https://www.openstreetmap.org/node/10716500404","source":"OpenStreetMap","brand":"SpaMedica"}},{"type":"Feature","geometry":{"type":"Point","coordinates":[-0.7758343,50.8478033]},"properties":{"name":"Connolly House","layer":"hospitals","note":"Sussex Partnership NHS Trust","osm_id":"node/10754445090","osm_url":"https://www.openstreetmap.org/node/10754445090","source":"OpenStreetMap","brand":"Sussex Partnership NHS Trust"}},{"type":"Feature","geometry":{"type":"Point","coordinates":[-0.8262369,51.7284019]},"properties":{"name":"The Paddocks Hospital","layer":"hospitals","note":"OpenStreetMap","osm_id":"node/1085749703","osm_url":"https://www.openstreetmap.org/node/1085749703","source":"OpenStreetMap"}},{"type":"Feature","geometry":{"type":"Point","coordinates":[-0.9748866,50.8582719]},"properties":{"name":"Elmleigh Hospital","layer":"hospitals","note":"OpenStreetMap","osm_id":"node/10917722362","osm_url":"https://www.openstreetmap.org/node/10917722362","source":"OpenStreetMap"}},{"type":"Feature","geometry":{"type":"Point","coordinates":[-0.1123103,51.3911811]},"properties":{"name":"Sexual Health Clinic","layer":"hospitals","note":"Croydon University Hospital","osm_id":"node/10995777570","osm_url":"https://www.openstreetmap.org/node/10995777570","source":"OpenStreetMap","brand":"Croydon University Hospital"}},{"type":"Feature","geometry":{"type":"Point","coordinates":[-0.1115896,51.3895435]},"properties":{"name":"Macmillan Cancer Support Centres","layer":"hospitals","note":"Croydon University Hospital","osm_id":"node/10995777571","osm_url":"https://www.openstreetmap.org/node/10995777571","source":"OpenStreetMap","brand":"Croydon University Hospital"}},{"type":"Feature","geometry":{"type":"Point","coordinates":[-0.1111571,51.3892531]},"properties":{"name":"Main Reception","layer":"hospitals","note":"Croydon University Hospital","osm_id":"node/10995801768","osm_url":"https://www.openstreetmap.org/node/10995801768","source":"OpenStreetMap","brand":"Croydon University Hospital"}},{"type":"Feature","geometry":{"type":"Point","coordinates":[-0.108499,51.388644]},"properties":{"name":"Patient Advice and Liaison Service (PALS)","layer":"hospitals","note":"Croydon University Hospital","osm_id":"node/10995804162","osm_url":"https://www.openstreetmap.org/node/10995804162","source":"OpenStreetMap","brand":"Croydon University Hospital"}},{"type":"Feature","geometry":{"type":"Point","coordinates":[-0.1110591,51.3912926]},"properties":{"name":"Maternity Reception","layer":"hospitals","note":"Croydon University Hospital","osm_id":"node/10995804163","osm_url":"https://www.openstreetmap.org/node/10995804163","source":"OpenStreetMap","brand":"Croydon University Hospital"}},{"type":"Feature","geometry":{"type":"Point","coordinates":[-0.1102788,51.3911477]},"properties":{"name":"Fertility Treatment","layer":"hospitals","note":"OpenStreetMap","osm_id":"node/10995804164","osm_url":"https://www.openstreetmap.org/node/10995804164","source":"OpenStreetMap"}},{"type":"Feature","geometry":{"type":"Point","coordinates":[-0.1093613,51.3905149]},"properties":{"name":"Gynaecology Department","layer":"hospitals","note":"Croydon University Hospital","osm_id":"node/10995804171","osm_url":"https://www.openstreetmap.org/node/10995804171","source":"OpenStreetMap","brand":"Croydon University Hospital"}},{"type":"Feature","geometry":{"type":"Point","coordinates":[-0.1110648,51.3909333]},"properties":{"name":"Women's Health Unit","layer":"hospitals","note":"Croydon University Hospital","osm_id":"node/10995804179","osm_url":"https://www.openstreetmap.org/node/10995804179","source":"OpenStreetMap","brand":"Croydon University Hospital"}},{"type":"Feature","geometry":{"type":"Point","coordinates":[-0.11113,51.3887004]},"properties":{"name":"Croydon Heart Centre","layer":"hospitals","note":"OpenStreetMap","osm_id":"node/10995804180","osm_url":"https://www.openstreetmap.org/node/10995804180","source":"OpenStreetMap"}},{"type":"Feature","geometry":{"type":"Point","coordinates":[-0.1097438,51.3902698]},"properties":{"name":"Dental Department","layer":"hospitals","note":"Croydon University Hospital","osm_id":"node/10995804184","osm_url":"https://www.openstreetmap.org/node/10995804184","source":"OpenStreetMap","brand":"Croydon University Hospital"}},{"type":"Feature","geometry":{"type":"Point","coordinates":[-0.1099614,51.3904846]},"properties":{"name":"Dermatology Department","layer":"hospitals","note":"Croydon University Hospital","osm_id":"node/10995804185","osm_url":"https://www.openstreetmap.org/node/10995804185","source":"OpenStreetMap","brand":"Croydon University Hospital"}},{"type":"Feature","geometry":{"type":"Point","coordinates":[-0.108209,51.3886983]},"properties":{"name":"Diabetic Department","layer":"hospitals","note":"Croydon University Hospital","osm_id":"node/10995804186","osm_url":"https://www.openstreetmap.org/node/10995804186","source":"OpenStreetMap","brand":"Croydon University Hospital"}},{"type":"Feature","geometry":{"type":"Point","coordinates":[-0.1088304,51.3888297]},"properties":{"name":"MRI","layer":"hospitals","note":"Croydon University Hospital","osm_id":"node/10995804187","osm_url":"https://www.openstreetmap.org/node/10995804187","source":"OpenStreetMap","brand":"Croydon University Hospital"}},{"type":"Feature","geometry":{"type":"Point","coordinates":[-0.1087926,51.3891088]},"properties":{"name":"Main X-Ray","layer":"hospitals","note":"Croydon University Hospital","osm_id":"node/10995804195","osm_url":"https://www.openstreetmap.org/node/10995804195","source":"OpenStreetMap","brand":"Croydon University Hospital"}},{"type":"Feature","geometry":{"type":"Point","coordinates":[-0.1103441,51.3891619]},"properties":{"name":"Vascular Ultrasound","layer":"hospitals","note":"Croydon University Hospital","osm_id":"node/10995804196","osm_url":"https://www.openstreetmap.org/node/10995804196","source":"OpenStreetMap","brand":"Croydon University Hospital"}},{"type":"Feature","geometry":{"type":"Point","coordinates":[-0.1102589,51.3890953]},"properties":{"name":"Wound Clinic","layer":"hospitals","note":"Croydon University Hospital","osm_id":"node/10995804197","osm_url":"https://www.openstreetmap.org/node/10995804197","source":"OpenStreetMap","brand":"Croydon University Hospital"}},{"type":"Feature","geometry":{"type":"Point","coordinates":[-0.1099839,51.3893068]},"properties":{"name":"Moorfields Eye Unit","layer":"hospitals","note":"Croydon University Hospital","osm_id":"node/10995804198","osm_url":"https://www.openstreetmap.org/node/10995804198","source":"OpenStreetMap","brand":"Croydon University Hospital"}},{"type":"Feature","geometry":{"type":"Point","coordinates":[-0.1097382,51.389144]},"properties":{"name":"The Willows (Children's Clinic)","layer":"hospitals","note":"Croydon University Hospital","osm_id":"node/10995804199","osm_url":"https://www.openstreetmap.org/node/10995804199","source":"OpenStreetMap","brand":"Croydon University Hospital"}},{"type":"Feature","geometry":{"type":"Point","coordinates":[-0.1107072,51.3898664]},"properties":{"name":"Day Surgery Unit (DSU)","layer":"hospitals","note":"Croydon University Hospital","osm_id":"node/10995804200","osm_url":"https://www.openstreetmap.org/node/10995804200","source":"OpenStreetMap","brand":"Croydon University Hospital"}},{"type":"Feature","geometry":{"type":"Point","coordinates":[-0.1092569,51.3887022]},"properties":{"name":"Emergency Department","layer":"hospitals","note":"Croydon University Hospital","osm_id":"node/10995811829","osm_url":"https://www.openstreetmap.org/node/10995811829","source":"OpenStreetMap","brand":"Croydon University Hospital"}},{"type":"Feature","geometry":{"type":"Point","coordinates":[-6.1815316,53.4041222]},"properties":{"name":"Mater Private Hospital","layer":"hospitals","note":"OpenStreetMap","osm_id":"node/11043766087","osm_url":"https://www.openstreetmap.org/node/11043766087","source":"OpenStreetMap"}},{"type":"Feature","geometry":{"type":"Point","coordinates":[-0.0927953,51.4687588]},"properties":{"name":"King's College Hospital Emergency Department","layer":"hospitals","note":"OpenStreetMap","osm_id":"node/11170258999","osm_url":"https://www.openstreetmap.org/node/11170258999","source":"OpenStreetMap"}},{"type":"Feature","geometry":{"type":"Point","coordinates":[-1.1114254,51.2816292]},"properties":{"name":"Coronary Care Unit (CCU) and Cardiology Ward","layer":"hospitals","note":"Hampshire Hospitals NHS Foundation Trust","osm_id":"node/11255122474","osm_url":"https://www.openstreetmap.org/node/11255122474","source":"OpenStreetMap","brand":"Hampshire Hospitals NHS Foundation Trust"}},{"type":"Feature","geometry":{"type":"Point","coordinates":[-0.1848418,51.3797984]},"properties":{"name":"Queen Mary's Childrens' Hospital","layer":"hospitals","note":"OpenStreetMap","osm_id":"node/1131534975","osm_url":"https://www.openstreetmap.org/node/1131534975","source":"OpenStreetMap"}},{"type":"Feature","geometry":{"type":"Point","coordinates":[-8.9408528,52.5218706]},"properties":{"name":"Hospital","layer":"hospitals","note":"OpenStreetMap","osm_id":"node/1143181628","osm_url":"https://www.openstreetmap.org/node/1143181628","source":"OpenStreetMap"}},{"type":"Feature","geometry":{"type":"Point","coordinates":[1.1802996,51.0788642]},"properties":{"name":"Kent Community Health","layer":"hospitals","note":"OpenStreetMap","osm_id":"node/11582599479","osm_url":"https://www.openstreetmap.org/node/11582599479","source":"OpenStreetMap"}},{"type":"Feature","geometry":{"type":"Point","coordinates":[-2.8711518,53.5649775]},"properties":{"name":"Children's Outpatients Department","layer":"hospitals","note":"OpenStreetMap","osm_id":"node/11599550184","osm_url":"https://www.openstreetmap.org/node/11599550184","source":"OpenStreetMap"}},{"type":"Feature","geometry":{"type":"Point","coordinates":[-2.8712622,53.5650128]},"properties":{"name":"Children's A&E","layer":"hospitals","note":"OpenStreetMap","osm_id":"node/11599550185","osm_url":"https://www.openstreetmap.org/node/11599550185","source":"OpenStreetMap"}},{"type":"Feature","geometry":{"type":"Point","coordinates":[-2.0825499,53.1250868]},"properties":{"name":"John Munroe Hospital","layer":"hospitals","note":"OpenStreetMap","osm_id":"node/1178927017","osm_url":"https://www.openstreetmap.org/node/1178927017","source":"OpenStreetMap"}},{"type":"Feature","geometry":{"type":"Point","coordinates":[-2.5623233,51.1898321]},"properties":{"name":"Practice Plus Group Hospital, Shepton Mallet","layer":"hospitals","note":"OpenStreetMap","osm_id":"node/11955688934","osm_url":"https://www.openstreetmap.org/node/11955688934","source":"OpenStreetMap"}},{"type":"Feature","geometry":{"type":"Point","coordinates":[-0.0927114,51.4691229]},"properties":{"name":"Dental Hospital","layer":"hospitals","note":"OpenStreetMap","osm_id":"node/12026398668","osm_url":"https://www.openstreetmap.org/node/12026398668","source":"OpenStreetMap"}},{"type":"Feature","geometry":{"type":"Point","coordinates":[-2.6478674,53.7864778]},"properties":{"name":"Greater Lancashire Hospital","layer":"hospitals","note":"OpenStreetMap","osm_id":"node/12097233410","osm_url":"https://www.openstreetmap.org/node/12097233410","source":"OpenStreetMap"}},{"type":"Feature","geometry":{"type":"Point","coordinates":[-0.4042252,51.6490168]},"properties":{"name":"Watford General Hospital","layer":"hospitals","note":"OpenStreetMap","osm_id":"node/12152081139","osm_url":"https://www.openstreetmap.org/node/12152081139","source":"OpenStreetMap"}},{"type":"Feature","geometry":{"type":"Point","coordinates":[-0.1213221,51.5216322]},"properties":{"name":"Great Ormond Street Outpatients - Zebra and Hippo Clinic Areas","layer":"hospitals","note":"OpenStreetMap","osm_id":"node/12187913901","osm_url":"https://www.openstreetmap.org/node/12187913901","source":"OpenStreetMap"}},{"type":"Feature","geometry":{"type":"Point","coordinates":[-0.3772728,51.4694387]},"properties":{"name":"Hounslow Medical Centre","layer":"hospitals","note":"OpenStreetMap","osm_id":"node/12313941685","osm_url":"https://www.openstreetmap.org/node/12313941685","source":"OpenStreetMap"}},{"type":"Feature","geometry":{"type":"Point","coordinates":[-1.1799649,52.6531039]},"properties":{"name":"South Entrance","layer":"hospitals","note":"OpenStreetMap","osm_id":"node/12513190953","osm_url":"https://www.openstreetmap.org/node/12513190953","source":"OpenStreetMap"}},{"type":"Feature","geometry":{"type":"Point","coordinates":[-1.1791683,52.6546021]},"properties":{"name":"Main Entrance","layer":"hospitals","note":"OpenStreetMap","osm_id":"node/12513199634","osm_url":"https://www.openstreetmap.org/node/12513199634","source":"OpenStreetMap"}},{"type":"Feature","geometry":{"type":"Point","coordinates":[-2.2945338,53.4868497]},"properties":{"name":"Salford Gastric Bypass Surgery","layer":"hospitals","note":"OpenStreetMap","osm_id":"node/12531742324","osm_url":"https://www.openstreetmap.org/node/12531742324","source":"OpenStreetMap"}},{"type":"Feature","geometry":{"type":"Point","coordinates":[-0.1380023,51.5196573]},"properties":{"name":"National Hospital for Neurology and Neurosurgery at Cleveland Street","layer":"hospitals","note":"NHS","osm_id":"node/12601902086","osm_url":"https://www.openstreetmap.org/node/12601902086","source":"OpenStreetMap","brand":"NHS"}},{"type":"Feature","geometry":{"type":"Point","coordinates":[-1.4630985,53.4129642]},"properties":{"name":"Phlebotomy Drive Through Service","layer":"hospitals","note":"OpenStreetMap","osm_id":"node/12643070901","osm_url":"https://www.openstreetmap.org/node/12643070901","source":"OpenStreetMap"}},{"type":"Feature","geometry":{"type":"Point","coordinates":[-2.9792744,56.4584151]},"properties":{"name":"Dundee Dental Hospital","layer":"hospitals","note":"OpenStreetMap","osm_id":"node/12744104332","osm_url":"https://www.openstreetmap.org/node/12744104332","source":"OpenStreetMap"}},{"type":"Feature","geometry":{"type":"Point","coordinates":[-2.6811145,50.9916413]},"properties":{"name":"NG Cleaning Services","layer":"hospitals","note":"OpenStreetMap","osm_id":"node/12840888053","osm_url":"https://www.openstreetmap.org/node/12840888053","source":"OpenStreetMap"}},{"type":"Feature","geometry":{"type":"Point","coordinates":[-0.1124702,51.5208997]},"properties":{"name":"Medlabs Diagnostics","layer":"hospitals","note":"OpenStreetMap","osm_id":"node/12842417237","osm_url":"https://www.openstreetmap.org/node/12842417237","source":"OpenStreetMap"}},{"type":"Feature","geometry":{"type":"Point","coordinates":[-0.1363481,51.5238264]},"properties":{"name":"Proton International @ UCLH","layer":"hospitals","note":"Proton International London Limited","osm_id":"node/12873147549","osm_url":"https://www.openstreetmap.org/node/12873147549","source":"OpenStreetMap","brand":"Proton International London Limited"}},{"type":"Feature","geometry":{"type":"Point","coordinates":[-0.1352478,51.5225872]},"properties":{"name":"HCA Healthcare UK Laboratories","layer":"hospitals","note":"OpenStreetMap","osm_id":"node/12873147555","osm_url":"https://www.openstreetmap.org/node/12873147555","source":"OpenStreetMap"}},{"type":"Feature","geometry":{"type":"Point","coordinates":[-0.1302119,51.5199661]},"properties":{"name":"Optimal Vision","layer":"hospitals","note":"Optimal Vision Ltd","osm_id":"node/12873180107","osm_url":"https://www.openstreetmap.org/node/12873180107","source":"OpenStreetMap","brand":"Optimal Vision Ltd"}},{"type":"Feature","geometry":{"type":"Point","coordinates":[-0.1299683,51.5145533]},"properties":{"name":"Until SOHO","layer":"hospitals","note":"OpenStreetMap","osm_id":"node/12873245976","osm_url":"https://www.openstreetmap.org/node/12873245976","source":"OpenStreetMap"}},{"type":"Feature","geometry":{"type":"Point","coordinates":[-0.1230571,51.5217376]},"properties":{"name":"Queen Square Imaging Centre","layer":"hospitals","note":"Q.S. Enterprises Limited","osm_id":"node/12875654728","osm_url":"https://www.openstreetmap.org/node/12875654728","source":"OpenStreetMap","brand":"Q.S. Enterprises Limited"}},{"type":"Feature","geometry":{"type":"Point","coordinates":[-0.1300121,51.5145501]},"properties":{"name":"Tunica Diagnostics","layer":"hospitals","note":"Tunica Diagnostics ltd","osm_id":"node/12886273770","osm_url":"https://www.openstreetmap.org/node/12886273770","source":"OpenStreetMap","brand":"Tunica Diagnostics ltd"}},{"type":"Feature","geometry":{"type":"Point","coordinates":[-0.1360165,51.5227136]},"properties":{"name":"Clinical Research Facility","layer":"hospitals","note":"University College London Hospitals NHS Foundation Trust","osm_id":"node/12924662500","osm_url":"https://www.openstreetmap.org/node/12924662500","source":"OpenStreetMap","brand":"University College London Hospitals NHS Foundation Trust"}},{"type":"Feature","geometry":{"type":"Point","coordinates":[-3.0345767,51.8236544]},"properties":{"name":"Velindre@Nevill Hall Radiotherapy Unit","layer":"hospitals","note":"Velindre Cancer Service","osm_id":"node/12956393007","osm_url":"https://www.openstreetmap.org/node/12956393007","source":"OpenStreetMap","brand":"Velindre Cancer Service"}},{"type":"Feature","geometry":{"type":"Point","coordinates":[-2.4836761,52.7176156]},"properties":{"name":"Shrewsbury & Telford Hospital NHS Trust Sterile Services Department (SSD)","layer":"hospitals","note":"OpenStreetMap","osm_id":"node/12992309391","osm_url":"https://www.openstreetmap.org/node/12992309391","source":"OpenStreetMap"}},{"type":"Feature","geometry":{"type":"Point","coordinates":[-0.1403723,51.5234503]},"properties":{"name":"Sleep & Health Clinic","layer":"hospitals","note":"Sleep & Health Clinic ltd","osm_id":"node/13006104317","osm_url":"https://www.openstreetmap.org/node/13006104317","source":"OpenStreetMap","brand":"Sleep & Health Clinic ltd"}},{"type":"Feature","geometry":{"type":"Point","coordinates":[-1.6229243,52.0661488]},"properties":{"name":"Hospital Car Park","layer":"hospitals","note":"NHS","osm_id":"node/13045346494","osm_url":"https://www.openstreetmap.org/node/13045346494","source":"OpenStreetMap","brand":"NHS"}},{"type":"Feature","geometry":{"type":"Point","coordinates":[-4.1186073,50.4179774]},"properties":{"name":"Urgent Treatment Centre","layer":"hospitals","note":"University Hospitals Plymouth","osm_id":"node/13114940267","osm_url":"https://www.openstreetmap.org/node/13114940267","source":"OpenStreetMap","brand":"University Hospitals Plymouth"}},{"type":"Feature","geometry":{"type":"Point","coordinates":[-4.1184204,50.4185469]},"properties":{"name":"Dermatology","layer":"hospitals","note":"OpenStreetMap","osm_id":"node/13114940273","osm_url":"https://www.openstreetmap.org/node/13114940273","source":"OpenStreetMap"}},{"type":"Feature","geometry":{"type":"Point","coordinates":[-0.7405773,52.4011776]},"properties":{"name":"Procurement & Supplies Department (Stores)","layer":"hospitals","note":"OpenStreetMap","osm_id":"node/13186215801","osm_url":"https://www.openstreetmap.org/node/13186215801","source":"OpenStreetMap"}},{"type":"Feature","geometry":{"type":"Point","coordinates":[-5.9394996,54.6079957]},"properties":{"name":"Macular Clinic","layer":"hospitals","note":"OpenStreetMap","osm_id":"node/13196719821","osm_url":"https://www.openstreetmap.org/node/13196719821","source":"OpenStreetMap"}},{"type":"Feature","geometry":{"type":"Point","coordinates":[0.0367652,51.5229852]},"properties":{"name":"Neonatal Unit, L1 Z2","layer":"hospitals","note":"OpenStreetMap","osm_id":"node/13262025383","osm_url":"https://www.openstreetmap.org/node/13262025383","source":"OpenStreetMap"}},{"type":"Feature","geometry":{"type":"Point","coordinates":[0.0343603,51.5229803]},"properties":{"name":"A&E Department","layer":"hospitals","note":"OpenStreetMap","osm_id":"node/13262504860","osm_url":"https://www.openstreetmap.org/node/13262504860","source":"OpenStreetMap"}},{"type":"Feature","geometry":{"type":"Point","coordinates":[0.0350684,51.5233041]},"properties":{"name":"Rainbow Ward","layer":"hospitals","note":"OpenStreetMap","osm_id":"node/13262504861","osm_url":"https://www.openstreetmap.org/node/13262504861","source":"OpenStreetMap"}},{"type":"Feature","geometry":{"type":"Point","coordinates":[-5.2098874,50.2807544]},"properties":{"name":"Mount Hawke Surgery","layer":"hospitals","note":"OpenStreetMap","osm_id":"node/1326358672","osm_url":"https://www.openstreetmap.org/node/1326358672","source":"OpenStreetMap"}},{"type":"Feature","geometry":{"type":"Point","coordinates":[-4.1188343,50.418012]},"properties":{"name":"Main Outpatients","layer":"hospitals","note":"University Hospitals Plymouth","osm_id":"node/13294872944","osm_url":"https://www.openstreetmap.org/node/13294872944","source":"OpenStreetMap","brand":"University Hospitals Plymouth"}},{"type":"Feature","geometry":{"type":"Point","coordinates":[-3.6858213,51.4862478]},"properties":{"name":"Porthcawl Medical Centre","layer":"hospitals","note":"OpenStreetMap","osm_id":"node/13333816371","osm_url":"https://www.openstreetmap.org/node/13333816371","source":"OpenStreetMap"}},{"type":"Feature","geometry":{"type":"Point","coordinates":[-2.5107251,53.5042134]},"properties":{"name":"Leigh Health Centre","layer":"hospitals","note":"NHS","osm_id":"node/13350771898","osm_url":"https://www.openstreetmap.org/node/13350771898","source":"OpenStreetMap","brand":"NHS"}},{"type":"Feature","geometry":{"type":"Point","coordinates":[-2.9353927,53.4678443]},"properties":{"name":"DRIVE THROUGH PHLEBOTOMY","layer":"hospitals","note":"OpenStreetMap","osm_id":"node/13363799754","osm_url":"https://www.openstreetmap.org/node/13363799754","source":"OpenStreetMap"}},{"type":"Feature","geometry":{"type":"Point","coordinates":[-2.1255254,53.554586]},"properties":{"name":"SpaMedica Oldham","layer":"hospitals","note":"SpaMedica","osm_id":"node/13370482515","osm_url":"https://www.openstreetmap.org/node/13370482515","source":"OpenStreetMap","brand":"SpaMedica"}},{"type":"Feature","geometry":{"type":"Point","coordinates":[-0.4708027,52.1276092]},"properties":{"name":"Bedford Hospital SDEC - Same Day Emergency Care","layer":"hospitals","note":"OpenStreetMap","osm_id":"node/13397655001","osm_url":"https://www.openstreetmap.org/node/13397655001","source":"OpenStreetMap"}},{"type":"Feature","geometry":{"type":"Point","coordinates":[-0.0898754,51.5346809]},"properties":{"name":"Moorfields at Hoxton","layer":"hospitals","note":"Moorfields Eye Hospital","osm_id":"node/13436406358","osm_url":"https://www.openstreetmap.org/node/13436406358","source":"OpenStreetMap","brand":"Moorfields Eye Hospital"}},{"type":"Feature","geometry":{"type":"Point","coordinates":[-2.5587997,49.4473451]},"properties":{"name":"Emergency Department","layer":"hospitals","note":"OpenStreetMap","osm_id":"node/13544152092","osm_url":"https://www.openstreetmap.org/node/13544152092","source":"OpenStreetMap"}},{"type":"Feature","geometry":{"type":"Point","coordinates":[-2.1714272,52.5935906]},"properties":{"name":"krishna pemmaraju","layer":"hospitals","note":"OpenStreetMap","osm_id":"node/13594671170","osm_url":"https://www.openstreetmap.org/node/13594671170","source":"OpenStreetMap"}},{"type":"Feature","geometry":{"type":"Point","coordinates":[-2.0673602,51.8920733]},"properties":{"name":"Estates Workshop","layer":"hospitals","note":"NHS","osm_id":"node/13617450463","osm_url":"https://www.openstreetmap.org/node/13617450463","source":"OpenStreetMap","brand":"NHS"}},{"type":"Feature","geometry":{"type":"Point","coordinates":[-2.0669811,51.8918526]},"properties":{"name":"Financial Management","layer":"hospitals","note":"NHS","osm_id":"node/13617468271","osm_url":"https://www.openstreetmap.org/node/13617468271","source":"OpenStreetMap","brand":"NHS"}},{"type":"Feature","geometry":{"type":"Point","coordinates":[-2.0671445,51.8918397]},"properties":{"name":"Countywide IT Services","layer":"hospitals","note":"NHS","osm_id":"node/13617494747","osm_url":"https://www.openstreetmap.org/node/13617494747","source":"OpenStreetMap","brand":"NHS"}},{"type":"Feature","geometry":{"type":"Point","coordinates":[-2.0669549,51.8918033]},"properties":{"name":"Senior Finance & Information Teams and Service Agreement Team","layer":"hospitals","note":"NHS","osm_id":"node/13617501987","osm_url":"https://www.openstreetmap.org/node/13617501987","source":"OpenStreetMap","brand":"NHS"}},{"type":"Feature","geometry":{"type":"Point","coordinates":[-2.0672189,51.8917935]},"properties":{"name":"Gloucestershire Managed Services Headquarters","layer":"hospitals","note":"NHS","osm_id":"node/13617510138","osm_url":"https://www.openstreetmap.org/node/13617510138","source":"OpenStreetMap","brand":"NHS"}},{"type":"Feature","geometry":{"type":"Point","coordinates":[-2.0670854,51.8918961]},"properties":{"name":"Information Unit","layer":"hospitals","note":"NHS","osm_id":"node/13617510587","osm_url":"https://www.openstreetmap.org/node/13617510587","source":"OpenStreetMap","brand":"NHS"}},{"type":"Feature","geometry":{"type":"Point","coordinates":[-2.0681158,51.8922714]},"properties":{"name":"NHS Records Office","layer":"hospitals","note":"NHS","osm_id":"node/13617546676","osm_url":"https://www.openstreetmap.org/node/13617546676","source":"OpenStreetMap","brand":"NHS"}},{"type":"Feature","geometry":{"type":"Point","coordinates":[-1.4330469,54.517055]},"properties":{"name":"Middleton St.George Hospital","layer":"hospitals","note":"Priory Healthcare","osm_id":"node/13656897689","osm_url":"https://www.openstreetmap.org/node/13656897689","source":"OpenStreetMap","brand":"Priory Healthcare"}},{"type":"Feature","geometry":{"type":"Point","coordinates":[-2.5108287,52.7116148]},"properties":{"name":"Paul Brown Building","layer":"hospitals","note":"OpenStreetMap","osm_id":"node/13674300428","osm_url":"https://www.openstreetmap.org/node/13674300428","source":"OpenStreetMap"}},{"type":"Feature","geometry":{"type":"Point","coordinates":[-2.5098442,52.7120485]},"properties":{"name":"Bickerstaff Endoscopy Unit","layer":"hospitals","note":"OpenStreetMap","osm_id":"node/13674465760","osm_url":"https://www.openstreetmap.org/node/13674465760","source":"OpenStreetMap"}},{"type":"Feature","geometry":{"type":"Point","coordinates":[-2.5110082,52.7116213]},"properties":{"name":"Discharge Lounge","layer":"hospitals","note":"OpenStreetMap","osm_id":"node/13674479223","osm_url":"https://www.openstreetmap.org/node/13674479223","source":"OpenStreetMap"}},{"type":"Feature","geometry":{"type":"Point","coordinates":[-2.5121231,52.7120594]},"properties":{"name":"Cardio / Respiratory","layer":"hospitals","note":"OpenStreetMap","osm_id":"node/13674496086","osm_url":"https://www.openstreetmap.org/node/13674496086","source":"OpenStreetMap"}},{"type":"Feature","geometry":{"type":"Point","coordinates":[-7.2804733,55.0135559]},"properties":{"name":"Waterside Hospital","layer":"hospitals","note":"OpenStreetMap","osm_id":"node/1376200677","osm_url":"https://www.openstreetmap.org/node/1376200677","source":"OpenStreetMap"}},{"type":"Feature","geometry":{"type":"Point","coordinates":[-7.2826835,55.0153949]},"properties":{"name":"Lakeview","layer":"hospitals","note":"OpenStreetMap","osm_id":"node/1376200841","osm_url":"https://www.openstreetmap.org/node/1376200841","source":"OpenStreetMap"}},{"type":"Feature","geometry":{"type":"Point","coordinates":[-1.1432294,50.8004111]},"properties":{"name":"Forton Medical Centre","layer":"hospitals","note":"OpenStreetMap","osm_id":"node/13831560901","osm_url":"https://www.openstreetmap.org/node/13831560901","source":"OpenStreetMap"}},{"type":"Feature","geometry":{"type":"Point","coordinates":[-0.281787,51.4150515]},"properties":{"name":"Phlebotomy / Blood Tests","layer":"hospitals","note":"OpenStreetMap","osm_id":"node/13942536112","osm_url":"https://www.openstreetmap.org/node/13942536112","source":"OpenStreetMap"}},{"type":"Feature","geometry":{"type":"Point","coordinates":[-4.1395609,50.3685432]},"properties":{"name":"NHS Breast Imaging Service","layer":"hospitals","note":"NHS","osm_id":"node/13978890613","osm_url":"https://www.openstreetmap.org/node/13978890613","source":"OpenStreetMap","brand":"NHS"}},{"type":"Feature","geometry":{"type":"Point","coordinates":[-3.4967609,53.2705474]},"properties":{"name":"Northwales cardiac center","layer":"hospitals","note":"OpenStreetMap","osm_id":"node/14016867501","osm_url":"https://www.openstreetmap.org/node/14016867501","source":"OpenStreetMap"}},{"type":"Feature","geometry":{"type":"Point","coordinates":[-4.2660744,55.8658545]},"properties":{"name":"Glasgow Dental Hospital & School","layer":"hospitals","note":"OpenStreetMap","osm_id":"node/14157627679","osm_url":"https://www.openstreetmap.org/node/14157627679","source":"OpenStreetMap"}},{"type":"Feature","geometry":{"type":"Point","coordinates":[-2.1729234,52.5940542]},"properties":{"name":"Mr Gopala Krishna Pemmaraju","layer":"hospitals","note":"OpenStreetMap","osm_id":"node/14170476704","osm_url":"https://www.openstreetmap.org/node/14170476704","source":"OpenStreetMap"}},{"type":"Feature","geometry":{"type":"Point","coordinates":[-2.2510279,51.8636084]},"properties":{"name":"Gloucestershire NHS Procurement Shared Service","layer":"hospitals","note":"NHS","osm_id":"node/14170941599","osm_url":"https://www.openstreetmap.org/node/14170941599","source":"OpenStreetMap","brand":"NHS"}},{"type":"Feature","geometry":{"type":"Point","coordinates":[-2.2510157,51.8636272]},"properties":{"name":"NHS Gloucestershire Local Counter Fraud Service","layer":"hospitals","note":"NHS","osm_id":"node/14170941600","osm_url":"https://www.openstreetmap.org/node/14170941600","source":"OpenStreetMap","brand":"NHS"}},{"type":"Feature","geometry":{"type":"Point","coordinates":[-1.301372,50.7108518]},"properties":{"name":"Mr Rohan Sawant (St Mary’s Hospital)","layer":"hospitals","note":"OpenStreetMap","osm_id":"node/14196769540","osm_url":"https://www.openstreetmap.org/node/14196769540","source":"OpenStreetMap"}},{"type":"Feature","geometry":{"type":"Point","coordinates":[-1.0532301,54.5386008]},"properties":{"name":"Guisborough Priory Hospital MIU","layer":"hospitals","note":"OpenStreetMap","osm_id":"node/1422752943","osm_url":"https://www.openstreetmap.org/node/1422752943","source":"OpenStreetMap"}},{"type":"Feature","geometry":{"type":"Point","coordinates":[-3.0285966,53.3313824]},"properties":{"name":"Clatterbridge Cancer Centre - Wirral","layer":"hospitals","note":"The Clatterbridge Cancer Centre NHS Foundation Trust","osm_id":"node/142717684","osm_url":"https://www.openstreetmap.org/node/142717684","source":"OpenStreetMap","brand":"The Clatterbridge Cancer Centre NHS Foundation Trust"}},{"type":"Feature","geometry":{"type":"Point","coordinates":[-1.3479517,54.580466]},"properties":{"name":"Butterwick Hospice","layer":"hospitals","note":"OpenStreetMap","osm_id":"node/1484011034","osm_url":"https://www.openstreetmap.org/node/1484011034","source":"OpenStreetMap"}},{"type":"Feature","geometry":{"type":"Point","coordinates":[-2.1902949,53.0562194]},"properties":{"name":"Haywood Hospital Walk-in Centre","layer":"hospitals","note":"NHS","osm_id":"node/15034614","osm_url":"https://www.openstreetmap.org/node/15034614","source":"OpenStreetMap","brand":"NHS"}},{"type":"Feature","geometry":{"type":"Point","coordinates":[-3.7078793,51.7681244]},"properties":{"name":"St John Ambulance - Not manned 24/7","layer":"hospitals","note":"OpenStreetMap","osm_id":"node/1625946220","osm_url":"https://www.openstreetmap.org/node/1625946220","source":"OpenStreetMap"}},{"type":"Feature","geometry":{"type":"Point","coordinates":[-3.0090102,53.9267965]},"properties":{"name":"Fleetwood Hospital","layer":"hospitals","note":"Blackpool Teaching Hospitals NHS Foundation Trust","osm_id":"node/1666968720","osm_url":"https://www.openstreetmap.org/node/1666968720","source":"OpenStreetMap","brand":"Blackpool Teaching Hospitals NHS Foundation Trust"}},{"type":"Feature","geometry":{"type":"Point","coordinates":[-4.076953,52.1125961]},"properties":{"name":"Lampeter Medical Practice","layer":"hospitals","note":"OpenStreetMap","osm_id":"node/1708867073","osm_url":"https://www.openstreetmap.org/node/1708867073","source":"OpenStreetMap"}},{"type":"Feature","geometry":{"type":"Point","coordinates":[-1.4468632,54.9266161]},"properties":{"name":"Sunderland Primary care Trust","layer":"hospitals","note":"OpenStreetMap","osm_id":"node/1737180164","osm_url":"https://www.openstreetmap.org/node/1737180164","source":"OpenStreetMap"}},{"type":"Feature","geometry":{"type":"Point","coordinates":[-2.1676761,53.8573814]},"properties":{"name":"health center","layer":"hospitals","note":"OpenStreetMap","osm_id":"node/1775530764","osm_url":"https://www.openstreetmap.org/node/1775530764","source":"OpenStreetMap"}},{"type":"Feature","geometry":{"type":"Point","coordinates":[-3.796741,51.9987191]},"properties":{"name":"Llandovery Hospital","layer":"hospitals","note":"OpenStreetMap","osm_id":"node/1866431684","osm_url":"https://www.openstreetmap.org/node/1866431684","source":"OpenStreetMap"}},{"type":"Feature","geometry":{"type":"Point","coordinates":[-0.7466163,51.9985863]},"properties":{"name":"Parkside Medical Centre","layer":"hospitals","note":"OpenStreetMap","osm_id":"node/1933237679","osm_url":"https://www.openstreetmap.org/node/1933237679","source":"OpenStreetMap"}},{"type":"Feature","geometry":{"type":"Point","coordinates":[-0.1715368,51.4020487]},"properties":{"name":"Chapel Orchard Day Surgery","layer":"hospitals","note":"OpenStreetMap","osm_id":"node/1971677516","osm_url":"https://www.openstreetmap.org/node/1971677516","source":"OpenStreetMap"}},{"type":"Feature","geometry":{"type":"Point","coordinates":[-2.9301013,53.3895713]},"properties":{"name":"Greenbank Drive Surgery","layer":"hospitals","note":"OpenStreetMap","osm_id":"node/2042666651","osm_url":"https://www.openstreetmap.org/node/2042666651","source":"OpenStreetMap"}},{"type":"Feature","geometry":{"type":"Point","coordinates":[0.1367897,52.2183876]},"properties":{"name":"Urgent Care Cambridge","layer":"hospitals","note":"OpenStreetMap","osm_id":"node/21137164","osm_url":"https://www.openstreetmap.org/node/21137164","source":"OpenStreetMap"}},{"type":"Feature","geometry":{"type":"Point","coordinates":[-0.5139421,52.1381807]},"properties":{"name":"The Manor","layer":"hospitals","note":"BMI","osm_id":"node/21285244","osm_url":"https://www.openstreetmap.org/node/21285244","source":"OpenStreetMap","brand":"BMI"}},{"type":"Feature","geometry":{"type":"Point","coordinates":[-2.1206239,52.5425111]},"properties":{"name":"Bilston Street Surgery","layer":"hospitals","note":"OpenStreetMap","osm_id":"node/2143756349","osm_url":"https://www.openstreetmap.org/node/2143756349","source":"OpenStreetMap"}},{"type":"Feature","geometry":{"type":"Point","coordinates":[0.1375173,51.8078101]},"properties":{"name":"Jacob's Neuro Centre","layer":"hospitals","note":"OpenStreetMap","osm_id":"node/2195752615","osm_url":"https://www.openstreetmap.org/node/2195752615","source":"OpenStreetMap"}},{"type":"Feature","geometry":{"type":"Point","coordinates":[-2.9999496,53.3630662]},"properties":{"name":"Parkfield Medical Centre","layer":"hospitals","note":"OpenStreetMap","osm_id":"node/2356504777","osm_url":"https://www.openstreetmap.org/node/2356504777","source":"OpenStreetMap"}},{"type":"Feature","geometry":{"type":"Point","coordinates":[-6.2188689,53.2767042]},"properties":{"name":"Beacon Hospital","layer":"hospitals","note":"OpenStreetMap","osm_id":"node/2368203201","osm_url":"https://www.openstreetmap.org/node/2368203201","source":"OpenStreetMap"}},{"type":"Feature","geometry":{"type":"Point","coordinates":[-2.9147444,53.4075426]},"properties":{"name":"Rathbone Hospital","layer":"hospitals","note":"OpenStreetMap","osm_id":"node/245066182","osm_url":"https://www.openstreetmap.org/node/245066182","source":"OpenStreetMap"}},{"type":"Feature","geometry":{"type":"Point","coordinates":[-1.5205128,53.8067154]},"properties":{"name":"Lincoln Wing - A Block Entrance","layer":"hospitals","note":"OpenStreetMap","osm_id":"node/249263544","osm_url":"https://www.openstreetmap.org/node/249263544","source":"OpenStreetMap"}},{"type":"Feature","geometry":{"type":"Point","coordinates":[-1.5213303,53.806396]},"properties":{"name":"St James's Hospital A&E","layer":"hospitals","note":"OpenStreetMap","osm_id":"node/249263546","osm_url":"https://www.openstreetmap.org/node/249263546","source":"OpenStreetMap"}},{"type":"Feature","geometry":{"type":"Point","coordinates":[-1.5188053,53.8084347]},"properties":{"name":"Cancer Genetics Building","layer":"hospitals","note":"OpenStreetMap","osm_id":"node/249263551","osm_url":"https://www.openstreetmap.org/node/249263551","source":"OpenStreetMap"}},{"type":"Feature","geometry":{"type":"Point","coordinates":[-0.1842301,50.8301875]},"properties":{"name":"Aldrington House","layer":"hospitals","note":"OpenStreetMap","osm_id":"node/25330284","osm_url":"https://www.openstreetmap.org/node/25330284","source":"OpenStreetMap"}},{"type":"Feature","geometry":{"type":"Point","coordinates":[-0.1183042,51.6320636]},"properties":{"name":"Priory Hospital","layer":"hospitals","note":"OpenStreetMap","osm_id":"node/254005151","osm_url":"https://www.openstreetmap.org/node/254005151","source":"OpenStreetMap"}},{"type":"Feature","geometry":{"type":"Point","coordinates":[-7.483232,54.831272]},"properties":{"name":"Lifford Community Hospital","layer":"hospitals","note":"OpenStreetMap","osm_id":"node/2545693040","osm_url":"https://www.openstreetmap.org/node/2545693040","source":"OpenStreetMap"}},{"type":"Feature","geometry":{"type":"Point","coordinates":[-1.4955728,53.3640029]},"properties":{"name":"Argyll House","layer":"hospitals","note":"OpenStreetMap","osm_id":"node/255461254","osm_url":"https://www.openstreetmap.org/node/255461254","source":"OpenStreetMap"}},{"type":"Feature","geometry":{"type":"Point","coordinates":[0.1134644,52.2447321]},"properties":{"name":"Cambridge Lea Hospital (Spire)","layer":"hospitals","note":"OpenStreetMap","osm_id":"node/25611932","osm_url":"https://www.openstreetmap.org/node/25611932","source":"OpenStreetMap"}},{"type":"Feature","geometry":{"type":"Point","coordinates":[0.2588568,52.0242714]},"properties":{"name":"Saffron Walden Community Hospital (no A&E)","layer":"hospitals","note":"OpenStreetMap","osm_id":"node/260211272","osm_url":"https://www.openstreetmap.org/node/260211272","source":"OpenStreetMap"}},{"type":"Feature","geometry":{"type":"Point","coordinates":[-0.0332109,51.6992501]},"properties":{"name":"Cheshunt Community Hospital","layer":"hospitals","note":"OpenStreetMap","osm_id":"node/265667686","osm_url":"https://www.openstreetmap.org/node/265667686","source":"OpenStreetMap"}},{"type":"Feature","geometry":{"type":"Point","coordinates":[0.1844401,51.660966]},"properties":{"name":"Suttons Manor Hospital","layer":"hospitals","note":"Priory Group","osm_id":"node/2671414583","osm_url":"https://www.openstreetmap.org/node/2671414583","source":"OpenStreetMap","brand":"Priory Group"}},{"type":"Feature","geometry":{"type":"Point","coordinates":[-1.5069566,52.4191685]},"properties":{"name":"George Elliot Medical Centre","layer":"hospitals","note":"OpenStreetMap","osm_id":"node/2683585083","osm_url":"https://www.openstreetmap.org/node/2683585083","source":"OpenStreetMap"}},{"type":"Feature","geometry":{"type":"Point","coordinates":[-0.1176353,50.8187633]},"properties":{"name":"Eye Hospital","layer":"hospitals","note":"OpenStreetMap","osm_id":"node/26842677","osm_url":"https://www.openstreetmap.org/node/26842677","source":"OpenStreetMap"}},{"type":"Feature","geometry":{"type":"Point","coordinates":[-0.0311602,52.1307004]},"properties":{"name":"Cambridge Private Hospital (Orwell Grange)","layer":"hospitals","note":"OpenStreetMap","osm_id":"node/269236936","osm_url":"https://www.openstreetmap.org/node/269236936","source":"OpenStreetMap"}},{"type":"Feature","geometry":{"type":"Point","coordinates":[-1.0713687,52.6440244]},"properties":{"name":"Leicester Nuffield Hospital","layer":"hospitals","note":"OpenStreetMap","osm_id":"node/27149653","osm_url":"https://www.openstreetmap.org/node/27149653","source":"OpenStreetMap"}},{"type":"Feature","geometry":{"type":"Point","coordinates":[-1.4187676,51.5896327]},"properties":{"name":"Wantage Community Hospital","layer":"hospitals","note":"OpenStreetMap","osm_id":"node/275913786","osm_url":"https://www.openstreetmap.org/node/275913786","source":"OpenStreetMap"}},{"type":"Feature","geometry":{"type":"Point","coordinates":[-0.1435858,51.5224709]},"properties":{"name":"The Portland Hospital","layer":"hospitals","note":"OpenStreetMap","osm_id":"node/2778453137","osm_url":"https://www.openstreetmap.org/node/2778453137","source":"OpenStreetMap"}},{"type":"Feature","geometry":{"type":"Point","coordinates":[-1.7446338,52.4716629]},"properties":{"name":"Brian Oliver Centre","layer":"hospitals","note":"OpenStreetMap","osm_id":"node/281411999","osm_url":"https://www.openstreetmap.org/node/281411999","source":"OpenStreetMap"}},{"type":"Feature","geometry":{"type":"Point","coordinates":[-2.6169191,51.7993713]},"properties":{"name":"Great Oaks Hospice","layer":"hospitals","note":"OpenStreetMap","osm_id":"node/2888354344","osm_url":"https://www.openstreetmap.org/node/2888354344","source":"OpenStreetMap"}},{"type":"Feature","geometry":{"type":"Point","coordinates":[-2.2281434,53.4306918]},"properties":{"name":"Withington Clinic","layer":"hospitals","note":"OpenStreetMap","osm_id":"node/28890930","osm_url":"https://www.openstreetmap.org/node/28890930","source":"OpenStreetMap"}},{"type":"Feature","geometry":{"type":"Point","coordinates":[-0.1663173,51.4732684]},"properties":{"name":"Bridge Lane Health Centre","layer":"hospitals","note":"OpenStreetMap","osm_id":"node/289563831","osm_url":"https://www.openstreetmap.org/node/289563831","source":"OpenStreetMap"}},{"type":"Feature","geometry":{"type":"Point","coordinates":[-0.1070682,51.423089]},"properties":{"name":"British Home & Hospital for Incurables","layer":"hospitals","note":"OpenStreetMap","osm_id":"node/296563324","osm_url":"https://www.openstreetmap.org/node/296563324","source":"OpenStreetMap"}},{"type":"Feature","geometry":{"type":"Point","coordinates":[-0.1686893,52.335637]},"properties":{"name":"MS (Multiple Scelerosis) Therapy Centre","layer":"hospitals","note":"OpenStreetMap","osm_id":"node/298172035","osm_url":"https://www.openstreetmap.org/node/298172035","source":"OpenStreetMap"}},{"type":"Feature","geometry":{"type":"Point","coordinates":[-2.2022653,53.4561062]},"properties":{"name":"Shiv Lodge Medical Centre","layer":"hospitals","note":"OpenStreetMap","osm_id":"node/298658990","osm_url":"https://www.openstreetmap.org/node/298658990","source":"OpenStreetMap"}},{"type":"Feature","geometry":{"type":"Point","coordinates":[-2.2087682,53.4543947]},"properties":{"name":"The Ailsa Craig Medical Practise","layer":"hospitals","note":"OpenStreetMap","osm_id":"node/298659001","osm_url":"https://www.openstreetmap.org/node/298659001","source":"OpenStreetMap"}},{"type":"Feature","geometry":{"type":"Point","coordinates":[-6.2612535,53.3528721]},"properties":{"name":"The Rotunda Mosse House","layer":"hospitals","note":"OpenStreetMap","osm_id":"node/3054671379","osm_url":"https://www.openstreetmap.org/node/3054671379","source":"OpenStreetMap"}},{"type":"Feature","geometry":{"type":"Point","coordinates":[-6.928817,52.8426218]},"properties":{"name":"Carlow District Hospital","layer":"hospitals","note":"OpenStreetMap","osm_id":"node/306011561","osm_url":"https://www.openstreetmap.org/node/306011561","source":"OpenStreetMap"}},{"type":"Feature","geometry":{"type":"Point","coordinates":[-0.1866606,52.3325647]},"properties":{"name":"Linnea Cromwell Hospital","layer":"hospitals","note":"OpenStreetMap","osm_id":"node/306474283","osm_url":"https://www.openstreetmap.org/node/306474283","source":"OpenStreetMap"}},{"type":"Feature","geometry":{"type":"Point","coordinates":[-2.9246944,53.1948668]},"properties":{"name":"The Mulberry Centre","layer":"hospitals","note":"OpenStreetMap","osm_id":"node/3064985558","osm_url":"https://www.openstreetmap.org/node/3064985558","source":"OpenStreetMap"}},{"type":"Feature","geometry":{"type":"Point","coordinates":[-7.2140078,52.7994462]},"properties":{"name":"Castlecomer District Hospital","layer":"hospitals","note":"OpenStreetMap","osm_id":"node/306618497","osm_url":"https://www.openstreetmap.org/node/306618497","source":"OpenStreetMap"}},{"type":"Feature","geometry":{"type":"Point","coordinates":[-3.0048206,51.6179447]},"properties":{"name":"St Anne's Hospice","layer":"hospitals","note":"OpenStreetMap","osm_id":"node/3099228962","osm_url":"https://www.openstreetmap.org/node/3099228962","source":"OpenStreetMap"}},{"type":"Feature","geometry":{"type":"Point","coordinates":[-0.5006716,50.8079485]},"properties":{"name":"Zachary Merton Hospital","layer":"hospitals","note":"NHS Sussex Community Trust","osm_id":"node/310548312","osm_url":"https://www.openstreetmap.org/node/310548312","source":"OpenStreetMap","brand":"NHS Sussex Community Trust"}},{"type":"Feature","geometry":{"type":"Point","coordinates":[0.508001,51.2767386]},"properties":{"name":"The Somerfield Hospital","layer":"hospitals","note":"OpenStreetMap","osm_id":"node/311378999","osm_url":"https://www.openstreetmap.org/node/311378999","source":"OpenStreetMap"}},{"type":"Feature","geometry":{"type":"Point","coordinates":[-4.1536325,50.5471567]},"properties":{"name":"Tavistock Hospital","layer":"hospitals","note":"OpenStreetMap","osm_id":"node/320047515","osm_url":"https://www.openstreetmap.org/node/320047515","source":"OpenStreetMap"}},{"type":"Feature","geometry":{"type":"Point","coordinates":[-2.1461285,53.2602775]},"properties":{"name":"Rosemount Resource Centre","layer":"hospitals","note":"OpenStreetMap","osm_id":"node/323861409","osm_url":"https://www.openstreetmap.org/node/323861409","source":"OpenStreetMap"}},{"type":"Feature","geometry":{"type":"Point","coordinates":[-2.4630937,54.9700621]},"properties":{"name":"Haltwhistle War Memorial Hospital","layer":"hospitals","note":"Northumbria Healthcare NHS Foundation Trust","osm_id":"node/349265089","osm_url":"https://www.openstreetmap.org/node/349265089","source":"OpenStreetMap","brand":"Northumbria Healthcare NHS Foundation Trust"}},{"type":"Feature","geometry":{"type":"Point","coordinates":[0.9166115,51.1405834]},"properties":{"name":"William Harvey Hospital (Ashford)","layer":"hospitals","note":"NHS","osm_id":"node/3546918700","osm_url":"https://www.openstreetmap.org/node/3546918700","source":"OpenStreetMap","brand":"NHS"}},{"type":"Feature","geometry":{"type":"Point","coordinates":[-4.0444326,51.578905]},"properties":{"name":"Gower Physiotherapy Clinic","layer":"hospitals","note":"Mary Griffiths","osm_id":"node/3752552479","osm_url":"https://www.openstreetmap.org/node/3752552479","source":"OpenStreetMap","brand":"Mary Griffiths"}},{"type":"Feature","geometry":{"type":"Point","coordinates":[-2.3514937,53.38496]},"properties":{"name":"Altrincham Hospital","layer":"hospitals","note":"Manchester University NHS Foundation Trust","osm_id":"node/3883558410","osm_url":"https://www.openstreetmap.org/node/3883558410","source":"OpenStreetMap","brand":"Manchester University NHS Foundation Trust"}},{"type":"Feature","geometry":{"type":"Point","coordinates":[-1.7384116,54.4051135]},"properties":{"name":"Friary Community Hospital","layer":"hospitals","note":"OpenStreetMap","osm_id":"node/3883610274","osm_url":"https://www.openstreetmap.org/node/3883610274","source":"OpenStreetMap"}},{"type":"Feature","geometry":{"type":"Point","coordinates":[-1.3964605,50.91291]},"properties":{"name":"Royal South Hants Urgent Treatment Centre","layer":"hospitals","note":"OpenStreetMap","osm_id":"node/3940820241","osm_url":"https://www.openstreetmap.org/node/3940820241","source":"OpenStreetMap"}},{"type":"Feature","geometry":{"type":"Point","coordinates":[-4.9226837,55.7612798]},"properties":{"name":"The Lady Margaret Hospital","layer":"hospitals","note":"NHS Ayrshire & Arran","osm_id":"node/4003936929","osm_url":"https://www.openstreetmap.org/node/4003936929","source":"OpenStreetMap","brand":"NHS Ayrshire & Arran"}},{"type":"Feature","geometry":{"type":"Point","coordinates":[-0.7200168,52.0619019]},"properties":{"name":"Willen Hospice","layer":"hospitals","note":"OpenStreetMap","osm_id":"node/403638664","osm_url":"https://www.openstreetmap.org/node/403638664","source":"OpenStreetMap"}},{"type":"Feature","geometry":{"type":"Point","coordinates":[-2.6999319,52.0638103]},"properties":{"name":"Nuffield Health Hereford Hospital","layer":"hospitals","note":"Nuffield Health","osm_id":"node/417713018","osm_url":"https://www.openstreetmap.org/node/417713018","source":"OpenStreetMap","brand":"Nuffield Health"}},{"type":"Feature","geometry":{"type":"Point","coordinates":[-0.5010988,50.8080476]},"properties":{"name":"Zachary Merton Hospital","layer":"hospitals","note":"OpenStreetMap","osm_id":"node/4286118108","osm_url":"https://www.openstreetmap.org/node/4286118108","source":"OpenStreetMap"}},{"type":"Feature","geometry":{"type":"Point","coordinates":[-3.2395673,50.6816055]},"properties":{"name":"Sidmouth Victoria Hospital","layer":"hospitals","note":"OpenStreetMap","osm_id":"node/431253923","osm_url":"https://www.openstreetmap.org/node/431253923","source":"OpenStreetMap"}},{"type":"Feature","geometry":{"type":"Point","coordinates":[-2.1854147,53.4225646]},"properties":{"name":"Newlands Care Home","layer":"hospitals","note":"HC One","osm_id":"node/4359192469","osm_url":"https://www.openstreetmap.org/node/4359192469","source":"OpenStreetMap","brand":"HC One"}},{"type":"Feature","geometry":{"type":"Point","coordinates":[-1.3335016,52.053652]},"properties":{"name":"Horton Midwifery-led Unit","layer":"hospitals","note":"NHS","osm_id":"node/442016760","osm_url":"https://www.openstreetmap.org/node/442016760","source":"OpenStreetMap","brand":"NHS"}},{"type":"Feature","geometry":{"type":"Point","coordinates":[0.1316749,51.3582569]},"properties":{"name":"Chelsfield Park Hospital","layer":"hospitals","note":"BMI Healthcare","osm_id":"node/444635673","osm_url":"https://www.openstreetmap.org/node/444635673","source":"OpenStreetMap","brand":"BMI Healthcare"}},{"type":"Feature","geometry":{"type":"Point","coordinates":[0.2608497,51.4338957]},"properties":{"name":"Jasmine Centre","layer":"hospitals","note":"OpenStreetMap","osm_id":"node/449351427","osm_url":"https://www.openstreetmap.org/node/449351427","source":"OpenStreetMap"}},{"type":"Feature","geometry":{"type":"Point","coordinates":[0.2608422,51.433839]},"properties":{"name":"King's / Dartford Dialysis Unit","layer":"hospitals","note":"OpenStreetMap","osm_id":"node/449351429","osm_url":"https://www.openstreetmap.org/node/449351429","source":"OpenStreetMap"}},{"type":"Feature","geometry":{"type":"Point","coordinates":[-1.1892442,54.118399]},"properties":{"name":"St Monicas Hospital","layer":"hospitals","note":"NHS","osm_id":"node/450567958","osm_url":"https://www.openstreetmap.org/node/450567958","source":"OpenStreetMap","brand":"NHS"}},{"type":"Feature","geometry":{"type":"Point","coordinates":[-1.4565366,55.0111438]},"properties":{"name":"Priory Day Hospital","layer":"hospitals","note":"OpenStreetMap","osm_id":"node/4697551310","osm_url":"https://www.openstreetmap.org/node/4697551310","source":"OpenStreetMap"}},{"type":"Feature","geometry":{"type":"Point","coordinates":[-2.7190111,53.4394484]},"properties":{"name":"St Helens Hospital","layer":"hospitals","note":"OpenStreetMap","osm_id":"node/4726181824","osm_url":"https://www.openstreetmap.org/node/4726181824","source":"OpenStreetMap"}},{"type":"Feature","geometry":{"type":"Point","coordinates":[-0.4517997,52.9831875]},"properties":{"name":"Rauceby Hospital","layer":"hospitals","note":"OpenStreetMap","osm_id":"node/4775810003","osm_url":"https://www.openstreetmap.org/node/4775810003","source":"OpenStreetMap"}},{"type":"Feature","geometry":{"type":"Point","coordinates":[-0.8089636,52.0235883]},"properties":{"name":"PJ Care Mallard House Neurological Care Centre","layer":"hospitals","note":"PJ Care","osm_id":"node/4813960987","osm_url":"https://www.openstreetmap.org/node/4813960987","source":"OpenStreetMap","brand":"PJ Care"}},{"type":"Feature","geometry":{"type":"Point","coordinates":[-2.1213768,53.5520871]},"properties":{"name":"The Christie at Oldham","layer":"hospitals","note":"The Christie NHS Foundation Trust","osm_id":"node/4865874041","osm_url":"https://www.openstreetmap.org/node/4865874041","source":"OpenStreetMap","brand":"The Christie NHS Foundation Trust"}},{"type":"Feature","geometry":{"type":"Point","coordinates":[-0.1555477,50.8315591]},"properties":{"name":"The Montefiore Hospital","layer":"hospitals","note":"Spire Healthcare Group","osm_id":"node/4870668721","osm_url":"https://www.openstreetmap.org/node/4870668721","source":"OpenStreetMap","brand":"Spire Healthcare Group"}},{"type":"Feature","geometry":{"type":"Point","coordinates":[-2.2916322,52.3776866]},"properties":{"name":"First Aid Hut","layer":"hospitals","note":"OpenStreetMap","osm_id":"node/4872965613","osm_url":"https://www.openstreetmap.org/node/4872965613","source":"OpenStreetMap"}},{"type":"Feature","geometry":{"type":"Point","coordinates":[-3.4744584,50.5804017]},"properties":{"name":"Dawlish Community Hospital","layer":"hospitals","note":"OpenStreetMap","osm_id":"node/501865410","osm_url":"https://www.openstreetmap.org/node/501865410","source":"OpenStreetMap"}},{"type":"Feature","geometry":{"type":"Point","coordinates":[-0.8634889,52.2651354]},"properties":{"name":"Manfield Health Campus","layer":"hospitals","note":"Northamptonshire Healthcare NHS Foundation Trust","osm_id":"node/5186988172","osm_url":"https://www.openstreetmap.org/node/5186988172","source":"OpenStreetMap","brand":"Northamptonshire Healthcare NHS Foundation Trust"}},{"type":"Feature","geometry":{"type":"Point","coordinates":[-0.3195308,51.295826]},"properties":{"name":"Leatherhead Clinic","layer":"hospitals","note":"OpenStreetMap","osm_id":"node/5355643300","osm_url":"https://www.openstreetmap.org/node/5355643300","source":"OpenStreetMap"}},{"type":"Feature","geometry":{"type":"Point","coordinates":[-2.6668272,53.1592258]},"properties":{"name":"Tarporley War Memorial Hospital","layer":"hospitals","note":"OpenStreetMap","osm_id":"node/540036166","osm_url":"https://www.openstreetmap.org/node/540036166","source":"OpenStreetMap"}},{"type":"Feature","geometry":{"type":"Point","coordinates":[-1.2994988,50.7088926]},"properties":{"name":"Laidlaw Day Hospital","layer":"hospitals","note":"OpenStreetMap","osm_id":"node/5429171518","osm_url":"https://www.openstreetmap.org/node/5429171518","source":"OpenStreetMap"}},{"type":"Feature","geometry":{"type":"Point","coordinates":[-2.899714,53.4103713]},"properties":{"name":"Elm Ward","layer":"hospitals","note":"Liverpool Heart & Chest Hospital","osm_id":"node/5580741099","osm_url":"https://www.openstreetmap.org/node/5580741099","source":"OpenStreetMap","brand":"Liverpool Heart & Chest Hospital"}},{"type":"Feature","geometry":{"type":"Point","coordinates":[-2.8997989,53.4103483]},"properties":{"name":"Birch Ward","layer":"hospitals","note":"Liverpool Heart & Chest Hospital","osm_id":"node/5580741100","osm_url":"https://www.openstreetmap.org/node/5580741100","source":"OpenStreetMap","brand":"Liverpool Heart & Chest Hospital"}},{"type":"Feature","geometry":{"type":"Point","coordinates":[-2.9006751,53.410139]},"properties":{"name":"Maple Suite","layer":"hospitals","note":"OpenStreetMap","osm_id":"node/5580741101","osm_url":"https://www.openstreetmap.org/node/5580741101","source":"OpenStreetMap"}},{"type":"Feature","geometry":{"type":"Point","coordinates":[-2.9005657,53.4114281]},"properties":{"name":"Critical Care Unit, POCCU, and Coronary Care Unit","layer":"hospitals","note":"OpenStreetMap","osm_id":"node/5580750579","osm_url":"https://www.openstreetmap.org/node/5580750579","source":"OpenStreetMap"}},{"type":"Feature","geometry":{"type":"Point","coordinates":[-2.8997603,53.4115538]},"properties":{"name":"Oak Ward","layer":"hospitals","note":"OpenStreetMap","osm_id":"node/5580761326","osm_url":"https://www.openstreetmap.org/node/5580761326","source":"OpenStreetMap"}},{"type":"Feature","geometry":{"type":"Point","coordinates":[-2.8996639,53.4102287]},"properties":{"name":"Main Entrance (LHCH)","layer":"hospitals","note":"Liverpool Heart & Chest Hospital","osm_id":"node/5580761327","osm_url":"https://www.openstreetmap.org/node/5580761327","source":"OpenStreetMap","brand":"Liverpool Heart & Chest Hospital"}},{"type":"Feature","geometry":{"type":"Point","coordinates":[-2.8998603,53.4116583]},"properties":{"name":"Outpatients & Radiology (LHCH)","layer":"hospitals","note":"OpenStreetMap","osm_id":"node/5580768692","osm_url":"https://www.openstreetmap.org/node/5580768692","source":"OpenStreetMap"}},{"type":"Feature","geometry":{"type":"Point","coordinates":[-2.8986185,53.4121284]},"properties":{"name":"Main Entrance (Broadgreen)","layer":"hospitals","note":"OpenStreetMap","osm_id":"node/5580775783","osm_url":"https://www.openstreetmap.org/node/5580775783","source":"OpenStreetMap"}},{"type":"Feature","geometry":{"type":"Point","coordinates":[-2.8994821,53.4116296]},"properties":{"name":"Pharmacy (LHCH)","layer":"hospitals","note":"OpenStreetMap","osm_id":"node/5580775790","osm_url":"https://www.openstreetmap.org/node/5580775790","source":"OpenStreetMap"}},{"type":"Feature","geometry":{"type":"Point","coordinates":[-2.8990009,53.4110845]},"properties":{"name":"Executive Offices (LHCH)","layer":"hospitals","note":"OpenStreetMap","osm_id":"node/5580778773","osm_url":"https://www.openstreetmap.org/node/5580778773","source":"OpenStreetMap"}},{"type":"Feature","geometry":{"type":"Point","coordinates":[-2.8986774,53.4111371]},"properties":{"name":"Conference Room (LHCH)","layer":"hospitals","note":"OpenStreetMap","osm_id":"node/5580778774","osm_url":"https://www.openstreetmap.org/node/5580778774","source":"OpenStreetMap"}},{"type":"Feature","geometry":{"type":"Point","coordinates":[-2.8985234,53.4111023]},"properties":{"name":"Research Dept (LHCH)","layer":"hospitals","note":"OpenStreetMap","osm_id":"node/5580778775","osm_url":"https://www.openstreetmap.org/node/5580778775","source":"OpenStreetMap"}},{"type":"Feature","geometry":{"type":"Point","coordinates":[-0.4398342,53.777579]},"properties":{"name":"Mill View","layer":"hospitals","note":"Humber Mental Health NHS","osm_id":"node/581964588","osm_url":"https://www.openstreetmap.org/node/581964588","source":"OpenStreetMap","brand":"Humber Mental Health NHS"}},{"type":"Feature","geometry":{"type":"Point","coordinates":[-3.7319773,53.2976099]},"properties":{"name":"Marine Court Psychiatric Unit","layer":"hospitals","note":"OpenStreetMap","osm_id":"node/5986880556","osm_url":"https://www.openstreetmap.org/node/5986880556","source":"OpenStreetMap"}},{"type":"Feature","geometry":{"type":"Point","coordinates":[-1.9082637,53.2482076]},"properties":{"name":"Buxton Hospital & Corbar Birth Centre","layer":"hospitals","note":"OpenStreetMap","osm_id":"node/601522088","osm_url":"https://www.openstreetmap.org/node/601522088","source":"OpenStreetMap"}},{"type":"Feature","geometry":{"type":"Point","coordinates":[-2.6090067,53.8321035]},"properties":{"name":"Community Hospital","layer":"hospitals","note":"OpenStreetMap","osm_id":"node/626102416","osm_url":"https://www.openstreetmap.org/node/626102416","source":"OpenStreetMap"}},{"type":"Feature","geometry":{"type":"Point","coordinates":[-0.0925094,51.6249907]},"properties":{"name":"North London Hospice Winchmore Hill","layer":"hospitals","note":"OpenStreetMap","osm_id":"node/6295862569","osm_url":"https://www.openstreetmap.org/node/6295862569","source":"OpenStreetMap"}},{"type":"Feature","geometry":{"type":"Point","coordinates":[-0.0045395,51.4082042]},"properties":{"name":"Sloane Hospital","layer":"hospitals","note":"OpenStreetMap","osm_id":"node/637882835","osm_url":"https://www.openstreetmap.org/node/637882835","source":"OpenStreetMap"}},{"type":"Feature","geometry":{"type":"Point","coordinates":[-2.5581725,49.448617]},"properties":{"name":"Renal Unit","layer":"hospitals","note":"OpenStreetMap","osm_id":"node/6504570133","osm_url":"https://www.openstreetmap.org/node/6504570133","source":"OpenStreetMap"}},{"type":"Feature","geometry":{"type":"Point","coordinates":[-3.7670319,50.662817]},"properties":{"name":"Moreton Hospital","layer":"hospitals","note":"OpenStreetMap","osm_id":"node/655324204","osm_url":"https://www.openstreetmap.org/node/655324204","source":"OpenStreetMap"}},{"type":"Feature","geometry":{"type":"Point","coordinates":[-1.5221743,53.8076363]},"properties":{"name":"Paul Sykes Urology Centre","layer":"hospitals","note":"OpenStreetMap","osm_id":"node/659971032","osm_url":"https://www.openstreetmap.org/node/659971032","source":"OpenStreetMap"}},{"type":"Feature","geometry":{"type":"Point","coordinates":[-1.3426273,53.4147264]},"properties":{"name":"Rotherham Hospital Urgent Care Center/A&E","layer":"hospitals","note":"NHS","osm_id":"node/6860589443","osm_url":"https://www.openstreetmap.org/node/6860589443","source":"OpenStreetMap","brand":"NHS"}},{"type":"Feature","geometry":{"type":"Point","coordinates":[-1.491128,53.3809483]},"properties":{"name":"Sheffield Children's Hospital A&E","layer":"hospitals","note":"NHS","osm_id":"node/6863263769","osm_url":"https://www.openstreetmap.org/node/6863263769","source":"OpenStreetMap","brand":"NHS"}},{"type":"Feature","geometry":{"type":"Point","coordinates":[-1.494556,51.2155631]},"properties":{"name":"Andover War Memorial Hospital","layer":"hospitals","note":"Hampshire Hospitals NHS Foundation Trust","osm_id":"node/688156267","osm_url":"https://www.openstreetmap.org/node/688156267","source":"OpenStreetMap","brand":"Hampshire Hospitals NHS Foundation Trust"}},{"type":"Feature","geometry":{"type":"Point","coordinates":[-4.1142456,50.4163165]},"properties":{"name":"University Hospital Plymouth Derriford","layer":"hospitals","note":"OpenStreetMap","osm_id":"node/6988306354","osm_url":"https://www.openstreetmap.org/node/6988306354","source":"OpenStreetMap"}},{"type":"Feature","geometry":{"type":"Point","coordinates":[-0.1137645,53.2104998]},"properties":{"name":"Horncastle War Memorial Hospital","layer":"hospitals","note":"Lincolnshire Community Health Services NHS Trust","osm_id":"node/7001101423","osm_url":"https://www.openstreetmap.org/node/7001101423","source":"OpenStreetMap","brand":"Lincolnshire Community Health Services NHS Trust"}},{"type":"Feature","geometry":{"type":"Point","coordinates":[-1.8049108,53.8106247]},"properties":{"name":"Moorlands View","layer":"hospitals","note":"OpenStreetMap","osm_id":"node/7040015288","osm_url":"https://www.openstreetmap.org/node/7040015288","source":"OpenStreetMap"}},{"type":"Feature","geometry":{"type":"Point","coordinates":[-4.2655792,55.8660617]},"properties":{"name":"Glasgow Dental Hospital","layer":"hospitals","note":"NHS Greater Glasgow and Clyde","osm_id":"node/738860488","osm_url":"https://www.openstreetmap.org/node/738860488","source":"OpenStreetMap","brand":"NHS Greater Glasgow and Clyde"}},{"type":"Feature","geometry":{"type":"Point","coordinates":[-0.8784717,52.2514478]},"properties":{"name":"St Matthews Hospital","layer":"hospitals","note":"St. Matthews Limited","osm_id":"node/7409961179","osm_url":"https://www.openstreetmap.org/node/7409961179","source":"OpenStreetMap","brand":"St. Matthews Limited"}},{"type":"Feature","geometry":{"type":"Point","coordinates":[-0.9610677,52.3209403]},"properties":{"name":"Broomhill","layer":"hospitals","note":"St. Matthews Limited","osm_id":"node/7412020678","osm_url":"https://www.openstreetmap.org/node/7412020678","source":"OpenStreetMap","brand":"St. Matthews Limited"}},{"type":"Feature","geometry":{"type":"Point","coordinates":[-1.3607266,52.7426883]},"properties":{"name":"Whitwick Health Centre","layer":"hospitals","note":"OpenStreetMap","osm_id":"node/7502648246","osm_url":"https://www.openstreetmap.org/node/7502648246","source":"OpenStreetMap"}},{"type":"Feature","geometry":{"type":"Point","coordinates":[-2.8643534,53.3737218]},"properties":{"name":"Marie Curie Hospice","layer":"hospitals","note":"OpenStreetMap","osm_id":"node/7513870485","osm_url":"https://www.openstreetmap.org/node/7513870485","source":"OpenStreetMap"}},{"type":"Feature","geometry":{"type":"Point","coordinates":[-2.6839452,53.7863385]},"properties":{"name":"Ramsay Fulwood Hall Hospital","layer":"hospitals","note":"OpenStreetMap","osm_id":"node/758968154","osm_url":"https://www.openstreetmap.org/node/758968154","source":"OpenStreetMap"}},{"type":"Feature","geometry":{"type":"Point","coordinates":[1.7188478,52.4974356]},"properties":{"name":"Airey Close","layer":"hospitals","note":"NHS","osm_id":"node/767454959","osm_url":"https://www.openstreetmap.org/node/767454959","source":"OpenStreetMap","brand":"NHS"}},{"type":"Feature","geometry":{"type":"Point","coordinates":[-0.5582962,53.0723862]},"properties":{"name":"Welbourn Hall Nursing and Residential Home","layer":"hospitals","note":"OpenStreetMap","osm_id":"node/7786715403","osm_url":"https://www.openstreetmap.org/node/7786715403","source":"OpenStreetMap"}},{"type":"Feature","geometry":{"type":"Point","coordinates":[-0.0811474,51.9465409]},"properties":{"name":"Hospital","layer":"hospitals","note":"OpenStreetMap","osm_id":"node/7835049915","osm_url":"https://www.openstreetmap.org/node/7835049915","source":"OpenStreetMap"}},{"type":"Feature","geometry":{"type":"Point","coordinates":[-2.1235988,53.6427571]},"properties":{"name":"Birch Hill Hospital","layer":"hospitals","note":"OpenStreetMap","osm_id":"node/787075490","osm_url":"https://www.openstreetmap.org/node/787075490","source":"OpenStreetMap"}},{"type":"Feature","geometry":{"type":"Point","coordinates":[-3.0478138,52.8625738]},"properties":{"name":"Oswestry Minor Injuries Unit","layer":"hospitals","note":"OpenStreetMap","osm_id":"node/7890221326","osm_url":"https://www.openstreetmap.org/node/7890221326","source":"OpenStreetMap"}},{"type":"Feature","geometry":{"type":"Point","coordinates":[-1.2105078,52.5828417]},"properties":{"name":"Stewart House","layer":"hospitals","note":"OpenStreetMap","osm_id":"node/7948805414","osm_url":"https://www.openstreetmap.org/node/7948805414","source":"OpenStreetMap"}},{"type":"Feature","geometry":{"type":"Point","coordinates":[-4.1133356,50.4167391]},"properties":{"name":"Emergency Department","layer":"hospitals","note":"OpenStreetMap","osm_id":"node/8151096983","osm_url":"https://www.openstreetmap.org/node/8151096983","source":"OpenStreetMap"}},{"type":"Feature","geometry":{"type":"Point","coordinates":[-1.4587301,53.3680665]},"properties":{"name":"Cygnet","layer":"hospitals","note":"OpenStreetMap","osm_id":"node/8371148466","osm_url":"https://www.openstreetmap.org/node/8371148466","source":"OpenStreetMap"}},{"type":"Feature","geometry":{"type":"Point","coordinates":[-5.97e-05,51.2576629]},"properties":{"name":"Oxted Health Center","layer":"hospitals","note":"OpenStreetMap","osm_id":"node/8384035577","osm_url":"https://www.openstreetmap.org/node/8384035577","source":"OpenStreetMap"}},{"type":"Feature","geometry":{"type":"Point","coordinates":[-4.6226582,50.6511583]},"properties":{"name":"WW2 RAF Davidstow Sick Quarters","layer":"hospitals","note":"RAF","osm_id":"node/8541066798","osm_url":"https://www.openstreetmap.org/node/8541066798","source":"OpenStreetMap","brand":"RAF"}},{"type":"Feature","geometry":{"type":"Point","coordinates":[-2.3528684,53.3867896]},"properties":{"name":"Altrincham Health and Wellbeing Centre","layer":"hospitals","note":"NHS","osm_id":"node/8558360037","osm_url":"https://www.openstreetmap.org/node/8558360037","source":"OpenStreetMap","brand":"NHS"}},{"type":"Feature","geometry":{"type":"Point","coordinates":[-2.4423262,53.5811136]},"properties":{"name":"Bolton Hospice","layer":"hospitals","note":"OpenStreetMap","osm_id":"node/888505637","osm_url":"https://www.openstreetmap.org/node/888505637","source":"OpenStreetMap"}},{"type":"Feature","geometry":{"type":"Point","coordinates":[-4.3687587,55.8362902]},"properties":{"name":"Ward 4B, Leverndale Hospital","layer":"hospitals","note":"OpenStreetMap","osm_id":"node/9044366617","osm_url":"https://www.openstreetmap.org/node/9044366617","source":"OpenStreetMap"}},{"type":"Feature","geometry":{"type":"Point","coordinates":[-2.0699798,53.4932154]},"properties":{"name":"Tameside General Hospital","layer":"hospitals","note":"OpenStreetMap","osm_id":"node/917996141","osm_url":"https://www.openstreetmap.org/node/917996141","source":"OpenStreetMap"}},{"type":"Feature","geometry":{"type":"Point","coordinates":[-0.423233,54.0121698]},"properties":{"name":"Alfred Bean Community Hospital","layer":"hospitals","note":"York Teaching Hospital NHS Foundation Trust","osm_id":"node/92011983","osm_url":"https://www.openstreetmap.org/node/92011983","source":"OpenStreetMap","brand":"York Teaching Hospital NHS Foundation Trust"}},{"type":"Feature","geometry":{"type":"Point","coordinates":[0.2267637,51.4422302]},"properties":{"name":"Livingstone Community Hospitals","layer":"hospitals","note":"OpenStreetMap","osm_id":"node/9212650768","osm_url":"https://www.openstreetmap.org/node/9212650768","source":"OpenStreetMap"}},{"type":"Feature","geometry":{"type":"Point","coordinates":[0.916478,51.1415748]},"properties":{"name":"WIlliam Harvey Hospital","layer":"hospitals","note":"OpenStreetMap","osm_id":"node/9212731697","osm_url":"https://www.openstreetmap.org/node/9212731697","source":"OpenStreetMap"}},{"type":"Feature","geometry":{"type":"Point","coordinates":[1.2209655,52.6173341]},"properties":{"name":"Norfolk and Norwich University Hospital:Emergency Department","layer":"hospitals","note":"OpenStreetMap","osm_id":"node/9258408448","osm_url":"https://www.openstreetmap.org/node/9258408448","source":"OpenStreetMap"}},{"type":"Feature","geometry":{"type":"Point","coordinates":[-0.4079026,51.3347608]},"properties":{"name":"Cobham Day Surgery","layer":"hospitals","note":"Epsomedical","osm_id":"node/9294597166","osm_url":"https://www.openstreetmap.org/node/9294597166","source":"OpenStreetMap","brand":"Epsomedical"}},{"type":"Feature","geometry":{"type":"Point","coordinates":[-8.8126145,53.0630784]},"properties":{"name":"Hospital","layer":"hospitals","note":"OpenStreetMap","osm_id":"node/9438064522","osm_url":"https://www.openstreetmap.org/node/9438064522","source":"OpenStreetMap"}},{"type":"Feature","geometry":{"type":"Point","coordinates":[-1.5951703,53.79641]},"properties":{"name":"Sir Karl Cohen Square","layer":"hospitals","note":"OpenStreetMap","osm_id":"node/9721144533","osm_url":"https://www.openstreetmap.org/node/9721144533","source":"OpenStreetMap"}},{"type":"Feature","geometry":{"type":"Point","coordinates":[-1.712072,53.8238146]},"properties":{"name":"Eccleshill NHS Treatment Centre","layer":"hospitals","note":"OpenStreetMap","osm_id":"node/973600756","osm_url":"https://www.openstreetmap.org/node/973600756","source":"OpenStreetMap"}},{"type":"Feature","geometry":{"type":"Point","coordinates":[-2.9967902,51.5805297]},"properties":{"name":"Minor Injuries Unit","layer":"hospitals","note":"Aneurin Bevan University Health Board","osm_id":"node/9741125008","osm_url":"https://www.openstreetmap.org/node/9741125008","source":"OpenStreetMap","brand":"Aneurin Bevan University Health Board"}},{"type":"Feature","geometry":{"type":"Point","coordinates":[-2.5130249,53.7550879]},"properties":{"name":"The Beardwood Hospital","layer":"hospitals","note":"OpenStreetMap","osm_id":"node/978294961","osm_url":"https://www.openstreetmap.org/node/978294961","source":"OpenStreetMap"}},{"type":"Feature","geometry":{"type":"Point","coordinates":[-4.5176143,50.8305542]},"properties":{"name":"Stratton Hospital","layer":"hospitals","note":"OpenStreetMap","osm_id":"node/984261739","osm_url":"https://www.openstreetmap.org/node/984261739","source":"OpenStreetMap"}},{"type":"Feature","geometry":{"type":"Point","coordinates":[-3.4098599,53.1859512]},"properties":{"name":"Denbigh Infirmary","layer":"hospitals","note":"NHS","osm_id":"way/100002225","osm_url":"https://www.openstreetmap.org/way/100002225","source":"OpenStreetMap","brand":"NHS"}},{"type":"Feature","geometry":{"type":"Point","coordinates":[-4.4374841,51.8343617]},"properties":{"name":"Ysbyty Werndale Private Hospital","layer":"hospitals","note":"OpenStreetMap","osm_id":"way/1000641410","osm_url":"https://www.openstreetmap.org/way/1000641410","source":"OpenStreetMap"}},{"type":"Feature","geometry":{"type":"Point","coordinates":[-2.9088893,53.5162296]},"properties":{"name":"Aspen Wood","layer":"hospitals","note":"Mersey Care NHS Foundation Trust","osm_id":"way/1000926331","osm_url":"https://www.openstreetmap.org/way/1000926331","source":"OpenStreetMap","brand":"Mersey Care NHS Foundation Trust"}},{"type":"Feature","geometry":{"type":"Point","coordinates":[-0.2470496,52.0989802]},"properties":{"name":"Biggleswade Hospital","layer":"hospitals","note":"Essex Partnership University NHS Foundation Trust","osm_id":"way/100110412","osm_url":"https://www.openstreetmap.org/way/100110412","source":"OpenStreetMap","brand":"Essex Partnership University NHS Foundation Trust"}},{"type":"Feature","geometry":{"type":"Point","coordinates":[-4.9570896,51.6928508]},"properties":{"name":"South Pembrokeshire Hospital","layer":"hospitals","note":"OpenStreetMap","osm_id":"way/100221323","osm_url":"https://www.openstreetmap.org/way/100221323","source":"OpenStreetMap"}},{"type":"Feature","geometry":{"type":"Point","coordinates":[-2.3211741,53.491749]},"properties":{"name":"Oaklands Hospital","layer":"hospitals","note":"Ramsey Health","osm_id":"way/1002421465","osm_url":"https://www.openstreetmap.org/way/1002421465","source":"OpenStreetMap","brand":"Ramsey Health"}},{"type":"Feature","geometry":{"type":"Point","coordinates":[1.2196316,52.6173977]},"properties":{"name":"Norfolk and Norwich University Hospital","layer":"hospitals","note":"East of England NHS Trust","osm_id":"way/1003092894","osm_url":"https://www.openstreetmap.org/way/1003092894","source":"OpenStreetMap","brand":"East of England NHS Trust"}},{"type":"Feature","geometry":{"type":"Point","coordinates":[-0.9856706,52.0023995]},"properties":{"name":"Buckingham Community Hospital","layer":"hospitals","note":"OpenStreetMap","osm_id":"way/100545595","osm_url":"https://www.openstreetmap.org/way/100545595","source":"OpenStreetMap"}},{"type":"Feature","geometry":{"type":"Point","coordinates":[-2.8922193,54.0351442]},"properties":{"name":"The Cove","layer":"hospitals","note":"Lancashire Care NHS Foundation","osm_id":"way/1005532448","osm_url":"https://www.openstreetmap.org/way/1005532448","source":"OpenStreetMap","brand":"Lancashire Care NHS Foundation"}},{"type":"Feature","geometry":{"type":"Point","coordinates":[-2.1263957,52.7947664]},"properties":{"name":"Rowley Hall Hospital","layer":"hospitals","note":"OpenStreetMap","osm_id":"way/1005597394","osm_url":"https://www.openstreetmap.org/way/1005597394","source":"OpenStreetMap"}},{"type":"Feature","geometry":{"type":"Point","coordinates":[-1.2257905,52.7732631]},"properties":{"name":"Loughborough Hospital","layer":"hospitals","note":"OpenStreetMap","osm_id":"way/10061231","osm_url":"https://www.openstreetmap.org/way/10061231","source":"OpenStreetMap"}},{"type":"Feature","geometry":{"type":"Point","coordinates":[-1.5404145,52.2689205]},"properties":{"name":"Royal Leamington Spa Rehabilitation Hospital","layer":"hospitals","note":"OpenStreetMap","osm_id":"way/100661415","osm_url":"https://www.openstreetmap.org/way/100661415","source":"OpenStreetMap"}},{"type":"Feature","geometry":{"type":"Point","coordinates":[-3.3735332,55.6829633]},"properties":{"name":"Castle Craig Hospital","layer":"hospitals","note":"Castle Craig Hospital Ltd","osm_id":"way/1006929703","osm_url":"https://www.openstreetmap.org/way/1006929703","source":"OpenStreetMap","brand":"Castle Craig Hospital Ltd"}},{"type":"Feature","geometry":{"type":"Point","coordinates":[-0.408094,51.3348912]},"properties":{"name":"Cobham Community Hospital and Health Centre","layer":"hospitals","note":"OpenStreetMap","osm_id":"way/1007473437","osm_url":"https://www.openstreetmap.org/way/1007473437","source":"OpenStreetMap"}},{"type":"Feature","geometry":{"type":"Point","coordinates":[-0.6245022,53.5857876]},"properties":{"name":"Occupational Health Center","layer":"hospitals","note":"OpenStreetMap","osm_id":"way/100902625","osm_url":"https://www.openstreetmap.org/way/100902625","source":"OpenStreetMap"}},{"type":"Feature","geometry":{"type":"Point","coordinates":[-2.5938346,53.4211043]},"properties":{"name":"The Alders","layer":"hospitals","note":"NHS","osm_id":"way/1009691481","osm_url":"https://www.openstreetmap.org/way/1009691481","source":"OpenStreetMap","brand":"NHS"}},{"type":"Feature","geometry":{"type":"Point","coordinates":[-9.0417437,52.8524737]},"properties":{"name":"Bushy park house","layer":"hospitals","note":"OpenStreetMap","osm_id":"way/1009738046","osm_url":"https://www.openstreetmap.org/way/1009738046","source":"OpenStreetMap"}},{"type":"Feature","geometry":{"type":"Point","coordinates":[-0.747168,51.9975284]},"properties":{"name":"Hospital","layer":"hospitals","note":"OpenStreetMap","osm_id":"way/101422538","osm_url":"https://www.openstreetmap.org/way/101422538","source":"OpenStreetMap"}},{"type":"Feature","geometry":{"type":"Point","coordinates":[-1.7929139,50.928229]},"properties":{"name":"Fordingbridge Hospital","layer":"hospitals","note":"OpenStreetMap","osm_id":"way/1016837259","osm_url":"https://www.openstreetmap.org/way/1016837259","source":"OpenStreetMap"}},{"type":"Feature","geometry":{"type":"Point","coordinates":[-0.6251331,51.1676833]},"properties":{"name":"Milford Hospital","layer":"hospitals","note":"Surrey NHS Trust","osm_id":"way/1016874739","osm_url":"https://www.openstreetmap.org/way/1016874739","source":"OpenStreetMap","brand":"Surrey NHS Trust"}},{"type":"Feature","geometry":{"type":"Point","coordinates":[-0.7215578,52.3937953]},"properties":{"name":"St. Mary's Hospital","layer":"hospitals","note":"Northamptonshire Healthcare NHS Foundation Trust","osm_id":"way/1016902054","osm_url":"https://www.openstreetmap.org/way/1016902054","source":"OpenStreetMap","brand":"Northamptonshire Healthcare NHS Foundation Trust"}},{"type":"Feature","geometry":{"type":"Point","coordinates":[1.262908,52.6343714]},"properties":{"name":"Norwich Community Hospital","layer":"hospitals","note":"Norfolk Primary Care Trust","osm_id":"way/101804328","osm_url":"https://www.openstreetmap.org/way/101804328","source":"OpenStreetMap","brand":"Norfolk Primary Care Trust"}},{"type":"Feature","geometry":{"type":"Point","coordinates":[-0.9547168,53.3260532]},"properties":{"name":"Hospital","layer":"hospitals","note":"OpenStreetMap","osm_id":"way/1018377909","osm_url":"https://www.openstreetmap.org/way/1018377909","source":"OpenStreetMap"}},{"type":"Feature","geometry":{"type":"Point","coordinates":[1.2624577,52.6325545]},"properties":{"name":"The Julian Hospital","layer":"hospitals","note":"OpenStreetMap","osm_id":"way/101864017","osm_url":"https://www.openstreetmap.org/way/101864017","source":"OpenStreetMap"}},{"type":"Feature","geometry":{"type":"Point","coordinates":[-4.0112119,51.6584521]},"properties":{"name":"Tŷ Garngoch Hospital","layer":"hospitals","note":"Swansea Bay University Health Board","osm_id":"way/101906725","osm_url":"https://www.openstreetmap.org/way/101906725","source":"OpenStreetMap","brand":"Swansea Bay University Health Board"}},{"type":"Feature","geometry":{"type":"Point","coordinates":[-1.1850335,52.9435829]},"properties":{"name":"Queens Medical Centre","layer":"hospitals","note":"OpenStreetMap","osm_id":"way/101971673","osm_url":"https://www.openstreetmap.org/way/101971673","source":"OpenStreetMap"}},{"type":"Feature","geometry":{"type":"Point","coordinates":[-1.1508806,53.5269591]},"properties":{"name":"Cheswold Park","layer":"hospitals","note":"OpenStreetMap","osm_id":"way/1023230942","osm_url":"https://www.openstreetmap.org/way/1023230942","source":"OpenStreetMap"}},{"type":"Feature","geometry":{"type":"Point","coordinates":[-3.1625026,51.4851177]},"properties":{"name":"Cardiff Royal Infirmary","layer":"hospitals","note":"OpenStreetMap","osm_id":"way/102354487","osm_url":"https://www.openstreetmap.org/way/102354487","source":"OpenStreetMap"}},{"type":"Feature","geometry":{"type":"Point","coordinates":[-3.4692698,50.7313071]},"properties":{"name":"Pinhoe View","layer":"hospitals","note":"Elysium Healthcare","osm_id":"way/1023988928","osm_url":"https://www.openstreetmap.org/way/1023988928","source":"OpenStreetMap","brand":"Elysium Healthcare"}},{"type":"Feature","geometry":{"type":"Point","coordinates":[-0.6101204,51.4748419]},"properties":{"name":"Princess Margaret Hospital","layer":"hospitals","note":"OpenStreetMap","osm_id":"way/1025009204","osm_url":"https://www.openstreetmap.org/way/1025009204","source":"OpenStreetMap"}},{"type":"Feature","geometry":{"type":"Point","coordinates":[-6.6575017,55.1207975]},"properties":{"name":"Mountfern Complex","layer":"hospitals","note":"Northern Health and Social Care Trust","osm_id":"way/1025249383","osm_url":"https://www.openstreetmap.org/way/1025249383","source":"OpenStreetMap","brand":"Northern Health and Social Care Trust"}},{"type":"Feature","geometry":{"type":"Point","coordinates":[-4.2329782,55.8645686]},"properties":{"name":"Glasgow Royal Infirmary","layer":"hospitals","note":"OpenStreetMap","osm_id":"way/10266900","osm_url":"https://www.openstreetmap.org/way/10266900","source":"OpenStreetMap"}},{"type":"Feature","geometry":{"type":"Point","coordinates":[-5.8116589,54.5970115]},"properties":{"name":"Ulster Hospital","layer":"hospitals","note":"South Eastern Health and Social Care Trust","osm_id":"way/10297730","osm_url":"https://www.openstreetmap.org/way/10297730","source":"OpenStreetMap","brand":"South Eastern Health and Social Care Trust"}},{"type":"Feature","geometry":{"type":"Point","coordinates":[-1.5272304,54.1355502]},"properties":{"name":"Ripon Community Hospital","layer":"hospitals","note":"OpenStreetMap","osm_id":"way/1030200056","osm_url":"https://www.openstreetmap.org/way/1030200056","source":"OpenStreetMap"}},{"type":"Feature","geometry":{"type":"Point","coordinates":[-0.0318212,52.0791503]},"properties":{"name":"Kneesworth House Hospital","layer":"hospitals","note":"OpenStreetMap","osm_id":"way/10318027","osm_url":"https://www.openstreetmap.org/way/10318027","source":"OpenStreetMap"}},{"type":"Feature","geometry":{"type":"Point","coordinates":[-2.591419,53.4062842]},"properties":{"name":"Saint Mary's Hospital","layer":"hospitals","note":"OpenStreetMap","osm_id":"way/1033364511","osm_url":"https://www.openstreetmap.org/way/1033364511","source":"OpenStreetMap"}},{"type":"Feature","geometry":{"type":"Point","coordinates":[-1.4759239,52.5116237]},"properties":{"name":"George Eliot Hospital","layer":"hospitals","note":"OpenStreetMap","osm_id":"way/1033599131","osm_url":"https://www.openstreetmap.org/way/1033599131","source":"OpenStreetMap"}},{"type":"Feature","geometry":{"type":"Point","coordinates":[-2.6033044,53.4081393]},"properties":{"name":"Lea Court","layer":"hospitals","note":"OpenStreetMap","osm_id":"way/1034582341","osm_url":"https://www.openstreetmap.org/way/1034582341","source":"OpenStreetMap"}},{"type":"Feature","geometry":{"type":"Point","coordinates":[-0.0877939,51.6585024]},"properties":{"name":"White Lodge Medical Practice","layer":"hospitals","note":"OpenStreetMap","osm_id":"way/1038016075","osm_url":"https://www.openstreetmap.org/way/1038016075","source":"OpenStreetMap"}},{"type":"Feature","geometry":{"type":"Point","coordinates":[-2.9864656,53.1660088]},"properties":{"name":"Broughton Clinic","layer":"hospitals","note":"NHS","osm_id":"way/1038779484","osm_url":"https://www.openstreetmap.org/way/1038779484","source":"OpenStreetMap","brand":"NHS"}},{"type":"Feature","geometry":{"type":"Point","coordinates":[-3.0415833,53.202396]},"properties":{"name":"Deeside Community Hospital","layer":"hospitals","note":"NHS","osm_id":"way/1038783164","osm_url":"https://www.openstreetmap.org/way/1038783164","source":"OpenStreetMap","brand":"NHS"}},{"type":"Feature","geometry":{"type":"Point","coordinates":[-3.2163459,53.2691355]},"properties":{"name":"Holywell Community Hospital","layer":"hospitals","note":"NHS","osm_id":"way/1038783165","osm_url":"https://www.openstreetmap.org/way/1038783165","source":"OpenStreetMap","brand":"NHS"}},{"type":"Feature","geometry":{"type":"Point","coordinates":[-3.9876189,57.9725495]},"properties":{"name":"Lawson Memorial Hospital","layer":"hospitals","note":"OpenStreetMap","osm_id":"way/104258820","osm_url":"https://www.openstreetmap.org/way/104258820","source":"OpenStreetMap"}},{"type":"Feature","geometry":{"type":"Point","coordinates":[-2.6740378,53.6870223]},"properties":{"name":"Buckshaw Hospital","layer":"hospitals","note":"Ramsey Health Care","osm_id":"way/1042704371","osm_url":"https://www.openstreetmap.org/way/1042704371","source":"OpenStreetMap","brand":"Ramsey Health Care"}},{"type":"Feature","geometry":{"type":"Point","coordinates":[-0.1019474,51.6590735]},"properties":{"name":"The Cavell Hospital","layer":"hospitals","note":"OpenStreetMap","osm_id":"way/1043104661","osm_url":"https://www.openstreetmap.org/way/1043104661","source":"OpenStreetMap"}},{"type":"Feature","geometry":{"type":"Point","coordinates":[-3.3922908,51.5482968]},"properties":{"name":"Royal Glamorgan Hospital","layer":"hospitals","note":"Cwm Taf Morgannwg University Health Board","osm_id":"way/104324515","osm_url":"https://www.openstreetmap.org/way/104324515","source":"OpenStreetMap","brand":"Cwm Taf Morgannwg University Health Board"}},{"type":"Feature","geometry":{"type":"Point","coordinates":[-5.4748664,56.4002288]},"properties":{"name":"Lorn and Islands Hospital","layer":"hospitals","note":"OpenStreetMap","osm_id":"way/104496299","osm_url":"https://www.openstreetmap.org/way/104496299","source":"OpenStreetMap"}},{"type":"Feature","geometry":{"type":"Point","coordinates":[-3.284644,51.7581407]},"properties":{"name":"Rhymney Health Centre","layer":"hospitals","note":"OpenStreetMap","osm_id":"way/1049097785","osm_url":"https://www.openstreetmap.org/way/1049097785","source":"OpenStreetMap"}},{"type":"Feature","geometry":{"type":"Point","coordinates":[-2.913538,53.4012179]},"properties":{"name":"Wavertree Lodge","layer":"hospitals","note":"OpenStreetMap","osm_id":"way/1050312637","osm_url":"https://www.openstreetmap.org/way/1050312637","source":"OpenStreetMap"}},{"type":"Feature","geometry":{"type":"Point","coordinates":[-2.6148226,51.4721579]},"properties":{"name":"Spire Bristol","layer":"hospitals","note":"OpenStreetMap","osm_id":"way/105065275","osm_url":"https://www.openstreetmap.org/way/105065275","source":"OpenStreetMap"}},{"type":"Feature","geometry":{"type":"Point","coordinates":[-3.4447186,50.9111244]},"properties":{"name":"Pine Lodge","layer":"hospitals","note":"OpenStreetMap","osm_id":"way/1051777726","osm_url":"https://www.openstreetmap.org/way/1051777726","source":"OpenStreetMap"}},{"type":"Feature","geometry":{"type":"Point","coordinates":[-1.8288206,53.6888478]},"properties":{"name":"Spire Elland Hospital","layer":"hospitals","note":"OpenStreetMap","osm_id":"way/1053640220","osm_url":"https://www.openstreetmap.org/way/1053640220","source":"OpenStreetMap"}},{"type":"Feature","geometry":{"type":"Point","coordinates":[-1.5201478,53.3707499]},"properties":{"name":"Riverdale","layer":"hospitals","note":"OpenStreetMap","osm_id":"way/105513918","osm_url":"https://www.openstreetmap.org/way/105513918","source":"OpenStreetMap"}},{"type":"Feature","geometry":{"type":"Point","coordinates":[-1.5688766,55.0748359]},"properties":{"name":"Northumbria Specialist Emergency Care Hospital","layer":"hospitals","note":"OpenStreetMap","osm_id":"way/105588652","osm_url":"https://www.openstreetmap.org/way/105588652","source":"OpenStreetMap"}},{"type":"Feature","geometry":{"type":"Point","coordinates":[-1.8221027,53.6552315]},"properties":{"name":"Hospital","layer":"hospitals","note":"OpenStreetMap","osm_id":"way/1058971490","osm_url":"https://www.openstreetmap.org/way/1058971490","source":"OpenStreetMap"}},{"type":"Feature","geometry":{"type":"Point","coordinates":[-6.2653054,53.3044944]},"properties":{"name":"Mount Carmel Community Hospital","layer":"hospitals","note":"Mowlam Healthcare","osm_id":"way/105915594","osm_url":"https://www.openstreetmap.org/way/105915594","source":"OpenStreetMap","brand":"Mowlam Healthcare"}},{"type":"Feature","geometry":{"type":"Point","coordinates":[-1.9331801,52.4574572]},"properties":{"name":"The Edgbaston Hospital","layer":"hospitals","note":"OpenStreetMap","osm_id":"way/106671141","osm_url":"https://www.openstreetmap.org/way/106671141","source":"OpenStreetMap"}},{"type":"Feature","geometry":{"type":"Point","coordinates":[-1.5220708,53.3433791]},"properties":{"name":"St Luke's Hospice","layer":"hospitals","note":"OpenStreetMap","osm_id":"way/1067941324","osm_url":"https://www.openstreetmap.org/way/1067941324","source":"OpenStreetMap"}},{"type":"Feature","geometry":{"type":"Point","coordinates":[-1.9213317,52.5010553]},"properties":{"name":"Orsborn House NHS Substance Misuse Services","layer":"hospitals","note":"OpenStreetMap","osm_id":"way/106803052","osm_url":"https://www.openstreetmap.org/way/106803052","source":"OpenStreetMap"}},{"type":"Feature","geometry":{"type":"Point","coordinates":[-3.3846889,51.9486854]},"properties":{"name":"Brecon War Memorial Hospital","layer":"hospitals","note":"OpenStreetMap","osm_id":"way/1069090320","osm_url":"https://www.openstreetmap.org/way/1069090320","source":"OpenStreetMap"}},{"type":"Feature","geometry":{"type":"Point","coordinates":[-1.9548769,52.4713375]},"properties":{"name":"Woodbourne Priory Hospital","layer":"hospitals","note":"The Priory Group","osm_id":"way/107194920","osm_url":"https://www.openstreetmap.org/way/107194920","source":"OpenStreetMap","brand":"The Priory Group"}},{"type":"Feature","geometry":{"type":"Point","coordinates":[-3.0263707,51.6908946]},"properties":{"name":"County Hospital","layer":"hospitals","note":"Aneurin Bevan University Health Board","osm_id":"way/107224982","osm_url":"https://www.openstreetmap.org/way/107224982","source":"OpenStreetMap","brand":"Aneurin Bevan University Health Board"}},{"type":"Feature","geometry":{"type":"Point","coordinates":[-8.6212082,52.6667869]},"properties":{"name":"Barrington's Hospital","layer":"hospitals","note":"Bon Secours Health System","osm_id":"way/107381984","osm_url":"https://www.openstreetmap.org/way/107381984","source":"OpenStreetMap","brand":"Bon Secours Health System"}},{"type":"Feature","geometry":{"type":"Point","coordinates":[-3.1985016,55.6517815]},"properties":{"name":"Hay Lodge Hospital","layer":"hospitals","note":"OpenStreetMap","osm_id":"way/107419726","osm_url":"https://www.openstreetmap.org/way/107419726","source":"OpenStreetMap"}},{"type":"Feature","geometry":{"type":"Point","coordinates":[1.1758093,51.2017615]},"properties":{"name":"Cedar House","layer":"hospitals","note":"Coveberry","osm_id":"way/1074737359","osm_url":"https://www.openstreetmap.org/way/1074737359","source":"OpenStreetMap","brand":"Coveberry"}},{"type":"Feature","geometry":{"type":"Point","coordinates":[-2.7266223,54.9386815]},"properties":{"name":"Brampton War Memorial Hospital","layer":"hospitals","note":"OpenStreetMap","osm_id":"way/1075119289","osm_url":"https://www.openstreetmap.org/way/1075119289","source":"OpenStreetMap"}},{"type":"Feature","geometry":{"type":"Point","coordinates":[-1.4945267,53.3802134]},"properties":{"name":"Weston Park Hospital","layer":"hospitals","note":"Sheffield Teaching Hospitals NHS Foundation Trust","osm_id":"way/1076414211","osm_url":"https://www.openstreetmap.org/way/1076414211","source":"OpenStreetMap","brand":"Sheffield Teaching Hospitals NHS Foundation Trust"}},{"type":"Feature","geometry":{"type":"Point","coordinates":[-1.5302976,52.8934038]},"properties":{"name":"Nuffield Health Derby Hospital","layer":"hospitals","note":"Nuffield Health","osm_id":"way/107703035","osm_url":"https://www.openstreetmap.org/way/107703035","source":"OpenStreetMap","brand":"Nuffield Health"}},{"type":"Feature","geometry":{"type":"Point","coordinates":[-3.8307085,51.7232748]},"properties":{"name":"Gellinudd Recovery Centre","layer":"hospitals","note":"OpenStreetMap","osm_id":"way/1077992054","osm_url":"https://www.openstreetmap.org/way/1077992054","source":"OpenStreetMap"}},{"type":"Feature","geometry":{"type":"Point","coordinates":[-0.7799525,50.8479576]},"properties":{"name":"Nuffield Health Chichester Hospital","layer":"hospitals","note":"Nuffield Health","osm_id":"way/107826224","osm_url":"https://www.openstreetmap.org/way/107826224","source":"OpenStreetMap","brand":"Nuffield Health"}},{"type":"Feature","geometry":{"type":"Point","coordinates":[0.066249,51.1894389]},"properties":{"name":"Edenbridge and District War Memorial Hospital","layer":"hospitals","note":"OpenStreetMap","osm_id":"way/1078668198","osm_url":"https://www.openstreetmap.org/way/1078668198","source":"OpenStreetMap"}},{"type":"Feature","geometry":{"type":"Point","coordinates":[-0.9423811,51.0038869]},"properties":{"name":"Petersfield Hospital","layer":"hospitals","note":"OpenStreetMap","osm_id":"way/107899774","osm_url":"https://www.openstreetmap.org/way/107899774","source":"OpenStreetMap"}},{"type":"Feature","geometry":{"type":"Point","coordinates":[0.3999628,52.2511149]},"properties":{"name":"Newmarket Hospital (no A&E)","layer":"hospitals","note":"OpenStreetMap","osm_id":"way/107943679","osm_url":"https://www.openstreetmap.org/way/107943679","source":"OpenStreetMap"}},{"type":"Feature","geometry":{"type":"Point","coordinates":[1.2608166,51.9337687]},"properties":{"name":"Fryatt Hospital","layer":"hospitals","note":"OpenStreetMap","osm_id":"way/107947239","osm_url":"https://www.openstreetmap.org/way/107947239","source":"OpenStreetMap"}},{"type":"Feature","geometry":{"type":"Point","coordinates":[-7.7502221,54.8056631]},"properties":{"name":"St Joseph's Community Hospital","layer":"hospitals","note":"OpenStreetMap","osm_id":"way/1079765031","osm_url":"https://www.openstreetmap.org/way/1079765031","source":"OpenStreetMap"}},{"type":"Feature","geometry":{"type":"Point","coordinates":[-7.2660007,54.5904403]},"properties":{"name":"Omagh Hospital & Primary Care Complex","layer":"hospitals","note":"OpenStreetMap","osm_id":"way/1080297065","osm_url":"https://www.openstreetmap.org/way/1080297065","source":"OpenStreetMap"}},{"type":"Feature","geometry":{"type":"Point","coordinates":[-3.7640822,51.7671641]},"properties":{"name":"Ystradgynlais Community Hospital","layer":"hospitals","note":"OpenStreetMap","osm_id":"way/1084078445","osm_url":"https://www.openstreetmap.org/way/1084078445","source":"OpenStreetMap"}},{"type":"Feature","geometry":{"type":"Point","coordinates":[-3.326093,51.6023837]},"properties":{"name":"Pontypridd and District Hospital","layer":"hospitals","note":"OpenStreetMap","osm_id":"way/108483472","osm_url":"https://www.openstreetmap.org/way/108483472","source":"OpenStreetMap"}},{"type":"Feature","geometry":{"type":"Point","coordinates":[-3.9365246,52.215621]},"properties":{"name":"Tregaron Hospital","layer":"hospitals","note":"Hywel Dda University Health Board","osm_id":"way/1085165814","osm_url":"https://www.openstreetmap.org/way/1085165814","source":"OpenStreetMap","brand":"Hywel Dda University Health Board"}},{"type":"Feature","geometry":{"type":"Point","coordinates":[-2.1367295,57.154737]},"properties":{"name":"Foresterhill Health Campus","layer":"hospitals","note":"NHS Grampian","osm_id":"way/1091926992","osm_url":"https://www.openstreetmap.org/way/1091926992","source":"OpenStreetMap","brand":"NHS Grampian"}},{"type":"Feature","geometry":{"type":"Point","coordinates":[-5.0932588,50.2669391]},"properties":{"name":"Royal Cornwall Hospital","layer":"hospitals","note":"OpenStreetMap","osm_id":"way/1093135109","osm_url":"https://www.openstreetmap.org/way/1093135109","source":"OpenStreetMap"}},{"type":"Feature","geometry":{"type":"Point","coordinates":[-6.6800535,52.9314837]},"properties":{"name":"Baltinglass District Hospital","layer":"hospitals","note":"OpenStreetMap","osm_id":"way/1094898211","osm_url":"https://www.openstreetmap.org/way/1094898211","source":"OpenStreetMap"}},{"type":"Feature","geometry":{"type":"Point","coordinates":[-0.1493761,51.5182542]},"properties":{"name":"The London Welbeck Hospital","layer":"hospitals","note":"OpenStreetMap","osm_id":"way/110476079","osm_url":"https://www.openstreetmap.org/way/110476079","source":"OpenStreetMap"}},{"type":"Feature","geometry":{"type":"Point","coordinates":[-1.0723051,53.9814584]},"properties":{"name":"Foss Park Hospital","layer":"hospitals","note":"NHS Tees, Eask and Wear Valleys","osm_id":"way/110520952","osm_url":"https://www.openstreetmap.org/way/110520952","source":"OpenStreetMap","brand":"NHS Tees, Eask and Wear Valleys"}},{"type":"Feature","geometry":{"type":"Point","coordinates":[-2.9956277,50.7839597]},"properties":{"name":"Axminster Hospital","layer":"hospitals","note":"OpenStreetMap","osm_id":"way/1107664454","osm_url":"https://www.openstreetmap.org/way/1107664454","source":"OpenStreetMap"}},{"type":"Feature","geometry":{"type":"Point","coordinates":[-1.8202648,53.6555977]},"properties":{"name":"Huddersfield Royal Infirmary Acre Street Outpatents","layer":"hospitals","note":"OpenStreetMap","osm_id":"way/111048175","osm_url":"https://www.openstreetmap.org/way/111048175","source":"OpenStreetMap"}},{"type":"Feature","geometry":{"type":"Point","coordinates":[-2.2912824,51.3454059]},"properties":{"name":"Dorothy House Hospice Care","layer":"hospitals","note":"OpenStreetMap","osm_id":"way/111165802","osm_url":"https://www.openstreetmap.org/way/111165802","source":"OpenStreetMap"}},{"type":"Feature","geometry":{"type":"Point","coordinates":[-0.1345308,51.5225494]},"properties":{"name":"Royal National ENT and Eastman Dental Hospitals","layer":"hospitals","note":"University College Hospitals","osm_id":"way/1113340300","osm_url":"https://www.openstreetmap.org/way/1113340300","source":"OpenStreetMap","brand":"University College Hospitals"}},{"type":"Feature","geometry":{"type":"Point","coordinates":[-0.150183,51.4864231]},"properties":{"name":"Lister Hospital","layer":"hospitals","note":"OpenStreetMap","osm_id":"way/111343934","osm_url":"https://www.openstreetmap.org/way/111343934","source":"OpenStreetMap"}},{"type":"Feature","geometry":{"type":"Point","coordinates":[-9.687501,52.2658252]},"properties":{"name":"University Hospital Kerry","layer":"hospitals","note":"Health Service Executive","osm_id":"way/111471269","osm_url":"https://www.openstreetmap.org/way/111471269","source":"OpenStreetMap","brand":"Health Service Executive"}},{"type":"Feature","geometry":{"type":"Point","coordinates":[-0.1352014,51.5231171]},"properties":{"name":"Macmillan Cancer Centre","layer":"hospitals","note":"University College Hospitals","osm_id":"way/1114959175","osm_url":"https://www.openstreetmap.org/way/1114959175","source":"OpenStreetMap","brand":"University College Hospitals"}},{"type":"Feature","geometry":{"type":"Point","coordinates":[-2.4166453,51.3114452]},"properties":{"name":"Sulis Hospital","layer":"hospitals","note":"OpenStreetMap","osm_id":"way/111539876","osm_url":"https://www.openstreetmap.org/way/111539876","source":"OpenStreetMap"}},{"type":"Feature","geometry":{"type":"Point","coordinates":[-1.723154,52.6203836]},"properties":{"name":"Sir Robert Peel Community Hospital","layer":"hospitals","note":"OpenStreetMap","osm_id":"way/1115571834","osm_url":"https://www.openstreetmap.org/way/1115571834","source":"OpenStreetMap"}},{"type":"Feature","geometry":{"type":"Point","coordinates":[1.6954418,52.4536287]},"properties":{"name":"Carlton Court Hospital","layer":"hospitals","note":"OpenStreetMap","osm_id":"way/1117122506","osm_url":"https://www.openstreetmap.org/way/1117122506","source":"OpenStreetMap"}},{"type":"Feature","geometry":{"type":"Point","coordinates":[-4.3129094,55.8452741]},"properties":{"name":"The Prince & Princess of Wales Hospice","layer":"hospitals","note":"OpenStreetMap","osm_id":"way/1117944528","osm_url":"https://www.openstreetmap.org/way/1117944528","source":"OpenStreetMap"}},{"type":"Feature","geometry":{"type":"Point","coordinates":[-0.1345453,51.4914736]},"properties":{"name":"Vincent Square Clinic","layer":"hospitals","note":"OpenStreetMap","osm_id":"way/111800473","osm_url":"https://www.openstreetmap.org/way/111800473","source":"OpenStreetMap"}},{"type":"Feature","geometry":{"type":"Point","coordinates":[-1.9756935,50.7219714]},"properties":{"name":"Harbour Hospital","layer":"hospitals","note":"BMI","osm_id":"way/1118022408","osm_url":"https://www.openstreetmap.org/way/1118022408","source":"OpenStreetMap","brand":"BMI"}},{"type":"Feature","geometry":{"type":"Point","coordinates":[-1.9748781,50.7226836]},"properties":{"name":"St Mary's Hospital Outpatient Assessment Centre","layer":"hospitals","note":"OpenStreetMap","osm_id":"way/1118022409","osm_url":"https://www.openstreetmap.org/way/1118022409","source":"OpenStreetMap"}},{"type":"Feature","geometry":{"type":"Point","coordinates":[-2.8698224,52.9539553]},"properties":{"name":"Penley Hospital","layer":"hospitals","note":"OpenStreetMap","osm_id":"way/1119134357","osm_url":"https://www.openstreetmap.org/way/1119134357","source":"OpenStreetMap"}},{"type":"Feature","geometry":{"type":"Point","coordinates":[-0.2971478,51.5211636]},"properties":{"name":"Hospital","layer":"hospitals","note":"OpenStreetMap","osm_id":"way/1120163062","osm_url":"https://www.openstreetmap.org/way/1120163062","source":"OpenStreetMap"}},{"type":"Feature","geometry":{"type":"Point","coordinates":[-1.786122,51.5253445]},"properties":{"name":"The Ridgeway Hospital","layer":"hospitals","note":"OpenStreetMap","osm_id":"way/1120370077","osm_url":"https://www.openstreetmap.org/way/1120370077","source":"OpenStreetMap"}},{"type":"Feature","geometry":{"type":"Point","coordinates":[-3.3464857,56.5860019]},"properties":{"name":"Blairgowrie Community Hospital","layer":"hospitals","note":"OpenStreetMap","osm_id":"way/1120448952","osm_url":"https://www.openstreetmap.org/way/1120448952","source":"OpenStreetMap"}},{"type":"Feature","geometry":{"type":"Point","coordinates":[-1.5912748,54.5432136]},"properties":{"name":"West Park Hospital","layer":"hospitals","note":"OpenStreetMap","osm_id":"way/1123583367","osm_url":"https://www.openstreetmap.org/way/1123583367","source":"OpenStreetMap"}},{"type":"Feature","geometry":{"type":"Point","coordinates":[-1.213327,54.5520503]},"properties":{"name":"The James Cook University Hospital","layer":"hospitals","note":"South Tees Hospitals NHS Foundation Trust","osm_id":"way/1125512273","osm_url":"https://www.openstreetmap.org/way/1125512273","source":"OpenStreetMap","brand":"South Tees Hospitals NHS Foundation Trust"}},{"type":"Feature","geometry":{"type":"Point","coordinates":[-0.1359502,51.4921664]},"properties":{"name":"Gordon Hospital","layer":"hospitals","note":"OpenStreetMap","osm_id":"way/112682015","osm_url":"https://www.openstreetmap.org/way/112682015","source":"OpenStreetMap"}},{"type":"Feature","geometry":{"type":"Point","coordinates":[-7.4037057,52.3476183]},"properties":{"name":"St. Brigid's Hospital","layer":"hospitals","note":"Health Service Executive","osm_id":"way/1127574266","osm_url":"https://www.openstreetmap.org/way/1127574266","source":"OpenStreetMap","brand":"Health Service Executive"}},{"type":"Feature","geometry":{"type":"Point","coordinates":[-4.3901592,54.3290264]},"properties":{"name":"Ramsey and District Cottage Hospital","layer":"hospitals","note":"OpenStreetMap","osm_id":"way/1127979365","osm_url":"https://www.openstreetmap.org/way/1127979365","source":"OpenStreetMap"}},{"type":"Feature","geometry":{"type":"Point","coordinates":[-2.9359832,53.4676416]},"properties":{"name":"Hospital","layer":"hospitals","note":"OpenStreetMap","osm_id":"way/1133468887","osm_url":"https://www.openstreetmap.org/way/1133468887","source":"OpenStreetMap"}},{"type":"Feature","geometry":{"type":"Point","coordinates":[-2.9586727,53.406053]},"properties":{"name":"Paddington Community Diagnostic Centre","layer":"hospitals","note":"Merseycare NHS Trust","osm_id":"way/1135521894","osm_url":"https://www.openstreetmap.org/way/1135521894","source":"OpenStreetMap","brand":"Merseycare NHS Trust"}},{"type":"Feature","geometry":{"type":"Point","coordinates":[-2.21606,53.3970023]},"properties":{"name":"Alexandra Hospital","layer":"hospitals","note":"OpenStreetMap","osm_id":"way/1136746330","osm_url":"https://www.openstreetmap.org/way/1136746330","source":"OpenStreetMap"}},{"type":"Feature","geometry":{"type":"Point","coordinates":[-1.1378293,52.0380188]},"properties":{"name":"Brackley Medical Centre & Community Hospital","layer":"hospitals","note":"OpenStreetMap","osm_id":"way/1140186745","osm_url":"https://www.openstreetmap.org/way/1140186745","source":"OpenStreetMap"}},{"type":"Feature","geometry":{"type":"Point","coordinates":[-4.186815,57.4777468]},"properties":{"name":"National Treatment Centre - Highland","layer":"hospitals","note":"NHS Highland","osm_id":"way/1144072495","osm_url":"https://www.openstreetmap.org/way/1144072495","source":"OpenStreetMap","brand":"NHS Highland"}},{"type":"Feature","geometry":{"type":"Point","coordinates":[-0.6233697,51.3226057]},"properties":{"name":"Hospital","layer":"hospitals","note":"OpenStreetMap","osm_id":"way/1145174387","osm_url":"https://www.openstreetmap.org/way/1145174387","source":"OpenStreetMap"}},{"type":"Feature","geometry":{"type":"Point","coordinates":[-0.5920263,51.3187456]},"properties":{"name":"Hospital","layer":"hospitals","note":"OpenStreetMap","osm_id":"way/1145889322","osm_url":"https://www.openstreetmap.org/way/1145889322","source":"OpenStreetMap"}},{"type":"Feature","geometry":{"type":"Point","coordinates":[1.3095405,52.9238646]},"properties":{"name":"Cromer and District Hospital","layer":"hospitals","note":"OpenStreetMap","osm_id":"way/1148488315","osm_url":"https://www.openstreetmap.org/way/1148488315","source":"OpenStreetMap"}},{"type":"Feature","geometry":{"type":"Point","coordinates":[-0.6864173,51.4080179]},"properties":{"name":"Heatherwood Hospital","layer":"hospitals","note":"OpenStreetMap","osm_id":"way/1149292368","osm_url":"https://www.openstreetmap.org/way/1149292368","source":"OpenStreetMap"}},{"type":"Feature","geometry":{"type":"Point","coordinates":[-4.9277688,55.9589433]},"properties":{"name":"Cowal Community Hospital","layer":"hospitals","note":"OpenStreetMap","osm_id":"way/114956742","osm_url":"https://www.openstreetmap.org/way/114956742","source":"OpenStreetMap"}},{"type":"Feature","geometry":{"type":"Point","coordinates":[-0.0952822,53.5455245]},"properties":{"name":"Diana Princess of Wales Hospital","layer":"hospitals","note":"OpenStreetMap","osm_id":"way/115008307","osm_url":"https://www.openstreetmap.org/way/115008307","source":"OpenStreetMap"}},{"type":"Feature","geometry":{"type":"Point","coordinates":[-7.211177,53.8619048]},"properties":{"name":"Hospital","layer":"hospitals","note":"OpenStreetMap","osm_id":"way/1150517907","osm_url":"https://www.openstreetmap.org/way/1150517907","source":"OpenStreetMap"}},{"type":"Feature","geometry":{"type":"Point","coordinates":[-1.9156324,52.4355352]},"properties":{"name":"Saint Andrew's Healthcare","layer":"hospitals","note":"Saint Andrew's Healthcare","osm_id":"way/115333919","osm_url":"https://www.openstreetmap.org/way/115333919","source":"OpenStreetMap","brand":"Saint Andrew's Healthcare"}},{"type":"Feature","geometry":{"type":"Point","coordinates":[-1.493634,53.3797212]},"properties":{"name":"Charles Clifford Dental Hospital","layer":"hospitals","note":"Sheffield Teaching Hospitals NHS Foundation Trust","osm_id":"way/1153383484","osm_url":"https://www.openstreetmap.org/way/1153383484","source":"OpenStreetMap","brand":"Sheffield Teaching Hospitals NHS Foundation Trust"}},{"type":"Feature","geometry":{"type":"Point","coordinates":[-1.5302961,53.8224209]},"properties":{"name":"Chapel Allerton Hospital","layer":"hospitals","note":"The Leeds Teaching Hospitals NHS Trust","osm_id":"way/115377554","osm_url":"https://www.openstreetmap.org/way/115377554","source":"OpenStreetMap","brand":"The Leeds Teaching Hospitals NHS Trust"}},{"type":"Feature","geometry":{"type":"Point","coordinates":[-0.0091146,53.3713673]},"properties":{"name":"County Hospital Louth","layer":"hospitals","note":"United Lincolnshire Hospitals NHS Trust","osm_id":"way/115399880","osm_url":"https://www.openstreetmap.org/way/115399880","source":"OpenStreetMap","brand":"United Lincolnshire Hospitals NHS Trust"}},{"type":"Feature","geometry":{"type":"Point","coordinates":[-2.3002716,52.414176]},"properties":{"name":"Park Attwood Clinic","layer":"hospitals","note":"OpenStreetMap","osm_id":"way/115420738","osm_url":"https://www.openstreetmap.org/way/115420738","source":"OpenStreetMap"}},{"type":"Feature","geometry":{"type":"Point","coordinates":[0.0194302,51.435425]},"properties":{"name":"Baring Road Medical Centre","layer":"hospitals","note":"NHS","osm_id":"way/1157931537","osm_url":"https://www.openstreetmap.org/way/1157931537","source":"OpenStreetMap","brand":"NHS"}},{"type":"Feature","geometry":{"type":"Point","coordinates":[-2.1186924,57.1422249]},"properties":{"name":"Albyn Hospital","layer":"hospitals","note":"Circle Health Group","osm_id":"way/1159245828","osm_url":"https://www.openstreetmap.org/way/1159245828","source":"OpenStreetMap","brand":"Circle Health Group"}},{"type":"Feature","geometry":{"type":"Point","coordinates":[-3.7186904,56.2932786]},"properties":{"name":"St Margaret's Hospital","layer":"hospitals","note":"OpenStreetMap","osm_id":"way/116103074","osm_url":"https://www.openstreetmap.org/way/116103074","source":"OpenStreetMap"}},{"type":"Feature","geometry":{"type":"Point","coordinates":[-0.6140584,51.473523]},"properties":{"name":"King Edward VII Hospital","layer":"hospitals","note":"OpenStreetMap","osm_id":"way/116134277","osm_url":"https://www.openstreetmap.org/way/116134277","source":"OpenStreetMap"}},{"type":"Feature","geometry":{"type":"Point","coordinates":[-5.9109762,57.245561]},"properties":{"name":"Broadford Hospital","layer":"hospitals","note":"OpenStreetMap","osm_id":"way/1163893543","osm_url":"https://www.openstreetmap.org/way/1163893543","source":"OpenStreetMap"}},{"type":"Feature","geometry":{"type":"Point","coordinates":[-0.1707934,51.4369882]},"properties":{"name":"Springfield University Hospital","layer":"hospitals","note":"NHS","osm_id":"way/1164672572","osm_url":"https://www.openstreetmap.org/way/1164672572","source":"OpenStreetMap","brand":"NHS"}},{"type":"Feature","geometry":{"type":"Point","coordinates":[-2.9968062,51.6448676]},"properties":{"name":"Llanfrechfa Grange","layer":"hospitals","note":"Aneurin Bevan University Health Board","osm_id":"way/116479098","osm_url":"https://www.openstreetmap.org/way/116479098","source":"OpenStreetMap","brand":"Aneurin Bevan University Health Board"}},{"type":"Feature","geometry":{"type":"Point","coordinates":[-1.7943536,57.5150173]},"properties":{"name":"Ugie Hospital","layer":"hospitals","note":"OpenStreetMap","osm_id":"way/116586373","osm_url":"https://www.openstreetmap.org/way/116586373","source":"OpenStreetMap"}},{"type":"Feature","geometry":{"type":"Point","coordinates":[-0.1183943,51.4983235]},"properties":{"name":"Evelina London Children's Hospital","layer":"hospitals","note":"Guy's & St Thomas' NHS Foundation Trust","osm_id":"way/116629214","osm_url":"https://www.openstreetmap.org/way/116629214","source":"OpenStreetMap","brand":"Guy's & St Thomas' NHS Foundation Trust"}},{"type":"Feature","geometry":{"type":"Point","coordinates":[-3.3437462,57.6488502]},"properties":{"name":"The Oaks Palliative Care Unit","layer":"hospitals","note":"NHS Grampian","osm_id":"way/1167803094","osm_url":"https://www.openstreetmap.org/way/1167803094","source":"OpenStreetMap","brand":"NHS Grampian"}},{"type":"Feature","geometry":{"type":"Point","coordinates":[-1.5477203,53.9989923]},"properties":{"name":"Cygnet Hospital Harrogate","layer":"hospitals","note":"Cygbet","osm_id":"way/116863174","osm_url":"https://www.openstreetmap.org/way/116863174","source":"OpenStreetMap","brand":"Cygbet"}},{"type":"Feature","geometry":{"type":"Point","coordinates":[-3.0339902,51.8239518]},"properties":{"name":"Nevill Hall Hospital","layer":"hospitals","note":"NHS","osm_id":"way/116934463","osm_url":"https://www.openstreetmap.org/way/116934463","source":"OpenStreetMap","brand":"NHS"}},{"type":"Feature","geometry":{"type":"Point","coordinates":[-0.9551392,50.8684331]},"properties":{"name":"Spire Hospital Portsmouth","layer":"hospitals","note":"Spire Healthcare","osm_id":"way/1174247186","osm_url":"https://www.openstreetmap.org/way/1174247186","source":"OpenStreetMap","brand":"Spire Healthcare"}},{"type":"Feature","geometry":{"type":"Point","coordinates":[-7.7864401,53.7234964]},"properties":{"name":"St. Joseph's Hospital","layer":"hospitals","note":"OpenStreetMap","osm_id":"way/1174875834","osm_url":"https://www.openstreetmap.org/way/1174875834","source":"OpenStreetMap"}},{"type":"Feature","geometry":{"type":"Point","coordinates":[-3.8732972,57.57817]},"properties":{"name":"Nairn Town and County Hospital","layer":"hospitals","note":"NHS Highland","osm_id":"way/117557911","osm_url":"https://www.openstreetmap.org/way/117557911","source":"OpenStreetMap","brand":"NHS Highland"}},{"type":"Feature","geometry":{"type":"Point","coordinates":[-1.9174624,53.2541476]},"properties":{"name":"Buxton Health Centre","layer":"hospitals","note":"Chesterfield Royal Hospital NHS Foundation Trust","osm_id":"way/117858050","osm_url":"https://www.openstreetmap.org/way/117858050","source":"OpenStreetMap","brand":"Chesterfield Royal Hospital NHS Foundation Trust"}},{"type":"Feature","geometry":{"type":"Point","coordinates":[-2.0777342,52.1140501]},"properties":{"name":"Pershore Hospital","layer":"hospitals","note":"OpenStreetMap","osm_id":"way/117937207","osm_url":"https://www.openstreetmap.org/way/117937207","source":"OpenStreetMap"}},{"type":"Feature","geometry":{"type":"Point","coordinates":[1.1985218,52.0579468]},"properties":{"name":"Ipswich Hospital","layer":"hospitals","note":"OpenStreetMap","osm_id":"way/1180532337","osm_url":"https://www.openstreetmap.org/way/1180532337","source":"OpenStreetMap"}},{"type":"Feature","geometry":{"type":"Point","coordinates":[-2.3793159,57.2768052]},"properties":{"name":"Inverurie Hospital","layer":"hospitals","note":"OpenStreetMap","osm_id":"way/118484618","osm_url":"https://www.openstreetmap.org/way/118484618","source":"OpenStreetMap"}},{"type":"Feature","geometry":{"type":"Point","coordinates":[-5.0739946,50.4109287]},"properties":{"name":"Newquay Hospital","layer":"hospitals","note":"Cornwall Partnership NHS Foundation Trust","osm_id":"way/118521679","osm_url":"https://www.openstreetmap.org/way/118521679","source":"OpenStreetMap","brand":"Cornwall Partnership NHS Foundation Trust"}},{"type":"Feature","geometry":{"type":"Point","coordinates":[-3.4538507,55.127976]},"properties":{"name":"Lochmaben Hospital","layer":"hospitals","note":"NHS Dumfries and Galloway","osm_id":"way/118591368","osm_url":"https://www.openstreetmap.org/way/118591368","source":"OpenStreetMap","brand":"NHS Dumfries and Galloway"}},{"type":"Feature","geometry":{"type":"Point","coordinates":[-8.5120707,51.8833458]},"properties":{"name":"Cork University Hospital","layer":"hospitals","note":"Health Service Executive","osm_id":"way/118618667","osm_url":"https://www.openstreetmap.org/way/118618667","source":"OpenStreetMap","brand":"Health Service Executive"}},{"type":"Feature","geometry":{"type":"Point","coordinates":[-1.8330574,50.7317716]},"properties":{"name":"Kings Park Hospital","layer":"hospitals","note":"OpenStreetMap","osm_id":"way/118690346","osm_url":"https://www.openstreetmap.org/way/118690346","source":"OpenStreetMap"}},{"type":"Feature","geometry":{"type":"Point","coordinates":[-0.5785368,51.2196332]},"properties":{"name":"Hospital","layer":"hospitals","note":"OpenStreetMap","osm_id":"way/1187328217","osm_url":"https://www.openstreetmap.org/way/1187328217","source":"OpenStreetMap"}},{"type":"Feature","geometry":{"type":"Point","coordinates":[0.9912254,52.5256021]},"properties":{"name":"Priory Hospital Norwich","layer":"hospitals","note":"Priory","osm_id":"way/118826165","osm_url":"https://www.openstreetmap.org/way/118826165","source":"OpenStreetMap","brand":"Priory"}},{"type":"Feature","geometry":{"type":"Point","coordinates":[-1.5331976,53.9557909]},"properties":{"name":"Vida Grange","layer":"hospitals","note":"OpenStreetMap","osm_id":"way/1188955867","osm_url":"https://www.openstreetmap.org/way/1188955867","source":"OpenStreetMap"}},{"type":"Feature","geometry":{"type":"Point","coordinates":[-3.2046302,50.9793698]},"properties":{"name":"Wellesley Hospital 2","layer":"hospitals","note":"Elysium Healthcare","osm_id":"way/1190069779","osm_url":"https://www.openstreetmap.org/way/1190069779","source":"OpenStreetMap","brand":"Elysium Healthcare"}},{"type":"Feature","geometry":{"type":"Point","coordinates":[-3.9249525,54.9391809]},"properties":{"name":"Castle Douglas Hospital","layer":"hospitals","note":"NHS Dumfries and Galloway","osm_id":"way/119050018","osm_url":"https://www.openstreetmap.org/way/119050018","source":"OpenStreetMap","brand":"NHS Dumfries and Galloway"}},{"type":"Feature","geometry":{"type":"Point","coordinates":[-9.5185734,52.0674314]},"properties":{"name":"Deer Lodge","layer":"hospitals","note":"Health Service Executive","osm_id":"way/1191372844","osm_url":"https://www.openstreetmap.org/way/1191372844","source":"OpenStreetMap","brand":"Health Service Executive"}},{"type":"Feature","geometry":{"type":"Point","coordinates":[-3.0977132,55.9088219]},"properties":{"name":"Shawfair Park Hospital","layer":"hospitals","note":"Spire","osm_id":"way/1191564778","osm_url":"https://www.openstreetmap.org/way/1191564778","source":"OpenStreetMap","brand":"Spire"}},{"type":"Feature","geometry":{"type":"Point","coordinates":[-2.9997754,55.1506301]},"properties":{"name":"Thomas Hope Hospital","layer":"hospitals","note":"NHS Dumfries and Galloway","osm_id":"way/1191566546","osm_url":"https://www.openstreetmap.org/way/1191566546","source":"OpenStreetMap","brand":"NHS Dumfries and Galloway"}},{"type":"Feature","geometry":{"type":"Point","coordinates":[-4.4258804,55.9062986]},"properties":{"name":"Golden Jubilee National Hospital","layer":"hospitals","note":"NHS Scotland","osm_id":"way/119335655","osm_url":"https://www.openstreetmap.org/way/119335655","source":"OpenStreetMap","brand":"NHS Scotland"}},{"type":"Feature","geometry":{"type":"Point","coordinates":[0.0146574,51.3729673]},"properties":{"name":"Hayes Priory","layer":"hospitals","note":"Priory","osm_id":"way/1194334017","osm_url":"https://www.openstreetmap.org/way/1194334017","source":"OpenStreetMap","brand":"Priory"}},{"type":"Feature","geometry":{"type":"Point","coordinates":[-1.7975427,51.5501117]},"properties":{"name":"Marlborough House","layer":"hospitals","note":"Oxford Health NHS Foundation Trust","osm_id":"way/1195529629","osm_url":"https://www.openstreetmap.org/way/1195529629","source":"OpenStreetMap","brand":"Oxford Health NHS Foundation Trust"}},{"type":"Feature","geometry":{"type":"Point","coordinates":[-3.1210308,51.0114811]},"properties":{"name":"Musgrove Park Hospital","layer":"hospitals","note":"Somerset NHS Foundation Trust","osm_id":"way/119564405","osm_url":"https://www.openstreetmap.org/way/119564405","source":"OpenStreetMap","brand":"Somerset NHS Foundation Trust"}},{"type":"Feature","geometry":{"type":"Point","coordinates":[-4.5972454,55.4324393]},"properties":{"name":"Ayr & Ailsa Hospitals","layer":"hospitals","note":"Ayrshire NHS trust","osm_id":"way/119567092","osm_url":"https://www.openstreetmap.org/way/119567092","source":"OpenStreetMap","brand":"Ayrshire NHS trust"}},{"type":"Feature","geometry":{"type":"Point","coordinates":[-5.4229482,56.0405829]},"properties":{"name":"Mid Argyll Community Hospital and Integrated Care Centre","layer":"hospitals","note":"OpenStreetMap","osm_id":"way/1196168936","osm_url":"https://www.openstreetmap.org/way/1196168936","source":"OpenStreetMap"}},{"type":"Feature","geometry":{"type":"Point","coordinates":[-6.3372797,53.3509128]},"properties":{"name":"Saint Mary's Hospital","layer":"hospitals","note":"OpenStreetMap","osm_id":"way/120086086","osm_url":"https://www.openstreetmap.org/way/120086086","source":"OpenStreetMap"}},{"type":"Feature","geometry":{"type":"Point","coordinates":[-3.1289305,51.0174913]},"properties":{"name":"St Margarets Hospice","layer":"hospitals","note":"OpenStreetMap","osm_id":"way/120130448","osm_url":"https://www.openstreetmap.org/way/120130448","source":"OpenStreetMap"}},{"type":"Feature","geometry":{"type":"Point","coordinates":[-3.314452,52.5214658]},"properties":{"name":"Montgomeryshire County Infirmary","layer":"hospitals","note":"Powys Teaching Health Board","osm_id":"way/1201907195","osm_url":"https://www.openstreetmap.org/way/1201907195","source":"OpenStreetMap","brand":"Powys Teaching Health Board"}},{"type":"Feature","geometry":{"type":"Point","coordinates":[-7.2628474,52.6664688]},"properties":{"name":"St. Luke's General Hospital","layer":"hospitals","note":"Health Service Executive","osm_id":"way/120235458","osm_url":"https://www.openstreetmap.org/way/120235458","source":"OpenStreetMap","brand":"Health Service Executive"}},{"type":"Feature","geometry":{"type":"Point","coordinates":[-1.4324256,50.9305601]},"properties":{"name":"Spire Southampton Hospital","layer":"hospitals","note":"OpenStreetMap","osm_id":"way/120289804","osm_url":"https://www.openstreetmap.org/way/120289804","source":"OpenStreetMap"}},{"type":"Feature","geometry":{"type":"Point","coordinates":[0.1580578,51.5392785]},"properties":{"name":"Grays Court Community Hospital","layer":"hospitals","note":"OpenStreetMap","osm_id":"way/120359076","osm_url":"https://www.openstreetmap.org/way/120359076","source":"OpenStreetMap"}},{"type":"Feature","geometry":{"type":"Point","coordinates":[-3.4664588,50.7232417]},"properties":{"name":"NHS Nightingale Hospital","layer":"hospitals","note":"NHS","osm_id":"way/1211591753","osm_url":"https://www.openstreetmap.org/way/1211591753","source":"OpenStreetMap","brand":"NHS"}},{"type":"Feature","geometry":{"type":"Point","coordinates":[-4.8465411,55.2490704]},"properties":{"name":"Girvan Community Hospital","layer":"hospitals","note":"NHS Ayrshire & Arran","osm_id":"way/1211785714","osm_url":"https://www.openstreetmap.org/way/1211785714","source":"OpenStreetMap","brand":"NHS Ayrshire & Arran"}},{"type":"Feature","geometry":{"type":"Point","coordinates":[-2.4180994,51.0587799]},"properties":{"name":"Wincanton Community Hospital","layer":"hospitals","note":"OpenStreetMap","osm_id":"way/1211849885","osm_url":"https://www.openstreetmap.org/way/1211849885","source":"OpenStreetMap"}},{"type":"Feature","geometry":{"type":"Point","coordinates":[-7.160097,53.7694372]},"properties":{"name":"Hospital","layer":"hospitals","note":"OpenStreetMap","osm_id":"way/1214843434","osm_url":"https://www.openstreetmap.org/way/1214843434","source":"OpenStreetMap"}},{"type":"Feature","geometry":{"type":"Point","coordinates":[0.0947953,51.3624785]},"properties":{"name":"Orpington Hospital","layer":"hospitals","note":"OpenStreetMap","osm_id":"way/1217422518","osm_url":"https://www.openstreetmap.org/way/1217422518","source":"OpenStreetMap"}},{"type":"Feature","geometry":{"type":"Point","coordinates":[-2.2527579,53.4251194]},"properties":{"name":"Spire Manchester Hospital","layer":"hospitals","note":"Spire","osm_id":"way/1218487905","osm_url":"https://www.openstreetmap.org/way/1218487905","source":"OpenStreetMap","brand":"Spire"}},{"type":"Feature","geometry":{"type":"Point","coordinates":[-1.5171621,53.9934267]},"properties":{"name":"Hospital","layer":"hospitals","note":"OpenStreetMap","osm_id":"way/1220143821","osm_url":"https://www.openstreetmap.org/way/1220143821","source":"OpenStreetMap"}},{"type":"Feature","geometry":{"type":"Point","coordinates":[-1.5231972,50.8909371]},"properties":{"name":"New Forest Birthing Centre","layer":"hospitals","note":"OpenStreetMap","osm_id":"way/1221045496","osm_url":"https://www.openstreetmap.org/way/1221045496","source":"OpenStreetMap"}},{"type":"Feature","geometry":{"type":"Point","coordinates":[-0.2563319,50.8408728]},"properties":{"name":"Southlands Hospital","layer":"hospitals","note":"Western Sussex Hospitals NHS Foundation Trust","osm_id":"way/122132368","osm_url":"https://www.openstreetmap.org/way/122132368","source":"OpenStreetMap","brand":"Western Sussex Hospitals NHS Foundation Trust"}},{"type":"Feature","geometry":{"type":"Point","coordinates":[-0.3641218,50.8165002]},"properties":{"name":"Worthing Hospital","layer":"hospitals","note":"OpenStreetMap","osm_id":"way/122133740","osm_url":"https://www.openstreetmap.org/way/122133740","source":"OpenStreetMap"}},{"type":"Feature","geometry":{"type":"Point","coordinates":[-1.4351668,50.9353523]},"properties":{"name":"Princess Anne Hospital","layer":"hospitals","note":"OpenStreetMap","osm_id":"way/122141121","osm_url":"https://www.openstreetmap.org/way/122141121","source":"OpenStreetMap"}},{"type":"Feature","geometry":{"type":"Point","coordinates":[-1.4354054,50.9325171]},"properties":{"name":"Southampton General Hospital","layer":"hospitals","note":"University Hospitals Southampton","osm_id":"way/122141122","osm_url":"https://www.openstreetmap.org/way/122141122","source":"OpenStreetMap","brand":"University Hospitals Southampton"}},{"type":"Feature","geometry":{"type":"Point","coordinates":[-6.3675115,53.3891627]},"properties":{"name":"Connolly Hospital","layer":"hospitals","note":"Health Service Executive","osm_id":"way/12219521","osm_url":"https://www.openstreetmap.org/way/12219521","source":"OpenStreetMap","brand":"Health Service Executive"}},{"type":"Feature","geometry":{"type":"Point","coordinates":[-0.1187323,51.4991013]},"properties":{"name":"St Thomas' Hospital","layer":"hospitals","note":"Guy's and St Thomas' NHS Foundation Trust","osm_id":"way/122227536","osm_url":"https://www.openstreetmap.org/way/122227536","source":"OpenStreetMap","brand":"Guy's and St Thomas' NHS Foundation Trust"}},{"type":"Feature","geometry":{"type":"Point","coordinates":[0.7310913,50.9620726]},"properties":{"name":"Rye, Winchelsea & District Memorial Hospital","layer":"hospitals","note":"NHS","osm_id":"way/1222553048","osm_url":"https://www.openstreetmap.org/way/1222553048","source":"OpenStreetMap","brand":"NHS"}},{"type":"Feature","geometry":{"type":"Point","coordinates":[-0.1487449,51.4993821]},"properties":{"name":"Cleveland Clinic London","layer":"hospitals","note":"Cleveland Clinic","osm_id":"way/122299506","osm_url":"https://www.openstreetmap.org/way/122299506","source":"OpenStreetMap","brand":"Cleveland Clinic"}},{"type":"Feature","geometry":{"type":"Point","coordinates":[-1.2812029,50.7123856]},"properties":{"name":"Orchard Private Hospital","layer":"hospitals","note":"OpenStreetMap","osm_id":"way/122380548","osm_url":"https://www.openstreetmap.org/way/122380548","source":"OpenStreetMap"}},{"type":"Feature","geometry":{"type":"Point","coordinates":[-1.7268056,51.5388882]},"properties":{"name":"Great Western Hospital","layer":"hospitals","note":"OpenStreetMap","osm_id":"way/122393683","osm_url":"https://www.openstreetmap.org/way/122393683","source":"OpenStreetMap"}},{"type":"Feature","geometry":{"type":"Point","coordinates":[-3.4284653,56.0820988]},"properties":{"name":"Queen Margaret Hospital","layer":"hospitals","note":"NHS Fife","osm_id":"way/122532145","osm_url":"https://www.openstreetmap.org/way/122532145","source":"OpenStreetMap","brand":"NHS Fife"}},{"type":"Feature","geometry":{"type":"Point","coordinates":[-6.6141307,54.761817]},"properties":{"name":"Mid-Ulster Hospital","layer":"hospitals","note":"OpenStreetMap","osm_id":"way/1225618524","osm_url":"https://www.openstreetmap.org/way/1225618524","source":"OpenStreetMap"}},{"type":"Feature","geometry":{"type":"Point","coordinates":[-1.0625699,53.9497118]},"properties":{"name":"The Retreat","layer":"hospitals","note":"OpenStreetMap","osm_id":"way/122621739","osm_url":"https://www.openstreetmap.org/way/122621739","source":"OpenStreetMap"}},{"type":"Feature","geometry":{"type":"Point","coordinates":[-1.8551237,52.5232292]},"properties":{"name":"Northcroft Hospital","layer":"hospitals","note":"OpenStreetMap","osm_id":"way/122666227","osm_url":"https://www.openstreetmap.org/way/122666227","source":"OpenStreetMap"}},{"type":"Feature","geometry":{"type":"Point","coordinates":[-0.1145203,50.8306388]},"properties":{"name":"Brighton General Hospital","layer":"hospitals","note":"NHS Trust","osm_id":"way/122748834","osm_url":"https://www.openstreetmap.org/way/122748834","source":"OpenStreetMap","brand":"NHS Trust"}},{"type":"Feature","geometry":{"type":"Point","coordinates":[-0.9517056,52.2408893]},"properties":{"name":"The Sett","layer":"hospitals","note":"OpenStreetMap","osm_id":"way/1227979733","osm_url":"https://www.openstreetmap.org/way/1227979733","source":"OpenStreetMap"}},{"type":"Feature","geometry":{"type":"Point","coordinates":[-1.5044712,54.5202241]},"properties":{"name":"Woodlands Hospital","layer":"hospitals","note":"OpenStreetMap","osm_id":"way/1228074411","osm_url":"https://www.openstreetmap.org/way/1228074411","source":"OpenStreetMap"}},{"type":"Feature","geometry":{"type":"Point","coordinates":[0.3160273,51.6233407]},"properties":{"name":"Brentwood Community Hospital","layer":"hospitals","note":"OpenStreetMap","osm_id":"way/122850042","osm_url":"https://www.openstreetmap.org/way/122850042","source":"OpenStreetMap"}},{"type":"Feature","geometry":{"type":"Point","coordinates":[-0.4123351,53.8533132]},"properties":{"name":"Deliveries Area","layer":"hospitals","note":"OpenStreetMap","osm_id":"way/1229170911","osm_url":"https://www.openstreetmap.org/way/1229170911","source":"OpenStreetMap"}},{"type":"Feature","geometry":{"type":"Point","coordinates":[-0.4132316,53.8524738]},"properties":{"name":"Drop Off Only","layer":"hospitals","note":"OpenStreetMap","osm_id":"way/1229170918","osm_url":"https://www.openstreetmap.org/way/1229170918","source":"OpenStreetMap"}},{"type":"Feature","geometry":{"type":"Point","coordinates":[-0.4130714,53.8524178]},"properties":{"name":"Ambulances Only","layer":"hospitals","note":"OpenStreetMap","osm_id":"way/1229170919","osm_url":"https://www.openstreetmap.org/way/1229170919","source":"OpenStreetMap"}},{"type":"Feature","geometry":{"type":"Point","coordinates":[-0.4136467,53.8526442]},"properties":{"name":"Drop Off Only","layer":"hospitals","note":"OpenStreetMap","osm_id":"way/1229171527","osm_url":"https://www.openstreetmap.org/way/1229171527","source":"OpenStreetMap"}},{"type":"Feature","geometry":{"type":"Point","coordinates":[-1.4399246,53.3377128]},"properties":{"name":"Lightwood House","layer":"hospitals","note":"OpenStreetMap","osm_id":"way/123095404","osm_url":"https://www.openstreetmap.org/way/123095404","source":"OpenStreetMap"}},{"type":"Feature","geometry":{"type":"Point","coordinates":[-3.1020892,51.0328281]},"properties":{"name":"Hospital","layer":"hospitals","note":"OpenStreetMap","osm_id":"way/123329179","osm_url":"https://www.openstreetmap.org/way/123329179","source":"OpenStreetMap"}},{"type":"Feature","geometry":{"type":"Point","coordinates":[-3.1016202,51.0323169]},"properties":{"name":"Hospital","layer":"hospitals","note":"OpenStreetMap","osm_id":"way/123329180","osm_url":"https://www.openstreetmap.org/way/123329180","source":"OpenStreetMap"}},{"type":"Feature","geometry":{"type":"Point","coordinates":[-7.2915854,54.9864391]},"properties":{"name":"Altnagelvin Hospital","layer":"hospitals","note":"OpenStreetMap","osm_id":"way/123387829","osm_url":"https://www.openstreetmap.org/way/123387829","source":"OpenStreetMap"}},{"type":"Feature","geometry":{"type":"Point","coordinates":[-7.278551,55.015507]},"properties":{"name":"Gransha Park Hospital","layer":"hospitals","note":"Western Health and Social Care Trust","osm_id":"way/123393076","osm_url":"https://www.openstreetmap.org/way/123393076","source":"OpenStreetMap","brand":"Western Health and Social Care Trust"}},{"type":"Feature","geometry":{"type":"Point","coordinates":[-7.3739429,53.9991284]},"properties":{"name":"Hospital","layer":"hospitals","note":"OpenStreetMap","osm_id":"way/1239123829","osm_url":"https://www.openstreetmap.org/way/1239123829","source":"OpenStreetMap"}},{"type":"Feature","geometry":{"type":"Point","coordinates":[-5.4172175,56.0424508]},"properties":{"name":"The Argyll and Bute Hospital","layer":"hospitals","note":"OpenStreetMap","osm_id":"way/124074768","osm_url":"https://www.openstreetmap.org/way/124074768","source":"OpenStreetMap"}},{"type":"Feature","geometry":{"type":"Point","coordinates":[-3.5860279,51.5265514]},"properties":{"name":"Glanrhyd Hospital","layer":"hospitals","note":"OpenStreetMap","osm_id":"way/124251858","osm_url":"https://www.openstreetmap.org/way/124251858","source":"OpenStreetMap"}},{"type":"Feature","geometry":{"type":"Point","coordinates":[-0.3244136,51.0701027]},"properties":{"name":"Horsham Hospital","layer":"hospitals","note":"NHS","osm_id":"way/124316277","osm_url":"https://www.openstreetmap.org/way/124316277","source":"OpenStreetMap","brand":"NHS"}},{"type":"Feature","geometry":{"type":"Point","coordinates":[-2.1256457,57.1573193]},"properties":{"name":"Elmwood","layer":"hospitals","note":"NHS Grampian","osm_id":"way/1244050557","osm_url":"https://www.openstreetmap.org/way/1244050557","source":"OpenStreetMap","brand":"NHS Grampian"}},{"type":"Feature","geometry":{"type":"Point","coordinates":[-2.1250216,57.1564076]},"properties":{"name":"Roxburghe House","layer":"hospitals","note":"NHS Grampian","osm_id":"way/1244050558","osm_url":"https://www.openstreetmap.org/way/1244050558","source":"OpenStreetMap","brand":"NHS Grampian"}},{"type":"Feature","geometry":{"type":"Point","coordinates":[-1.8227757,50.7474951]},"properties":{"name":"Royal Bournemouth Hospital","layer":"hospitals","note":"Royal Bournemouth & Christchurch Hospitals NHS Foundation Trust","osm_id":"way/124487975","osm_url":"https://www.openstreetmap.org/way/124487975","source":"OpenStreetMap","brand":"Royal Bournemouth & Christchurch Hospitals NHS Foundation Trust"}},{"type":"Feature","geometry":{"type":"Point","coordinates":[-1.9350623,52.4988942]},"properties":{"name":"St Stephen's Centre Rehabilitation Day Care","layer":"hospitals","note":"Birmingham City Council Social Services","osm_id":"way/124753647","osm_url":"https://www.openstreetmap.org/way/124753647","source":"OpenStreetMap","brand":"Birmingham City Council Social Services"}},{"type":"Feature","geometry":{"type":"Point","coordinates":[-7.526809,54.0132231]},"properties":{"name":"Hospital","layer":"hospitals","note":"OpenStreetMap","osm_id":"way/1248947789","osm_url":"https://www.openstreetmap.org/way/1248947789","source":"OpenStreetMap"}},{"type":"Feature","geometry":{"type":"Point","coordinates":[0.7350895,51.362808]},"properties":{"name":"Hospital","layer":"hospitals","note":"OpenStreetMap","osm_id":"way/1249856485","osm_url":"https://www.openstreetmap.org/way/1249856485","source":"OpenStreetMap"}},{"type":"Feature","geometry":{"type":"Point","coordinates":[-0.7672899,52.4134467]},"properties":{"name":"Woodland Grange Outpatients","layer":"hospitals","note":"Ramsay Health Care UK","osm_id":"way/1250097453","osm_url":"https://www.openstreetmap.org/way/1250097453","source":"OpenStreetMap","brand":"Ramsay Health Care UK"}},{"type":"Feature","geometry":{"type":"Point","coordinates":[0.6912906,51.3507836]},"properties":{"name":"Demelza House","layer":"hospitals","note":"Demelza Hospice for Children","osm_id":"way/1251179955","osm_url":"https://www.openstreetmap.org/way/1251179955","source":"OpenStreetMap","brand":"Demelza Hospice for Children"}},{"type":"Feature","geometry":{"type":"Point","coordinates":[0.5622653,51.3702113]},"properties":{"name":"Hospital","layer":"hospitals","note":"OpenStreetMap","osm_id":"way/1255982912","osm_url":"https://www.openstreetmap.org/way/1255982912","source":"OpenStreetMap"}},{"type":"Feature","geometry":{"type":"Point","coordinates":[0.5770747,51.3811594]},"properties":{"name":"Will Adams NHS Treatment Centre","layer":"hospitals","note":"OpenStreetMap","osm_id":"way/1256071409","osm_url":"https://www.openstreetmap.org/way/1256071409","source":"OpenStreetMap"}},{"type":"Feature","geometry":{"type":"Point","coordinates":[0.5264355,51.3279994]},"properties":{"name":"Spire Alexandra Hospital","layer":"hospitals","note":"Spire Healthcare Group PLC","osm_id":"way/1256804907","osm_url":"https://www.openstreetmap.org/way/1256804907","source":"OpenStreetMap","brand":"Spire Healthcare Group PLC"}},{"type":"Feature","geometry":{"type":"Point","coordinates":[0.5063783,51.3365376]},"properties":{"name":"Hospital","layer":"hospitals","note":"OpenStreetMap","osm_id":"way/1256839687","osm_url":"https://www.openstreetmap.org/way/1256839687","source":"OpenStreetMap"}},{"type":"Feature","geometry":{"type":"Point","coordinates":[-1.4818563,50.9921739]},"properties":{"name":"Romsey Hospital","layer":"hospitals","note":"NHS","osm_id":"way/125866008","osm_url":"https://www.openstreetmap.org/way/125866008","source":"OpenStreetMap","brand":"NHS"}},{"type":"Feature","geometry":{"type":"Point","coordinates":[-3.1019376,53.3303282]},"properties":{"name":"Hospital","layer":"hospitals","note":"OpenStreetMap","osm_id":"way/1258704685","osm_url":"https://www.openstreetmap.org/way/1258704685","source":"OpenStreetMap"}},{"type":"Feature","geometry":{"type":"Point","coordinates":[-7.5839408,54.1178405]},"properties":{"name":"Hospital","layer":"hospitals","note":"OpenStreetMap","osm_id":"way/1259124395","osm_url":"https://www.openstreetmap.org/way/1259124395","source":"OpenStreetMap"}},{"type":"Feature","geometry":{"type":"Point","coordinates":[-1.7089515,55.1847907]},"properties":{"name":"Northgate Hospital","layer":"hospitals","note":"OpenStreetMap","osm_id":"way/126062800","osm_url":"https://www.openstreetmap.org/way/126062800","source":"OpenStreetMap"}},{"type":"Feature","geometry":{"type":"Point","coordinates":[-1.3974888,50.9125895]},"properties":{"name":"Royal South Hants Hospital","layer":"hospitals","note":"OpenStreetMap","osm_id":"way/126067692","osm_url":"https://www.openstreetmap.org/way/126067692","source":"OpenStreetMap"}},{"type":"Feature","geometry":{"type":"Point","coordinates":[-6.9698281,53.9133434]},"properties":{"name":"Hospital","layer":"hospitals","note":"OpenStreetMap","osm_id":"way/1261857962","osm_url":"https://www.openstreetmap.org/way/1261857962","source":"OpenStreetMap"}},{"type":"Feature","geometry":{"type":"Point","coordinates":[-1.5458149,50.7693385]},"properties":{"name":"Lymington New Forest Hospital","layer":"hospitals","note":"OpenStreetMap","osm_id":"way/126271830","osm_url":"https://www.openstreetmap.org/way/126271830","source":"OpenStreetMap"}},{"type":"Feature","geometry":{"type":"Point","coordinates":[-4.0812625,52.5840743]},"properties":{"name":"Tywyn Hospital","layer":"hospitals","note":"NHS","osm_id":"way/1263067247","osm_url":"https://www.openstreetmap.org/way/1263067247","source":"OpenStreetMap","brand":"NHS"}},{"type":"Feature","geometry":{"type":"Point","coordinates":[-3.1476447,53.1695752]},"properties":{"name":"Mold Hospital","layer":"hospitals","note":"NHS","osm_id":"way/1265649210","osm_url":"https://www.openstreetmap.org/way/1265649210","source":"OpenStreetMap","brand":"NHS"}},{"type":"Feature","geometry":{"type":"Point","coordinates":[-1.6825849,55.1780576]},"properties":{"name":"St George's Hospital","layer":"hospitals","note":"Cumbria, Northumberland, Tyne and Wear NHS Foundation Trust","osm_id":"way/126813538","osm_url":"https://www.openstreetmap.org/way/126813538","source":"OpenStreetMap","brand":"Cumbria, Northumberland, Tyne and Wear NHS Foundation Trust"}},{"type":"Feature","geometry":{"type":"Point","coordinates":[-4.0506535,51.0917158]},"properties":{"name":"North Devon District Hospital","layer":"hospitals","note":"OpenStreetMap","osm_id":"way/1268143933","osm_url":"https://www.openstreetmap.org/way/1268143933","source":"OpenStreetMap"}},{"type":"Feature","geometry":{"type":"Point","coordinates":[-2.9099281,53.5192197]},"properties":{"name":"Maghull Health Park","layer":"hospitals","note":"Mersey Care NHS Foundation Trust","osm_id":"way/1268781050","osm_url":"https://www.openstreetmap.org/way/1268781050","source":"OpenStreetMap","brand":"Mersey Care NHS Foundation Trust"}},{"type":"Feature","geometry":{"type":"Point","coordinates":[-7.410506,53.9296564]},"properties":{"name":"Hospital","layer":"hospitals","note":"OpenStreetMap","osm_id":"way/1268835233","osm_url":"https://www.openstreetmap.org/way/1268835233","source":"OpenStreetMap"}},{"type":"Feature","geometry":{"type":"Point","coordinates":[-7.0836939,54.0725717]},"properties":{"name":"Hospital","layer":"hospitals","note":"OpenStreetMap","osm_id":"way/1269077928","osm_url":"https://www.openstreetmap.org/way/1269077928","source":"OpenStreetMap"}},{"type":"Feature","geometry":{"type":"Point","coordinates":[-2.986559,53.6384373]},"properties":{"name":"Hartley Hospital","layer":"hospitals","note":"Mersey Care NHS Foundation Trust","osm_id":"way/1269298081","osm_url":"https://www.openstreetmap.org/way/1269298081","source":"OpenStreetMap","brand":"Mersey Care NHS Foundation Trust"}},{"type":"Feature","geometry":{"type":"Point","coordinates":[-2.0964903,52.8108388]},"properties":{"name":"County Hospital","layer":"hospitals","note":"OpenStreetMap","osm_id":"way/127104349","osm_url":"https://www.openstreetmap.org/way/127104349","source":"OpenStreetMap"}},{"type":"Feature","geometry":{"type":"Point","coordinates":[-7.4415708,54.1015854]},"properties":{"name":"Hospital","layer":"hospitals","note":"OpenStreetMap","osm_id":"way/1271239452","osm_url":"https://www.openstreetmap.org/way/1271239452","source":"OpenStreetMap"}},{"type":"Feature","geometry":{"type":"Point","coordinates":[-4.1625883,51.6854943]},"properties":{"name":"Brynmair","layer":"hospitals","note":"Hywel Dda Health Board","osm_id":"way/1277674819","osm_url":"https://www.openstreetmap.org/way/1277674819","source":"OpenStreetMap","brand":"Hywel Dda Health Board"}},{"type":"Feature","geometry":{"type":"Point","coordinates":[-0.5269244,51.3771098]},"properties":{"name":"St Peter's Hospital","layer":"hospitals","note":"NHS","osm_id":"way/1277790524","osm_url":"https://www.openstreetmap.org/way/1277790524","source":"OpenStreetMap","brand":"NHS"}},{"type":"Feature","geometry":{"type":"Point","coordinates":[-4.3064133,55.8853354]},"properties":{"name":"Nuffield Health Glasgow Hospital","layer":"hospitals","note":"Nuffield Health","osm_id":"way/1278225913","osm_url":"https://www.openstreetmap.org/way/1278225913","source":"OpenStreetMap","brand":"Nuffield Health"}},{"type":"Feature","geometry":{"type":"Point","coordinates":[-1.0759015,53.974411]},"properties":{"name":"Nuffield Hospital","layer":"hospitals","note":"Nuffield Health","osm_id":"way/127835230","osm_url":"https://www.openstreetmap.org/way/127835230","source":"OpenStreetMap","brand":"Nuffield Health"}},{"type":"Feature","geometry":{"type":"Point","coordinates":[-2.4933239,51.298834]},"properties":{"name":"Paulton Memorial Hospital","layer":"hospitals","note":"OpenStreetMap","osm_id":"way/127958740","osm_url":"https://www.openstreetmap.org/way/127958740","source":"OpenStreetMap"}},{"type":"Feature","geometry":{"type":"Point","coordinates":[-1.0455076,50.7962216]},"properties":{"name":"The Orchards","layer":"hospitals","note":"The National Health Service","osm_id":"way/1280044136","osm_url":"https://www.openstreetmap.org/way/1280044136","source":"OpenStreetMap","brand":"The National Health Service"}},{"type":"Feature","geometry":{"type":"Point","coordinates":[-1.0452891,50.7973152]},"properties":{"name":"The Limes","layer":"hospitals","note":"The National Health Service","osm_id":"way/1280044137","osm_url":"https://www.openstreetmap.org/way/1280044137","source":"OpenStreetMap","brand":"The National Health Service"}},{"type":"Feature","geometry":{"type":"Point","coordinates":[-1.0458224,50.7960102]},"properties":{"name":"St James Hospital","layer":"hospitals","note":"NHS","osm_id":"way/1280044141","osm_url":"https://www.openstreetmap.org/way/1280044141","source":"OpenStreetMap","brand":"NHS"}},{"type":"Feature","geometry":{"type":"Point","coordinates":[-2.5179782,51.6122364]},"properties":{"name":"Thornbury Health Centre","layer":"hospitals","note":"OpenStreetMap","osm_id":"way/128383146","osm_url":"https://www.openstreetmap.org/way/128383146","source":"OpenStreetMap"}},{"type":"Feature","geometry":{"type":"Point","coordinates":[-6.1911131,53.2853729]},"properties":{"name":"Saint John of God Hospital","layer":"hospitals","note":"OpenStreetMap","osm_id":"way/128516759","osm_url":"https://www.openstreetmap.org/way/128516759","source":"OpenStreetMap"}},{"type":"Feature","geometry":{"type":"Point","coordinates":[-0.073695,53.5506125]},"properties":{"name":"Harrison House","layer":"hospitals","note":"NHS","osm_id":"way/1288531192","osm_url":"https://www.openstreetmap.org/way/1288531192","source":"OpenStreetMap","brand":"NHS"}},{"type":"Feature","geometry":{"type":"Point","coordinates":[-0.0717095,53.5506707]},"properties":{"name":"St Hughs","layer":"hospitals","note":"The Healthcare Management Trust (HMT)","osm_id":"way/1288535570","osm_url":"https://www.openstreetmap.org/way/1288535570","source":"OpenStreetMap","brand":"The Healthcare Management Trust (HMT)"}},{"type":"Feature","geometry":{"type":"Point","coordinates":[-6.2554747,53.3806261]},"properties":{"name":"Hillside Farm","layer":"hospitals","note":"OpenStreetMap","osm_id":"way/128904782","osm_url":"https://www.openstreetmap.org/way/128904782","source":"OpenStreetMap"}},{"type":"Feature","geometry":{"type":"Point","coordinates":[-6.2882595,53.3346769]},"properties":{"name":"Coombe Women & Infants University Hospital","layer":"hospitals","note":"OpenStreetMap","osm_id":"way/129217469","osm_url":"https://www.openstreetmap.org/way/129217469","source":"OpenStreetMap"}},{"type":"Feature","geometry":{"type":"Point","coordinates":[-3.2878421,51.7605683]},"properties":{"name":"St Teilo House","layer":"hospitals","note":"OpenStreetMap","osm_id":"way/1292179148","osm_url":"https://www.openstreetmap.org/way/1292179148","source":"OpenStreetMap"}},{"type":"Feature","geometry":{"type":"Point","coordinates":[-1.1137659,53.0307577]},"properties":{"name":"Priory Hospital Arnold","layer":"hospitals","note":"Priory","osm_id":"way/1292180527","osm_url":"https://www.openstreetmap.org/way/1292180527","source":"OpenStreetMap","brand":"Priory"}},{"type":"Feature","geometry":{"type":"Point","coordinates":[-1.69718,55.4109083]},"properties":{"name":"Alnwick Infirmary","layer":"hospitals","note":"OpenStreetMap","osm_id":"way/129701987","osm_url":"https://www.openstreetmap.org/way/129701987","source":"OpenStreetMap"}},{"type":"Feature","geometry":{"type":"Point","coordinates":[-6.5492535,53.8570685]},"properties":{"name":"Saint Brigid's Complex","layer":"hospitals","note":"OpenStreetMap","osm_id":"way/1297448168","osm_url":"https://www.openstreetmap.org/way/1297448168","source":"OpenStreetMap"}},{"type":"Feature","geometry":{"type":"Point","coordinates":[-3.2283243,51.4824937]},"properties":{"name":"Priory Hospital Cardiff","layer":"hospitals","note":"Priory Group","osm_id":"way/1298168987","osm_url":"https://www.openstreetmap.org/way/1298168987","source":"OpenStreetMap","brand":"Priory Group"}},{"type":"Feature","geometry":{"type":"Point","coordinates":[-8.5076589,52.8940717]},"properties":{"name":"Raheen Community Hostpital","layer":"hospitals","note":"OpenStreetMap","osm_id":"way/1299821579","osm_url":"https://www.openstreetmap.org/way/1299821579","source":"OpenStreetMap"}},{"type":"Feature","geometry":{"type":"Point","coordinates":[-8.5071992,52.8942527]},"properties":{"name":"Hospital","layer":"hospitals","note":"OpenStreetMap","osm_id":"way/1299824328","osm_url":"https://www.openstreetmap.org/way/1299824328","source":"OpenStreetMap"}},{"type":"Feature","geometry":{"type":"Point","coordinates":[-7.7302475,54.9598814]},"properties":{"name":"HSE St Conalls Hospital","layer":"hospitals","note":"Health Service Executive","osm_id":"way/1300527583","osm_url":"https://www.openstreetmap.org/way/1300527583","source":"OpenStreetMap","brand":"Health Service Executive"}},{"type":"Feature","geometry":{"type":"Point","coordinates":[-1.9858472,52.5277547]},"properties":{"name":"Hallam Street Hospital","layer":"hospitals","note":"Black Country Partnership NHS Foundation Trust","osm_id":"way/130085798","osm_url":"https://www.openstreetmap.org/way/130085798","source":"OpenStreetMap","brand":"Black Country Partnership NHS Foundation Trust"}},{"type":"Feature","geometry":{"type":"Point","coordinates":[0.1810182,51.5687233]},"properties":{"name":"Queens Hospital","layer":"hospitals","note":"Barking, Havering and Redbridge University Hospitals NHS Trust","osm_id":"way/130345641","osm_url":"https://www.openstreetmap.org/way/130345641","source":"OpenStreetMap","brand":"Barking, Havering and Redbridge University Hospitals NHS Trust"}},{"type":"Feature","geometry":{"type":"Point","coordinates":[-2.0306482,52.6926147]},"properties":{"name":"Cannock Chase Hospital","layer":"hospitals","note":"OpenStreetMap","osm_id":"way/1305923813","osm_url":"https://www.openstreetmap.org/way/1305923813","source":"OpenStreetMap"}},{"type":"Feature","geometry":{"type":"Point","coordinates":[-0.0070046,51.5908869]},"properties":{"name":"Jane Atkinson Health and Wellbeing Centre","layer":"hospitals","note":"North East London NHS Foundation Trust","osm_id":"way/1306349223","osm_url":"https://www.openstreetmap.org/way/1306349223","source":"OpenStreetMap","brand":"North East London NHS Foundation Trust"}},{"type":"Feature","geometry":{"type":"Point","coordinates":[-2.9371602,53.3916976]},"properties":{"name":"Hospital","layer":"hospitals","note":"OpenStreetMap","osm_id":"way/1306618073","osm_url":"https://www.openstreetmap.org/way/1306618073","source":"OpenStreetMap"}},{"type":"Feature","geometry":{"type":"Point","coordinates":[-8.1845712,54.5012548]},"properties":{"name":"Ballyshannon Community Hospital","layer":"hospitals","note":"Health Service Executive","osm_id":"way/1308510676","osm_url":"https://www.openstreetmap.org/way/1308510676","source":"OpenStreetMap","brand":"Health Service Executive"}},{"type":"Feature","geometry":{"type":"Point","coordinates":[-4.3647546,55.8387947]},"properties":{"name":"Ross Hall Hospital","layer":"hospitals","note":"Circle","osm_id":"way/1311327030","osm_url":"https://www.openstreetmap.org/way/1311327030","source":"OpenStreetMap","brand":"Circle"}},{"type":"Feature","geometry":{"type":"Point","coordinates":[-1.9954273,50.8021695]},"properties":{"name":"Victoria Hospital Wimborne","layer":"hospitals","note":"OpenStreetMap","osm_id":"way/1311795367","osm_url":"https://www.openstreetmap.org/way/1311795367","source":"OpenStreetMap"}},{"type":"Feature","geometry":{"type":"Point","coordinates":[-1.0800116,53.7768802]},"properties":{"name":"Selby New War Memorial Hospital","layer":"hospitals","note":"OpenStreetMap","osm_id":"way/1312668553","osm_url":"https://www.openstreetmap.org/way/1312668553","source":"OpenStreetMap"}},{"type":"Feature","geometry":{"type":"Point","coordinates":[-4.1483032,50.5479884]},"properties":{"name":"Hospital","layer":"hospitals","note":"OpenStreetMap","osm_id":"way/1313112556","osm_url":"https://www.openstreetmap.org/way/1313112556","source":"OpenStreetMap"}},{"type":"Feature","geometry":{"type":"Point","coordinates":[-2.1270681,51.4524977]},"properties":{"name":"Chippenham Community Hospital","layer":"hospitals","note":"OpenStreetMap","osm_id":"way/1314007671","osm_url":"https://www.openstreetmap.org/way/1314007671","source":"OpenStreetMap"}},{"type":"Feature","geometry":{"type":"Point","coordinates":[1.0835257,51.2569866]},"properties":{"name":"Hospital","layer":"hospitals","note":"OpenStreetMap","osm_id":"way/1314615068","osm_url":"https://www.openstreetmap.org/way/1314615068","source":"OpenStreetMap"}},{"type":"Feature","geometry":{"type":"Point","coordinates":[-0.3007611,51.3405338]},"properties":{"name":"West Park Hospital","layer":"hospitals","note":"NHS","osm_id":"way/1322377021","osm_url":"https://www.openstreetmap.org/way/1322377021","source":"OpenStreetMap","brand":"NHS"}},{"type":"Feature","geometry":{"type":"Point","coordinates":[-3.4969096,53.2714033]},"properties":{"name":"Glan Clwyd Hospital","layer":"hospitals","note":"NHS","osm_id":"way/132283014","osm_url":"https://www.openstreetmap.org/way/132283014","source":"OpenStreetMap","brand":"NHS"}},{"type":"Feature","geometry":{"type":"Point","coordinates":[-1.3527034,50.9356181]},"properties":{"name":"The Priory","layer":"hospitals","note":"OpenStreetMap","osm_id":"way/1322947520","osm_url":"https://www.openstreetmap.org/way/1322947520","source":"OpenStreetMap"}},{"type":"Feature","geometry":{"type":"Point","coordinates":[-3.9073982,55.8027623]},"properties":{"name":"Cleland Hospital","layer":"hospitals","note":"OpenStreetMap","osm_id":"way/1323591016","osm_url":"https://www.openstreetmap.org/way/1323591016","source":"OpenStreetMap"}},{"type":"Feature","geometry":{"type":"Point","coordinates":[-3.583035,53.2656722]},"properties":{"name":"Ysbyty Abergele","layer":"hospitals","note":"NHS","osm_id":"way/132370448","osm_url":"https://www.openstreetmap.org/way/132370448","source":"OpenStreetMap","brand":"NHS"}},{"type":"Feature","geometry":{"type":"Point","coordinates":[-3.8276544,53.3111245]},"properties":{"name":"Ysbyty Llandudno","layer":"hospitals","note":"NHS","osm_id":"way/132380873","osm_url":"https://www.openstreetmap.org/way/132380873","source":"OpenStreetMap","brand":"NHS"}},{"type":"Feature","geometry":{"type":"Point","coordinates":[-0.9886605,51.4443285]},"properties":{"name":"Berkshire Independent Hospital","layer":"hospitals","note":"OpenStreetMap","osm_id":"way/132398394","osm_url":"https://www.openstreetmap.org/way/132398394","source":"OpenStreetMap"}},{"type":"Feature","geometry":{"type":"Point","coordinates":[-0.2936518,51.3394246]},"properties":{"name":"Hospital","layer":"hospitals","note":"OpenStreetMap","osm_id":"way/1325519507","osm_url":"https://www.openstreetmap.org/way/1325519507","source":"OpenStreetMap"}},{"type":"Feature","geometry":{"type":"Point","coordinates":[-1.154799,52.6023547]},"properties":{"name":"Hospital","layer":"hospitals","note":"OpenStreetMap","osm_id":"way/1326365306","osm_url":"https://www.openstreetmap.org/way/1326365306","source":"OpenStreetMap"}},{"type":"Feature","geometry":{"type":"Point","coordinates":[-2.0098579,52.4004915]},"properties":{"name":"Reaside","layer":"hospitals","note":"Birmingham and Solihull Mental Health NHS Foundation Trust","osm_id":"way/132714853","osm_url":"https://www.openstreetmap.org/way/132714853","source":"OpenStreetMap","brand":"Birmingham and Solihull Mental Health NHS Foundation Trust"}},{"type":"Feature","geometry":{"type":"Point","coordinates":[-0.6092258,51.2416749]},"properties":{"name":"The Fountain Centre","layer":"hospitals","note":"OpenStreetMap","osm_id":"way/1327817135","osm_url":"https://www.openstreetmap.org/way/1327817135","source":"OpenStreetMap"}},{"type":"Feature","geometry":{"type":"Point","coordinates":[0.1534359,52.1974936]},"properties":{"name":"Brookfields Hospital","layer":"hospitals","note":"OpenStreetMap","osm_id":"way/132834909","osm_url":"https://www.openstreetmap.org/way/132834909","source":"OpenStreetMap"}},{"type":"Feature","geometry":{"type":"Point","coordinates":[-6.7899232,53.5512126]},"properties":{"name":"St Joseph's Community Unit","layer":"hospitals","note":"OpenStreetMap","osm_id":"way/1331226960","osm_url":"https://www.openstreetmap.org/way/1331226960","source":"OpenStreetMap"}},{"type":"Feature","geometry":{"type":"Point","coordinates":[-4.1924103,57.4744728]},"properties":{"name":"Hospital","layer":"hospitals","note":"OpenStreetMap","osm_id":"way/1334264491","osm_url":"https://www.openstreetmap.org/way/1334264491","source":"OpenStreetMap"}},{"type":"Feature","geometry":{"type":"Point","coordinates":[-1.1472653,52.5898595]},"properties":{"name":"Sturdee Community Rehabilitation Hospital","layer":"hospitals","note":"OpenStreetMap","osm_id":"way/1334353382","osm_url":"https://www.openstreetmap.org/way/1334353382","source":"OpenStreetMap"}},{"type":"Feature","geometry":{"type":"Point","coordinates":[-0.2848449,51.3450109]},"properties":{"name":"Horton Haven","layer":"hospitals","note":"OpenStreetMap","osm_id":"way/1334599072","osm_url":"https://www.openstreetmap.org/way/1334599072","source":"OpenStreetMap"}},{"type":"Feature","geometry":{"type":"Point","coordinates":[-6.2453342,53.3785494]},"properties":{"name":"Highfield Healthcare","layer":"hospitals","note":"Highfield Healthcare","osm_id":"way/133528910","osm_url":"https://www.openstreetmap.org/way/133528910","source":"OpenStreetMap","brand":"Highfield Healthcare"}},{"type":"Feature","geometry":{"type":"Point","coordinates":[-8.5777588,52.6524499]},"properties":{"name":"Bon Secours Hospital Limerick","layer":"hospitals","note":"Bon Secours Health System","osm_id":"way/1335524644","osm_url":"https://www.openstreetmap.org/way/1335524644","source":"OpenStreetMap","brand":"Bon Secours Health System"}},{"type":"Feature","geometry":{"type":"Point","coordinates":[-4.3591548,50.6279184]},"properties":{"name":"Launceston Community Hospital","layer":"hospitals","note":"OpenStreetMap","osm_id":"way/1336913592","osm_url":"https://www.openstreetmap.org/way/1336913592","source":"OpenStreetMap"}},{"type":"Feature","geometry":{"type":"Point","coordinates":[-3.4933496,50.9092336]},"properties":{"name":"Tiverton and District Hospital","layer":"hospitals","note":"OpenStreetMap","osm_id":"way/133729075","osm_url":"https://www.openstreetmap.org/way/133729075","source":"OpenStreetMap"}},{"type":"Feature","geometry":{"type":"Point","coordinates":[-0.2974066,51.3371136]},"properties":{"name":"Hospital","layer":"hospitals","note":"OpenStreetMap","osm_id":"way/1338483556","osm_url":"https://www.openstreetmap.org/way/1338483556","source":"OpenStreetMap"}},{"type":"Feature","geometry":{"type":"Point","coordinates":[-1.1412168,52.6016852]},"properties":{"name":"Hospital","layer":"hospitals","note":"OpenStreetMap","osm_id":"way/1339985477","osm_url":"https://www.openstreetmap.org/way/1339985477","source":"OpenStreetMap"}},{"type":"Feature","geometry":{"type":"Point","coordinates":[-0.7774648,51.3687608]},"properties":{"name":"Broadmoor Hospital","layer":"hospitals","note":"NHS","osm_id":"way/134067230","osm_url":"https://www.openstreetmap.org/way/134067230","source":"OpenStreetMap","brand":"NHS"}},{"type":"Feature","geometry":{"type":"Point","coordinates":[-1.9274979,50.6986665]},"properties":{"name":"St Ann's Hospital","layer":"hospitals","note":"OpenStreetMap","osm_id":"way/1342690475","osm_url":"https://www.openstreetmap.org/way/1342690475","source":"OpenStreetMap"}},{"type":"Feature","geometry":{"type":"Point","coordinates":[-0.2736361,51.3468853]},"properties":{"name":"Hospital","layer":"hospitals","note":"OpenStreetMap","osm_id":"way/1342767633","osm_url":"https://www.openstreetmap.org/way/1342767633","source":"OpenStreetMap"}},{"type":"Feature","geometry":{"type":"Point","coordinates":[-2.2923675,53.3885368]},"properties":{"name":"Wythenshawe Hospital","layer":"hospitals","note":"OpenStreetMap","osm_id":"way/134636331","osm_url":"https://www.openstreetmap.org/way/134636331","source":"OpenStreetMap"}},{"type":"Feature","geometry":{"type":"Point","coordinates":[-6.3405926,53.7119364]},"properties":{"name":"St Mary's Hospital","layer":"hospitals","note":"Health Service Executive","osm_id":"way/1347440816","osm_url":"https://www.openstreetmap.org/way/1347440816","source":"OpenStreetMap","brand":"Health Service Executive"}},{"type":"Feature","geometry":{"type":"Point","coordinates":[-1.9424287,52.4489199]},"properties":{"name":"The Barberry National Centre for Mental Health","layer":"hospitals","note":"OpenStreetMap","osm_id":"way/134764929","osm_url":"https://www.openstreetmap.org/way/134764929","source":"OpenStreetMap"}},{"type":"Feature","geometry":{"type":"Point","coordinates":[-3.2234063,57.4687344]},"properties":{"name":"Fleming Hospital","layer":"hospitals","note":"OpenStreetMap","osm_id":"way/134773843","osm_url":"https://www.openstreetmap.org/way/134773843","source":"OpenStreetMap"}},{"type":"Feature","geometry":{"type":"Point","coordinates":[-3.7955357,55.9973504]},"properties":{"name":"Falkirk Community Hospital","layer":"hospitals","note":"NHS Forth Valley","osm_id":"way/134787817","osm_url":"https://www.openstreetmap.org/way/134787817","source":"OpenStreetMap","brand":"NHS Forth Valley"}},{"type":"Feature","geometry":{"type":"Point","coordinates":[-1.7938299,57.5025179]},"properties":{"name":"Peterhead Community Hospital","layer":"hospitals","note":"OpenStreetMap","osm_id":"way/1348845437","osm_url":"https://www.openstreetmap.org/way/1348845437","source":"OpenStreetMap"}},{"type":"Feature","geometry":{"type":"Point","coordinates":[-3.8425715,56.3702671]},"properties":{"name":"Crieff Community Hospital","layer":"hospitals","note":"NHS Tayside","osm_id":"way/134894438","osm_url":"https://www.openstreetmap.org/way/134894438","source":"OpenStreetMap","brand":"NHS Tayside"}},{"type":"Feature","geometry":{"type":"Point","coordinates":[-2.2922877,53.4936614]},"properties":{"name":"Braeburn House","layer":"hospitals","note":"OpenStreetMap","osm_id":"way/1352306282","osm_url":"https://www.openstreetmap.org/way/1352306282","source":"OpenStreetMap"}},{"type":"Feature","geometry":{"type":"Point","coordinates":[-4.2684119,57.4702514]},"properties":{"name":"New Craigs Hospital","layer":"hospitals","note":"NHS","osm_id":"way/1352687254","osm_url":"https://www.openstreetmap.org/way/1352687254","source":"OpenStreetMap","brand":"NHS"}},{"type":"Feature","geometry":{"type":"Point","coordinates":[-2.9816982,57.668066]},"properties":{"name":"Seafield Hospital","layer":"hospitals","note":"OpenStreetMap","osm_id":"way/135421676","osm_url":"https://www.openstreetmap.org/way/135421676","source":"OpenStreetMap"}},{"type":"Feature","geometry":{"type":"Point","coordinates":[-2.1170063,49.1917843]},"properties":{"name":"Hospital","layer":"hospitals","note":"OpenStreetMap","osm_id":"way/1354370506","osm_url":"https://www.openstreetmap.org/way/1354370506","source":"OpenStreetMap"}},{"type":"Feature","geometry":{"type":"Point","coordinates":[-0.845857,51.4102863]},"properties":{"name":"Wokingham Hospital","layer":"hospitals","note":"OpenStreetMap","osm_id":"way/135616875","osm_url":"https://www.openstreetmap.org/way/135616875","source":"OpenStreetMap"}},{"type":"Feature","geometry":{"type":"Point","coordinates":[1.1131764,52.571981]},"properties":{"name":"Ogden Court Community Hospital","layer":"hospitals","note":"Norfolk Community Health and Care NHS Trust","osm_id":"way/1356927870","osm_url":"https://www.openstreetmap.org/way/1356927870","source":"OpenStreetMap","brand":"Norfolk Community Health and Care NHS Trust"}},{"type":"Feature","geometry":{"type":"Point","coordinates":[1.3884824,52.8140692]},"properties":{"name":"North Walsham and District War Memorial Hospital","layer":"hospitals","note":"OpenStreetMap","osm_id":"way/1358178240","osm_url":"https://www.openstreetmap.org/way/1358178240","source":"OpenStreetMap"}},{"type":"Feature","geometry":{"type":"Point","coordinates":[-0.7372102,51.0905211]},"properties":{"name":"Holy Cross Hospital","layer":"hospitals","note":"The Congregation of the Daughters of the Cross of Liege","osm_id":"way/135855436","osm_url":"https://www.openstreetmap.org/way/135855436","source":"OpenStreetMap","brand":"The Congregation of the Daughters of the Cross of Liege"}},{"type":"Feature","geometry":{"type":"Point","coordinates":[-0.1695718,53.9153644]},"properties":{"name":"Hornsea Cottage Hospital","layer":"hospitals","note":"OpenStreetMap","osm_id":"way/1359185365","osm_url":"https://www.openstreetmap.org/way/1359185365","source":"OpenStreetMap"}},{"type":"Feature","geometry":{"type":"Point","coordinates":[-3.2471279,51.7701452]},"properties":{"name":"Tredegar Health and Wellbeing Centre","layer":"hospitals","note":"OpenStreetMap","osm_id":"way/1359406293","osm_url":"https://www.openstreetmap.org/way/1359406293","source":"OpenStreetMap"}},{"type":"Feature","geometry":{"type":"Point","coordinates":[-7.1471038,54.0500289]},"properties":{"name":"Hospital","layer":"hospitals","note":"OpenStreetMap","osm_id":"way/1360360454","osm_url":"https://www.openstreetmap.org/way/1360360454","source":"OpenStreetMap"}},{"type":"Feature","geometry":{"type":"Point","coordinates":[1.3029448,52.4046135]},"properties":{"name":"Richmond House","layer":"hospitals","note":"OpenStreetMap","osm_id":"way/1360400669","osm_url":"https://www.openstreetmap.org/way/1360400669","source":"OpenStreetMap"}},{"type":"Feature","geometry":{"type":"Point","coordinates":[-7.8779167,54.2917039]},"properties":{"name":"Hospital","layer":"hospitals","note":"OpenStreetMap","osm_id":"way/1360696246","osm_url":"https://www.openstreetmap.org/way/1360696246","source":"OpenStreetMap"}},{"type":"Feature","geometry":{"type":"Point","coordinates":[0.6893032,52.2364854]},"properties":{"name":"Glastonbury Court","layer":"hospitals","note":"OpenStreetMap","osm_id":"way/1360758347","osm_url":"https://www.openstreetmap.org/way/1360758347","source":"OpenStreetMap"}},{"type":"Feature","geometry":{"type":"Point","coordinates":[0.486797,51.7743028]},"properties":{"name":"Chelmer Clinic","layer":"hospitals","note":"OpenStreetMap","osm_id":"way/1361186096","osm_url":"https://www.openstreetmap.org/way/1361186096","source":"OpenStreetMap"}},{"type":"Feature","geometry":{"type":"Point","coordinates":[-3.5313613,55.8805646]},"properties":{"name":"St. Ellen’s Private Hospital","layer":"hospitals","note":"OpenStreetMap","osm_id":"way/1362266059","osm_url":"https://www.openstreetmap.org/way/1362266059","source":"OpenStreetMap"}},{"type":"Feature","geometry":{"type":"Point","coordinates":[-3.1238752,57.4456305]},"properties":{"name":"Stephen Cottage Hospital","layer":"hospitals","note":"OpenStreetMap","osm_id":"way/136409345","osm_url":"https://www.openstreetmap.org/way/136409345","source":"OpenStreetMap"}},{"type":"Feature","geometry":{"type":"Point","coordinates":[-2.439854,54.810203]},"properties":{"name":"Ruth Lancaster James Hospital","layer":"hospitals","note":"OpenStreetMap","osm_id":"way/1364292492","osm_url":"https://www.openstreetmap.org/way/1364292492","source":"OpenStreetMap"}},{"type":"Feature","geometry":{"type":"Point","coordinates":[-0.3531437,51.818736]},"properties":{"name":"Harpenden Memorial Hospital","layer":"hospitals","note":"NHS","osm_id":"way/1364321095","osm_url":"https://www.openstreetmap.org/way/1364321095","source":"OpenStreetMap","brand":"NHS"}},{"type":"Feature","geometry":{"type":"Point","coordinates":[-0.7074426,51.0922974]},"properties":{"name":"Haslemere & District Hospital","layer":"hospitals","note":"OpenStreetMap","osm_id":"way/136438327","osm_url":"https://www.openstreetmap.org/way/136438327","source":"OpenStreetMap"}},{"type":"Feature","geometry":{"type":"Point","coordinates":[0.1079761,50.7738758]},"properties":{"name":"Horder Centre, Seaford","layer":"hospitals","note":"OpenStreetMap","osm_id":"way/1367311077","osm_url":"https://www.openstreetmap.org/way/1367311077","source":"OpenStreetMap"}},{"type":"Feature","geometry":{"type":"Point","coordinates":[-2.9679507,53.4479372]},"properties":{"name":"Breeze Hill Neighbourhood Health Centre","layer":"hospitals","note":"OpenStreetMap","osm_id":"way/1368854719","osm_url":"https://www.openstreetmap.org/way/1368854719","source":"OpenStreetMap"}},{"type":"Feature","geometry":{"type":"Point","coordinates":[-0.3036458,51.3140897]},"properties":{"name":"Ashtead Clinic","layer":"hospitals","note":"OpenStreetMap","osm_id":"way/136939614","osm_url":"https://www.openstreetmap.org/way/136939614","source":"OpenStreetMap"}},{"type":"Feature","geometry":{"type":"Point","coordinates":[-0.7923259,51.6130945]},"properties":{"name":"Priory Hospital High Wycombe","layer":"hospitals","note":"OpenStreetMap","osm_id":"way/1370243514","osm_url":"https://www.openstreetmap.org/way/1370243514","source":"OpenStreetMap"}},{"type":"Feature","geometry":{"type":"Point","coordinates":[-3.2232264,57.4686916]},"properties":{"name":"Hospital","layer":"hospitals","note":"OpenStreetMap","osm_id":"way/1370869187","osm_url":"https://www.openstreetmap.org/way/1370869187","source":"OpenStreetMap"}},{"type":"Feature","geometry":{"type":"Point","coordinates":[-6.2615305,53.3570939]},"properties":{"name":"Children's Health Ireland at Temple Street","layer":"hospitals","note":"Health Service Executive","osm_id":"way/137349173","osm_url":"https://www.openstreetmap.org/way/137349173","source":"OpenStreetMap","brand":"Health Service Executive"}},{"type":"Feature","geometry":{"type":"Point","coordinates":[-4.6365323,55.4525697]},"properties":{"name":"Ayrshire Hospice","layer":"hospitals","note":"OpenStreetMap","osm_id":"way/1373729610","osm_url":"https://www.openstreetmap.org/way/1373729610","source":"OpenStreetMap"}},{"type":"Feature","geometry":{"type":"Point","coordinates":[-1.941343,50.7499393]},"properties":{"name":"Alderney Hospital","layer":"hospitals","note":"OpenStreetMap","osm_id":"way/137538978","osm_url":"https://www.openstreetmap.org/way/137538978","source":"OpenStreetMap"}},{"type":"Feature","geometry":{"type":"Point","coordinates":[-1.9060727,50.7661902]},"properties":{"name":"Addington Clinic","layer":"hospitals","note":"OpenStreetMap","osm_id":"way/137540842","osm_url":"https://www.openstreetmap.org/way/137540842","source":"OpenStreetMap"}},{"type":"Feature","geometry":{"type":"Point","coordinates":[-2.711244,53.5898452]},"properties":{"name":"Wrightington Hospital","layer":"hospitals","note":"OpenStreetMap","osm_id":"way/137745432","osm_url":"https://www.openstreetmap.org/way/137745432","source":"OpenStreetMap"}},{"type":"Feature","geometry":{"type":"Point","coordinates":[-0.1148023,51.3405666]},"properties":{"name":"Purley War Memorial Hospital","layer":"hospitals","note":"OpenStreetMap","osm_id":"way/137754985","osm_url":"https://www.openstreetmap.org/way/137754985","source":"OpenStreetMap"}},{"type":"Feature","geometry":{"type":"Point","coordinates":[-9.9859214,54.2285155]},"properties":{"name":"Belmullet Community Hospital","layer":"hospitals","note":"Health Service Executive","osm_id":"way/1377597778","osm_url":"https://www.openstreetmap.org/way/1377597778","source":"OpenStreetMap","brand":"Health Service Executive"}},{"type":"Feature","geometry":{"type":"Point","coordinates":[-2.5759876,53.337585]},"properties":{"name":"Spire Cheshire Hospital","layer":"hospitals","note":"OpenStreetMap","osm_id":"way/1380045655","osm_url":"https://www.openstreetmap.org/way/1380045655","source":"OpenStreetMap"}},{"type":"Feature","geometry":{"type":"Point","coordinates":[-2.2287101,53.517719]},"properties":{"name":"North Manchester General Hospital","layer":"hospitals","note":"OpenStreetMap","osm_id":"way/138016620","osm_url":"https://www.openstreetmap.org/way/138016620","source":"OpenStreetMap"}},{"type":"Feature","geometry":{"type":"Point","coordinates":[-5.0860695,50.155613]},"properties":{"name":"Falmouth Hospital","layer":"hospitals","note":"OpenStreetMap","osm_id":"way/138246917","osm_url":"https://www.openstreetmap.org/way/138246917","source":"OpenStreetMap"}},{"type":"Feature","geometry":{"type":"Point","coordinates":[-2.1289043,53.529547]},"properties":{"name":"All Saints Hospital","layer":"hospitals","note":"Elysium Healthcare","osm_id":"way/1382989540","osm_url":"https://www.openstreetmap.org/way/1382989540","source":"OpenStreetMap","brand":"Elysium Healthcare"}},{"type":"Feature","geometry":{"type":"Point","coordinates":[-4.0700478,55.976741]},"properties":{"name":"Victoria Memorial Cottage Hospital","layer":"hospitals","note":"OpenStreetMap","osm_id":"way/1386654653","osm_url":"https://www.openstreetmap.org/way/1386654653","source":"OpenStreetMap"}},{"type":"Feature","geometry":{"type":"Point","coordinates":[-0.0284309,52.9640869]},"properties":{"name":"Norton Lea","layer":"hospitals","note":"OpenStreetMap","osm_id":"way/1389191567","osm_url":"https://www.openstreetmap.org/way/1389191567","source":"OpenStreetMap"}},{"type":"Feature","geometry":{"type":"Point","coordinates":[-2.7178468,53.4322617]},"properties":{"name":"Elizabeth Court Care Centre","layer":"hospitals","note":"OpenStreetMap","osm_id":"way/1390208925","osm_url":"https://www.openstreetmap.org/way/1390208925","source":"OpenStreetMap"}},{"type":"Feature","geometry":{"type":"Point","coordinates":[-0.1224733,51.5221919]},"properties":{"name":"National Hospital for Neurology and Neurosurgery","layer":"hospitals","note":"NHS","osm_id":"way/1390491265","osm_url":"https://www.openstreetmap.org/way/1390491265","source":"OpenStreetMap","brand":"NHS"}},{"type":"Feature","geometry":{"type":"Point","coordinates":[-0.1214747,51.5217696]},"properties":{"name":"Royal London Hospital for Integrated Medicine","layer":"hospitals","note":"OpenStreetMap","osm_id":"way/1390491266","osm_url":"https://www.openstreetmap.org/way/1390491266","source":"OpenStreetMap"}},{"type":"Feature","geometry":{"type":"Point","coordinates":[-0.1889856,51.1354262]},"properties":{"name":"Hospital","layer":"hospitals","note":"OpenStreetMap","osm_id":"way/1395586886","osm_url":"https://www.openstreetmap.org/way/1395586886","source":"OpenStreetMap"}},{"type":"Feature","geometry":{"type":"Point","coordinates":[-3.1494516,55.9094642]},"properties":{"name":"Ellen's Glen Community Hospital","layer":"hospitals","note":"NHS Lothian","osm_id":"way/1396547033","osm_url":"https://www.openstreetmap.org/way/1396547033","source":"OpenStreetMap","brand":"NHS Lothian"}},{"type":"Feature","geometry":{"type":"Point","coordinates":[-3.8173108,56.0354604]},"properties":{"name":"Bellsdyke Hospital","layer":"hospitals","note":"NHS","osm_id":"way/139776216","osm_url":"https://www.openstreetmap.org/way/139776216","source":"OpenStreetMap","brand":"NHS"}},{"type":"Feature","geometry":{"type":"Point","coordinates":[-1.4415955,53.2214913]},"properties":{"name":"Walton Hospital","layer":"hospitals","note":"OpenStreetMap","osm_id":"way/139995058","osm_url":"https://www.openstreetmap.org/way/139995058","source":"OpenStreetMap"}},{"type":"Feature","geometry":{"type":"Point","coordinates":[-3.1983556,55.9445195]},"properties":{"name":"Chalmers Centre","layer":"hospitals","note":"NHS Lothian","osm_id":"way/1408706268","osm_url":"https://www.openstreetmap.org/way/1408706268","source":"OpenStreetMap","brand":"NHS Lothian"}},{"type":"Feature","geometry":{"type":"Point","coordinates":[-6.2560721,54.0863969]},"properties":{"name":"Hospital","layer":"hospitals","note":"OpenStreetMap","osm_id":"way/1408921000","osm_url":"https://www.openstreetmap.org/way/1408921000","source":"OpenStreetMap"}},{"type":"Feature","geometry":{"type":"Point","coordinates":[-3.1981965,55.94412]},"properties":{"name":"Princess Alexandra Eye Pavilion","layer":"hospitals","note":"NHS Lothian","osm_id":"way/1408952952","osm_url":"https://www.openstreetmap.org/way/1408952952","source":"OpenStreetMap","brand":"NHS Lothian"}},{"type":"Feature","geometry":{"type":"Point","coordinates":[-3.1967679,55.9443708]},"properties":{"name":"Lauriston Building","layer":"hospitals","note":"NHS Lothian","osm_id":"way/1408952953","osm_url":"https://www.openstreetmap.org/way/1408952953","source":"OpenStreetMap","brand":"NHS Lothian"}},{"type":"Feature","geometry":{"type":"Point","coordinates":[-3.1760116,55.9714237]},"properties":{"name":"Leith Community Treatment Centre","layer":"hospitals","note":"NHS Lothian","osm_id":"way/1408954466","osm_url":"https://www.openstreetmap.org/way/1408954466","source":"OpenStreetMap","brand":"NHS Lothian"}},{"type":"Feature","geometry":{"type":"Point","coordinates":[-9.0205464,53.2777871]},"properties":{"name":"Bon Secours Hospital Galway","layer":"hospitals","note":"OpenStreetMap","osm_id":"way/141131842","osm_url":"https://www.openstreetmap.org/way/141131842","source":"OpenStreetMap"}},{"type":"Feature","geometry":{"type":"Point","coordinates":[-3.1442661,55.9680261]},"properties":{"name":"Findlay House","layer":"hospitals","note":"NHS Lothian","osm_id":"way/1411852267","osm_url":"https://www.openstreetmap.org/way/1411852267","source":"OpenStreetMap","brand":"NHS Lothian"}},{"type":"Feature","geometry":{"type":"Point","coordinates":[-0.3395572,51.4307807]},"properties":{"name":"Hospital","layer":"hospitals","note":"NHS","osm_id":"way/1416702354","osm_url":"https://www.openstreetmap.org/way/1416702354","source":"OpenStreetMap","brand":"NHS"}},{"type":"Feature","geometry":{"type":"Point","coordinates":[-2.2095635,53.0018178]},"properties":{"name":"Hospital","layer":"hospitals","note":"OpenStreetMap","osm_id":"way/1416709043","osm_url":"https://www.openstreetmap.org/way/1416709043","source":"OpenStreetMap"}},{"type":"Feature","geometry":{"type":"Point","coordinates":[-3.4565622,51.6431816]},"properties":{"name":"Priory Hospital Ty Cwm Rhondda","layer":"hospitals","note":"The Priory Group","osm_id":"way/1417622197","osm_url":"https://www.openstreetmap.org/way/1417622197","source":"OpenStreetMap","brand":"The Priory Group"}},{"type":"Feature","geometry":{"type":"Point","coordinates":[-5.0214561,54.898989]},"properties":{"name":"Galloway Community Hospital","layer":"hospitals","note":"NHS Dumfries and Galloway","osm_id":"way/1419309913","osm_url":"https://www.openstreetmap.org/way/1419309913","source":"OpenStreetMap","brand":"NHS Dumfries and Galloway"}},{"type":"Feature","geometry":{"type":"Point","coordinates":[-2.2232094,52.9876106]},"properties":{"name":"North Staffordshire Hospital","layer":"hospitals","note":"Nuffield Health","osm_id":"way/142367365","osm_url":"https://www.openstreetmap.org/way/142367365","source":"OpenStreetMap","brand":"Nuffield Health"}},{"type":"Feature","geometry":{"type":"Point","coordinates":[-0.2139272,51.4519811]},"properties":{"name":"Royal Hospital for Neuro-Disability","layer":"hospitals","note":"OpenStreetMap","osm_id":"way/142385900","osm_url":"https://www.openstreetmap.org/way/142385900","source":"OpenStreetMap"}},{"type":"Feature","geometry":{"type":"Point","coordinates":[-0.1188742,50.8192399]},"properties":{"name":"Royal Sussex County Hospital","layer":"hospitals","note":"Brighton and Sussex University Hospitals NHS Trust","osm_id":"way/1425431300","osm_url":"https://www.openstreetmap.org/way/1425431300","source":"OpenStreetMap","brand":"Brighton and Sussex University Hospitals NHS Trust"}},{"type":"Feature","geometry":{"type":"Point","coordinates":[1.5953225,52.1521017]},"properties":{"name":"Aldeburgh Community Hospital","layer":"hospitals","note":"OpenStreetMap","osm_id":"way/142704218","osm_url":"https://www.openstreetmap.org/way/142704218","source":"OpenStreetMap"}},{"type":"Feature","geometry":{"type":"Point","coordinates":[-1.5491019,53.8073733]},"properties":{"name":"Leeds Student Medical Practice","layer":"hospitals","note":"OpenStreetMap","osm_id":"way/142722317","osm_url":"https://www.openstreetmap.org/way/142722317","source":"OpenStreetMap"}},{"type":"Feature","geometry":{"type":"Point","coordinates":[-3.6134386,50.5394246]},"properties":{"name":"Newton Abbot Community Hospital","layer":"hospitals","note":"OpenStreetMap","osm_id":"way/1427731947","osm_url":"https://www.openstreetmap.org/way/1427731947","source":"OpenStreetMap"}},{"type":"Feature","geometry":{"type":"Point","coordinates":[-3.055706,55.9435306]},"properties":{"name":"The Esk Centre","layer":"hospitals","note":"NHS Lothian","osm_id":"way/1429167603","osm_url":"https://www.openstreetmap.org/way/1429167603","source":"OpenStreetMap","brand":"NHS Lothian"}},{"type":"Feature","geometry":{"type":"Point","coordinates":[0.5677866,50.8850851]},"properties":{"name":"Conquest Hospital","layer":"hospitals","note":"OpenStreetMap","osm_id":"way/1430528595","osm_url":"https://www.openstreetmap.org/way/1430528595","source":"OpenStreetMap"}},{"type":"Feature","geometry":{"type":"Point","coordinates":[-3.3923072,51.6871111]},"properties":{"name":"Ysbyty Cwm Cynon","layer":"hospitals","note":"OpenStreetMap","osm_id":"way/143173962","osm_url":"https://www.openstreetmap.org/way/143173962","source":"OpenStreetMap"}},{"type":"Feature","geometry":{"type":"Point","coordinates":[-3.5993759,55.0575053]},"properties":{"name":"NHS D&G Board Headquarters","layer":"hospitals","note":"NHS","osm_id":"way/1432249106","osm_url":"https://www.openstreetmap.org/way/1432249106","source":"OpenStreetMap","brand":"NHS"}},{"type":"Feature","geometry":{"type":"Point","coordinates":[-3.5993759,55.0575053]},"properties":{"name":"NHS D&G Board Headquarters","layer":"hospitals","note":"NHS","osm_id":"way/1432252995","osm_url":"https://www.openstreetmap.org/way/1432252995","source":"OpenStreetMap","brand":"NHS"}},{"type":"Feature","geometry":{"type":"Point","coordinates":[-0.0470464,51.5202134]},"properties":{"name":"The London Independent Hospital","layer":"hospitals","note":"Circle Health Group","osm_id":"way/1432555189","osm_url":"https://www.openstreetmap.org/way/1432555189","source":"OpenStreetMap","brand":"Circle Health Group"}},{"type":"Feature","geometry":{"type":"Point","coordinates":[-0.66719,53.5870022]},"properties":{"name":"Scunthorpe General Hospital","layer":"hospitals","note":"NHS","osm_id":"way/143454754","osm_url":"https://www.openstreetmap.org/way/143454754","source":"OpenStreetMap","brand":"NHS"}},{"type":"Feature","geometry":{"type":"Point","coordinates":[-6.3001241,52.6743637]},"properties":{"name":"Gorey District Hospital","layer":"hospitals","note":"OpenStreetMap","osm_id":"way/143864364","osm_url":"https://www.openstreetmap.org/way/143864364","source":"OpenStreetMap"}},{"type":"Feature","geometry":{"type":"Point","coordinates":[-2.6139924,57.3404063]},"properties":{"name":"Insch War Memorial Hospital","layer":"hospitals","note":"OpenStreetMap","osm_id":"way/143919321","osm_url":"https://www.openstreetmap.org/way/143919321","source":"OpenStreetMap"}},{"type":"Feature","geometry":{"type":"Point","coordinates":[-6.9951015,52.9984746]},"properties":{"name":"Saint Vincent's Hospital","layer":"hospitals","note":"Health Service Executive","osm_id":"way/143927675","osm_url":"https://www.openstreetmap.org/way/143927675","source":"OpenStreetMap","brand":"Health Service Executive"}},{"type":"Feature","geometry":{"type":"Point","coordinates":[-0.1934851,51.0830664]},"properties":{"name":"St Catherine's Hospice","layer":"hospitals","note":"OpenStreetMap","osm_id":"way/1443220496","osm_url":"https://www.openstreetmap.org/way/1443220496","source":"OpenStreetMap"}},{"type":"Feature","geometry":{"type":"Point","coordinates":[-2.9708393,53.3951948]},"properties":{"name":"Hospital","layer":"hospitals","note":"OpenStreetMap","osm_id":"way/1445780638","osm_url":"https://www.openstreetmap.org/way/1445780638","source":"OpenStreetMap"}},{"type":"Feature","geometry":{"type":"Point","coordinates":[-0.7656292,51.2543558]},"properties":{"name":"Aldershot Centre for Health","layer":"hospitals","note":"OpenStreetMap","osm_id":"way/144594723","osm_url":"https://www.openstreetmap.org/way/144594723","source":"OpenStreetMap"}},{"type":"Feature","geometry":{"type":"Point","coordinates":[-1.2573765,52.364075]},"properties":{"name":"Hospital of St Cross","layer":"hospitals","note":"OpenStreetMap","osm_id":"way/144653969","osm_url":"https://www.openstreetmap.org/way/144653969","source":"OpenStreetMap"}},{"type":"Feature","geometry":{"type":"Point","coordinates":[-8.6369408,52.6514896]},"properties":{"name":"Limerick Surgical Hub","layer":"hospitals","note":"OpenStreetMap","osm_id":"way/1446990532","osm_url":"https://www.openstreetmap.org/way/1446990532","source":"OpenStreetMap"}},{"type":"Feature","geometry":{"type":"Point","coordinates":[0.7305283,50.9617794]},"properties":{"name":"Hospital","layer":"hospitals","note":"OpenStreetMap","osm_id":"way/1447717094","osm_url":"https://www.openstreetmap.org/way/1447717094","source":"OpenStreetMap"}},{"type":"Feature","geometry":{"type":"Point","coordinates":[-1.7602803,52.411277]},"properties":{"name":"Marie Curie Hospice","layer":"hospitals","note":"OpenStreetMap","osm_id":"way/144893759","osm_url":"https://www.openstreetmap.org/way/144893759","source":"OpenStreetMap"}},{"type":"Feature","geometry":{"type":"Point","coordinates":[-2.895436,53.1760256]},"properties":{"name":"Hospital","layer":"hospitals","note":"OpenStreetMap","osm_id":"way/1449513577","osm_url":"https://www.openstreetmap.org/way/1449513577","source":"OpenStreetMap"}},{"type":"Feature","geometry":{"type":"Point","coordinates":[-3.0002077,56.4770983]},"properties":{"name":"Kingsway Care Centre","layer":"hospitals","note":"NHS Tayside","osm_id":"way/1449925471","osm_url":"https://www.openstreetmap.org/way/1449925471","source":"OpenStreetMap","brand":"NHS Tayside"}},{"type":"Feature","geometry":{"type":"Point","coordinates":[-8.7122312,52.5271073]},"properties":{"name":"Mid-Western Regional Orthopaedic Hospital","layer":"hospitals","note":"Health Service Executive","osm_id":"way/145036151","osm_url":"https://www.openstreetmap.org/way/145036151","source":"OpenStreetMap","brand":"Health Service Executive"}},{"type":"Feature","geometry":{"type":"Point","coordinates":[-7.1093942,53.980311]},"properties":{"name":"Hospital","layer":"hospitals","note":"OpenStreetMap","osm_id":"way/1451336255","osm_url":"https://www.openstreetmap.org/way/1451336255","source":"OpenStreetMap"}},{"type":"Feature","geometry":{"type":"Point","coordinates":[-2.5625125,51.1902719]},"properties":{"name":"Shepton Mallet Community Hospital","layer":"hospitals","note":"OpenStreetMap","osm_id":"way/145255437","osm_url":"https://www.openstreetmap.org/way/145255437","source":"OpenStreetMap"}},{"type":"Feature","geometry":{"type":"Point","coordinates":[-2.4462149,50.705943]},"properties":{"name":"Greenwood Independent Living Centre","layer":"hospitals","note":"OpenStreetMap","osm_id":"way/1452934994","osm_url":"https://www.openstreetmap.org/way/1452934994","source":"OpenStreetMap"}},{"type":"Feature","geometry":{"type":"Point","coordinates":[0.0344392,51.3130711]},"properties":{"name":"Biggin Hill Clinic","layer":"hospitals","note":"OpenStreetMap","osm_id":"way/145477095","osm_url":"https://www.openstreetmap.org/way/145477095","source":"OpenStreetMap"}},{"type":"Feature","geometry":{"type":"Point","coordinates":[1.3893105,51.2193883]},"properties":{"name":"Victoria Hospital","layer":"hospitals","note":"OpenStreetMap","osm_id":"way/1457687568","osm_url":"https://www.openstreetmap.org/way/1457687568","source":"OpenStreetMap"}},{"type":"Feature","geometry":{"type":"Point","coordinates":[-6.2161272,53.3903038]},"properties":{"name":"Beaumont Lodge Transitional Care Unit","layer":"hospitals","note":"Bartra Healthcare and HSE","osm_id":"way/1457877516","osm_url":"https://www.openstreetmap.org/way/1457877516","source":"OpenStreetMap","brand":"Bartra Healthcare and HSE"}},{"type":"Feature","geometry":{"type":"Point","coordinates":[-0.1251287,51.411925]},"properties":{"name":"Hospital","layer":"hospitals","note":"NHS","osm_id":"way/1458084061","osm_url":"https://www.openstreetmap.org/way/1458084061","source":"OpenStreetMap","brand":"NHS"}},{"type":"Feature","geometry":{"type":"Point","coordinates":[-2.9312353,53.4649111]},"properties":{"name":"Sefton Suite - MAU, Wards 26, 28 and 29, Main ‘B’ Theatres and Anaesthetics Directorate","layer":"hospitals","note":"OpenStreetMap","osm_id":"way/1459610387","osm_url":"https://www.openstreetmap.org/way/1459610387","source":"OpenStreetMap"}},{"type":"Feature","geometry":{"type":"Point","coordinates":[-2.6341086,50.9452361]},"properties":{"name":"Yeovil Hospital","layer":"hospitals","note":"Somerset NHS Foundation Trust","osm_id":"way/1459625504","osm_url":"https://www.openstreetmap.org/way/1459625504","source":"OpenStreetMap","brand":"Somerset NHS Foundation Trust"}},{"type":"Feature","geometry":{"type":"Point","coordinates":[-0.6225977,51.3225644]},"properties":{"name":"The Priory Hospital","layer":"hospitals","note":"OpenStreetMap","osm_id":"way/145993772","osm_url":"https://www.openstreetmap.org/way/145993772","source":"OpenStreetMap"}},{"type":"Feature","geometry":{"type":"Point","coordinates":[-3.6841293,50.4327715]},"properties":{"name":"Totnes Community Hospital","layer":"hospitals","note":"South West NHS Trust","osm_id":"way/146179853","osm_url":"https://www.openstreetmap.org/way/146179853","source":"OpenStreetMap","brand":"South West NHS Trust"}},{"type":"Feature","geometry":{"type":"Point","coordinates":[-0.8742469,53.7159392]},"properties":{"name":"Goole and District Hospital","layer":"hospitals","note":"OpenStreetMap","osm_id":"way/146392466","osm_url":"https://www.openstreetmap.org/way/146392466","source":"OpenStreetMap"}},{"type":"Feature","geometry":{"type":"Point","coordinates":[-1.6224857,52.0668558]},"properties":{"name":"Ellen Badger Hospital","layer":"hospitals","note":"OpenStreetMap","osm_id":"way/146636428","osm_url":"https://www.openstreetmap.org/way/146636428","source":"OpenStreetMap"}},{"type":"Feature","geometry":{"type":"Point","coordinates":[-2.7438817,55.5953572]},"properties":{"name":"Borders General Hospital","layer":"hospitals","note":"NHS Borders","osm_id":"way/146760351","osm_url":"https://www.openstreetmap.org/way/146760351","source":"OpenStreetMap","brand":"NHS Borders"}},{"type":"Feature","geometry":{"type":"Point","coordinates":[-3.3763895,51.5038679]},"properties":{"name":"Hospital","layer":"hospitals","note":"OpenStreetMap","osm_id":"way/1467972574","osm_url":"https://www.openstreetmap.org/way/1467972574","source":"OpenStreetMap"}},{"type":"Feature","geometry":{"type":"Point","coordinates":[0.5449588,52.393565]},"properties":{"name":"RAF Lakenheath Medical Hospital","layer":"hospitals","note":"US Air Force","osm_id":"way/1468050786","osm_url":"https://www.openstreetmap.org/way/1468050786","source":"OpenStreetMap","brand":"US Air Force"}},{"type":"Feature","geometry":{"type":"Point","coordinates":[1.0868392,51.2659343]},"properties":{"name":"Kent and Canterbury Hospital","layer":"hospitals","note":"East Kent Hospitals University NHS Foundation Trust","osm_id":"way/146810350","osm_url":"https://www.openstreetmap.org/way/146810350","source":"OpenStreetMap","brand":"East Kent Hospitals University NHS Foundation Trust"}},{"type":"Feature","geometry":{"type":"Point","coordinates":[-5.0953552,50.2661999]},"properties":{"name":"Pendragon Buildings","layer":"hospitals","note":"Cornwall Partnership NHS Foundation Trust","osm_id":"way/1469813031","osm_url":"https://www.openstreetmap.org/way/1469813031","source":"OpenStreetMap","brand":"Cornwall Partnership NHS Foundation Trust"}},{"type":"Feature","geometry":{"type":"Point","coordinates":[0.5444919,51.3341612]},"properties":{"name":"Lordswood Healthy living center","layer":"hospitals","note":"OpenStreetMap","osm_id":"way/1470013789","osm_url":"https://www.openstreetmap.org/way/1470013789","source":"OpenStreetMap"}},{"type":"Feature","geometry":{"type":"Point","coordinates":[-1.5215566,53.8071812]},"properties":{"name":"St. James's University Hospital","layer":"hospitals","note":"Leeds Teaching Hospitals NHS Trust","osm_id":"way/147096365","osm_url":"https://www.openstreetmap.org/way/147096365","source":"OpenStreetMap","brand":"Leeds Teaching Hospitals NHS Trust"}},{"type":"Feature","geometry":{"type":"Point","coordinates":[0.2930177,51.6004241]},"properties":{"name":"Hartswood Hospital","layer":"hospitals","note":"OpenStreetMap","osm_id":"way/147241472","osm_url":"https://www.openstreetmap.org/way/147241472","source":"OpenStreetMap"}},{"type":"Feature","geometry":{"type":"Point","coordinates":[-9.3161381,52.9358967]},"properties":{"name":"Ennistymon Community Hospital","layer":"hospitals","note":"Health Service Executive","osm_id":"way/1473410354","osm_url":"https://www.openstreetmap.org/way/1473410354","source":"OpenStreetMap","brand":"Health Service Executive"}},{"type":"Feature","geometry":{"type":"Point","coordinates":[0.5559285,51.1481507]},"properties":{"name":"Hospital","layer":"hospitals","note":"OpenStreetMap","osm_id":"way/1473571180","osm_url":"https://www.openstreetmap.org/way/1473571180","source":"OpenStreetMap"}},{"type":"Feature","geometry":{"type":"Point","coordinates":[0.4884236,51.0489212]},"properties":{"name":"Hawkhurst Community Hospital","layer":"hospitals","note":"OpenStreetMap","osm_id":"way/1473940576","osm_url":"https://www.openstreetmap.org/way/1473940576","source":"OpenStreetMap"}},{"type":"Feature","geometry":{"type":"Point","coordinates":[-2.6992952,51.1602951]},"properties":{"name":"West Mendip Community Hospital","layer":"hospitals","note":"OpenStreetMap","osm_id":"way/147437337","osm_url":"https://www.openstreetmap.org/way/147437337","source":"OpenStreetMap"}},{"type":"Feature","geometry":{"type":"Point","coordinates":[-0.0805327,51.459283]},"properties":{"name":"Tessa Jowell Health Centre","layer":"hospitals","note":"NHS","osm_id":"way/1477757914","osm_url":"https://www.openstreetmap.org/way/1477757914","source":"OpenStreetMap","brand":"NHS"}},{"type":"Feature","geometry":{"type":"Point","coordinates":[-7.8226387,52.685542]},"properties":{"name":"Thurles Community Hospital of the Assumption","layer":"hospitals","note":"Health Service Executive","osm_id":"way/1480778502","osm_url":"https://www.openstreetmap.org/way/1480778502","source":"OpenStreetMap","brand":"Health Service Executive"}},{"type":"Feature","geometry":{"type":"Point","coordinates":[1.1077346,51.2771245]},"properties":{"name":"Saint Martin's Hospital","layer":"hospitals","note":"OpenStreetMap","osm_id":"way/148091898","osm_url":"https://www.openstreetmap.org/way/148091898","source":"OpenStreetMap"}},{"type":"Feature","geometry":{"type":"Point","coordinates":[0.3321933,53.145325]},"properties":{"name":"Skegness Hospital","layer":"hospitals","note":"OpenStreetMap","osm_id":"way/148187367","osm_url":"https://www.openstreetmap.org/way/148187367","source":"OpenStreetMap"}},{"type":"Feature","geometry":{"type":"Point","coordinates":[-7.8600877,51.9575566]},"properties":{"name":"Youghal Community Hospital","layer":"hospitals","note":"OpenStreetMap","osm_id":"way/148315843","osm_url":"https://www.openstreetmap.org/way/148315843","source":"OpenStreetMap"}},{"type":"Feature","geometry":{"type":"Point","coordinates":[-2.0188702,55.5466283]},"properties":{"name":"Cheviot Primary Care Centre","layer":"hospitals","note":"OpenStreetMap","osm_id":"way/148590433","osm_url":"https://www.openstreetmap.org/way/148590433","source":"OpenStreetMap"}},{"type":"Feature","geometry":{"type":"Point","coordinates":[-1.4965662,53.4358579]},"properties":{"name":"Grenoside Grange","layer":"hospitals","note":"Sheffield Health Partnership University NHS Foundation Trust","osm_id":"way/1486166462","osm_url":"https://www.openstreetmap.org/way/1486166462","source":"OpenStreetMap","brand":"Sheffield Health Partnership University NHS Foundation Trust"}},{"type":"Feature","geometry":{"type":"Point","coordinates":[-1.9886247,52.5274438]},"properties":{"name":"Sandwell Health Campus","layer":"hospitals","note":"OpenStreetMap","osm_id":"way/148848885","osm_url":"https://www.openstreetmap.org/way/148848885","source":"OpenStreetMap"}},{"type":"Feature","geometry":{"type":"Point","coordinates":[-1.9904271,52.5376333]},"properties":{"name":"Heath Lane Hospital","layer":"hospitals","note":"OpenStreetMap","osm_id":"way/148859037","osm_url":"https://www.openstreetmap.org/way/148859037","source":"OpenStreetMap"}},{"type":"Feature","geometry":{"type":"Point","coordinates":[-3.0140052,53.0504501]},"properties":{"name":"Spire Yale - Chesney Court","layer":"hospitals","note":"OpenStreetMap","osm_id":"way/1489616679","osm_url":"https://www.openstreetmap.org/way/1489616679","source":"OpenStreetMap"}},{"type":"Feature","geometry":{"type":"Point","coordinates":[-3.0114689,53.0507899]},"properties":{"name":"Plas Goroau – Wrexham Maelor Hospital","layer":"hospitals","note":"Betsi Cadwaladr University Health Board","osm_id":"way/1489619095","osm_url":"https://www.openstreetmap.org/way/1489619095","source":"OpenStreetMap","brand":"Betsi Cadwaladr University Health Board"}},{"type":"Feature","geometry":{"type":"Point","coordinates":[-9.1602787,51.9416844]},"properties":{"name":"Ballyvourney Health Centre","layer":"hospitals","note":"Health Service Executive","osm_id":"way/1491096454","osm_url":"https://www.openstreetmap.org/way/1491096454","source":"OpenStreetMap","brand":"Health Service Executive"}},{"type":"Feature","geometry":{"type":"Point","coordinates":[-3.5709689,51.518096]},"properties":{"name":"Princess of Wales Hospital","layer":"hospitals","note":"Bwrdd Iechyd Cwm Taf Morgannwg | Cwm Taf Morgannwg University Health Board","osm_id":"way/1493545700","osm_url":"https://www.openstreetmap.org/way/1493545700","source":"OpenStreetMap","brand":"Bwrdd Iechyd Cwm Taf Morgannwg | Cwm Taf Morgannwg University Health Board"}},{"type":"Feature","geometry":{"type":"Point","coordinates":[-2.7112727,53.8036948]},"properties":{"name":"Greater Lancashire Hospital","layer":"hospitals","note":"OpenStreetMap","osm_id":"way/1496204770","osm_url":"https://www.openstreetmap.org/way/1496204770","source":"OpenStreetMap"}},{"type":"Feature","geometry":{"type":"Point","coordinates":[-1.4712541,53.805565]},"properties":{"name":"Seacroft Hospital","layer":"hospitals","note":"OpenStreetMap","osm_id":"way/149759023","osm_url":"https://www.openstreetmap.org/way/149759023","source":"OpenStreetMap"}},{"type":"Feature","geometry":{"type":"Point","coordinates":[-3.462711,51.1987822]},"properties":{"name":"Minehead Community Hospital","layer":"hospitals","note":"OpenStreetMap","osm_id":"way/149999696","osm_url":"https://www.openstreetmap.org/way/149999696","source":"OpenStreetMap"}},{"type":"Feature","geometry":{"type":"Point","coordinates":[-0.2613381,51.4103397]},"properties":{"name":"The Groves Medical Centre","layer":"hospitals","note":"OpenStreetMap","osm_id":"way/150470710","osm_url":"https://www.openstreetmap.org/way/150470710","source":"OpenStreetMap"}},{"type":"Feature","geometry":{"type":"Point","coordinates":[0.8920793,51.9231053]},"properties":{"name":"Cygnet Hospital Colchester","layer":"hospitals","note":"Cygnet Learning Disabilities Limited","osm_id":"way/150512694","osm_url":"https://www.openstreetmap.org/way/150512694","source":"OpenStreetMap","brand":"Cygnet Learning Disabilities Limited"}},{"type":"Feature","geometry":{"type":"Point","coordinates":[-2.0908808,55.8711758]},"properties":{"name":"Eyemouth Day Hospital","layer":"hospitals","note":"NHS Borders","osm_id":"way/1505414825","osm_url":"https://www.openstreetmap.org/way/1505414825","source":"OpenStreetMap","brand":"NHS Borders"}},{"type":"Feature","geometry":{"type":"Point","coordinates":[-2.480805,50.614883]},"properties":{"name":"Westhaven Hospital","layer":"hospitals","note":"OpenStreetMap","osm_id":"way/150803075","osm_url":"https://www.openstreetmap.org/way/150803075","source":"OpenStreetMap"}},{"type":"Feature","geometry":{"type":"Point","coordinates":[-1.5902553,53.7993136]},"properties":{"name":"Parkside Lodge","layer":"hospitals","note":"OpenStreetMap","osm_id":"way/150915326","osm_url":"https://www.openstreetmap.org/way/150915326","source":"OpenStreetMap"}},{"type":"Feature","geometry":{"type":"Point","coordinates":[-2.0937415,54.9694553]},"properties":{"name":"Hexham General Hospital","layer":"hospitals","note":"Northumbria Healthcare NHS Foundation Trust","osm_id":"way/1510401911","osm_url":"https://www.openstreetmap.org/way/1510401911","source":"OpenStreetMap","brand":"Northumbria Healthcare NHS Foundation Trust"}},{"type":"Feature","geometry":{"type":"Point","coordinates":[-2.9271319,53.3805883]},"properties":{"name":"Hospital","layer":"hospitals","note":"OpenStreetMap","osm_id":"way/1511214818","osm_url":"https://www.openstreetmap.org/way/1511214818","source":"OpenStreetMap"}},{"type":"Feature","geometry":{"type":"Point","coordinates":[-7.1436427,52.5268127]},"properties":{"name":"Thomastown Primary Care Centre","layer":"hospitals","note":"OpenStreetMap","osm_id":"way/1512701280","osm_url":"https://www.openstreetmap.org/way/1512701280","source":"OpenStreetMap"}},{"type":"Feature","geometry":{"type":"Point","coordinates":[0.135771,52.1732183]},"properties":{"name":"The Royal Papworth Hospital","layer":"hospitals","note":"OpenStreetMap","osm_id":"way/151375407","osm_url":"https://www.openstreetmap.org/way/151375407","source":"OpenStreetMap"}},{"type":"Feature","geometry":{"type":"Point","coordinates":[-0.7843474,51.2206058]},"properties":{"name":"Farnham Community Hospital","layer":"hospitals","note":"OpenStreetMap","osm_id":"way/151847319","osm_url":"https://www.openstreetmap.org/way/151847319","source":"OpenStreetMap"}},{"type":"Feature","geometry":{"type":"Point","coordinates":[-6.6975077,53.6502038]},"properties":{"name":"Our Lady's Hospital","layer":"hospitals","note":"Health Service Executive","osm_id":"way/152006619","osm_url":"https://www.openstreetmap.org/way/152006619","source":"OpenStreetMap","brand":"Health Service Executive"}},{"type":"Feature","geometry":{"type":"Point","coordinates":[-8.5980949,52.2694917]},"properties":{"name":"Hospital","layer":"hospitals","note":"OpenStreetMap","osm_id":"way/1523090179","osm_url":"https://www.openstreetmap.org/way/1523090179","source":"OpenStreetMap"}},{"type":"Feature","geometry":{"type":"Point","coordinates":[-0.2973366,52.5764499]},"properties":{"name":"Hospital","layer":"hospitals","note":"OpenStreetMap","osm_id":"way/1524279134","osm_url":"https://www.openstreetmap.org/way/1524279134","source":"OpenStreetMap"}},{"type":"Feature","geometry":{"type":"Point","coordinates":[-7.3717336,54.0010654]},"properties":{"name":"Cavan General Hospital","layer":"hospitals","note":"Health Service Executive","osm_id":"way/152613437","osm_url":"https://www.openstreetmap.org/way/152613437","source":"OpenStreetMap","brand":"Health Service Executive"}},{"type":"Feature","geometry":{"type":"Point","coordinates":[-0.354169,53.743954]},"properties":{"name":"Hull and East Yorkshire Eye Hospital","layer":"hospitals","note":"OpenStreetMap","osm_id":"way/152724079","osm_url":"https://www.openstreetmap.org/way/152724079","source":"OpenStreetMap"}},{"type":"Feature","geometry":{"type":"Point","coordinates":[0.2696468,50.8900542]},"properties":{"name":"Hospital","layer":"hospitals","note":"OpenStreetMap","osm_id":"way/1528147251","osm_url":"https://www.openstreetmap.org/way/1528147251","source":"OpenStreetMap"}},{"type":"Feature","geometry":{"type":"Point","coordinates":[-1.8118057,52.5681586]},"properties":{"name":"Good Hope Hospital","layer":"hospitals","note":"University Hospitals Birmingham","osm_id":"way/1530818585","osm_url":"https://www.openstreetmap.org/way/1530818585","source":"OpenStreetMap","brand":"University Hospitals Birmingham"}},{"type":"Feature","geometry":{"type":"Point","coordinates":[-6.241519,53.3676609]},"properties":{"name":"Gheel Autism Services","layer":"hospitals","note":"OpenStreetMap","osm_id":"way/153097627","osm_url":"https://www.openstreetmap.org/way/153097627","source":"OpenStreetMap"}},{"type":"Feature","geometry":{"type":"Point","coordinates":[-1.1976736,52.4578489]},"properties":{"name":"Feilding Palmer Hospital","layer":"hospitals","note":"OpenStreetMap","osm_id":"way/153158369","osm_url":"https://www.openstreetmap.org/way/153158369","source":"OpenStreetMap"}},{"type":"Feature","geometry":{"type":"Point","coordinates":[-8.0851596,53.9509922]},"properties":{"name":"Saint Patricks Community Hospital","layer":"hospitals","note":"Health Service Executive","osm_id":"way/1533529828","osm_url":"https://www.openstreetmap.org/way/1533529828","source":"OpenStreetMap","brand":"Health Service Executive"}},{"type":"Feature","geometry":{"type":"Point","coordinates":[-8.4816617,54.2685112]},"properties":{"name":"Kingsbridge Private Hospital","layer":"hospitals","note":"Kingsbridge Private Hospital","osm_id":"way/1533710112","osm_url":"https://www.openstreetmap.org/way/1533710112","source":"OpenStreetMap","brand":"Kingsbridge Private Hospital"}},{"type":"Feature","geometry":{"type":"Point","coordinates":[-8.4573679,54.2815884]},"properties":{"name":"Sligo Leitrim Mental Health Service Inpatient Approved Centre","layer":"hospitals","note":"OpenStreetMap","osm_id":"way/1533710600","osm_url":"https://www.openstreetmap.org/way/1533710600","source":"OpenStreetMap"}},{"type":"Feature","geometry":{"type":"Point","coordinates":[-8.4639832,54.2750308]},"properties":{"name":"Sligo University Hospital","layer":"hospitals","note":"OpenStreetMap","osm_id":"way/1533711209","osm_url":"https://www.openstreetmap.org/way/1533711209","source":"OpenStreetMap"}},{"type":"Feature","geometry":{"type":"Point","coordinates":[-8.4690156,54.2795442]},"properties":{"name":"St. John's Community Hospital","layer":"hospitals","note":"Health Service Executive","osm_id":"way/1533711669","osm_url":"https://www.openstreetmap.org/way/1533711669","source":"OpenStreetMap","brand":"Health Service Executive"}},{"type":"Feature","geometry":{"type":"Point","coordinates":[-3.0243387,53.3309762]},"properties":{"name":"Claire House Hospice","layer":"hospitals","note":"OpenStreetMap","osm_id":"way/153753602","osm_url":"https://www.openstreetmap.org/way/153753602","source":"OpenStreetMap"}},{"type":"Feature","geometry":{"type":"Point","coordinates":[-3.0252248,53.3325771]},"properties":{"name":"Clatterbridge Hospital","layer":"hospitals","note":"OpenStreetMap","osm_id":"way/153753603","osm_url":"https://www.openstreetmap.org/way/153753603","source":"OpenStreetMap"}},{"type":"Feature","geometry":{"type":"Point","coordinates":[-3.0216844,53.3350013]},"properties":{"name":"Saint John's Hospice","layer":"hospitals","note":"OpenStreetMap","osm_id":"way/153753643","osm_url":"https://www.openstreetmap.org/way/153753643","source":"OpenStreetMap"}},{"type":"Feature","geometry":{"type":"Point","coordinates":[-7.2320548,52.6485475]},"properties":{"name":"Saint Canice's Psychiatric Hospital","layer":"hospitals","note":"OpenStreetMap","osm_id":"way/153983834","osm_url":"https://www.openstreetmap.org/way/153983834","source":"OpenStreetMap"}},{"type":"Feature","geometry":{"type":"Point","coordinates":[0.5584891,51.2823025]},"properties":{"name":"Hospital","layer":"hospitals","note":"OpenStreetMap","osm_id":"way/1540296401","osm_url":"https://www.openstreetmap.org/way/1540296401","source":"OpenStreetMap"}},{"type":"Feature","geometry":{"type":"Point","coordinates":[0.4794453,51.2949152]},"properties":{"name":"Hospital","layer":"hospitals","note":"OpenStreetMap","osm_id":"way/1540818630","osm_url":"https://www.openstreetmap.org/way/1540818630","source":"OpenStreetMap"}},{"type":"Feature","geometry":{"type":"Point","coordinates":[0.4809293,51.2954828]},"properties":{"name":"Hospital","layer":"hospitals","note":"OpenStreetMap","osm_id":"way/1540818632","osm_url":"https://www.openstreetmap.org/way/1540818632","source":"OpenStreetMap"}},{"type":"Feature","geometry":{"type":"Point","coordinates":[-2.1599962,53.6236686]},"properties":{"name":"Rochdale Infirmary","layer":"hospitals","note":"OpenStreetMap","osm_id":"way/154134025","osm_url":"https://www.openstreetmap.org/way/154134025","source":"OpenStreetMap"}},{"type":"Feature","geometry":{"type":"Point","coordinates":[-3.9980342,55.8652192]},"properties":{"name":"Hospital","layer":"hospitals","note":"NHS Lanarkshire","osm_id":"way/1544680367","osm_url":"https://www.openstreetmap.org/way/1544680367","source":"OpenStreetMap","brand":"NHS Lanarkshire"}},{"type":"Feature","geometry":{"type":"Point","coordinates":[-1.4370726,52.4217727]},"properties":{"name":"University Hospital Coventry & Warwickshire","layer":"hospitals","note":"NHS","osm_id":"way/154503970","osm_url":"https://www.openstreetmap.org/way/154503970","source":"OpenStreetMap","brand":"NHS"}},{"type":"Feature","geometry":{"type":"Point","coordinates":[-1.4380762,52.4233953]},"properties":{"name":"BMI Meriden Hospital","layer":"hospitals","note":"OpenStreetMap","osm_id":"way/154505148","osm_url":"https://www.openstreetmap.org/way/154505148","source":"OpenStreetMap"}},{"type":"Feature","geometry":{"type":"Point","coordinates":[-1.4398492,52.4215366]},"properties":{"name":"University Hospital Coventry","layer":"hospitals","note":"OpenStreetMap","osm_id":"way/154508310","osm_url":"https://www.openstreetmap.org/way/154508310","source":"OpenStreetMap"}},{"type":"Feature","geometry":{"type":"Point","coordinates":[-7.8922514,52.5116039]},"properties":{"name":"St Patrick's Hospital Campus","layer":"hospitals","note":"OpenStreetMap","osm_id":"way/1545179020","osm_url":"https://www.openstreetmap.org/way/1545179020","source":"OpenStreetMap"}},{"type":"Feature","geometry":{"type":"Point","coordinates":[-0.2160278,54.0868452]},"properties":{"name":"Bridlington and District Hospital","layer":"hospitals","note":"OpenStreetMap","osm_id":"way/154752873","osm_url":"https://www.openstreetmap.org/way/154752873","source":"OpenStreetMap"}},{"type":"Feature","geometry":{"type":"Point","coordinates":[-2.2926924,53.3906556]},"properties":{"name":"Wythenshawe Hospital","layer":"hospitals","note":"OpenStreetMap","osm_id":"way/1547852176","osm_url":"https://www.openstreetmap.org/way/1547852176","source":"OpenStreetMap"}},{"type":"Feature","geometry":{"type":"Point","coordinates":[-3.9392099,56.0244166]},"properties":{"name":"Strathcarron Hospice","layer":"hospitals","note":"OpenStreetMap","osm_id":"way/1548531039","osm_url":"https://www.openstreetmap.org/way/1548531039","source":"OpenStreetMap"}},{"type":"Feature","geometry":{"type":"Point","coordinates":[-7.2748897,52.6524251]},"properties":{"name":"Kilcreene Hospital","layer":"hospitals","note":"Health Service Executive","osm_id":"way/154858816","osm_url":"https://www.openstreetmap.org/way/154858816","source":"OpenStreetMap","brand":"Health Service Executive"}},{"type":"Feature","geometry":{"type":"Point","coordinates":[-5.0554888,55.8302649]},"properties":{"name":"Victoria Hospital","layer":"hospitals","note":"NHS Highland","osm_id":"way/1550517762","osm_url":"https://www.openstreetmap.org/way/1550517762","source":"OpenStreetMap","brand":"NHS Highland"}},{"type":"Feature","geometry":{"type":"Point","coordinates":[0.9014152,51.9117859]},"properties":{"name":"King's Wood Centre","layer":"hospitals","note":"Essex Partnership University NHS Foundation Trust","osm_id":"way/1550758168","osm_url":"https://www.openstreetmap.org/way/1550758168","source":"OpenStreetMap","brand":"Essex Partnership University NHS Foundation Trust"}},{"type":"Feature","geometry":{"type":"Point","coordinates":[-2.9591695,53.3984284]},"properties":{"name":"Liverpool Women's Hospital","layer":"hospitals","note":"OpenStreetMap","osm_id":"way/155185402","osm_url":"https://www.openstreetmap.org/way/155185402","source":"OpenStreetMap"}},{"type":"Feature","geometry":{"type":"Point","coordinates":[0.2299929,51.2711338]},"properties":{"name":"Hospital","layer":"hospitals","note":"OpenStreetMap","osm_id":"way/1552025713","osm_url":"https://www.openstreetmap.org/way/1552025713","source":"OpenStreetMap"}},{"type":"Feature","geometry":{"type":"Point","coordinates":[0.2482401,51.2202437]},"properties":{"name":"Hollanden Park Hospital","layer":"hospitals","note":"Renovo","osm_id":"way/1553627362","osm_url":"https://www.openstreetmap.org/way/1553627362","source":"OpenStreetMap","brand":"Renovo"}},{"type":"Feature","geometry":{"type":"Point","coordinates":[-6.2432773,53.3677772]},"properties":{"name":"Fairview Community Unit (Mater Hospital)","layer":"hospitals","note":"OpenStreetMap","osm_id":"way/155848026","osm_url":"https://www.openstreetmap.org/way/155848026","source":"OpenStreetMap"}},{"type":"Feature","geometry":{"type":"Point","coordinates":[-9.5085192,52.0687861]},"properties":{"name":"Killarney Community Hospital","layer":"hospitals","note":"Health Service Executive","osm_id":"way/1558565223","osm_url":"https://www.openstreetmap.org/way/1558565223","source":"OpenStreetMap","brand":"Health Service Executive"}},{"type":"Feature","geometry":{"type":"Point","coordinates":[-2.017755,54.7481569]},"properties":{"name":"Weardale Community Hospital","layer":"hospitals","note":"OpenStreetMap","osm_id":"way/1559274236","osm_url":"https://www.openstreetmap.org/way/1559274236","source":"OpenStreetMap"}},{"type":"Feature","geometry":{"type":"Point","coordinates":[-3.1649107,51.780374]},"properties":{"name":"Hospital","layer":"hospitals","note":"OpenStreetMap","osm_id":"way/1560188085","osm_url":"https://www.openstreetmap.org/way/1560188085","source":"OpenStreetMap"}},{"type":"Feature","geometry":{"type":"Point","coordinates":[0.1855661,51.1340682]},"properties":{"name":"Hospital","layer":"hospitals","note":"OpenStreetMap","osm_id":"way/1560836602","osm_url":"https://www.openstreetmap.org/way/1560836602","source":"OpenStreetMap"}},{"type":"Feature","geometry":{"type":"Point","coordinates":[-2.2112804,53.8385839]},"properties":{"name":"Pendle Community Hospital","layer":"hospitals","note":"NHSS","osm_id":"way/1563919730","osm_url":"https://www.openstreetmap.org/way/1563919730","source":"OpenStreetMap","brand":"NHSS"}},{"type":"Feature","geometry":{"type":"Point","coordinates":[-1.0697747,54.6007507]},"properties":{"name":"Redcar Primary Care Hospital","layer":"hospitals","note":"OpenStreetMap","osm_id":"way/156415558","osm_url":"https://www.openstreetmap.org/way/156415558","source":"OpenStreetMap"}},{"type":"Feature","geometry":{"type":"Point","coordinates":[-0.1679502,51.6344405]},"properties":{"name":"Springdene Nursing Home","layer":"hospitals","note":"OpenStreetMap","osm_id":"way/156497004","osm_url":"https://www.openstreetmap.org/way/156497004","source":"OpenStreetMap"}},{"type":"Feature","geometry":{"type":"Point","coordinates":[-7.2702811,52.6765697]},"properties":{"name":"Aut Even Hospital","layer":"hospitals","note":"OpenStreetMap","osm_id":"way/156638577","osm_url":"https://www.openstreetmap.org/way/156638577","source":"OpenStreetMap"}},{"type":"Feature","geometry":{"type":"Point","coordinates":[-1.2747961,50.8705959]},"properties":{"name":"Fareham Community Hospital","layer":"hospitals","note":"OpenStreetMap","osm_id":"way/156769401","osm_url":"https://www.openstreetmap.org/way/156769401","source":"OpenStreetMap"}},{"type":"Feature","geometry":{"type":"Point","coordinates":[-1.9906276,52.9844926]},"properties":{"name":"Cheadle Hosptal","layer":"hospitals","note":"NHS","osm_id":"way/157395198","osm_url":"https://www.openstreetmap.org/way/157395198","source":"OpenStreetMap","brand":"NHS"}},{"type":"Feature","geometry":{"type":"Point","coordinates":[-0.5267214,51.3771251]},"properties":{"name":"St Peter's Hospital A&E","layer":"hospitals","note":"OpenStreetMap","osm_id":"way/157502034","osm_url":"https://www.openstreetmap.org/way/157502034","source":"OpenStreetMap"}},{"type":"Feature","geometry":{"type":"Point","coordinates":[-0.6448578,53.5900352]},"properties":{"name":"Scunthorpe Community Diagnostic Centre","layer":"hospitals","note":"NHS","osm_id":"way/157922276","osm_url":"https://www.openstreetmap.org/way/157922276","source":"OpenStreetMap","brand":"NHS"}},{"type":"Feature","geometry":{"type":"Point","coordinates":[1.1715356,51.0860679]},"properties":{"name":"Royal Victoria Hospital and Folkestone Minor Injury Unit","layer":"hospitals","note":"NHS","osm_id":"way/158039206","osm_url":"https://www.openstreetmap.org/way/158039206","source":"OpenStreetMap","brand":"NHS"}},{"type":"Feature","geometry":{"type":"Point","coordinates":[1.2913084,51.1317323]},"properties":{"name":"Buckland Hospital","layer":"hospitals","note":"OpenStreetMap","osm_id":"way/158339571","osm_url":"https://www.openstreetmap.org/way/158339571","source":"OpenStreetMap"}},{"type":"Feature","geometry":{"type":"Point","coordinates":[-1.4305565,54.3424449]},"properties":{"name":"Friarage Hospital","layer":"hospitals","note":"OpenStreetMap","osm_id":"way/158454809","osm_url":"https://www.openstreetmap.org/way/158454809","source":"OpenStreetMap"}},{"type":"Feature","geometry":{"type":"Point","coordinates":[-1.4896882,51.7875141]},"properties":{"name":"Witney Community Hospital","layer":"hospitals","note":"OpenStreetMap","osm_id":"way/158773397","osm_url":"https://www.openstreetmap.org/way/158773397","source":"OpenStreetMap"}},{"type":"Feature","geometry":{"type":"Point","coordinates":[-4.450848,50.4617525]},"properties":{"name":"Liskeard Community Hospital","layer":"hospitals","note":"OpenStreetMap","osm_id":"way/159098120","osm_url":"https://www.openstreetmap.org/way/159098120","source":"OpenStreetMap"}},{"type":"Feature","geometry":{"type":"Point","coordinates":[-1.787898,51.0452151]},"properties":{"name":"Salisbury District Hospital","layer":"hospitals","note":"Salisbury NHS Foundation Trust","osm_id":"way/159183509","osm_url":"https://www.openstreetmap.org/way/159183509","source":"OpenStreetMap","brand":"Salisbury NHS Foundation Trust"}},{"type":"Feature","geometry":{"type":"Point","coordinates":[-2.2266585,53.3757945]},"properties":{"name":"St Ann's Hospice","layer":"hospitals","note":"OpenStreetMap","osm_id":"way/160664108","osm_url":"https://www.openstreetmap.org/way/160664108","source":"OpenStreetMap"}},{"type":"Feature","geometry":{"type":"Point","coordinates":[-2.2205441,53.3751114]},"properties":{"name":"Cheadle Royal Hospital","layer":"hospitals","note":"OpenStreetMap","osm_id":"way/160674615","osm_url":"https://www.openstreetmap.org/way/160674615","source":"OpenStreetMap"}},{"type":"Feature","geometry":{"type":"Point","coordinates":[-0.1973564,51.1166383]},"properties":{"name":"Crawley Hospital","layer":"hospitals","note":"OpenStreetMap","osm_id":"way/16109582","osm_url":"https://www.openstreetmap.org/way/16109582","source":"OpenStreetMap"}},{"type":"Feature","geometry":{"type":"Point","coordinates":[0.2570899,51.434731]},"properties":{"name":"Darent Valley Hospital","layer":"hospitals","note":"OpenStreetMap","osm_id":"way/161126146","osm_url":"https://www.openstreetmap.org/way/161126146","source":"OpenStreetMap"}},{"type":"Feature","geometry":{"type":"Point","coordinates":[-6.6832643,53.6512191]},"properties":{"name":"Hospital","layer":"hospitals","note":"OpenStreetMap","osm_id":"way/161667950","osm_url":"https://www.openstreetmap.org/way/161667950","source":"OpenStreetMap"}},{"type":"Feature","geometry":{"type":"Point","coordinates":[-1.7021597,52.4239013]},"properties":{"name":"Hampton Surgery","layer":"hospitals","note":"NHS","osm_id":"way/162064330","osm_url":"https://www.openstreetmap.org/way/162064330","source":"OpenStreetMap","brand":"NHS"}},{"type":"Feature","geometry":{"type":"Point","coordinates":[-1.1135184,53.9785561]},"properties":{"name":"Clifton Park Treatment Centre","layer":"hospitals","note":"NHS","osm_id":"way/162363492","osm_url":"https://www.openstreetmap.org/way/162363492","source":"OpenStreetMap","brand":"NHS"}},{"type":"Feature","geometry":{"type":"Point","coordinates":[-3.669535,51.6110501]},"properties":{"name":"Maesteg Community Hospital","layer":"hospitals","note":"Cwm Taf Morgannwg University Health Board","osm_id":"way/162591107","osm_url":"https://www.openstreetmap.org/way/162591107","source":"OpenStreetMap","brand":"Cwm Taf Morgannwg University Health Board"}},{"type":"Feature","geometry":{"type":"Point","coordinates":[-1.8977674,52.4396902]},"properties":{"name":"Park View Clinic","layer":"hospitals","note":"OpenStreetMap","osm_id":"way/162742231","osm_url":"https://www.openstreetmap.org/way/162742231","source":"OpenStreetMap"}},{"type":"Feature","geometry":{"type":"Point","coordinates":[1.0874102,51.2620033]},"properties":{"name":"The Chaucer Hospital","layer":"hospitals","note":"Circle Health Group","osm_id":"way/163793593","osm_url":"https://www.openstreetmap.org/way/163793593","source":"OpenStreetMap","brand":"Circle Health Group"}},{"type":"Feature","geometry":{"type":"Point","coordinates":[-0.2709666,51.6064844]},"properties":{"name":"Edgware Community Hospital","layer":"hospitals","note":"OpenStreetMap","osm_id":"way/164458516","osm_url":"https://www.openstreetmap.org/way/164458516","source":"OpenStreetMap"}},{"type":"Feature","geometry":{"type":"Point","coordinates":[-3.2322305,51.4019764]},"properties":{"name":"Tŷ Hafan Children's Hospice","layer":"hospitals","note":"OpenStreetMap","osm_id":"way/165184452","osm_url":"https://www.openstreetmap.org/way/165184452","source":"OpenStreetMap"}},{"type":"Feature","geometry":{"type":"Point","coordinates":[-0.4065431,52.9978348]},"properties":{"name":"Sleaford Medical Group","layer":"hospitals","note":"OpenStreetMap","osm_id":"way/165408818","osm_url":"https://www.openstreetmap.org/way/165408818","source":"OpenStreetMap"}},{"type":"Feature","geometry":{"type":"Point","coordinates":[-1.7123333,53.8242795]},"properties":{"name":"Ashcroft Surgery","layer":"hospitals","note":"OpenStreetMap","osm_id":"way/165621874","osm_url":"https://www.openstreetmap.org/way/165621874","source":"OpenStreetMap"}},{"type":"Feature","geometry":{"type":"Point","coordinates":[-1.7113576,53.8238578]},"properties":{"name":"Eccleshill Diagnostic Clinic","layer":"hospitals","note":"OpenStreetMap","osm_id":"way/165621875","osm_url":"https://www.openstreetmap.org/way/165621875","source":"OpenStreetMap"}},{"type":"Feature","geometry":{"type":"Point","coordinates":[-1.5479096,53.9876034]},"properties":{"name":"Duchy Hospital","layer":"hospitals","note":"OpenStreetMap","osm_id":"way/165756017","osm_url":"https://www.openstreetmap.org/way/165756017","source":"OpenStreetMap"}},{"type":"Feature","geometry":{"type":"Point","coordinates":[1.1432567,51.3681236]},"properties":{"name":"Queen Victoria Memorial Hospital","layer":"hospitals","note":"OpenStreetMap","osm_id":"way/165813070","osm_url":"https://www.openstreetmap.org/way/165813070","source":"OpenStreetMap"}},{"type":"Feature","geometry":{"type":"Point","coordinates":[0.6749555,51.0641373]},"properties":{"name":"West View Hospital","layer":"hospitals","note":"OpenStreetMap","osm_id":"way/165813912","osm_url":"https://www.openstreetmap.org/way/165813912","source":"OpenStreetMap"}},{"type":"Feature","geometry":{"type":"Point","coordinates":[-1.4931511,53.3786684]},"properties":{"name":"Royal Hallamshire Hospital","layer":"hospitals","note":"Sheffield Teaching Hospitals NHS Foundation Trust","osm_id":"way/165971552","osm_url":"https://www.openstreetmap.org/way/165971552","source":"OpenStreetMap","brand":"Sheffield Teaching Hospitals NHS Foundation Trust"}},{"type":"Feature","geometry":{"type":"Point","coordinates":[-4.2241362,50.3731721]},"properties":{"name":"HMS Raleigh Medical Centre","layer":"hospitals","note":"OpenStreetMap","osm_id":"way/166026940","osm_url":"https://www.openstreetmap.org/way/166026940","source":"OpenStreetMap"}},{"type":"Feature","geometry":{"type":"Point","coordinates":[-1.5851897,51.760847]},"properties":{"name":"David Stone Medical Centre","layer":"hospitals","note":"OpenStreetMap","osm_id":"way/166062431","osm_url":"https://www.openstreetmap.org/way/166062431","source":"OpenStreetMap"}},{"type":"Feature","geometry":{"type":"Point","coordinates":[-0.1310823,51.6154941]},"properties":{"name":"Bowes Road Clinic","layer":"hospitals","note":"OpenStreetMap","osm_id":"way/166385829","osm_url":"https://www.openstreetmap.org/way/166385829","source":"OpenStreetMap"}},{"type":"Feature","geometry":{"type":"Point","coordinates":[-3.0086266,51.8434989]},"properties":{"name":"Ty Gwyn Hall","layer":"hospitals","note":"Elysium Healthcare","osm_id":"way/166629618","osm_url":"https://www.openstreetmap.org/way/166629618","source":"OpenStreetMap","brand":"Elysium Healthcare"}},{"type":"Feature","geometry":{"type":"Point","coordinates":[-2.1298722,51.8919427]},"properties":{"name":"Nuffield Hospital","layer":"hospitals","note":"Nuffield Health Group","osm_id":"way/166818325","osm_url":"https://www.openstreetmap.org/way/166818325","source":"OpenStreetMap","brand":"Nuffield Health Group"}},{"type":"Feature","geometry":{"type":"Point","coordinates":[-1.3479884,52.7240057]},"properties":{"name":"Coalville Community Hospital","layer":"hospitals","note":"OpenStreetMap","osm_id":"way/167177681","osm_url":"https://www.openstreetmap.org/way/167177681","source":"OpenStreetMap"}},{"type":"Feature","geometry":{"type":"Point","coordinates":[1.0131637,51.3416366]},"properties":{"name":"Estuary View Medical Centre","layer":"hospitals","note":"NHS","osm_id":"way/167355183","osm_url":"https://www.openstreetmap.org/way/167355183","source":"OpenStreetMap","brand":"NHS"}},{"type":"Feature","geometry":{"type":"Point","coordinates":[-2.1123541,49.1875953]},"properties":{"name":"General Hospital","layer":"hospitals","note":"Health & Community Services","osm_id":"way/168422036","osm_url":"https://www.openstreetmap.org/way/168422036","source":"OpenStreetMap","brand":"Health & Community Services"}},{"type":"Feature","geometry":{"type":"Point","coordinates":[-1.8337866,52.5158786]},"properties":{"name":"Ardenleigh Hospital","layer":"hospitals","note":"Birmingham and Solihull Mental Health NHS Foundation Trust","osm_id":"way/169925598","osm_url":"https://www.openstreetmap.org/way/169925598","source":"OpenStreetMap","brand":"Birmingham and Solihull Mental Health NHS Foundation Trust"}},{"type":"Feature","geometry":{"type":"Point","coordinates":[-1.6994791,53.9146568]},"properties":{"name":"Wharfedale Hospital","layer":"hospitals","note":"OpenStreetMap","osm_id":"way/169963324","osm_url":"https://www.openstreetmap.org/way/169963324","source":"OpenStreetMap"}},{"type":"Feature","geometry":{"type":"Point","coordinates":[-2.2399106,53.7905832]},"properties":{"name":"St Peters Centre","layer":"hospitals","note":"OpenStreetMap","osm_id":"way/170175356","osm_url":"https://www.openstreetmap.org/way/170175356","source":"OpenStreetMap"}},{"type":"Feature","geometry":{"type":"Point","coordinates":[-3.6125136,50.5391842]},"properties":{"name":"Newton Abbot Community Hospital","layer":"hospitals","note":"OpenStreetMap","osm_id":"way/170313253","osm_url":"https://www.openstreetmap.org/way/170313253","source":"OpenStreetMap"}},{"type":"Feature","geometry":{"type":"Point","coordinates":[-0.1000771,51.5175315]},"properties":{"name":"St Bartholomew's Hospital","layer":"hospitals","note":"OpenStreetMap","osm_id":"way/170732745","osm_url":"https://www.openstreetmap.org/way/170732745","source":"OpenStreetMap"}},{"type":"Feature","geometry":{"type":"Point","coordinates":[-8.4037043,51.9537296]},"properties":{"name":"St Stephen's Hospital, Sarsfield Court","layer":"hospitals","note":"OpenStreetMap","osm_id":"way/170751072","osm_url":"https://www.openstreetmap.org/way/170751072","source":"OpenStreetMap"}},{"type":"Feature","geometry":{"type":"Point","coordinates":[-1.8224308,52.5275637]},"properties":{"name":"John Taylor Hospice","layer":"hospitals","note":"OpenStreetMap","osm_id":"way/170861142","osm_url":"https://www.openstreetmap.org/way/170861142","source":"OpenStreetMap"}},{"type":"Feature","geometry":{"type":"Point","coordinates":[0.3129081,51.6233456]},"properties":{"name":"Nuffield Hospital","layer":"hospitals","note":"OpenStreetMap","osm_id":"way/170991726","osm_url":"https://www.openstreetmap.org/way/170991726","source":"OpenStreetMap"}},{"type":"Feature","geometry":{"type":"Point","coordinates":[-0.7340286,52.4010556]},"properties":{"name":"Prospect House","layer":"hospitals","note":"OpenStreetMap","osm_id":"way/171279757","osm_url":"https://www.openstreetmap.org/way/171279757","source":"OpenStreetMap"}},{"type":"Feature","geometry":{"type":"Point","coordinates":[-3.03394,52.8849491]},"properties":{"name":"Robert Jones and Agnes Hunt Orthopaedic Hospital","layer":"hospitals","note":"OpenStreetMap","osm_id":"way/171528933","osm_url":"https://www.openstreetmap.org/way/171528933","source":"OpenStreetMap"}},{"type":"Feature","geometry":{"type":"Point","coordinates":[-5.967665,54.6161865]},"properties":{"name":"Everton Centre","layer":"hospitals","note":"OpenStreetMap","osm_id":"way/171677447","osm_url":"https://www.openstreetmap.org/way/171677447","source":"OpenStreetMap"}},{"type":"Feature","geometry":{"type":"Point","coordinates":[-2.9739335,53.4329678]},"properties":{"name":"Kirkdale Medical Centre","layer":"hospitals","note":"OpenStreetMap","osm_id":"way/172501965","osm_url":"https://www.openstreetmap.org/way/172501965","source":"OpenStreetMap"}},{"type":"Feature","geometry":{"type":"Point","coordinates":[-2.9670636,53.4513971]},"properties":{"name":"Clock View Hospital","layer":"hospitals","note":"OpenStreetMap","osm_id":"way/172538178","osm_url":"https://www.openstreetmap.org/way/172538178","source":"OpenStreetMap"}},{"type":"Feature","geometry":{"type":"Point","coordinates":[-2.2261681,53.4629338]},"properties":{"name":"Manchester Royal Infirmary","layer":"hospitals","note":"OpenStreetMap","osm_id":"way/172944615","osm_url":"https://www.openstreetmap.org/way/172944615","source":"OpenStreetMap"}},{"type":"Feature","geometry":{"type":"Point","coordinates":[-0.41245,53.8530616]},"properties":{"name":"East Riding Community Hospital","layer":"hospitals","note":"OpenStreetMap","osm_id":"way/173084768","osm_url":"https://www.openstreetmap.org/way/173084768","source":"OpenStreetMap"}},{"type":"Feature","geometry":{"type":"Point","coordinates":[-1.8680365,52.4482984]},"properties":{"name":"Park Road Children & Family Centre","layer":"hospitals","note":"South Birmingham NHS","osm_id":"way/173637822","osm_url":"https://www.openstreetmap.org/way/173637822","source":"OpenStreetMap","brand":"South Birmingham NHS"}},{"type":"Feature","geometry":{"type":"Point","coordinates":[-1.7067562,51.9834788]},"properties":{"name":"North Cotswolds Hospital","layer":"hospitals","note":"OpenStreetMap","osm_id":"way/173932913","osm_url":"https://www.openstreetmap.org/way/173932913","source":"OpenStreetMap"}},{"type":"Feature","geometry":{"type":"Point","coordinates":[-1.0144583,51.4491596]},"properties":{"name":"Prospect Park Hospital","layer":"hospitals","note":"OpenStreetMap","osm_id":"way/174419804","osm_url":"https://www.openstreetmap.org/way/174419804","source":"OpenStreetMap"}},{"type":"Feature","geometry":{"type":"Point","coordinates":[-4.213255,51.0179945]},"properties":{"name":"Bideford Hospital","layer":"hospitals","note":"OpenStreetMap","osm_id":"way/175515956","osm_url":"https://www.openstreetmap.org/way/175515956","source":"OpenStreetMap"}},{"type":"Feature","geometry":{"type":"Point","coordinates":[-1.8050251,53.809644]},"properties":{"name":"Lynfield Mount Hospital","layer":"hospitals","note":"Bradford District Care Trust","osm_id":"way/175720908","osm_url":"https://www.openstreetmap.org/way/175720908","source":"OpenStreetMap","brand":"Bradford District Care Trust"}},{"type":"Feature","geometry":{"type":"Point","coordinates":[1.7299624,52.6173221]},"properties":{"name":"Northgate Hospital","layer":"hospitals","note":"OpenStreetMap","osm_id":"way/175876242","osm_url":"https://www.openstreetmap.org/way/175876242","source":"OpenStreetMap"}},{"type":"Feature","geometry":{"type":"Point","coordinates":[-1.5698687,53.8280325]},"properties":{"name":"Mill Garth Hospital","layer":"hospitals","note":"OpenStreetMap","osm_id":"way/176251411","osm_url":"https://www.openstreetmap.org/way/176251411","source":"OpenStreetMap"}},{"type":"Feature","geometry":{"type":"Point","coordinates":[-1.4943226,51.2155051]},"properties":{"name":"Andover Hospital (Grounds)","layer":"hospitals","note":"OpenStreetMap","osm_id":"way/176331601","osm_url":"https://www.openstreetmap.org/way/176331601","source":"OpenStreetMap"}},{"type":"Feature","geometry":{"type":"Point","coordinates":[-1.4454203,50.8811119]},"properties":{"name":"Priory Hospital","layer":"hospitals","note":"OpenStreetMap","osm_id":"way/177039682","osm_url":"https://www.openstreetmap.org/way/177039682","source":"OpenStreetMap"}},{"type":"Feature","geometry":{"type":"Point","coordinates":[-1.8490631,52.487432]},"properties":{"name":"Washwood Heath Urgent Care Centre","layer":"hospitals","note":"OpenStreetMap","osm_id":"way/177124085","osm_url":"https://www.openstreetmap.org/way/177124085","source":"OpenStreetMap"}},{"type":"Feature","geometry":{"type":"Point","coordinates":[-8.6637739,52.15165]},"properties":{"name":"Mallow General Hospital","layer":"hospitals","note":"Health Service Executive","osm_id":"way/177571700","osm_url":"https://www.openstreetmap.org/way/177571700","source":"OpenStreetMap","brand":"Health Service Executive"}},{"type":"Feature","geometry":{"type":"Point","coordinates":[-9.4500698,51.6762219]},"properties":{"name":"Bantry General Hospital","layer":"hospitals","note":"Health Service Executive","osm_id":"way/177777682","osm_url":"https://www.openstreetmap.org/way/177777682","source":"OpenStreetMap","brand":"Health Service Executive"}},{"type":"Feature","geometry":{"type":"Point","coordinates":[-4.2177463,55.8909117]},"properties":{"name":"Rowanbank Clinic","layer":"hospitals","note":"OpenStreetMap","osm_id":"way/178061598","osm_url":"https://www.openstreetmap.org/way/178061598","source":"OpenStreetMap"}},{"type":"Feature","geometry":{"type":"Point","coordinates":[-2.5831403,51.4127584]},"properties":{"name":"South Bristol NHS Community Hospital","layer":"hospitals","note":"NHS","osm_id":"way/178375603","osm_url":"https://www.openstreetmap.org/way/178375603","source":"OpenStreetMap","brand":"NHS"}},{"type":"Feature","geometry":{"type":"Point","coordinates":[-4.0938887,50.4188175]},"properties":{"name":"Renal Unit","layer":"hospitals","note":"OpenStreetMap","osm_id":"way/179063661","osm_url":"https://www.openstreetmap.org/way/179063661","source":"OpenStreetMap"}},{"type":"Feature","geometry":{"type":"Point","coordinates":[-1.9138233,55.3068134]},"properties":{"name":"Coquetdale Community Hospital","layer":"hospitals","note":"OpenStreetMap","osm_id":"way/179172091","osm_url":"https://www.openstreetmap.org/way/179172091","source":"OpenStreetMap"}},{"type":"Feature","geometry":{"type":"Point","coordinates":[-1.9141491,55.3067526]},"properties":{"name":"Community Paramedic Service","layer":"hospitals","note":"OpenStreetMap","osm_id":"way/179172319","osm_url":"https://www.openstreetmap.org/way/179172319","source":"OpenStreetMap"}},{"type":"Feature","geometry":{"type":"Point","coordinates":[-0.7367014,52.0262459]},"properties":{"name":"Milton Keynes University  Hospital","layer":"hospitals","note":"OpenStreetMap","osm_id":"way/179668472","osm_url":"https://www.openstreetmap.org/way/179668472","source":"OpenStreetMap"}},{"type":"Feature","geometry":{"type":"Point","coordinates":[-0.7397023,52.0267905]},"properties":{"name":"Eaglestone View","layer":"hospitals","note":"Elysium Healthcare","osm_id":"way/179673246","osm_url":"https://www.openstreetmap.org/way/179673246","source":"OpenStreetMap","brand":"Elysium Healthcare"}},{"type":"Feature","geometry":{"type":"Point","coordinates":[-7.6376731,54.3664932]},"properties":{"name":"South West Acute Hospital","layer":"hospitals","note":"Western Health and Social Care Trust","osm_id":"way/180749233","osm_url":"https://www.openstreetmap.org/way/180749233","source":"OpenStreetMap","brand":"Western Health and Social Care Trust"}},{"type":"Feature","geometry":{"type":"Point","coordinates":[-8.4855336,54.1557222]},"properties":{"name":"Cloonamahon Learning Disability Services","layer":"hospitals","note":"OpenStreetMap","osm_id":"way/181358854","osm_url":"https://www.openstreetmap.org/way/181358854","source":"OpenStreetMap"}},{"type":"Feature","geometry":{"type":"Point","coordinates":[-3.5416511,50.4751061]},"properties":{"name":"Mount Stuart Hospital","layer":"hospitals","note":"OpenStreetMap","osm_id":"way/181620519","osm_url":"https://www.openstreetmap.org/way/181620519","source":"OpenStreetMap"}},{"type":"Feature","geometry":{"type":"Point","coordinates":[-1.0799568,53.9724826]},"properties":{"name":"Archways","layer":"hospitals","note":"York NHS Trust","osm_id":"way/182285359","osm_url":"https://www.openstreetmap.org/way/182285359","source":"OpenStreetMap","brand":"York NHS Trust"}},{"type":"Feature","geometry":{"type":"Point","coordinates":[-0.0563816,51.3821689]},"properties":{"name":"Shirley Oaks Hospital","layer":"hospitals","note":"OpenStreetMap","osm_id":"way/182344201","osm_url":"https://www.openstreetmap.org/way/182344201","source":"OpenStreetMap"}},{"type":"Feature","geometry":{"type":"Point","coordinates":[-8.2055555,53.3315802]},"properties":{"name":"Saint Brigid's Hospital","layer":"hospitals","note":"OpenStreetMap","osm_id":"way/182387234","osm_url":"https://www.openstreetmap.org/way/182387234","source":"OpenStreetMap"}},{"type":"Feature","geometry":{"type":"Point","coordinates":[-2.2461827,53.4253112]},"properties":{"name":"Withington Community Hospital","layer":"hospitals","note":"OpenStreetMap","osm_id":"way/183157638","osm_url":"https://www.openstreetmap.org/way/183157638","source":"OpenStreetMap"}},{"type":"Feature","geometry":{"type":"Point","coordinates":[-8.2355326,53.3270871]},"properties":{"name":"Portiuncula University Hospital","layer":"hospitals","note":"Health Service Executive","osm_id":"way/183750993","osm_url":"https://www.openstreetmap.org/way/183750993","source":"OpenStreetMap","brand":"Health Service Executive"}},{"type":"Feature","geometry":{"type":"Point","coordinates":[-7.8997095,53.0981363]},"properties":{"name":"Birr Community Hospital and Nursing Home","layer":"hospitals","note":"OpenStreetMap","osm_id":"way/183821910","osm_url":"https://www.openstreetmap.org/way/183821910","source":"OpenStreetMap"}},{"type":"Feature","geometry":{"type":"Point","coordinates":[-7.6366806,52.0873015]},"properties":{"name":"Dungarvan Community Hospital & Community Services","layer":"hospitals","note":"Health Service Executive","osm_id":"way/183931543","osm_url":"https://www.openstreetmap.org/way/183931543","source":"OpenStreetMap","brand":"Health Service Executive"}},{"type":"Feature","geometry":{"type":"Point","coordinates":[-7.3510039,53.5357378]},"properties":{"name":"St. Mary's Hospital","layer":"hospitals","note":"OpenStreetMap","osm_id":"way/184057250","osm_url":"https://www.openstreetmap.org/way/184057250","source":"OpenStreetMap"}},{"type":"Feature","geometry":{"type":"Point","coordinates":[-0.0421703,51.5250528]},"properties":{"name":"Mile End Hospital","layer":"hospitals","note":"Barts Health NHS Trust","osm_id":"way/184154674","osm_url":"https://www.openstreetmap.org/way/184154674","source":"OpenStreetMap","brand":"Barts Health NHS Trust"}},{"type":"Feature","geometry":{"type":"Point","coordinates":[-3.8455919,52.591764]},"properties":{"name":"Ysbyty Machynlleth","layer":"hospitals","note":"OpenStreetMap","osm_id":"way/184187632","osm_url":"https://www.openstreetmap.org/way/184187632","source":"OpenStreetMap"}},{"type":"Feature","geometry":{"type":"Point","coordinates":[-0.4118877,52.9991797]},"properties":{"name":"Riversdale Clinic","layer":"hospitals","note":"OpenStreetMap","osm_id":"way/184501123","osm_url":"https://www.openstreetmap.org/way/184501123","source":"OpenStreetMap"}},{"type":"Feature","geometry":{"type":"Point","coordinates":[-0.408656,52.9972781]},"properties":{"name":"Medical Centre","layer":"hospitals","note":"OpenStreetMap","osm_id":"way/184548992","osm_url":"https://www.openstreetmap.org/way/184548992","source":"OpenStreetMap"}},{"type":"Feature","geometry":{"type":"Point","coordinates":[-8.9675644,51.9074552]},"properties":{"name":"Macroom Community Hospital","layer":"hospitals","note":"OpenStreetMap","osm_id":"way/184819054","osm_url":"https://www.openstreetmap.org/way/184819054","source":"OpenStreetMap"}},{"type":"Feature","geometry":{"type":"Point","coordinates":[-1.6719323,53.2187164]},"properties":{"name":"Newholme Hospital","layer":"hospitals","note":"OpenStreetMap","osm_id":"way/185159931","osm_url":"https://www.openstreetmap.org/way/185159931","source":"OpenStreetMap"}},{"type":"Feature","geometry":{"type":"Point","coordinates":[-2.1592644,52.5586621]},"properties":{"name":"Penn Hospital","layer":"hospitals","note":"OpenStreetMap","osm_id":"way/185966103","osm_url":"https://www.openstreetmap.org/way/185966103","source":"OpenStreetMap"}},{"type":"Feature","geometry":{"type":"Point","coordinates":[-0.2772697,51.6114198]},"properties":{"name":"The Old Red Hill Clinic (Barnet Adolescent Services)","layer":"hospitals","note":"OpenStreetMap","osm_id":"way/186977094","osm_url":"https://www.openstreetmap.org/way/186977094","source":"OpenStreetMap"}},{"type":"Feature","geometry":{"type":"Point","coordinates":[-2.7985461,50.9528662]},"properties":{"name":"South Petherton Hospital","layer":"hospitals","note":"OpenStreetMap","osm_id":"way/187160252","osm_url":"https://www.openstreetmap.org/way/187160252","source":"OpenStreetMap"}},{"type":"Feature","geometry":{"type":"Point","coordinates":[-2.5068822,52.1863461]},"properties":{"name":"Bromyard Community Hospital","layer":"hospitals","note":"OpenStreetMap","osm_id":"way/187377764","osm_url":"https://www.openstreetmap.org/way/187377764","source":"OpenStreetMap"}},{"type":"Feature","geometry":{"type":"Point","coordinates":[-0.010012,52.9915881]},"properties":{"name":"Pilgrim Hospital","layer":"hospitals","note":"OpenStreetMap","osm_id":"way/188192768","osm_url":"https://www.openstreetmap.org/way/188192768","source":"OpenStreetMap"}},{"type":"Feature","geometry":{"type":"Point","coordinates":[-0.2197632,51.486919]},"properties":{"name":"Charing Cross Hospital","layer":"hospitals","note":"OpenStreetMap","osm_id":"way/188617701","osm_url":"https://www.openstreetmap.org/way/188617701","source":"OpenStreetMap"}},{"type":"Feature","geometry":{"type":"Point","coordinates":[-1.9738157,50.7213936]},"properties":{"name":"Poole General Hospital","layer":"hospitals","note":"Poole NHS Trust","osm_id":"way/190448127","osm_url":"https://www.openstreetmap.org/way/190448127","source":"OpenStreetMap","brand":"Poole NHS Trust"}},{"type":"Feature","geometry":{"type":"Point","coordinates":[-2.4294913,53.5523533]},"properties":{"name":"Royal Bolton Hospital","layer":"hospitals","note":"OpenStreetMap","osm_id":"way/191625504","osm_url":"https://www.openstreetmap.org/way/191625504","source":"OpenStreetMap"}},{"type":"Feature","geometry":{"type":"Point","coordinates":[-1.4669678,55.02514]},"properties":{"name":"North Tyneside General Hospital","layer":"hospitals","note":"OpenStreetMap","osm_id":"way/192086174","osm_url":"https://www.openstreetmap.org/way/192086174","source":"OpenStreetMap"}},{"type":"Feature","geometry":{"type":"Point","coordinates":[-2.5378608,51.4848647]},"properties":{"name":"Blackberry Hill Hospital","layer":"hospitals","note":"OpenStreetMap","osm_id":"way/192557391","osm_url":"https://www.openstreetmap.org/way/192557391","source":"OpenStreetMap"}},{"type":"Feature","geometry":{"type":"Point","coordinates":[-2.044681,49.2031674]},"properties":{"name":"Clinique Pinel","layer":"hospitals","note":"OpenStreetMap","osm_id":"way/193301844","osm_url":"https://www.openstreetmap.org/way/193301844","source":"OpenStreetMap"}},{"type":"Feature","geometry":{"type":"Point","coordinates":[-2.0443952,49.2039054]},"properties":{"name":"Rosewood House","layer":"hospitals","note":"OpenStreetMap","osm_id":"way/193301845","osm_url":"https://www.openstreetmap.org/way/193301845","source":"OpenStreetMap"}},{"type":"Feature","geometry":{"type":"Point","coordinates":[-3.8475665,56.0255487]},"properties":{"name":"Forth Valley Royal Hospital","layer":"hospitals","note":"NHS Forth Valley","osm_id":"way/193401714","osm_url":"https://www.openstreetmap.org/way/193401714","source":"OpenStreetMap","brand":"NHS Forth Valley"}},{"type":"Feature","geometry":{"type":"Point","coordinates":[-0.3793441,51.5111392]},"properties":{"name":"The Broadway Health Centre","layer":"hospitals","note":"OpenStreetMap","osm_id":"way/193432693","osm_url":"https://www.openstreetmap.org/way/193432693","source":"OpenStreetMap"}},{"type":"Feature","geometry":{"type":"Point","coordinates":[-5.906021,54.562309]},"properties":{"name":"Forster Green Hospital","layer":"hospitals","note":"Belfast Health and Social Care Trust","osm_id":"way/193454551","osm_url":"https://www.openstreetmap.org/way/193454551","source":"OpenStreetMap","brand":"Belfast Health and Social Care Trust"}},{"type":"Feature","geometry":{"type":"Point","coordinates":[-2.3688269,53.7596209]},"properties":{"name":"The Mount. Lancashire Care NHS","layer":"hospitals","note":"OpenStreetMap","osm_id":"way/193491874","osm_url":"https://www.openstreetmap.org/way/193491874","source":"OpenStreetMap"}},{"type":"Feature","geometry":{"type":"Point","coordinates":[1.2373636,52.7947949]},"properties":{"name":"Aylsham Health Centre","layer":"hospitals","note":"Norfolk Primary Care C.I.C","osm_id":"way/195017272","osm_url":"https://www.openstreetmap.org/way/195017272","source":"OpenStreetMap","brand":"Norfolk Primary Care C.I.C"}},{"type":"Feature","geometry":{"type":"Point","coordinates":[-1.3242045,50.9282288]},"properties":{"name":"Moorgreen Hospital","layer":"hospitals","note":"OpenStreetMap","osm_id":"way/195121147","osm_url":"https://www.openstreetmap.org/way/195121147","source":"OpenStreetMap"}},{"type":"Feature","geometry":{"type":"Point","coordinates":[-0.5568503,51.3149284]},"properties":{"name":"Woking Community Hospital","layer":"hospitals","note":"OpenStreetMap","osm_id":"way/196181390","osm_url":"https://www.openstreetmap.org/way/196181390","source":"OpenStreetMap"}},{"type":"Feature","geometry":{"type":"Point","coordinates":[-8.1754144,53.6245107]},"properties":{"name":"Roscommon Hospital","layer":"hospitals","note":"OpenStreetMap","osm_id":"way/196744297","osm_url":"https://www.openstreetmap.org/way/196744297","source":"OpenStreetMap"}},{"type":"Feature","geometry":{"type":"Point","coordinates":[-2.1665878,50.8619475]},"properties":{"name":"Blandford Community Hospital","layer":"hospitals","note":"OpenStreetMap","osm_id":"way/197338223","osm_url":"https://www.openstreetmap.org/way/197338223","source":"OpenStreetMap"}},{"type":"Feature","geometry":{"type":"Point","coordinates":[-0.2067519,51.8995288]},"properties":{"name":"Kingsway Health Centre","layer":"hospitals","note":"OpenStreetMap","osm_id":"way/197885023","osm_url":"https://www.openstreetmap.org/way/197885023","source":"OpenStreetMap"}},{"type":"Feature","geometry":{"type":"Point","coordinates":[0.1880023,51.5838151]},"properties":{"name":"Victoria Hospital","layer":"hospitals","note":"OpenStreetMap","osm_id":"way/197910029","osm_url":"https://www.openstreetmap.org/way/197910029","source":"OpenStreetMap"}},{"type":"Feature","geometry":{"type":"Point","coordinates":[0.4851576,51.7538735]},"properties":{"name":"Springfield Hospital","layer":"hospitals","note":"Ramsay Health Care UK","osm_id":"way/198323142","osm_url":"https://www.openstreetmap.org/way/198323142","source":"OpenStreetMap","brand":"Ramsay Health Care UK"}},{"type":"Feature","geometry":{"type":"Point","coordinates":[-1.7362215,52.4703583]},"properties":{"name":"Maple Leaf Centre","layer":"hospitals","note":"OpenStreetMap","osm_id":"way/199347585","osm_url":"https://www.openstreetmap.org/way/199347585","source":"OpenStreetMap"}},{"type":"Feature","geometry":{"type":"Point","coordinates":[-1.15033,53.1247693]},"properties":{"name":"Sherwood Oaks Hospital","layer":"hospitals","note":"OpenStreetMap","osm_id":"way/199422539","osm_url":"https://www.openstreetmap.org/way/199422539","source":"OpenStreetMap"}},{"type":"Feature","geometry":{"type":"Point","coordinates":[-1.1796047,52.655242]},"properties":{"name":"Glenfield Hospital","layer":"hospitals","note":"University Hospitals of Leicester NHS Trust","osm_id":"way/199524348","osm_url":"https://www.openstreetmap.org/way/199524348","source":"OpenStreetMap","brand":"University Hospitals of Leicester NHS Trust"}},{"type":"Feature","geometry":{"type":"Point","coordinates":[-3.5513524,54.6427879]},"properties":{"name":"Workington Community Hospital","layer":"hospitals","note":"OpenStreetMap","osm_id":"way/199550001","osm_url":"https://www.openstreetmap.org/way/199550001","source":"OpenStreetMap"}},{"type":"Feature","geometry":{"type":"Point","coordinates":[-1.1759996,52.6630447]},"properties":{"name":"Gorse Hill Hospital","layer":"hospitals","note":"Leicestershire Partnership NHS Trust","osm_id":"way/199614461","osm_url":"https://www.openstreetmap.org/way/199614461","source":"OpenStreetMap","brand":"Leicestershire Partnership NHS Trust"}},{"type":"Feature","geometry":{"type":"Point","coordinates":[-1.081583,52.6300107]},"properties":{"name":"Leicester General","layer":"hospitals","note":"OpenStreetMap","osm_id":"way/199623065","osm_url":"https://www.openstreetmap.org/way/199623065","source":"OpenStreetMap"}},{"type":"Feature","geometry":{"type":"Point","coordinates":[-1.0786535,52.6134661]},"properties":{"name":"Hospital","layer":"hospitals","note":"OpenStreetMap","osm_id":"way/199625184","osm_url":"https://www.openstreetmap.org/way/199625184","source":"OpenStreetMap"}},{"type":"Feature","geometry":{"type":"Point","coordinates":[-1.0782147,52.6135781]},"properties":{"name":"Spire Leicester Hospital","layer":"hospitals","note":"OpenStreetMap","osm_id":"way/199625186","osm_url":"https://www.openstreetmap.org/way/199625186","source":"OpenStreetMap"}},{"type":"Feature","geometry":{"type":"Point","coordinates":[0.1574026,51.0515255]},"properties":{"name":"Crowborough War Memorial Hospital","layer":"hospitals","note":"OpenStreetMap","osm_id":"way/200453888","osm_url":"https://www.openstreetmap.org/way/200453888","source":"OpenStreetMap"}},{"type":"Feature","geometry":{"type":"Point","coordinates":[-3.1551029,51.0387221]},"properties":{"name":"Medical Centre","layer":"hospitals","note":"Ministry of Defence","osm_id":"way/200904029","osm_url":"https://www.openstreetmap.org/way/200904029","source":"OpenStreetMap","brand":"Ministry of Defence"}},{"type":"Feature","geometry":{"type":"Point","coordinates":[-2.0685816,52.5925033]},"properties":{"name":"Ivydene","layer":"hospitals","note":"OpenStreetMap","osm_id":"way/201346134","osm_url":"https://www.openstreetmap.org/way/201346134","source":"OpenStreetMap"}},{"type":"Feature","geometry":{"type":"Point","coordinates":[-0.4733728,51.4443852]},"properties":{"name":"Ashford Hospital","layer":"hospitals","note":"Ashford and St. Peter's Hospitals NHS Foundation Trust","osm_id":"way/20184882","osm_url":"https://www.openstreetmap.org/way/20184882","source":"OpenStreetMap","brand":"Ashford and St. Peter's Hospitals NHS Foundation Trust"}},{"type":"Feature","geometry":{"type":"Point","coordinates":[-6.2092659,53.3155696]},"properties":{"name":"St. Vincent's Private Hospital","layer":"hospitals","note":"OpenStreetMap","osm_id":"way/202278332","osm_url":"https://www.openstreetmap.org/way/202278332","source":"OpenStreetMap"}},{"type":"Feature","geometry":{"type":"Point","coordinates":[-0.3201695,51.575993]},"properties":{"name":"St Mark's","layer":"hospitals","note":"OpenStreetMap","osm_id":"way/20259708","osm_url":"https://www.openstreetmap.org/way/20259708","source":"OpenStreetMap"}},{"type":"Feature","geometry":{"type":"Point","coordinates":[-1.0619395,50.7992811]},"properties":{"name":"St Mary’s NHS Treatment Centre","layer":"hospitals","note":"OpenStreetMap","osm_id":"way/202666623","osm_url":"https://www.openstreetmap.org/way/202666623","source":"OpenStreetMap"}},{"type":"Feature","geometry":{"type":"Point","coordinates":[-1.4982467,53.3608787]},"properties":{"name":"Nether Edge Hospital","layer":"hospitals","note":"OpenStreetMap","osm_id":"way/203141052","osm_url":"https://www.openstreetmap.org/way/203141052","source":"OpenStreetMap"}},{"type":"Feature","geometry":{"type":"Point","coordinates":[-1.4937724,53.3603617]},"properties":{"name":"Nether Edge Hospital","layer":"hospitals","note":"OpenStreetMap","osm_id":"way/203141054","osm_url":"https://www.openstreetmap.org/way/203141054","source":"OpenStreetMap"}},{"type":"Feature","geometry":{"type":"Point","coordinates":[-0.3084265,53.7499177]},"properties":{"name":"Windermere House","layer":"hospitals","note":"OpenStreetMap","osm_id":"way/203295675","osm_url":"https://www.openstreetmap.org/way/203295675","source":"OpenStreetMap"}},{"type":"Feature","geometry":{"type":"Point","coordinates":[-0.2774199,51.9512179]},"properties":{"name":"Courtenay House Surgery","layer":"hospitals","note":"OpenStreetMap","osm_id":"way/203615042","osm_url":"https://www.openstreetmap.org/way/203615042","source":"OpenStreetMap"}},{"type":"Feature","geometry":{"type":"Point","coordinates":[-0.377032,53.7705778]},"properties":{"name":"Townend Court","layer":"hospitals","note":"OpenStreetMap","osm_id":"way/203807686","osm_url":"https://www.openstreetmap.org/way/203807686","source":"OpenStreetMap"}},{"type":"Feature","geometry":{"type":"Point","coordinates":[-0.3565565,53.7443751]},"properties":{"name":"Hull Royal Infirmary","layer":"hospitals","note":"OpenStreetMap","osm_id":"way/203905776","osm_url":"https://www.openstreetmap.org/way/203905776","source":"OpenStreetMap"}},{"type":"Feature","geometry":{"type":"Point","coordinates":[-3.4131347,56.0778089]},"properties":{"name":"Lynebank Hospital","layer":"hospitals","note":"NHS Fife","osm_id":"way/205170200","osm_url":"https://www.openstreetmap.org/way/205170200","source":"OpenStreetMap","brand":"NHS Fife"}},{"type":"Feature","geometry":{"type":"Point","coordinates":[0.1880545,52.1849967]},"properties":{"name":"Fulbourn Hospital (psychiatric)","layer":"hospitals","note":"OpenStreetMap","osm_id":"way/205669436","osm_url":"https://www.openstreetmap.org/way/205669436","source":"OpenStreetMap"}},{"type":"Feature","geometry":{"type":"Point","coordinates":[-2.2100987,51.3249147]},"properties":{"name":"Trowbridge Community Hospital","layer":"hospitals","note":"NHS","osm_id":"way/206381728","osm_url":"https://www.openstreetmap.org/way/206381728","source":"OpenStreetMap","brand":"NHS"}},{"type":"Feature","geometry":{"type":"Point","coordinates":[-3.5059556,50.7174312]},"properties":{"name":"Royal Devon & Exeter Hospital (Wonford)","layer":"hospitals","note":"OpenStreetMap","osm_id":"way/206900884","osm_url":"https://www.openstreetmap.org/way/206900884","source":"OpenStreetMap"}},{"type":"Feature","geometry":{"type":"Point","coordinates":[0.1955329,51.287789]},"properties":{"name":"Sevenoaks Hospital","layer":"hospitals","note":"OpenStreetMap","osm_id":"way/207542812","osm_url":"https://www.openstreetmap.org/way/207542812","source":"OpenStreetMap"}},{"type":"Feature","geometry":{"type":"Point","coordinates":[-4.2972819,55.8666562]},"properties":{"name":"West Glasgow Ambulatory Care Hospital","layer":"hospitals","note":"OpenStreetMap","osm_id":"way/208046010","osm_url":"https://www.openstreetmap.org/way/208046010","source":"OpenStreetMap"}},{"type":"Feature","geometry":{"type":"Point","coordinates":[-0.2440094,51.6155345]},"properties":{"name":"Millway Medical Practice","layer":"hospitals","note":"OpenStreetMap","osm_id":"way/208072187","osm_url":"https://www.openstreetmap.org/way/208072187","source":"OpenStreetMap"}},{"type":"Feature","geometry":{"type":"Point","coordinates":[-7.0702182,53.6113796]},"properties":{"name":"St Mary's Hospital","layer":"hospitals","note":"OpenStreetMap","osm_id":"way/208140283","osm_url":"https://www.openstreetmap.org/way/208140283","source":"OpenStreetMap"}},{"type":"Feature","geometry":{"type":"Point","coordinates":[-2.4568141,51.1110043]},"properties":{"name":"Sexey's Hospital","layer":"hospitals","note":"OpenStreetMap","osm_id":"way/208375908","osm_url":"https://www.openstreetmap.org/way/208375908","source":"OpenStreetMap"}},{"type":"Feature","geometry":{"type":"Point","coordinates":[-1.5281985,50.9306376]},"properties":{"name":"Tatchbury Mount Hospital","layer":"hospitals","note":"OpenStreetMap","osm_id":"way/208555931","osm_url":"https://www.openstreetmap.org/way/208555931","source":"OpenStreetMap"}},{"type":"Feature","geometry":{"type":"Point","coordinates":[-1.7631884,51.0325515]},"properties":{"name":"New Hall Hospital","layer":"hospitals","note":"OpenStreetMap","osm_id":"way/208911901","osm_url":"https://www.openstreetmap.org/way/208911901","source":"OpenStreetMap"}},{"type":"Feature","geometry":{"type":"Point","coordinates":[-2.4970732,51.4094798]},"properties":{"name":"Keynsham Health Centre","layer":"hospitals","note":"OpenStreetMap","osm_id":"way/209338300","osm_url":"https://www.openstreetmap.org/way/209338300","source":"OpenStreetMap"}},{"type":"Feature","geometry":{"type":"Point","coordinates":[-1.1582123,51.8962241]},"properties":{"name":"Bicester Community Hospital","layer":"hospitals","note":"OpenStreetMap","osm_id":"way/210616556","osm_url":"https://www.openstreetmap.org/way/210616556","source":"OpenStreetMap"}},{"type":"Feature","geometry":{"type":"Point","coordinates":[-3.2345624,51.6344943]},"properties":{"name":"Ysbyty Ystrad Fawr","layer":"hospitals","note":"Aneurin Bevan University Health Board","osm_id":"way/210621038","osm_url":"https://www.openstreetmap.org/way/210621038","source":"OpenStreetMap","brand":"Aneurin Bevan University Health Board"}},{"type":"Feature","geometry":{"type":"Point","coordinates":[-2.8819273,53.7915306]},"properties":{"name":"Wesham Rehabilitation Centre","layer":"hospitals","note":"OpenStreetMap","osm_id":"way/210967789","osm_url":"https://www.openstreetmap.org/way/210967789","source":"OpenStreetMap"}},{"type":"Feature","geometry":{"type":"Point","coordinates":[-2.5960953,51.4588261]},"properties":{"name":"Bristol Royal Infirmary","layer":"hospitals","note":"OpenStreetMap","osm_id":"way/211459604","osm_url":"https://www.openstreetmap.org/way/211459604","source":"OpenStreetMap"}},{"type":"Feature","geometry":{"type":"Point","coordinates":[0.277915,51.1314227]},"properties":{"name":"Tunbridge Wells Nuffield Hospital","layer":"hospitals","note":"OpenStreetMap","osm_id":"way/213497960","osm_url":"https://www.openstreetmap.org/way/213497960","source":"OpenStreetMap"}},{"type":"Feature","geometry":{"type":"Point","coordinates":[-1.5454063,52.4457963]},"properties":{"name":"Maplewood Independent Hospital","layer":"hospitals","note":"OpenStreetMap","osm_id":"way/213889055","osm_url":"https://www.openstreetmap.org/way/213889055","source":"OpenStreetMap"}},{"type":"Feature","geometry":{"type":"Point","coordinates":[-2.13189,53.3920636]},"properties":{"name":"Devonshire Neurorehabilitation Centre","layer":"hospitals","note":"OpenStreetMap","osm_id":"way/214807952","osm_url":"https://www.openstreetmap.org/way/214807952","source":"OpenStreetMap"}},{"type":"Feature","geometry":{"type":"Point","coordinates":[-1.5064998,52.4146084]},"properties":{"name":"Coventry and Warwick Hospital","layer":"hospitals","note":"OpenStreetMap","osm_id":"way/216213943","osm_url":"https://www.openstreetmap.org/way/216213943","source":"OpenStreetMap"}},{"type":"Feature","geometry":{"type":"Point","coordinates":[-1.1276605,52.9794761]},"properties":{"name":"Duncan Macmillan House","layer":"hospitals","note":"NHS","osm_id":"way/216674163","osm_url":"https://www.openstreetmap.org/way/216674163","source":"OpenStreetMap","brand":"NHS"}},{"type":"Feature","geometry":{"type":"Point","coordinates":[-5.911228,57.2463941]},"properties":{"name":"Doctor Mackinnon Memorial Hospital","layer":"hospitals","note":"OpenStreetMap","osm_id":"way/217130828","osm_url":"https://www.openstreetmap.org/way/217130828","source":"OpenStreetMap"}},{"type":"Feature","geometry":{"type":"Point","coordinates":[-6.1878393,54.6924436]},"properties":{"name":"Muckamore Abbey Hospital","layer":"hospitals","note":"OpenStreetMap","osm_id":"way/217757425","osm_url":"https://www.openstreetmap.org/way/217757425","source":"OpenStreetMap"}},{"type":"Feature","geometry":{"type":"Point","coordinates":[-6.1891332,54.7330326]},"properties":{"name":"Antrim Area Hospital","layer":"hospitals","note":"OpenStreetMap","osm_id":"way/217758342","osm_url":"https://www.openstreetmap.org/way/217758342","source":"OpenStreetMap"}},{"type":"Feature","geometry":{"type":"Point","coordinates":[-6.2076337,54.7327846]},"properties":{"name":"Holywell Hospital","layer":"hospitals","note":"OpenStreetMap","osm_id":"way/217759980","osm_url":"https://www.openstreetmap.org/way/217759980","source":"OpenStreetMap"}},{"type":"Feature","geometry":{"type":"Point","coordinates":[-1.2194909,51.7641236]},"properties":{"name":"John Radcliffe Hospital","layer":"hospitals","note":"OpenStreetMap","osm_id":"way/21806280","osm_url":"https://www.openstreetmap.org/way/21806280","source":"OpenStreetMap"}},{"type":"Feature","geometry":{"type":"Point","coordinates":[-3.0089869,53.0473285]},"properties":{"name":"Wrexham Maelor Hospital","layer":"hospitals","note":"NHS","osm_id":"way/218436943","osm_url":"https://www.openstreetmap.org/way/218436943","source":"OpenStreetMap","brand":"NHS"}},{"type":"Feature","geometry":{"type":"Point","coordinates":[-3.0151025,53.0480363]},"properties":{"name":"Spire Yale Hospital","layer":"hospitals","note":"OpenStreetMap","osm_id":"way/218437314","osm_url":"https://www.openstreetmap.org/way/218437314","source":"OpenStreetMap"}},{"type":"Feature","geometry":{"type":"Point","coordinates":[-1.9128333,52.2803746]},"properties":{"name":"Alexandra Hospital","layer":"hospitals","note":"OpenStreetMap","osm_id":"way/218722382","osm_url":"https://www.openstreetmap.org/way/218722382","source":"OpenStreetMap"}},{"type":"Feature","geometry":{"type":"Point","coordinates":[-1.9643504,53.8977208]},"properties":{"name":"Airedale General Hospital","layer":"hospitals","note":"OpenStreetMap","osm_id":"way/218723907","osm_url":"https://www.openstreetmap.org/way/218723907","source":"OpenStreetMap"}},{"type":"Feature","geometry":{"type":"Point","coordinates":[-3.5203916,55.6225558]},"properties":{"name":"Kello Hospital","layer":"hospitals","note":"NHS Scotland","osm_id":"way/219875199","osm_url":"https://www.openstreetmap.org/way/219875199","source":"OpenStreetMap","brand":"NHS Scotland"}},{"type":"Feature","geometry":{"type":"Point","coordinates":[-2.5969913,51.4596454]},"properties":{"name":"Bristol Heart Institute","layer":"hospitals","note":"OpenStreetMap","osm_id":"way/220662991","osm_url":"https://www.openstreetmap.org/way/220662991","source":"OpenStreetMap"}},{"type":"Feature","geometry":{"type":"Point","coordinates":[-1.1276951,51.5951527]},"properties":{"name":"Wallingford Community Hospital","layer":"hospitals","note":"OpenStreetMap","osm_id":"way/220713531","osm_url":"https://www.openstreetmap.org/way/220713531","source":"OpenStreetMap"}},{"type":"Feature","geometry":{"type":"Point","coordinates":[1.7155326,52.5618298]},"properties":{"name":"James Paget University Hospital","layer":"hospitals","note":"OpenStreetMap","osm_id":"way/220773458","osm_url":"https://www.openstreetmap.org/way/220773458","source":"OpenStreetMap"}},{"type":"Feature","geometry":{"type":"Point","coordinates":[-1.257436,50.8810243]},"properties":{"name":"LB Healthcare","layer":"hospitals","note":"OpenStreetMap","osm_id":"way/221399995","osm_url":"https://www.openstreetmap.org/way/221399995","source":"OpenStreetMap"}},{"type":"Feature","geometry":{"type":"Point","coordinates":[-0.3471886,51.5063644]},"properties":{"name":"St Bernards Hospital (West London Mental Health NHS Trust)","layer":"hospitals","note":"OpenStreetMap","osm_id":"way/222183797","osm_url":"https://www.openstreetmap.org/way/222183797","source":"OpenStreetMap"}},{"type":"Feature","geometry":{"type":"Point","coordinates":[-9.0042012,52.8325595]},"properties":{"name":"Cahercalla Hospital","layer":"hospitals","note":"OpenStreetMap","osm_id":"way/222773490","osm_url":"https://www.openstreetmap.org/way/222773490","source":"OpenStreetMap"}},{"type":"Feature","geometry":{"type":"Point","coordinates":[-7.2753556,53.0375537]},"properties":{"name":"Midland Regional Hospital Portlaoise","layer":"hospitals","note":"Health Service Executive","osm_id":"way/223248196","osm_url":"https://www.openstreetmap.org/way/223248196","source":"OpenStreetMap","brand":"Health Service Executive"}},{"type":"Feature","geometry":{"type":"Point","coordinates":[-4.165615,55.8608603]},"properties":{"name":"Lightburn Hospital","layer":"hospitals","note":"OpenStreetMap","osm_id":"way/223267198","osm_url":"https://www.openstreetmap.org/way/223267198","source":"OpenStreetMap"}},{"type":"Feature","geometry":{"type":"Point","coordinates":[-3.1710703,53.3982701]},"properties":{"name":"Hoylake Cottage Care Home","layer":"hospitals","note":"OpenStreetMap","osm_id":"way/223278959","osm_url":"https://www.openstreetmap.org/way/223278959","source":"OpenStreetMap"}},{"type":"Feature","geometry":{"type":"Point","coordinates":[-4.1960583,55.8525926]},"properties":{"name":"Hospital","layer":"hospitals","note":"OpenStreetMap","osm_id":"way/223582738","osm_url":"https://www.openstreetmap.org/way/223582738","source":"OpenStreetMap"}},{"type":"Feature","geometry":{"type":"Point","coordinates":[-0.4017063,51.7050914]},"properties":{"name":"Warren Court","layer":"hospitals","note":"OpenStreetMap","osm_id":"way/224095275","osm_url":"https://www.openstreetmap.org/way/224095275","source":"OpenStreetMap"}},{"type":"Feature","geometry":{"type":"Point","coordinates":[-6.2240645,53.3892595]},"properties":{"name":"Beaumont Hospital","layer":"hospitals","note":"Health Service Executive","osm_id":"way/22634348","osm_url":"https://www.openstreetmap.org/way/22634348","source":"OpenStreetMap","brand":"Health Service Executive"}},{"type":"Feature","geometry":{"type":"Point","coordinates":[-1.4263942,54.9989662]},"properties":{"name":"Flagg Court Primary Care Centre","layer":"hospitals","note":"OpenStreetMap","osm_id":"way/226916803","osm_url":"https://www.openstreetmap.org/way/226916803","source":"OpenStreetMap"}},{"type":"Feature","geometry":{"type":"Point","coordinates":[-3.935429,51.6835309]},"properties":{"name":"Morriston Hospital","layer":"hospitals","note":"OpenStreetMap","osm_id":"way/22724491","osm_url":"https://www.openstreetmap.org/way/22724491","source":"OpenStreetMap"}},{"type":"Feature","geometry":{"type":"Point","coordinates":[-0.1195749,52.2471724]},"properties":{"name":"Hospital","layer":"hospitals","note":"OpenStreetMap","osm_id":"way/22766222","osm_url":"https://www.openstreetmap.org/way/22766222","source":"OpenStreetMap"}},{"type":"Feature","geometry":{"type":"Point","coordinates":[-6.2480404,53.3250732]},"properties":{"name":"Royal Hospital Donnybrook","layer":"hospitals","note":"OpenStreetMap","osm_id":"way/22770493","osm_url":"https://www.openstreetmap.org/way/22770493","source":"OpenStreetMap"}},{"type":"Feature","geometry":{"type":"Point","coordinates":[-5.6941021,54.3221659]},"properties":{"name":"Downe Hospital","layer":"hospitals","note":"OpenStreetMap","osm_id":"way/228052215","osm_url":"https://www.openstreetmap.org/way/228052215","source":"OpenStreetMap"}},{"type":"Feature","geometry":{"type":"Point","coordinates":[-6.272589,54.8749648]},"properties":{"name":"Braid Valley Care Complex","layer":"hospitals","note":"Northern Health and Social Care Trust","osm_id":"way/228836431","osm_url":"https://www.openstreetmap.org/way/228836431","source":"OpenStreetMap","brand":"Northern Health and Social Care Trust"}},{"type":"Feature","geometry":{"type":"Point","coordinates":[-2.1474073,52.2660587]},"properties":{"name":"The Spire Clinic - Droitwich Spa","layer":"hospitals","note":"Spire Healthcare","osm_id":"way/228989950","osm_url":"https://www.openstreetmap.org/way/228989950","source":"OpenStreetMap","brand":"Spire Healthcare"}},{"type":"Feature","geometry":{"type":"Point","coordinates":[-2.150998,52.2662733]},"properties":{"name":"Droitwich Spa Hospital (Private)","layer":"hospitals","note":"BMI Healthcare","osm_id":"way/229200314","osm_url":"https://www.openstreetmap.org/way/229200314","source":"OpenStreetMap","brand":"BMI Healthcare"}},{"type":"Feature","geometry":{"type":"Point","coordinates":[-0.3377958,51.5672075]},"properties":{"name":"Cygnet Hospital","layer":"hospitals","note":"OpenStreetMap","osm_id":"way/229290055","osm_url":"https://www.openstreetmap.org/way/229290055","source":"OpenStreetMap"}},{"type":"Feature","geometry":{"type":"Point","coordinates":[-1.5403168,52.3217832]},"properties":{"name":"Helen Ley House","layer":"hospitals","note":"Castel Froma","osm_id":"way/229415646","osm_url":"https://www.openstreetmap.org/way/229415646","source":"OpenStreetMap","brand":"Castel Froma"}},{"type":"Feature","geometry":{"type":"Point","coordinates":[-1.1574913,52.9906388]},"properties":{"name":"City Hospital","layer":"hospitals","note":"Nottingham University Hospitals NHS Trust","osm_id":"way/229426168","osm_url":"https://www.openstreetmap.org/way/229426168","source":"OpenStreetMap","brand":"Nottingham University Hospitals NHS Trust"}},{"type":"Feature","geometry":{"type":"Point","coordinates":[-0.4360362,54.2821821]},"properties":{"name":"Scarborough Hospital","layer":"hospitals","note":"OpenStreetMap","osm_id":"way/229554411","osm_url":"https://www.openstreetmap.org/way/229554411","source":"OpenStreetMap"}},{"type":"Feature","geometry":{"type":"Point","coordinates":[-6.1998624,53.3680744]},"properties":{"name":"Irish Wheelchair Association and Respite Centre","layer":"hospitals","note":"OpenStreetMap","osm_id":"way/229997299","osm_url":"https://www.openstreetmap.org/way/229997299","source":"OpenStreetMap"}},{"type":"Feature","geometry":{"type":"Point","coordinates":[-1.5931804,55.0025688]},"properties":{"name":"Freeman Hospital","layer":"hospitals","note":"OpenStreetMap","osm_id":"way/23011023","osm_url":"https://www.openstreetmap.org/way/23011023","source":"OpenStreetMap"}},{"type":"Feature","geometry":{"type":"Point","coordinates":[-1.4583046,53.4103679]},"properties":{"name":"Northern General Hospital","layer":"hospitals","note":"Sheffield Teaching Hospitals NHS Foundation Trust","osm_id":"way/23023146","osm_url":"https://www.openstreetmap.org/way/23023146","source":"OpenStreetMap","brand":"Sheffield Teaching Hospitals NHS Foundation Trust"}},{"type":"Feature","geometry":{"type":"Point","coordinates":[-2.8978116,53.4195232]},"properties":{"name":"Alder Hey Children's Hospital","layer":"hospitals","note":"OpenStreetMap","osm_id":"way/230337531","osm_url":"https://www.openstreetmap.org/way/230337531","source":"OpenStreetMap"}},{"type":"Feature","geometry":{"type":"Point","coordinates":[-6.5058616,55.072073]},"properties":{"name":"Robinson Hospital","layer":"hospitals","note":"OpenStreetMap","osm_id":"way/230454168","osm_url":"https://www.openstreetmap.org/way/230454168","source":"OpenStreetMap"}},{"type":"Feature","geometry":{"type":"Point","coordinates":[-6.2911231,53.3517887]},"properties":{"name":"St Bricin's Military Hospital","layer":"hospitals","note":"Department of Defence","osm_id":"way/230478275","osm_url":"https://www.openstreetmap.org/way/230478275","source":"OpenStreetMap","brand":"Department of Defence"}},{"type":"Feature","geometry":{"type":"Point","coordinates":[-0.2891912,51.3794911]},"properties":{"name":"Tolworth Hospital","layer":"hospitals","note":"NHS","osm_id":"way/23088561","osm_url":"https://www.openstreetmap.org/way/23088561","source":"OpenStreetMap","brand":"NHS"}},{"type":"Feature","geometry":{"type":"Point","coordinates":[-1.8329568,52.4749956]},"properties":{"name":"Hospital","layer":"hospitals","note":"OpenStreetMap","osm_id":"way/231084667","osm_url":"https://www.openstreetmap.org/way/231084667","source":"OpenStreetMap"}},{"type":"Feature","geometry":{"type":"Point","coordinates":[-0.2826846,51.4149164]},"properties":{"name":"Kingston Hospital","layer":"hospitals","note":"OpenStreetMap","osm_id":"way/23109454","osm_url":"https://www.openstreetmap.org/way/23109454","source":"OpenStreetMap"}},{"type":"Feature","geometry":{"type":"Point","coordinates":[-2.6556584,51.2038891]},"properties":{"name":"Priory Health Park","layer":"hospitals","note":"OpenStreetMap","osm_id":"way/23119598","osm_url":"https://www.openstreetmap.org/way/23119598","source":"OpenStreetMap"}},{"type":"Feature","geometry":{"type":"Point","coordinates":[0.1364756,51.8079439]},"properties":{"name":"Rivers Hospital","layer":"hospitals","note":"OpenStreetMap","osm_id":"way/231676323","osm_url":"https://www.openstreetmap.org/way/231676323","source":"OpenStreetMap"}},{"type":"Feature","geometry":{"type":"Point","coordinates":[-1.5528519,53.8023566]},"properties":{"name":"Leeds General Infirmary","layer":"hospitals","note":"OpenStreetMap","osm_id":"way/23196317","osm_url":"https://www.openstreetmap.org/way/23196317","source":"OpenStreetMap"}},{"type":"Feature","geometry":{"type":"Point","coordinates":[-9.5173318,52.0655279]},"properties":{"name":"Hospital","layer":"hospitals","note":"Health Service Executive","osm_id":"way/232050009","osm_url":"https://www.openstreetmap.org/way/232050009","source":"OpenStreetMap","brand":"Health Service Executive"}},{"type":"Feature","geometry":{"type":"Point","coordinates":[-2.2101784,53.0008395]},"properties":{"name":"Harplands Hospital","layer":"hospitals","note":"OpenStreetMap","osm_id":"way/232220089","osm_url":"https://www.openstreetmap.org/way/232220089","source":"OpenStreetMap"}},{"type":"Feature","geometry":{"type":"Point","coordinates":[-1.4465831,50.924939]},"properties":{"name":"Western Community Hospital","layer":"hospitals","note":"OpenStreetMap","osm_id":"way/23227555","osm_url":"https://www.openstreetmap.org/way/23227555","source":"OpenStreetMap"}},{"type":"Feature","geometry":{"type":"Point","coordinates":[-2.7937428,52.7089859]},"properties":{"name":"Royal Shrewsbury Hospital","layer":"hospitals","note":"NHS","osm_id":"way/23259029","osm_url":"https://www.openstreetmap.org/way/23259029","source":"OpenStreetMap","brand":"NHS"}},{"type":"Feature","geometry":{"type":"Point","coordinates":[0.2700601,50.7862192]},"properties":{"name":"Eastbourne District General Hospital","layer":"hospitals","note":"NHS England","osm_id":"way/23280159","osm_url":"https://www.openstreetmap.org/way/23280159","source":"OpenStreetMap","brand":"NHS England"}},{"type":"Feature","geometry":{"type":"Point","coordinates":[-1.2090151,51.7545432]},"properties":{"name":"Nuffield Orthopaedic Centre","layer":"hospitals","note":"OpenStreetMap","osm_id":"way/23326992","osm_url":"https://www.openstreetmap.org/way/23326992","source":"OpenStreetMap"}},{"type":"Feature","geometry":{"type":"Point","coordinates":[-1.3440131,53.4138178]},"properties":{"name":"Rotherham General Hospital","layer":"hospitals","note":"Rotherham NHS Foundation Trust","osm_id":"way/23334194","osm_url":"https://www.openstreetmap.org/way/23334194","source":"OpenStreetMap","brand":"Rotherham NHS Foundation Trust"}},{"type":"Feature","geometry":{"type":"Point","coordinates":[-1.7750753,53.7285978]},"properties":{"name":"Cygnet Hospital Wyke","layer":"hospitals","note":"Cygnet Healthcare","osm_id":"way/233573782","osm_url":"https://www.openstreetmap.org/way/233573782","source":"OpenStreetMap","brand":"Cygnet Healthcare"}},{"type":"Feature","geometry":{"type":"Point","coordinates":[-2.6298156,53.5578245]},"properties":{"name":"Royal Albert Edward Infirmary","layer":"hospitals","note":"Wrightington, Wigan and Leigh Teaching Hospitals","osm_id":"way/23359365","osm_url":"https://www.openstreetmap.org/way/23359365","source":"OpenStreetMap","brand":"Wrightington, Wigan and Leigh Teaching Hospitals"}},{"type":"Feature","geometry":{"type":"Point","coordinates":[-2.6352793,53.5503998]},"properties":{"name":"Thomas Linacre Outpatient Centre","layer":"hospitals","note":"Wrightington, Wigan and Leigh Teaching Hospitals","osm_id":"way/23370213","osm_url":"https://www.openstreetmap.org/way/23370213","source":"OpenStreetMap","brand":"Wrightington, Wigan and Leigh Teaching Hospitals"}},{"type":"Feature","geometry":{"type":"Point","coordinates":[-6.2934209,53.3442005]},"properties":{"name":"Saint Patrick’s University Hospital","layer":"hospitals","note":"St. Patrick's Mental Health Services","osm_id":"way/234923483","osm_url":"https://www.openstreetmap.org/way/234923483","source":"OpenStreetMap","brand":"St. Patrick's Mental Health Services"}},{"type":"Feature","geometry":{"type":"Point","coordinates":[-0.2132966,50.833573]},"properties":{"name":"Portslade Health Centre","layer":"hospitals","note":"OpenStreetMap","osm_id":"way/235280524","osm_url":"https://www.openstreetmap.org/way/235280524","source":"OpenStreetMap"}},{"type":"Feature","geometry":{"type":"Point","coordinates":[-0.2139629,51.9247379]},"properties":{"name":"Lister Hospital","layer":"hospitals","note":"NHS","osm_id":"way/23574379","osm_url":"https://www.openstreetmap.org/way/23574379","source":"OpenStreetMap","brand":"NHS"}},{"type":"Feature","geometry":{"type":"Point","coordinates":[-6.2674243,53.3092427]},"properties":{"name":"St Luke's Hospital","layer":"hospitals","note":"OpenStreetMap","osm_id":"way/23587853","osm_url":"https://www.openstreetmap.org/way/23587853","source":"OpenStreetMap"}},{"type":"Feature","geometry":{"type":"Point","coordinates":[-6.2710269,53.3102672]},"properties":{"name":"Lucena Clinic & St Peter's School","layer":"hospitals","note":"Order of St. John of God","osm_id":"way/23587855","osm_url":"https://www.openstreetmap.org/way/23587855","source":"OpenStreetMap","brand":"Order of St. John of God"}},{"type":"Feature","geometry":{"type":"Point","coordinates":[-1.8699644,50.7298007]},"properties":{"name":"Nuffield Health Bournemouth Hospital","layer":"hospitals","note":"OpenStreetMap","osm_id":"way/236082768","osm_url":"https://www.openstreetmap.org/way/236082768","source":"OpenStreetMap"}},{"type":"Feature","geometry":{"type":"Point","coordinates":[-2.8588556,54.0727631]},"properties":{"name":"Queen Victoria Hospital","layer":"hospitals","note":"Lancashire & South Cumbria NHS Foundation Trust","osm_id":"way/23636753","osm_url":"https://www.openstreetmap.org/way/23636753","source":"OpenStreetMap","brand":"Lancashire & South Cumbria NHS Foundation Trust"}},{"type":"Feature","geometry":{"type":"Point","coordinates":[-10.2341657,51.9421301]},"properties":{"name":"Saint Anne's","layer":"hospitals","note":"OpenStreetMap","osm_id":"way/237297184","osm_url":"https://www.openstreetmap.org/way/237297184","source":"OpenStreetMap"}},{"type":"Feature","geometry":{"type":"Point","coordinates":[-1.5359314,53.3753212]},"properties":{"name":"The Claremont Hospital","layer":"hospitals","note":"OpenStreetMap","osm_id":"way/23760344","osm_url":"https://www.openstreetmap.org/way/23760344","source":"OpenStreetMap"}},{"type":"Feature","geometry":{"type":"Point","coordinates":[0.0900294,51.7545995]},"properties":{"name":"Lister House Health Centre","layer":"hospitals","note":"OpenStreetMap","osm_id":"way/237865469","osm_url":"https://www.openstreetmap.org/way/237865469","source":"OpenStreetMap"}},{"type":"Feature","geometry":{"type":"Point","coordinates":[-1.3456183,51.1520064]},"properties":{"name":"Naomi House & Jacksplace","layer":"hospitals","note":"OpenStreetMap","osm_id":"way/238186831","osm_url":"https://www.openstreetmap.org/way/238186831","source":"OpenStreetMap"}},{"type":"Feature","geometry":{"type":"Point","coordinates":[-0.1895664,50.8420847]},"properties":{"name":"Hove Polyclinic","layer":"hospitals","note":"OpenStreetMap","osm_id":"way/239327487","osm_url":"https://www.openstreetmap.org/way/239327487","source":"OpenStreetMap"}},{"type":"Feature","geometry":{"type":"Point","coordinates":[-0.1920458,50.8412151]},"properties":{"name":"Nevill Hospital","layer":"hospitals","note":"OpenStreetMap","osm_id":"way/239328817","osm_url":"https://www.openstreetmap.org/way/239328817","source":"OpenStreetMap"}},{"type":"Feature","geometry":{"type":"Point","coordinates":[-2.0829763,53.4178345]},"properties":{"name":"Park Lodge Independent Hospital","layer":"hospitals","note":"OpenStreetMap","osm_id":"way/239778673","osm_url":"https://www.openstreetmap.org/way/239778673","source":"OpenStreetMap"}},{"type":"Feature","geometry":{"type":"Point","coordinates":[-6.2400815,53.3153826]},"properties":{"name":"Clonskeagh Hospital","layer":"hospitals","note":"OpenStreetMap","osm_id":"way/23983782","osm_url":"https://www.openstreetmap.org/way/23983782","source":"OpenStreetMap"}},{"type":"Feature","geometry":{"type":"Point","coordinates":[-3.0211958,52.1965266]},"properties":{"name":"Kington Surgery","layer":"hospitals","note":"OpenStreetMap","osm_id":"way/241672856","osm_url":"https://www.openstreetmap.org/way/241672856","source":"OpenStreetMap"}},{"type":"Feature","geometry":{"type":"Point","coordinates":[0.0858415,51.7715335]},"properties":{"name":"Princess Alexandra Hospital","layer":"hospitals","note":"OpenStreetMap","osm_id":"way/242400767","osm_url":"https://www.openstreetmap.org/way/242400767","source":"OpenStreetMap"}},{"type":"Feature","geometry":{"type":"Point","coordinates":[-3.3925754,50.846914]},"properties":{"name":"The Woodmill","layer":"hospitals","note":"OpenStreetMap","osm_id":"way/243034960","osm_url":"https://www.openstreetmap.org/way/243034960","source":"OpenStreetMap"}},{"type":"Feature","geometry":{"type":"Point","coordinates":[-2.2388214,53.0390083]},"properties":{"name":"Bradwell Hospital","layer":"hospitals","note":"OpenStreetMap","osm_id":"way/243309854","osm_url":"https://www.openstreetmap.org/way/243309854","source":"OpenStreetMap"}},{"type":"Feature","geometry":{"type":"Point","coordinates":[-0.1770117,51.60561]},"properties":{"name":"Finchley Memorial Hospital","layer":"hospitals","note":"OpenStreetMap","osm_id":"way/24414388","osm_url":"https://www.openstreetmap.org/way/24414388","source":"OpenStreetMap"}},{"type":"Feature","geometry":{"type":"Point","coordinates":[-0.10256,51.6670768]},"properties":{"name":"Chase Farm Hospital","layer":"hospitals","note":"OpenStreetMap","osm_id":"way/24437604","osm_url":"https://www.openstreetmap.org/way/24437604","source":"OpenStreetMap"}},{"type":"Feature","geometry":{"type":"Point","coordinates":[-0.0839186,51.6620161]},"properties":{"name":"St Michael's Community Hospital","layer":"hospitals","note":"OpenStreetMap","osm_id":"way/24437660","osm_url":"https://www.openstreetmap.org/way/24437660","source":"OpenStreetMap"}},{"type":"Feature","geometry":{"type":"Point","coordinates":[-1.64453,54.9770977]},"properties":{"name":"Campus for Ageing and Vitality","layer":"hospitals","note":"OpenStreetMap","osm_id":"way/24440149","osm_url":"https://www.openstreetmap.org/way/24440149","source":"OpenStreetMap"}},{"type":"Feature","geometry":{"type":"Point","coordinates":[-1.9032677,50.7167884]},"properties":{"name":"Dorset HealthCare","layer":"hospitals","note":"OpenStreetMap","osm_id":"way/244456744","osm_url":"https://www.openstreetmap.org/way/244456744","source":"OpenStreetMap"}},{"type":"Feature","geometry":{"type":"Point","coordinates":[-0.2207259,51.3798981]},"properties":{"name":"St Anthony's","layer":"hospitals","note":"OpenStreetMap","osm_id":"way/24525110","osm_url":"https://www.openstreetmap.org/way/24525110","source":"OpenStreetMap"}},{"type":"Feature","geometry":{"type":"Point","coordinates":[-1.2214959,51.7506708]},"properties":{"name":"Warneford Hospital","layer":"hospitals","note":"OpenStreetMap","osm_id":"way/24635789","osm_url":"https://www.openstreetmap.org/way/24635789","source":"OpenStreetMap"}},{"type":"Feature","geometry":{"type":"Point","coordinates":[-0.2676149,51.5314837]},"properties":{"name":"Central Middlesex Hospital","layer":"hospitals","note":"OpenStreetMap","osm_id":"way/24648544","osm_url":"https://www.openstreetmap.org/way/24648544","source":"OpenStreetMap"}},{"type":"Feature","geometry":{"type":"Point","coordinates":[-6.4319244,53.3877734]},"properties":{"name":"Saint Joseph's Hospital","layer":"hospitals","note":"OpenStreetMap","osm_id":"way/24661073","osm_url":"https://www.openstreetmap.org/way/24661073","source":"OpenStreetMap"}},{"type":"Feature","geometry":{"type":"Point","coordinates":[-0.1224959,51.4653315]},"properties":{"name":"Lambeth Hospital","layer":"hospitals","note":"OpenStreetMap","osm_id":"way/24787431","osm_url":"https://www.openstreetmap.org/way/24787431","source":"OpenStreetMap"}},{"type":"Feature","geometry":{"type":"Point","coordinates":[-4.9646904,51.8131241]},"properties":{"name":"Withybush Hospital","layer":"hospitals","note":"OpenStreetMap","osm_id":"way/24826184","osm_url":"https://www.openstreetmap.org/way/24826184","source":"OpenStreetMap"}},{"type":"Feature","geometry":{"type":"Point","coordinates":[-0.2666493,51.3429955]},"properties":{"name":"Appleby Care Centre","layer":"hospitals","note":"OpenStreetMap","osm_id":"way/248377711","osm_url":"https://www.openstreetmap.org/way/248377711","source":"OpenStreetMap"}},{"type":"Feature","geometry":{"type":"Point","coordinates":[-1.7999342,53.6590382]},"properties":{"name":"BMI Hospital Huddersfield","layer":"hospitals","note":"OpenStreetMap","osm_id":"way/248866871","osm_url":"https://www.openstreetmap.org/way/248866871","source":"OpenStreetMap"}},{"type":"Feature","geometry":{"type":"Point","coordinates":[-0.3750813,50.8279291]},"properties":{"name":"NHS","layer":"hospitals","note":"NHS","osm_id":"way/249424412","osm_url":"https://www.openstreetmap.org/way/249424412","source":"OpenStreetMap","brand":"NHS"}},{"type":"Feature","geometry":{"type":"Point","coordinates":[-0.021915,52.0408429]},"properties":{"name":"Royston Hospital","layer":"hospitals","note":"OpenStreetMap","osm_id":"way/25119434","osm_url":"https://www.openstreetmap.org/way/25119434","source":"OpenStreetMap"}},{"type":"Feature","geometry":{"type":"Point","coordinates":[-1.5476053,53.812663]},"properties":{"name":"Woodhouse Health Centre","layer":"hospitals","note":"OpenStreetMap","osm_id":"way/25157835","osm_url":"https://www.openstreetmap.org/way/25157835","source":"OpenStreetMap"}},{"type":"Feature","geometry":{"type":"Point","coordinates":[-5.1156523,55.5429877]},"properties":{"name":"Arran War Memorial Hospital","layer":"hospitals","note":"NHS Ayrshire & Arran","osm_id":"way/252141063","osm_url":"https://www.openstreetmap.org/way/252141063","source":"OpenStreetMap","brand":"NHS Ayrshire & Arran"}},{"type":"Feature","geometry":{"type":"Point","coordinates":[-3.9847225,53.2539244]},"properties":{"name":"Bryn Y Neuadd Hospital","layer":"hospitals","note":"NHS","osm_id":"way/252167756","osm_url":"https://www.openstreetmap.org/way/252167756","source":"OpenStreetMap","brand":"NHS"}},{"type":"Feature","geometry":{"type":"Point","coordinates":[-4.2318532,57.470687]},"properties":{"name":"Royal Northern Infirmary","layer":"hospitals","note":"NHS Highland","osm_id":"way/252818578","osm_url":"https://www.openstreetmap.org/way/252818578","source":"OpenStreetMap","brand":"NHS Highland"}},{"type":"Feature","geometry":{"type":"Point","coordinates":[-1.3523048,50.965572]},"properties":{"name":"St Andrew's Surgery","layer":"hospitals","note":"OpenStreetMap","osm_id":"way/253082921","osm_url":"https://www.openstreetmap.org/way/253082921","source":"OpenStreetMap"}},{"type":"Feature","geometry":{"type":"Point","coordinates":[-5.7055207,54.5938458]},"properties":{"name":"Ards Hospital","layer":"hospitals","note":"OpenStreetMap","osm_id":"way/25346573","osm_url":"https://www.openstreetmap.org/way/25346573","source":"OpenStreetMap"}},{"type":"Feature","geometry":{"type":"Point","coordinates":[-1.518724,52.408831]},"properties":{"name":"Atrium Health","layer":"hospitals","note":"NHS","osm_id":"way/25427066","osm_url":"https://www.openstreetmap.org/way/25427066","source":"OpenStreetMap","brand":"NHS"}},{"type":"Feature","geometry":{"type":"Point","coordinates":[-3.4735359,50.5803238]},"properties":{"name":"Hospital","layer":"hospitals","note":"OpenStreetMap","osm_id":"way/254314254","osm_url":"https://www.openstreetmap.org/way/254314254","source":"OpenStreetMap"}},{"type":"Feature","geometry":{"type":"Point","coordinates":[-2.7944796,55.4236746]},"properties":{"name":"Hawick Community Hospital","layer":"hospitals","note":"OpenStreetMap","osm_id":"way/254342479","osm_url":"https://www.openstreetmap.org/way/254342479","source":"OpenStreetMap"}},{"type":"Feature","geometry":{"type":"Point","coordinates":[-2.1877948,53.0335482]},"properties":{"name":"St Augustine's Hospital","layer":"hospitals","note":"Cygnet Group","osm_id":"way/255387795","osm_url":"https://www.openstreetmap.org/way/255387795","source":"OpenStreetMap","brand":"Cygnet Group"}},{"type":"Feature","geometry":{"type":"Point","coordinates":[0.050258,51.4778478]},"properties":{"name":"Queen Elizabeth Hospital","layer":"hospitals","note":"OpenStreetMap","osm_id":"way/255439869","osm_url":"https://www.openstreetmap.org/way/255439869","source":"OpenStreetMap"}},{"type":"Feature","geometry":{"type":"Point","coordinates":[-2.20518,53.0077007]},"properties":{"name":"North Staffordshire Hospital","layer":"hospitals","note":"OpenStreetMap","osm_id":"way/255597843","osm_url":"https://www.openstreetmap.org/way/255597843","source":"OpenStreetMap"}},{"type":"Feature","geometry":{"type":"Point","coordinates":[-0.7680269,52.4120554]},"properties":{"name":"Woodland Hospital","layer":"hospitals","note":"Ramsay Health Care UK Operations Limited","osm_id":"way/255735706","osm_url":"https://www.openstreetmap.org/way/255735706","source":"OpenStreetMap","brand":"Ramsay Health Care UK Operations Limited"}},{"type":"Feature","geometry":{"type":"Point","coordinates":[-5.7157478,56.4797657]},"properties":{"name":"Mull and Iona Community Hospital","layer":"hospitals","note":"OpenStreetMap","osm_id":"way/256183682","osm_url":"https://www.openstreetmap.org/way/256183682","source":"OpenStreetMap"}},{"type":"Feature","geometry":{"type":"Point","coordinates":[-3.3033626,53.1130599]},"properties":{"name":"Ruthin Community Hospital","layer":"hospitals","note":"NHS","osm_id":"way/256200358","osm_url":"https://www.openstreetmap.org/way/256200358","source":"OpenStreetMap","brand":"NHS"}},{"type":"Feature","geometry":{"type":"Point","coordinates":[-9.5113052,52.0676057]},"properties":{"name":"St. Finan's Hospital","layer":"hospitals","note":"OpenStreetMap","osm_id":"way/256212927","osm_url":"https://www.openstreetmap.org/way/256212927","source":"OpenStreetMap"}},{"type":"Feature","geometry":{"type":"Point","coordinates":[-2.9740809,51.1405633]},"properties":{"name":"Bridgwater Community Hospital","layer":"hospitals","note":"NHS","osm_id":"way/256248056","osm_url":"https://www.openstreetmap.org/way/256248056","source":"OpenStreetMap","brand":"NHS"}},{"type":"Feature","geometry":{"type":"Point","coordinates":[-9.7131143,52.2699908]},"properties":{"name":"Bon Secours Hospital","layer":"hospitals","note":"OpenStreetMap","osm_id":"way/256747625","osm_url":"https://www.openstreetmap.org/way/256747625","source":"OpenStreetMap"}},{"type":"Feature","geometry":{"type":"Point","coordinates":[-6.3539146,53.7221629]},"properties":{"name":"Our Lady of Lourdes Hospital","layer":"hospitals","note":"Health Service Executive","osm_id":"way/257323730","osm_url":"https://www.openstreetmap.org/way/257323730","source":"OpenStreetMap","brand":"Health Service Executive"}},{"type":"Feature","geometry":{"type":"Point","coordinates":[-0.2021603,52.3324685]},"properties":{"name":"Hinchingbrooke Hospital","layer":"hospitals","note":"OpenStreetMap","osm_id":"way/25747046","osm_url":"https://www.openstreetmap.org/way/25747046","source":"OpenStreetMap"}},{"type":"Feature","geometry":{"type":"Point","coordinates":[-6.3094544,49.9130111]},"properties":{"name":"Isles of Scilly Hospital","layer":"hospitals","note":"OpenStreetMap","osm_id":"way/257604634","osm_url":"https://www.openstreetmap.org/way/257604634","source":"OpenStreetMap"}},{"type":"Feature","geometry":{"type":"Point","coordinates":[-4.8094292,55.9437863]},"properties":{"name":"Inverclyde Royal Hospital","layer":"hospitals","note":"OpenStreetMap","osm_id":"way/25776395","osm_url":"https://www.openstreetmap.org/way/25776395","source":"OpenStreetMap"}},{"type":"Feature","geometry":{"type":"Point","coordinates":[-3.9616289,50.3901905]},"properties":{"name":"Lee Mill Hospital","layer":"hospitals","note":"Livewell","osm_id":"way/258079200","osm_url":"https://www.openstreetmap.org/way/258079200","source":"OpenStreetMap","brand":"Livewell"}},{"type":"Feature","geometry":{"type":"Point","coordinates":[-1.2129825,51.7491861]},"properties":{"name":"Churchill Hospital","layer":"hospitals","note":"OpenStreetMap","osm_id":"way/25845956","osm_url":"https://www.openstreetmap.org/way/25845956","source":"OpenStreetMap"}},{"type":"Feature","geometry":{"type":"Point","coordinates":[-2.5914651,51.4966722]},"properties":{"name":"Southmead Hospital","layer":"hospitals","note":"North Bristol NHS Trust","osm_id":"way/25870023","osm_url":"https://www.openstreetmap.org/way/25870023","source":"OpenStreetMap","brand":"North Bristol NHS Trust"}},{"type":"Feature","geometry":{"type":"Point","coordinates":[-2.0952604,52.5998016]},"properties":{"name":"New Cross Hospital","layer":"hospitals","note":"OpenStreetMap","osm_id":"way/259213448","osm_url":"https://www.openstreetmap.org/way/259213448","source":"OpenStreetMap"}},{"type":"Feature","geometry":{"type":"Point","coordinates":[-7.2845232,53.0357179]},"properties":{"name":"Saint Fintan's Hospital","layer":"hospitals","note":"OpenStreetMap","osm_id":"way/259770463","osm_url":"https://www.openstreetmap.org/way/259770463","source":"OpenStreetMap"}},{"type":"Feature","geometry":{"type":"Point","coordinates":[-0.5740083,51.5322498]},"properties":{"name":"Wexham Park Hospital","layer":"hospitals","note":"Frimley Health NHS Foundation Trust","osm_id":"way/26006210","osm_url":"https://www.openstreetmap.org/way/26006210","source":"OpenStreetMap","brand":"Frimley Health NHS Foundation Trust"}},{"type":"Feature","geometry":{"type":"Point","coordinates":[-3.031567,52.9987486]},"properties":{"name":"New Hall Hospital","layer":"hospitals","note":"OpenStreetMap","osm_id":"way/260197319","osm_url":"https://www.openstreetmap.org/way/260197319","source":"OpenStreetMap"}},{"type":"Feature","geometry":{"type":"Point","coordinates":[-1.982165,51.3393616]},"properties":{"name":"Green Lane Hospital","layer":"hospitals","note":"OpenStreetMap","osm_id":"way/260242974","osm_url":"https://www.openstreetmap.org/way/260242974","source":"OpenStreetMap"}},{"type":"Feature","geometry":{"type":"Point","coordinates":[-8.6133453,52.6576366]},"properties":{"name":"St. Joseph's Hospital","layer":"hospitals","note":"OpenStreetMap","osm_id":"way/260254587","osm_url":"https://www.openstreetmap.org/way/260254587","source":"OpenStreetMap"}},{"type":"Feature","geometry":{"type":"Point","coordinates":[-3.9868379,53.252555]},"properties":{"name":"Tŷ Llywelyn Secure Unit","layer":"hospitals","note":"NHS","osm_id":"way/260515693","osm_url":"https://www.openstreetmap.org/way/260515693","source":"OpenStreetMap","brand":"NHS"}},{"type":"Feature","geometry":{"type":"Point","coordinates":[-1.1431495,53.0502929]},"properties":{"name":"The Park Hospital","layer":"hospitals","note":"BMI Healthcare","osm_id":"way/260889252","osm_url":"https://www.openstreetmap.org/way/260889252","source":"OpenStreetMap","brand":"BMI Healthcare"}},{"type":"Feature","geometry":{"type":"Point","coordinates":[-3.0570042,56.1865595]},"properties":{"name":"Cameron Hospital","layer":"hospitals","note":"NHS Fife","osm_id":"way/261121365","osm_url":"https://www.openstreetmap.org/way/261121365","source":"OpenStreetMap","brand":"NHS Fife"}},{"type":"Feature","geometry":{"type":"Point","coordinates":[-9.0668613,53.2770606]},"properties":{"name":"University Hospital Galway","layer":"hospitals","note":"Health Service Executive","osm_id":"way/26131060","osm_url":"https://www.openstreetmap.org/way/26131060","source":"OpenStreetMap","brand":"Health Service Executive"}},{"type":"Feature","geometry":{"type":"Point","coordinates":[-1.205859,53.1412644]},"properties":{"name":"Mansfield Community Hospital","layer":"hospitals","note":"OpenStreetMap","osm_id":"way/262140334","osm_url":"https://www.openstreetmap.org/way/262140334","source":"OpenStreetMap"}},{"type":"Feature","geometry":{"type":"Point","coordinates":[-2.1812905,51.2067143]},"properties":{"name":"Warminster Community Hospital","layer":"hospitals","note":"OpenStreetMap","osm_id":"way/262214198","osm_url":"https://www.openstreetmap.org/way/262214198","source":"OpenStreetMap"}},{"type":"Feature","geometry":{"type":"Point","coordinates":[1.5617691,52.4532149]},"properties":{"name":"Beccles and District War Memorial Hospital","layer":"hospitals","note":"East Coast Community Healthcare C.I.C","osm_id":"way/262234703","osm_url":"https://www.openstreetmap.org/way/262234703","source":"OpenStreetMap","brand":"East Coast Community Healthcare C.I.C"}},{"type":"Feature","geometry":{"type":"Point","coordinates":[-2.0024648,52.5826088]},"properties":{"name":"Dorothy Pattison Hospital","layer":"hospitals","note":"OpenStreetMap","osm_id":"way/262241257","osm_url":"https://www.openstreetmap.org/way/262241257","source":"OpenStreetMap"}},{"type":"Feature","geometry":{"type":"Point","coordinates":[-1.9984571,52.5830475]},"properties":{"name":"Walsall Manor Hospital","layer":"hospitals","note":"Walsall Healthcare NHS Trust","osm_id":"way/262241259","osm_url":"https://www.openstreetmap.org/way/262241259","source":"OpenStreetMap","brand":"Walsall Healthcare NHS Trust"}},{"type":"Feature","geometry":{"type":"Point","coordinates":[-1.995218,52.5820097]},"properties":{"name":"Hospital","layer":"hospitals","note":"OpenStreetMap","osm_id":"way/262248274","osm_url":"https://www.openstreetmap.org/way/262248274","source":"OpenStreetMap"}},{"type":"Feature","geometry":{"type":"Point","coordinates":[-1.531265,54.9961814]},"properties":{"name":"Sir GB Hunter Memorial Hospital","layer":"hospitals","note":"OpenStreetMap","osm_id":"way/263135485","osm_url":"https://www.openstreetmap.org/way/263135485","source":"OpenStreetMap"}},{"type":"Feature","geometry":{"type":"Point","coordinates":[-1.4065197,53.1672706]},"properties":{"name":"Clay Cross Hospital","layer":"hospitals","note":"OpenStreetMap","osm_id":"way/263728199","osm_url":"https://www.openstreetmap.org/way/263728199","source":"OpenStreetMap"}},{"type":"Feature","geometry":{"type":"Point","coordinates":[0.0383924,51.5196806]},"properties":{"name":"Coborn Centre for Adolescent Mental Health","layer":"hospitals","note":"OpenStreetMap","osm_id":"way/263728248","osm_url":"https://www.openstreetmap.org/way/263728248","source":"OpenStreetMap"}},{"type":"Feature","geometry":{"type":"Point","coordinates":[0.2303,51.2710155]},"properties":{"name":"Cygnet Hospital Godden Green","layer":"hospitals","note":"OpenStreetMap","osm_id":"way/264471580","osm_url":"https://www.openstreetmap.org/way/264471580","source":"OpenStreetMap"}},{"type":"Feature","geometry":{"type":"Point","coordinates":[-1.2829416,51.0625128]},"properties":{"name":"Leigh House Hospital","layer":"hospitals","note":"OpenStreetMap","osm_id":"way/264780632","osm_url":"https://www.openstreetmap.org/way/264780632","source":"OpenStreetMap"}},{"type":"Feature","geometry":{"type":"Point","coordinates":[-1.7393121,53.0130185]},"properties":{"name":"Saint Oswald's Hospital","layer":"hospitals","note":"NHS","osm_id":"way/265096053","osm_url":"https://www.openstreetmap.org/way/265096053","source":"OpenStreetMap","brand":"NHS"}},{"type":"Feature","geometry":{"type":"Point","coordinates":[-2.3021888,53.5285097]},"properties":{"name":"Prestwich Hospital (Edenfield Centre)","layer":"hospitals","note":"NHS","osm_id":"way/265438060","osm_url":"https://www.openstreetmap.org/way/265438060","source":"OpenStreetMap","brand":"NHS"}},{"type":"Feature","geometry":{"type":"Point","coordinates":[-1.9537233,52.3979196]},"properties":{"name":"West Heath Hospital","layer":"hospitals","note":"OpenStreetMap","osm_id":"way/265923542","osm_url":"https://www.openstreetmap.org/way/265923542","source":"OpenStreetMap"}},{"type":"Feature","geometry":{"type":"Point","coordinates":[-0.0021778,51.1350888]},"properties":{"name":"Queen Victoria Hospital","layer":"hospitals","note":"NHS","osm_id":"way/266016950","osm_url":"https://www.openstreetmap.org/way/266016950","source":"OpenStreetMap","brand":"NHS"}},{"type":"Feature","geometry":{"type":"Point","coordinates":[-0.561262,51.3319293]},"properties":{"name":"Nuffield Health Woking Hospital","layer":"hospitals","note":"Nuffield Health","osm_id":"way/266075005","osm_url":"https://www.openstreetmap.org/way/266075005","source":"OpenStreetMap","brand":"Nuffield Health"}},{"type":"Feature","geometry":{"type":"Point","coordinates":[-0.1100563,51.3901236]},"properties":{"name":"Croydon University Hospital","layer":"hospitals","note":"OpenStreetMap","osm_id":"way/26617656","osm_url":"https://www.openstreetmap.org/way/26617656","source":"OpenStreetMap"}},{"type":"Feature","geometry":{"type":"Point","coordinates":[-0.9090387,51.5386736]},"properties":{"name":"Townlands Memorial Hospital","layer":"hospitals","note":"Oxford Health NHS Foundation Trust","osm_id":"way/26624836","osm_url":"https://www.openstreetmap.org/way/26624836","source":"OpenStreetMap","brand":"Oxford Health NHS Foundation Trust"}},{"type":"Feature","geometry":{"type":"Point","coordinates":[-0.3244097,51.4730783]},"properties":{"name":"West Middlesex Hospital","layer":"hospitals","note":"OpenStreetMap","osm_id":"way/26730443","osm_url":"https://www.openstreetmap.org/way/26730443","source":"OpenStreetMap"}},{"type":"Feature","geometry":{"type":"Point","coordinates":[-2.1173043,52.4823756]},"properties":{"name":"Brierley Hill Health & Social Care Centre","layer":"hospitals","note":"OpenStreetMap","osm_id":"way/267392087","osm_url":"https://www.openstreetmap.org/way/267392087","source":"OpenStreetMap"}},{"type":"Feature","geometry":{"type":"Point","coordinates":[-1.2344668,53.1357747]},"properties":{"name":"Kings Mill Hospital","layer":"hospitals","note":"OpenStreetMap","osm_id":"way/267397479","osm_url":"https://www.openstreetmap.org/way/267397479","source":"OpenStreetMap"}},{"type":"Feature","geometry":{"type":"Point","coordinates":[-8.1718839,51.9180805]},"properties":{"name":"Midleton Community Hospital","layer":"hospitals","note":"OpenStreetMap","osm_id":"way/267758211","osm_url":"https://www.openstreetmap.org/way/267758211","source":"OpenStreetMap"}},{"type":"Feature","geometry":{"type":"Point","coordinates":[-2.123894,53.5522471]},"properties":{"name":"The Royal Oldham Hospital","layer":"hospitals","note":"OpenStreetMap","osm_id":"way/267813104","osm_url":"https://www.openstreetmap.org/way/267813104","source":"OpenStreetMap"}},{"type":"Feature","geometry":{"type":"Point","coordinates":[-3.0372742,56.4636835]},"properties":{"name":"Ninewells Hospital","layer":"hospitals","note":"NHS Tayside","osm_id":"way/26794119","osm_url":"https://www.openstreetmap.org/way/26794119","source":"OpenStreetMap","brand":"NHS Tayside"}},{"type":"Feature","geometry":{"type":"Point","coordinates":[-2.1205763,53.3985888]},"properties":{"name":"The Meadows","layer":"hospitals","note":"OpenStreetMap","osm_id":"way/268866058","osm_url":"https://www.openstreetmap.org/way/268866058","source":"OpenStreetMap"}},{"type":"Feature","geometry":{"type":"Point","coordinates":[-2.9871666,56.4767928]},"properties":{"name":"Kings Cross Hospital","layer":"hospitals","note":"NHS Tayside","osm_id":"way/26923897","osm_url":"https://www.openstreetmap.org/way/26923897","source":"OpenStreetMap","brand":"NHS Tayside"}},{"type":"Feature","geometry":{"type":"Point","coordinates":[-2.0730254,52.5190104]},"properties":{"name":"Guest Hospital","layer":"hospitals","note":"OpenStreetMap","osm_id":"way/269492311","osm_url":"https://www.openstreetmap.org/way/269492311","source":"OpenStreetMap"}},{"type":"Feature","geometry":{"type":"Point","coordinates":[-2.7144022,52.373655]},"properties":{"name":"Ludlow Hospital","layer":"hospitals","note":"NHS","osm_id":"way/270068099","osm_url":"https://www.openstreetmap.org/way/270068099","source":"OpenStreetMap","brand":"NHS"}},{"type":"Feature","geometry":{"type":"Point","coordinates":[-1.9612562,50.6055016]},"properties":{"name":"Swanage Hospital","layer":"hospitals","note":"OpenStreetMap","osm_id":"way/270979685","osm_url":"https://www.openstreetmap.org/way/270979685","source":"OpenStreetMap"}},{"type":"Feature","geometry":{"type":"Point","coordinates":[-2.9709924,53.3952907]},"properties":{"name":"Windsor House","layer":"hospitals","note":"OpenStreetMap","osm_id":"way/271116232","osm_url":"https://www.openstreetmap.org/way/271116232","source":"OpenStreetMap"}},{"type":"Feature","geometry":{"type":"Point","coordinates":[-3.2028979,51.4480255]},"properties":{"name":"Llandough Hospital","layer":"hospitals","note":"Cardiff and Vale Univerity Health Board","osm_id":"way/27165626","osm_url":"https://www.openstreetmap.org/way/27165626","source":"OpenStreetMap","brand":"Cardiff and Vale Univerity Health Board"}},{"type":"Feature","geometry":{"type":"Point","coordinates":[-0.1203608,51.4049847]},"properties":{"name":"Norbury Health Centre","layer":"hospitals","note":"OpenStreetMap","osm_id":"way/27219238","osm_url":"https://www.openstreetmap.org/way/27219238","source":"OpenStreetMap"}},{"type":"Feature","geometry":{"type":"Point","coordinates":[-1.7617133,53.7837358]},"properties":{"name":"St. Luke's Hospital","layer":"hospitals","note":"OpenStreetMap","osm_id":"way/27408592","osm_url":"https://www.openstreetmap.org/way/27408592","source":"OpenStreetMap"}},{"type":"Feature","geometry":{"type":"Point","coordinates":[-2.3171295,53.5862379]},"properties":{"name":"Cygnet Hospital","layer":"hospitals","note":"Cygnet Health Care","osm_id":"way/274501630","osm_url":"https://www.openstreetmap.org/way/274501630","source":"OpenStreetMap","brand":"Cygnet Health Care"}},{"type":"Feature","geometry":{"type":"Point","coordinates":[0.0290393,51.5837509]},"properties":{"name":"Hospital","layer":"hospitals","note":"NHS","osm_id":"way/275414908","osm_url":"https://www.openstreetmap.org/way/275414908","source":"OpenStreetMap","brand":"NHS"}},{"type":"Feature","geometry":{"type":"Point","coordinates":[-2.0059626,52.3321418]},"properties":{"name":"Bromsgove Private Hospital","layer":"hospitals","note":"OpenStreetMap","osm_id":"way/275422652","osm_url":"https://www.openstreetmap.org/way/275422652","source":"OpenStreetMap"}},{"type":"Feature","geometry":{"type":"Point","coordinates":[-6.2556569,53.3328193]},"properties":{"name":"Royal Victoria Eye and Ear Hospital","layer":"hospitals","note":"Health Service Executive","osm_id":"way/277289764","osm_url":"https://www.openstreetmap.org/way/277289764","source":"OpenStreetMap","brand":"Health Service Executive"}},{"type":"Feature","geometry":{"type":"Point","coordinates":[-0.093654,51.4684289]},"properties":{"name":"King's College Hospital","layer":"hospitals","note":"King's College Hospital NHS Foundation Trust","osm_id":"way/277432734","osm_url":"https://www.openstreetmap.org/way/277432734","source":"OpenStreetMap","brand":"King's College Hospital NHS Foundation Trust"}},{"type":"Feature","geometry":{"type":"Point","coordinates":[-3.1373021,51.5311076]},"properties":{"name":"Cardiff North Dialysis Unit","layer":"hospitals","note":"NHS","osm_id":"way/27828776","osm_url":"https://www.openstreetmap.org/way/27828776","source":"OpenStreetMap","brand":"NHS"}},{"type":"Feature","geometry":{"type":"Point","coordinates":[-1.8522665,52.5198048]},"properties":{"name":"Hospital","layer":"hospitals","note":"OpenStreetMap","osm_id":"way/278336905","osm_url":"https://www.openstreetmap.org/way/278336905","source":"OpenStreetMap"}},{"type":"Feature","geometry":{"type":"Point","coordinates":[-1.61259,53.7997783]},"properties":{"name":"St Mary's Hospital","layer":"hospitals","note":"OpenStreetMap","osm_id":"way/27896425","osm_url":"https://www.openstreetmap.org/way/27896425","source":"OpenStreetMap"}},{"type":"Feature","geometry":{"type":"Point","coordinates":[-1.3982786,53.2364539]},"properties":{"name":"Chesterfield Royal Hospital","layer":"hospitals","note":"Chesterfield Royal Hospital NHS Foundation Trust","osm_id":"way/279243877","osm_url":"https://www.openstreetmap.org/way/279243877","source":"OpenStreetMap","brand":"Chesterfield Royal Hospital NHS Foundation Trust"}},{"type":"Feature","geometry":{"type":"Point","coordinates":[-4.7421552,50.4676172]},"properties":{"name":"Bodmin Hospital","layer":"hospitals","note":"OpenStreetMap","osm_id":"way/279708712","osm_url":"https://www.openstreetmap.org/way/279708712","source":"OpenStreetMap"}},{"type":"Feature","geometry":{"type":"Point","coordinates":[-1.3690568,52.5616106]},"properties":{"name":"Hinckley & Market Bosworth Community Hospital","layer":"hospitals","note":"OpenStreetMap","osm_id":"way/280443526","osm_url":"https://www.openstreetmap.org/way/280443526","source":"OpenStreetMap"}},{"type":"Feature","geometry":{"type":"Point","coordinates":[-2.4507747,50.6213469]},"properties":{"name":"Weymouth Community Hospital and Health Centre","layer":"hospitals","note":"OpenStreetMap","osm_id":"way/281162793","osm_url":"https://www.openstreetmap.org/way/281162793","source":"OpenStreetMap"}},{"type":"Feature","geometry":{"type":"Point","coordinates":[-3.9886673,51.6279291]},"properties":{"name":"Cefn Coed Hospital","layer":"hospitals","note":"OpenStreetMap","osm_id":"way/28198618","osm_url":"https://www.openstreetmap.org/way/28198618","source":"OpenStreetMap"}},{"type":"Feature","geometry":{"type":"Point","coordinates":[-1.3680918,52.5400042]},"properties":{"name":"Hinckley Hospital","layer":"hospitals","note":"OpenStreetMap","osm_id":"way/282215458","osm_url":"https://www.openstreetmap.org/way/282215458","source":"OpenStreetMap"}},{"type":"Feature","geometry":{"type":"Point","coordinates":[-0.1192676,51.5292405]},"properties":{"name":"Royal National Throat, Nose and Ear Hospital","layer":"hospitals","note":"OpenStreetMap","osm_id":"way/28226427","osm_url":"https://www.openstreetmap.org/way/28226427","source":"OpenStreetMap"}},{"type":"Feature","geometry":{"type":"Point","coordinates":[1.1994152,52.0258771]},"properties":{"name":"Bluebird Lodge","layer":"hospitals","note":"OpenStreetMap","osm_id":"way/28260390","osm_url":"https://www.openstreetmap.org/way/28260390","source":"OpenStreetMap"}},{"type":"Feature","geometry":{"type":"Point","coordinates":[-0.4250402,54.2966212]},"properties":{"name":"Cross Lane Hospital","layer":"hospitals","note":"OpenStreetMap","osm_id":"way/282652672","osm_url":"https://www.openstreetmap.org/way/282652672","source":"OpenStreetMap"}},{"type":"Feature","geometry":{"type":"Point","coordinates":[0.4856999,51.2747049]},"properties":{"name":"Maidstone Hospital","layer":"hospitals","note":"OpenStreetMap","osm_id":"way/28302867","osm_url":"https://www.openstreetmap.org/way/28302867","source":"OpenStreetMap"}},{"type":"Feature","geometry":{"type":"Point","coordinates":[-3.7668589,55.2359157]},"properties":{"name":"Thornhill Hospital","layer":"hospitals","note":"NHS Dumfries and Galloway","osm_id":"way/283783706","osm_url":"https://www.openstreetmap.org/way/283783706","source":"OpenStreetMap","brand":"NHS Dumfries and Galloway"}},{"type":"Feature","geometry":{"type":"Point","coordinates":[-8.9952606,53.2775509]},"properties":{"name":"Merlin Park University Hospital","layer":"hospitals","note":"Health Service Executive","osm_id":"way/28475753","osm_url":"https://www.openstreetmap.org/way/28475753","source":"OpenStreetMap","brand":"Health Service Executive"}},{"type":"Feature","geometry":{"type":"Point","coordinates":[-0.3200195,51.2952365]},"properties":{"name":"Leatherhead Community Hospital","layer":"hospitals","note":"OpenStreetMap","osm_id":"way/285018126","osm_url":"https://www.openstreetmap.org/way/285018126","source":"OpenStreetMap"}},{"type":"Feature","geometry":{"type":"Point","coordinates":[-2.4830259,51.5038008]},"properties":{"name":"Emersons Green NHS Treatment Centre","layer":"hospitals","note":"OpenStreetMap","osm_id":"way/285927894","osm_url":"https://www.openstreetmap.org/way/285927894","source":"OpenStreetMap"}},{"type":"Feature","geometry":{"type":"Point","coordinates":[-0.2525854,51.3512729]},"properties":{"name":"Bourne Hall Health Centre","layer":"hospitals","note":"OpenStreetMap","osm_id":"way/28834809","osm_url":"https://www.openstreetmap.org/way/28834809","source":"OpenStreetMap"}},{"type":"Feature","geometry":{"type":"Point","coordinates":[-2.2086758,51.7423192]},"properties":{"name":"Stroud Maternity Hospital","layer":"hospitals","note":"OpenStreetMap","osm_id":"way/288391499","osm_url":"https://www.openstreetmap.org/way/288391499","source":"OpenStreetMap"}},{"type":"Feature","geometry":{"type":"Point","coordinates":[-2.7063369,52.0568243]},"properties":{"name":"Hereford County Hospital","layer":"hospitals","note":"OpenStreetMap","osm_id":"way/288598626","osm_url":"https://www.openstreetmap.org/way/288598626","source":"OpenStreetMap"}},{"type":"Feature","geometry":{"type":"Point","coordinates":[-0.2731394,51.3251518]},"properties":{"name":"Epsom General Hospital","layer":"hospitals","note":"OpenStreetMap","osm_id":"way/289707828","osm_url":"https://www.openstreetmap.org/way/289707828","source":"OpenStreetMap"}},{"type":"Feature","geometry":{"type":"Point","coordinates":[-2.3705646,53.4539106]},"properties":{"name":"Trafford General Hospital","layer":"hospitals","note":"OpenStreetMap","osm_id":"way/290717786","osm_url":"https://www.openstreetmap.org/way/290717786","source":"OpenStreetMap"}},{"type":"Feature","geometry":{"type":"Point","coordinates":[-1.790275,50.7451615]},"properties":{"name":"Christchurch Hospital","layer":"hospitals","note":"Royal Bournemouth & Christchurch Hospitals NHS Foundation Trust","osm_id":"way/29088011","osm_url":"https://www.openstreetmap.org/way/29088011","source":"OpenStreetMap","brand":"Royal Bournemouth & Christchurch Hospitals NHS Foundation Trust"}},{"type":"Feature","geometry":{"type":"Point","coordinates":[-1.6559312,52.8172068]},"properties":{"name":"Queen's Hospital","layer":"hospitals","note":"OpenStreetMap","osm_id":"way/29182720","osm_url":"https://www.openstreetmap.org/way/29182720","source":"OpenStreetMap"}},{"type":"Feature","geometry":{"type":"Point","coordinates":[-1.6592825,52.8204865]},"properties":{"name":"Outwood Site","layer":"hospitals","note":"OpenStreetMap","osm_id":"way/29182729","osm_url":"https://www.openstreetmap.org/way/29182729","source":"OpenStreetMap"}},{"type":"Feature","geometry":{"type":"Point","coordinates":[-1.0632119,50.7998085]},"properties":{"name":"Saint Mary's","layer":"hospitals","note":"OpenStreetMap","osm_id":"way/29206195","osm_url":"https://www.openstreetmap.org/way/29206195","source":"OpenStreetMap"}},{"type":"Feature","geometry":{"type":"Point","coordinates":[-2.2255965,53.4288291]},"properties":{"name":"Kinnaird House (The Christie NHS Foundation Trust)","layer":"hospitals","note":"OpenStreetMap","osm_id":"way/292113493","osm_url":"https://www.openstreetmap.org/way/292113493","source":"OpenStreetMap"}},{"type":"Feature","geometry":{"type":"Point","coordinates":[-1.0700386,50.8501874]},"properties":{"name":"Queen Alexandra Hospital","layer":"hospitals","note":"NHS","osm_id":"way/29234032","osm_url":"https://www.openstreetmap.org/way/29234032","source":"OpenStreetMap","brand":"NHS"}},{"type":"Feature","geometry":{"type":"Point","coordinates":[-3.358421,54.6662752]},"properties":{"name":"Cockermouth Community Hospital","layer":"hospitals","note":"OpenStreetMap","osm_id":"way/293283693","osm_url":"https://www.openstreetmap.org/way/293283693","source":"OpenStreetMap"}},{"type":"Feature","geometry":{"type":"Point","coordinates":[-1.1518328,60.153557]},"properties":{"name":"Montfield Hospital","layer":"hospitals","note":"OpenStreetMap","osm_id":"way/29411895","osm_url":"https://www.openstreetmap.org/way/29411895","source":"OpenStreetMap"}},{"type":"Feature","geometry":{"type":"Point","coordinates":[-0.0855357,51.283807]},"properties":{"name":"Caterham Dene Hospital & Minor Injuries Unit","layer":"hospitals","note":"OpenStreetMap","osm_id":"way/29443690","osm_url":"https://www.openstreetmap.org/way/29443690","source":"OpenStreetMap"}},{"type":"Feature","geometry":{"type":"Point","coordinates":[0.2771926,51.1791439]},"properties":{"name":"Tonbridge Cottage Hospital","layer":"hospitals","note":"OpenStreetMap","osm_id":"way/294664088","osm_url":"https://www.openstreetmap.org/way/294664088","source":"OpenStreetMap"}},{"type":"Feature","geometry":{"type":"Point","coordinates":[-1.4562398,53.5454818]},"properties":{"name":"Kendray Hospital","layer":"hospitals","note":"OpenStreetMap","osm_id":"way/294761907","osm_url":"https://www.openstreetmap.org/way/294761907","source":"OpenStreetMap"}},{"type":"Feature","geometry":{"type":"Point","coordinates":[-1.4686088,53.5426382]},"properties":{"name":"Cygnet Oaks and Pindar House","layer":"hospitals","note":"OpenStreetMap","osm_id":"way/294765193","osm_url":"https://www.openstreetmap.org/way/294765193","source":"OpenStreetMap"}},{"type":"Feature","geometry":{"type":"Point","coordinates":[-6.3779167,53.3430617]},"properties":{"name":"Cherry Orchard Hospital","layer":"hospitals","note":"Health Service Executive","osm_id":"way/29504327","osm_url":"https://www.openstreetmap.org/way/29504327","source":"OpenStreetMap","brand":"Health Service Executive"}},{"type":"Feature","geometry":{"type":"Point","coordinates":[-3.4806508,53.3261347]},"properties":{"name":"Royal Alexandra Hospital","layer":"hospitals","note":"NHS","osm_id":"way/295305353","osm_url":"https://www.openstreetmap.org/way/295305353","source":"OpenStreetMap","brand":"NHS"}},{"type":"Feature","geometry":{"type":"Point","coordinates":[-4.337879,51.8565844]},"properties":{"name":"Hafan Derwen Psychiatric Unit","layer":"hospitals","note":"NHS (Hywel Dda Health Board)","osm_id":"way/295543300","osm_url":"https://www.openstreetmap.org/way/295543300","source":"OpenStreetMap","brand":"NHS (Hywel Dda Health Board)"}},{"type":"Feature","geometry":{"type":"Point","coordinates":[-4.2633614,53.1297278]},"properties":{"name":"Ysbyty Eryri","layer":"hospitals","note":"NHS","osm_id":"way/296110304","osm_url":"https://www.openstreetmap.org/way/296110304","source":"OpenStreetMap","brand":"NHS"}},{"type":"Feature","geometry":{"type":"Point","coordinates":[-2.1715072,52.5859966]},"properties":{"name":"Compton Hospice","layer":"hospitals","note":"OpenStreetMap","osm_id":"way/296134111","osm_url":"https://www.openstreetmap.org/way/296134111","source":"OpenStreetMap"}},{"type":"Feature","geometry":{"type":"Point","coordinates":[-0.0854675,51.2835621]},"properties":{"name":"Caterham Dene - Physiotherapy","layer":"hospitals","note":"OpenStreetMap","osm_id":"way/29754448","osm_url":"https://www.openstreetmap.org/way/29754448","source":"OpenStreetMap"}},{"type":"Feature","geometry":{"type":"Point","coordinates":[-2.19123,53.0570662]},"properties":{"name":"Haywood Hospital","layer":"hospitals","note":"OpenStreetMap","osm_id":"way/299506598","osm_url":"https://www.openstreetmap.org/way/299506598","source":"OpenStreetMap"}},{"type":"Feature","geometry":{"type":"Point","coordinates":[-1.7844971,53.5787123]},"properties":{"name":"Holme Valley Memorial Hospital","layer":"hospitals","note":"OpenStreetMap","osm_id":"way/301153857","osm_url":"https://www.openstreetmap.org/way/301153857","source":"OpenStreetMap"}},{"type":"Feature","geometry":{"type":"Point","coordinates":[-2.8978865,53.4115429]},"properties":{"name":"Broadgreen Hospital","layer":"hospitals","note":"OpenStreetMap","osm_id":"way/301368198","osm_url":"https://www.openstreetmap.org/way/301368198","source":"OpenStreetMap"}},{"type":"Feature","geometry":{"type":"Point","coordinates":[-4.6741086,55.6347681]},"properties":{"name":"Ayrshire Central Hospital","layer":"hospitals","note":"OpenStreetMap","osm_id":"way/301577095","osm_url":"https://www.openstreetmap.org/way/301577095","source":"OpenStreetMap"}},{"type":"Feature","geometry":{"type":"Point","coordinates":[0.7080234,52.2308862]},"properties":{"name":"West Suffolk Hospital","layer":"hospitals","note":"OpenStreetMap","osm_id":"way/301724077","osm_url":"https://www.openstreetmap.org/way/301724077","source":"OpenStreetMap"}},{"type":"Feature","geometry":{"type":"Point","coordinates":[-7.3004622,53.6757038]},"properties":{"name":"St Peter's","layer":"hospitals","note":"OpenStreetMap","osm_id":"way/301834814","osm_url":"https://www.openstreetmap.org/way/301834814","source":"OpenStreetMap"}},{"type":"Feature","geometry":{"type":"Point","coordinates":[-1.3460081,53.417386]},"properties":{"name":"Woodside Workplace Health & Wellbeing","layer":"hospitals","note":"OpenStreetMap","osm_id":"way/303040601","osm_url":"https://www.openstreetmap.org/way/303040601","source":"OpenStreetMap"}},{"type":"Feature","geometry":{"type":"Point","coordinates":[-2.6088069,53.393748]},"properties":{"name":"Warrington Hospital","layer":"hospitals","note":"OpenStreetMap","osm_id":"way/30410589","osm_url":"https://www.openstreetmap.org/way/30410589","source":"OpenStreetMap"}},{"type":"Feature","geometry":{"type":"Point","coordinates":[0.1796349,51.4332547]},"properties":{"name":"Bracton Centre","layer":"hospitals","note":"OpenStreetMap","osm_id":"way/30413855","osm_url":"https://www.openstreetmap.org/way/30413855","source":"OpenStreetMap"}},{"type":"Feature","geometry":{"type":"Point","coordinates":[-1.2854786,53.5002484]},"properties":{"name":"Montagu Hospital","layer":"hospitals","note":"OpenStreetMap","osm_id":"way/304425218","osm_url":"https://www.openstreetmap.org/way/304425218","source":"OpenStreetMap"}},{"type":"Feature","geometry":{"type":"Point","coordinates":[1.3890081,51.377117]},"properties":{"name":"Queen Elizabeth The Queen Mother Hospital","layer":"hospitals","note":"NHS","osm_id":"way/30449842","osm_url":"https://www.openstreetmap.org/way/30449842","source":"OpenStreetMap","brand":"NHS"}},{"type":"Feature","geometry":{"type":"Point","coordinates":[-1.1927483,53.4812664]},"properties":{"name":"The Martinwells Centre","layer":"hospitals","note":"OpenStreetMap","osm_id":"way/304507326","osm_url":"https://www.openstreetmap.org/way/304507326","source":"OpenStreetMap"}},{"type":"Feature","geometry":{"type":"Point","coordinates":[-2.5163769,51.4688567]},"properties":{"name":"Cossham Hospital","layer":"hospitals","note":"OpenStreetMap","osm_id":"way/305530414","osm_url":"https://www.openstreetmap.org/way/305530414","source":"OpenStreetMap"}},{"type":"Feature","geometry":{"type":"Point","coordinates":[-3.1435942,52.6622491]},"properties":{"name":"Victoria Memorial Hospital","layer":"hospitals","note":"OpenStreetMap","osm_id":"way/305739164","osm_url":"https://www.openstreetmap.org/way/305739164","source":"OpenStreetMap"}},{"type":"Feature","geometry":{"type":"Point","coordinates":[-2.1315435,51.3672204]},"properties":{"name":"Melksham Community Hospital","layer":"hospitals","note":"OpenStreetMap","osm_id":"way/305835565","osm_url":"https://www.openstreetmap.org/way/305835565","source":"OpenStreetMap"}},{"type":"Feature","geometry":{"type":"Point","coordinates":[-2.5667924,51.4806078]},"properties":{"name":"Priory Hospital Bristol","layer":"hospitals","note":"OpenStreetMap","osm_id":"way/30652795","osm_url":"https://www.openstreetmap.org/way/30652795","source":"OpenStreetMap"}},{"type":"Feature","geometry":{"type":"Point","coordinates":[-0.0326756,51.3775519]},"properties":{"name":"Hospital","layer":"hospitals","note":"OpenStreetMap","osm_id":"way/307058677","osm_url":"https://www.openstreetmap.org/way/307058677","source":"OpenStreetMap"}},{"type":"Feature","geometry":{"type":"Point","coordinates":[-1.3800096,53.607988]},"properties":{"name":"Holgate Hospital","layer":"hospitals","note":"OpenStreetMap","osm_id":"way/307431430","osm_url":"https://www.openstreetmap.org/way/307431430","source":"OpenStreetMap"}},{"type":"Feature","geometry":{"type":"Point","coordinates":[-6.3043015,53.2722253]},"properties":{"name":"Bloomfield Health Services & Quaker House","layer":"hospitals","note":"Bloomfield Care Centre CLG","osm_id":"way/307509515","osm_url":"https://www.openstreetmap.org/way/307509515","source":"OpenStreetMap","brand":"Bloomfield Care Centre CLG"}},{"type":"Feature","geometry":{"type":"Point","coordinates":[-0.4590154,52.1413161]},"properties":{"name":"Bedford Health Village","layer":"hospitals","note":"OpenStreetMap","osm_id":"way/3078494","osm_url":"https://www.openstreetmap.org/way/3078494","source":"OpenStreetMap"}},{"type":"Feature","geometry":{"type":"Point","coordinates":[-5.5429355,50.1219092]},"properties":{"name":"West Cornwall Hospital (Penzance)","layer":"hospitals","note":"OpenStreetMap","osm_id":"way/308327216","osm_url":"https://www.openstreetmap.org/way/308327216","source":"OpenStreetMap"}},{"type":"Feature","geometry":{"type":"Point","coordinates":[-2.2448283,51.8603959]},"properties":{"name":"Rikenel Health Centre","layer":"hospitals","note":"OpenStreetMap","osm_id":"way/30850938","osm_url":"https://www.openstreetmap.org/way/30850938","source":"OpenStreetMap"}},{"type":"Feature","geometry":{"type":"Point","coordinates":[-2.2324907,51.8660903]},"properties":{"name":"Gloucestershire Royal Hospital","layer":"hospitals","note":"NHS","osm_id":"way/30851505","osm_url":"https://www.openstreetmap.org/way/30851505","source":"OpenStreetMap","brand":"NHS"}},{"type":"Feature","geometry":{"type":"Point","coordinates":[-1.1824804,52.9423334]},"properties":{"name":"NHS Treatment Centre","layer":"hospitals","note":"NHS","osm_id":"way/30891414","osm_url":"https://www.openstreetmap.org/way/30891414","source":"OpenStreetMap","brand":"NHS"}},{"type":"Feature","geometry":{"type":"Point","coordinates":[-3.4571802,53.2644995]},"properties":{"name":"Plas Coch Independant Hospital","layer":"hospitals","note":"OpenStreetMap","osm_id":"way/309714676","osm_url":"https://www.openstreetmap.org/way/309714676","source":"OpenStreetMap"}},{"type":"Feature","geometry":{"type":"Point","coordinates":[-3.6738964,50.7920325]},"properties":{"name":"Crediton Hospital (No A & E)","layer":"hospitals","note":"OpenStreetMap","osm_id":"way/310643760","osm_url":"https://www.openstreetmap.org/way/310643760","source":"OpenStreetMap"}},{"type":"Feature","geometry":{"type":"Point","coordinates":[-1.2813125,50.7071557]},"properties":{"name":"Earl Mountbatten Hospice","layer":"hospitals","note":"OpenStreetMap","osm_id":"way/312127009","osm_url":"https://www.openstreetmap.org/way/312127009","source":"OpenStreetMap"}},{"type":"Feature","geometry":{"type":"Point","coordinates":[-3.5492754,50.7126089]},"properties":{"name":"Franklyn Hospital","layer":"hospitals","note":"OpenStreetMap","osm_id":"way/312642536","osm_url":"https://www.openstreetmap.org/way/312642536","source":"OpenStreetMap"}},{"type":"Feature","geometry":{"type":"Point","coordinates":[-3.2290573,51.5168679]},"properties":{"name":"Velindre Cancer Centre","layer":"hospitals","note":"OpenStreetMap","osm_id":"way/313573713","osm_url":"https://www.openstreetmap.org/way/313573713","source":"OpenStreetMap"}},{"type":"Feature","geometry":{"type":"Point","coordinates":[-3.9974549,50.7420061]},"properties":{"name":"Okehampton Community Hospital","layer":"hospitals","note":"OpenStreetMap","osm_id":"way/314236165","osm_url":"https://www.openstreetmap.org/way/314236165","source":"OpenStreetMap"}},{"type":"Feature","geometry":{"type":"Point","coordinates":[-1.4088444,54.9028632]},"properties":{"name":"Sunderland Royal Hospital","layer":"hospitals","note":"OpenStreetMap","osm_id":"way/31453611","osm_url":"https://www.openstreetmap.org/way/31453611","source":"OpenStreetMap"}},{"type":"Feature","geometry":{"type":"Point","coordinates":[-1.1354918,52.62662]},"properties":{"name":"Leicester Royal Infirmary","layer":"hospitals","note":"OpenStreetMap","osm_id":"way/314688908","osm_url":"https://www.openstreetmap.org/way/314688908","source":"OpenStreetMap"}},{"type":"Feature","geometry":{"type":"Point","coordinates":[-0.297186,51.5211547]},"properties":{"name":"Cygnet Hospital Ealing","layer":"hospitals","note":"OpenStreetMap","osm_id":"way/315305511","osm_url":"https://www.openstreetmap.org/way/315305511","source":"OpenStreetMap"}},{"type":"Feature","geometry":{"type":"Point","coordinates":[-3.0718298,50.7119464]},"properties":{"name":"Seaton Hospital","layer":"hospitals","note":"OpenStreetMap","osm_id":"way/31557625","osm_url":"https://www.openstreetmap.org/way/31557625","source":"OpenStreetMap"}},{"type":"Feature","geometry":{"type":"Point","coordinates":[-1.1469793,54.5456837]},"properties":{"name":"Flatts Lane Centre","layer":"hospitals","note":"nhs","osm_id":"way/316122317","osm_url":"https://www.openstreetmap.org/way/316122317","source":"OpenStreetMap","brand":"nhs"}},{"type":"Feature","geometry":{"type":"Point","coordinates":[-0.2176095,51.5222211]},"properties":{"name":"St Charles' Hospital","layer":"hospitals","note":"OpenStreetMap","osm_id":"way/31636962","osm_url":"https://www.openstreetmap.org/way/31636962","source":"OpenStreetMap"}},{"type":"Feature","geometry":{"type":"Point","coordinates":[-2.2252393,53.4615994]},"properties":{"name":"Manchester University Hospitals (central site)","layer":"hospitals","note":"Manchester University NHS Foundation Trust","osm_id":"way/31647541","osm_url":"https://www.openstreetmap.org/way/31647541","source":"OpenStreetMap","brand":"Manchester University NHS Foundation Trust"}},{"type":"Feature","geometry":{"type":"Point","coordinates":[-2.4962972,53.1888355]},"properties":{"name":"Weaver Lodge Independent Hospital","layer":"hospitals","note":"OpenStreetMap","osm_id":"way/317330597","osm_url":"https://www.openstreetmap.org/way/317330597","source":"OpenStreetMap"}},{"type":"Feature","geometry":{"type":"Point","coordinates":[-2.9132204,53.5213164]},"properties":{"name":"Ashworth Hospital","layer":"hospitals","note":"OpenStreetMap","osm_id":"way/31779648","osm_url":"https://www.openstreetmap.org/way/31779648","source":"OpenStreetMap"}},{"type":"Feature","geometry":{"type":"Point","coordinates":[-2.931026,54.8704836]},"properties":{"name":"Eden Valley Hospice","layer":"hospitals","note":"OpenStreetMap","osm_id":"way/318391778","osm_url":"https://www.openstreetmap.org/way/318391778","source":"OpenStreetMap"}},{"type":"Feature","geometry":{"type":"Point","coordinates":[-2.5582871,51.4309505]},"properties":{"name":"Callington Road Hospital","layer":"hospitals","note":"OpenStreetMap","osm_id":"way/31846683","osm_url":"https://www.openstreetmap.org/way/31846683","source":"OpenStreetMap"}},{"type":"Feature","geometry":{"type":"Point","coordinates":[-0.9580091,51.449191]},"properties":{"name":"Royal Berkshire Hospital","layer":"hospitals","note":"Royal Berkshire NHS Foundation Trust","osm_id":"way/31900608","osm_url":"https://www.openstreetmap.org/way/31900608","source":"OpenStreetMap","brand":"Royal Berkshire NHS Foundation Trust"}},{"type":"Feature","geometry":{"type":"Point","coordinates":[-1.2831239,53.2820001]},"properties":{"name":"Barlborough NHS Treatment Centre","layer":"hospitals","note":"NHS","osm_id":"way/319227318","osm_url":"https://www.openstreetmap.org/way/319227318","source":"OpenStreetMap","brand":"NHS"}},{"type":"Feature","geometry":{"type":"Point","coordinates":[-0.4614635,51.5255502]},"properties":{"name":"Hillingdon Hospital","layer":"hospitals","note":"The Hillingdon Hospitals NHS Trust","osm_id":"way/31927218","osm_url":"https://www.openstreetmap.org/way/31927218","source":"OpenStreetMap","brand":"The Hillingdon Hospitals NHS Trust"}},{"type":"Feature","geometry":{"type":"Point","coordinates":[-6.2957732,53.3401104]},"properties":{"name":"St. James's Hospital","layer":"hospitals","note":"Health Service Executive","osm_id":"way/32015912","osm_url":"https://www.openstreetmap.org/way/32015912","source":"OpenStreetMap","brand":"Health Service Executive"}},{"type":"Feature","geometry":{"type":"Point","coordinates":[-6.318888,53.3261478]},"properties":{"name":"Children's Health Ireland at Crumlin","layer":"hospitals","note":"Health Service Executive","osm_id":"way/32063615","osm_url":"https://www.openstreetmap.org/way/32063615","source":"OpenStreetMap","brand":"Health Service Executive"}},{"type":"Feature","geometry":{"type":"Point","coordinates":[-3.6136519,56.0113377]},"properties":{"name":"Bo'ness Hospital","layer":"hospitals","note":"NHS Forth Valley","osm_id":"way/321333833","osm_url":"https://www.openstreetmap.org/way/321333833","source":"OpenStreetMap","brand":"NHS Forth Valley"}},{"type":"Feature","geometry":{"type":"Point","coordinates":[-7.0788606,52.2489606]},"properties":{"name":"University Hospital Waterford","layer":"hospitals","note":"Health Service Executive","osm_id":"way/32152329","osm_url":"https://www.openstreetmap.org/way/32152329","source":"OpenStreetMap","brand":"Health Service Executive"}},{"type":"Feature","geometry":{"type":"Point","coordinates":[-3.2682391,54.2084784]},"properties":{"name":"Millom Community Hospital","layer":"hospitals","note":"OpenStreetMap","osm_id":"way/321657567","osm_url":"https://www.openstreetmap.org/way/321657567","source":"OpenStreetMap"}},{"type":"Feature","geometry":{"type":"Point","coordinates":[0.0436493,51.5872417]},"properties":{"name":"Spire London East","layer":"hospitals","note":"OpenStreetMap","osm_id":"way/322546930","osm_url":"https://www.openstreetmap.org/way/322546930","source":"OpenStreetMap"}},{"type":"Feature","geometry":{"type":"Point","coordinates":[-8.4641489,51.8935409]},"properties":{"name":"South Infirmary-Victoria University Hospital","layer":"hospitals","note":"Health Service Executive","osm_id":"way/32284254","osm_url":"https://www.openstreetmap.org/way/32284254","source":"OpenStreetMap","brand":"Health Service Executive"}},{"type":"Feature","geometry":{"type":"Point","coordinates":[-2.1332092,53.3845108]},"properties":{"name":"Stepping Hill Hospital","layer":"hospitals","note":"OpenStreetMap","osm_id":"way/32288796","osm_url":"https://www.openstreetmap.org/way/32288796","source":"OpenStreetMap"}},{"type":"Feature","geometry":{"type":"Point","coordinates":[-1.04644,50.7974469]},"properties":{"name":"Hamble House","layer":"hospitals","note":"OpenStreetMap","osm_id":"way/323015628","osm_url":"https://www.openstreetmap.org/way/323015628","source":"OpenStreetMap"}},{"type":"Feature","geometry":{"type":"Point","coordinates":[-5.9443858,54.587348]},"properties":{"name":"Belfast City Hospital","layer":"hospitals","note":"Belfast Health and Social Care Trust","osm_id":"way/323634415","osm_url":"https://www.openstreetmap.org/way/323634415","source":"OpenStreetMap","brand":"Belfast Health and Social Care Trust"}},{"type":"Feature","geometry":{"type":"Point","coordinates":[-7.0136224,55.0454705]},"properties":{"name":"North West Independent Hospital, Ballykelly","layer":"hospitals","note":"OpenStreetMap","osm_id":"way/324251007","osm_url":"https://www.openstreetmap.org/way/324251007","source":"OpenStreetMap"}},{"type":"Feature","geometry":{"type":"Point","coordinates":[-4.1130814,50.3780503]},"properties":{"name":"Mount Gould Hospital","layer":"hospitals","note":"OpenStreetMap","osm_id":"way/32500286","osm_url":"https://www.openstreetmap.org/way/32500286","source":"OpenStreetMap"}},{"type":"Feature","geometry":{"type":"Point","coordinates":[0.0366399,51.5216743]},"properties":{"name":"Newham University Hospital","layer":"hospitals","note":"Barts Health NHS Trust","osm_id":"way/32612277","osm_url":"https://www.openstreetmap.org/way/32612277","source":"OpenStreetMap","brand":"Barts Health NHS Trust"}},{"type":"Feature","geometry":{"type":"Point","coordinates":[-0.2016871,51.1663745]},"properties":{"name":"Farmfield Hospital (psychiatric)","layer":"hospitals","note":"Elysium Healthcare","osm_id":"way/326129524","osm_url":"https://www.openstreetmap.org/way/326129524","source":"OpenStreetMap","brand":"Elysium Healthcare"}},{"type":"Feature","geometry":{"type":"Point","coordinates":[-0.0391378,51.5480322]},"properties":{"name":"John Howard Centre","layer":"hospitals","note":"East London NHS Foundation Trust","osm_id":"way/326277354","osm_url":"https://www.openstreetmap.org/way/326277354","source":"OpenStreetMap","brand":"East London NHS Foundation Trust"}},{"type":"Feature","geometry":{"type":"Point","coordinates":[-3.0980734,54.1987391]},"properties":{"name":"Hospital","layer":"hospitals","note":"OpenStreetMap","osm_id":"way/326802669","osm_url":"https://www.openstreetmap.org/way/326802669","source":"OpenStreetMap"}},{"type":"Feature","geometry":{"type":"Point","coordinates":[-3.1714171,54.8306289]},"properties":{"name":"Wigton Hospital","layer":"hospitals","note":"OpenStreetMap","osm_id":"way/327278299","osm_url":"https://www.openstreetmap.org/way/327278299","source":"OpenStreetMap"}},{"type":"Feature","geometry":{"type":"Point","coordinates":[-2.9110457,53.2678402]},"properties":{"name":"Ellesmere Port Hospital","layer":"hospitals","note":"OpenStreetMap","osm_id":"way/328159030","osm_url":"https://www.openstreetmap.org/way/328159030","source":"OpenStreetMap"}},{"type":"Feature","geometry":{"type":"Point","coordinates":[-1.9988028,52.5190405]},"properties":{"name":"Edward Street Hospital","layer":"hospitals","note":"OpenStreetMap","osm_id":"way/32842554","osm_url":"https://www.openstreetmap.org/way/32842554","source":"OpenStreetMap"}},{"type":"Feature","geometry":{"type":"Point","coordinates":[-2.7846765,53.4204174]},"properties":{"name":"Whiston Hospital","layer":"hospitals","note":"OpenStreetMap","osm_id":"way/32886893","osm_url":"https://www.openstreetmap.org/way/32886893","source":"OpenStreetMap"}},{"type":"Feature","geometry":{"type":"Point","coordinates":[-0.1887997,51.1319347]},"properties":{"name":"Langley Green Hospital (psychiatric)","layer":"hospitals","note":"OpenStreetMap","osm_id":"way/329057744","osm_url":"https://www.openstreetmap.org/way/329057744","source":"OpenStreetMap"}},{"type":"Feature","geometry":{"type":"Point","coordinates":[-3.291435,50.7502411]},"properties":{"name":"Ottery St Mary Hospital","layer":"hospitals","note":"OpenStreetMap","osm_id":"way/32949924","osm_url":"https://www.openstreetmap.org/way/32949924","source":"OpenStreetMap"}},{"type":"Feature","geometry":{"type":"Point","coordinates":[-0.6215809,51.6626623]},"properties":{"name":"Amersham Hospital","layer":"hospitals","note":"OpenStreetMap","osm_id":"way/329848891","osm_url":"https://www.openstreetmap.org/way/329848891","source":"OpenStreetMap"}},{"type":"Feature","geometry":{"type":"Point","coordinates":[-6.2671018,53.3592622]},"properties":{"name":"Mater Misericordiae University Hospital","layer":"hospitals","note":"Health Service Executive","osm_id":"way/33005181","osm_url":"https://www.openstreetmap.org/way/33005181","source":"OpenStreetMap","brand":"Health Service Executive"}},{"type":"Feature","geometry":{"type":"Point","coordinates":[-6.2644738,53.3581067]},"properties":{"name":"Mater Private Hospital","layer":"hospitals","note":"OpenStreetMap","osm_id":"way/33005187","osm_url":"https://www.openstreetmap.org/way/33005187","source":"OpenStreetMap"}},{"type":"Feature","geometry":{"type":"Point","coordinates":[-1.3688434,54.8625787]},"properties":{"name":"St. Benedict’s Hospice and Centre for Specialist Palliative Care","layer":"hospitals","note":"OpenStreetMap","osm_id":"way/330599666","osm_url":"https://www.openstreetmap.org/way/330599666","source":"OpenStreetMap"}},{"type":"Feature","geometry":{"type":"Point","coordinates":[-0.2730494,51.3507676]},"properties":{"name":"St. Ebba's Hospital","layer":"hospitals","note":"OpenStreetMap","osm_id":"way/331884029","osm_url":"https://www.openstreetmap.org/way/331884029","source":"OpenStreetMap"}},{"type":"Feature","geometry":{"type":"Point","coordinates":[-3.8815198,52.7408487]},"properties":{"name":"Dolgellau and Barmouth Hospital","layer":"hospitals","note":"NHS","osm_id":"way/332654031","osm_url":"https://www.openstreetmap.org/way/332654031","source":"OpenStreetMap","brand":"NHS"}},{"type":"Feature","geometry":{"type":"Point","coordinates":[-2.476172,53.1188749]},"properties":{"name":"Leighton Hospital","layer":"hospitals","note":"OpenStreetMap","osm_id":"way/332911698","osm_url":"https://www.openstreetmap.org/way/332911698","source":"OpenStreetMap"}},{"type":"Feature","geometry":{"type":"Point","coordinates":[-2.1171032,50.687054]},"properties":{"name":"Wareham Hospital","layer":"hospitals","note":"OpenStreetMap","osm_id":"way/332916781","osm_url":"https://www.openstreetmap.org/way/332916781","source":"OpenStreetMap"}},{"type":"Feature","geometry":{"type":"Point","coordinates":[-3.1810977,51.038548]},"properties":{"name":"Dene Barton Community Hospital","layer":"hospitals","note":"Somerset NHS Foundation Trust","osm_id":"way/333802437","osm_url":"https://www.openstreetmap.org/way/333802437","source":"OpenStreetMap","brand":"Somerset NHS Foundation Trust"}},{"type":"Feature","geometry":{"type":"Point","coordinates":[-4.0479854,51.6721966]},"properties":{"name":"Gorseinon Hospital","layer":"hospitals","note":"OpenStreetMap","osm_id":"way/33391556","osm_url":"https://www.openstreetmap.org/way/33391556","source":"OpenStreetMap"}},{"type":"Feature","geometry":{"type":"Point","coordinates":[-1.7312547,52.1936891]},"properties":{"name":"Shakespeare Hospice","layer":"hospitals","note":"OpenStreetMap","osm_id":"way/334416100","osm_url":"https://www.openstreetmap.org/way/334416100","source":"OpenStreetMap"}},{"type":"Feature","geometry":{"type":"Point","coordinates":[-1.1279375,52.9782937]},"properties":{"name":"The Wells Road Centre","layer":"hospitals","note":"NHS","osm_id":"way/334439057","osm_url":"https://www.openstreetmap.org/way/334439057","source":"OpenStreetMap","brand":"NHS"}},{"type":"Feature","geometry":{"type":"Point","coordinates":[-0.081974,50.8345492]},"properties":{"name":"Nuffield Health Brighton Hospital","layer":"hospitals","note":"Nuffield Health","osm_id":"way/33526229","osm_url":"https://www.openstreetmap.org/way/33526229","source":"OpenStreetMap","brand":"Nuffield Health"}},{"type":"Feature","geometry":{"type":"Point","coordinates":[-1.2154791,51.7602574]},"properties":{"name":"The Manor Hospital","layer":"hospitals","note":"Nuffield Health","osm_id":"way/33721519","osm_url":"https://www.openstreetmap.org/way/33721519","source":"OpenStreetMap","brand":"Nuffield Health"}},{"type":"Feature","geometry":{"type":"Point","coordinates":[-6.2014039,53.3690166]},"properties":{"name":"Central Remedial Clinic","layer":"hospitals","note":"OpenStreetMap","osm_id":"way/33738850","osm_url":"https://www.openstreetmap.org/way/33738850","source":"OpenStreetMap"}},{"type":"Feature","geometry":{"type":"Point","coordinates":[-2.1545953,51.6353758]},"properties":{"name":"Tetbury Hospital","layer":"hospitals","note":"OpenStreetMap","osm_id":"way/337803920","osm_url":"https://www.openstreetmap.org/way/337803920","source":"OpenStreetMap"}},{"type":"Feature","geometry":{"type":"Point","coordinates":[-1.4115731,53.7871323]},"properties":{"name":"Waterloo Manor Independent Hospital","layer":"hospitals","note":"OpenStreetMap","osm_id":"way/338191725","osm_url":"https://www.openstreetmap.org/way/338191725","source":"OpenStreetMap"}},{"type":"Feature","geometry":{"type":"Point","coordinates":[-1.1913482,52.9930641]},"properties":{"name":"Highbury Hospital","layer":"hospitals","note":"NHS","osm_id":"way/338402098","osm_url":"https://www.openstreetmap.org/way/338402098","source":"OpenStreetMap","brand":"NHS"}},{"type":"Feature","geometry":{"type":"Point","coordinates":[0.9463421,52.6901022]},"properties":{"name":"Dereham Hospital","layer":"hospitals","note":"NHS","osm_id":"way/338468720","osm_url":"https://www.openstreetmap.org/way/338468720","source":"OpenStreetMap","brand":"NHS"}},{"type":"Feature","geometry":{"type":"Point","coordinates":[-1.3858816,54.9236483]},"properties":{"name":"Monkwearmouth Hospital","layer":"hospitals","note":"OpenStreetMap","osm_id":"way/33924077","osm_url":"https://www.openstreetmap.org/way/33924077","source":"OpenStreetMap"}},{"type":"Feature","geometry":{"type":"Point","coordinates":[-1.5471861,53.7427808]},"properties":{"name":"Middleton Community Health Centre","layer":"hospitals","note":"OpenStreetMap","osm_id":"way/34027225","osm_url":"https://www.openstreetmap.org/way/34027225","source":"OpenStreetMap"}},{"type":"Feature","geometry":{"type":"Point","coordinates":[-1.3332639,54.7543924]},"properties":{"name":"Peterlee Community Hospital","layer":"hospitals","note":"OpenStreetMap","osm_id":"way/34075767","osm_url":"https://www.openstreetmap.org/way/34075767","source":"OpenStreetMap"}},{"type":"Feature","geometry":{"type":"Point","coordinates":[-0.9784158,50.8579948]},"properties":{"name":"Oak Park Community Clinic","layer":"hospitals","note":"OpenStreetMap","osm_id":"way/340908062","osm_url":"https://www.openstreetmap.org/way/340908062","source":"OpenStreetMap"}},{"type":"Feature","geometry":{"type":"Point","coordinates":[-3.5139967,50.7247155]},"properties":{"name":"Royal Devon & Exeter Hospital (Heavitree)","layer":"hospitals","note":"OpenStreetMap","osm_id":"way/34213599","osm_url":"https://www.openstreetmap.org/way/34213599","source":"OpenStreetMap"}},{"type":"Feature","geometry":{"type":"Point","coordinates":[-0.3439161,51.7601507]},"properties":{"name":"St Albans City Hospital","layer":"hospitals","note":"NHS","osm_id":"way/34375218","osm_url":"https://www.openstreetmap.org/way/34375218","source":"OpenStreetMap","brand":"NHS"}},{"type":"Feature","geometry":{"type":"Point","coordinates":[-1.1313094,52.9715733]},"properties":{"name":"Priory Hospital Nottingham","layer":"hospitals","note":"The Priory Group","osm_id":"way/344157181","osm_url":"https://www.openstreetmap.org/way/344157181","source":"OpenStreetMap","brand":"The Priory Group"}},{"type":"Feature","geometry":{"type":"Point","coordinates":[-0.6152907,51.3147995]},"properties":{"name":"Cygnet Hospital","layer":"hospitals","note":"OpenStreetMap","osm_id":"way/34424413","osm_url":"https://www.openstreetmap.org/way/34424413","source":"OpenStreetMap"}},{"type":"Feature","geometry":{"type":"Point","coordinates":[-5.817609,54.8543825]},"properties":{"name":"Moyle Hospital","layer":"hospitals","note":"OpenStreetMap","osm_id":"way/344897466","osm_url":"https://www.openstreetmap.org/way/344897466","source":"OpenStreetMap"}},{"type":"Feature","geometry":{"type":"Point","coordinates":[-2.7496415,53.4846467]},"properties":{"name":"Fairfield Hospital","layer":"hospitals","note":"OpenStreetMap","osm_id":"way/34544916","osm_url":"https://www.openstreetmap.org/way/34544916","source":"OpenStreetMap"}},{"type":"Feature","geometry":{"type":"Point","coordinates":[-0.8068495,53.0680199]},"properties":{"name":"Newark Hospital","layer":"hospitals","note":"OpenStreetMap","osm_id":"way/346317732","osm_url":"https://www.openstreetmap.org/way/346317732","source":"OpenStreetMap"}},{"type":"Feature","geometry":{"type":"Point","coordinates":[-1.2595404,51.6041046]},"properties":{"name":"Didcot Hospital","layer":"hospitals","note":"OpenStreetMap","osm_id":"way/350405002","osm_url":"https://www.openstreetmap.org/way/350405002","source":"OpenStreetMap"}},{"type":"Feature","geometry":{"type":"Point","coordinates":[-2.61572,56.7760993]},"properties":{"name":"Stracathro Hospital","layer":"hospitals","note":"NHS Tayside","osm_id":"way/350683974","osm_url":"https://www.openstreetmap.org/way/350683974","source":"OpenStreetMap","brand":"NHS Tayside"}},{"type":"Feature","geometry":{"type":"Point","coordinates":[-2.0717942,51.893023]},"properties":{"name":"Cheltenham General Hospital","layer":"hospitals","note":"OpenStreetMap","osm_id":"way/35070756","osm_url":"https://www.openstreetmap.org/way/35070756","source":"OpenStreetMap"}},{"type":"Feature","geometry":{"type":"Point","coordinates":[-1.8404929,54.9495596]},"properties":{"name":"Ferndene - Children and Young Peoples Inpatient Service","layer":"hospitals","note":"NHS","osm_id":"way/350980969","osm_url":"https://www.openstreetmap.org/way/350980969","source":"OpenStreetMap","brand":"NHS"}},{"type":"Feature","geometry":{"type":"Point","coordinates":[-2.8991193,53.2100552]},"properties":{"name":"Countess of Chester Hospital","layer":"hospitals","note":"OpenStreetMap","osm_id":"way/351210610","osm_url":"https://www.openstreetmap.org/way/351210610","source":"OpenStreetMap"}},{"type":"Feature","geometry":{"type":"Point","coordinates":[1.227619,52.0476481]},"properties":{"name":"Nuffield Hospital Ipswich","layer":"hospitals","note":"OpenStreetMap","osm_id":"way/351433071","osm_url":"https://www.openstreetmap.org/way/351433071","source":"OpenStreetMap"}},{"type":"Feature","geometry":{"type":"Point","coordinates":[1.3559404,51.9637218]},"properties":{"name":"Felixstowe Community Hospital & Minor Injuries Unit","layer":"hospitals","note":"OpenStreetMap","osm_id":"way/351520622","osm_url":"https://www.openstreetmap.org/way/351520622","source":"OpenStreetMap"}},{"type":"Feature","geometry":{"type":"Point","coordinates":[0.0651667,50.8011701]},"properties":{"name":"Searchlight Care home (Fitzroy)","layer":"hospitals","note":"OpenStreetMap","osm_id":"way/351592887","osm_url":"https://www.openstreetmap.org/way/351592887","source":"OpenStreetMap"}},{"type":"Feature","geometry":{"type":"Point","coordinates":[-0.4852044,51.6071139]},"properties":{"name":"Harefield Hospital","layer":"hospitals","note":"Guy's and St Thomas' NHS Foundation Trust","osm_id":"way/352120259","osm_url":"https://www.openstreetmap.org/way/352120259","source":"OpenStreetMap","brand":"Guy's and St Thomas' NHS Foundation Trust"}},{"type":"Feature","geometry":{"type":"Point","coordinates":[0.3083364,51.1491403]},"properties":{"name":"Tunbridge Wells Hospital at Pembury","layer":"hospitals","note":"OpenStreetMap","osm_id":"way/35221820","osm_url":"https://www.openstreetmap.org/way/35221820","source":"OpenStreetMap"}},{"type":"Feature","geometry":{"type":"Point","coordinates":[-7.3860921,57.4731568]},"properties":{"name":"Ospadal Uibhist agus Bharraigh","layer":"hospitals","note":"Bòrd SSN nan Eilean Siar","osm_id":"way/352403371","osm_url":"https://www.openstreetmap.org/way/352403371","source":"OpenStreetMap","brand":"Bòrd SSN nan Eilean Siar"}},{"type":"Feature","geometry":{"type":"Point","coordinates":[-3.3191654,50.6315439]},"properties":{"name":"Seachange","layer":"hospitals","note":"Westbank","osm_id":"way/35338786","osm_url":"https://www.openstreetmap.org/way/35338786","source":"OpenStreetMap","brand":"Westbank"}},{"type":"Feature","geometry":{"type":"Point","coordinates":[-8.4824487,51.8989402]},"properties":{"name":"Mercy University Hospital","layer":"hospitals","note":"Health Service Executive","osm_id":"way/353427032","osm_url":"https://www.openstreetmap.org/way/353427032","source":"OpenStreetMap","brand":"Health Service Executive"}},{"type":"Feature","geometry":{"type":"Point","coordinates":[-8.6167955,52.6633523]},"properties":{"name":"St. John's Hospital Limerick","layer":"hospitals","note":"OpenStreetMap","osm_id":"way/353433454","osm_url":"https://www.openstreetmap.org/way/353433454","source":"OpenStreetMap"}},{"type":"Feature","geometry":{"type":"Point","coordinates":[-6.6609706,53.2113879]},"properties":{"name":"Naas General Hospital","layer":"hospitals","note":"Health Service Executive","osm_id":"way/353435239","osm_url":"https://www.openstreetmap.org/way/353435239","source":"OpenStreetMap","brand":"Health Service Executive"}},{"type":"Feature","geometry":{"type":"Point","coordinates":[-6.4818362,52.3431683]},"properties":{"name":"Wexford General Hospital","layer":"hospitals","note":"Health Service Executive","osm_id":"way/353438490","osm_url":"https://www.openstreetmap.org/way/353438490","source":"OpenStreetMap","brand":"Health Service Executive"}},{"type":"Feature","geometry":{"type":"Point","coordinates":[-8.9832841,52.85109]},"properties":{"name":"Ennis Hospital","layer":"hospitals","note":"OpenStreetMap","osm_id":"way/353440320","osm_url":"https://www.openstreetmap.org/way/353440320","source":"OpenStreetMap"}},{"type":"Feature","geometry":{"type":"Point","coordinates":[-7.7157174,52.355711]},"properties":{"name":"South Tipperary General Hospital","layer":"hospitals","note":"Health Service Executive","osm_id":"way/353442127","osm_url":"https://www.openstreetmap.org/way/353442127","source":"OpenStreetMap","brand":"Health Service Executive"}},{"type":"Feature","geometry":{"type":"Point","coordinates":[0.556316,51.286144]},"properties":{"name":"KIMS Hospital","layer":"hospitals","note":"KIMS","osm_id":"way/354260286","osm_url":"https://www.openstreetmap.org/way/354260286","source":"OpenStreetMap","brand":"KIMS"}},{"type":"Feature","geometry":{"type":"Point","coordinates":[-0.5850384,51.2356213]},"properties":{"name":"Farnham Road Hospital","layer":"hospitals","note":"OpenStreetMap","osm_id":"way/35545926","osm_url":"https://www.openstreetmap.org/way/35545926","source":"OpenStreetMap"}},{"type":"Feature","geometry":{"type":"Point","coordinates":[-3.0761044,53.3509894]},"properties":{"name":"Murrayfield Hospital","layer":"hospitals","note":"BUPA","osm_id":"way/356106702","osm_url":"https://www.openstreetmap.org/way/356106702","source":"OpenStreetMap","brand":"BUPA"}},{"type":"Feature","geometry":{"type":"Point","coordinates":[-2.2466377,50.6997746]},"properties":{"name":"Bovington Medical Centre","layer":"hospitals","note":"OpenStreetMap","osm_id":"way/357047442","osm_url":"https://www.openstreetmap.org/way/357047442","source":"OpenStreetMap"}},{"type":"Feature","geometry":{"type":"Point","coordinates":[-2.080273,52.5958754]},"properties":{"name":"The Gem Centre","layer":"hospitals","note":"OpenStreetMap","osm_id":"way/357163824","osm_url":"https://www.openstreetmap.org/way/357163824","source":"OpenStreetMap"}},{"type":"Feature","geometry":{"type":"Point","coordinates":[-2.7388958,52.2230756]},"properties":{"name":"Leominster Community Hospital","layer":"hospitals","note":"Wye Valley NHS Trust","osm_id":"way/357397490","osm_url":"https://www.openstreetmap.org/way/357397490","source":"OpenStreetMap","brand":"Wye Valley NHS Trust"}},{"type":"Feature","geometry":{"type":"Point","coordinates":[-0.7434821,52.0740452]},"properties":{"name":"Blakelands Hospital","layer":"hospitals","note":"Ramsay Health Care UK","osm_id":"way/357506726","osm_url":"https://www.openstreetmap.org/way/357506726","source":"OpenStreetMap","brand":"Ramsay Health Care UK"}},{"type":"Feature","geometry":{"type":"Point","coordinates":[-0.0316828,51.3826284]},"properties":{"name":"Bethlem Royal Hospital","layer":"hospitals","note":"OpenStreetMap","osm_id":"way/35776498","osm_url":"https://www.openstreetmap.org/way/35776498","source":"OpenStreetMap"}},{"type":"Feature","geometry":{"type":"Point","coordinates":[-0.2416041,51.4549711]},"properties":{"name":"Queen Mary's Hospital","layer":"hospitals","note":"OpenStreetMap","osm_id":"way/35781504","osm_url":"https://www.openstreetmap.org/way/35781504","source":"OpenStreetMap"}},{"type":"Feature","geometry":{"type":"Point","coordinates":[-1.5175793,53.3740185]},"properties":{"name":"Thornbury Hospital","layer":"hospitals","note":"OpenStreetMap","osm_id":"way/359374768","osm_url":"https://www.openstreetmap.org/way/359374768","source":"OpenStreetMap"}},{"type":"Feature","geometry":{"type":"Point","coordinates":[-3.9414597,55.7736502]},"properties":{"name":"University Hospital Wishaw","layer":"hospitals","note":"OpenStreetMap","osm_id":"way/360444607","osm_url":"https://www.openstreetmap.org/way/360444607","source":"OpenStreetMap"}},{"type":"Feature","geometry":{"type":"Point","coordinates":[-0.6171235,54.4837764]},"properties":{"name":"Whitby Hospital","layer":"hospitals","note":"OpenStreetMap","osm_id":"way/361178539","osm_url":"https://www.openstreetmap.org/way/361178539","source":"OpenStreetMap"}},{"type":"Feature","geometry":{"type":"Point","coordinates":[-2.7981764,50.8811208]},"properties":{"name":"Crewkerne Hospital","layer":"hospitals","note":"NHS","osm_id":"way/362222577","osm_url":"https://www.openstreetmap.org/way/362222577","source":"OpenStreetMap","brand":"NHS"}},{"type":"Feature","geometry":{"type":"Point","coordinates":[-7.3580495,54.0047226]},"properties":{"name":"Saint Felim's Hospital","layer":"hospitals","note":"OpenStreetMap","osm_id":"way/362291588","osm_url":"https://www.openstreetmap.org/way/362291588","source":"OpenStreetMap"}},{"type":"Feature","geometry":{"type":"Point","coordinates":[0.0321768,51.6243284]},"properties":{"name":"The Holly Private Hospital","layer":"hospitals","note":"OpenStreetMap","osm_id":"way/362325982","osm_url":"https://www.openstreetmap.org/way/362325982","source":"OpenStreetMap"}},{"type":"Feature","geometry":{"type":"Point","coordinates":[-2.0996892,50.8899098]},"properties":{"name":"Medical Centre","layer":"hospitals","note":"OpenStreetMap","osm_id":"way/362650521","osm_url":"https://www.openstreetmap.org/way/362650521","source":"OpenStreetMap"}},{"type":"Feature","geometry":{"type":"Point","coordinates":[-1.4684659,54.8368414]},"properties":{"name":"Brooke House","layer":"hospitals","note":"NHS","osm_id":"way/363840307","osm_url":"https://www.openstreetmap.org/way/363840307","source":"OpenStreetMap","brand":"NHS"}},{"type":"Feature","geometry":{"type":"Point","coordinates":[-1.4688416,54.8372827]},"properties":{"name":"Houghton Day Unit","layer":"hospitals","note":"NHS","osm_id":"way/363840347","osm_url":"https://www.openstreetmap.org/way/363840347","source":"OpenStreetMap","brand":"NHS"}},{"type":"Feature","geometry":{"type":"Point","coordinates":[-8.1910589,52.8581166]},"properties":{"name":"Nenagh General Hospital","layer":"hospitals","note":"Health Service Executive","osm_id":"way/36393501","osm_url":"https://www.openstreetmap.org/way/36393501","source":"OpenStreetMap","brand":"Health Service Executive"}},{"type":"Feature","geometry":{"type":"Point","coordinates":[-2.0188468,53.9554599]},"properties":{"name":"Skipton General Hospital","layer":"hospitals","note":"OpenStreetMap","osm_id":"way/364487772","osm_url":"https://www.openstreetmap.org/way/364487772","source":"OpenStreetMap"}},{"type":"Feature","geometry":{"type":"Point","coordinates":[-4.1607522,53.2087603]},"properties":{"name":"Ysbyty Gwynedd","layer":"hospitals","note":"NHS","osm_id":"way/364805892","osm_url":"https://www.openstreetmap.org/way/364805892","source":"OpenStreetMap","brand":"NHS"}},{"type":"Feature","geometry":{"type":"Point","coordinates":[-5.0935435,50.2681529]},"properties":{"name":"The Duchy Hospital","layer":"hospitals","note":"OpenStreetMap","osm_id":"way/365497904","osm_url":"https://www.openstreetmap.org/way/365497904","source":"OpenStreetMap"}},{"type":"Feature","geometry":{"type":"Point","coordinates":[-1.3504555,53.3451774]},"properties":{"name":"Beighton Community Hospital","layer":"hospitals","note":"OpenStreetMap","osm_id":"way/365672305","osm_url":"https://www.openstreetmap.org/way/365672305","source":"OpenStreetMap"}},{"type":"Feature","geometry":{"type":"Point","coordinates":[-2.6006594,51.4599267]},"properties":{"name":"South West Regional Laboratories","layer":"hospitals","note":"Public Health England","osm_id":"way/365866216","osm_url":"https://www.openstreetmap.org/way/365866216","source":"OpenStreetMap","brand":"Public Health England"}},{"type":"Feature","geometry":{"type":"Point","coordinates":[-6.3390073,54.4564919]},"properties":{"name":"Lurgan Hospital","layer":"hospitals","note":"OpenStreetMap","osm_id":"way/371178508","osm_url":"https://www.openstreetmap.org/way/371178508","source":"OpenStreetMap"}},{"type":"Feature","geometry":{"type":"Point","coordinates":[0.3658239,51.5098825]},"properties":{"name":"Orsett Hospital","layer":"hospitals","note":"NHS","osm_id":"way/371543320","osm_url":"https://www.openstreetmap.org/way/371543320","source":"OpenStreetMap","brand":"NHS"}},{"type":"Feature","geometry":{"type":"Point","coordinates":[-2.9960837,53.6472905]},"properties":{"name":"St Marks Medical Centre","layer":"hospitals","note":"OpenStreetMap","osm_id":"way/372023542","osm_url":"https://www.openstreetmap.org/way/372023542","source":"OpenStreetMap"}},{"type":"Feature","geometry":{"type":"Point","coordinates":[1.1159644,52.9147025]},"properties":{"name":"Kelling Hospital","layer":"hospitals","note":"OpenStreetMap","osm_id":"way/375687625","osm_url":"https://www.openstreetmap.org/way/375687625","source":"OpenStreetMap"}},{"type":"Feature","geometry":{"type":"Point","coordinates":[0.4892269,51.7431746]},"properties":{"name":"Priory Hospital Chelmsford","layer":"hospitals","note":"The Priory Group","osm_id":"way/375747251","osm_url":"https://www.openstreetmap.org/way/375747251","source":"OpenStreetMap","brand":"The Priory Group"}},{"type":"Feature","geometry":{"type":"Point","coordinates":[-1.6786898,54.6559287]},"properties":{"name":"Bishop Auckland General Hospital","layer":"hospitals","note":"OpenStreetMap","osm_id":"way/378153545","osm_url":"https://www.openstreetmap.org/way/378153545","source":"OpenStreetMap"}},{"type":"Feature","geometry":{"type":"Point","coordinates":[-1.6832678,54.6551777]},"properties":{"name":"Auckland Park Hospital","layer":"hospitals","note":"OpenStreetMap","osm_id":"way/379527119","osm_url":"https://www.openstreetmap.org/way/379527119","source":"OpenStreetMap"}},{"type":"Feature","geometry":{"type":"Point","coordinates":[-2.3915606,51.3918302]},"properties":{"name":"Royal United Hospital","layer":"hospitals","note":"OpenStreetMap","osm_id":"way/37989155","osm_url":"https://www.openstreetmap.org/way/37989155","source":"OpenStreetMap"}},{"type":"Feature","geometry":{"type":"Point","coordinates":[-1.3329887,53.4305155]},"properties":{"name":"Badsley Moor Lane NHS","layer":"hospitals","note":"OpenStreetMap","osm_id":"way/38028690","osm_url":"https://www.openstreetmap.org/way/38028690","source":"OpenStreetMap"}},{"type":"Feature","geometry":{"type":"Point","coordinates":[-1.9168329,54.5468329]},"properties":{"name":"Richardson Hospital","layer":"hospitals","note":"OpenStreetMap","osm_id":"way/380570328","osm_url":"https://www.openstreetmap.org/way/380570328","source":"OpenStreetMap"}},{"type":"Feature","geometry":{"type":"Point","coordinates":[-7.8884649,52.5140669]},"properties":{"name":"Hospital","layer":"hospitals","note":"Health Service Executive","osm_id":"way/381225757","osm_url":"https://www.openstreetmap.org/way/381225757","source":"OpenStreetMap","brand":"Health Service Executive"}},{"type":"Feature","geometry":{"type":"Point","coordinates":[0.255846,51.4355218]},"properties":{"name":"Childrens Resource Centre","layer":"hospitals","note":"OpenStreetMap","osm_id":"way/38166967","osm_url":"https://www.openstreetmap.org/way/38166967","source":"OpenStreetMap"}},{"type":"Feature","geometry":{"type":"Point","coordinates":[-0.3031771,51.3045578]},"properties":{"name":"Ashtead Hospital","layer":"hospitals","note":"Bupa","osm_id":"way/382250707","osm_url":"https://www.openstreetmap.org/way/382250707","source":"OpenStreetMap","brand":"Bupa"}},{"type":"Feature","geometry":{"type":"Point","coordinates":[-3.5135752,50.7172588]},"properties":{"name":"Mardon Neuro-Rehabilitation Centre","layer":"hospitals","note":"Royal Devon and Exeter NHS Foundation Trust","osm_id":"way/38292011","osm_url":"https://www.openstreetmap.org/way/38292011","source":"OpenStreetMap","brand":"Royal Devon and Exeter NHS Foundation Trust"}},{"type":"Feature","geometry":{"type":"Point","coordinates":[-3.5119479,50.7164476]},"properties":{"name":"Nuffield Hospital","layer":"hospitals","note":"Nuffield Health","osm_id":"way/38292012","osm_url":"https://www.openstreetmap.org/way/38292012","source":"OpenStreetMap","brand":"Nuffield Health"}},{"type":"Feature","geometry":{"type":"Point","coordinates":[-2.230319,53.4296179]},"properties":{"name":"The Christie","layer":"hospitals","note":"The Christie NHS Foundation Trust","osm_id":"way/383095578","osm_url":"https://www.openstreetmap.org/way/383095578","source":"OpenStreetMap","brand":"The Christie NHS Foundation Trust"}},{"type":"Feature","geometry":{"type":"Point","coordinates":[-3.2271827,50.9761173]},"properties":{"name":"Wellington Community Hospital","layer":"hospitals","note":"OpenStreetMap","osm_id":"way/384064769","osm_url":"https://www.openstreetmap.org/way/384064769","source":"OpenStreetMap"}},{"type":"Feature","geometry":{"type":"Point","coordinates":[-5.9781767,54.5688696]},"properties":{"name":"Musgrave Park Hospital","layer":"hospitals","note":"Belfast Health and Social Care Trust","osm_id":"way/384113385","osm_url":"https://www.openstreetmap.org/way/384113385","source":"OpenStreetMap","brand":"Belfast Health and Social Care Trust"}},{"type":"Feature","geometry":{"type":"Point","coordinates":[-3.1821703,56.2052251]},"properties":{"name":"Glenrothes Hospital","layer":"hospitals","note":"NHS Fife","osm_id":"way/384247373","osm_url":"https://www.openstreetmap.org/way/384247373","source":"OpenStreetMap","brand":"NHS Fife"}},{"type":"Feature","geometry":{"type":"Point","coordinates":[-4.1687115,50.3698925]},"properties":{"name":"Urgent Treatment Centre, Cumberland Centre","layer":"hospitals","note":"Livewell South West","osm_id":"way/384290896","osm_url":"https://www.openstreetmap.org/way/384290896","source":"OpenStreetMap","brand":"Livewell South West"}},{"type":"Feature","geometry":{"type":"Point","coordinates":[-1.5372523,54.5247157]},"properties":{"name":"Hundens Lane Day Hospital","layer":"hospitals","note":"OpenStreetMap","osm_id":"way/384967035","osm_url":"https://www.openstreetmap.org/way/384967035","source":"OpenStreetMap"}},{"type":"Feature","geometry":{"type":"Point","coordinates":[-3.5540363,50.4817898]},"properties":{"name":"Torbay Hospital","layer":"hospitals","note":"NHS","osm_id":"way/386272887","osm_url":"https://www.openstreetmap.org/way/386272887","source":"OpenStreetMap","brand":"NHS"}},{"type":"Feature","geometry":{"type":"Point","coordinates":[-6.3835508,58.2210716]},"properties":{"name":"Ospadal nan Eilean","layer":"hospitals","note":"Bòrd SSN nan Eilean Siar","osm_id":"way/386571435","osm_url":"https://www.openstreetmap.org/way/386571435","source":"OpenStreetMap","brand":"Bòrd SSN nan Eilean Siar"}},{"type":"Feature","geometry":{"type":"Point","coordinates":[-1.9495579,52.4911837]},"properties":{"name":"Midland Metropolitan University Hospital","layer":"hospitals","note":"OpenStreetMap","osm_id":"way/386726040","osm_url":"https://www.openstreetmap.org/way/386726040","source":"OpenStreetMap"}},{"type":"Feature","geometry":{"type":"Point","coordinates":[-2.0559671,52.343695]},"properties":{"name":"Princess of Wales Community Hospital","layer":"hospitals","note":"OpenStreetMap","osm_id":"way/38738557","osm_url":"https://www.openstreetmap.org/way/38738557","source":"OpenStreetMap"}},{"type":"Feature","geometry":{"type":"Point","coordinates":[-9.0545112,52.455637]},"properties":{"name":"Saint Ita's Community Hospital","layer":"hospitals","note":"OpenStreetMap","osm_id":"way/388764277","osm_url":"https://www.openstreetmap.org/way/388764277","source":"OpenStreetMap"}},{"type":"Feature","geometry":{"type":"Point","coordinates":[-4.1936057,57.4748296]},"properties":{"name":"Raigmore Hospital","layer":"hospitals","note":"NHS Highland","osm_id":"way/389036937","osm_url":"https://www.openstreetmap.org/way/389036937","source":"OpenStreetMap","brand":"NHS Highland"}},{"type":"Feature","geometry":{"type":"Point","coordinates":[-0.5183928,53.2334927]},"properties":{"name":"Lincoln County Hospital","layer":"hospitals","note":"United Linconshire Hospitals NHS Trust","osm_id":"way/38928754","osm_url":"https://www.openstreetmap.org/way/38928754","source":"OpenStreetMap","brand":"United Linconshire Hospitals NHS Trust"}},{"type":"Feature","geometry":{"type":"Point","coordinates":[-2.3713165,51.3578197]},"properties":{"name":"Saint Martin's Hospital","layer":"hospitals","note":"OpenStreetMap","osm_id":"way/38930872","osm_url":"https://www.openstreetmap.org/way/38930872","source":"OpenStreetMap"}},{"type":"Feature","geometry":{"type":"Point","coordinates":[-3.0536291,56.3037062]},"properties":{"name":"Stratheden Hospital","layer":"hospitals","note":"NHS Fife","osm_id":"way/389545669","osm_url":"https://www.openstreetmap.org/way/389545669","source":"OpenStreetMap","brand":"NHS Fife"}},{"type":"Feature","geometry":{"type":"Point","coordinates":[-2.2240912,53.4636863]},"properties":{"name":"Plymouth Grove Medical Centre","layer":"hospitals","note":"OpenStreetMap","osm_id":"way/389962668","osm_url":"https://www.openstreetmap.org/way/389962668","source":"OpenStreetMap"}},{"type":"Feature","geometry":{"type":"Point","coordinates":[-1.1480448,50.7934452]},"properties":{"name":"Gosport War Memorial Hospital","layer":"hospitals","note":"OpenStreetMap","osm_id":"way/390925372","osm_url":"https://www.openstreetmap.org/way/390925372","source":"OpenStreetMap"}},{"type":"Feature","geometry":{"type":"Point","coordinates":[-1.1475059,50.7930354]},"properties":{"name":"Gosport War Memorial Minor Injuries Unit","layer":"hospitals","note":"OpenStreetMap","osm_id":"way/390925373","osm_url":"https://www.openstreetmap.org/way/390925373","source":"OpenStreetMap"}},{"type":"Feature","geometry":{"type":"Point","coordinates":[-4.6044637,55.4926438]},"properties":{"name":"Biggart Hospital","layer":"hospitals","note":"OpenStreetMap","osm_id":"way/391676009","osm_url":"https://www.openstreetmap.org/way/391676009","source":"OpenStreetMap"}},{"type":"Feature","geometry":{"type":"Point","coordinates":[-7.1723069,52.2402271]},"properties":{"name":"UPMC Whitfield","layer":"hospitals","note":"OpenStreetMap","osm_id":"way/39236961","osm_url":"https://www.openstreetmap.org/way/39236961","source":"OpenStreetMap"}},{"type":"Feature","geometry":{"type":"Point","coordinates":[-2.2349928,53.3243773]},"properties":{"name":"The Wilmslow Hospital","layer":"hospitals","note":"OpenStreetMap","osm_id":"way/393298952","osm_url":"https://www.openstreetmap.org/way/393298952","source":"OpenStreetMap"}},{"type":"Feature","geometry":{"type":"Point","coordinates":[-1.5290877,54.8980378]},"properties":{"name":"Washington Primary Care Centre","layer":"hospitals","note":"OpenStreetMap","osm_id":"way/394378214","osm_url":"https://www.openstreetmap.org/way/394378214","source":"OpenStreetMap"}},{"type":"Feature","geometry":{"type":"Point","coordinates":[-6.2457854,53.3401458]},"properties":{"name":"The National Maternity Hospital","layer":"hospitals","note":"OpenStreetMap","osm_id":"way/394470425","osm_url":"https://www.openstreetmap.org/way/394470425","source":"OpenStreetMap"}},{"type":"Feature","geometry":{"type":"Point","coordinates":[-2.5128576,52.712424]},"properties":{"name":"Princess Royal Hospital","layer":"hospitals","note":"OpenStreetMap","osm_id":"way/39536871","osm_url":"https://www.openstreetmap.org/way/39536871","source":"OpenStreetMap"}},{"type":"Feature","geometry":{"type":"Point","coordinates":[-4.2744984,55.4507927]},"properties":{"name":"East Ayrshire Community Hospital","layer":"hospitals","note":"OpenStreetMap","osm_id":"way/396637233","osm_url":"https://www.openstreetmap.org/way/396637233","source":"OpenStreetMap"}},{"type":"Feature","geometry":{"type":"Point","coordinates":[-3.1579657,56.1245891]},"properties":{"name":"Victoria Hospital","layer":"hospitals","note":"NHS Fife","osm_id":"way/396768207","osm_url":"https://www.openstreetmap.org/way/396768207","source":"OpenStreetMap","brand":"NHS Fife"}},{"type":"Feature","geometry":{"type":"Point","coordinates":[-5.9394251,54.6087456]},"properties":{"name":"Mater Infirmorum Hospital","layer":"hospitals","note":"Belfast Health and Social Care Trust","osm_id":"way/397531416","osm_url":"https://www.openstreetmap.org/way/397531416","source":"OpenStreetMap","brand":"Belfast Health and Social Care Trust"}},{"type":"Feature","geometry":{"type":"Point","coordinates":[-2.4449558,50.5658325]},"properties":{"name":"Portland Hospital (Minor Injuries Unit)","layer":"hospitals","note":"OpenStreetMap","osm_id":"way/397966262","osm_url":"https://www.openstreetmap.org/way/397966262","source":"OpenStreetMap"}},{"type":"Feature","geometry":{"type":"Point","coordinates":[-0.8721461,52.2354094]},"properties":{"name":"St Andrews Hospital","layer":"hospitals","note":"OpenStreetMap","osm_id":"way/398052116","osm_url":"https://www.openstreetmap.org/way/398052116","source":"OpenStreetMap"}},{"type":"Feature","geometry":{"type":"Point","coordinates":[-0.8743376,52.2360615]},"properties":{"name":"Northampton Hip & Knee Clinic","layer":"hospitals","note":"Three Shires Hospital LLP","osm_id":"way/398074300","osm_url":"https://www.openstreetmap.org/way/398074300","source":"OpenStreetMap","brand":"Three Shires Hospital LLP"}},{"type":"Feature","geometry":{"type":"Point","coordinates":[0.4752018,50.8500377]},"properties":{"name":"Bexhill Hospital","layer":"hospitals","note":"NHS","osm_id":"way/398362699","osm_url":"https://www.openstreetmap.org/way/398362699","source":"OpenStreetMap","brand":"NHS"}},{"type":"Feature","geometry":{"type":"Point","coordinates":[-3.7101564,53.2881609]},"properties":{"name":"Colwyn Bay Community Hospital","layer":"hospitals","note":"NHS","osm_id":"way/398812894","osm_url":"https://www.openstreetmap.org/way/398812894","source":"OpenStreetMap","brand":"NHS"}},{"type":"Feature","geometry":{"type":"Point","coordinates":[-5.6036889,55.4211731]},"properties":{"name":"Campbeltown Hospital","layer":"hospitals","note":"OpenStreetMap","osm_id":"way/399059642","osm_url":"https://www.openstreetmap.org/way/399059642","source":"OpenStreetMap"}},{"type":"Feature","geometry":{"type":"Point","coordinates":[-7.3426991,52.9115426]},"properties":{"name":"Abbeyleix District Hospital","layer":"hospitals","note":"OpenStreetMap","osm_id":"way/39934298","osm_url":"https://www.openstreetmap.org/way/39934298","source":"OpenStreetMap"}},{"type":"Feature","geometry":{"type":"Point","coordinates":[-2.8052279,56.327619]},"properties":{"name":"St Andrews Community Hospital","layer":"hospitals","note":"NHS Fife","osm_id":"way/399666745","osm_url":"https://www.openstreetmap.org/way/399666745","source":"OpenStreetMap","brand":"NHS Fife"}},{"type":"Feature","geometry":{"type":"Point","coordinates":[-0.3440455,51.7553436]},"properties":{"name":"NHS Albany Lodge and St Albans Children Centre","layer":"hospitals","note":"NHS","osm_id":"way/3997242","osm_url":"https://www.openstreetmap.org/way/3997242","source":"OpenStreetMap","brand":"NHS"}},{"type":"Feature","geometry":{"type":"Point","coordinates":[-1.4677299,52.9137526]},"properties":{"name":"Florence Nightingale Community Hospital","layer":"hospitals","note":"OpenStreetMap","osm_id":"way/400669816","osm_url":"https://www.openstreetmap.org/way/400669816","source":"OpenStreetMap"}},{"type":"Feature","geometry":{"type":"Point","coordinates":[-2.5591995,52.6022031]},"properties":{"name":"Hospital","layer":"hospitals","note":"Much Wenlock Nursing Home Trust","osm_id":"way/401645219","osm_url":"https://www.openstreetmap.org/way/401645219","source":"OpenStreetMap","brand":"Much Wenlock Nursing Home Trust"}},{"type":"Feature","geometry":{"type":"Point","coordinates":[-0.0902151,51.5272709]},"properties":{"name":"Moorfields Eye Hospital (City Road campus)","layer":"hospitals","note":"OpenStreetMap","osm_id":"way/402012627","osm_url":"https://www.openstreetmap.org/way/402012627","source":"OpenStreetMap"}},{"type":"Feature","geometry":{"type":"Point","coordinates":[-3.721818,53.2900808]},"properties":{"name":"Nant-y-Glyn Health Resource Centre","layer":"hospitals","note":"OpenStreetMap","osm_id":"way/403491219","osm_url":"https://www.openstreetmap.org/way/403491219","source":"OpenStreetMap"}},{"type":"Feature","geometry":{"type":"Point","coordinates":[-2.2672556,53.2867031]},"properties":{"name":"Soss Moss Hospital","layer":"hospitals","note":"OpenStreetMap","osm_id":"way/403687062","osm_url":"https://www.openstreetmap.org/way/403687062","source":"OpenStreetMap"}},{"type":"Feature","geometry":{"type":"Point","coordinates":[-2.5896006,52.3152968]},"properties":{"name":"Tenbury Community Hospital","layer":"hospitals","note":"OpenStreetMap","osm_id":"way/404052843","osm_url":"https://www.openstreetmap.org/way/404052843","source":"OpenStreetMap"}},{"type":"Feature","geometry":{"type":"Point","coordinates":[0.1384769,52.173692]},"properties":{"name":"Cambridge Biomedical Campus","layer":"hospitals","note":"Cambridge University Hospitals NHS Foundation Trust","osm_id":"way/4040865","osm_url":"https://www.openstreetmap.org/way/4040865","source":"OpenStreetMap","brand":"Cambridge University Hospitals NHS Foundation Trust"}},{"type":"Feature","geometry":{"type":"Point","coordinates":[-5.9060059,54.5394881]},"properties":{"name":"Knockbracken Healthcare Park","layer":"hospitals","note":"Belfast Health and Social Care Trust","osm_id":"way/404087257","osm_url":"https://www.openstreetmap.org/way/404087257","source":"OpenStreetMap","brand":"Belfast Health and Social Care Trust"}},{"type":"Feature","geometry":{"type":"Point","coordinates":[-3.589031,55.051495]},"properties":{"name":"Midpark Hospital","layer":"hospitals","note":"NHS Dumfries and Galloway","osm_id":"way/404594322","osm_url":"https://www.openstreetmap.org/way/404594322","source":"OpenStreetMap","brand":"NHS Dumfries and Galloway"}},{"type":"Feature","geometry":{"type":"Point","coordinates":[-2.8981319,51.7908302]},"properties":{"name":"Llanarth Court","layer":"hospitals","note":"Priory Group","osm_id":"way/405436228","osm_url":"https://www.openstreetmap.org/way/405436228","source":"OpenStreetMap","brand":"Priory Group"}},{"type":"Feature","geometry":{"type":"Point","coordinates":[-3.0043072,51.6181978]},"properties":{"name":"St. Joseph's Hospital","layer":"hospitals","note":"OpenStreetMap","osm_id":"way/40545311","osm_url":"https://www.openstreetmap.org/way/40545311","source":"OpenStreetMap"}},{"type":"Feature","geometry":{"type":"Point","coordinates":[-2.9658085,51.6135052]},"properties":{"name":"St. Cadoc's Hospital","layer":"hospitals","note":"Aneurin Bevan University Health Board","osm_id":"way/40608443","osm_url":"https://www.openstreetmap.org/way/40608443","source":"OpenStreetMap","brand":"Aneurin Bevan University Health Board"}},{"type":"Feature","geometry":{"type":"Point","coordinates":[-2.997919,51.5801918]},"properties":{"name":"Royal Gwent Hospital","layer":"hospitals","note":"Aneurin Bevan University Health Board","osm_id":"way/40608609","osm_url":"https://www.openstreetmap.org/way/40608609","source":"OpenStreetMap","brand":"Aneurin Bevan University Health Board"}},{"type":"Feature","geometry":{"type":"Point","coordinates":[-3.003001,51.5816382]},"properties":{"name":"St Woolos Hospital","layer":"hospitals","note":"Aneurin Bevin Health Board","osm_id":"way/40608970","osm_url":"https://www.openstreetmap.org/way/40608970","source":"OpenStreetMap","brand":"Aneurin Bevin Health Board"}},{"type":"Feature","geometry":{"type":"Point","coordinates":[0.1643126,52.6653342]},"properties":{"name":"North Cambridgeshire Hospital","layer":"hospitals","note":"OpenStreetMap","osm_id":"way/406507744","osm_url":"https://www.openstreetmap.org/way/406507744","source":"OpenStreetMap"}},{"type":"Feature","geometry":{"type":"Point","coordinates":[-3.2024259,55.9275212]},"properties":{"name":"Woodburn House NHS","layer":"hospitals","note":"OpenStreetMap","osm_id":"way/40733886","osm_url":"https://www.openstreetmap.org/way/40733886","source":"OpenStreetMap"}},{"type":"Feature","geometry":{"type":"Point","coordinates":[-2.871462,56.6511591]},"properties":{"name":"Whitehills Health & Community Care Centre","layer":"hospitals","note":"OpenStreetMap","osm_id":"way/407816999","osm_url":"https://www.openstreetmap.org/way/407816999","source":"OpenStreetMap"}},{"type":"Feature","geometry":{"type":"Point","coordinates":[-2.5973662,56.5546734]},"properties":{"name":"Arbroath Infirmary","layer":"hospitals","note":"OpenStreetMap","osm_id":"way/408342848","osm_url":"https://www.openstreetmap.org/way/408342848","source":"OpenStreetMap"}},{"type":"Feature","geometry":{"type":"Point","coordinates":[-1.7135611,52.1953445]},"properties":{"name":"Stratford upon Avon Hospital","layer":"hospitals","note":"OpenStreetMap","osm_id":"way/408452019","osm_url":"https://www.openstreetmap.org/way/408452019","source":"OpenStreetMap"}},{"type":"Feature","geometry":{"type":"Point","coordinates":[-0.5568578,53.2441318]},"properties":{"name":"St Georges Hospital","layer":"hospitals","note":"OpenStreetMap","osm_id":"way/40860991","osm_url":"https://www.openstreetmap.org/way/40860991","source":"OpenStreetMap"}},{"type":"Feature","geometry":{"type":"Point","coordinates":[-3.3041536,52.9846029]},"properties":{"name":"St Davids Independant Hospital","layer":"hospitals","note":"MHC","osm_id":"way/408710986","osm_url":"https://www.openstreetmap.org/way/408710986","source":"OpenStreetMap","brand":"MHC"}},{"type":"Feature","geometry":{"type":"Point","coordinates":[-3.0262731,53.3798908]},"properties":{"name":"St Catherines","layer":"hospitals","note":"OpenStreetMap","osm_id":"way/40871525","osm_url":"https://www.openstreetmap.org/way/40871525","source":"OpenStreetMap"}},{"type":"Feature","geometry":{"type":"Point","coordinates":[-0.5642432,51.2356437]},"properties":{"name":"Mount Alvernia Hospital","layer":"hospitals","note":"OpenStreetMap","osm_id":"way/409451652","osm_url":"https://www.openstreetmap.org/way/409451652","source":"OpenStreetMap"}},{"type":"Feature","geometry":{"type":"Point","coordinates":[-2.2642607,53.4063183]},"properties":{"name":"Northenden Group Practice","layer":"hospitals","note":"OpenStreetMap","osm_id":"way/410758235","osm_url":"https://www.openstreetmap.org/way/410758235","source":"OpenStreetMap"}},{"type":"Feature","geometry":{"type":"Point","coordinates":[-1.398643,50.9858419]},"properties":{"name":"Hospital","layer":"hospitals","note":"OpenStreetMap","osm_id":"way/410832153","osm_url":"https://www.openstreetmap.org/way/410832153","source":"OpenStreetMap"}},{"type":"Feature","geometry":{"type":"Point","coordinates":[-1.2492303,54.5545334]},"properties":{"name":"Carter Bequest Hospital, Middlesbrough","layer":"hospitals","note":"OpenStreetMap","osm_id":"way/411319782","osm_url":"https://www.openstreetmap.org/way/411319782","source":"OpenStreetMap"}},{"type":"Feature","geometry":{"type":"Point","coordinates":[-7.352134,53.5360245]},"properties":{"name":"Cluain Lir Care Centre","layer":"hospitals","note":"Health Service Executive","osm_id":"way/411854191","osm_url":"https://www.openstreetmap.org/way/411854191","source":"OpenStreetMap","brand":"Health Service Executive"}},{"type":"Feature","geometry":{"type":"Point","coordinates":[-3.4015855,50.6208786]},"properties":{"name":"Exmouth Hospital","layer":"hospitals","note":"OpenStreetMap","osm_id":"way/412406253","osm_url":"https://www.openstreetmap.org/way/412406253","source":"OpenStreetMap"}},{"type":"Feature","geometry":{"type":"Point","coordinates":[-2.4627303,53.7359638]},"properties":{"name":"Royal Blackburn Teaching Hospital","layer":"hospitals","note":"OpenStreetMap","osm_id":"way/412729513","osm_url":"https://www.openstreetmap.org/way/412729513","source":"OpenStreetMap"}},{"type":"Feature","geometry":{"type":"Point","coordinates":[0.002042,51.5775152]},"properties":{"name":"Whipps Cross University Hospital","layer":"hospitals","note":"OpenStreetMap","osm_id":"way/41378470","osm_url":"https://www.openstreetmap.org/way/41378470","source":"OpenStreetMap"}},{"type":"Feature","geometry":{"type":"Point","coordinates":[-0.0860403,51.5061317]},"properties":{"name":"London Bridge Hospital","layer":"hospitals","note":"OpenStreetMap","osm_id":"way/413948227","osm_url":"https://www.openstreetmap.org/way/413948227","source":"OpenStreetMap"}},{"type":"Feature","geometry":{"type":"Point","coordinates":[-1.5365102,51.9447793]},"properties":{"name":"Chipping Norton War Memorial Community Hospital","layer":"hospitals","note":"Oxford Health NHS Trust","osm_id":"way/415081498","osm_url":"https://www.openstreetmap.org/way/415081498","source":"OpenStreetMap","brand":"Oxford Health NHS Trust"}},{"type":"Feature","geometry":{"type":"Point","coordinates":[-2.6112105,51.504759]},"properties":{"name":"Saint Peter's Hospice","layer":"hospitals","note":"OpenStreetMap","osm_id":"way/415590597","osm_url":"https://www.openstreetmap.org/way/415590597","source":"OpenStreetMap"}},{"type":"Feature","geometry":{"type":"Point","coordinates":[-3.2347813,55.9623853]},"properties":{"name":"Western General Hospital (Edinburgh)","layer":"hospitals","note":"OpenStreetMap","osm_id":"way/41676121","osm_url":"https://www.openstreetmap.org/way/41676121","source":"OpenStreetMap"}},{"type":"Feature","geometry":{"type":"Point","coordinates":[-3.3926649,50.8643744]},"properties":{"name":"Culm Valley Integrated Centre for Health","layer":"hospitals","note":"OpenStreetMap","osm_id":"way/41719139","osm_url":"https://www.openstreetmap.org/way/41719139","source":"OpenStreetMap"}},{"type":"Feature","geometry":{"type":"Point","coordinates":[-2.9785671,53.6335846]},"properties":{"name":"Southport and Formby District General Hospital","layer":"hospitals","note":"OpenStreetMap","osm_id":"way/41756730","osm_url":"https://www.openstreetmap.org/way/41756730","source":"OpenStreetMap"}},{"type":"Feature","geometry":{"type":"Point","coordinates":[-1.9140293,52.4500889]},"properties":{"name":"Birmingham Dental Hospital","layer":"hospitals","note":"OpenStreetMap","osm_id":"way/419461194","osm_url":"https://www.openstreetmap.org/way/419461194","source":"OpenStreetMap"}},{"type":"Feature","geometry":{"type":"Point","coordinates":[-3.6876171,55.8765747]},"properties":{"name":"Tippethill Hospital","layer":"hospitals","note":"OpenStreetMap","osm_id":"way/419545602","osm_url":"https://www.openstreetmap.org/way/419545602","source":"OpenStreetMap"}},{"type":"Feature","geometry":{"type":"Point","coordinates":[1.2690598,52.620385]},"properties":{"name":"Colman Hospital","layer":"hospitals","note":"OpenStreetMap","osm_id":"way/419895959","osm_url":"https://www.openstreetmap.org/way/419895959","source":"OpenStreetMap"}},{"type":"Feature","geometry":{"type":"Point","coordinates":[-0.1404316,51.5234772]},"properties":{"name":"Fitzrovia Hospital","layer":"hospitals","note":"OpenStreetMap","osm_id":"way/420411264","osm_url":"https://www.openstreetmap.org/way/420411264","source":"OpenStreetMap"}},{"type":"Feature","geometry":{"type":"Point","coordinates":[-0.0883215,51.5802183]},"properties":{"name":"St Ann's Hospital","layer":"hospitals","note":"OpenStreetMap","osm_id":"way/4211785","osm_url":"https://www.openstreetmap.org/way/4211785","source":"OpenStreetMap"}},{"type":"Feature","geometry":{"type":"Point","coordinates":[-6.7447244,54.1201856]},"properties":{"name":"St. Mary's Hospital - Castleblayney","layer":"hospitals","note":"OpenStreetMap","osm_id":"way/421546414","osm_url":"https://www.openstreetmap.org/way/421546414","source":"OpenStreetMap"}},{"type":"Feature","geometry":{"type":"Point","coordinates":[-1.2277927,54.7023471]},"properties":{"name":"University Hospital of Hartlepool","layer":"hospitals","note":"North Tees and Hartlepool Hospitals NHS Foundation Trust","osm_id":"way/42348205","osm_url":"https://www.openstreetmap.org/way/42348205","source":"OpenStreetMap","brand":"North Tees and Hartlepool Hospitals NHS Foundation Trust"}},{"type":"Feature","geometry":{"type":"Point","coordinates":[-6.3271098,53.3939004]},"properties":{"name":"Cappagh National Orthopaedic Hospital","layer":"hospitals","note":"OpenStreetMap","osm_id":"way/42352117","osm_url":"https://www.openstreetmap.org/way/42352117","source":"OpenStreetMap"}},{"type":"Feature","geometry":{"type":"Point","coordinates":[-3.2469035,54.9885217]},"properties":{"name":"Annan Hospital","layer":"hospitals","note":"NHS Dumfries and Galloway","osm_id":"way/423707617","osm_url":"https://www.openstreetmap.org/way/423707617","source":"OpenStreetMap","brand":"NHS Dumfries and Galloway"}},{"type":"Feature","geometry":{"type":"Point","coordinates":[-4.7152964,56.0024664]},"properties":{"name":"Victoria Infirmary","layer":"hospitals","note":"OpenStreetMap","osm_id":"way/424600889","osm_url":"https://www.openstreetmap.org/way/424600889","source":"OpenStreetMap"}},{"type":"Feature","geometry":{"type":"Point","coordinates":[-0.0735435,51.613284]},"properties":{"name":"North Middlesex University Hospital","layer":"hospitals","note":"OpenStreetMap","osm_id":"way/4271138","osm_url":"https://www.openstreetmap.org/way/4271138","source":"OpenStreetMap"}},{"type":"Feature","geometry":{"type":"Point","coordinates":[-0.1832702,51.1673067]},"properties":{"name":"Spire Gatwick Park Hospital (Private)","layer":"hospitals","note":"OpenStreetMap","osm_id":"way/427242781","osm_url":"https://www.openstreetmap.org/way/427242781","source":"OpenStreetMap"}},{"type":"Feature","geometry":{"type":"Point","coordinates":[-2.8956184,53.3547842]},"properties":{"name":"South Liverpool NHS Treatment Centre","layer":"hospitals","note":"OpenStreetMap","osm_id":"way/4276331","osm_url":"https://www.openstreetmap.org/way/4276331","source":"OpenStreetMap"}},{"type":"Feature","geometry":{"type":"Point","coordinates":[-0.1774208,51.6871719]},"properties":{"name":"Potters Bar Community Hospital","layer":"hospitals","note":"OpenStreetMap","osm_id":"way/42792695","osm_url":"https://www.openstreetmap.org/way/42792695","source":"OpenStreetMap"}},{"type":"Feature","geometry":{"type":"Point","coordinates":[-6.0448879,54.505106]},"properties":{"name":"Lagan Valley Hospital","layer":"hospitals","note":"South Eastern Health and Social Care Trust","osm_id":"way/428428719","osm_url":"https://www.openstreetmap.org/way/428428719","source":"OpenStreetMap","brand":"South Eastern Health and Social Care Trust"}},{"type":"Feature","geometry":{"type":"Point","coordinates":[-2.4794377,53.7338204]},"properties":{"name":"Hospital","layer":"hospitals","note":"OpenStreetMap","osm_id":"way/429677473","osm_url":"https://www.openstreetmap.org/way/429677473","source":"OpenStreetMap"}},{"type":"Feature","geometry":{"type":"Point","coordinates":[-1.1414044,52.9901921]},"properties":{"name":"Hopewood","layer":"hospitals","note":"NHS","osm_id":"way/430653948","osm_url":"https://www.openstreetmap.org/way/430653948","source":"OpenStreetMap","brand":"NHS"}},{"type":"Feature","geometry":{"type":"Point","coordinates":[-1.1391289,52.9904817]},"properties":{"name":"Nottingham Woodthorpe Hospital","layer":"hospitals","note":"Ramsay Health Care","osm_id":"way/430661762","osm_url":"https://www.openstreetmap.org/way/430661762","source":"OpenStreetMap","brand":"Ramsay Health Care"}},{"type":"Feature","geometry":{"type":"Point","coordinates":[-6.2764835,53.3525263]},"properties":{"name":"Hospital","layer":"hospitals","note":"OpenStreetMap","osm_id":"way/43249662","osm_url":"https://www.openstreetmap.org/way/43249662","source":"OpenStreetMap"}},{"type":"Feature","geometry":{"type":"Point","coordinates":[-2.718313,56.0555526]},"properties":{"name":"Edington Cottage Hospital","layer":"hospitals","note":"OpenStreetMap","osm_id":"way/432562883","osm_url":"https://www.openstreetmap.org/way/432562883","source":"OpenStreetMap"}},{"type":"Feature","geometry":{"type":"Point","coordinates":[-0.468002,52.6558081]},"properties":{"name":"Stamford & Rutland Hospital","layer":"hospitals","note":"OpenStreetMap","osm_id":"way/432710034","osm_url":"https://www.openstreetmap.org/way/432710034","source":"OpenStreetMap"}},{"type":"Feature","geometry":{"type":"Point","coordinates":[-0.1313957,51.5362791]},"properties":{"name":"St. Pancras Hospital","layer":"hospitals","note":"OpenStreetMap","osm_id":"way/43290805","osm_url":"https://www.openstreetmap.org/way/43290805","source":"OpenStreetMap"}},{"type":"Feature","geometry":{"type":"Point","coordinates":[-1.3474464,54.582608]},"properties":{"name":"North Tees Hospital","layer":"hospitals","note":"North Tees and Hartlepool NHS foundation trust","osm_id":"way/43472275","osm_url":"https://www.openstreetmap.org/way/43472275","source":"OpenStreetMap","brand":"North Tees and Hartlepool NHS foundation trust"}},{"type":"Feature","geometry":{"type":"Point","coordinates":[-0.045508,51.550645]},"properties":{"name":"Homerton University Hospital","layer":"hospitals","note":"OpenStreetMap","osm_id":"way/43514739","osm_url":"https://www.openstreetmap.org/way/43514739","source":"OpenStreetMap"}},{"type":"Feature","geometry":{"type":"Point","coordinates":[-0.1631461,51.3975104]},"properties":{"name":"The Wilson Hospital","layer":"hospitals","note":"NHS","osm_id":"way/4356408","osm_url":"https://www.openstreetmap.org/way/4356408","source":"OpenStreetMap","brand":"NHS"}},{"type":"Feature","geometry":{"type":"Point","coordinates":[-8.1006896,55.1376544]},"properties":{"name":"Falcarragh Medical Centre","layer":"hospitals","note":"OpenStreetMap","osm_id":"way/435672545","osm_url":"https://www.openstreetmap.org/way/435672545","source":"OpenStreetMap"}},{"type":"Feature","geometry":{"type":"Point","coordinates":[-5.9550032,54.5925259]},"properties":{"name":"The Royal Hospitals","layer":"hospitals","note":"Belfast Health and Social Care Trust","osm_id":"way/435769621","osm_url":"https://www.openstreetmap.org/way/435769621","source":"OpenStreetMap","brand":"Belfast Health and Social Care Trust"}},{"type":"Feature","geometry":{"type":"Point","coordinates":[-0.235288,51.5173881]},"properties":{"name":"Hammersmith Hospital","layer":"hospitals","note":"OpenStreetMap","osm_id":"way/4363883","osm_url":"https://www.openstreetmap.org/way/4363883","source":"OpenStreetMap"}},{"type":"Feature","geometry":{"type":"Point","coordinates":[-6.2674225,53.3757543]},"properties":{"name":"Bon Secours Hospital","layer":"hospitals","note":"Bon Secours Health System","osm_id":"way/43675789","osm_url":"https://www.openstreetmap.org/way/43675789","source":"OpenStreetMap","brand":"Bon Secours Health System"}},{"type":"Feature","geometry":{"type":"Point","coordinates":[-1.4844247,54.9676718]},"properties":{"name":"Primrose Hill Community Hospital","layer":"hospitals","note":"OpenStreetMap","osm_id":"way/437431993","osm_url":"https://www.openstreetmap.org/way/437431993","source":"OpenStreetMap"}},{"type":"Feature","geometry":{"type":"Point","coordinates":[-0.2145599,51.6509125]},"properties":{"name":"Barnet Hospital","layer":"hospitals","note":"OpenStreetMap","osm_id":"way/4379364","osm_url":"https://www.openstreetmap.org/way/4379364","source":"OpenStreetMap"}},{"type":"Feature","geometry":{"type":"Point","coordinates":[-6.6508943,55.1244292]},"properties":{"name":"Causeway Hospital","layer":"hospitals","note":"Northern Health and Social Care Trust","osm_id":"way/439605802","osm_url":"https://www.openstreetmap.org/way/439605802","source":"OpenStreetMap","brand":"Northern Health and Social Care Trust"}},{"type":"Feature","geometry":{"type":"Point","coordinates":[-2.4248629,52.0359987]},"properties":{"name":"Ledbury Community Health and Care Centre","layer":"hospitals","note":"OpenStreetMap","osm_id":"way/440195086","osm_url":"https://www.openstreetmap.org/way/440195086","source":"OpenStreetMap"}},{"type":"Feature","geometry":{"type":"Point","coordinates":[-0.1364433,51.5248695]},"properties":{"name":"University College Hospital","layer":"hospitals","note":"National Health Service (NHS)","osm_id":"way/440410278","osm_url":"https://www.openstreetmap.org/way/440410278","source":"OpenStreetMap","brand":"National Health Service (NHS)"}},{"type":"Feature","geometry":{"type":"Point","coordinates":[0.2047932,52.1861266]},"properties":{"name":"Ida Darwin Hospital","layer":"hospitals","note":"OpenStreetMap","osm_id":"way/440479252","osm_url":"https://www.openstreetmap.org/way/440479252","source":"OpenStreetMap"}},{"type":"Feature","geometry":{"type":"Point","coordinates":[-1.6156849,54.9449581]},"properties":{"name":"Bensham Hospital","layer":"hospitals","note":"OpenStreetMap","osm_id":"way/442173589","osm_url":"https://www.openstreetmap.org/way/442173589","source":"OpenStreetMap"}},{"type":"Feature","geometry":{"type":"Point","coordinates":[-2.4222788,52.5379529]},"properties":{"name":"Bridgnorth Hospital","layer":"hospitals","note":"OpenStreetMap","osm_id":"way/443072433","osm_url":"https://www.openstreetmap.org/way/443072433","source":"OpenStreetMap"}},{"type":"Feature","geometry":{"type":"Point","coordinates":[-1.6591853,54.9464737]},"properties":{"name":"Dunston Hill Hospital","layer":"hospitals","note":"OpenStreetMap","osm_id":"way/443396067","osm_url":"https://www.openstreetmap.org/way/443396067","source":"OpenStreetMap"}},{"type":"Feature","geometry":{"type":"Point","coordinates":[-0.1505415,51.5202358]},"properties":{"name":"Weymouth Street Hospital","layer":"hospitals","note":"Phoenix Hospital Group","osm_id":"way/444440630","osm_url":"https://www.openstreetmap.org/way/444440630","source":"OpenStreetMap","brand":"Phoenix Hospital Group"}},{"type":"Feature","geometry":{"type":"Point","coordinates":[-9.3040352,53.8507613]},"properties":{"name":"Mayo University Hospital","layer":"hospitals","note":"Health Service Executive","osm_id":"way/444951067","osm_url":"https://www.openstreetmap.org/way/444951067","source":"OpenStreetMap","brand":"Health Service Executive"}},{"type":"Feature","geometry":{"type":"Point","coordinates":[0.6904153,52.6508802]},"properties":{"name":"Swaffham Community Hospital","layer":"hospitals","note":"OpenStreetMap","osm_id":"way/446262422","osm_url":"https://www.openstreetmap.org/way/446262422","source":"OpenStreetMap"}},{"type":"Feature","geometry":{"type":"Point","coordinates":[-1.6052044,54.9869714]},"properties":{"name":"Nuffield Health Newcastle Hospital","layer":"hospitals","note":"Nuffield Health","osm_id":"way/447544587","osm_url":"https://www.openstreetmap.org/way/447544587","source":"OpenStreetMap","brand":"Nuffield Health"}},{"type":"Feature","geometry":{"type":"Point","coordinates":[-6.5976935,53.1527301]},"properties":{"name":"Barretstown Gang Camp","layer":"hospitals","note":"The Barretstown Camp Fund Ltd.","osm_id":"way/447939545","osm_url":"https://www.openstreetmap.org/way/447939545","source":"OpenStreetMap","brand":"The Barretstown Camp Fund Ltd."}},{"type":"Feature","geometry":{"type":"Point","coordinates":[-1.9388585,52.4361699]},"properties":{"name":"Hospital","layer":"hospitals","note":"OpenStreetMap","osm_id":"way/448158060","osm_url":"https://www.openstreetmap.org/way/448158060","source":"OpenStreetMap"}},{"type":"Feature","geometry":{"type":"Point","coordinates":[0.0988176,51.5387903]},"properties":{"name":"Barking Community Hospital","layer":"hospitals","note":"OpenStreetMap","osm_id":"way/448178927","osm_url":"https://www.openstreetmap.org/way/448178927","source":"OpenStreetMap"}},{"type":"Feature","geometry":{"type":"Point","coordinates":[-1.9373539,52.4360968]},"properties":{"name":"Hospital","layer":"hospitals","note":"OpenStreetMap","osm_id":"way/448783922","osm_url":"https://www.openstreetmap.org/way/448783922","source":"OpenStreetMap"}},{"type":"Feature","geometry":{"type":"Point","coordinates":[-1.9379631,52.4361724]},"properties":{"name":"The Oaklands Centre","layer":"hospitals","note":"OpenStreetMap","osm_id":"way/448783927","osm_url":"https://www.openstreetmap.org/way/448783927","source":"OpenStreetMap"}},{"type":"Feature","geometry":{"type":"Point","coordinates":[-9.2990856,53.8629792]},"properties":{"name":"Sacred Heart Hospital","layer":"hospitals","note":"OpenStreetMap","osm_id":"way/449243073","osm_url":"https://www.openstreetmap.org/way/449243073","source":"OpenStreetMap"}},{"type":"Feature","geometry":{"type":"Point","coordinates":[-1.5751617,55.1549913]},"properties":{"name":"The Rutherford Cancer Centre North East","layer":"hospitals","note":"Proton Partners International Limited","osm_id":"way/449958977","osm_url":"https://www.openstreetmap.org/way/449958977","source":"OpenStreetMap","brand":"Proton Partners International Limited"}},{"type":"Feature","geometry":{"type":"Point","coordinates":[-2.635891,53.6657625]},"properties":{"name":"Chorley & South Ribble District General Hospital","layer":"hospitals","note":"OpenStreetMap","osm_id":"way/45019491","osm_url":"https://www.openstreetmap.org/way/45019491","source":"OpenStreetMap"}},{"type":"Feature","geometry":{"type":"Point","coordinates":[-0.1752072,51.4264422]},"properties":{"name":"St George's Hospital","layer":"hospitals","note":"St George's University Hospitals NHS Foundation Trust","osm_id":"way/4536914","osm_url":"https://www.openstreetmap.org/way/4536914","source":"OpenStreetMap","brand":"St George's University Hospitals NHS Foundation Trust"}},{"type":"Feature","geometry":{"type":"Point","coordinates":[-0.1742846,51.5174818]},"properties":{"name":"St Mary's Hospital","layer":"hospitals","note":"OpenStreetMap","osm_id":"way/45388015","osm_url":"https://www.openstreetmap.org/way/45388015","source":"OpenStreetMap"}},{"type":"Feature","geometry":{"type":"Point","coordinates":[-2.3324634,51.3641627]},"properties":{"name":"BMI Bath Clinic","layer":"hospitals","note":"BMI","osm_id":"way/45417720","osm_url":"https://www.openstreetmap.org/way/45417720","source":"OpenStreetMap","brand":"BMI"}},{"type":"Feature","geometry":{"type":"Point","coordinates":[-2.109532,52.8103578]},"properties":{"name":"St George's Hospital","layer":"hospitals","note":"OpenStreetMap","osm_id":"way/45508198","osm_url":"https://www.openstreetmap.org/way/45508198","source":"OpenStreetMap"}},{"type":"Feature","geometry":{"type":"Point","coordinates":[-2.9899857,53.8006218]},"properties":{"name":"The Harbour","layer":"hospitals","note":"OpenStreetMap","osm_id":"way/456641808","osm_url":"https://www.openstreetmap.org/way/456641808","source":"OpenStreetMap"}},{"type":"Feature","geometry":{"type":"Point","coordinates":[-6.6424642,54.3507259]},"properties":{"name":"Armagh Community Hospital","layer":"hospitals","note":"OpenStreetMap","osm_id":"way/456788991","osm_url":"https://www.openstreetmap.org/way/456788991","source":"OpenStreetMap"}},{"type":"Feature","geometry":{"type":"Point","coordinates":[-8.6527446,52.6342771]},"properties":{"name":"University Hospital Limerick","layer":"hospitals","note":"Health Service Executive","osm_id":"way/45766917","osm_url":"https://www.openstreetmap.org/way/45766917","source":"OpenStreetMap","brand":"Health Service Executive"}},{"type":"Feature","geometry":{"type":"Point","coordinates":[-6.6530973,54.3619936]},"properties":{"name":"St Lukes Hospital","layer":"hospitals","note":"OpenStreetMap","osm_id":"way/457880130","osm_url":"https://www.openstreetmap.org/way/457880130","source":"OpenStreetMap"}},{"type":"Feature","geometry":{"type":"Point","coordinates":[-2.6158044,51.4539532]},"properties":{"name":"The Chesterfield","layer":"hospitals","note":"Nuffield Health","osm_id":"way/458779841","osm_url":"https://www.openstreetmap.org/way/458779841","source":"OpenStreetMap","brand":"Nuffield Health"}},{"type":"Feature","geometry":{"type":"Point","coordinates":[-4.4171014,57.5945092]},"properties":{"name":"Ross Memorial Hospital","layer":"hospitals","note":"OpenStreetMap","osm_id":"way/459653182","osm_url":"https://www.openstreetmap.org/way/459653182","source":"OpenStreetMap"}},{"type":"Feature","geometry":{"type":"Point","coordinates":[-2.3270267,53.3661666]},"properties":{"name":"The Priory Hospital Altrincham","layer":"hospitals","note":"The Priory Group","osm_id":"way/460995247","osm_url":"https://www.openstreetmap.org/way/460995247","source":"OpenStreetMap","brand":"The Priory Group"}},{"type":"Feature","geometry":{"type":"Point","coordinates":[-1.6504132,53.7022943]},"properties":{"name":"Dewsbury & District Hospital","layer":"hospitals","note":"The Mid Yorkshire Hospitals NHS Trust","osm_id":"way/46158455","osm_url":"https://www.openstreetmap.org/way/46158455","source":"OpenStreetMap","brand":"The Mid Yorkshire Hospitals NHS Trust"}},{"type":"Feature","geometry":{"type":"Point","coordinates":[-0.3090559,51.4324112]},"properties":{"name":"Cassel Hospital","layer":"hospitals","note":"West London NHS Trust","osm_id":"way/463924137","osm_url":"https://www.openstreetmap.org/way/463924137","source":"OpenStreetMap","brand":"West London NHS Trust"}},{"type":"Feature","geometry":{"type":"Point","coordinates":[-2.9539449,53.6011584]},"properties":{"name":"Renacres Hospital","layer":"hospitals","note":"Ramsay Health Care UK","osm_id":"way/464305376","osm_url":"https://www.openstreetmap.org/way/464305376","source":"OpenStreetMap","brand":"Ramsay Health Care UK"}},{"type":"Feature","geometry":{"type":"Point","coordinates":[-2.8005027,54.0426284]},"properties":{"name":"Royal Lancaster Infirmary","layer":"hospitals","note":"University Hospitals of Morecambe Bay NHS Foundation Trust","osm_id":"way/468391239","osm_url":"https://www.openstreetmap.org/way/468391239","source":"OpenStreetMap","brand":"University Hospitals of Morecambe Bay NHS Foundation Trust"}},{"type":"Feature","geometry":{"type":"Point","coordinates":[0.6337962,51.1701311]},"properties":{"name":"Headcorn Surgery","layer":"hospitals","note":"OpenStreetMap","osm_id":"way/468514534","osm_url":"https://www.openstreetmap.org/way/468514534","source":"OpenStreetMap"}},{"type":"Feature","geometry":{"type":"Point","coordinates":[-1.5832629,54.9773838]},"properties":{"name":"Molineux Street NHS Centre","layer":"hospitals","note":"OpenStreetMap","osm_id":"way/469016328","osm_url":"https://www.openstreetmap.org/way/469016328","source":"OpenStreetMap"}},{"type":"Feature","geometry":{"type":"Point","coordinates":[-1.9768658,52.6138134]},"properties":{"name":"Hospital","layer":"hospitals","note":"OpenStreetMap","osm_id":"way/470168916","osm_url":"https://www.openstreetmap.org/way/470168916","source":"OpenStreetMap"}},{"type":"Feature","geometry":{"type":"Point","coordinates":[-6.0492655,54.5186753]},"properties":{"name":"Thompson House Hospital","layer":"hospitals","note":"South Eastern Health and Social Care Trust","osm_id":"way/470210097","osm_url":"https://www.openstreetmap.org/way/470210097","source":"OpenStreetMap","brand":"South Eastern Health and Social Care Trust"}},{"type":"Feature","geometry":{"type":"Point","coordinates":[-1.5620519,54.9889552]},"properties":{"name":"Walkergate Park Hospital","layer":"hospitals","note":"OpenStreetMap","osm_id":"way/470222264","osm_url":"https://www.openstreetmap.org/way/470222264","source":"OpenStreetMap"}},{"type":"Feature","geometry":{"type":"Point","coordinates":[-1.3595559,50.9968564]},"properties":{"name":"Wessex Hospital","layer":"hospitals","note":"Nuffield Health","osm_id":"way/47096715","osm_url":"https://www.openstreetmap.org/way/47096715","source":"OpenStreetMap","brand":"Nuffield Health"}},{"type":"Feature","geometry":{"type":"Point","coordinates":[-1.1743035,50.8134198]},"properties":{"name":"Rowner Health Centre","layer":"hospitals","note":"OpenStreetMap","osm_id":"way/471845938","osm_url":"https://www.openstreetmap.org/way/471845938","source":"OpenStreetMap"}},{"type":"Feature","geometry":{"type":"Point","coordinates":[-9.1653278,54.1145705]},"properties":{"name":"Ballina District Hospital","layer":"hospitals","note":"OpenStreetMap","osm_id":"way/473024122","osm_url":"https://www.openstreetmap.org/way/473024122","source":"OpenStreetMap"}},{"type":"Feature","geometry":{"type":"Point","coordinates":[-1.2920047,51.4060536]},"properties":{"name":"West Berkshire Community Hospital","layer":"hospitals","note":"OpenStreetMap","osm_id":"way/474152920","osm_url":"https://www.openstreetmap.org/way/474152920","source":"OpenStreetMap"}},{"type":"Feature","geometry":{"type":"Point","coordinates":[-1.2507095,51.3808449]},"properties":{"name":"Thornford Park","layer":"hospitals","note":"Elysium Healthcare","osm_id":"way/474175215","osm_url":"https://www.openstreetmap.org/way/474175215","source":"OpenStreetMap","brand":"Elysium Healthcare"}},{"type":"Feature","geometry":{"type":"Point","coordinates":[-1.5130336,52.9109567]},"properties":{"name":"Royal Derby Hospital","layer":"hospitals","note":"OpenStreetMap","osm_id":"way/47449889","osm_url":"https://www.openstreetmap.org/way/47449889","source":"OpenStreetMap"}},{"type":"Feature","geometry":{"type":"Point","coordinates":[-0.976354,51.4291345]},"properties":{"name":"CIrcle Reading","layer":"hospitals","note":"OpenStreetMap","osm_id":"way/475684799","osm_url":"https://www.openstreetmap.org/way/475684799","source":"OpenStreetMap"}},{"type":"Feature","geometry":{"type":"Point","coordinates":[-0.1885156,51.7829774]},"properties":{"name":"Queen Elizabeth II Hospital","layer":"hospitals","note":"OpenStreetMap","osm_id":"way/47573694","osm_url":"https://www.openstreetmap.org/way/47573694","source":"OpenStreetMap"}},{"type":"Feature","geometry":{"type":"Point","coordinates":[-0.4459713,51.6156301]},"properties":{"name":"Mount Vernon","layer":"hospitals","note":"OpenStreetMap","osm_id":"way/47630726","osm_url":"https://www.openstreetmap.org/way/47630726","source":"OpenStreetMap"}},{"type":"Feature","geometry":{"type":"Point","coordinates":[-2.1417718,52.5873005]},"properties":{"name":"West Park Hospital","layer":"hospitals","note":"OpenStreetMap","osm_id":"way/47660665","osm_url":"https://www.openstreetmap.org/way/47660665","source":"OpenStreetMap"}},{"type":"Feature","geometry":{"type":"Point","coordinates":[-0.3108357,51.6315936]},"properties":{"name":"Royal National Orthopaedic Hospital","layer":"hospitals","note":"OpenStreetMap","osm_id":"way/47698729","osm_url":"https://www.openstreetmap.org/way/47698729","source":"OpenStreetMap"}},{"type":"Feature","geometry":{"type":"Point","coordinates":[-0.0938111,50.9911428]},"properties":{"name":"Chalkhill","layer":"hospitals","note":"NHS","osm_id":"way/477949969","osm_url":"https://www.openstreetmap.org/way/477949969","source":"OpenStreetMap","brand":"NHS"}},{"type":"Feature","geometry":{"type":"Point","coordinates":[-0.0929973,50.9914706]},"properties":{"name":"Sussex Orthopaedic Treatment Centre","layer":"hospitals","note":"NHS","osm_id":"way/477949970","osm_url":"https://www.openstreetmap.org/way/477949970","source":"OpenStreetMap","brand":"NHS"}},{"type":"Feature","geometry":{"type":"Point","coordinates":[-4.6158757,53.3042327]},"properties":{"name":"Ysbyty Penrhos","layer":"hospitals","note":"NHS","osm_id":"way/478156971","osm_url":"https://www.openstreetmap.org/way/478156971","source":"OpenStreetMap","brand":"NHS"}},{"type":"Feature","geometry":{"type":"Point","coordinates":[-1.5906563,54.7850797]},"properties":{"name":"North End House","layer":"hospitals","note":"OpenStreetMap","osm_id":"way/478274936","osm_url":"https://www.openstreetmap.org/way/478274936","source":"OpenStreetMap"}},{"type":"Feature","geometry":{"type":"Point","coordinates":[-1.9431784,52.4532071]},"properties":{"name":"Birmingham Women's Hospital","layer":"hospitals","note":"OpenStreetMap","osm_id":"way/47829407","osm_url":"https://www.openstreetmap.org/way/47829407","source":"OpenStreetMap"}},{"type":"Feature","geometry":{"type":"Point","coordinates":[-0.7121361,52.4909646]},"properties":{"name":"Corby Community Hospital","layer":"hospitals","note":"Northamptonshire Healthcare NHS Foundation Trust","osm_id":"way/478363042","osm_url":"https://www.openstreetmap.org/way/478363042","source":"OpenStreetMap","brand":"Northamptonshire Healthcare NHS Foundation Trust"}},{"type":"Feature","geometry":{"type":"Point","coordinates":[-2.2284133,53.8089043]},"properties":{"name":"Burnley General Hospital","layer":"hospitals","note":"National Health Service","osm_id":"way/479911178","osm_url":"https://www.openstreetmap.org/way/479911178","source":"OpenStreetMap","brand":"National Health Service"}},{"type":"Feature","geometry":{"type":"Point","coordinates":[-1.9126735,52.4506371]},"properties":{"name":"Circle Rehabilitation Hospital Birmingham","layer":"hospitals","note":"OpenStreetMap","osm_id":"way/481579502","osm_url":"https://www.openstreetmap.org/way/481579502","source":"OpenStreetMap"}},{"type":"Feature","geometry":{"type":"Point","coordinates":[-0.1845767,51.3803771]},"properties":{"name":"St. Helier Hospital","layer":"hospitals","note":"Epsom and St Helier University Hospitals NHS Trust","osm_id":"way/4822314","osm_url":"https://www.openstreetmap.org/way/4822314","source":"OpenStreetMap","brand":"Epsom and St Helier University Hospitals NHS Trust"}},{"type":"Feature","geometry":{"type":"Point","coordinates":[-1.7165006,54.995976]},"properties":{"name":"Holmeside and Parkway Medical Groups","layer":"hospitals","note":"NHS","osm_id":"way/482803846","osm_url":"https://www.openstreetmap.org/way/482803846","source":"OpenStreetMap","brand":"NHS"}},{"type":"Feature","geometry":{"type":"Point","coordinates":[0.0420498,50.7915482]},"properties":{"name":"Newhaven Rehabilitation Centre","layer":"hospitals","note":"OpenStreetMap","osm_id":"way/482928107","osm_url":"https://www.openstreetmap.org/way/482928107","source":"OpenStreetMap"}},{"type":"Feature","geometry":{"type":"Point","coordinates":[-0.549337,51.6223561]},"properties":{"name":"Chalfont Centre for Epilepsy","layer":"hospitals","note":"OpenStreetMap","osm_id":"way/483927982","osm_url":"https://www.openstreetmap.org/way/483927982","source":"OpenStreetMap"}},{"type":"Feature","geometry":{"type":"Point","coordinates":[-0.0179238,51.4537809]},"properties":{"name":"University Hospital Lewisham","layer":"hospitals","note":"OpenStreetMap","osm_id":"way/484298094","osm_url":"https://www.openstreetmap.org/way/484298094","source":"OpenStreetMap"}},{"type":"Feature","geometry":{"type":"Point","coordinates":[-6.2701974,53.3357254]},"properties":{"name":"The Meath Primary Care Centre (Former Meath Hospital)","layer":"hospitals","note":"Health Service Executive","osm_id":"way/48460622","osm_url":"https://www.openstreetmap.org/way/48460622","source":"OpenStreetMap","brand":"Health Service Executive"}},{"type":"Feature","geometry":{"type":"Point","coordinates":[-3.4707967,50.6014242]},"properties":{"name":"Langdon Hospital","layer":"hospitals","note":"OpenStreetMap","osm_id":"way/485939111","osm_url":"https://www.openstreetmap.org/way/485939111","source":"OpenStreetMap"}},{"type":"Feature","geometry":{"type":"Point","coordinates":[-2.5056502,51.8313467]},"properties":{"name":"Forest of Dean Community Hospital","layer":"hospitals","note":"Gloucestershire Health and Care NHS Foundation Trust","osm_id":"way/486677762","osm_url":"https://www.openstreetmap.org/way/486677762","source":"OpenStreetMap","brand":"Gloucestershire Health and Care NHS Foundation Trust"}},{"type":"Feature","geometry":{"type":"Point","coordinates":[0.7033457,51.5840089]},"properties":{"name":"Rochford Hospital","layer":"hospitals","note":"NHS","osm_id":"way/486971361","osm_url":"https://www.openstreetmap.org/way/486971361","source":"OpenStreetMap","brand":"NHS"}},{"type":"Feature","geometry":{"type":"Point","coordinates":[-0.1393183,51.5666448]},"properties":{"name":"The Whittington Hospital","layer":"hospitals","note":"OpenStreetMap","osm_id":"way/48915770","osm_url":"https://www.openstreetmap.org/way/48915770","source":"OpenStreetMap"}},{"type":"Feature","geometry":{"type":"Point","coordinates":[-3.0178848,56.3238396]},"properties":{"name":"Adamson Hospital","layer":"hospitals","note":"NHS Fife","osm_id":"way/490214798","osm_url":"https://www.openstreetmap.org/way/490214798","source":"OpenStreetMap","brand":"NHS Fife"}},{"type":"Feature","geometry":{"type":"Point","coordinates":[-3.0274675,56.1769982]},"properties":{"name":"Randolph Wemyss Memorial Hospital","layer":"hospitals","note":"NHS Fife","osm_id":"way/490216512","osm_url":"https://www.openstreetmap.org/way/490216512","source":"OpenStreetMap","brand":"NHS Fife"}},{"type":"Feature","geometry":{"type":"Point","coordinates":[-1.159318,50.8127325]},"properties":{"name":"Nelson House (Psychiatric Rehabilitation Facility)","layer":"hospitals","note":"OpenStreetMap","osm_id":"way/490660447","osm_url":"https://www.openstreetmap.org/way/490660447","source":"OpenStreetMap"}},{"type":"Feature","geometry":{"type":"Point","coordinates":[-0.2558588,51.4672064]},"properties":{"name":"Barnes Hospital","layer":"hospitals","note":"OpenStreetMap","osm_id":"way/4907493","osm_url":"https://www.openstreetmap.org/way/4907493","source":"OpenStreetMap"}},{"type":"Feature","geometry":{"type":"Point","coordinates":[-0.4695835,51.750997]},"properties":{"name":"Hemel Hempstead Hospital","layer":"hospitals","note":"OpenStreetMap","osm_id":"way/490894826","osm_url":"https://www.openstreetmap.org/way/490894826","source":"OpenStreetMap"}},{"type":"Feature","geometry":{"type":"Point","coordinates":[-0.4532194,51.7469791]},"properties":{"name":"Hospital","layer":"hospitals","note":"OpenStreetMap","osm_id":"way/491110041","osm_url":"https://www.openstreetmap.org/way/491110041","source":"OpenStreetMap"}},{"type":"Feature","geometry":{"type":"Point","coordinates":[-7.322173,53.5326147]},"properties":{"name":"Saint Loman's Hospital","layer":"hospitals","note":"OpenStreetMap","osm_id":"way/49151419","osm_url":"https://www.openstreetmap.org/way/49151419","source":"OpenStreetMap"}},{"type":"Feature","geometry":{"type":"Point","coordinates":[-2.3786458,53.3017537]},"properties":{"name":"Knutsford and District Community Hospital","layer":"hospitals","note":"OpenStreetMap","osm_id":"way/491863674","osm_url":"https://www.openstreetmap.org/way/491863674","source":"OpenStreetMap"}},{"type":"Feature","geometry":{"type":"Point","coordinates":[-0.7434217,51.5255422]},"properties":{"name":"St Mark's Hospital","layer":"hospitals","note":"OpenStreetMap","osm_id":"way/49190985","osm_url":"https://www.openstreetmap.org/way/49190985","source":"OpenStreetMap"}},{"type":"Feature","geometry":{"type":"Point","coordinates":[-0.1425875,51.5667363]},"properties":{"name":"Highgate Mental Health Centre","layer":"hospitals","note":"Camden and Islington NHS Foundation Trust","osm_id":"way/492083208","osm_url":"https://www.openstreetmap.org/way/492083208","source":"OpenStreetMap","brand":"Camden and Islington NHS Foundation Trust"}},{"type":"Feature","geometry":{"type":"Point","coordinates":[-0.2422117,51.7651807]},"properties":{"name":"Hospital","layer":"hospitals","note":"OpenStreetMap","osm_id":"way/492125668","osm_url":"https://www.openstreetmap.org/way/492125668","source":"OpenStreetMap"}},{"type":"Feature","geometry":{"type":"Point","coordinates":[-0.7420142,51.3196793]},"properties":{"name":"Frimley Park Hospital","layer":"hospitals","note":"OpenStreetMap","osm_id":"way/492338746","osm_url":"https://www.openstreetmap.org/way/492338746","source":"OpenStreetMap"}},{"type":"Feature","geometry":{"type":"Point","coordinates":[1.1399165,52.3230982]},"properties":{"name":"Hartismere Hospital","layer":"hospitals","note":"OpenStreetMap","osm_id":"way/492781088","osm_url":"https://www.openstreetmap.org/way/492781088","source":"OpenStreetMap"}},{"type":"Feature","geometry":{"type":"Point","coordinates":[-4.3428303,57.8913648]},"properties":{"name":"Migdale Hospital","layer":"hospitals","note":"OpenStreetMap","osm_id":"way/493735797","osm_url":"https://www.openstreetmap.org/way/493735797","source":"OpenStreetMap"}},{"type":"Feature","geometry":{"type":"Point","coordinates":[-0.0053798,50.8749956]},"properties":{"name":"Lewes Victoria","layer":"hospitals","note":"OpenStreetMap","osm_id":"way/494030453","osm_url":"https://www.openstreetmap.org/way/494030453","source":"OpenStreetMap"}},{"type":"Feature","geometry":{"type":"Point","coordinates":[-7.3348933,53.5142637]},"properties":{"name":"St. Francis Private Hospital","layer":"hospitals","note":"OpenStreetMap","osm_id":"way/49404615","osm_url":"https://www.openstreetmap.org/way/49404615","source":"OpenStreetMap"}},{"type":"Feature","geometry":{"type":"Point","coordinates":[-7.3489966,53.5344213]},"properties":{"name":"Midland Regional Hospital Mullingar","layer":"hospitals","note":"Health Service Executive","osm_id":"way/49414502","osm_url":"https://www.openstreetmap.org/way/49414502","source":"OpenStreetMap","brand":"Health Service Executive"}},{"type":"Feature","geometry":{"type":"Point","coordinates":[-0.1510149,52.8017986]},"properties":{"name":"Johnson Community Hospital","layer":"hospitals","note":"OpenStreetMap","osm_id":"way/494201252","osm_url":"https://www.openstreetmap.org/way/494201252","source":"OpenStreetMap"}},{"type":"Feature","geometry":{"type":"Point","coordinates":[-0.2627475,51.9494046]},"properties":{"name":"Pinehill Hospital","layer":"hospitals","note":"OpenStreetMap","osm_id":"way/494420503","osm_url":"https://www.openstreetmap.org/way/494420503","source":"OpenStreetMap"}},{"type":"Feature","geometry":{"type":"Point","coordinates":[-0.2298574,51.9327613]},"properties":{"name":"Wymondley Nursing Home","layer":"hospitals","note":"OpenStreetMap","osm_id":"way/494429460","osm_url":"https://www.openstreetmap.org/way/494429460","source":"OpenStreetMap"}},{"type":"Feature","geometry":{"type":"Point","coordinates":[0.175008,51.865949]},"properties":{"name":"Herts And Essex Community Hospital","layer":"hospitals","note":"OpenStreetMap","osm_id":"way/495486806","osm_url":"https://www.openstreetmap.org/way/495486806","source":"OpenStreetMap"}},{"type":"Feature","geometry":{"type":"Point","coordinates":[-0.0345359,51.8030318]},"properties":{"name":"Highfield Nursing Home","layer":"hospitals","note":"OpenStreetMap","osm_id":"way/495492898","osm_url":"https://www.openstreetmap.org/way/495492898","source":"OpenStreetMap"}},{"type":"Feature","geometry":{"type":"Point","coordinates":[-1.8946865,52.4848585]},"properties":{"name":"Birmingham Children's Hospital","layer":"hospitals","note":"OpenStreetMap","osm_id":"way/49602255","osm_url":"https://www.openstreetmap.org/way/49602255","source":"OpenStreetMap"}},{"type":"Feature","geometry":{"type":"Point","coordinates":[-3.2182639,55.9275818]},"properties":{"name":"Royal Edinburgh Hospital","layer":"hospitals","note":"NHS Lothian","osm_id":"way/496448221","osm_url":"https://www.openstreetmap.org/way/496448221","source":"OpenStreetMap","brand":"NHS Lothian"}},{"type":"Feature","geometry":{"type":"Point","coordinates":[0.6881358,51.5542474]},"properties":{"name":"Southend University Hospital","layer":"hospitals","note":"NHS;Mid and South Essex NHS Foundation Trust","osm_id":"way/49654985","osm_url":"https://www.openstreetmap.org/way/49654985","source":"OpenStreetMap","brand":"NHS;Mid and South Essex NHS Foundation Trust"}},{"type":"Feature","geometry":{"type":"Point","coordinates":[-0.0755805,51.5277306]},"properties":{"name":"Mildmay Mission Hospital","layer":"hospitals","note":"OpenStreetMap","osm_id":"way/497718283","osm_url":"https://www.openstreetmap.org/way/497718283","source":"OpenStreetMap"}},{"type":"Feature","geometry":{"type":"Point","coordinates":[-3.9409319,55.8686226]},"properties":{"name":"Wester Moffat Hospital","layer":"hospitals","note":"OpenStreetMap","osm_id":"way/498060269","osm_url":"https://www.openstreetmap.org/way/498060269","source":"OpenStreetMap"}},{"type":"Feature","geometry":{"type":"Point","coordinates":[-3.1978374,55.9287569]},"properties":{"name":"Astley Ainslie Hospital","layer":"hospitals","note":"OpenStreetMap","osm_id":"way/4981914","osm_url":"https://www.openstreetmap.org/way/4981914","source":"OpenStreetMap"}},{"type":"Feature","geometry":{"type":"Point","coordinates":[-1.1295437,51.6195697]},"properties":{"name":"Rush Court","layer":"hospitals","note":"OpenStreetMap","osm_id":"way/498288588","osm_url":"https://www.openstreetmap.org/way/498288588","source":"OpenStreetMap"}},{"type":"Feature","geometry":{"type":"Point","coordinates":[0.2428038,51.4464212]},"properties":{"name":"Little Brook Hospital","layer":"hospitals","note":"Kent and Medway NHS and Social Care Partnership Trust","osm_id":"way/498304824","osm_url":"https://www.openstreetmap.org/way/498304824","source":"OpenStreetMap","brand":"Kent and Medway NHS and Social Care Partnership Trust"}},{"type":"Feature","geometry":{"type":"Point","coordinates":[0.7194582,52.2400321]},"properties":{"name":"St Edmunds Hospital","layer":"hospitals","note":"Circle Health Group","osm_id":"way/498570852","osm_url":"https://www.openstreetmap.org/way/498570852","source":"OpenStreetMap","brand":"Circle Health Group"}},{"type":"Feature","geometry":{"type":"Point","coordinates":[-1.141873,52.6580648]},"properties":{"name":"Hospital","layer":"hospitals","note":"OpenStreetMap","osm_id":"way/499851091","osm_url":"https://www.openstreetmap.org/way/499851091","source":"OpenStreetMap"}},{"type":"Feature","geometry":{"type":"Point","coordinates":[0.4513565,51.5581629]},"properties":{"name":"Basildon University Hospital","layer":"hospitals","note":"NHS;Mid and South Essex NHS Foundation Trust","osm_id":"way/500206277","osm_url":"https://www.openstreetmap.org/way/500206277","source":"OpenStreetMap","brand":"NHS;Mid and South Essex NHS Foundation Trust"}},{"type":"Feature","geometry":{"type":"Point","coordinates":[-6.3219684,53.3245475]},"properties":{"name":"Children's Health Ireland at Crumlin","layer":"hospitals","note":"Health Service Executive","osm_id":"way/500288024","osm_url":"https://www.openstreetmap.org/way/500288024","source":"OpenStreetMap","brand":"Health Service Executive"}},{"type":"Feature","geometry":{"type":"Point","coordinates":[0.3444734,51.6356068]},"properties":{"name":"Leonard Lodge Nursing Home","layer":"hospitals","note":"OpenStreetMap","osm_id":"way/500681467","osm_url":"https://www.openstreetmap.org/way/500681467","source":"OpenStreetMap"}},{"type":"Feature","geometry":{"type":"Point","coordinates":[0.3619969,51.6276893]},"properties":{"name":"Hutton Village Nursing Home","layer":"hospitals","note":"OpenStreetMap","osm_id":"way/500681496","osm_url":"https://www.openstreetmap.org/way/500681496","source":"OpenStreetMap"}},{"type":"Feature","geometry":{"type":"Point","coordinates":[-1.7747337,52.4173563]},"properties":{"name":"Solihull Hospital","layer":"hospitals","note":"OpenStreetMap","osm_id":"way/50073696","osm_url":"https://www.openstreetmap.org/way/50073696","source":"OpenStreetMap"}},{"type":"Feature","geometry":{"type":"Point","coordinates":[-1.4452432,52.4002907]},"properties":{"name":"Bradbury House","layer":"hospitals","note":"OpenStreetMap","osm_id":"way/501037247","osm_url":"https://www.openstreetmap.org/way/501037247","source":"OpenStreetMap"}},{"type":"Feature","geometry":{"type":"Point","coordinates":[-2.3233261,53.4872803]},"properties":{"name":"Salford Royal Hospital","layer":"hospitals","note":"OpenStreetMap","osm_id":"way/502769634","osm_url":"https://www.openstreetmap.org/way/502769634","source":"OpenStreetMap"}},{"type":"Feature","geometry":{"type":"Point","coordinates":[-7.3691607,54.017072]},"properties":{"name":"Hospital","layer":"hospitals","note":"OpenStreetMap","osm_id":"way/503227132","osm_url":"https://www.openstreetmap.org/way/503227132","source":"OpenStreetMap"}},{"type":"Feature","geometry":{"type":"Point","coordinates":[-4.0001752,55.8663217]},"properties":{"name":"University Hospital Monklands","layer":"hospitals","note":"OpenStreetMap","osm_id":"way/503754933","osm_url":"https://www.openstreetmap.org/way/503754933","source":"OpenStreetMap"}},{"type":"Feature","geometry":{"type":"Point","coordinates":[-0.7252736,52.4873149]},"properties":{"name":"Hospital","layer":"hospitals","note":"OpenStreetMap","osm_id":"way/503975661","osm_url":"https://www.openstreetmap.org/way/503975661","source":"OpenStreetMap"}},{"type":"Feature","geometry":{"type":"Point","coordinates":[-0.6750046,50.7929681]},"properties":{"name":"Bognor Regis War Memorial Hospital","layer":"hospitals","note":"OpenStreetMap","osm_id":"way/504088671","osm_url":"https://www.openstreetmap.org/way/504088671","source":"OpenStreetMap"}},{"type":"Feature","geometry":{"type":"Point","coordinates":[-0.2244096,51.5937166]},"properties":{"name":"BMI Hendon Hospital","layer":"hospitals","note":"OpenStreetMap","osm_id":"way/504129695","osm_url":"https://www.openstreetmap.org/way/504129695","source":"OpenStreetMap"}},{"type":"Feature","geometry":{"type":"Point","coordinates":[-1.7974488,53.8066968]},"properties":{"name":"Bradford Royal Infirmary","layer":"hospitals","note":"Bradford Teaching Hospitals NHS Foundation Trust","osm_id":"way/50509730","osm_url":"https://www.openstreetmap.org/way/50509730","source":"OpenStreetMap","brand":"Bradford Teaching Hospitals NHS Foundation Trust"}},{"type":"Feature","geometry":{"type":"Point","coordinates":[-0.5999416,51.7663177]},"properties":{"name":"The Hospice Of St Francis","layer":"hospitals","note":"OpenStreetMap","osm_id":"way/505279820","osm_url":"https://www.openstreetmap.org/way/505279820","source":"OpenStreetMap"}},{"type":"Feature","geometry":{"type":"Point","coordinates":[-0.430024,51.9174538]},"properties":{"name":"Widecombe Nursing Home","layer":"hospitals","note":"OpenStreetMap","osm_id":"way/505569994","osm_url":"https://www.openstreetmap.org/way/505569994","source":"OpenStreetMap"}},{"type":"Feature","geometry":{"type":"Point","coordinates":[-3.4133537,56.4008372]},"properties":{"name":"Murray Royal Hospital","layer":"hospitals","note":"NHS Tayside","osm_id":"way/505893861","osm_url":"https://www.openstreetmap.org/way/505893861","source":"OpenStreetMap","brand":"NHS Tayside"}},{"type":"Feature","geometry":{"type":"Point","coordinates":[-6.5758661,52.4956885]},"properties":{"name":"Saint John's Community Hospital and Community Service","layer":"hospitals","note":"Health Service Executive","osm_id":"way/506757519","osm_url":"https://www.openstreetmap.org/way/506757519","source":"OpenStreetMap","brand":"Health Service Executive"}},{"type":"Feature","geometry":{"type":"Point","coordinates":[-6.9389135,52.389359]},"properties":{"name":"Hospital Grounds New Ross","layer":"hospitals","note":"OpenStreetMap","osm_id":"way/506757558","osm_url":"https://www.openstreetmap.org/way/506757558","source":"OpenStreetMap"}},{"type":"Feature","geometry":{"type":"Point","coordinates":[-0.7849152,53.4115992]},"properties":{"name":"John Coupland Hospital","layer":"hospitals","note":"United Lincolnshire Hospitals NHS Trust","osm_id":"way/507088411","osm_url":"https://www.openstreetmap.org/way/507088411","source":"OpenStreetMap","brand":"United Lincolnshire Hospitals NHS Trust"}},{"type":"Feature","geometry":{"type":"Point","coordinates":[-2.6740301,51.4785902]},"properties":{"name":"Penny Brohn Cancer Care","layer":"hospitals","note":"OpenStreetMap","osm_id":"way/507316777","osm_url":"https://www.openstreetmap.org/way/507316777","source":"OpenStreetMap"}},{"type":"Feature","geometry":{"type":"Point","coordinates":[-1.6202886,54.9795524]},"properties":{"name":"Royal Victoria Infirmary","layer":"hospitals","note":"OpenStreetMap","osm_id":"way/50732414","osm_url":"https://www.openstreetmap.org/way/50732414","source":"OpenStreetMap"}},{"type":"Feature","geometry":{"type":"Point","coordinates":[-3.0347144,53.4768419]},"properties":{"name":"Hospital","layer":"hospitals","note":"OpenStreetMap","osm_id":"way/507325972","osm_url":"https://www.openstreetmap.org/way/507325972","source":"OpenStreetMap"}},{"type":"Feature","geometry":{"type":"Point","coordinates":[-3.0193274,53.4764808]},"properties":{"name":"Alder Park","layer":"hospitals","note":"OpenStreetMap","osm_id":"way/507325977","osm_url":"https://www.openstreetmap.org/way/507325977","source":"OpenStreetMap"}},{"type":"Feature","geometry":{"type":"Point","coordinates":[-3.0203619,53.4765922]},"properties":{"name":"Waterloo EMI Day Hospital","layer":"hospitals","note":"OpenStreetMap","osm_id":"way/507325979","osm_url":"https://www.openstreetmap.org/way/507325979","source":"OpenStreetMap"}},{"type":"Feature","geometry":{"type":"Point","coordinates":[-2.9708021,53.435067]},"properties":{"name":"Walton Manor Residential and Nursing Home","layer":"hospitals","note":"OpenStreetMap","osm_id":"way/507330830","osm_url":"https://www.openstreetmap.org/way/507330830","source":"OpenStreetMap"}},{"type":"Feature","geometry":{"type":"Point","coordinates":[-2.9340728,53.4392349]},"properties":{"name":"Broadway Nursing Home","layer":"hospitals","note":"OpenStreetMap","osm_id":"way/507330874","osm_url":"https://www.openstreetmap.org/way/507330874","source":"OpenStreetMap"}},{"type":"Feature","geometry":{"type":"Point","coordinates":[-2.9030902,53.4244154]},"properties":{"name":"Alder Grange Nursing Home","layer":"hospitals","note":"OpenStreetMap","osm_id":"way/507330904","osm_url":"https://www.openstreetmap.org/way/507330904","source":"OpenStreetMap"}},{"type":"Feature","geometry":{"type":"Point","coordinates":[-2.8799507,53.4881769]},"properties":{"name":"Appleby Court Nursing Home","layer":"hospitals","note":"OpenStreetMap","osm_id":"way/507331173","osm_url":"https://www.openstreetmap.org/way/507331173","source":"OpenStreetMap"}},{"type":"Feature","geometry":{"type":"Point","coordinates":[-2.9235489,53.3852889]},"properties":{"name":"Spire Liverpool Hospital","layer":"hospitals","note":"OpenStreetMap","osm_id":"way/507336699","osm_url":"https://www.openstreetmap.org/way/507336699","source":"OpenStreetMap"}},{"type":"Feature","geometry":{"type":"Point","coordinates":[-2.9226965,53.358446]},"properties":{"name":"Beechwood and Hunter's Way Nursing Home","layer":"hospitals","note":"OpenStreetMap","osm_id":"way/507336799","osm_url":"https://www.openstreetmap.org/way/507336799","source":"OpenStreetMap"}},{"type":"Feature","geometry":{"type":"Point","coordinates":[-2.8708612,53.3992784]},"properties":{"name":"Nursing Home","layer":"hospitals","note":"OpenStreetMap","osm_id":"way/507336807","osm_url":"https://www.openstreetmap.org/way/507336807","source":"OpenStreetMap"}},{"type":"Feature","geometry":{"type":"Point","coordinates":[-2.8846127,53.3638518]},"properties":{"name":"St Michael's Mount & Manor Nursing Home","layer":"hospitals","note":"OpenStreetMap","osm_id":"way/507338141","osm_url":"https://www.openstreetmap.org/way/507338141","source":"OpenStreetMap"}},{"type":"Feature","geometry":{"type":"Point","coordinates":[-2.8851508,53.3644029]},"properties":{"name":"Springwood Gardens","layer":"hospitals","note":"OpenStreetMap","osm_id":"way/507338142","osm_url":"https://www.openstreetmap.org/way/507338142","source":"OpenStreetMap"}},{"type":"Feature","geometry":{"type":"Point","coordinates":[-3.3231847,51.1628872]},"properties":{"name":"Williton Community Hospital","layer":"hospitals","note":"NHS","osm_id":"way/508460162","osm_url":"https://www.openstreetmap.org/way/508460162","source":"OpenStreetMap","brand":"NHS"}},{"type":"Feature","geometry":{"type":"Point","coordinates":[-3.5393952,58.5836111]},"properties":{"name":"Dunbar Hospital","layer":"hospitals","note":"OpenStreetMap","osm_id":"way/508615401","osm_url":"https://www.openstreetmap.org/way/508615401","source":"OpenStreetMap"}},{"type":"Feature","geometry":{"type":"Point","coordinates":[-3.097977,58.4328239]},"properties":{"name":"Wick Town And County Hospital","layer":"hospitals","note":"OpenStreetMap","osm_id":"way/508702472","osm_url":"https://www.openstreetmap.org/way/508702472","source":"OpenStreetMap"}},{"type":"Feature","geometry":{"type":"Point","coordinates":[-3.514009,50.3893319]},"properties":{"name":"Brixham Hospital","layer":"hospitals","note":"OpenStreetMap","osm_id":"way/50915758","osm_url":"https://www.openstreetmap.org/way/50915758","source":"OpenStreetMap"}},{"type":"Feature","geometry":{"type":"Point","coordinates":[-3.0956017,58.4407776]},"properties":{"name":"Caithness General Hospital","layer":"hospitals","note":"OpenStreetMap","osm_id":"way/509497004","osm_url":"https://www.openstreetmap.org/way/509497004","source":"OpenStreetMap"}},{"type":"Feature","geometry":{"type":"Point","coordinates":[-0.0911237,50.9908459]},"properties":{"name":"Princess Royal","layer":"hospitals","note":"OpenStreetMap","osm_id":"way/509599444","osm_url":"https://www.openstreetmap.org/way/509599444","source":"OpenStreetMap"}},{"type":"Feature","geometry":{"type":"Point","coordinates":[0.893388,51.8685989]},"properties":{"name":"Chavasse V C House","layer":"hospitals","note":"OpenStreetMap","osm_id":"way/511076213","osm_url":"https://www.openstreetmap.org/way/511076213","source":"OpenStreetMap"}},{"type":"Feature","geometry":{"type":"Point","coordinates":[-3.7368534,56.7012285]},"properties":{"name":"Pitlochry Community Hospital","layer":"hospitals","note":"OpenStreetMap","osm_id":"way/511291528","osm_url":"https://www.openstreetmap.org/way/511291528","source":"OpenStreetMap"}},{"type":"Feature","geometry":{"type":"Point","coordinates":[-3.2640546,55.9437762]},"properties":{"name":"Spire Murrayfield Hospital","layer":"hospitals","note":"OpenStreetMap","osm_id":"way/5120232","osm_url":"https://www.openstreetmap.org/way/5120232","source":"OpenStreetMap"}},{"type":"Feature","geometry":{"type":"Point","coordinates":[-6.3788402,53.2911993]},"properties":{"name":"Tallaght University Hospital","layer":"hospitals","note":"Health Service Executive","osm_id":"way/51231573","osm_url":"https://www.openstreetmap.org/way/51231573","source":"OpenStreetMap","brand":"Health Service Executive"}},{"type":"Feature","geometry":{"type":"Point","coordinates":[-2.5195098,50.9494259]},"properties":{"name":"Yeatman Hospital","layer":"hospitals","note":"OpenStreetMap","osm_id":"way/513383166","osm_url":"https://www.openstreetmap.org/way/513383166","source":"OpenStreetMap"}},{"type":"Feature","geometry":{"type":"Point","coordinates":[-3.052303,52.9435371]},"properties":{"name":"Chirk Community Hospital","layer":"hospitals","note":"OpenStreetMap","osm_id":"way/513688253","osm_url":"https://www.openstreetmap.org/way/513688253","source":"OpenStreetMap"}},{"type":"Feature","geometry":{"type":"Point","coordinates":[-0.1570546,51.5766504]},"properties":{"name":"Nuffield Health Highgate Hospital","layer":"hospitals","note":"Nuffield Health","osm_id":"way/514349576","osm_url":"https://www.openstreetmap.org/way/514349576","source":"OpenStreetMap","brand":"Nuffield Health"}},{"type":"Feature","geometry":{"type":"Point","coordinates":[-1.7330466,53.7609856]},"properties":{"name":"Listonshells Day Centre","layer":"hospitals","note":"OpenStreetMap","osm_id":"way/51450410","osm_url":"https://www.openstreetmap.org/way/51450410","source":"OpenStreetMap"}},{"type":"Feature","geometry":{"type":"Point","coordinates":[-6.4057718,53.3592363]},"properties":{"name":"Hermitage Clinic","layer":"hospitals","note":"Blackrock Health","osm_id":"way/51567967","osm_url":"https://www.openstreetmap.org/way/51567967","source":"OpenStreetMap","brand":"Blackrock Health"}},{"type":"Feature","geometry":{"type":"Point","coordinates":[-4.1498508,52.9409079]},"properties":{"name":"Ysbyty Alltwen","layer":"hospitals","note":"NHS","osm_id":"way/516498461","osm_url":"https://www.openstreetmap.org/way/516498461","source":"OpenStreetMap","brand":"NHS"}},{"type":"Feature","geometry":{"type":"Point","coordinates":[-6.1328959,53.242361]},"properties":{"name":"St. Columcille's Hospital","layer":"hospitals","note":"Health Service Executive","osm_id":"way/51680291","osm_url":"https://www.openstreetmap.org/way/51680291","source":"OpenStreetMap","brand":"Health Service Executive"}},{"type":"Feature","geometry":{"type":"Point","coordinates":[-2.1727752,57.1480479]},"properties":{"name":"Woodend Hospital","layer":"hospitals","note":"OpenStreetMap","osm_id":"way/517057342","osm_url":"https://www.openstreetmap.org/way/517057342","source":"OpenStreetMap"}},{"type":"Feature","geometry":{"type":"Point","coordinates":[-4.1354596,51.6919683]},"properties":{"name":"Prince Philip Hospital","layer":"hospitals","note":"OpenStreetMap","osm_id":"way/51815473","osm_url":"https://www.openstreetmap.org/way/51815473","source":"OpenStreetMap"}},{"type":"Feature","geometry":{"type":"Point","coordinates":[-1.7317892,53.7680795]},"properties":{"name":"Cygen Hospital, Bierley","layer":"hospitals","note":"OpenStreetMap","osm_id":"way/51943375","osm_url":"https://www.openstreetmap.org/way/51943375","source":"OpenStreetMap"}},{"type":"Feature","geometry":{"type":"Point","coordinates":[-6.1380259,53.2941298]},"properties":{"name":"St. Michael's Hospital","layer":"hospitals","note":"Health Service Executive","osm_id":"way/51985549","osm_url":"https://www.openstreetmap.org/way/51985549","source":"OpenStreetMap","brand":"Health Service Executive"}},{"type":"Feature","geometry":{"type":"Point","coordinates":[-0.3606683,51.8274595]},"properties":{"name":"Spire Hospital","layer":"hospitals","note":"Spire Healthcare Group","osm_id":"way/519963420","osm_url":"https://www.openstreetmap.org/way/519963420","source":"OpenStreetMap","brand":"Spire Healthcare Group"}},{"type":"Feature","geometry":{"type":"Point","coordinates":[-3.4964489,50.731283]},"properties":{"name":"Honeylands Children Centre","layer":"hospitals","note":"OpenStreetMap","osm_id":"way/520108528","osm_url":"https://www.openstreetmap.org/way/520108528","source":"OpenStreetMap"}},{"type":"Feature","geometry":{"type":"Point","coordinates":[-3.3435365,51.5984]},"properties":{"name":"Dewi Sant Hospital","layer":"hospitals","note":"OpenStreetMap","osm_id":"way/520397114","osm_url":"https://www.openstreetmap.org/way/520397114","source":"OpenStreetMap"}},{"type":"Feature","geometry":{"type":"Point","coordinates":[-1.8931227,52.4852614]},"properties":{"name":"Birmingham Children's Hospital A&E","layer":"hospitals","note":"OpenStreetMap","osm_id":"way/52065043","osm_url":"https://www.openstreetmap.org/way/52065043","source":"OpenStreetMap"}},{"type":"Feature","geometry":{"type":"Point","coordinates":[-1.4786459,52.5273556]},"properties":{"name":"The Manor","layer":"hospitals","note":"OpenStreetMap","osm_id":"way/520746629","osm_url":"https://www.openstreetmap.org/way/520746629","source":"OpenStreetMap"}},{"type":"Feature","geometry":{"type":"Point","coordinates":[-6.9741199,54.249822]},"properties":{"name":"Monaghan General Hospital","layer":"hospitals","note":"Health Service Executive","osm_id":"way/521524730","osm_url":"https://www.openstreetmap.org/way/521524730","source":"OpenStreetMap","brand":"Health Service Executive"}},{"type":"Feature","geometry":{"type":"Point","coordinates":[-6.1527603,53.2755616]},"properties":{"name":"National Rehabilitation Hospital","layer":"hospitals","note":"OpenStreetMap","osm_id":"way/52156721","osm_url":"https://www.openstreetmap.org/way/52156721","source":"OpenStreetMap"}},{"type":"Feature","geometry":{"type":"Point","coordinates":[-3.4831766,50.7312964]},"properties":{"name":"Exeter Community Hospital","layer":"hospitals","note":"OpenStreetMap","osm_id":"way/522654541","osm_url":"https://www.openstreetmap.org/way/522654541","source":"OpenStreetMap"}},{"type":"Feature","geometry":{"type":"Point","coordinates":[-1.09137,52.6474554]},"properties":{"name":"Arnold Lodge Regional Secure Unit","layer":"hospitals","note":"Nottinghamshire Healthcare NHS Foundation Trust","osm_id":"way/522936168","osm_url":"https://www.openstreetmap.org/way/522936168","source":"OpenStreetMap","brand":"Nottinghamshire Healthcare NHS Foundation Trust"}},{"type":"Feature","geometry":{"type":"Point","coordinates":[-4.4357999,55.8351229]},"properties":{"name":"Royal Alexandra Hospital","layer":"hospitals","note":"OpenStreetMap","osm_id":"way/5236483","osm_url":"https://www.openstreetmap.org/way/5236483","source":"OpenStreetMap"}},{"type":"Feature","geometry":{"type":"Point","coordinates":[0.4469253,52.7568562]},"properties":{"name":"Queen Elizabeth Hospital","layer":"hospitals","note":"OpenStreetMap","osm_id":"way/52481501","osm_url":"https://www.openstreetmap.org/way/52481501","source":"OpenStreetMap"}},{"type":"Feature","geometry":{"type":"Point","coordinates":[-1.7524838,52.4804183]},"properties":{"name":"Chelmsley Wood NHS Primary Care Centre","layer":"hospitals","note":"OpenStreetMap","osm_id":"way/52513604","osm_url":"https://www.openstreetmap.org/way/52513604","source":"OpenStreetMap"}},{"type":"Feature","geometry":{"type":"Point","coordinates":[-2.447055,50.7126712]},"properties":{"name":"Dorset County Hospital","layer":"hospitals","note":"OpenStreetMap","osm_id":"way/525716090","osm_url":"https://www.openstreetmap.org/way/525716090","source":"OpenStreetMap"}},{"type":"Feature","geometry":{"type":"Point","coordinates":[-6.4548537,52.3457643]},"properties":{"name":"Ely Hospital","layer":"hospitals","note":"Health Service Executive","osm_id":"way/527258445","osm_url":"https://www.openstreetmap.org/way/527258445","source":"OpenStreetMap","brand":"Health Service Executive"}},{"type":"Feature","geometry":{"type":"Point","coordinates":[-2.2077218,51.7428168]},"properties":{"name":"Stroud General Hospital","layer":"hospitals","note":"OpenStreetMap","osm_id":"way/52868139","osm_url":"https://www.openstreetmap.org/way/52868139","source":"OpenStreetMap"}},{"type":"Feature","geometry":{"type":"Point","coordinates":[-2.6478021,50.9466794]},"properties":{"name":"Summerlands","layer":"hospitals","note":"OpenStreetMap","osm_id":"way/529043915","osm_url":"https://www.openstreetmap.org/way/529043915","source":"OpenStreetMap"}},{"type":"Feature","geometry":{"type":"Point","coordinates":[-4.3133264,55.8820382]},"properties":{"name":"Gartnavel General Hospital","layer":"hospitals","note":"OpenStreetMap","osm_id":"way/53086449","osm_url":"https://www.openstreetmap.org/way/53086449","source":"OpenStreetMap"}},{"type":"Feature","geometry":{"type":"Point","coordinates":[-4.3190979,55.8828576]},"properties":{"name":"Gartnavel Royal Hospital","layer":"hospitals","note":"OpenStreetMap","osm_id":"way/53086450","osm_url":"https://www.openstreetmap.org/way/53086450","source":"OpenStreetMap"}},{"type":"Feature","geometry":{"type":"Point","coordinates":[-0.801917,51.7982923]},"properties":{"name":"Stoke Mandeville Hospital","layer":"hospitals","note":"OpenStreetMap","osm_id":"way/53096119","osm_url":"https://www.openstreetmap.org/way/53096119","source":"OpenStreetMap"}},{"type":"Feature","geometry":{"type":"Point","coordinates":[0.0338362,53.7287163]},"properties":{"name":"Withernsea Community Hospital","layer":"hospitals","note":"OpenStreetMap","osm_id":"way/531583993","osm_url":"https://www.openstreetmap.org/way/531583993","source":"OpenStreetMap"}},{"type":"Feature","geometry":{"type":"Point","coordinates":[-1.5451386,55.1841381]},"properties":{"name":"Wansbeck General Hospital","layer":"hospitals","note":"OpenStreetMap","osm_id":"way/532741979","osm_url":"https://www.openstreetmap.org/way/532741979","source":"OpenStreetMap"}},{"type":"Feature","geometry":{"type":"Point","coordinates":[-1.8286543,52.478081]},"properties":{"name":"Birmingham Heartlands Hospital","layer":"hospitals","note":"OpenStreetMap","osm_id":"way/53348241","osm_url":"https://www.openstreetmap.org/way/53348241","source":"OpenStreetMap"}},{"type":"Feature","geometry":{"type":"Point","coordinates":[-6.2597374,53.381658]},"properties":{"name":"Hampstead Private Hospital","layer":"hospitals","note":"OpenStreetMap","osm_id":"way/533662911","osm_url":"https://www.openstreetmap.org/way/533662911","source":"OpenStreetMap"}},{"type":"Feature","geometry":{"type":"Point","coordinates":[-4.0801941,55.7778296]},"properties":{"name":"Udston Hospital","layer":"hospitals","note":"OpenStreetMap","osm_id":"way/533680244","osm_url":"https://www.openstreetmap.org/way/533680244","source":"OpenStreetMap"}},{"type":"Feature","geometry":{"type":"Point","coordinates":[-0.8391995,53.2909055]},"properties":{"name":"Rampton Secure Hospital","layer":"hospitals","note":"Nottinghamshire Healthcare NHS Foundation Trust","osm_id":"way/534147372","osm_url":"https://www.openstreetmap.org/way/534147372","source":"OpenStreetMap","brand":"Nottinghamshire Healthcare NHS Foundation Trust"}},{"type":"Feature","geometry":{"type":"Point","coordinates":[-1.0938206,52.648691]},"properties":{"name":"The Willows","layer":"hospitals","note":"Leicestershire Partnership NHS Trust","osm_id":"way/534376001","osm_url":"https://www.openstreetmap.org/way/534376001","source":"OpenStreetMap","brand":"Leicestershire Partnership NHS Trust"}},{"type":"Feature","geometry":{"type":"Point","coordinates":[0.0552064,52.4995303]},"properties":{"name":"Doddington Community Hospital","layer":"hospitals","note":"OpenStreetMap","osm_id":"way/534683833","osm_url":"https://www.openstreetmap.org/way/534683833","source":"OpenStreetMap"}},{"type":"Feature","geometry":{"type":"Point","coordinates":[-1.3358443,52.0540058]},"properties":{"name":"The Horton General Hospital","layer":"hospitals","note":"NHS","osm_id":"way/53540791","osm_url":"https://www.openstreetmap.org/way/53540791","source":"OpenStreetMap","brand":"NHS"}},{"type":"Feature","geometry":{"type":"Point","coordinates":[-2.0047866,52.6136617]},"properties":{"name":"Bloxwich Hospital","layer":"hospitals","note":"OpenStreetMap","osm_id":"way/53570386","osm_url":"https://www.openstreetmap.org/way/53570386","source":"OpenStreetMap"}},{"type":"Feature","geometry":{"type":"Point","coordinates":[-1.2466938,54.5464242]},"properties":{"name":"Tees Valley Hospital","layer":"hospitals","note":"Ramsay Health Care","osm_id":"way/535783832","osm_url":"https://www.openstreetmap.org/way/535783832","source":"OpenStreetMap","brand":"Ramsay Health Care"}},{"type":"Feature","geometry":{"type":"Point","coordinates":[-1.0829673,52.9186649]},"properties":{"name":"Spire Nottingham Hospital","layer":"hospitals","note":"OpenStreetMap","osm_id":"way/538373963","osm_url":"https://www.openstreetmap.org/way/538373963","source":"OpenStreetMap"}},{"type":"Feature","geometry":{"type":"Point","coordinates":[-2.2028835,53.1581578]},"properties":{"name":"Congleton War Memorial Hospital","layer":"hospitals","note":"OpenStreetMap","osm_id":"way/538941279","osm_url":"https://www.openstreetmap.org/way/538941279","source":"OpenStreetMap"}},{"type":"Feature","geometry":{"type":"Point","coordinates":[0.014417,51.4011388]},"properties":{"name":"Renal Dialysis Unit","layer":"hospitals","note":"NHS Kings@Bromley","osm_id":"way/540185923","osm_url":"https://www.openstreetmap.org/way/540185923","source":"OpenStreetMap","brand":"NHS Kings@Bromley"}},{"type":"Feature","geometry":{"type":"Point","coordinates":[-1.8674131,52.4490905]},"properties":{"name":"The Zinnia Centre","layer":"hospitals","note":"Birmingham & Solihull Mental Health NHS Trust","osm_id":"way/54172118","osm_url":"https://www.openstreetmap.org/way/54172118","source":"OpenStreetMap","brand":"Birmingham & Solihull Mental Health NHS Trust"}},{"type":"Feature","geometry":{"type":"Point","coordinates":[-0.9252436,52.4766523]},"properties":{"name":"Market Harborough Medical Centre","layer":"hospitals","note":"NHS","osm_id":"way/54179144","osm_url":"https://www.openstreetmap.org/way/54179144","source":"OpenStreetMap","brand":"NHS"}},{"type":"Feature","geometry":{"type":"Point","coordinates":[-2.5993056,51.4594053]},"properties":{"name":"St Michael's Hospital","layer":"hospitals","note":"OpenStreetMap","osm_id":"way/541961901","osm_url":"https://www.openstreetmap.org/way/541961901","source":"OpenStreetMap"}},{"type":"Feature","geometry":{"type":"Point","coordinates":[0.8816841,51.1482159]},"properties":{"name":"Sydenham House Medical Centre","layer":"hospitals","note":"OpenStreetMap","osm_id":"way/542189621","osm_url":"https://www.openstreetmap.org/way/542189621","source":"OpenStreetMap"}},{"type":"Feature","geometry":{"type":"Point","coordinates":[-1.1381223,53.1574024]},"properties":{"name":"Clipstone Health Centre","layer":"hospitals","note":"NHS, Well","osm_id":"way/543007376","osm_url":"https://www.openstreetmap.org/way/543007376","source":"OpenStreetMap","brand":"NHS, Well"}},{"type":"Feature","geometry":{"type":"Point","coordinates":[-5.2454763,50.229006]},"properties":{"name":"Camborne Redruth Community Hospital","layer":"hospitals","note":"Cornwall Partnership NHS Foundation Trust","osm_id":"way/545023986","osm_url":"https://www.openstreetmap.org/way/545023986","source":"OpenStreetMap","brand":"Cornwall Partnership NHS Foundation Trust"}},{"type":"Feature","geometry":{"type":"Point","coordinates":[-2.0613871,53.3923634]},"properties":{"name":"Marple Cottage Surgery","layer":"hospitals","note":"NHS","osm_id":"way/546992434","osm_url":"https://www.openstreetmap.org/way/546992434","source":"OpenStreetMap","brand":"NHS"}},{"type":"Feature","geometry":{"type":"Point","coordinates":[-4.1162781,50.4171632]},"properties":{"name":"Derriford Hospital","layer":"hospitals","note":"OpenStreetMap","osm_id":"way/54699441","osm_url":"https://www.openstreetmap.org/way/54699441","source":"OpenStreetMap"}},{"type":"Feature","geometry":{"type":"Point","coordinates":[-4.1149566,50.4185648]},"properties":{"name":"Nuffield Clinic","layer":"hospitals","note":"OpenStreetMap","osm_id":"way/54699459","osm_url":"https://www.openstreetmap.org/way/54699459","source":"OpenStreetMap"}},{"type":"Feature","geometry":{"type":"Point","coordinates":[-0.1204028,51.5224739]},"properties":{"name":"Great Ormond Street Hospital for Children","layer":"hospitals","note":"Great Ormond Street Hospital for Children NHS Foundation Trust","osm_id":"way/548533106","osm_url":"https://www.openstreetmap.org/way/548533106","source":"OpenStreetMap","brand":"Great Ormond Street Hospital for Children NHS Foundation Trust"}},{"type":"Feature","geometry":{"type":"Point","coordinates":[-6.769264,54.5102054]},"properties":{"name":"South Tyrone Hospital","layer":"hospitals","note":"Southern Health and Social Care Trust","osm_id":"way/549237263","osm_url":"https://www.openstreetmap.org/way/549237263","source":"OpenStreetMap","brand":"Southern Health and Social Care Trust"}},{"type":"Feature","geometry":{"type":"Point","coordinates":[-3.2167711,51.7917618]},"properties":{"name":"Three Valleys Hospital","layer":"hospitals","note":"OpenStreetMap","osm_id":"way/549803073","osm_url":"https://www.openstreetmap.org/way/549803073","source":"OpenStreetMap"}},{"type":"Feature","geometry":{"type":"Point","coordinates":[-1.1103571,53.3169918]},"properties":{"name":"Bassetlaw Hospital","layer":"hospitals","note":"Doncaster and Bassetlaw Hospitals NHS Trust","osm_id":"way/549825366","osm_url":"https://www.openstreetmap.org/way/549825366","source":"OpenStreetMap","brand":"Doncaster and Bassetlaw Hospitals NHS Trust"}},{"type":"Feature","geometry":{"type":"Point","coordinates":[-1.61147,54.7996089]},"properties":{"name":"Lanchester Road Hospital","layer":"hospitals","note":"OpenStreetMap","osm_id":"way/55008042","osm_url":"https://www.openstreetmap.org/way/55008042","source":"OpenStreetMap"}},{"type":"Feature","geometry":{"type":"Point","coordinates":[-0.5933035,51.5057102]},"properties":{"name":"Upton Hospital","layer":"hospitals","note":"NHS","osm_id":"way/550410006","osm_url":"https://www.openstreetmap.org/way/550410006","source":"OpenStreetMap","brand":"NHS"}},{"type":"Feature","geometry":{"type":"Point","coordinates":[-0.6088556,51.2411709]},"properties":{"name":"Royal Surrey County Hospital","layer":"hospitals","note":"OpenStreetMap","osm_id":"way/55113949","osm_url":"https://www.openstreetmap.org/way/55113949","source":"OpenStreetMap"}},{"type":"Feature","geometry":{"type":"Point","coordinates":[0.1451183,52.6153757]},"properties":{"name":"Cambian Meeko House & Home Tree School","layer":"hospitals","note":"Cambian","osm_id":"way/551358971","osm_url":"https://www.openstreetmap.org/way/551358971","source":"OpenStreetMap","brand":"Cambian"}},{"type":"Feature","geometry":{"type":"Point","coordinates":[-3.2058553,50.9791085]},"properties":{"name":"Wellesley Hospital","layer":"hospitals","note":"Elysium Healthcare","osm_id":"way/552003571","osm_url":"https://www.openstreetmap.org/way/552003571","source":"OpenStreetMap","brand":"Elysium Healthcare"}},{"type":"Feature","geometry":{"type":"Point","coordinates":[-4.0717943,52.4163834]},"properties":{"name":"Ysbyty Bronglais / Bronglais Hospital","layer":"hospitals","note":"OpenStreetMap","osm_id":"way/55216072","osm_url":"https://www.openstreetmap.org/way/55216072","source":"OpenStreetMap"}},{"type":"Feature","geometry":{"type":"Point","coordinates":[-4.0519709,55.782513]},"properties":{"name":"Beckford Lodge","layer":"hospitals","note":"NHS Lanarkshire","osm_id":"way/552179557","osm_url":"https://www.openstreetmap.org/way/552179557","source":"OpenStreetMap","brand":"NHS Lanarkshire"}},{"type":"Feature","geometry":{"type":"Point","coordinates":[-2.18154,52.1913684]},"properties":{"name":"Worcestershire Royal Hospital","layer":"hospitals","note":"OpenStreetMap","osm_id":"way/55277874","osm_url":"https://www.openstreetmap.org/way/55277874","source":"OpenStreetMap"}},{"type":"Feature","geometry":{"type":"Point","coordinates":[-5.9089575,54.671332]},"properties":{"name":"Whiteabbey Hospital","layer":"hospitals","note":"OpenStreetMap","osm_id":"way/553817578","osm_url":"https://www.openstreetmap.org/way/553817578","source":"OpenStreetMap"}},{"type":"Feature","geometry":{"type":"Point","coordinates":[-2.2551874,53.600548]},"properties":{"name":"Fairfield Hospital","layer":"hospitals","note":"OpenStreetMap","osm_id":"way/554324480","osm_url":"https://www.openstreetmap.org/way/554324480","source":"OpenStreetMap"}},{"type":"Feature","geometry":{"type":"Point","coordinates":[-1.0048552,53.9958042]},"properties":{"name":"Stockton Hall","layer":"hospitals","note":"OpenStreetMap","osm_id":"way/554648951","osm_url":"https://www.openstreetmap.org/way/554648951","source":"OpenStreetMap"}},{"type":"Feature","geometry":{"type":"Point","coordinates":[-1.0525537,54.5386082]},"properties":{"name":"Guisborough General Hospital","layer":"hospitals","note":"OpenStreetMap","osm_id":"way/55501357","osm_url":"https://www.openstreetmap.org/way/55501357","source":"OpenStreetMap"}},{"type":"Feature","geometry":{"type":"Point","coordinates":[-0.7694953,50.8439592]},"properties":{"name":"St Richard's Hospital","layer":"hospitals","note":"OpenStreetMap","osm_id":"way/556344005","osm_url":"https://www.openstreetmap.org/way/556344005","source":"OpenStreetMap"}},{"type":"Feature","geometry":{"type":"Point","coordinates":[-1.9137533,52.4556795]},"properties":{"name":"The Priory Hospital","layer":"hospitals","note":"Circle Health Group","osm_id":"way/55684407","osm_url":"https://www.openstreetmap.org/way/55684407","source":"OpenStreetMap","brand":"Circle Health Group"}},{"type":"Feature","geometry":{"type":"Point","coordinates":[-2.2613901,52.3851806]},"properties":{"name":"Kidderminster Hospital","layer":"hospitals","note":"Worcestershire Acute Hospitals NHS Trust","osm_id":"way/55752215","osm_url":"https://www.openstreetmap.org/way/55752215","source":"OpenStreetMap","brand":"Worcestershire Acute Hospitals NHS Trust"}},{"type":"Feature","geometry":{"type":"Point","coordinates":[-2.0095409,53.1028493]},"properties":{"name":"Leek Moorlands Hospital","layer":"hospitals","note":"OpenStreetMap","osm_id":"way/559517364","osm_url":"https://www.openstreetmap.org/way/559517364","source":"OpenStreetMap"}},{"type":"Feature","geometry":{"type":"Point","coordinates":[-8.91634,52.1761463]},"properties":{"name":"Kanturk Community Hospital","layer":"hospitals","note":"Health Service Executive","osm_id":"way/559539519","osm_url":"https://www.openstreetmap.org/way/559539519","source":"OpenStreetMap","brand":"Health Service Executive"}},{"type":"Feature","geometry":{"type":"Point","coordinates":[-6.2649614,53.3568602]},"properties":{"name":"Mater Private Hospital","layer":"hospitals","note":"OpenStreetMap","osm_id":"way/560423644","osm_url":"https://www.openstreetmap.org/way/560423644","source":"OpenStreetMap"}},{"type":"Feature","geometry":{"type":"Point","coordinates":[-6.3508635,54.1797795]},"properties":{"name":"Daisy Hill Hospital","layer":"hospitals","note":"Southern Health and Social Care Trust","osm_id":"way/56176912","osm_url":"https://www.openstreetmap.org/way/56176912","source":"OpenStreetMap","brand":"Southern Health and Social Care Trust"}},{"type":"Feature","geometry":{"type":"Point","coordinates":[-2.7972731,55.9574128]},"properties":{"name":"East Lothian Community Hospital","layer":"hospitals","note":"NHS Scotland","osm_id":"way/56300048","osm_url":"https://www.openstreetmap.org/way/56300048","source":"OpenStreetMap","brand":"NHS Scotland"}},{"type":"Feature","geometry":{"type":"Point","coordinates":[-4.064298,55.8116756]},"properties":{"name":"Kirklands Hospital","layer":"hospitals","note":"OpenStreetMap","osm_id":"way/563135732","osm_url":"https://www.openstreetmap.org/way/563135732","source":"OpenStreetMap"}},{"type":"Feature","geometry":{"type":"Point","coordinates":[-3.0901291,55.8804268]},"properties":{"name":"Midlothian Community Hospital","layer":"hospitals","note":"OpenStreetMap","osm_id":"way/563142944","osm_url":"https://www.openstreetmap.org/way/563142944","source":"OpenStreetMap"}},{"type":"Feature","geometry":{"type":"Point","coordinates":[-1.1559637,60.1510306]},"properties":{"name":"Gilbert Bain Hospital","layer":"hospitals","note":"NHS Shetland","osm_id":"way/563148939","osm_url":"https://www.openstreetmap.org/way/563148939","source":"OpenStreetMap","brand":"NHS Shetland"}},{"type":"Feature","geometry":{"type":"Point","coordinates":[-6.2022513,53.3672912]},"properties":{"name":"Incorporated Orthopaedic Hospital of Ireland","layer":"hospitals","note":"OpenStreetMap","osm_id":"way/563272077","osm_url":"https://www.openstreetmap.org/way/563272077","source":"OpenStreetMap"}},{"type":"Feature","geometry":{"type":"Point","coordinates":[-1.4514085,54.6627079]},"properties":{"name":"Sedgefield Community Hospital","layer":"hospitals","note":"OpenStreetMap","osm_id":"way/563537352","osm_url":"https://www.openstreetmap.org/way/563537352","source":"OpenStreetMap"}},{"type":"Feature","geometry":{"type":"Point","coordinates":[0.1060472,52.6938221]},"properties":{"name":"Hospital","layer":"hospitals","note":"OpenStreetMap","osm_id":"way/564453846","osm_url":"https://www.openstreetmap.org/way/564453846","source":"OpenStreetMap"}},{"type":"Feature","geometry":{"type":"Point","coordinates":[-1.0022403,51.4493029]},"properties":{"name":"Sue Ryder Duchess of Kent Hospice","layer":"hospitals","note":"OpenStreetMap","osm_id":"way/566191573","osm_url":"https://www.openstreetmap.org/way/566191573","source":"OpenStreetMap"}},{"type":"Feature","geometry":{"type":"Point","coordinates":[-1.818165,53.8322521]},"properties":{"name":"Yorkshire Clinic","layer":"hospitals","note":"Ramsay Health Care UK","osm_id":"way/56684420","osm_url":"https://www.openstreetmap.org/way/56684420","source":"OpenStreetMap","brand":"Ramsay Health Care UK"}},{"type":"Feature","geometry":{"type":"Point","coordinates":[-1.5947445,52.2887207]},"properties":{"name":"St Michaels","layer":"hospitals","note":"OpenStreetMap","osm_id":"way/56790221","osm_url":"https://www.openstreetmap.org/way/56790221","source":"OpenStreetMap"}},{"type":"Feature","geometry":{"type":"Point","coordinates":[-1.7599284,52.5014056]},"properties":{"name":"Hospital","layer":"hospitals","note":"OpenStreetMap","osm_id":"way/567954940","osm_url":"https://www.openstreetmap.org/way/567954940","source":"OpenStreetMap"}},{"type":"Feature","geometry":{"type":"Point","coordinates":[-1.1102706,53.5308452]},"properties":{"name":"Doncaster Royal Infirmary","layer":"hospitals","note":"OpenStreetMap","osm_id":"way/56810027","osm_url":"https://www.openstreetmap.org/way/56810027","source":"OpenStreetMap"}},{"type":"Feature","geometry":{"type":"Point","coordinates":[-1.1456858,53.4955618]},"properties":{"name":"Tickhill Road","layer":"hospitals","note":"OpenStreetMap","osm_id":"way/56815778","osm_url":"https://www.openstreetmap.org/way/56815778","source":"OpenStreetMap"}},{"type":"Feature","geometry":{"type":"Point","coordinates":[-3.0147066,56.4625282]},"properties":{"name":"Royal Victoria Hospital","layer":"hospitals","note":"NHS Tayside","osm_id":"way/569141801","osm_url":"https://www.openstreetmap.org/way/569141801","source":"OpenStreetMap","brand":"NHS Tayside"}},{"type":"Feature","geometry":{"type":"Point","coordinates":[-7.4888105,53.2829962]},"properties":{"name":"Midland Regional Hospital Tullamore","layer":"hospitals","note":"Health Service Executive","osm_id":"way/56968562","osm_url":"https://www.openstreetmap.org/way/56968562","source":"OpenStreetMap","brand":"Health Service Executive"}},{"type":"Feature","geometry":{"type":"Point","coordinates":[-2.205621,49.7203124]},"properties":{"name":"Mignot Memorial Hospital","layer":"hospitals","note":"OpenStreetMap","osm_id":"way/571812203","osm_url":"https://www.openstreetmap.org/way/571812203","source":"OpenStreetMap"}},{"type":"Feature","geometry":{"type":"Point","coordinates":[-6.1131556,53.4874897]},"properties":{"name":"Saint Ita's Psychiatric Hospital","layer":"hospitals","note":"OpenStreetMap","osm_id":"way/57676686","osm_url":"https://www.openstreetmap.org/way/57676686","source":"OpenStreetMap"}},{"type":"Feature","geometry":{"type":"Point","coordinates":[-2.7984956,52.7099076]},"properties":{"name":"The Redwoods Centre","layer":"hospitals","note":"OpenStreetMap","osm_id":"way/577315321","osm_url":"https://www.openstreetmap.org/way/577315321","source":"OpenStreetMap"}},{"type":"Feature","geometry":{"type":"Point","coordinates":[-2.1219264,52.9777778]},"properties":{"name":"Longton Cottage Hospital","layer":"hospitals","note":"OpenStreetMap","osm_id":"way/577537309","osm_url":"https://www.openstreetmap.org/way/577537309","source":"OpenStreetMap"}},{"type":"Feature","geometry":{"type":"Point","coordinates":[-0.9315768,52.4870348]},"properties":{"name":"St Lukes Hospital","layer":"hospitals","note":"OpenStreetMap","osm_id":"way/578009962","osm_url":"https://www.openstreetmap.org/way/578009962","source":"OpenStreetMap"}},{"type":"Feature","geometry":{"type":"Point","coordinates":[-2.4991553,53.5812241]},"properties":{"name":"The Beaumont Hospital","layer":"hospitals","note":"OpenStreetMap","osm_id":"way/580383000","osm_url":"https://www.openstreetmap.org/way/580383000","source":"OpenStreetMap"}},{"type":"Feature","geometry":{"type":"Point","coordinates":[-6.097742,53.0802983]},"properties":{"name":"Newcastle Hospital","layer":"hospitals","note":"Health Service Executive","osm_id":"way/580584886","osm_url":"https://www.openstreetmap.org/way/580584886","source":"OpenStreetMap","brand":"Health Service Executive"}},{"type":"Feature","geometry":{"type":"Point","coordinates":[0.0580564,51.3662017]},"properties":{"name":"Princess Royal University Hospital","layer":"hospitals","note":"King's College NHS Foundation Trust","osm_id":"way/581607863","osm_url":"https://www.openstreetmap.org/way/581607863","source":"OpenStreetMap","brand":"King's College NHS Foundation Trust"}},{"type":"Feature","geometry":{"type":"Point","coordinates":[-3.0078112,53.7442807]},"properties":{"name":"Clifton Hospital","layer":"hospitals","note":"OpenStreetMap","osm_id":"way/584279048","osm_url":"https://www.openstreetmap.org/way/584279048","source":"OpenStreetMap"}},{"type":"Feature","geometry":{"type":"Point","coordinates":[-2.9575216,54.8959998]},"properties":{"name":"Cumberland Infirmary","layer":"hospitals","note":"North Cumbria University Hopsitals NHS Trust","osm_id":"way/584742612","osm_url":"https://www.openstreetmap.org/way/584742612","source":"OpenStreetMap","brand":"North Cumbria University Hopsitals NHS Trust"}},{"type":"Feature","geometry":{"type":"Point","coordinates":[-1.8155525,52.6858684]},"properties":{"name":"Samuel Johnson Community Hospital","layer":"hospitals","note":"OpenStreetMap","osm_id":"way/58528318","osm_url":"https://www.openstreetmap.org/way/58528318","source":"OpenStreetMap"}},{"type":"Feature","geometry":{"type":"Point","coordinates":[-0.9860165,51.4505345]},"properties":{"name":"Spire Dunedin Hospital","layer":"hospitals","note":"Spire Healthcare","osm_id":"way/585956959","osm_url":"https://www.openstreetmap.org/way/585956959","source":"OpenStreetMap","brand":"Spire Healthcare"}},{"type":"Feature","geometry":{"type":"Point","coordinates":[-1.8260897,52.558999]},"properties":{"name":"Sutton Coldfield Cottage Hospital","layer":"hospitals","note":"OpenStreetMap","osm_id":"way/58601737","osm_url":"https://www.openstreetmap.org/way/58601737","source":"OpenStreetMap"}},{"type":"Feature","geometry":{"type":"Point","coordinates":[-2.2162368,52.1812869]},"properties":{"name":"Spire Southbank Hospital","layer":"hospitals","note":"OpenStreetMap","osm_id":"way/586425169","osm_url":"https://www.openstreetmap.org/way/586425169","source":"OpenStreetMap"}},{"type":"Feature","geometry":{"type":"Point","coordinates":[-6.407632,53.3566853]},"properties":{"name":"St. Loman's Hospital","layer":"hospitals","note":"OpenStreetMap","osm_id":"way/586806954","osm_url":"https://www.openstreetmap.org/way/586806954","source":"OpenStreetMap"}},{"type":"Feature","geometry":{"type":"Point","coordinates":[-3.2029953,51.7683119]},"properties":{"name":"Ysbyty Aneurin Bevan","layer":"hospitals","note":"OpenStreetMap","osm_id":"way/587763425","osm_url":"https://www.openstreetmap.org/way/587763425","source":"OpenStreetMap"}},{"type":"Feature","geometry":{"type":"Point","coordinates":[-3.2085333,54.1360557]},"properties":{"name":"Furness General Hospital","layer":"hospitals","note":"OpenStreetMap","osm_id":"way/588483640","osm_url":"https://www.openstreetmap.org/way/588483640","source":"OpenStreetMap"}},{"type":"Feature","geometry":{"type":"Point","coordinates":[-1.5128818,52.918624]},"properties":{"name":"Kingsway Hospital","layer":"hospitals","note":"OpenStreetMap","osm_id":"way/588588917","osm_url":"https://www.openstreetmap.org/way/588588917","source":"OpenStreetMap"}},{"type":"Feature","geometry":{"type":"Point","coordinates":[-1.3020196,51.6699016]},"properties":{"name":"Abingdon Community Hospital","layer":"hospitals","note":"OpenStreetMap","osm_id":"way/58879366","osm_url":"https://www.openstreetmap.org/way/58879366","source":"OpenStreetMap"}},{"type":"Feature","geometry":{"type":"Point","coordinates":[-3.194006,51.4818745]},"properties":{"name":"Saint David's Hospital","layer":"hospitals","note":"OpenStreetMap","osm_id":"way/59021948","osm_url":"https://www.openstreetmap.org/way/59021948","source":"OpenStreetMap"}},{"type":"Feature","geometry":{"type":"Point","coordinates":[0.0067008,51.4634313]},"properties":{"name":"Blackheath Hospital","layer":"hospitals","note":"Circle Health Group Limited","osm_id":"way/591570712","osm_url":"https://www.openstreetmap.org/way/591570712","source":"OpenStreetMap","brand":"Circle Health Group Limited"}},{"type":"Feature","geometry":{"type":"Point","coordinates":[-0.7414354,52.4019041]},"properties":{"name":"Kettering General Hospital","layer":"hospitals","note":"Kettering General Hospital NHS Foundation Trust","osm_id":"way/59384919","osm_url":"https://www.openstreetmap.org/way/59384919","source":"OpenStreetMap","brand":"Kettering General Hospital NHS Foundation Trust"}},{"type":"Feature","geometry":{"type":"Point","coordinates":[-3.4551643,56.39617]},"properties":{"name":"Perth Royal Infirmary","layer":"hospitals","note":"NHS Tayside","osm_id":"way/59453979","osm_url":"https://www.openstreetmap.org/way/59453979","source":"OpenStreetMap","brand":"NHS Tayside"}},{"type":"Feature","geometry":{"type":"Point","coordinates":[-6.1200476,53.4891779]},"properties":{"name":"National Forensic Mental Health Service","layer":"hospitals","note":"Health Service Executive","osm_id":"way/594793442","osm_url":"https://www.openstreetmap.org/way/594793442","source":"OpenStreetMap","brand":"Health Service Executive"}},{"type":"Feature","geometry":{"type":"Point","coordinates":[-1.8432603,54.8699532]},"properties":{"name":"Shotley Bridge Hospital","layer":"hospitals","note":"OpenStreetMap","osm_id":"way/595237922","osm_url":"https://www.openstreetmap.org/way/595237922","source":"OpenStreetMap"}},{"type":"Feature","geometry":{"type":"Point","coordinates":[-3.0194923,53.8260796]},"properties":{"name":"Spire Fylde Coast Hospital","layer":"hospitals","note":"Spire","osm_id":"way/599017514","osm_url":"https://www.openstreetmap.org/way/599017514","source":"OpenStreetMap","brand":"Spire"}},{"type":"Feature","geometry":{"type":"Point","coordinates":[-1.9472904,52.0854821]},"properties":{"name":"Evesham Community Hospital","layer":"hospitals","note":"OpenStreetMap","osm_id":"way/60438115","osm_url":"https://www.openstreetmap.org/way/60438115","source":"OpenStreetMap"}},{"type":"Feature","geometry":{"type":"Point","coordinates":[-3.8013496,51.5987005]},"properties":{"name":"Neath Port Talbot Hospital","layer":"hospitals","note":"OpenStreetMap","osm_id":"way/60472568","osm_url":"https://www.openstreetmap.org/way/60472568","source":"OpenStreetMap"}},{"type":"Feature","geometry":{"type":"Point","coordinates":[-3.6587197,55.0580725]},"properties":{"name":"Dumfries and Galloway Royal Infirmary","layer":"hospitals","note":"NHS Dumfries and Galloway","osm_id":"way/606817383","osm_url":"https://www.openstreetmap.org/way/606817383","source":"OpenStreetMap","brand":"NHS Dumfries and Galloway"}},{"type":"Feature","geometry":{"type":"Point","coordinates":[0.7927107,51.4153207]},"properties":{"name":"Sheppey Community Hospital","layer":"hospitals","note":"NHS England;Kent Community Health NHS Foundation Trust","osm_id":"way/60789858","osm_url":"https://www.openstreetmap.org/way/60789858","source":"OpenStreetMap","brand":"NHS England;Kent Community Health NHS Foundation Trust"}},{"type":"Feature","geometry":{"type":"Point","coordinates":[-0.8838202,52.2360649]},"properties":{"name":"Northampton General Hospital","layer":"hospitals","note":"Northampton General Hospital NHS Trust","osm_id":"way/60911741","osm_url":"https://www.openstreetmap.org/way/60911741","source":"OpenStreetMap","brand":"Northampton General Hospital NHS Trust"}},{"type":"Feature","geometry":{"type":"Point","coordinates":[-2.2922063,54.0693435]},"properties":{"name":"Castleberg Hospital","layer":"hospitals","note":"OpenStreetMap","osm_id":"way/61283253","osm_url":"https://www.openstreetmap.org/way/61283253","source":"OpenStreetMap"}},{"type":"Feature","geometry":{"type":"Point","coordinates":[-0.3215253,51.5753346]},"properties":{"name":"Northwick Park Hospital","layer":"hospitals","note":"OpenStreetMap","osm_id":"way/6134866","osm_url":"https://www.openstreetmap.org/way/6134866","source":"OpenStreetMap"}},{"type":"Feature","geometry":{"type":"Point","coordinates":[-5.4244169,50.1804998]},"properties":{"name":"St. Michael's Hospital","layer":"hospitals","note":"OpenStreetMap","osm_id":"way/61428386","osm_url":"https://www.openstreetmap.org/way/61428386","source":"OpenStreetMap"}},{"type":"Feature","geometry":{"type":"Point","coordinates":[-1.4550889,52.907411]},"properties":{"name":"Cygnet Hospital Derby","layer":"hospitals","note":"OpenStreetMap","osm_id":"way/61649078","osm_url":"https://www.openstreetmap.org/way/61649078","source":"OpenStreetMap"}},{"type":"Feature","geometry":{"type":"Point","coordinates":[-1.5396771,53.7470828]},"properties":{"name":"Aire Court Community Unit","layer":"hospitals","note":"OpenStreetMap","osm_id":"way/617838626","osm_url":"https://www.openstreetmap.org/way/617838626","source":"OpenStreetMap"}},{"type":"Feature","geometry":{"type":"Point","coordinates":[0.1058018,50.9660023]},"properties":{"name":"Uckfield Community Hospital","layer":"hospitals","note":"OpenStreetMap","osm_id":"way/618066194","osm_url":"https://www.openstreetmap.org/way/618066194","source":"OpenStreetMap"}},{"type":"Feature","geometry":{"type":"Point","coordinates":[-3.8383212,51.0167441]},"properties":{"name":"South Molton Hospital","layer":"hospitals","note":"NHS","osm_id":"way/620151377","osm_url":"https://www.openstreetmap.org/way/620151377","source":"OpenStreetMap","brand":"NHS"}},{"type":"Feature","geometry":{"type":"Point","coordinates":[-0.1651177,50.9655359]},"properties":{"name":"The Dene","layer":"hospitals","note":"The Priory Group","osm_id":"way/620156315","osm_url":"https://www.openstreetmap.org/way/620156315","source":"OpenStreetMap","brand":"The Priory Group"}},{"type":"Feature","geometry":{"type":"Point","coordinates":[-8.2566546,52.1387108]},"properties":{"name":"Fermoy Community Hospital","layer":"hospitals","note":"Health Service Executive","osm_id":"way/620750267","osm_url":"https://www.openstreetmap.org/way/620750267","source":"OpenStreetMap","brand":"Health Service Executive"}},{"type":"Feature","geometry":{"type":"Point","coordinates":[-6.1872786,54.038416]},"properties":{"name":"Hospital","layer":"hospitals","note":"OpenStreetMap","osm_id":"way/625386046","osm_url":"https://www.openstreetmap.org/way/625386046","source":"OpenStreetMap"}},{"type":"Feature","geometry":{"type":"Point","coordinates":[-3.9256052,51.620968]},"properties":{"name":"Sancta Maria Hospital","layer":"hospitals","note":"The Healthcare Management Trust","osm_id":"way/634962366","osm_url":"https://www.openstreetmap.org/way/634962366","source":"OpenStreetMap","brand":"The Healthcare Management Trust"}},{"type":"Feature","geometry":{"type":"Point","coordinates":[-6.0594404,53.3852001]},"properties":{"name":"Kilrock House","layer":"hospitals","note":"Mental Health Commission","osm_id":"way/637918930","osm_url":"https://www.openstreetmap.org/way/637918930","source":"OpenStreetMap","brand":"Mental Health Commission"}},{"type":"Feature","geometry":{"type":"Point","coordinates":[-2.7952469,54.0431418]},"properties":{"name":"The Lancaster Hospital","layer":"hospitals","note":"Circle Health Group","osm_id":"way/638788080","osm_url":"https://www.openstreetmap.org/way/638788080","source":"OpenStreetMap","brand":"Circle Health Group"}},{"type":"Feature","geometry":{"type":"Point","coordinates":[-1.893374,52.4463416]},"properties":{"name":"Moseley Hall Hospital","layer":"hospitals","note":"OpenStreetMap","osm_id":"way/63940521","osm_url":"https://www.openstreetmap.org/way/63940521","source":"OpenStreetMap"}},{"type":"Feature","geometry":{"type":"Point","coordinates":[-9.9009403,51.6520393]},"properties":{"name":"St Joseph's Community Hospital","layer":"hospitals","note":"Health Service Executive","osm_id":"way/640136613","osm_url":"https://www.openstreetmap.org/way/640136613","source":"OpenStreetMap","brand":"Health Service Executive"}},{"type":"Feature","geometry":{"type":"Point","coordinates":[-3.5108238,50.5483402]},"properties":{"name":"Teignmouth Hospital","layer":"hospitals","note":"OpenStreetMap","osm_id":"way/640146257","osm_url":"https://www.openstreetmap.org/way/640146257","source":"OpenStreetMap"}},{"type":"Feature","geometry":{"type":"Point","coordinates":[0.8997515,51.9090022]},"properties":{"name":"Colchester General Hospital","layer":"hospitals","note":"East Suffolk and North Essex NHS Foundation Trust","osm_id":"way/640367242","osm_url":"https://www.openstreetmap.org/way/640367242","source":"OpenStreetMap","brand":"East Suffolk and North Essex NHS Foundation Trust"}},{"type":"Feature","geometry":{"type":"Point","coordinates":[-0.0599244,51.5174467]},"properties":{"name":"Royal London Hospital","layer":"hospitals","note":"Barts Health NHS Trust","osm_id":"way/640495338","osm_url":"https://www.openstreetmap.org/way/640495338","source":"OpenStreetMap","brand":"Barts Health NHS Trust"}},{"type":"Feature","geometry":{"type":"Point","coordinates":[-5.2651715,50.0917905]},"properties":{"name":"Helston Community Hospital","layer":"hospitals","note":"OpenStreetMap","osm_id":"way/64551813","osm_url":"https://www.openstreetmap.org/way/64551813","source":"OpenStreetMap"}},{"type":"Feature","geometry":{"type":"Point","coordinates":[-3.1257457,52.0701957]},"properties":{"name":"Hay on Wye Medical Centre","layer":"hospitals","note":"OpenStreetMap","osm_id":"way/645713282","osm_url":"https://www.openstreetmap.org/way/645713282","source":"OpenStreetMap"}},{"type":"Feature","geometry":{"type":"Point","coordinates":[-0.600335,52.3292654]},"properties":{"name":"Kettering General Hospital - Nene Park","layer":"hospitals","note":"OpenStreetMap","osm_id":"way/646099849","osm_url":"https://www.openstreetmap.org/way/646099849","source":"OpenStreetMap"}},{"type":"Feature","geometry":{"type":"Point","coordinates":[-0.7732463,50.8515633]},"properties":{"name":"Harold Kidd Unit","layer":"hospitals","note":"OpenStreetMap","osm_id":"way/646278668","osm_url":"https://www.openstreetmap.org/way/646278668","source":"OpenStreetMap"}},{"type":"Feature","geometry":{"type":"Point","coordinates":[-2.230798,56.9690806]},"properties":{"name":"Kincardine Community Hospital","layer":"hospitals","note":"OpenStreetMap","osm_id":"way/646611612","osm_url":"https://www.openstreetmap.org/way/646611612","source":"OpenStreetMap"}},{"type":"Feature","geometry":{"type":"Point","coordinates":[-2.5223956,51.4987895]},"properties":{"name":"Frenchay Brain Injury Rehabilitation Centre","layer":"hospitals","note":"OpenStreetMap","osm_id":"way/647048896","osm_url":"https://www.openstreetmap.org/way/647048896","source":"OpenStreetMap"}},{"type":"Feature","geometry":{"type":"Point","coordinates":[-0.7733096,50.8512734]},"properties":{"name":"Hospital","layer":"hospitals","note":"OpenStreetMap","osm_id":"way/648542451","osm_url":"https://www.openstreetmap.org/way/648542451","source":"OpenStreetMap"}},{"type":"Feature","geometry":{"type":"Point","coordinates":[-1.4109774,53.0479436]},"properties":{"name":"Ripley Hospital","layer":"hospitals","note":"Derbyshire Community Health Services NHS Foundation Trust","osm_id":"way/64935280","osm_url":"https://www.openstreetmap.org/way/64935280","source":"OpenStreetMap","brand":"Derbyshire Community Health Services NHS Foundation Trust"}},{"type":"Feature","geometry":{"type":"Point","coordinates":[-1.5803323,54.9388271]},"properties":{"name":"Queen Elizabeth Hospital","layer":"hospitals","note":"OpenStreetMap","osm_id":"way/65249146","osm_url":"https://www.openstreetmap.org/way/65249146","source":"OpenStreetMap"}},{"type":"Feature","geometry":{"type":"Point","coordinates":[-6.4374845,53.3628084]},"properties":{"name":"St. Edmundsbury Hospital","layer":"hospitals","note":"OpenStreetMap","osm_id":"way/653631508","osm_url":"https://www.openstreetmap.org/way/653631508","source":"OpenStreetMap"}},{"type":"Feature","geometry":{"type":"Point","coordinates":[-1.4290073,54.9715641]},"properties":{"name":"South Tyneside District Hospital","layer":"hospitals","note":"OpenStreetMap","osm_id":"way/65383944","osm_url":"https://www.openstreetmap.org/way/65383944","source":"OpenStreetMap"}},{"type":"Feature","geometry":{"type":"Point","coordinates":[0.1667663,51.4769611]},"properties":{"name":"Erith and District Hospital","layer":"hospitals","note":"OpenStreetMap","osm_id":"way/654480339","osm_url":"https://www.openstreetmap.org/way/654480339","source":"OpenStreetMap"}},{"type":"Feature","geometry":{"type":"Point","coordinates":[-1.5145005,53.8322112]},"properties":{"name":"Spire Leeds Hospital","layer":"hospitals","note":"OpenStreetMap","osm_id":"way/654491323","osm_url":"https://www.openstreetmap.org/way/654491323","source":"OpenStreetMap"}},{"type":"Feature","geometry":{"type":"Point","coordinates":[-2.2672865,53.5999045]},"properties":{"name":"Bury Hospice","layer":"hospitals","note":"OpenStreetMap","osm_id":"way/656685631","osm_url":"https://www.openstreetmap.org/way/656685631","source":"OpenStreetMap"}},{"type":"Feature","geometry":{"type":"Point","coordinates":[-0.7352055,50.99358]},"properties":{"name":"Midhurst Community Hospital","layer":"hospitals","note":"Sussex Community NHS Foundation Trust","osm_id":"way/658241705","osm_url":"https://www.openstreetmap.org/way/658241705","source":"OpenStreetMap","brand":"Sussex Community NHS Foundation Trust"}},{"type":"Feature","geometry":{"type":"Point","coordinates":[-3.4500773,51.6365922]},"properties":{"name":"Ysbyty Cwm Rhondda","layer":"hospitals","note":"OpenStreetMap","osm_id":"way/660266152","osm_url":"https://www.openstreetmap.org/way/660266152","source":"OpenStreetMap"}},{"type":"Feature","geometry":{"type":"Point","coordinates":[-0.1442135,51.5228041]},"properties":{"name":"The Portland Hospital Consulting Suite","layer":"hospitals","note":"OpenStreetMap","osm_id":"way/660411791","osm_url":"https://www.openstreetmap.org/way/660411791","source":"OpenStreetMap"}},{"type":"Feature","geometry":{"type":"Point","coordinates":[-3.9546803,56.1073744]},"properties":{"name":"BMI Kings Park Hospital","layer":"hospitals","note":"BMI Healthcare","osm_id":"way/660613517","osm_url":"https://www.openstreetmap.org/way/660613517","source":"OpenStreetMap","brand":"BMI Healthcare"}},{"type":"Feature","geometry":{"type":"Point","coordinates":[-1.9207163,53.2623307]},"properties":{"name":"Cavendish Hospital","layer":"hospitals","note":"OpenStreetMap","osm_id":"way/660617029","osm_url":"https://www.openstreetmap.org/way/660617029","source":"OpenStreetMap"}},{"type":"Feature","geometry":{"type":"Point","coordinates":[-4.1246883,51.2046649]},"properties":{"name":"Ilfracombe Tyrrell Hospital","layer":"hospitals","note":"OpenStreetMap","osm_id":"way/660624600","osm_url":"https://www.openstreetmap.org/way/660624600","source":"OpenStreetMap"}},{"type":"Feature","geometry":{"type":"Point","coordinates":[-2.3735001,53.8830903]},"properties":{"name":"Clitheroe Community Hospital","layer":"hospitals","note":"East Lancashire Hospitals NHS Trust (ELHT)","osm_id":"way/661422963","osm_url":"https://www.openstreetmap.org/way/661422963","source":"OpenStreetMap","brand":"East Lancashire Hospitals NHS Trust (ELHT)"}},{"type":"Feature","geometry":{"type":"Point","coordinates":[-3.1606656,56.1280149]},"properties":{"name":"Whyteman's Brae Hospital","layer":"hospitals","note":"NHS Fife","osm_id":"way/661439833","osm_url":"https://www.openstreetmap.org/way/661439833","source":"OpenStreetMap","brand":"NHS Fife"}},{"type":"Feature","geometry":{"type":"Point","coordinates":[-1.5204342,53.4210312]},"properties":{"name":"Rehabilitation Centre","layer":"hospitals","note":"NHS","osm_id":"way/662125718","osm_url":"https://www.openstreetmap.org/way/662125718","source":"OpenStreetMap","brand":"NHS"}},{"type":"Feature","geometry":{"type":"Point","coordinates":[-0.8063383,54.1371877]},"properties":{"name":"Malton Community Hospital","layer":"hospitals","note":"OpenStreetMap","osm_id":"way/662128709","osm_url":"https://www.openstreetmap.org/way/662128709","source":"OpenStreetMap"}},{"type":"Feature","geometry":{"type":"Point","coordinates":[0.0830383,52.5510252]},"properties":{"name":"Riverside Practice","layer":"hospitals","note":"OpenStreetMap","osm_id":"way/662268047","osm_url":"https://www.openstreetmap.org/way/662268047","source":"OpenStreetMap"}},{"type":"Feature","geometry":{"type":"Point","coordinates":[0.8927168,51.9185738]},"properties":{"name":"St Aubyn Centre","layer":"hospitals","note":"OpenStreetMap","osm_id":"way/662317984","osm_url":"https://www.openstreetmap.org/way/662317984","source":"OpenStreetMap"}},{"type":"Feature","geometry":{"type":"Point","coordinates":[-3.3767912,52.2433383]},"properties":{"name":"Cottage Hospital Llandrindod Wells","layer":"hospitals","note":"OpenStreetMap","osm_id":"way/662701324","osm_url":"https://www.openstreetmap.org/way/662701324","source":"OpenStreetMap"}},{"type":"Feature","geometry":{"type":"Point","coordinates":[-2.9955648,51.833163]},"properties":{"name":"Maindiff Court Hospital","layer":"hospitals","note":"OpenStreetMap","osm_id":"way/662702118","osm_url":"https://www.openstreetmap.org/way/662702118","source":"OpenStreetMap"}},{"type":"Feature","geometry":{"type":"Point","coordinates":[-1.4908218,53.3804034]},"properties":{"name":"Sheffield Children's Hospital","layer":"hospitals","note":"Sheffield Children's Hospital NHS Foundation Trust","osm_id":"way/663317297","osm_url":"https://www.openstreetmap.org/way/663317297","source":"OpenStreetMap","brand":"Sheffield Children's Hospital NHS Foundation Trust"}},{"type":"Feature","geometry":{"type":"Point","coordinates":[-0.2785741,52.5844471]},"properties":{"name":"Peterborough City Hospital","layer":"hospitals","note":"OpenStreetMap","osm_id":"way/663598990","osm_url":"https://www.openstreetmap.org/way/663598990","source":"OpenStreetMap"}},{"type":"Feature","geometry":{"type":"Point","coordinates":[-6.257831,55.2004365]},"properties":{"name":"Dalriada Hospital","layer":"hospitals","note":"Northern Health and Social Care Trust","osm_id":"way/664887482","osm_url":"https://www.openstreetmap.org/way/664887482","source":"OpenStreetMap","brand":"Northern Health and Social Care Trust"}},{"type":"Feature","geometry":{"type":"Point","coordinates":[-2.6864582,51.6392087]},"properties":{"name":"Chepstow Community Hospital","layer":"hospitals","note":"OpenStreetMap","osm_id":"way/664944740","osm_url":"https://www.openstreetmap.org/way/664944740","source":"OpenStreetMap"}},{"type":"Feature","geometry":{"type":"Point","coordinates":[-5.6628391,54.6584835]},"properties":{"name":"Bangor Community Hospital","layer":"hospitals","note":"OpenStreetMap","osm_id":"way/664945220","osm_url":"https://www.openstreetmap.org/way/664945220","source":"OpenStreetMap"}},{"type":"Feature","geometry":{"type":"Point","coordinates":[-3.4302088,55.3315729]},"properties":{"name":"Moffat Hospital","layer":"hospitals","note":"NHS Dumfries and Galloway","osm_id":"way/665507727","osm_url":"https://www.openstreetmap.org/way/665507727","source":"OpenStreetMap","brand":"NHS Dumfries and Galloway"}},{"type":"Feature","geometry":{"type":"Point","coordinates":[-1.3207737,52.9881546]},"properties":{"name":"Ilkeston Community Hospital","layer":"hospitals","note":"OpenStreetMap","osm_id":"way/66841815","osm_url":"https://www.openstreetmap.org/way/66841815","source":"OpenStreetMap"}},{"type":"Feature","geometry":{"type":"Point","coordinates":[-0.1464769,51.5186684]},"properties":{"name":"Privé Clinics","layer":"hospitals","note":"OpenStreetMap","osm_id":"way/669882382","osm_url":"https://www.openstreetmap.org/way/669882382","source":"OpenStreetMap"}},{"type":"Feature","geometry":{"type":"Point","coordinates":[-0.1470993,51.5182104]},"properties":{"name":"Queen Anne Street Medical Centre","layer":"hospitals","note":"OpenStreetMap","osm_id":"way/670848153","osm_url":"https://www.openstreetmap.org/way/670848153","source":"OpenStreetMap"}},{"type":"Feature","geometry":{"type":"Point","coordinates":[0.2756768,52.4130778]},"properties":{"name":"Princess of Wales Hospital","layer":"hospitals","note":"OpenStreetMap","osm_id":"way/672193959","osm_url":"https://www.openstreetmap.org/way/672193959","source":"OpenStreetMap"}},{"type":"Feature","geometry":{"type":"Point","coordinates":[-0.1482807,51.5177243]},"properties":{"name":"Nuffield Health","layer":"hospitals","note":"Nuffield Health","osm_id":"way/672219101","osm_url":"https://www.openstreetmap.org/way/672219101","source":"OpenStreetMap","brand":"Nuffield Health"}},{"type":"Feature","geometry":{"type":"Point","coordinates":[0.1237579,52.1901335]},"properties":{"name":"Nuffield Health Cambridge Hospital","layer":"hospitals","note":"Nuffield Health","osm_id":"way/672500310","osm_url":"https://www.openstreetmap.org/way/672500310","source":"OpenStreetMap","brand":"Nuffield Health"}},{"type":"Feature","geometry":{"type":"Point","coordinates":[-2.5118786,53.5042831]},"properties":{"name":"Leigh Infirmary","layer":"hospitals","note":"OpenStreetMap","osm_id":"way/674723857","osm_url":"https://www.openstreetmap.org/way/674723857","source":"OpenStreetMap"}},{"type":"Feature","geometry":{"type":"Point","coordinates":[-2.5207384,57.0608595]},"properties":{"name":"Glen O'Dee Hospital","layer":"hospitals","note":"OpenStreetMap","osm_id":"way/675816027","osm_url":"https://www.openstreetmap.org/way/675816027","source":"OpenStreetMap"}},{"type":"Feature","geometry":{"type":"Point","coordinates":[-0.2364681,51.7712452]},"properties":{"name":"One Hatfield Hospital","layer":"hospitals","note":"OpenStreetMap","osm_id":"way/676889314","osm_url":"https://www.openstreetmap.org/way/676889314","source":"OpenStreetMap"}},{"type":"Feature","geometry":{"type":"Point","coordinates":[-0.4432752,53.7785694]},"properties":{"name":"Castle Hill Hospital","layer":"hospitals","note":"OpenStreetMap","osm_id":"way/67729549","osm_url":"https://www.openstreetmap.org/way/67729549","source":"OpenStreetMap"}},{"type":"Feature","geometry":{"type":"Point","coordinates":[-7.1027261,52.2501257]},"properties":{"name":"Waterford Residential Care Centre","layer":"hospitals","note":"Health Service Executive","osm_id":"way/680146249","osm_url":"https://www.openstreetmap.org/way/680146249","source":"OpenStreetMap","brand":"Health Service Executive"}},{"type":"Feature","geometry":{"type":"Point","coordinates":[-2.8040055,54.0321496]},"properties":{"name":"The Orchard","layer":"hospitals","note":"OpenStreetMap","osm_id":"way/681087780","osm_url":"https://www.openstreetmap.org/way/681087780","source":"OpenStreetMap"}},{"type":"Feature","geometry":{"type":"Point","coordinates":[-2.8026259,54.0315277]},"properties":{"name":"DeVitre House","layer":"hospitals","note":"OpenStreetMap","osm_id":"way/681087792","osm_url":"https://www.openstreetmap.org/way/681087792","source":"OpenStreetMap"}},{"type":"Feature","geometry":{"type":"Point","coordinates":[-3.539661,52.452536]},"properties":{"name":"Llanidloes War Memorial Hospital","layer":"hospitals","note":"OpenStreetMap","osm_id":"way/681360352","osm_url":"https://www.openstreetmap.org/way/681360352","source":"OpenStreetMap"}},{"type":"Feature","geometry":{"type":"Point","coordinates":[-2.9942266,51.2388558]},"properties":{"name":"Burnham-on-Sea War Memorial Hospital","layer":"hospitals","note":"OpenStreetMap","osm_id":"way/681367578","osm_url":"https://www.openstreetmap.org/way/681367578","source":"OpenStreetMap"}},{"type":"Feature","geometry":{"type":"Point","coordinates":[-2.97895,51.2277106]},"properties":{"name":"Hospital","layer":"hospitals","note":"OpenStreetMap","osm_id":"way/681639908","osm_url":"https://www.openstreetmap.org/way/681639908","source":"OpenStreetMap"}},{"type":"Feature","geometry":{"type":"Point","coordinates":[-1.7620005,52.4211653]},"properties":{"name":"Spire Healthcare Parkway Hospital","layer":"hospitals","note":"OpenStreetMap","osm_id":"way/68582655","osm_url":"https://www.openstreetmap.org/way/68582655","source":"OpenStreetMap"}},{"type":"Feature","geometry":{"type":"Point","coordinates":[-1.1109073,51.2809802]},"properties":{"name":"Basingstoke and North Hampshire Hospital","layer":"hospitals","note":"OpenStreetMap","osm_id":"way/685970109","osm_url":"https://www.openstreetmap.org/way/685970109","source":"OpenStreetMap"}},{"type":"Feature","geometry":{"type":"Point","coordinates":[-0.9894502,51.140196]},"properties":{"name":"Alton Community Hospital","layer":"hospitals","note":"OpenStreetMap","osm_id":"way/686695668","osm_url":"https://www.openstreetmap.org/way/686695668","source":"OpenStreetMap"}},{"type":"Feature","geometry":{"type":"Point","coordinates":[-7.4970624,56.9519288]},"properties":{"name":"Ospadal Naomh Brianain","layer":"hospitals","note":"Bòrd SSN nan Eilean Siar","osm_id":"way/688646920","osm_url":"https://www.openstreetmap.org/way/688646920","source":"OpenStreetMap","brand":"Bòrd SSN nan Eilean Siar"}},{"type":"Feature","geometry":{"type":"Point","coordinates":[1.226022,52.6267796]},"properties":{"name":"Spire","layer":"hospitals","note":"OpenStreetMap","osm_id":"way/688697857","osm_url":"https://www.openstreetmap.org/way/688697857","source":"OpenStreetMap"}},{"type":"Feature","geometry":{"type":"Point","coordinates":[-0.1652215,51.5218142]},"properties":{"name":"Nightingale Hospital","layer":"hospitals","note":"OpenStreetMap","osm_id":"way/688880323","osm_url":"https://www.openstreetmap.org/way/688880323","source":"OpenStreetMap"}},{"type":"Feature","geometry":{"type":"Point","coordinates":[-2.636381,53.667585]},"properties":{"name":"NHS","layer":"hospitals","note":"NHS","osm_id":"way/689763144","osm_url":"https://www.openstreetmap.org/way/689763144","source":"OpenStreetMap","brand":"NHS"}},{"type":"Feature","geometry":{"type":"Point","coordinates":[-2.6360437,53.6675188]},"properties":{"name":"NHS","layer":"hospitals","note":"NHS","osm_id":"way/689763145","osm_url":"https://www.openstreetmap.org/way/689763145","source":"OpenStreetMap","brand":"NHS"}},{"type":"Feature","geometry":{"type":"Point","coordinates":[-1.4743557,53.8421241]},"properties":{"name":"Leeds Private Hospital","layer":"hospitals","note":"OpenStreetMap","osm_id":"way/690856580","osm_url":"https://www.openstreetmap.org/way/690856580","source":"OpenStreetMap"}},{"type":"Feature","geometry":{"type":"Point","coordinates":[-8.0990925,54.6555793]},"properties":{"name":"Donegal District Hospital","layer":"hospitals","note":"OpenStreetMap","osm_id":"way/691409683","osm_url":"https://www.openstreetmap.org/way/691409683","source":"OpenStreetMap"}},{"type":"Feature","geometry":{"type":"Point","coordinates":[-1.8641585,52.4514949]},"properties":{"name":"Stratford Road Centre","layer":"hospitals","note":"OpenStreetMap","osm_id":"way/69764333","osm_url":"https://www.openstreetmap.org/way/69764333","source":"OpenStreetMap"}},{"type":"Feature","geometry":{"type":"Point","coordinates":[-0.361988,53.7443436]},"properties":{"name":"Miranda House","layer":"hospitals","note":"OpenStreetMap","osm_id":"way/698916769","osm_url":"https://www.openstreetmap.org/way/698916769","source":"OpenStreetMap"}},{"type":"Feature","geometry":{"type":"Point","coordinates":[-0.1749786,51.5332691]},"properties":{"name":"Hospital of St John and St Elizabeth","layer":"hospitals","note":"OpenStreetMap","osm_id":"way/699934188","osm_url":"https://www.openstreetmap.org/way/699934188","source":"OpenStreetMap"}},{"type":"Feature","geometry":{"type":"Point","coordinates":[-1.4998301,53.5584406]},"properties":{"name":"Barnsley Hospital","layer":"hospitals","note":"OpenStreetMap","osm_id":"way/70043233","osm_url":"https://www.openstreetmap.org/way/70043233","source":"OpenStreetMap"}},{"type":"Feature","geometry":{"type":"Point","coordinates":[-2.7429899,54.6567286]},"properties":{"name":"Penrith Hospital","layer":"hospitals","note":"OpenStreetMap","osm_id":"way/701767451","osm_url":"https://www.openstreetmap.org/way/701767451","source":"OpenStreetMap"}},{"type":"Feature","geometry":{"type":"Point","coordinates":[0.7362598,51.3345533]},"properties":{"name":"Sittingbourne Memorial Hospital","layer":"hospitals","note":"OpenStreetMap","osm_id":"way/706228836","osm_url":"https://www.openstreetmap.org/way/706228836","source":"OpenStreetMap"}},{"type":"Feature","geometry":{"type":"Point","coordinates":[-0.0868297,51.5032347]},"properties":{"name":"Guy's Hospital","layer":"hospitals","note":"Guy's and St Thomas' NHS Foundation Trust","osm_id":"way/707322577","osm_url":"https://www.openstreetmap.org/way/707322577","source":"OpenStreetMap","brand":"Guy's and St Thomas' NHS Foundation Trust"}},{"type":"Feature","geometry":{"type":"Point","coordinates":[-2.8006616,54.0598681]},"properties":{"name":"Dacrelands Clinic","layer":"hospitals","note":"OpenStreetMap","osm_id":"way/707344853","osm_url":"https://www.openstreetmap.org/way/707344853","source":"OpenStreetMap"}},{"type":"Feature","geometry":{"type":"Point","coordinates":[-4.2215171,55.7588375]},"properties":{"name":"Hairmyres Hospital","layer":"hospitals","note":"OpenStreetMap","osm_id":"way/708086280","osm_url":"https://www.openstreetmap.org/way/708086280","source":"OpenStreetMap"}},{"type":"Feature","geometry":{"type":"Point","coordinates":[-2.538469,53.4120053]},"properties":{"name":"The Cheshire Hand Clinic","layer":"hospitals","note":"IIS Health","osm_id":"way/709678649","osm_url":"https://www.openstreetmap.org/way/709678649","source":"OpenStreetMap","brand":"IIS Health"}},{"type":"Feature","geometry":{"type":"Point","coordinates":[-4.4777956,55.9172049]},"properties":{"name":"Erskine Hospital","layer":"hospitals","note":"OpenStreetMap","osm_id":"way/712499976","osm_url":"https://www.openstreetmap.org/way/712499976","source":"OpenStreetMap"}},{"type":"Feature","geometry":{"type":"Point","coordinates":[-2.0045008,55.7735054]},"properties":{"name":"Berwick Infirmary","layer":"hospitals","note":"Northumbria NHS","osm_id":"way/71319892","osm_url":"https://www.openstreetmap.org/way/71319892","source":"OpenStreetMap","brand":"Northumbria NHS"}},{"type":"Feature","geometry":{"type":"Point","coordinates":[-2.4357014,55.6026313]},"properties":{"name":"Kelso Hospital","layer":"hospitals","note":"Borders Primary Care NHS Trust","osm_id":"way/71331417","osm_url":"https://www.openstreetmap.org/way/71331417","source":"OpenStreetMap","brand":"Borders Primary Care NHS Trust"}},{"type":"Feature","geometry":{"type":"Point","coordinates":[0.063508,51.4677752]},"properties":{"name":"Memorial Hospital","layer":"hospitals","note":"OpenStreetMap","osm_id":"way/713671496","osm_url":"https://www.openstreetmap.org/way/713671496","source":"OpenStreetMap"}},{"type":"Feature","geometry":{"type":"Point","coordinates":[-1.8160833,52.47759]},"properties":{"name":"Richmond Primary Care Centre","layer":"hospitals","note":"OpenStreetMap","osm_id":"way/71422779","osm_url":"https://www.openstreetmap.org/way/71422779","source":"OpenStreetMap"}},{"type":"Feature","geometry":{"type":"Point","coordinates":[-1.332716,51.0592528]},"properties":{"name":"Royal Hampshire County Hospital","layer":"hospitals","note":"OpenStreetMap","osm_id":"way/715161592","osm_url":"https://www.openstreetmap.org/way/715161592","source":"OpenStreetMap"}},{"type":"Feature","geometry":{"type":"Point","coordinates":[0.5408639,51.8795775]},"properties":{"name":"Braintree Community Hospital","layer":"hospitals","note":"NHS","osm_id":"way/715548760","osm_url":"https://www.openstreetmap.org/way/715548760","source":"OpenStreetMap","brand":"NHS"}},{"type":"Feature","geometry":{"type":"Point","coordinates":[-0.8473544,51.2252021]},"properties":{"name":"Spire Clare Park Hospital","layer":"hospitals","note":"Spire Healthcare","osm_id":"way/71633579","osm_url":"https://www.openstreetmap.org/way/71633579","source":"OpenStreetMap","brand":"Spire Healthcare"}},{"type":"Feature","geometry":{"type":"Point","coordinates":[-4.1521091,57.6961647]},"properties":{"name":"Invergordon County Community Hospital","layer":"hospitals","note":"NHS","osm_id":"way/718145904","osm_url":"https://www.openstreetmap.org/way/718145904","source":"OpenStreetMap","brand":"NHS"}},{"type":"Feature","geometry":{"type":"Point","coordinates":[-1.1122463,51.2827063]},"properties":{"name":"Parklands Hospital","layer":"hospitals","note":"OpenStreetMap","osm_id":"way/71817345","osm_url":"https://www.openstreetmap.org/way/71817345","source":"OpenStreetMap"}},{"type":"Feature","geometry":{"type":"Point","coordinates":[-2.0767257,52.4577269]},"properties":{"name":"West Midlands Hospital Ramsay Health care","layer":"hospitals","note":"OpenStreetMap","osm_id":"way/71928451","osm_url":"https://www.openstreetmap.org/way/71928451","source":"OpenStreetMap"}},{"type":"Feature","geometry":{"type":"Point","coordinates":[0.4646736,51.7754476]},"properties":{"name":"Broomfield Hospital","layer":"hospitals","note":"NHS;Mid and South Essex NHS Foundation Trust","osm_id":"way/726517293","osm_url":"https://www.openstreetmap.org/way/726517293","source":"OpenStreetMap","brand":"NHS;Mid and South Essex NHS Foundation Trust"}},{"type":"Feature","geometry":{"type":"Point","coordinates":[-0.0785948,51.4211265]},"properties":{"name":"Hospital","layer":"hospitals","note":"OpenStreetMap","osm_id":"way/727431875","osm_url":"https://www.openstreetmap.org/way/727431875","source":"OpenStreetMap"}},{"type":"Feature","geometry":{"type":"Point","coordinates":[1.0505891,51.3610152]},"properties":{"name":"Whitstable and Tankerton Hospital","layer":"hospitals","note":"OpenStreetMap","osm_id":"way/729541494","osm_url":"https://www.openstreetmap.org/way/729541494","source":"OpenStreetMap"}},{"type":"Feature","geometry":{"type":"Point","coordinates":[-1.9050639,52.4816103]},"properties":{"name":"Birmingham Chest Clinic","layer":"hospitals","note":"OpenStreetMap","osm_id":"way/72976932","osm_url":"https://www.openstreetmap.org/way/72976932","source":"OpenStreetMap"}},{"type":"Feature","geometry":{"type":"Point","coordinates":[-2.6559306,53.8202607]},"properties":{"name":"Guild Park","layer":"hospitals","note":"NHS","osm_id":"way/730173331","osm_url":"https://www.openstreetmap.org/way/730173331","source":"OpenStreetMap","brand":"NHS"}},{"type":"Feature","geometry":{"type":"Point","coordinates":[-8.6334651,52.6674412]},"properties":{"name":"University Maternity Hospital, Limerick","layer":"hospitals","note":"Health Service Executive","osm_id":"way/730796812","osm_url":"https://www.openstreetmap.org/way/730796812","source":"OpenStreetMap","brand":"Health Service Executive"}},{"type":"Feature","geometry":{"type":"Point","coordinates":[-1.4057641,54.8927253]},"properties":{"name":"Sunderland Children's Centre","layer":"hospitals","note":"OpenStreetMap","osm_id":"way/731635860","osm_url":"https://www.openstreetmap.org/way/731635860","source":"OpenStreetMap"}},{"type":"Feature","geometry":{"type":"Point","coordinates":[-0.8622125,51.1064435]},"properties":{"name":"Chase Hospital","layer":"hospitals","note":"OpenStreetMap","osm_id":"way/733760365","osm_url":"https://www.openstreetmap.org/way/733760365","source":"OpenStreetMap"}},{"type":"Feature","geometry":{"type":"Point","coordinates":[-4.2635262,55.8287339]},"properties":{"name":"New Victoria Hospital","layer":"hospitals","note":"OpenStreetMap","osm_id":"way/733920909","osm_url":"https://www.openstreetmap.org/way/733920909","source":"OpenStreetMap"}},{"type":"Feature","geometry":{"type":"Point","coordinates":[1.1480647,51.7855005]},"properties":{"name":"Clacton Hospital","layer":"hospitals","note":"OpenStreetMap","osm_id":"way/73427303","osm_url":"https://www.openstreetmap.org/way/73427303","source":"OpenStreetMap"}},{"type":"Feature","geometry":{"type":"Point","coordinates":[-0.6831254,52.298008]},"properties":{"name":"Isebrook Hospital","layer":"hospitals","note":"Northamptonshire Healthcare NHS Foundation Trust","osm_id":"way/73529721","osm_url":"https://www.openstreetmap.org/way/73529721","source":"OpenStreetMap","brand":"Northamptonshire Healthcare NHS Foundation Trust"}},{"type":"Feature","geometry":{"type":"Point","coordinates":[-2.5526025,53.1825008]},"properties":{"name":"The NeuroMuscular Centre","layer":"hospitals","note":"OpenStreetMap","osm_id":"way/737419751","osm_url":"https://www.openstreetmap.org/way/737419751","source":"OpenStreetMap"}},{"type":"Feature","geometry":{"type":"Point","coordinates":[-4.4919239,54.9511681]},"properties":{"name":"Newton Stuart Hospital","layer":"hospitals","note":"NHS Dumfries and Galloway","osm_id":"way/737723725","osm_url":"https://www.openstreetmap.org/way/737723725","source":"OpenStreetMap","brand":"NHS Dumfries and Galloway"}},{"type":"Feature","geometry":{"type":"Point","coordinates":[-4.0924487,55.7910698]},"properties":{"name":"Blantyre Health Centre","layer":"hospitals","note":"OpenStreetMap","osm_id":"way/738368040","osm_url":"https://www.openstreetmap.org/way/738368040","source":"OpenStreetMap"}},{"type":"Feature","geometry":{"type":"Point","coordinates":[-2.790969,57.4432539]},"properties":{"name":"Jubilee Hospital","layer":"hospitals","note":"OpenStreetMap","osm_id":"way/739677412","osm_url":"https://www.openstreetmap.org/way/739677412","source":"OpenStreetMap"}},{"type":"Feature","geometry":{"type":"Point","coordinates":[-2.4508696,57.5370745]},"properties":{"name":"Turriff Cottage Hospital","layer":"hospitals","note":"OpenStreetMap","osm_id":"way/739677537","osm_url":"https://www.openstreetmap.org/way/739677537","source":"OpenStreetMap"}},{"type":"Feature","geometry":{"type":"Point","coordinates":[-3.3293596,57.6457305]},"properties":{"name":"Dr Gray's Hospital","layer":"hospitals","note":"OpenStreetMap","osm_id":"way/739678186","osm_url":"https://www.openstreetmap.org/way/739678186","source":"OpenStreetMap"}},{"type":"Feature","geometry":{"type":"Point","coordinates":[-2.9552693,57.5419761]},"properties":{"name":"Turner Memorial Hospital","layer":"hospitals","note":"OpenStreetMap","osm_id":"way/739678903","osm_url":"https://www.openstreetmap.org/way/739678903","source":"OpenStreetMap"}},{"type":"Feature","geometry":{"type":"Point","coordinates":[-4.0260977,55.8489087]},"properties":{"name":"Coathill Hospital","layer":"hospitals","note":"OpenStreetMap","osm_id":"way/739879764","osm_url":"https://www.openstreetmap.org/way/739879764","source":"OpenStreetMap"}},{"type":"Feature","geometry":{"type":"Point","coordinates":[-3.983115,55.7825737]},"properties":{"name":"Airbles Road Centre","layer":"hospitals","note":"OpenStreetMap","osm_id":"way/739882364","osm_url":"https://www.openstreetmap.org/way/739882364","source":"OpenStreetMap"}},{"type":"Feature","geometry":{"type":"Point","coordinates":[-4.5900782,55.9922827]},"properties":{"name":"Vale of Leven District General Hospital","layer":"hospitals","note":"OpenStreetMap","osm_id":"way/739915919","osm_url":"https://www.openstreetmap.org/way/739915919","source":"OpenStreetMap"}},{"type":"Feature","geometry":{"type":"Point","coordinates":[-4.5946198,55.9487907]},"properties":{"name":"Dumbarton Joint Hospital","layer":"hospitals","note":"OpenStreetMap","osm_id":"way/739923778","osm_url":"https://www.openstreetmap.org/way/739923778","source":"OpenStreetMap"}},{"type":"Feature","geometry":{"type":"Point","coordinates":[0.5036516,51.706762]},"properties":{"name":"Phoenix Hospital","layer":"hospitals","note":"Phoenix Hospital Group","osm_id":"way/746511979","osm_url":"https://www.openstreetmap.org/way/746511979","source":"OpenStreetMap","brand":"Phoenix Hospital Group"}},{"type":"Feature","geometry":{"type":"Point","coordinates":[-1.8874012,52.464311]},"properties":{"name":"St Patricks Centre for Community Health","layer":"hospitals","note":"OpenStreetMap","osm_id":"way/75046012","osm_url":"https://www.openstreetmap.org/way/75046012","source":"OpenStreetMap"}},{"type":"Feature","geometry":{"type":"Point","coordinates":[-4.2577004,52.2378197]},"properties":{"name":"Aberaeron Integrated Care Centre","layer":"hospitals","note":"Hywel Dda University Health Board","osm_id":"way/754885118","osm_url":"https://www.openstreetmap.org/way/754885118","source":"OpenStreetMap","brand":"Hywel Dda University Health Board"}},{"type":"Feature","geometry":{"type":"Point","coordinates":[-4.2566841,52.2373556]},"properties":{"name":"Ambulance station","layer":"hospitals","note":"WAST","osm_id":"way/754885122","osm_url":"https://www.openstreetmap.org/way/754885122","source":"OpenStreetMap","brand":"WAST"}},{"type":"Feature","geometry":{"type":"Point","coordinates":[-1.9611192,52.420502]},"properties":{"name":"Royal Orthopaedic Hospital","layer":"hospitals","note":"OpenStreetMap","osm_id":"way/75523996","osm_url":"https://www.openstreetmap.org/way/75523996","source":"OpenStreetMap"}},{"type":"Feature","geometry":{"type":"Point","coordinates":[-4.7028074,51.6775464]},"properties":{"name":"Tenby Cottage Hospital","layer":"hospitals","note":"OpenStreetMap","osm_id":"way/755462775","osm_url":"https://www.openstreetmap.org/way/755462775","source":"OpenStreetMap"}},{"type":"Feature","geometry":{"type":"Point","coordinates":[-3.1894506,51.5068757]},"properties":{"name":"University Hospital of Wales","layer":"hospitals","note":"OpenStreetMap","osm_id":"way/758707231","osm_url":"https://www.openstreetmap.org/way/758707231","source":"OpenStreetMap"}},{"type":"Feature","geometry":{"type":"Point","coordinates":[-3.587277,55.9748135]},"properties":{"name":"St Michael's Hospital","layer":"hospitals","note":"OpenStreetMap","osm_id":"way/75870778","osm_url":"https://www.openstreetmap.org/way/75870778","source":"OpenStreetMap"}},{"type":"Feature","geometry":{"type":"Point","coordinates":[-8.49966,51.9047514]},"properties":{"name":"Saint Mary's Health Campus","layer":"hospitals","note":"OpenStreetMap","osm_id":"way/75918606","osm_url":"https://www.openstreetmap.org/way/75918606","source":"OpenStreetMap"}},{"type":"Feature","geometry":{"type":"Point","coordinates":[-1.4757611,54.8443173]},"properties":{"name":"Houghton Primary Care Centre","layer":"hospitals","note":"OpenStreetMap","osm_id":"way/761568991","osm_url":"https://www.openstreetmap.org/way/761568991","source":"OpenStreetMap"}},{"type":"Feature","geometry":{"type":"Point","coordinates":[-2.2001257,51.0047244]},"properties":{"name":"Westminster Memorial Hospital","layer":"hospitals","note":"OpenStreetMap","osm_id":"way/76494959","osm_url":"https://www.openstreetmap.org/way/76494959","source":"OpenStreetMap"}},{"type":"Feature","geometry":{"type":"Point","coordinates":[-1.1055697,53.9433354]},"properties":{"name":"St Helen's Rehabilitation Hospital","layer":"hospitals","note":"York NHS Trust","osm_id":"way/765720776","osm_url":"https://www.openstreetmap.org/way/765720776","source":"OpenStreetMap","brand":"York NHS Trust"}},{"type":"Feature","geometry":{"type":"Point","coordinates":[-1.1607954,52.2520408]},"properties":{"name":"Danetre Community Hospital","layer":"hospitals","note":"Northamptonshire Healthcare NHS Foundation Trust","osm_id":"way/765751750","osm_url":"https://www.openstreetmap.org/way/765751750","source":"OpenStreetMap","brand":"Northamptonshire Healthcare NHS Foundation Trust"}},{"type":"Feature","geometry":{"type":"Point","coordinates":[-1.0649845,53.9915372]},"properties":{"name":"Mill Lodge Hospital","layer":"hospitals","note":"Leeds and York Partnership NHS Foundation Trust","osm_id":"way/765757134","osm_url":"https://www.openstreetmap.org/way/765757134","source":"OpenStreetMap","brand":"Leeds and York Partnership NHS Foundation Trust"}},{"type":"Feature","geometry":{"type":"Point","coordinates":[-4.5050625,54.1734658]},"properties":{"name":"Noble's Hospital","layer":"hospitals","note":"OpenStreetMap","osm_id":"way/765929809","osm_url":"https://www.openstreetmap.org/way/765929809","source":"OpenStreetMap"}},{"type":"Feature","geometry":{"type":"Point","coordinates":[0.3364899,51.4967681]},"properties":{"name":"Thurrock Community Hospital","layer":"hospitals","note":"NHS","osm_id":"way/7662788","osm_url":"https://www.openstreetmap.org/way/7662788","source":"OpenStreetMap","brand":"NHS"}},{"type":"Feature","geometry":{"type":"Point","coordinates":[-3.0955068,53.3698452]},"properties":{"name":"Arrowe Park Hospital","layer":"hospitals","note":"OpenStreetMap","osm_id":"way/769421987","osm_url":"https://www.openstreetmap.org/way/769421987","source":"OpenStreetMap"}},{"type":"Feature","geometry":{"type":"Point","coordinates":[-2.8725027,53.5649581]},"properties":{"name":"Ormskirk District General Hospital","layer":"hospitals","note":"OpenStreetMap","osm_id":"way/7704711","osm_url":"https://www.openstreetmap.org/way/7704711","source":"OpenStreetMap"}},{"type":"Feature","geometry":{"type":"Point","coordinates":[-1.5595674,54.8793425]},"properties":{"name":"Spire Washington Hospital","layer":"hospitals","note":"Spire Healthcare","osm_id":"way/770595542","osm_url":"https://www.openstreetmap.org/way/770595542","source":"OpenStreetMap","brand":"Spire Healthcare"}},{"type":"Feature","geometry":{"type":"Point","coordinates":[-3.0005991,56.4770234]},"properties":{"name":"Kingsway Care Centre","layer":"hospitals","note":"NHS Tayside","osm_id":"way/770697748","osm_url":"https://www.openstreetmap.org/way/770697748","source":"OpenStreetMap","brand":"NHS Tayside"}},{"type":"Feature","geometry":{"type":"Point","coordinates":[-2.1170945,57.154806]},"properties":{"name":"Royal Cornhill Hospital","layer":"hospitals","note":"NHS Grampian","osm_id":"way/771008040","osm_url":"https://www.openstreetmap.org/way/771008040","source":"OpenStreetMap","brand":"NHS Grampian"}},{"type":"Feature","geometry":{"type":"Point","coordinates":[-4.2845401,51.8681033]},"properties":{"name":"Ysbyty Cyffredinol Glangwili / Glangwili General Hospital","layer":"hospitals","note":"Hywel Dda Local Health Board","osm_id":"way/772408420","osm_url":"https://www.openstreetmap.org/way/772408420","source":"OpenStreetMap","brand":"Hywel Dda Local Health Board"}},{"type":"Feature","geometry":{"type":"Point","coordinates":[-4.2245753,50.3746965]},"properties":{"name":"Penntorr Health","layer":"hospitals","note":"OpenStreetMap","osm_id":"way/773762347","osm_url":"https://www.openstreetmap.org/way/773762347","source":"OpenStreetMap"}},{"type":"Feature","geometry":{"type":"Point","coordinates":[0.2943732,51.6268413]},"properties":{"name":"Hospital","layer":"hospitals","note":"OpenStreetMap","osm_id":"way/779654814","osm_url":"https://www.openstreetmap.org/way/779654814","source":"OpenStreetMap"}},{"type":"Feature","geometry":{"type":"Point","coordinates":[0.1112317,51.5773934]},"properties":{"name":"Goodmayes Hospital","layer":"hospitals","note":"North East London NHS Foundation Trust","osm_id":"way/780482089","osm_url":"https://www.openstreetmap.org/way/780482089","source":"OpenStreetMap","brand":"North East London NHS Foundation Trust"}},{"type":"Feature","geometry":{"type":"Point","coordinates":[-8.4610188,51.8875991]},"properties":{"name":"Saint Finbarr's Hospital","layer":"hospitals","note":"OpenStreetMap","osm_id":"way/78179212","osm_url":"https://www.openstreetmap.org/way/78179212","source":"OpenStreetMap"}},{"type":"Feature","geometry":{"type":"Point","coordinates":[-4.3950216,52.9122054]},"properties":{"name":"Ysbyty Bryn Beryl","layer":"hospitals","note":"OpenStreetMap","osm_id":"way/782623301","osm_url":"https://www.openstreetmap.org/way/782623301","source":"OpenStreetMap"}},{"type":"Feature","geometry":{"type":"Point","coordinates":[-2.0699987,51.8891873]},"properties":{"name":"Thirlestaine Breast Centre","layer":"hospitals","note":"Gloucestershire Hospitals NHS Foundation Trust","osm_id":"way/783755539","osm_url":"https://www.openstreetmap.org/way/783755539","source":"OpenStreetMap","brand":"Gloucestershire Hospitals NHS Foundation Trust"}},{"type":"Feature","geometry":{"type":"Point","coordinates":[-7.1318053,52.529414]},"properties":{"name":"St. Columba's Hospital","layer":"hospitals","note":"OpenStreetMap","osm_id":"way/785607446","osm_url":"https://www.openstreetmap.org/way/785607446","source":"OpenStreetMap"}},{"type":"Feature","geometry":{"type":"Point","coordinates":[0.6169437,51.087249]},"properties":{"name":"Benenden Hospital","layer":"hospitals","note":"OpenStreetMap","osm_id":"way/790542676","osm_url":"https://www.openstreetmap.org/way/790542676","source":"OpenStreetMap"}},{"type":"Feature","geometry":{"type":"Point","coordinates":[-1.5928755,54.7887224]},"properties":{"name":"University Hospital of North Durham","layer":"hospitals","note":"OpenStreetMap","osm_id":"way/791142908","osm_url":"https://www.openstreetmap.org/way/791142908","source":"OpenStreetMap"}},{"type":"Feature","geometry":{"type":"Point","coordinates":[-2.9655678,58.9740948]},"properties":{"name":"The Balfour","layer":"hospitals","note":"NHS Orkney","osm_id":"way/794884249","osm_url":"https://www.openstreetmap.org/way/794884249","source":"OpenStreetMap","brand":"NHS Orkney"}},{"type":"Feature","geometry":{"type":"Point","coordinates":[-6.2633433,53.3529786]},"properties":{"name":"Rotunda Hospital","layer":"hospitals","note":"OpenStreetMap","osm_id":"way/79498864","osm_url":"https://www.openstreetmap.org/way/79498864","source":"OpenStreetMap"}},{"type":"Feature","geometry":{"type":"Point","coordinates":[-3.5032877,51.6554991]},"properties":{"name":"Ysbyty George Thomas","layer":"hospitals","note":"OpenStreetMap","osm_id":"way/795345280","osm_url":"https://www.openstreetmap.org/way/795345280","source":"OpenStreetMap"}},{"type":"Feature","geometry":{"type":"Point","coordinates":[0.1039333,51.4187458]},"properties":{"name":"Queen Mary's Hospital","layer":"hospitals","note":"OpenStreetMap","osm_id":"way/7954585","osm_url":"https://www.openstreetmap.org/way/7954585","source":"OpenStreetMap"}},{"type":"Feature","geometry":{"type":"Point","coordinates":[-0.7704981,51.5735888]},"properties":{"name":"Marlow Community Hospital","layer":"hospitals","note":"OpenStreetMap","osm_id":"way/797652531","osm_url":"https://www.openstreetmap.org/way/797652531","source":"OpenStreetMap"}},{"type":"Feature","geometry":{"type":"Point","coordinates":[-0.4020442,51.6485253]},"properties":{"name":"Watford General Hospital","layer":"hospitals","note":"NHS","osm_id":"way/7989424","osm_url":"https://www.openstreetmap.org/way/7989424","source":"OpenStreetMap","brand":"NHS"}},{"type":"Feature","geometry":{"type":"Point","coordinates":[-4.1759115,55.8488907]},"properties":{"name":"Shettleston Day Hospital & Parkview Resource Centre","layer":"hospitals","note":"OpenStreetMap","osm_id":"way/80249152","osm_url":"https://www.openstreetmap.org/way/80249152","source":"OpenStreetMap"}},{"type":"Feature","geometry":{"type":"Point","coordinates":[-0.3453188,51.5075305]},"properties":{"name":"Ealing Hospital","layer":"hospitals","note":"OpenStreetMap","osm_id":"way/80402499","osm_url":"https://www.openstreetmap.org/way/80402499","source":"OpenStreetMap"}},{"type":"Feature","geometry":{"type":"Point","coordinates":[-8.4974258,51.8925233]},"properties":{"name":"Bon Secours Hospital","layer":"hospitals","note":"OpenStreetMap","osm_id":"way/80528752","osm_url":"https://www.openstreetmap.org/way/80528752","source":"OpenStreetMap"}},{"type":"Feature","geometry":{"type":"Point","coordinates":[-1.574773,53.1507222]},"properties":{"name":"Whitworth Hospital","layer":"hospitals","note":"OpenStreetMap","osm_id":"way/80537934","osm_url":"https://www.openstreetmap.org/way/80537934","source":"OpenStreetMap"}},{"type":"Feature","geometry":{"type":"Point","coordinates":[-3.1885139,51.4529708]},"properties":{"name":"Nuffield Health Cardiff Bay Hospital","layer":"hospitals","note":"Nuffield Health","osm_id":"way/806270442","osm_url":"https://www.openstreetmap.org/way/806270442","source":"OpenStreetMap","brand":"Nuffield Health"}},{"type":"Feature","geometry":{"type":"Point","coordinates":[-2.5192293,53.2616804]},"properties":{"name":"Victoria Infimary","layer":"hospitals","note":"OpenStreetMap","osm_id":"way/8084781","osm_url":"https://www.openstreetmap.org/way/8084781","source":"OpenStreetMap"}},{"type":"Feature","geometry":{"type":"Point","coordinates":[-0.1529101,51.522486]},"properties":{"name":"The Princess Grace Hospital","layer":"hospitals","note":"HCA","osm_id":"way/80888181","osm_url":"https://www.openstreetmap.org/way/80888181","source":"OpenStreetMap","brand":"HCA"}},{"type":"Feature","geometry":{"type":"Point","coordinates":[-0.1504175,51.5209342]},"properties":{"name":"King Edward VII's Hospital","layer":"hospitals","note":"OpenStreetMap","osm_id":"way/80888190","osm_url":"https://www.openstreetmap.org/way/80888190","source":"OpenStreetMap"}},{"type":"Feature","geometry":{"type":"Point","coordinates":[-0.1443613,51.5230212]},"properties":{"name":"The Portland Hospital","layer":"hospitals","note":"OpenStreetMap","osm_id":"way/80888195","osm_url":"https://www.openstreetmap.org/way/80888195","source":"OpenStreetMap"}},{"type":"Feature","geometry":{"type":"Point","coordinates":[-1.9105584,52.456537]},"properties":{"name":"The Priory Hospital","layer":"hospitals","note":"OpenStreetMap","osm_id":"way/80989830","osm_url":"https://www.openstreetmap.org/way/80989830","source":"OpenStreetMap"}},{"type":"Feature","geometry":{"type":"Point","coordinates":[-1.1693247,53.1361675]},"properties":{"name":"Forest Independent Hospital","layer":"hospitals","note":"Barchester Healthcare Ltd","osm_id":"way/809927626","osm_url":"https://www.openstreetmap.org/way/809927626","source":"OpenStreetMap","brand":"Barchester Healthcare Ltd"}},{"type":"Feature","geometry":{"type":"Point","coordinates":[-1.8573616,53.7049662]},"properties":{"name":"Calderdale Royal Hospital","layer":"hospitals","note":"OpenStreetMap","osm_id":"way/81290015","osm_url":"https://www.openstreetmap.org/way/81290015","source":"OpenStreetMap"}},{"type":"Feature","geometry":{"type":"Point","coordinates":[-3.6043861,57.3367525]},"properties":{"name":"Ian Charles Hospital","layer":"hospitals","note":"OpenStreetMap","osm_id":"way/813124398","osm_url":"https://www.openstreetmap.org/way/813124398","source":"OpenStreetMap"}},{"type":"Feature","geometry":{"type":"Point","coordinates":[-0.3271596,51.2250864]},"properties":{"name":"Priory Pelham Woods","layer":"hospitals","note":"NHS","osm_id":"way/813216144","osm_url":"https://www.openstreetmap.org/way/813216144","source":"OpenStreetMap","brand":"NHS"}},{"type":"Feature","geometry":{"type":"Point","coordinates":[-1.3702645,54.863965]},"properties":{"name":"Hopewood Park Hospital","layer":"hospitals","note":"Cumbria, Northumberland, Tyne and Wear NHS Foundation Trust","osm_id":"way/813295370","osm_url":"https://www.openstreetmap.org/way/813295370","source":"OpenStreetMap","brand":"Cumbria, Northumberland, Tyne and Wear NHS Foundation Trust"}},{"type":"Feature","geometry":{"type":"Point","coordinates":[-0.3330255,51.2260431]},"properties":{"name":"Dorking Community Hospital","layer":"hospitals","note":"Surrey Downs Health and Care","osm_id":"way/813407521","osm_url":"https://www.openstreetmap.org/way/813407521","source":"OpenStreetMap","brand":"Surrey Downs Health and Care"}},{"type":"Feature","geometry":{"type":"Point","coordinates":[-3.9240195,51.8085341]},"properties":{"name":"Amman Valley Hospital","layer":"hospitals","note":"OpenStreetMap","osm_id":"way/813962581","osm_url":"https://www.openstreetmap.org/way/813962581","source":"OpenStreetMap"}},{"type":"Feature","geometry":{"type":"Point","coordinates":[-0.2228386,51.8279082]},"properties":{"name":"Danesbury House Neurological Centre","layer":"hospitals","note":"OpenStreetMap","osm_id":"way/813966813","osm_url":"https://www.openstreetmap.org/way/813966813","source":"OpenStreetMap"}},{"type":"Feature","geometry":{"type":"Point","coordinates":[-2.0881282,57.1540881]},"properties":{"name":"City Hospital","layer":"hospitals","note":"NHS Grampian","osm_id":"way/814568642","osm_url":"https://www.openstreetmap.org/way/814568642","source":"OpenStreetMap","brand":"NHS Grampian"}},{"type":"Feature","geometry":{"type":"Point","coordinates":[-1.7048791,51.4153846]},"properties":{"name":"Savernake Hospital","layer":"hospitals","note":"Great Western Hospitals NHS Foundation Trust","osm_id":"way/814853317","osm_url":"https://www.openstreetmap.org/way/814853317","source":"OpenStreetMap","brand":"Great Western Hospitals NHS Foundation Trust"}},{"type":"Feature","geometry":{"type":"Point","coordinates":[-2.933351,53.4656926]},"properties":{"name":"Aintree University Hospital","layer":"hospitals","note":"OpenStreetMap","osm_id":"way/81528631","osm_url":"https://www.openstreetmap.org/way/81528631","source":"OpenStreetMap"}},{"type":"Feature","geometry":{"type":"Point","coordinates":[-1.3453014,53.4885]},"properties":{"name":"Wathwood Hospital","layer":"hospitals","note":"OpenStreetMap","osm_id":"way/815454873","osm_url":"https://www.openstreetmap.org/way/815454873","source":"OpenStreetMap"}},{"type":"Feature","geometry":{"type":"Point","coordinates":[-0.5654097,50.8543623]},"properties":{"name":"Arundel & District Community Hospital","layer":"hospitals","note":"OpenStreetMap","osm_id":"way/815844230","osm_url":"https://www.openstreetmap.org/way/815844230","source":"OpenStreetMap"}},{"type":"Feature","geometry":{"type":"Point","coordinates":[-1.2171177,54.5560174]},"properties":{"name":"Roseberry Park","layer":"hospitals","note":"OpenStreetMap","osm_id":"way/817452733","osm_url":"https://www.openstreetmap.org/way/817452733","source":"OpenStreetMap"}},{"type":"Feature","geometry":{"type":"Point","coordinates":[-0.1654575,51.5530202]},"properties":{"name":"Royal Free Hospital","layer":"hospitals","note":"Royal Free London","osm_id":"way/818779914","osm_url":"https://www.openstreetmap.org/way/818779914","source":"OpenStreetMap","brand":"Royal Free London"}},{"type":"Feature","geometry":{"type":"Point","coordinates":[-6.2851429,53.3572814]},"properties":{"name":"Phoenix Care Centre","layer":"hospitals","note":"Health Service Executive","osm_id":"way/82085707","osm_url":"https://www.openstreetmap.org/way/82085707","source":"OpenStreetMap","brand":"Health Service Executive"}},{"type":"Feature","geometry":{"type":"Point","coordinates":[-0.1911413,51.4952203]},"properties":{"name":"Cromwell Hospital","layer":"hospitals","note":"BUPA","osm_id":"way/821710065","osm_url":"https://www.openstreetmap.org/way/821710065","source":"OpenStreetMap","brand":"BUPA"}},{"type":"Feature","geometry":{"type":"Point","coordinates":[-4.2216667,55.8932647]},"properties":{"name":"Stobhill Hospital","layer":"hospitals","note":"OpenStreetMap","osm_id":"way/82259930","osm_url":"https://www.openstreetmap.org/way/82259930","source":"OpenStreetMap"}},{"type":"Feature","geometry":{"type":"Point","coordinates":[-4.2236752,55.8929244]},"properties":{"name":"MacKinnon House","layer":"hospitals","note":"NHS Greater Glasgow and Clyde","osm_id":"way/82260005","osm_url":"https://www.openstreetmap.org/way/82260005","source":"OpenStreetMap","brand":"NHS Greater Glasgow and Clyde"}},{"type":"Feature","geometry":{"type":"Point","coordinates":[-0.8485718,51.2874427]},"properties":{"name":"Fleet Community Hospital","layer":"hospitals","note":"OpenStreetMap","osm_id":"way/82284246","osm_url":"https://www.openstreetmap.org/way/82284246","source":"OpenStreetMap"}},{"type":"Feature","geometry":{"type":"Point","coordinates":[-1.8837419,52.4556429]},"properties":{"name":"Runcorn Road Dialysis Unit","layer":"hospitals","note":"OpenStreetMap","osm_id":"way/82293223","osm_url":"https://www.openstreetmap.org/way/82293223","source":"OpenStreetMap"}},{"type":"Feature","geometry":{"type":"Point","coordinates":[-4.137064,50.9547893]},"properties":{"name":"Torrington Community Hospital","layer":"hospitals","note":"OpenStreetMap","osm_id":"way/827894583","osm_url":"https://www.openstreetmap.org/way/827894583","source":"OpenStreetMap"}},{"type":"Feature","geometry":{"type":"Point","coordinates":[-1.2489847,53.1022571]},"properties":{"name":"Hospital","layer":"hospitals","note":"OpenStreetMap","osm_id":"way/828481022","osm_url":"https://www.openstreetmap.org/way/828481022","source":"OpenStreetMap"}},{"type":"Feature","geometry":{"type":"Point","coordinates":[-0.4112428,50.8419472]},"properties":{"name":"Swandean","layer":"hospitals","note":"OpenStreetMap","osm_id":"way/829827457","osm_url":"https://www.openstreetmap.org/way/829827457","source":"OpenStreetMap"}},{"type":"Feature","geometry":{"type":"Point","coordinates":[-0.1496613,51.5196063]},"properties":{"name":"University College Hospital at Westmoreland Street","layer":"hospitals","note":"University College London Hospitals NHS Foundation Trust","osm_id":"way/833201881","osm_url":"https://www.openstreetmap.org/way/833201881","source":"OpenStreetMap","brand":"University College London Hospitals NHS Foundation Trust"}},{"type":"Feature","geometry":{"type":"Point","coordinates":[-1.8360383,52.4749097]},"properties":{"name":"Tamarind Centre","layer":"hospitals","note":"Birmingham & Solihull Mental Health Foundation Trust","osm_id":"way/83486281","osm_url":"https://www.openstreetmap.org/way/83486281","source":"OpenStreetMap","brand":"Birmingham & Solihull Mental Health Foundation Trust"}},{"type":"Feature","geometry":{"type":"Point","coordinates":[-1.8354011,52.4735151]},"properties":{"name":"Riverside Lodge Intermediate Care Unit","layer":"hospitals","note":"OpenStreetMap","osm_id":"way/83500111","osm_url":"https://www.openstreetmap.org/way/83500111","source":"OpenStreetMap"}},{"type":"Feature","geometry":{"type":"Point","coordinates":[-2.9975185,51.6486418]},"properties":{"name":"Grange University Hospital","layer":"hospitals","note":"Aneurin Bevan University Health Board","osm_id":"way/838254768","osm_url":"https://www.openstreetmap.org/way/838254768","source":"OpenStreetMap","brand":"Aneurin Bevan University Health Board"}},{"type":"Feature","geometry":{"type":"Point","coordinates":[-0.0806041,51.2742276]},"properties":{"name":"North Downs Hospital","layer":"hospitals","note":"OpenStreetMap","osm_id":"way/839082146","osm_url":"https://www.openstreetmap.org/way/839082146","source":"OpenStreetMap"}},{"type":"Feature","geometry":{"type":"Point","coordinates":[-0.1912482,51.3442848]},"properties":{"name":"Royal Marsden Hospital","layer":"hospitals","note":"OpenStreetMap","osm_id":"way/839142057","osm_url":"https://www.openstreetmap.org/way/839142057","source":"OpenStreetMap"}},{"type":"Feature","geometry":{"type":"Point","coordinates":[-1.9759847,51.7123462]},"properties":{"name":"Cirencester Hospital","layer":"hospitals","note":"OpenStreetMap","osm_id":"way/84302017","osm_url":"https://www.openstreetmap.org/way/84302017","source":"OpenStreetMap"}},{"type":"Feature","geometry":{"type":"Point","coordinates":[-0.5132783,52.0117989]},"properties":{"name":"Steppingley Hospital","layer":"hospitals","note":"OpenStreetMap","osm_id":"way/84328676","osm_url":"https://www.openstreetmap.org/way/84328676","source":"OpenStreetMap"}},{"type":"Feature","geometry":{"type":"Point","coordinates":[-1.9154948,52.4971516]},"properties":{"name":"Carnegie Centre","layer":"hospitals","note":"NHS","osm_id":"way/84354521","osm_url":"https://www.openstreetmap.org/way/84354521","source":"OpenStreetMap","brand":"NHS"}},{"type":"Feature","geometry":{"type":"Point","coordinates":[-5.0547541,55.8270242]},"properties":{"name":"Victoria Hospital Annex","layer":"hospitals","note":"NHS Highland","osm_id":"way/845608442","osm_url":"https://www.openstreetmap.org/way/845608442","source":"OpenStreetMap","brand":"NHS Highland"}},{"type":"Feature","geometry":{"type":"Point","coordinates":[-6.1886409,53.3038004]},"properties":{"name":"Blackrock Clinic","layer":"hospitals","note":"OpenStreetMap","osm_id":"way/84762457","osm_url":"https://www.openstreetmap.org/way/84762457","source":"OpenStreetMap"}},{"type":"Feature","geometry":{"type":"Point","coordinates":[-1.93733,52.4877039]},"properties":{"name":"Summerfield Urgent Care Centre","layer":"hospitals","note":"OpenStreetMap","osm_id":"way/84883595","osm_url":"https://www.openstreetmap.org/way/84883595","source":"OpenStreetMap"}},{"type":"Feature","geometry":{"type":"Point","coordinates":[-8.9736294,53.2819427]},"properties":{"name":"Galway Clinic","layer":"hospitals","note":"OpenStreetMap","osm_id":"way/850141045","osm_url":"https://www.openstreetmap.org/way/850141045","source":"OpenStreetMap"}},{"type":"Feature","geometry":{"type":"Point","coordinates":[-1.2163841,53.0042071]},"properties":{"name":"Hospital","layer":"hospitals","note":"OpenStreetMap","osm_id":"way/850276288","osm_url":"https://www.openstreetmap.org/way/850276288","source":"OpenStreetMap"}},{"type":"Feature","geometry":{"type":"Point","coordinates":[-1.1260581,53.9560318]},"properties":{"name":"Hospital","layer":"hospitals","note":"OpenStreetMap","osm_id":"way/851200948","osm_url":"https://www.openstreetmap.org/way/851200948","source":"OpenStreetMap"}},{"type":"Feature","geometry":{"type":"Point","coordinates":[-1.1150266,53.9777794]},"properties":{"name":"Hospital","layer":"hospitals","note":"OpenStreetMap","osm_id":"way/851469870","osm_url":"https://www.openstreetmap.org/way/851469870","source":"OpenStreetMap"}},{"type":"Feature","geometry":{"type":"Point","coordinates":[-1.084045,53.9703162]},"properties":{"name":"York District Hospital","layer":"hospitals","note":"York Teaching Hospitals NHS Trust","osm_id":"way/851799019","osm_url":"https://www.openstreetmap.org/way/851799019","source":"OpenStreetMap","brand":"York Teaching Hospitals NHS Trust"}},{"type":"Feature","geometry":{"type":"Point","coordinates":[-2.1154054,57.1149702]},"properties":{"name":"Dee View Court","layer":"hospitals","note":"Sue Ryder","osm_id":"way/851810465","osm_url":"https://www.openstreetmap.org/way/851810465","source":"OpenStreetMap","brand":"Sue Ryder"}},{"type":"Feature","geometry":{"type":"Point","coordinates":[-4.3406979,55.8622358]},"properties":{"name":"The Queen Elizabeth University Hospital Campus","layer":"hospitals","note":"NHS Greater Glasgow and Clyde","osm_id":"way/85265086","osm_url":"https://www.openstreetmap.org/way/85265086","source":"OpenStreetMap","brand":"NHS Greater Glasgow and Clyde"}},{"type":"Feature","geometry":{"type":"Point","coordinates":[-2.9725604,51.3224266]},"properties":{"name":"Weston General Hospital","layer":"hospitals","note":"OpenStreetMap","osm_id":"way/854599317","osm_url":"https://www.openstreetmap.org/way/854599317","source":"OpenStreetMap"}},{"type":"Feature","geometry":{"type":"Point","coordinates":[-0.170971,51.4891664]},"properties":{"name":"Royal Brompton Hospital","layer":"hospitals","note":"Guy's and St Thomas' NHS Foundation Trust","osm_id":"way/85472872","osm_url":"https://www.openstreetmap.org/way/85472872","source":"OpenStreetMap","brand":"Guy's and St Thomas' NHS Foundation Trust"}},{"type":"Feature","geometry":{"type":"Point","coordinates":[-0.1725464,51.4905731]},"properties":{"name":"The Royal Marsden Hospital","layer":"hospitals","note":"OpenStreetMap","osm_id":"way/85472885","osm_url":"https://www.openstreetmap.org/way/85472885","source":"OpenStreetMap"}},{"type":"Feature","geometry":{"type":"Point","coordinates":[-1.9605984,52.4210793]},"properties":{"name":"The Woodlands Suite","layer":"hospitals","note":"NHS","osm_id":"way/854987965","osm_url":"https://www.openstreetmap.org/way/854987965","source":"OpenStreetMap","brand":"NHS"}},{"type":"Feature","geometry":{"type":"Point","coordinates":[-0.3410941,51.4256945]},"properties":{"name":"Teddington Memorial Hospital","layer":"hospitals","note":"OpenStreetMap","osm_id":"way/855389355","osm_url":"https://www.openstreetmap.org/way/855389355","source":"OpenStreetMap"}},{"type":"Feature","geometry":{"type":"Point","coordinates":[-8.166855,54.3036745]},"properties":{"name":"Our Lady's Hospital","layer":"hospitals","note":"OpenStreetMap","osm_id":"way/857250908","osm_url":"https://www.openstreetmap.org/way/857250908","source":"OpenStreetMap"}},{"type":"Feature","geometry":{"type":"Point","coordinates":[-6.9612638,54.2516456]},"properties":{"name":"Saint Davnet's Hospital","layer":"hospitals","note":"Health Service Executive","osm_id":"way/857609667","osm_url":"https://www.openstreetmap.org/way/857609667","source":"OpenStreetMap","brand":"Health Service Executive"}},{"type":"Feature","geometry":{"type":"Point","coordinates":[-2.1745786,53.6612815]},"properties":{"name":"Hospital","layer":"hospitals","note":"OpenStreetMap","osm_id":"way/858473447","osm_url":"https://www.openstreetmap.org/way/858473447","source":"OpenStreetMap"}},{"type":"Feature","geometry":{"type":"Point","coordinates":[-0.0330035,51.4051958]},"properties":{"name":"Beckenham Beacon","layer":"hospitals","note":"OpenStreetMap","osm_id":"way/860476845","osm_url":"https://www.openstreetmap.org/way/860476845","source":"OpenStreetMap"}},{"type":"Feature","geometry":{"type":"Point","coordinates":[-2.2400093,52.6949135]},"properties":{"name":"Huntercombe Hospital Stafford","layer":"hospitals","note":"OpenStreetMap","osm_id":"way/860630821","osm_url":"https://www.openstreetmap.org/way/860630821","source":"OpenStreetMap"}},{"type":"Feature","geometry":{"type":"Point","coordinates":[-3.9348007,56.1066222]},"properties":{"name":"Stirling Health and Care Village","layer":"hospitals","note":"NHS Forth Valley","osm_id":"way/86101122","osm_url":"https://www.openstreetmap.org/way/86101122","source":"OpenStreetMap","brand":"NHS Forth Valley"}},{"type":"Feature","geometry":{"type":"Point","coordinates":[-6.2027095,53.268336]},"properties":{"name":"Leopardstown Park Hospital","layer":"hospitals","note":"OpenStreetMap","osm_id":"way/86207904","osm_url":"https://www.openstreetmap.org/way/86207904","source":"OpenStreetMap"}},{"type":"Feature","geometry":{"type":"Point","coordinates":[-0.2237476,51.4338573]},"properties":{"name":"Nuffield Health Cancer Centre London","layer":"hospitals","note":"OpenStreetMap","osm_id":"way/863316715","osm_url":"https://www.openstreetmap.org/way/863316715","source":"OpenStreetMap"}},{"type":"Feature","geometry":{"type":"Point","coordinates":[0.2190364,51.5487002]},"properties":{"name":"St. George's Health & Wellbeing Hub","layer":"hospitals","note":"NHS","osm_id":"way/863401259","osm_url":"https://www.openstreetmap.org/way/863401259","source":"OpenStreetMap","brand":"NHS"}},{"type":"Feature","geometry":{"type":"Point","coordinates":[0.1240188,51.7044115]},"properties":{"name":"Saint Margaret's Hospital","layer":"hospitals","note":"OpenStreetMap","osm_id":"way/863515003","osm_url":"https://www.openstreetmap.org/way/863515003","source":"OpenStreetMap"}},{"type":"Feature","geometry":{"type":"Point","coordinates":[-8.1937567,52.8566498]},"properties":{"name":"Hospital","layer":"hospitals","note":"OpenStreetMap","osm_id":"way/864850687","osm_url":"https://www.openstreetmap.org/way/864850687","source":"OpenStreetMap"}},{"type":"Feature","geometry":{"type":"Point","coordinates":[-3.8223906,57.1983086]},"properties":{"name":"Badenoch and Strathspey Community Hospital","layer":"hospitals","note":"NHS Highland","osm_id":"way/865404236","osm_url":"https://www.openstreetmap.org/way/865404236","source":"OpenStreetMap","brand":"NHS Highland"}},{"type":"Feature","geometry":{"type":"Point","coordinates":[-2.0730327,51.8805146]},"properties":{"name":"Leckhampton Lodge Health Centre","layer":"hospitals","note":"NHS","osm_id":"way/865679693","osm_url":"https://www.openstreetmap.org/way/865679693","source":"OpenStreetMap","brand":"NHS"}},{"type":"Feature","geometry":{"type":"Point","coordinates":[-1.4859676,53.0183409]},"properties":{"name":"Babington Hospital","layer":"hospitals","note":"OpenStreetMap","osm_id":"way/86595210","osm_url":"https://www.openstreetmap.org/way/86595210","source":"OpenStreetMap"}},{"type":"Feature","geometry":{"type":"Point","coordinates":[0.0647023,51.513611]},"properties":{"name":"Cygnet Hospital Beckton","layer":"hospitals","note":"OpenStreetMap","osm_id":"way/868274062","osm_url":"https://www.openstreetmap.org/way/868274062","source":"OpenStreetMap"}},{"type":"Feature","geometry":{"type":"Point","coordinates":[-0.9590183,51.4517657]},"properties":{"name":"Princes House","layer":"hospitals","note":"OpenStreetMap","osm_id":"way/87086601","osm_url":"https://www.openstreetmap.org/way/87086601","source":"OpenStreetMap"}},{"type":"Feature","geometry":{"type":"Point","coordinates":[-3.5225786,55.8923826]},"properties":{"name":"Saint John's Hospital","layer":"hospitals","note":"NHS Lothian","osm_id":"way/87166982","osm_url":"https://www.openstreetmap.org/way/87166982","source":"OpenStreetMap","brand":"NHS Lothian"}},{"type":"Feature","geometry":{"type":"Point","coordinates":[-0.2541802,51.4157617]},"properties":{"name":"New Victoria Hospital","layer":"hospitals","note":"OpenStreetMap","osm_id":"way/872044524","osm_url":"https://www.openstreetmap.org/way/872044524","source":"OpenStreetMap"}},{"type":"Feature","geometry":{"type":"Point","coordinates":[-3.0129483,51.6138137]},"properties":{"name":"Hospital","layer":"hospitals","note":"OpenStreetMap","osm_id":"way/874943187","osm_url":"https://www.openstreetmap.org/way/874943187","source":"OpenStreetMap"}},{"type":"Feature","geometry":{"type":"Point","coordinates":[-0.5720396,51.5427247]},"properties":{"name":"Spire Thames Valley Hospital","layer":"hospitals","note":"Spire Healthcare Group plc","osm_id":"way/875853856","osm_url":"https://www.openstreetmap.org/way/875853856","source":"OpenStreetMap","brand":"Spire Healthcare Group plc"}},{"type":"Feature","geometry":{"type":"Point","coordinates":[-2.6354844,53.4462204]},"properties":{"name":"Newton Community Hospital","layer":"hospitals","note":"NHS","osm_id":"way/877852968","osm_url":"https://www.openstreetmap.org/way/877852968","source":"OpenStreetMap","brand":"NHS"}},{"type":"Feature","geometry":{"type":"Point","coordinates":[-2.1408618,53.6223204]},"properties":{"name":"Croft Shifa Medical Centre","layer":"hospitals","note":"OpenStreetMap","osm_id":"way/878609424","osm_url":"https://www.openstreetmap.org/way/878609424","source":"OpenStreetMap"}},{"type":"Feature","geometry":{"type":"Point","coordinates":[-2.1553744,53.6106915]},"properties":{"name":"Nye Bevan House","layer":"hospitals","note":"OpenStreetMap","osm_id":"way/878928336","osm_url":"https://www.openstreetmap.org/way/878928336","source":"OpenStreetMap"}},{"type":"Feature","geometry":{"type":"Point","coordinates":[-0.1814395,51.4843905]},"properties":{"name":"Chelsea and Westminster Hospital","layer":"hospitals","note":"OpenStreetMap","osm_id":"way/881918254","osm_url":"https://www.openstreetmap.org/way/881918254","source":"OpenStreetMap"}},{"type":"Feature","geometry":{"type":"Point","coordinates":[-8.6424399,52.6687728]},"properties":{"name":"Saint Camillus Hospital","layer":"hospitals","note":"OpenStreetMap","osm_id":"way/88212992","osm_url":"https://www.openstreetmap.org/way/88212992","source":"OpenStreetMap"}},{"type":"Feature","geometry":{"type":"Point","coordinates":[-0.1741702,51.4899939]},"properties":{"name":"Royal Brompton Hospital","layer":"hospitals","note":"OpenStreetMap","osm_id":"way/888717352","osm_url":"https://www.openstreetmap.org/way/888717352","source":"OpenStreetMap"}},{"type":"Feature","geometry":{"type":"Point","coordinates":[-0.7371368,52.6715531]},"properties":{"name":"Rutland Memorial Hospital","layer":"hospitals","note":"OpenStreetMap","osm_id":"way/890260749","osm_url":"https://www.openstreetmap.org/way/890260749","source":"OpenStreetMap"}},{"type":"Feature","geometry":{"type":"Point","coordinates":[-3.6533231,55.6951703]},"properties":{"name":"The State Hospital","layer":"hospitals","note":"NHS Scotland","osm_id":"way/89034483","osm_url":"https://www.openstreetmap.org/way/89034483","source":"OpenStreetMap","brand":"NHS Scotland"}},{"type":"Feature","geometry":{"type":"Point","coordinates":[-1.3405371,51.0614012]},"properties":{"name":"Sarum Road Hospital (BMI)","layer":"hospitals","note":"OpenStreetMap","osm_id":"way/89101009","osm_url":"https://www.openstreetmap.org/way/89101009","source":"OpenStreetMap"}},{"type":"Feature","geometry":{"type":"Point","coordinates":[-2.052547,52.4809166]},"properties":{"name":"Rowley Regis Hospital","layer":"hospitals","note":"OpenStreetMap","osm_id":"way/89131150","osm_url":"https://www.openstreetmap.org/way/89131150","source":"OpenStreetMap"}},{"type":"Feature","geometry":{"type":"Point","coordinates":[-3.8389467,55.5582657]},"properties":{"name":"Lady Home Cottage Hospital","layer":"hospitals","note":"OpenStreetMap","osm_id":"way/89567556","osm_url":"https://www.openstreetmap.org/way/89567556","source":"OpenStreetMap"}},{"type":"Feature","geometry":{"type":"Point","coordinates":[-4.3498021,50.818319]},"properties":{"name":"Holsworthy Hospital","layer":"hospitals","note":"OpenStreetMap","osm_id":"way/900699923","osm_url":"https://www.openstreetmap.org/way/900699923","source":"OpenStreetMap"}},{"type":"Feature","geometry":{"type":"Point","coordinates":[-2.142117,53.2621659]},"properties":{"name":"Macclesfield District General Hospital","layer":"hospitals","note":"OpenStreetMap","osm_id":"way/900722316","osm_url":"https://www.openstreetmap.org/way/900722316","source":"OpenStreetMap"}},{"type":"Feature","geometry":{"type":"Point","coordinates":[0.7491372,52.048746]},"properties":{"name":"Sudbury Community Health Centre","layer":"hospitals","note":"NHS","osm_id":"way/900727126","osm_url":"https://www.openstreetmap.org/way/900727126","source":"OpenStreetMap","brand":"NHS"}},{"type":"Feature","geometry":{"type":"Point","coordinates":[0.6382035,51.9481012]},"properties":{"name":"Halstead Hospital","layer":"hospitals","note":"OpenStreetMap","osm_id":"way/900727609","osm_url":"https://www.openstreetmap.org/way/900727609","source":"OpenStreetMap"}},{"type":"Feature","geometry":{"type":"Point","coordinates":[0.895291,51.9063079]},"properties":{"name":"Oaks Hospital","layer":"hospitals","note":"OpenStreetMap","osm_id":"way/900729250","osm_url":"https://www.openstreetmap.org/way/900729250","source":"OpenStreetMap"}},{"type":"Feature","geometry":{"type":"Point","coordinates":[-0.8159702,51.8207711]},"properties":{"name":"Royal Buckinghamshire Hospital","layer":"hospitals","note":"OpenStreetMap","osm_id":"way/900747901","osm_url":"https://www.openstreetmap.org/way/900747901","source":"OpenStreetMap"}},{"type":"Feature","geometry":{"type":"Point","coordinates":[-0.8023131,51.8205916]},"properties":{"name":"Whiteleaf Centre","layer":"hospitals","note":"OpenStreetMap","osm_id":"way/900748771","osm_url":"https://www.openstreetmap.org/way/900748771","source":"OpenStreetMap"}},{"type":"Feature","geometry":{"type":"Point","coordinates":[-2.8469817,51.4375862]},"properties":{"name":"Clevedon Community Hospital","layer":"hospitals","note":"NHS","osm_id":"way/900761980","osm_url":"https://www.openstreetmap.org/way/900761980","source":"OpenStreetMap","brand":"NHS"}},{"type":"Feature","geometry":{"type":"Point","coordinates":[-2.9606089,51.3648286]},"properties":{"name":"Cygnet Hospital Kewstoke","layer":"hospitals","note":"OpenStreetMap","osm_id":"way/900762920","osm_url":"https://www.openstreetmap.org/way/900762920","source":"OpenStreetMap"}},{"type":"Feature","geometry":{"type":"Point","coordinates":[0.2756319,50.8817862]},"properties":{"name":"Amberstone Hospital","layer":"hospitals","note":"OpenStreetMap","osm_id":"way/900793829","osm_url":"https://www.openstreetmap.org/way/900793829","source":"OpenStreetMap"}},{"type":"Feature","geometry":{"type":"Point","coordinates":[-2.9521486,50.8747987]},"properties":{"name":"Hospital","layer":"hospitals","note":"OpenStreetMap","osm_id":"way/900802267","osm_url":"https://www.openstreetmap.org/way/900802267","source":"OpenStreetMap"}},{"type":"Feature","geometry":{"type":"Point","coordinates":[-2.4251689,53.5280668]},"properties":{"name":"Woodlands Hospital","layer":"hospitals","note":"OpenStreetMap","osm_id":"way/900802369","osm_url":"https://www.openstreetmap.org/way/900802369","source":"OpenStreetMap"}},{"type":"Feature","geometry":{"type":"Point","coordinates":[-2.4229332,53.5276912]},"properties":{"name":"St Ann's Hospice","layer":"hospitals","note":"OpenStreetMap","osm_id":"way/900802370","osm_url":"https://www.openstreetmap.org/way/900802370","source":"OpenStreetMap"}},{"type":"Feature","geometry":{"type":"Point","coordinates":[0.1112641,51.5802535]},"properties":{"name":"King George Hospital","layer":"hospitals","note":"OpenStreetMap","osm_id":"way/902050280","osm_url":"https://www.openstreetmap.org/way/902050280","source":"OpenStreetMap"}},{"type":"Feature","geometry":{"type":"Point","coordinates":[0.7272229,51.5541559]},"properties":{"name":"Wellesley Hospital","layer":"hospitals","note":"Spire Healthcare","osm_id":"way/902053803","osm_url":"https://www.openstreetmap.org/way/902053803","source":"OpenStreetMap","brand":"Spire Healthcare"}},{"type":"Feature","geometry":{"type":"Point","coordinates":[0.0537202,51.4492355]},"properties":{"name":"Eltham Community Hospital","layer":"hospitals","note":"OpenStreetMap","osm_id":"way/904874618","osm_url":"https://www.openstreetmap.org/way/904874618","source":"OpenStreetMap"}},{"type":"Feature","geometry":{"type":"Point","coordinates":[-2.3114668,51.238099]},"properties":{"name":"Frome Community Hospital","layer":"hospitals","note":"OpenStreetMap","osm_id":"way/90501152","osm_url":"https://www.openstreetmap.org/way/90501152","source":"OpenStreetMap"}},{"type":"Feature","geometry":{"type":"Point","coordinates":[-3.1415381,51.5311883]},"properties":{"name":"Spire Cardiff Hospital","layer":"hospitals","note":"OpenStreetMap","osm_id":"way/907491180","osm_url":"https://www.openstreetmap.org/way/907491180","source":"OpenStreetMap"}},{"type":"Feature","geometry":{"type":"Point","coordinates":[-1.8755432,52.5997912]},"properties":{"name":"Little Aston Hospital","layer":"hospitals","note":"BUPA","osm_id":"way/907777259","osm_url":"https://www.openstreetmap.org/way/907777259","source":"OpenStreetMap","brand":"BUPA"}},{"type":"Feature","geometry":{"type":"Point","coordinates":[-3.9916281,55.6922559]},"properties":{"name":"Stonehouse Hospital","layer":"hospitals","note":"OpenStreetMap","osm_id":"way/90834650","osm_url":"https://www.openstreetmap.org/way/90834650","source":"OpenStreetMap"}},{"type":"Feature","geometry":{"type":"Point","coordinates":[0.4708996,51.731008]},"properties":{"name":"Chelmsford and Essex (C&E) Centre","layer":"hospitals","note":"NHS","osm_id":"way/90874424","osm_url":"https://www.openstreetmap.org/way/90874424","source":"OpenStreetMap","brand":"NHS"}},{"type":"Feature","geometry":{"type":"Point","coordinates":[-2.1160751,52.5031168]},"properties":{"name":"Bushey Fields Hospital","layer":"hospitals","note":"OpenStreetMap","osm_id":"way/91003246","osm_url":"https://www.openstreetmap.org/way/91003246","source":"OpenStreetMap"}},{"type":"Feature","geometry":{"type":"Point","coordinates":[-2.1184766,52.5026768]},"properties":{"name":"Russells Hall Hospital","layer":"hospitals","note":"OpenStreetMap","osm_id":"way/91006485","osm_url":"https://www.openstreetmap.org/way/91006485","source":"OpenStreetMap"}},{"type":"Feature","geometry":{"type":"Point","coordinates":[-6.2793436,55.7557658]},"properties":{"name":"Islay Hospital","layer":"hospitals","note":"OpenStreetMap","osm_id":"way/91015028","osm_url":"https://www.openstreetmap.org/way/91015028","source":"OpenStreetMap"}},{"type":"Feature","geometry":{"type":"Point","coordinates":[-0.2373413,51.5163849]},"properties":{"name":"Queen Charlotte's & Chelsea Hospital","layer":"hospitals","note":"OpenStreetMap","osm_id":"way/912368818","osm_url":"https://www.openstreetmap.org/way/912368818","source":"OpenStreetMap"}},{"type":"Feature","geometry":{"type":"Point","coordinates":[-3.7599057,55.670075]},"properties":{"name":"Lockhart Hospital","layer":"hospitals","note":"OpenStreetMap","osm_id":"way/91240875","osm_url":"https://www.openstreetmap.org/way/91240875","source":"OpenStreetMap"}},{"type":"Feature","geometry":{"type":"Point","coordinates":[-0.9469298,51.2407174]},"properties":{"name":"RMC","layer":"hospitals","note":"OpenStreetMap","osm_id":"way/91272800","osm_url":"https://www.openstreetmap.org/way/91272800","source":"OpenStreetMap"}},{"type":"Feature","geometry":{"type":"Point","coordinates":[-1.5542213,53.8006204]},"properties":{"name":"Nuffield Hospital","layer":"hospitals","note":"OpenStreetMap","osm_id":"way/913062230","osm_url":"https://www.openstreetmap.org/way/913062230","source":"OpenStreetMap"}},{"type":"Feature","geometry":{"type":"Point","coordinates":[-0.1216757,52.2474507]},"properties":{"name":"Hospital","layer":"hospitals","note":"OpenStreetMap","osm_id":"way/914691191","osm_url":"https://www.openstreetmap.org/way/914691191","source":"OpenStreetMap"}},{"type":"Feature","geometry":{"type":"Point","coordinates":[-3.2590169,52.0079781]},"properties":{"name":"Bronllys Community Hospital","layer":"hospitals","note":"Powys Teaching Health Board","osm_id":"way/918042247","osm_url":"https://www.openstreetmap.org/way/918042247","source":"OpenStreetMap","brand":"Powys Teaching Health Board"}},{"type":"Feature","geometry":{"type":"Point","coordinates":[-1.8151013,53.6553447]},"properties":{"name":"Huddersfield Royal Infirmary","layer":"hospitals","note":"OpenStreetMap","osm_id":"way/91811805","osm_url":"https://www.openstreetmap.org/way/91811805","source":"OpenStreetMap"}},{"type":"Feature","geometry":{"type":"Point","coordinates":[0.5416333,51.3796228]},"properties":{"name":"Medway Maritime Hospital","layer":"hospitals","note":"Medway NHS Foundation Trust","osm_id":"way/92160471","osm_url":"https://www.openstreetmap.org/way/92160471","source":"OpenStreetMap","brand":"Medway NHS Foundation Trust"}},{"type":"Feature","geometry":{"type":"Point","coordinates":[-3.1395955,55.9208958]},"properties":{"name":"Royal Hospital for Children and Young People","layer":"hospitals","note":"NHS Lothian","osm_id":"way/922197122","osm_url":"https://www.openstreetmap.org/way/922197122","source":"OpenStreetMap","brand":"NHS Lothian"}},{"type":"Feature","geometry":{"type":"Point","coordinates":[-3.7843976,56.1247115]},"properties":{"name":"Clackmannanshire Community Healthcare Centre","layer":"hospitals","note":"NHS Forth Valley","osm_id":"way/92425883","osm_url":"https://www.openstreetmap.org/way/92425883","source":"OpenStreetMap","brand":"NHS Forth Valley"}},{"type":"Feature","geometry":{"type":"Point","coordinates":[-1.5748276,54.8511207]},"properties":{"name":"Chester-le-Street Community Hospital","layer":"hospitals","note":"OpenStreetMap","osm_id":"way/924861408","osm_url":"https://www.openstreetmap.org/way/924861408","source":"OpenStreetMap"}},{"type":"Feature","geometry":{"type":"Point","coordinates":[-0.2148715,51.6581205]},"properties":{"name":"Noah's Ark Children's Hospice","layer":"hospitals","note":"OpenStreetMap","osm_id":"way/926396835","osm_url":"https://www.openstreetmap.org/way/926396835","source":"OpenStreetMap"}},{"type":"Feature","geometry":{"type":"Point","coordinates":[-0.2819639,51.5905128]},"properties":{"name":"Hospital","layer":"hospitals","note":"OpenStreetMap","osm_id":"way/92785814","osm_url":"https://www.openstreetmap.org/way/92785814","source":"OpenStreetMap"}},{"type":"Feature","geometry":{"type":"Point","coordinates":[-2.5234378,53.5011944]},"properties":{"name":"NHS Atherleigh Park","layer":"hospitals","note":"NHS","osm_id":"way/928103546","osm_url":"https://www.openstreetmap.org/way/928103546","source":"OpenStreetMap","brand":"NHS"}},{"type":"Feature","geometry":{"type":"Point","coordinates":[-2.8012495,52.7194212]},"properties":{"name":"The Uplands","layer":"hospitals","note":"Marches Care Ltd.","osm_id":"way/928306771","osm_url":"https://www.openstreetmap.org/way/928306771","source":"OpenStreetMap","brand":"Marches Care Ltd."}},{"type":"Feature","geometry":{"type":"Point","coordinates":[-2.8029672,52.7200811]},"properties":{"name":"Severn Hospice Shrewsbury","layer":"hospitals","note":"Severn Hospice Limited","osm_id":"way/928306772","osm_url":"https://www.openstreetmap.org/way/928306772","source":"OpenStreetMap","brand":"Severn Hospice Limited"}},{"type":"Feature","geometry":{"type":"Point","coordinates":[-3.1282583,51.028657]},"properties":{"name":"Nuffield Taunton","layer":"hospitals","note":"Nuffield Health","osm_id":"way/93010859","osm_url":"https://www.openstreetmap.org/way/93010859","source":"OpenStreetMap","brand":"Nuffield Health"}},{"type":"Feature","geometry":{"type":"Point","coordinates":[-1.0525662,54.5397424]},"properties":{"name":"Hospital","layer":"hospitals","note":"OpenStreetMap","osm_id":"way/93313529","osm_url":"https://www.openstreetmap.org/way/93313529","source":"OpenStreetMap"}},{"type":"Feature","geometry":{"type":"Point","coordinates":[-1.4236145,53.7404461]},"properties":{"name":"Spire Methley Park Hospital","layer":"hospitals","note":"Spire","osm_id":"way/934139865","osm_url":"https://www.openstreetmap.org/way/934139865","source":"OpenStreetMap","brand":"Spire"}},{"type":"Feature","geometry":{"type":"Point","coordinates":[-0.8763311,52.7661696]},"properties":{"name":"St Mary's Hospital","layer":"hospitals","note":"OpenStreetMap","osm_id":"way/93446752","osm_url":"https://www.openstreetmap.org/way/93446752","source":"OpenStreetMap"}},{"type":"Feature","geometry":{"type":"Point","coordinates":[-3.9354683,51.6173871]},"properties":{"name":"Weavers House","layer":"hospitals","note":"OpenStreetMap","osm_id":"way/93523346","osm_url":"https://www.openstreetmap.org/way/93523346","source":"OpenStreetMap"}},{"type":"Feature","geometry":{"type":"Point","coordinates":[-3.1345976,55.9221695]},"properties":{"name":"Royal Infirmary of Edinburgh (Little France)","layer":"hospitals","note":"NHS Lothian","osm_id":"way/93536102","osm_url":"https://www.openstreetmap.org/way/93536102","source":"OpenStreetMap","brand":"NHS Lothian"}},{"type":"Feature","geometry":{"type":"Point","coordinates":[-1.2604575,51.6041599]},"properties":{"name":"Ridgeway Community Mental Health Team","layer":"hospitals","note":"OpenStreetMap","osm_id":"way/939552145","osm_url":"https://www.openstreetmap.org/way/939552145","source":"OpenStreetMap"}},{"type":"Feature","geometry":{"type":"Point","coordinates":[-2.074269,52.8177651]},"properties":{"name":"Beacon Park Hospital","layer":"hospitals","note":"Ramsay Health Care","osm_id":"way/941790165","osm_url":"https://www.openstreetmap.org/way/941790165","source":"OpenStreetMap","brand":"Ramsay Health Care"}},{"type":"Feature","geometry":{"type":"Point","coordinates":[-2.6293234,53.558177]},"properties":{"name":"Hospital","layer":"hospitals","note":"OpenStreetMap","osm_id":"way/942669221","osm_url":"https://www.openstreetmap.org/way/942669221","source":"OpenStreetMap"}},{"type":"Feature","geometry":{"type":"Point","coordinates":[-4.3044953,53.2566667]},"properties":{"name":"Ysbyty Cefni","layer":"hospitals","note":"NHS","osm_id":"way/94411636","osm_url":"https://www.openstreetmap.org/way/94411636","source":"OpenStreetMap","brand":"NHS"}},{"type":"Feature","geometry":{"type":"Point","coordinates":[-2.9661357,53.4257533]},"properties":{"name":"Breckfield and North Everton","layer":"hospitals","note":"OpenStreetMap","osm_id":"way/94436143","osm_url":"https://www.openstreetmap.org/way/94436143","source":"OpenStreetMap"}},{"type":"Feature","geometry":{"type":"Point","coordinates":[-2.1673272,53.6067716]},"properties":{"name":"The Highfield Hospital","layer":"hospitals","note":"BMI","osm_id":"way/944859475","osm_url":"https://www.openstreetmap.org/way/944859475","source":"OpenStreetMap","brand":"BMI"}},{"type":"Feature","geometry":{"type":"Point","coordinates":[-1.4883203,53.6937292]},"properties":{"name":"Pinderfields Hospital","layer":"hospitals","note":"Mid Yorkshire Teaching NHS Trust","osm_id":"way/945142160","osm_url":"https://www.openstreetmap.org/way/945142160","source":"OpenStreetMap","brand":"Mid Yorkshire Teaching NHS Trust"}},{"type":"Feature","geometry":{"type":"Point","coordinates":[-1.4934922,53.6979013]},"properties":{"name":"Fieldhead Hospital","layer":"hospitals","note":"South West Yorkshire Partnership NHS Foundation Trust","osm_id":"way/945142173","osm_url":"https://www.openstreetmap.org/way/945142173","source":"OpenStreetMap","brand":"South West Yorkshire Partnership NHS Foundation Trust"}},{"type":"Feature","geometry":{"type":"Point","coordinates":[-2.3411301,55.7725339]},"properties":{"name":"Knoll Community Hospital","layer":"hospitals","note":"OpenStreetMap","osm_id":"way/94529272","osm_url":"https://www.openstreetmap.org/way/94529272","source":"OpenStreetMap"}},{"type":"Feature","geometry":{"type":"Point","coordinates":[-3.1500129,51.7084742]},"properties":{"name":"Aberbeeg Hospital","layer":"hospitals","note":"Elysium Healthcare","osm_id":"way/948198141","osm_url":"https://www.openstreetmap.org/way/948198141","source":"OpenStreetMap","brand":"Elysium Healthcare"}},{"type":"Feature","geometry":{"type":"Point","coordinates":[-6.1932265,57.4104499]},"properties":{"name":"Portree Community Hospital","layer":"hospitals","note":"OpenStreetMap","osm_id":"way/95224453","osm_url":"https://www.openstreetmap.org/way/95224453","source":"OpenStreetMap"}},{"type":"Feature","geometry":{"type":"Point","coordinates":[-3.1398379,54.6065915]},"properties":{"name":"Mary Hewetson Cottage Hospital","layer":"hospitals","note":"OpenStreetMap","osm_id":"way/95360655","osm_url":"https://www.openstreetmap.org/way/95360655","source":"OpenStreetMap"}},{"type":"Feature","geometry":{"type":"Point","coordinates":[-2.3209327,52.1248407]},"properties":{"name":"Malvern Community Hospital","layer":"hospitals","note":"OpenStreetMap","osm_id":"way/95426945","osm_url":"https://www.openstreetmap.org/way/95426945","source":"OpenStreetMap"}},{"type":"Feature","geometry":{"type":"Point","coordinates":[-8.4059816,51.8863227]},"properties":{"name":"Mater Private Cork","layer":"hospitals","note":"OpenStreetMap","osm_id":"way/95527394","osm_url":"https://www.openstreetmap.org/way/95527394","source":"OpenStreetMap"}},{"type":"Feature","geometry":{"type":"Point","coordinates":[-1.5034812,54.9662497]},"properties":{"name":"Monkton Hall","layer":"hospitals","note":"OpenStreetMap","osm_id":"way/957688345","osm_url":"https://www.openstreetmap.org/way/957688345","source":"OpenStreetMap"}},{"type":"Feature","geometry":{"type":"Point","coordinates":[0.1432421,51.0636102]},"properties":{"name":"The Horder Centre","layer":"hospitals","note":"OpenStreetMap","osm_id":"way/958604493","osm_url":"https://www.openstreetmap.org/way/958604493","source":"OpenStreetMap"}},{"type":"Feature","geometry":{"type":"Point","coordinates":[-1.5108579,55.0280221]},"properties":{"name":"Cobalt Treatment Centre","layer":"hospitals","note":"Ramsey Healthcare UK","osm_id":"way/96429000","osm_url":"https://www.openstreetmap.org/way/96429000","source":"OpenStreetMap","brand":"Ramsey Healthcare UK"}},{"type":"Feature","geometry":{"type":"Point","coordinates":[-2.6080642,53.4281273]},"properties":{"name":"Hollins Park","layer":"hospitals","note":"Mersey Care NHS Foundation Trust","osm_id":"way/964332178","osm_url":"https://www.openstreetmap.org/way/964332178","source":"OpenStreetMap","brand":"Mersey Care NHS Foundation Trust"}},{"type":"Feature","geometry":{"type":"Point","coordinates":[-2.7987449,54.0396994]},"properties":{"name":"Ashton Community Care Centre","layer":"hospitals","note":"OpenStreetMap","osm_id":"way/96508783","osm_url":"https://www.openstreetmap.org/way/96508783","source":"OpenStreetMap"}},{"type":"Feature","geometry":{"type":"Point","coordinates":[-2.6763004,53.6609256]},"properties":{"name":"Euxton Hall Hospital","layer":"hospitals","note":"Ramsey Health Care","osm_id":"way/965655374","osm_url":"https://www.openstreetmap.org/way/965655374","source":"OpenStreetMap","brand":"Ramsey Health Care"}},{"type":"Feature","geometry":{"type":"Point","coordinates":[-2.5373587,55.9958501]},"properties":{"name":"Belhaven Hospital","layer":"hospitals","note":"OpenStreetMap","osm_id":"way/96566986","osm_url":"https://www.openstreetmap.org/way/96566986","source":"OpenStreetMap"}},{"type":"Feature","geometry":{"type":"Point","coordinates":[-2.2135279,53.0031261]},"properties":{"name":"Royal Stoke University Hospital","layer":"hospitals","note":"NHS","osm_id":"way/9665868","osm_url":"https://www.openstreetmap.org/way/9665868","source":"OpenStreetMap","brand":"NHS"}},{"type":"Feature","geometry":{"type":"Point","coordinates":[0.912922,51.1425546]},"properties":{"name":"The One Ashford Hospital","layer":"hospitals","note":"OpenStreetMap","osm_id":"way/96760780","osm_url":"https://www.openstreetmap.org/way/96760780","source":"OpenStreetMap"}},{"type":"Feature","geometry":{"type":"Point","coordinates":[-0.3316358,51.6374383]},"properties":{"name":"Spire Bushey Hospital","layer":"hospitals","note":"Spire Healthcare Limited","osm_id":"way/967775040","osm_url":"https://www.openstreetmap.org/way/967775040","source":"OpenStreetMap","brand":"Spire Healthcare Limited"}},{"type":"Feature","geometry":{"type":"Point","coordinates":[-7.1038588,52.2456715]},"properties":{"name":"Hospital","layer":"hospitals","note":"OpenStreetMap","osm_id":"way/969272942","osm_url":"https://www.openstreetmap.org/way/969272942","source":"OpenStreetMap"}},{"type":"Feature","geometry":{"type":"Point","coordinates":[-0.1174446,50.8199084]},"properties":{"name":"The Royal Alexandra Children's Hospital","layer":"hospitals","note":"Brighton and Sussex University Hospitals NHS Trust","osm_id":"way/96987620","osm_url":"https://www.openstreetmap.org/way/96987620","source":"OpenStreetMap","brand":"Brighton and Sussex University Hospitals NHS Trust"}},{"type":"Feature","geometry":{"type":"Point","coordinates":[-4.773206,50.3273746]},"properties":{"name":"St Austell Community Hospital","layer":"hospitals","note":"Cornwall Partnership NHS Foundation Trust","osm_id":"way/970367232","osm_url":"https://www.openstreetmap.org/way/970367232","source":"OpenStreetMap","brand":"Cornwall Partnership NHS Foundation Trust"}},{"type":"Feature","geometry":{"type":"Point","coordinates":[-2.9568478,51.6119737]},"properties":{"name":"Belin Centre","layer":"hospitals","note":"National Autistic Society","osm_id":"way/971389510","osm_url":"https://www.openstreetmap.org/way/971389510","source":"OpenStreetMap","brand":"National Autistic Society"}},{"type":"Feature","geometry":{"type":"Point","coordinates":[-0.1015412,51.5202012]},"properties":{"name":"CRGH","layer":"hospitals","note":"City Fertility Limited","osm_id":"way/97175523","osm_url":"https://www.openstreetmap.org/way/97175523","source":"OpenStreetMap","brand":"City Fertility Limited"}},{"type":"Feature","geometry":{"type":"Point","coordinates":[-1.8426972,52.4413842]},"properties":{"name":"Hunters Moor Neurorehabilitation Unit","layer":"hospitals","note":"OpenStreetMap","osm_id":"way/97391620","osm_url":"https://www.openstreetmap.org/way/97391620","source":"OpenStreetMap"}},{"type":"Feature","geometry":{"type":"Point","coordinates":[-2.9115603,53.5182481]},"properties":{"name":"Rowan View","layer":"hospitals","note":"OpenStreetMap","osm_id":"way/974948060","osm_url":"https://www.openstreetmap.org/way/974948060","source":"OpenStreetMap"}},{"type":"Feature","geometry":{"type":"Point","coordinates":[-1.4028949,50.8587624]},"properties":{"name":"Hythe Hospital","layer":"hospitals","note":"OpenStreetMap","osm_id":"way/97556498","osm_url":"https://www.openstreetmap.org/way/97556498","source":"OpenStreetMap"}},{"type":"Feature","geometry":{"type":"Point","coordinates":[-2.5588886,49.4477226]},"properties":{"name":"Princess Elizabeth Hospital","layer":"hospitals","note":"OpenStreetMap","osm_id":"way/97562929","osm_url":"https://www.openstreetmap.org/way/97562929","source":"OpenStreetMap"}},{"type":"Feature","geometry":{"type":"Point","coordinates":[-6.3785508,53.8619394]},"properties":{"name":"Saint Mary's Hospital","layer":"hospitals","note":"Saint John of God North East Services","osm_id":"way/975984802","osm_url":"https://www.openstreetmap.org/way/975984802","source":"OpenStreetMap","brand":"Saint John of God North East Services"}},{"type":"Feature","geometry":{"type":"Point","coordinates":[-3.5989338,55.0570221]},"properties":{"name":"Mountainhall Treatment Centre","layer":"hospitals","note":"OpenStreetMap","osm_id":"way/97676600","osm_url":"https://www.openstreetmap.org/way/97676600","source":"OpenStreetMap"}},{"type":"Feature","geometry":{"type":"Point","coordinates":[0.9145353,51.1418594]},"properties":{"name":"William Harvey Hospital","layer":"hospitals","note":"OpenStreetMap","osm_id":"way/97858742","osm_url":"https://www.openstreetmap.org/way/97858742","source":"OpenStreetMap"}},{"type":"Feature","geometry":{"type":"Point","coordinates":[-0.7544882,51.6263178]},"properties":{"name":"Wycombe General Hospital","layer":"hospitals","note":"OpenStreetMap","osm_id":"way/97953397","osm_url":"https://www.openstreetmap.org/way/97953397","source":"OpenStreetMap"}},{"type":"Feature","geometry":{"type":"Point","coordinates":[-0.9696827,51.7448703]},"properties":{"name":"Thame Community Hospital","layer":"hospitals","note":"OpenStreetMap","osm_id":"way/98169245","osm_url":"https://www.openstreetmap.org/way/98169245","source":"OpenStreetMap"}},{"type":"Feature","geometry":{"type":"Point","coordinates":[-0.4319747,50.8112228]},"properties":{"name":"Goring Hall Hospital","layer":"hospitals","note":"BMI Healthcare","osm_id":"way/984930964","osm_url":"https://www.openstreetmap.org/way/984930964","source":"OpenStreetMap","brand":"BMI Healthcare"}},{"type":"Feature","geometry":{"type":"Point","coordinates":[-2.9688691,51.3392946]},"properties":{"name":"Hospital","layer":"hospitals","note":"OpenStreetMap","osm_id":"way/98767385","osm_url":"https://www.openstreetmap.org/way/98767385","source":"OpenStreetMap"}},{"type":"Feature","geometry":{"type":"Point","coordinates":[-0.1280407,51.5280288]},"properties":{"name":"The Doctors Laboratory","layer":"hospitals","note":"The Doctors Laboratory Limited","osm_id":"way/988525443","osm_url":"https://www.openstreetmap.org/way/988525443","source":"OpenStreetMap","brand":"The Doctors Laboratory Limited"}},{"type":"Feature","geometry":{"type":"Point","coordinates":[0.3652955,51.4436692]},"properties":{"name":"Gravesham Community Hospital","layer":"hospitals","note":"OpenStreetMap","osm_id":"way/988639396","osm_url":"https://www.openstreetmap.org/way/988639396","source":"OpenStreetMap"}},{"type":"Feature","geometry":{"type":"Point","coordinates":[0.6715161,51.7300704]},"properties":{"name":"St Peter's Hospital","layer":"hospitals","note":"OpenStreetMap","osm_id":"way/99028054","osm_url":"https://www.openstreetmap.org/way/99028054","source":"OpenStreetMap"}},{"type":"Feature","geometry":{"type":"Point","coordinates":[-0.177779,51.6865495]},"properties":{"name":"Potters Bar Clinic","layer":"hospitals","note":"Elysium Healthcare","osm_id":"way/991369947","osm_url":"https://www.openstreetmap.org/way/991369947","source":"OpenStreetMap","brand":"Elysium Healthcare"}},{"type":"Feature","geometry":{"type":"Point","coordinates":[-3.7654464,51.6797609]},"properties":{"name":"Tonna Hospital","layer":"hospitals","note":"OpenStreetMap","osm_id":"way/99195047","osm_url":"https://www.openstreetmap.org/way/99195047","source":"OpenStreetMap"}},{"type":"Feature","geometry":{"type":"Point","coordinates":[-0.088713,51.796569]},"properties":{"name":"Hertford County Hospital","layer":"hospitals","note":"East and North Hertfordshire NHS Trust","osm_id":"way/992922367","osm_url":"https://www.openstreetmap.org/way/992922367","source":"OpenStreetMap","brand":"East and North Hertfordshire NHS Trust"}},{"type":"Feature","geometry":{"type":"Point","coordinates":[-2.0194661,57.6876306]},"properties":{"name":"Fraserburgh Hospital","layer":"hospitals","note":"OpenStreetMap","osm_id":"way/99327280","osm_url":"https://www.openstreetmap.org/way/99327280","source":"OpenStreetMap"}},{"type":"Feature","geometry":{"type":"Point","coordinates":[-3.1869983,50.7952157]},"properties":{"name":"Honiton Community Hospital","layer":"hospitals","note":"OpenStreetMap","osm_id":"way/99491276","osm_url":"https://www.openstreetmap.org/way/99491276","source":"OpenStreetMap"}},{"type":"Feature","geometry":{"type":"Point","coordinates":[-1.3352403,54.5931868]},"properties":{"name":"The Nuffield","layer":"hospitals","note":"BUPA","osm_id":"way/99568994","osm_url":"https://www.openstreetmap.org/way/99568994","source":"OpenStreetMap","brand":"BUPA"}},{"type":"Feature","geometry":{"type":"Point","coordinates":[-1.5570682,53.8029738]},"properties":{"name":"Little Woodhouse Hall","layer":"hospitals","note":"OpenStreetMap","osm_id":"way/99644805","osm_url":"https://www.openstreetmap.org/way/99644805","source":"OpenStreetMap"}},{"type":"Feature","geometry":{"type":"Point","coordinates":[-0.9365139,54.5649191]},"properties":{"name":"East Cleveland Hospital","layer":"hospitals","note":"OpenStreetMap","osm_id":"way/99714921","osm_url":"https://www.openstreetmap.org/way/99714921","source":"OpenStreetMap"}},{"type":"Feature","geometry":{"type":"Point","coordinates":[-3.2848958,51.4139491]},"properties":{"name":"Barry Hospital","layer":"hospitals","note":"OpenStreetMap","osm_id":"way/99800288","osm_url":"https://www.openstreetmap.org/way/99800288","source":"OpenStreetMap"}},{"type":"Feature","geometry":{"type":"Point","coordinates":[-2.6792065,52.9728801]},"properties":{"name":"Whitchurch Community Hospital","layer":"hospitals","note":"OpenStreetMap","osm_id":"way/998138711","osm_url":"https://www.openstreetmap.org/way/998138711","source":"OpenStreetMap"}},{"type":"Feature","geometry":{"type":"Point","coordinates":[-9.0893033,51.7295325]},"properties":{"name":"St. Anthony's Hospital","layer":"hospitals","note":"OpenStreetMap","osm_id":"way/998258781","osm_url":"https://www.openstreetmap.org/way/998258781","source":"OpenStreetMap"}}]}
