{"type":"FeatureCollection","features":[{"type":"Feature","geometry":{"type":"Point","coordinates":[-6.1368705,53.2975647]},"properties":{"name":"Dun Laoghaire Marina","layer":"marinas","note":"OpenStreetMap","osm_id":"node/1031044077","osm_url":"https://www.openstreetmap.org/node/1031044077","source":"OpenStreetMap"}},{"type":"Feature","geometry":{"type":"Point","coordinates":[-3.4327368,50.6480303]},"properties":{"name":"Lympstone Harbour","layer":"marinas","note":"Lympstone Fishery & Harbour Association","osm_id":"node/10313413061","osm_url":"https://www.openstreetmap.org/node/10313413061","source":"OpenStreetMap","brand":"Lympstone Fishery & Harbour Association"}},{"type":"Feature","geometry":{"type":"Point","coordinates":[-4.6194195,55.7974561]},"properties":{"name":"Castle Semple Sailing Club","layer":"marinas","note":"OpenStreetMap","osm_id":"node/1033378789","osm_url":"https://www.openstreetmap.org/node/1033378789","source":"OpenStreetMap"}},{"type":"Feature","geometry":{"type":"Point","coordinates":[-2.9632667,52.8868065]},"properties":{"name":"Maestermyn","layer":"marinas","note":"OpenStreetMap","osm_id":"node/1059022747","osm_url":"https://www.openstreetmap.org/node/1059022747","source":"OpenStreetMap"}},{"type":"Feature","geometry":{"type":"Point","coordinates":[1.723046,52.6149333]},"properties":{"name":"Great Yarmouth Yacht Station","layer":"marinas","note":"OpenStreetMap","osm_id":"node/10651548805","osm_url":"https://www.openstreetmap.org/node/10651548805","source":"OpenStreetMap"}},{"type":"Feature","geometry":{"type":"Point","coordinates":[-2.0482565,60.1338702]},"properties":{"name":"Marina","layer":"marinas","note":"OpenStreetMap","osm_id":"node/1068993977","osm_url":"https://www.openstreetmap.org/node/1068993977","source":"OpenStreetMap"}},{"type":"Feature","geometry":{"type":"Point","coordinates":[-4.7931724,56.0272172]},"properties":{"name":"Blairvadach Sailing and Outdoor Centre","layer":"marinas","note":"OpenStreetMap","osm_id":"node/1072744452","osm_url":"https://www.openstreetmap.org/node/1072744452","source":"OpenStreetMap"}},{"type":"Feature","geometry":{"type":"Point","coordinates":[-1.9516107,50.6778879]},"properties":{"name":"Shell Bay Marine","layer":"marinas","note":"OpenStreetMap","osm_id":"node/10855790205","osm_url":"https://www.openstreetmap.org/node/10855790205","source":"OpenStreetMap"}},{"type":"Feature","geometry":{"type":"Point","coordinates":[-0.5070234,52.4183484]},"properties":{"name":"Marina","layer":"marinas","note":"OpenStreetMap","osm_id":"node/1091011436","osm_url":"https://www.openstreetmap.org/node/1091011436","source":"OpenStreetMap"}},{"type":"Feature","geometry":{"type":"Point","coordinates":[-0.5083752,52.4179156]},"properties":{"name":"Titchmarsh Mill","layer":"marinas","note":"OpenStreetMap","osm_id":"node/1091012356","osm_url":"https://www.openstreetmap.org/node/1091012356","source":"OpenStreetMap"}},{"type":"Feature","geometry":{"type":"Point","coordinates":[-6.6552658,55.2105806]},"properties":{"name":"Portandoo Harbour","layer":"marinas","note":"OpenStreetMap","osm_id":"node/11085498241","osm_url":"https://www.openstreetmap.org/node/11085498241","source":"OpenStreetMap"}},{"type":"Feature","geometry":{"type":"Point","coordinates":[-5.7910935,54.8483581]},"properties":{"name":"Marina","layer":"marinas","note":"OpenStreetMap","osm_id":"node/11113949826","osm_url":"https://www.openstreetmap.org/node/11113949826","source":"OpenStreetMap"}},{"type":"Feature","geometry":{"type":"Point","coordinates":[-0.7615585,60.4236944]},"properties":{"name":"Marina","layer":"marinas","note":"OpenStreetMap","osm_id":"node/1111441979","osm_url":"https://www.openstreetmap.org/node/1111441979","source":"OpenStreetMap"}},{"type":"Feature","geometry":{"type":"Point","coordinates":[-0.143032,52.3351709]},"properties":{"name":"Visitor Holding Birth","layer":"marinas","note":"OpenStreetMap","osm_id":"node/11150188512","osm_url":"https://www.openstreetmap.org/node/11150188512","source":"OpenStreetMap"}},{"type":"Feature","geometry":{"type":"Point","coordinates":[-9.4124642,53.9152833]},"properties":{"name":"Marina","layer":"marinas","note":"OpenStreetMap","osm_id":"node/11162270947","osm_url":"https://www.openstreetmap.org/node/11162270947","source":"OpenStreetMap"}},{"type":"Feature","geometry":{"type":"Point","coordinates":[0.5686146,51.4134327]},"properties":{"name":"Stargate Marina","layer":"marinas","note":"OpenStreetMap","osm_id":"node/11165822605","osm_url":"https://www.openstreetmap.org/node/11165822605","source":"OpenStreetMap"}},{"type":"Feature","geometry":{"type":"Point","coordinates":[-1.959158,50.7135877]},"properties":{"name":"Parkstone Bay Marina","layer":"marinas","note":"OpenStreetMap","osm_id":"node/1116623118","osm_url":"https://www.openstreetmap.org/node/1116623118","source":"OpenStreetMap"}},{"type":"Feature","geometry":{"type":"Point","coordinates":[-2.4134306,52.6825096]},"properties":{"name":"Priorslee Lake","layer":"marinas","note":"OpenStreetMap","osm_id":"node/1116990007","osm_url":"https://www.openstreetmap.org/node/1116990007","source":"OpenStreetMap"}},{"type":"Feature","geometry":{"type":"Point","coordinates":[-4.8586085,55.77334]},"properties":{"name":"Largs Yacht Haven","layer":"marinas","note":"OpenStreetMap","osm_id":"node/11217775880","osm_url":"https://www.openstreetmap.org/node/11217775880","source":"OpenStreetMap"}},{"type":"Feature","geometry":{"type":"Point","coordinates":[-1.2098028,52.2878402]},"properties":{"name":"Braunston Marina","layer":"marinas","note":"OpenStreetMap","osm_id":"node/11543307017","osm_url":"https://www.openstreetmap.org/node/11543307017","source":"OpenStreetMap"}},{"type":"Feature","geometry":{"type":"Point","coordinates":[0.7530397,52.9758516]},"properties":{"name":"Grey Goose","layer":"marinas","note":"John Thompson","osm_id":"node/11724414014","osm_url":"https://www.openstreetmap.org/node/11724414014","source":"OpenStreetMap","brand":"John Thompson"}},{"type":"Feature","geometry":{"type":"Point","coordinates":[0.7541216,52.9759609]},"properties":{"name":"Houseboat","layer":"marinas","note":"HCW","osm_id":"node/11735392399","osm_url":"https://www.openstreetmap.org/node/11735392399","source":"OpenStreetMap","brand":"HCW"}},{"type":"Feature","geometry":{"type":"Point","coordinates":[-10.0199008,53.5587847]},"properties":{"name":"Marina","layer":"marinas","note":"OpenStreetMap","osm_id":"node/11939705188","osm_url":"https://www.openstreetmap.org/node/11939705188","source":"OpenStreetMap"}},{"type":"Feature","geometry":{"type":"Point","coordinates":[-2.1747583,53.9126652]},"properties":{"name":"Lower Park Marina","layer":"marinas","note":"OpenStreetMap","osm_id":"node/11950919651","osm_url":"https://www.openstreetmap.org/node/11950919651","source":"OpenStreetMap"}},{"type":"Feature","geometry":{"type":"Point","coordinates":[1.2586116,51.9485469]},"properties":{"name":"Cruise Berth","layer":"marinas","note":"OpenStreetMap","osm_id":"node/11953258939","osm_url":"https://www.openstreetmap.org/node/11953258939","source":"OpenStreetMap"}},{"type":"Feature","geometry":{"type":"Point","coordinates":[-2.7570708,52.9054676]},"properties":{"name":"Marina","layer":"marinas","note":"OpenStreetMap","osm_id":"node/11971846646","osm_url":"https://www.openstreetmap.org/node/11971846646","source":"OpenStreetMap"}},{"type":"Feature","geometry":{"type":"Point","coordinates":[-2.1167664,57.6998435]},"properties":{"name":"Rosehearty Harbour","layer":"marinas","note":"OpenStreetMap","osm_id":"node/12037261676","osm_url":"https://www.openstreetmap.org/node/12037261676","source":"OpenStreetMap"}},{"type":"Feature","geometry":{"type":"Point","coordinates":[-4.2331803,57.4931997]},"properties":{"name":"Inverness Marina","layer":"marinas","note":"OpenStreetMap","osm_id":"node/12197737213","osm_url":"https://www.openstreetmap.org/node/12197737213","source":"OpenStreetMap"}},{"type":"Feature","geometry":{"type":"Point","coordinates":[-0.3808094,51.5215148]},"properties":{"name":"Willowtree Marina","layer":"marinas","note":"OpenStreetMap","osm_id":"node/1233761894","osm_url":"https://www.openstreetmap.org/node/1233761894","source":"OpenStreetMap"}},{"type":"Feature","geometry":{"type":"Point","coordinates":[-0.3769173,51.5296115]},"properties":{"name":"Engineer's Wharf Moorings","layer":"marinas","note":"OpenStreetMap","osm_id":"node/1233761897","osm_url":"https://www.openstreetmap.org/node/1233761897","source":"OpenStreetMap"}},{"type":"Feature","geometry":{"type":"Point","coordinates":[-6.9920125,52.1505638]},"properties":{"name":"Small Craft Moorings","layer":"marinas","note":"Waterford Harbour Sailing Club","osm_id":"node/12400801753","osm_url":"https://www.openstreetmap.org/node/12400801753","source":"OpenStreetMap","brand":"Waterford Harbour Sailing Club"}},{"type":"Feature","geometry":{"type":"Point","coordinates":[-4.3670979,58.3958734]},"properties":{"name":"rowing boat mooring","layer":"marinas","note":"OpenStreetMap","osm_id":"node/1253572583","osm_url":"https://www.openstreetmap.org/node/1253572583","source":"OpenStreetMap"}},{"type":"Feature","geometry":{"type":"Point","coordinates":[-4.363933,58.3895312]},"properties":{"name":"roing boat mooring","layer":"marinas","note":"OpenStreetMap","osm_id":"node/1253572587","osm_url":"https://www.openstreetmap.org/node/1253572587","source":"OpenStreetMap"}},{"type":"Feature","geometry":{"type":"Point","coordinates":[-0.2625532,52.2574014]},"properties":{"name":"Marina","layer":"marinas","note":"OpenStreetMap","osm_id":"node/12544234010","osm_url":"https://www.openstreetmap.org/node/12544234010","source":"OpenStreetMap"}},{"type":"Feature","geometry":{"type":"Point","coordinates":[-3.0146264,57.6647867]},"properties":{"name":"Portgordon Harbour","layer":"marinas","note":"OpenStreetMap","osm_id":"node/12574402342","osm_url":"https://www.openstreetmap.org/node/12574402342","source":"OpenStreetMap"}},{"type":"Feature","geometry":{"type":"Point","coordinates":[-3.1703555,51.4455518]},"properties":{"name":"Outer Basin","layer":"marinas","note":"OpenStreetMap","osm_id":"node/12618648161","osm_url":"https://www.openstreetmap.org/node/12618648161","source":"OpenStreetMap"}},{"type":"Feature","geometry":{"type":"Point","coordinates":[-3.1747863,51.445017]},"properties":{"name":"Inner Basin","layer":"marinas","note":"OpenStreetMap","osm_id":"node/12618648162","osm_url":"https://www.openstreetmap.org/node/12618648162","source":"OpenStreetMap"}},{"type":"Feature","geometry":{"type":"Point","coordinates":[0.7361366,51.4175854]},"properties":{"name":"Marina","layer":"marinas","note":"OpenStreetMap","osm_id":"node/1280247849","osm_url":"https://www.openstreetmap.org/node/1280247849","source":"OpenStreetMap"}},{"type":"Feature","geometry":{"type":"Point","coordinates":[-9.1215445,51.5643938]},"properties":{"name":"Glandore Harbour Yacht Club","layer":"marinas","note":"OpenStreetMap","osm_id":"node/1280248670","osm_url":"https://www.openstreetmap.org/node/1280248670","source":"OpenStreetMap"}},{"type":"Feature","geometry":{"type":"Point","coordinates":[-8.2986871,51.8046529]},"properties":{"name":"Hugh Coveney Pier Marina","layer":"marinas","note":"OpenStreetMap","osm_id":"node/12819183313","osm_url":"https://www.openstreetmap.org/node/12819183313","source":"OpenStreetMap"}},{"type":"Feature","geometry":{"type":"Point","coordinates":[-4.8545265,55.9918557]},"properties":{"name":"Marina","layer":"marinas","note":"OpenStreetMap","osm_id":"node/1293636106","osm_url":"https://www.openstreetmap.org/node/1293636106","source":"OpenStreetMap"}},{"type":"Feature","geometry":{"type":"Point","coordinates":[-2.1061482,53.2926067]},"properties":{"name":"Bollington Wharf","layer":"marinas","note":"OpenStreetMap","osm_id":"node/13014980102","osm_url":"https://www.openstreetmap.org/node/13014980102","source":"OpenStreetMap"}},{"type":"Feature","geometry":{"type":"Point","coordinates":[-2.6593227,53.37482]},"properties":{"name":"The Ferry Marina","layer":"marinas","note":"OpenStreetMap","osm_id":"node/1308562131","osm_url":"https://www.openstreetmap.org/node/1308562131","source":"OpenStreetMap"}},{"type":"Feature","geometry":{"type":"Point","coordinates":[-7.0550749,53.8184045]},"properties":{"name":"Virginia Marina","layer":"marinas","note":"OpenStreetMap","osm_id":"node/13250759548","osm_url":"https://www.openstreetmap.org/node/13250759548","source":"OpenStreetMap"}},{"type":"Feature","geometry":{"type":"Point","coordinates":[-9.5811628,53.2711025]},"properties":{"name":"Céibh an tSrutháin","layer":"marinas","note":"OpenStreetMap","osm_id":"node/13318270488","osm_url":"https://www.openstreetmap.org/node/13318270488","source":"OpenStreetMap"}},{"type":"Feature","geometry":{"type":"Point","coordinates":[-4.6020974,56.0100592]},"properties":{"name":"Cameron House on Loch Lomond","layer":"marinas","note":"OpenStreetMap","osm_id":"node/1333855694","osm_url":"https://www.openstreetmap.org/node/1333855694","source":"OpenStreetMap"}},{"type":"Feature","geometry":{"type":"Point","coordinates":[-2.7839406,50.7165138]},"properties":{"name":"Eype","layer":"marinas","note":"OpenStreetMap","osm_id":"node/1335803710","osm_url":"https://www.openstreetmap.org/node/1335803710","source":"OpenStreetMap"}},{"type":"Feature","geometry":{"type":"Point","coordinates":[-2.9848007,53.390797]},"properties":{"name":"Liverpool Marina","layer":"marinas","note":"OpenStreetMap","osm_id":"node/1342686759","osm_url":"https://www.openstreetmap.org/node/1342686759","source":"OpenStreetMap"}},{"type":"Feature","geometry":{"type":"Point","coordinates":[-7.9891214,53.6780124]},"properties":{"name":"Hanley's Marina","layer":"marinas","note":"OpenStreetMap","osm_id":"node/1343564867","osm_url":"https://www.openstreetmap.org/node/1343564867","source":"OpenStreetMap"}},{"type":"Feature","geometry":{"type":"Point","coordinates":[-7.9967017,53.6730759]},"properties":{"name":"Ballyleague Marina","layer":"marinas","note":"Waterways Ireland Marina","osm_id":"node/1343564906","osm_url":"https://www.openstreetmap.org/node/1343564906","source":"OpenStreetMap","brand":"Waterways Ireland Marina"}},{"type":"Feature","geometry":{"type":"Point","coordinates":[-8.060098,53.5916587]},"properties":{"name":"Portrunny","layer":"marinas","note":"OpenStreetMap","osm_id":"node/1343798229","osm_url":"https://www.openstreetmap.org/node/1343798229","source":"OpenStreetMap"}},{"type":"Feature","geometry":{"type":"Point","coordinates":[-7.4083471,53.571827]},"properties":{"name":"Marina","layer":"marinas","note":"OpenStreetMap","osm_id":"node/13456172944","osm_url":"https://www.openstreetmap.org/node/13456172944","source":"OpenStreetMap"}},{"type":"Feature","geometry":{"type":"Point","coordinates":[-1.1455972,50.8408295]},"properties":{"name":"Wicormarine Boatyard","layer":"marinas","note":"OpenStreetMap","osm_id":"node/1353059092","osm_url":"https://www.openstreetmap.org/node/1353059092","source":"OpenStreetMap"}},{"type":"Feature","geometry":{"type":"Point","coordinates":[1.212051,51.9961785]},"properties":{"name":"Webb's Boatyard","layer":"marinas","note":"OpenStreetMap","osm_id":"node/13728324401","osm_url":"https://www.openstreetmap.org/node/13728324401","source":"OpenStreetMap"}},{"type":"Feature","geometry":{"type":"Point","coordinates":[-4.6398481,58.4226208]},"properties":{"name":"fishng boats anchored","layer":"marinas","note":"OpenStreetMap","osm_id":"node/1385649350","osm_url":"https://www.openstreetmap.org/node/1385649350","source":"OpenStreetMap"}},{"type":"Feature","geometry":{"type":"Point","coordinates":[-1.0467987,51.4307267]},"properties":{"name":"Theale Water Ski club","layer":"marinas","note":"OpenStreetMap","osm_id":"node/13918724","osm_url":"https://www.openstreetmap.org/node/13918724","source":"OpenStreetMap"}},{"type":"Feature","geometry":{"type":"Point","coordinates":[-9.9406096,53.875337]},"properties":{"name":"Marina","layer":"marinas","note":"OpenStreetMap","osm_id":"node/1393985964","osm_url":"https://www.openstreetmap.org/node/1393985964","source":"OpenStreetMap"}},{"type":"Feature","geometry":{"type":"Point","coordinates":[-9.9484792,53.8745906]},"properties":{"name":"Marina","layer":"marinas","note":"OpenStreetMap","osm_id":"node/1393991689","osm_url":"https://www.openstreetmap.org/node/1393991689","source":"OpenStreetMap"}},{"type":"Feature","geometry":{"type":"Point","coordinates":[-6.3890527,58.2097801]},"properties":{"name":"Stornoway Port","layer":"marinas","note":"OpenStreetMap","osm_id":"node/14017360401","osm_url":"https://www.openstreetmap.org/node/14017360401","source":"OpenStreetMap"}},{"type":"Feature","geometry":{"type":"Point","coordinates":[1.3137042,51.1203066]},"properties":{"name":"Sea Sport Center","layer":"marinas","note":"OpenStreetMap","osm_id":"node/14116553608","osm_url":"https://www.openstreetmap.org/node/14116553608","source":"OpenStreetMap"}},{"type":"Feature","geometry":{"type":"Point","coordinates":[1.3137471,51.1203959]},"properties":{"name":"Dover Rowing Club","layer":"marinas","note":"OpenStreetMap","osm_id":"node/14116553609","osm_url":"https://www.openstreetmap.org/node/14116553609","source":"OpenStreetMap"}},{"type":"Feature","geometry":{"type":"Point","coordinates":[1.3130658,51.1195557]},"properties":{"name":"Dover Marina Office","layer":"marinas","note":"OpenStreetMap","osm_id":"node/14116553610","osm_url":"https://www.openstreetmap.org/node/14116553610","source":"OpenStreetMap"}},{"type":"Feature","geometry":{"type":"Point","coordinates":[-0.1770118,53.9072694]},"properties":{"name":"Hornsea Sailing Club","layer":"marinas","note":"OpenStreetMap","osm_id":"node/1437254055","osm_url":"https://www.openstreetmap.org/node/1437254055","source":"OpenStreetMap"}},{"type":"Feature","geometry":{"type":"Point","coordinates":[-1.2966036,50.7614678]},"properties":{"name":"Cowes Yacht Haven","layer":"marinas","note":"OpenStreetMap","osm_id":"node/1443483796","osm_url":"https://www.openstreetmap.org/node/1443483796","source":"OpenStreetMap"}},{"type":"Feature","geometry":{"type":"Point","coordinates":[-9.8494787,53.609909]},"properties":{"name":"Marina","layer":"marinas","note":"OpenStreetMap","osm_id":"node/1458763118","osm_url":"https://www.openstreetmap.org/node/1458763118","source":"OpenStreetMap"}},{"type":"Feature","geometry":{"type":"Point","coordinates":[-0.939655,51.4645544]},"properties":{"name":"Rowing lake","layer":"marinas","note":"OpenStreetMap","osm_id":"node/14647717","osm_url":"https://www.openstreetmap.org/node/14647717","source":"OpenStreetMap"}},{"type":"Feature","geometry":{"type":"Point","coordinates":[-7.9923281,53.6762076]},"properties":{"name":"Marina","layer":"marinas","note":"OpenStreetMap","osm_id":"node/1469510496","osm_url":"https://www.openstreetmap.org/node/1469510496","source":"OpenStreetMap"}},{"type":"Feature","geometry":{"type":"Point","coordinates":[-0.180668,51.4733842]},"properties":{"name":"Imperial Wharf Marina","layer":"marinas","note":"OpenStreetMap","osm_id":"node/1483529279","osm_url":"https://www.openstreetmap.org/node/1483529279","source":"OpenStreetMap"}},{"type":"Feature","geometry":{"type":"Point","coordinates":[-2.9598481,59.0781927]},"properties":{"name":"Millburn - Gairsay","layer":"marinas","note":"OpenStreetMap","osm_id":"node/1491909441","osm_url":"https://www.openstreetmap.org/node/1491909441","source":"OpenStreetMap"}},{"type":"Feature","geometry":{"type":"Point","coordinates":[-2.9580028,58.9872811]},"properties":{"name":"Kirkwall Marina","layer":"marinas","note":"OpenStreetMap","osm_id":"node/1491909809","osm_url":"https://www.openstreetmap.org/node/1491909809","source":"OpenStreetMap"}},{"type":"Feature","geometry":{"type":"Point","coordinates":[-1.9098228,52.306407]},"properties":{"name":"Marina","layer":"marinas","note":"OpenStreetMap","osm_id":"node/1556496263","osm_url":"https://www.openstreetmap.org/node/1556496263","source":"OpenStreetMap"}},{"type":"Feature","geometry":{"type":"Point","coordinates":[-4.8574553,55.7656001]},"properties":{"name":"Fairlie Quay Boatyard & Shed","layer":"marinas","note":"OpenStreetMap","osm_id":"node/1567047311","osm_url":"https://www.openstreetmap.org/node/1567047311","source":"OpenStreetMap"}},{"type":"Feature","geometry":{"type":"Point","coordinates":[-6.4284269,55.2376493]},"properties":{"name":"Dunseverick Harbour","layer":"marinas","note":"OpenStreetMap","osm_id":"node/1617649510","osm_url":"https://www.openstreetmap.org/node/1617649510","source":"OpenStreetMap"}},{"type":"Feature","geometry":{"type":"Point","coordinates":[-7.4672236,53.5345547]},"properties":{"name":"Coolnahey Harbour","layer":"marinas","note":"OpenStreetMap","osm_id":"node/1664233365","osm_url":"https://www.openstreetmap.org/node/1664233365","source":"OpenStreetMap"}},{"type":"Feature","geometry":{"type":"Point","coordinates":[-9.6246379,53.2610013]},"properties":{"name":"Caladh Thadhg","layer":"marinas","note":"OpenStreetMap","osm_id":"node/1680811833","osm_url":"https://www.openstreetmap.org/node/1680811833","source":"OpenStreetMap"}},{"type":"Feature","geometry":{"type":"Point","coordinates":[-5.8849359,54.1975616]},"properties":{"name":"Newcastle Yacht Club","layer":"marinas","note":"OpenStreetMap","osm_id":"node/1682179180","osm_url":"https://www.openstreetmap.org/node/1682179180","source":"OpenStreetMap"}},{"type":"Feature","geometry":{"type":"Point","coordinates":[-0.0797843,53.575556]},"properties":{"name":"Grimsby & Cleethorpes Yacht Club","layer":"marinas","note":"OpenStreetMap","osm_id":"node/1683646376","osm_url":"https://www.openstreetmap.org/node/1683646376","source":"OpenStreetMap"}},{"type":"Feature","geometry":{"type":"Point","coordinates":[-6.234111,53.3436677]},"properties":{"name":"Hanover Quay","layer":"marinas","note":"OpenStreetMap","osm_id":"node/1685949873","osm_url":"https://www.openstreetmap.org/node/1685949873","source":"OpenStreetMap"}},{"type":"Feature","geometry":{"type":"Point","coordinates":[-5.0376741,51.7109937]},"properties":{"name":"Milford Marina","layer":"marinas","note":"OpenStreetMap","osm_id":"node/1699754990","osm_url":"https://www.openstreetmap.org/node/1699754990","source":"OpenStreetMap"}},{"type":"Feature","geometry":{"type":"Point","coordinates":[-4.1978311,50.3530628]},"properties":{"name":"Sandown Marina","layer":"marinas","note":"OpenStreetMap","osm_id":"node/1704364186","osm_url":"https://www.openstreetmap.org/node/1704364186","source":"OpenStreetMap"}},{"type":"Feature","geometry":{"type":"Point","coordinates":[-3.5076535,54.7141156]},"properties":{"name":"Maryport Marina","layer":"marinas","note":"OpenStreetMap","osm_id":"node/1733926318","osm_url":"https://www.openstreetmap.org/node/1733926318","source":"OpenStreetMap"}},{"type":"Feature","geometry":{"type":"Point","coordinates":[-1.7742816,53.6445463]},"properties":{"name":"Aspley Marina","layer":"marinas","note":"OpenStreetMap","osm_id":"node/1754109139","osm_url":"https://www.openstreetmap.org/node/1754109139","source":"OpenStreetMap"}},{"type":"Feature","geometry":{"type":"Point","coordinates":[-4.2769045,53.1433175]},"properties":{"name":"Caernarfon Marina","layer":"marinas","note":"OpenStreetMap","osm_id":"node/1756750943","osm_url":"https://www.openstreetmap.org/node/1756750943","source":"OpenStreetMap"}},{"type":"Feature","geometry":{"type":"Point","coordinates":[-6.8397717,53.4138756]},"properties":{"name":"Enfield Harbour","layer":"marinas","note":"Waterways Ireland","osm_id":"node/1765343125","osm_url":"https://www.openstreetmap.org/node/1765343125","source":"OpenStreetMap","brand":"Waterways Ireland"}},{"type":"Feature","geometry":{"type":"Point","coordinates":[-5.9483447,55.8345548]},"properties":{"name":"Craighouse moorings","layer":"marinas","note":"OpenStreetMap","osm_id":"node/1772610130","osm_url":"https://www.openstreetmap.org/node/1772610130","source":"OpenStreetMap"}},{"type":"Feature","geometry":{"type":"Point","coordinates":[-8.5180133,51.7026418]},"properties":{"name":"Kinsale","layer":"marinas","note":"OpenStreetMap","osm_id":"node/1774591063","osm_url":"https://www.openstreetmap.org/node/1774591063","source":"OpenStreetMap"}},{"type":"Feature","geometry":{"type":"Point","coordinates":[-7.6181387,52.0900616]},"properties":{"name":"Marina","layer":"marinas","note":"OpenStreetMap","osm_id":"node/1779037855","osm_url":"https://www.openstreetmap.org/node/1779037855","source":"OpenStreetMap"}},{"type":"Feature","geometry":{"type":"Point","coordinates":[-3.0669739,55.9456401]},"properties":{"name":"Fisherrow Harbour","layer":"marinas","note":"OpenStreetMap","osm_id":"node/1812660707","osm_url":"https://www.openstreetmap.org/node/1812660707","source":"OpenStreetMap"}},{"type":"Feature","geometry":{"type":"Point","coordinates":[-6.0648716,53.1510107]},"properties":{"name":"Greystones Marina","layer":"marinas","note":"OpenStreetMap","osm_id":"node/1833292563","osm_url":"https://www.openstreetmap.org/node/1833292563","source":"OpenStreetMap"}},{"type":"Feature","geometry":{"type":"Point","coordinates":[-7.1044157,52.26081]},"properties":{"name":"Marina","layer":"marinas","note":"OpenStreetMap","osm_id":"node/1835385455","osm_url":"https://www.openstreetmap.org/node/1835385455","source":"OpenStreetMap"}},{"type":"Feature","geometry":{"type":"Point","coordinates":[-7.1067438,52.2616243]},"properties":{"name":"Marina","layer":"marinas","note":"OpenStreetMap","osm_id":"node/1835385469","osm_url":"https://www.openstreetmap.org/node/1835385469","source":"OpenStreetMap"}},{"type":"Feature","geometry":{"type":"Point","coordinates":[-8.2095257,51.845806]},"properties":{"name":"Lower Aghada Pier Marina","layer":"marinas","note":"OpenStreetMap","osm_id":"node/1868731206","osm_url":"https://www.openstreetmap.org/node/1868731206","source":"OpenStreetMap"}},{"type":"Feature","geometry":{"type":"Point","coordinates":[-2.4572746,50.6074513]},"properties":{"name":"Weymouth Marina","layer":"marinas","note":"OpenStreetMap","osm_id":"node/1904203255","osm_url":"https://www.openstreetmap.org/node/1904203255","source":"OpenStreetMap"}},{"type":"Feature","geometry":{"type":"Point","coordinates":[-7.700342,54.4342717]},"properties":{"name":"Marina","layer":"marinas","note":"OpenStreetMap","osm_id":"node/1905738437","osm_url":"https://www.openstreetmap.org/node/1905738437","source":"OpenStreetMap"}},{"type":"Feature","geometry":{"type":"Point","coordinates":[-4.6336168,50.3327122]},"properties":{"name":"Fowey Harbour","layer":"marinas","note":"OpenStreetMap","osm_id":"node/1908129098","osm_url":"https://www.openstreetmap.org/node/1908129098","source":"OpenStreetMap"}},{"type":"Feature","geometry":{"type":"Point","coordinates":[-0.7079905,52.1438345]},"properties":{"name":"Emberton Park Sailing Club","layer":"marinas","note":"OpenStreetMap","osm_id":"node/191042696","osm_url":"https://www.openstreetmap.org/node/191042696","source":"OpenStreetMap"}},{"type":"Feature","geometry":{"type":"Point","coordinates":[-4.9936075,56.9154625]},"properties":{"name":"Lochy Bay","layer":"marinas","note":"OpenStreetMap","osm_id":"node/1919031006","osm_url":"https://www.openstreetmap.org/node/1919031006","source":"OpenStreetMap"}},{"type":"Feature","geometry":{"type":"Point","coordinates":[-1.1381015,60.1526768]},"properties":{"name":"Lerwick Boating Club","layer":"marinas","note":"OpenStreetMap","osm_id":"node/1936905082","osm_url":"https://www.openstreetmap.org/node/1936905082","source":"OpenStreetMap"}},{"type":"Feature","geometry":{"type":"Point","coordinates":[-1.1370414,60.1525912]},"properties":{"name":"Lerwick Sea Scouts","layer":"marinas","note":"OpenStreetMap","osm_id":"node/1936905083","osm_url":"https://www.openstreetmap.org/node/1936905083","source":"OpenStreetMap"}},{"type":"Feature","geometry":{"type":"Point","coordinates":[-8.1556568,53.1346183]},"properties":{"name":"Marina","layer":"marinas","note":"OpenStreetMap","osm_id":"node/1943316566","osm_url":"https://www.openstreetmap.org/node/1943316566","source":"OpenStreetMap"}},{"type":"Feature","geometry":{"type":"Point","coordinates":[-8.1725011,53.1072282]},"properties":{"name":"Marina","layer":"marinas","note":"OpenStreetMap","osm_id":"node/1943316809","osm_url":"https://www.openstreetmap.org/node/1943316809","source":"OpenStreetMap"}},{"type":"Feature","geometry":{"type":"Point","coordinates":[-8.0483865,53.186403]},"properties":{"name":"Marina","layer":"marinas","note":"OpenStreetMap","osm_id":"node/1955693051","osm_url":"https://www.openstreetmap.org/node/1955693051","source":"OpenStreetMap"}},{"type":"Feature","geometry":{"type":"Point","coordinates":[-8.3000349,53.065863]},"properties":{"name":"Marina","layer":"marinas","note":"OpenStreetMap","osm_id":"node/1974156893","osm_url":"https://www.openstreetmap.org/node/1974156893","source":"OpenStreetMap"}},{"type":"Feature","geometry":{"type":"Point","coordinates":[-8.3108764,53.0173936]},"properties":{"name":"Rossmore","layer":"marinas","note":"OpenStreetMap","osm_id":"node/1974225327","osm_url":"https://www.openstreetmap.org/node/1974225327","source":"OpenStreetMap"}},{"type":"Feature","geometry":{"type":"Point","coordinates":[-6.2460441,53.3476521]},"properties":{"name":"Dublin Moorings","layer":"marinas","note":"OpenStreetMap","osm_id":"node/1981733886","osm_url":"https://www.openstreetmap.org/node/1981733886","source":"OpenStreetMap"}},{"type":"Feature","geometry":{"type":"Point","coordinates":[-0.7873421,52.0794563]},"properties":{"name":"Haversham sailing club","layer":"marinas","note":"OpenStreetMap","osm_id":"node/2049932883","osm_url":"https://www.openstreetmap.org/node/2049932883","source":"OpenStreetMap"}},{"type":"Feature","geometry":{"type":"Point","coordinates":[-7.7297618,54.492536]},"properties":{"name":"ABC-Boats - Aghinver Boat Company","layer":"marinas","note":"OpenStreetMap","osm_id":"node/2084302198","osm_url":"https://www.openstreetmap.org/node/2084302198","source":"OpenStreetMap"}},{"type":"Feature","geometry":{"type":"Point","coordinates":[-7.7242499,54.5234781]},"properties":{"name":"Kesh","layer":"marinas","note":"OpenStreetMap","osm_id":"node/2084310050","osm_url":"https://www.openstreetmap.org/node/2084310050","source":"OpenStreetMap"}},{"type":"Feature","geometry":{"type":"Point","coordinates":[-7.8290358,54.508589]},"properties":{"name":"Lusty Beg Island Marina (private)","layer":"marinas","note":"OpenStreetMap","osm_id":"node/2084328586","osm_url":"https://www.openstreetmap.org/node/2084328586","source":"OpenStreetMap"}},{"type":"Feature","geometry":{"type":"Point","coordinates":[-7.6356917,54.3005087]},"properties":{"name":"Marina","layer":"marinas","note":"OpenStreetMap","osm_id":"node/2084379022","osm_url":"https://www.openstreetmap.org/node/2084379022","source":"OpenStreetMap"}},{"type":"Feature","geometry":{"type":"Point","coordinates":[-1.4590498,53.3847122]},"properties":{"name":"Sheffield Basin","layer":"marinas","note":"Calder Valley Marine","osm_id":"node/2100628290","osm_url":"https://www.openstreetmap.org/node/2100628290","source":"OpenStreetMap","brand":"Calder Valley Marine"}},{"type":"Feature","geometry":{"type":"Point","coordinates":[-8.2198979,53.0838335]},"properties":{"name":"Castle Harbour","layer":"marinas","note":"OpenStreetMap","osm_id":"node/2120958854","osm_url":"https://www.openstreetmap.org/node/2120958854","source":"OpenStreetMap"}},{"type":"Feature","geometry":{"type":"Point","coordinates":[-8.1984842,53.092898]},"properties":{"name":"Connacht Harbour","layer":"marinas","note":"OpenStreetMap","osm_id":"node/2120958859","osm_url":"https://www.openstreetmap.org/node/2120958859","source":"OpenStreetMap"}},{"type":"Feature","geometry":{"type":"Point","coordinates":[-8.1845167,53.095463]},"properties":{"name":"Munster Harbour","layer":"marinas","note":"OpenStreetMap","osm_id":"node/2120958864","osm_url":"https://www.openstreetmap.org/node/2120958864","source":"OpenStreetMap"}},{"type":"Feature","geometry":{"type":"Point","coordinates":[-8.3318328,52.943506]},"properties":{"name":"Dromaan Harbour","layer":"marinas","note":"OpenStreetMap","osm_id":"node/2121049632","osm_url":"https://www.openstreetmap.org/node/2121049632","source":"OpenStreetMap"}},{"type":"Feature","geometry":{"type":"Point","coordinates":[-8.4509035,52.8100195]},"properties":{"name":"Killaloe","layer":"marinas","note":"OpenStreetMap","osm_id":"node/2121049633","osm_url":"https://www.openstreetmap.org/node/2121049633","source":"OpenStreetMap"}},{"type":"Feature","geometry":{"type":"Point","coordinates":[-8.4300391,52.9293316]},"properties":{"name":"Mountshannon","layer":"marinas","note":"OpenStreetMap","osm_id":"node/2121049634","osm_url":"https://www.openstreetmap.org/node/2121049634","source":"OpenStreetMap"}},{"type":"Feature","geometry":{"type":"Point","coordinates":[-8.326033,52.9458057]},"properties":{"name":"WIlliamstown Harbour","layer":"marinas","note":"OpenStreetMap","osm_id":"node/2121049698","osm_url":"https://www.openstreetmap.org/node/2121049698","source":"OpenStreetMap"}},{"type":"Feature","geometry":{"type":"Point","coordinates":[-8.3270775,52.9511196]},"properties":{"name":"Marina","layer":"marinas","note":"OpenStreetMap","osm_id":"node/2121049730","osm_url":"https://www.openstreetmap.org/node/2121049730","source":"OpenStreetMap"}},{"type":"Feature","geometry":{"type":"Point","coordinates":[-8.3298106,52.9529139]},"properties":{"name":"Nutgrove Harbour","layer":"marinas","note":"OpenStreetMap","osm_id":"node/2121049743","osm_url":"https://www.openstreetmap.org/node/2121049743","source":"OpenStreetMap"}},{"type":"Feature","geometry":{"type":"Point","coordinates":[-8.2781056,52.9254729]},"properties":{"name":"Dromineer","layer":"marinas","note":"OpenStreetMap","osm_id":"node/2121095165","osm_url":"https://www.openstreetmap.org/node/2121095165","source":"OpenStreetMap"}},{"type":"Feature","geometry":{"type":"Point","coordinates":[-8.2595588,53.0187475]},"properties":{"name":"Quay","layer":"marinas","note":"OpenStreetMap","osm_id":"node/2121095171","osm_url":"https://www.openstreetmap.org/node/2121095171","source":"OpenStreetMap"}},{"type":"Feature","geometry":{"type":"Point","coordinates":[-8.2063407,53.060183]},"properties":{"name":"Terryglass Quay","layer":"marinas","note":"OpenStreetMap","osm_id":"node/2121095405","osm_url":"https://www.openstreetmap.org/node/2121095405","source":"OpenStreetMap"}},{"type":"Feature","geometry":{"type":"Point","coordinates":[-7.6927446,54.0562284]},"properties":{"name":"Houghton's Shore mooring","layer":"marinas","note":"OpenStreetMap","osm_id":"node/2154229704","osm_url":"https://www.openstreetmap.org/node/2154229704","source":"OpenStreetMap"}},{"type":"Feature","geometry":{"type":"Point","coordinates":[-0.5978472,53.2494989]},"properties":{"name":"Burton Waters","layer":"marinas","note":"OpenStreetMap","osm_id":"node/2157886810","osm_url":"https://www.openstreetmap.org/node/2157886810","source":"OpenStreetMap"}},{"type":"Feature","geometry":{"type":"Point","coordinates":[-7.9871901,53.467185]},"properties":{"name":"Hodson Bay","layer":"marinas","note":"OpenStreetMap","osm_id":"node/2195644483","osm_url":"https://www.openstreetmap.org/node/2195644483","source":"OpenStreetMap"}},{"type":"Feature","geometry":{"type":"Point","coordinates":[-8.0517222,53.5463053]},"properties":{"name":"Lecarrow","layer":"marinas","note":"OpenStreetMap","osm_id":"node/2195644487","osm_url":"https://www.openstreetmap.org/node/2195644487","source":"OpenStreetMap"}},{"type":"Feature","geometry":{"type":"Point","coordinates":[-7.9222747,53.7391931]},"properties":{"name":"Tarmonbarry","layer":"marinas","note":"OpenStreetMap","osm_id":"node/2195725704","osm_url":"https://www.openstreetmap.org/node/2195725704","source":"OpenStreetMap"}},{"type":"Feature","geometry":{"type":"Point","coordinates":[-8.0966761,53.9437084]},"properties":{"name":"Carrick-on-Shannon","layer":"marinas","note":"OpenStreetMap","osm_id":"node/2195756004","osm_url":"https://www.openstreetmap.org/node/2195756004","source":"OpenStreetMap"}},{"type":"Feature","geometry":{"type":"Point","coordinates":[-8.0817824,53.9410201]},"properties":{"name":"Marina","layer":"marinas","note":"OpenStreetMap","osm_id":"node/2195756059","osm_url":"https://www.openstreetmap.org/node/2195756059","source":"OpenStreetMap"}},{"type":"Feature","geometry":{"type":"Point","coordinates":[-8.2916541,53.9826367]},"properties":{"name":"Boyle Marina","layer":"marinas","note":"OpenStreetMap","osm_id":"node/2195825287","osm_url":"https://www.openstreetmap.org/node/2195825287","source":"OpenStreetMap"}},{"type":"Feature","geometry":{"type":"Point","coordinates":[-8.2329389,53.9860328]},"properties":{"name":"Lough Key Forest & Leisure Park","layer":"marinas","note":"OpenStreetMap","osm_id":"node/2195825292","osm_url":"https://www.openstreetmap.org/node/2195825292","source":"OpenStreetMap"}},{"type":"Feature","geometry":{"type":"Point","coordinates":[-8.1905137,53.994742]},"properties":{"name":"Marina","layer":"marinas","note":"OpenStreetMap","osm_id":"node/2195825367","osm_url":"https://www.openstreetmap.org/node/2195825367","source":"OpenStreetMap"}},{"type":"Feature","geometry":{"type":"Point","coordinates":[-8.2087951,54.0057393]},"properties":{"name":"The Moorings","layer":"marinas","note":"OpenStreetMap","osm_id":"node/2195825380","osm_url":"https://www.openstreetmap.org/node/2195825380","source":"OpenStreetMap"}},{"type":"Feature","geometry":{"type":"Point","coordinates":[-7.9047323,53.7318657]},"properties":{"name":"Richmond Harbour","layer":"marinas","note":"OpenStreetMap","osm_id":"node/2195886086","osm_url":"https://www.openstreetmap.org/node/2195886086","source":"OpenStreetMap"}},{"type":"Feature","geometry":{"type":"Point","coordinates":[-8.008154,53.9226925]},"properties":{"name":"Drumsna","layer":"marinas","note":"OpenStreetMap","osm_id":"node/2195886087","osm_url":"https://www.openstreetmap.org/node/2195886087","source":"OpenStreetMap"}},{"type":"Feature","geometry":{"type":"Point","coordinates":[-8.0303072,53.9232707]},"properties":{"name":"Jamestown","layer":"marinas","note":"OpenStreetMap","osm_id":"node/2195886089","osm_url":"https://www.openstreetmap.org/node/2195886089","source":"OpenStreetMap"}},{"type":"Feature","geometry":{"type":"Point","coordinates":[-8.0316824,53.8076647]},"properties":{"name":"Kilglas","layer":"marinas","note":"OpenStreetMap","osm_id":"node/2195886090","osm_url":"https://www.openstreetmap.org/node/2195886090","source":"OpenStreetMap"}},{"type":"Feature","geometry":{"type":"Point","coordinates":[-7.9194825,53.8318582]},"properties":{"name":"Roosky","layer":"marinas","note":"OpenStreetMap","osm_id":"node/2195886110","osm_url":"https://www.openstreetmap.org/node/2195886110","source":"OpenStreetMap"}},{"type":"Feature","geometry":{"type":"Point","coordinates":[-8.2176892,53.3288813]},"properties":{"name":"Ballinasloe","layer":"marinas","note":"OpenStreetMap","osm_id":"node/2195906697","osm_url":"https://www.openstreetmap.org/node/2195906697","source":"OpenStreetMap"}},{"type":"Feature","geometry":{"type":"Point","coordinates":[-7.9914879,53.1931269]},"properties":{"name":"Banagher","layer":"marinas","note":"OpenStreetMap","osm_id":"node/2195906698","osm_url":"https://www.openstreetmap.org/node/2195906698","source":"OpenStreetMap"}},{"type":"Feature","geometry":{"type":"Point","coordinates":[-7.9893986,53.326555]},"properties":{"name":"Clonmacnoise","layer":"marinas","note":"OpenStreetMap","osm_id":"node/2195906699","osm_url":"https://www.openstreetmap.org/node/2195906699","source":"OpenStreetMap"}},{"type":"Feature","geometry":{"type":"Point","coordinates":[-8.0497195,53.279168]},"properties":{"name":"Shannonbridge","layer":"marinas","note":"OpenStreetMap","osm_id":"node/2195906716","osm_url":"https://www.openstreetmap.org/node/2195906716","source":"OpenStreetMap"}},{"type":"Feature","geometry":{"type":"Point","coordinates":[-8.2322258,53.0589332]},"properties":{"name":"Gortmore Point","layer":"marinas","note":"OpenStreetMap","osm_id":"node/2197400554","osm_url":"https://www.openstreetmap.org/node/2197400554","source":"OpenStreetMap"}},{"type":"Feature","geometry":{"type":"Point","coordinates":[-8.3421336,52.905038]},"properties":{"name":"Garrykennedy","layer":"marinas","note":"OpenStreetMap","osm_id":"node/2197431858","osm_url":"https://www.openstreetmap.org/node/2197431858","source":"OpenStreetMap"}},{"type":"Feature","geometry":{"type":"Point","coordinates":[-8.4465326,52.8116038]},"properties":{"name":"Marina","layer":"marinas","note":"OpenStreetMap","osm_id":"node/2197563578","osm_url":"https://www.openstreetmap.org/node/2197563578","source":"OpenStreetMap"}},{"type":"Feature","geometry":{"type":"Point","coordinates":[-8.4523264,52.8124033]},"properties":{"name":"Marina","layer":"marinas","note":"OpenStreetMap","osm_id":"node/2197563589","osm_url":"https://www.openstreetmap.org/node/2197563589","source":"OpenStreetMap"}},{"type":"Feature","geometry":{"type":"Point","coordinates":[-2.2789632,52.3382615]},"properties":{"name":"York Street Boatyard (Limekiln)","layer":"marinas","note":"OpenStreetMap","osm_id":"node/2199517657","osm_url":"https://www.openstreetmap.org/node/2199517657","source":"OpenStreetMap"}},{"type":"Feature","geometry":{"type":"Point","coordinates":[-0.388065,52.5745421]},"properties":{"name":"Marina","layer":"marinas","note":"OpenStreetMap","osm_id":"node/2203654676","osm_url":"https://www.openstreetmap.org/node/2203654676","source":"OpenStreetMap"}},{"type":"Feature","geometry":{"type":"Point","coordinates":[-0.0740823,51.8003715]},"properties":{"name":"Marina","layer":"marinas","note":"OpenStreetMap","osm_id":"node/2216847683","osm_url":"https://www.openstreetmap.org/node/2216847683","source":"OpenStreetMap"}},{"type":"Feature","geometry":{"type":"Point","coordinates":[-0.585266,53.6948243]},"properties":{"name":"Winteringham Haven","layer":"marinas","note":"OpenStreetMap","osm_id":"node/2225442791","osm_url":"https://www.openstreetmap.org/node/2225442791","source":"OpenStreetMap"}},{"type":"Feature","geometry":{"type":"Point","coordinates":[-2.2234784,53.4827935]},"properties":{"name":"New Islington Marina","layer":"marinas","note":"OpenStreetMap","osm_id":"node/2286547171","osm_url":"https://www.openstreetmap.org/node/2286547171","source":"OpenStreetMap"}},{"type":"Feature","geometry":{"type":"Point","coordinates":[-5.8948891,57.066131]},"properties":{"name":"Isle of Skye Yachts","layer":"marinas","note":"OpenStreetMap","osm_id":"node/2300737955","osm_url":"https://www.openstreetmap.org/node/2300737955","source":"OpenStreetMap"}},{"type":"Feature","geometry":{"type":"Point","coordinates":[-5.9033275,57.0602665]},"properties":{"name":"Marina","layer":"marinas","note":"OpenStreetMap","osm_id":"node/2300737962","osm_url":"https://www.openstreetmap.org/node/2300737962","source":"OpenStreetMap"}},{"type":"Feature","geometry":{"type":"Point","coordinates":[-7.5735989,54.2315486]},"properties":{"name":"Knockninny Quay","layer":"marinas","note":"OpenStreetMap","osm_id":"node/2330912373","osm_url":"https://www.openstreetmap.org/node/2330912373","source":"OpenStreetMap"}},{"type":"Feature","geometry":{"type":"Point","coordinates":[-4.040501,57.6824313]},"properties":{"name":"Marina","layer":"marinas","note":"OpenStreetMap","osm_id":"node/2385888888","osm_url":"https://www.openstreetmap.org/node/2385888888","source":"OpenStreetMap"}},{"type":"Feature","geometry":{"type":"Point","coordinates":[-6.4178725,57.3350742]},"properties":{"name":"Marina","layer":"marinas","note":"OpenStreetMap","osm_id":"node/2425703023","osm_url":"https://www.openstreetmap.org/node/2425703023","source":"OpenStreetMap"}},{"type":"Feature","geometry":{"type":"Point","coordinates":[-1.351743,52.4257465]},"properties":{"name":"Stretton Wharf","layer":"marinas","note":"OpenStreetMap","osm_id":"node/2432888957","osm_url":"https://www.openstreetmap.org/node/2432888957","source":"OpenStreetMap"}},{"type":"Feature","geometry":{"type":"Point","coordinates":[-1.4375825,60.1854686]},"properties":{"name":"Skeld Marina","layer":"marinas","note":"OpenStreetMap","osm_id":"node/2447060779","osm_url":"https://www.openstreetmap.org/node/2447060779","source":"OpenStreetMap"}},{"type":"Feature","geometry":{"type":"Point","coordinates":[-8.0964815,53.9482956]},"properties":{"name":"Carrick-on-Shannon Boat Club","layer":"marinas","note":"OpenStreetMap","osm_id":"node/2533625957","osm_url":"https://www.openstreetmap.org/node/2533625957","source":"OpenStreetMap"}},{"type":"Feature","geometry":{"type":"Point","coordinates":[-7.6838235,54.4282889]},"properties":{"name":"Marina","layer":"marinas","note":"OpenStreetMap","osm_id":"node/254437152","osm_url":"https://www.openstreetmap.org/node/254437152","source":"OpenStreetMap"}},{"type":"Feature","geometry":{"type":"Point","coordinates":[-2.1290623,55.8990025]},"properties":{"name":"St Abbs Harbour","layer":"marinas","note":"OpenStreetMap","osm_id":"node/2583147636","osm_url":"https://www.openstreetmap.org/node/2583147636","source":"OpenStreetMap"}},{"type":"Feature","geometry":{"type":"Point","coordinates":[-2.7632091,52.7053574]},"properties":{"name":"Pengwern Boat Club","layer":"marinas","note":"OpenStreetMap","osm_id":"node/259253724","osm_url":"https://www.openstreetmap.org/node/259253724","source":"OpenStreetMap"}},{"type":"Feature","geometry":{"type":"Point","coordinates":[-2.8613368,53.6205747]},"properties":{"name":"Canoe Safari","layer":"marinas","note":"OpenStreetMap","osm_id":"node/2593131103","osm_url":"https://www.openstreetmap.org/node/2593131103","source":"OpenStreetMap"}},{"type":"Feature","geometry":{"type":"Point","coordinates":[1.4098008,52.709932]},"properties":{"name":"Royall & Son Boat Yard","layer":"marinas","note":"OpenStreetMap","osm_id":"node/2618839958","osm_url":"https://www.openstreetmap.org/node/2618839958","source":"OpenStreetMap"}},{"type":"Feature","geometry":{"type":"Point","coordinates":[0.2029205,52.3275617]},"properties":{"name":"Lazy Otter Marina","layer":"marinas","note":"OpenStreetMap","osm_id":"node/262775539","osm_url":"https://www.openstreetmap.org/node/262775539","source":"OpenStreetMap"}},{"type":"Feature","geometry":{"type":"Point","coordinates":[-1.0198426,51.4324714]},"properties":{"name":"Burghfield Island Boat Club","layer":"marinas","note":"OpenStreetMap","osm_id":"node/269036078","osm_url":"https://www.openstreetmap.org/node/269036078","source":"OpenStreetMap"}},{"type":"Feature","geometry":{"type":"Point","coordinates":[-0.5554331,50.8103664]},"properties":{"name":"Littlehampton Marina","layer":"marinas","note":"OpenStreetMap","osm_id":"node/270666333","osm_url":"https://www.openstreetmap.org/node/270666333","source":"OpenStreetMap"}},{"type":"Feature","geometry":{"type":"Point","coordinates":[-9.3940192,51.5526868]},"properties":{"name":"Kilcoe Pier","layer":"marinas","note":"OpenStreetMap","osm_id":"node/2768206159","osm_url":"https://www.openstreetmap.org/node/2768206159","source":"OpenStreetMap"}},{"type":"Feature","geometry":{"type":"Point","coordinates":[-0.2257475,51.4852409]},"properties":{"name":"Marina","layer":"marinas","note":"OpenStreetMap","osm_id":"node/280792051","osm_url":"https://www.openstreetmap.org/node/280792051","source":"OpenStreetMap"}},{"type":"Feature","geometry":{"type":"Point","coordinates":[-2.7603809,52.7046348]},"properties":{"name":"Shrewsbury School Boathouses","layer":"marinas","note":"OpenStreetMap","osm_id":"node/2830265894","osm_url":"https://www.openstreetmap.org/node/2830265894","source":"OpenStreetMap"}},{"type":"Feature","geometry":{"type":"Point","coordinates":[-2.5060956,51.7107036]},"properties":{"name":"Lydney Yacht Club","layer":"marinas","note":"OpenStreetMap","osm_id":"node/2886401119","osm_url":"https://www.openstreetmap.org/node/2886401119","source":"OpenStreetMap"}},{"type":"Feature","geometry":{"type":"Point","coordinates":[-3.2223908,55.9844512]},"properties":{"name":"Marina","layer":"marinas","note":"OpenStreetMap","osm_id":"node/289143041","osm_url":"https://www.openstreetmap.org/node/289143041","source":"OpenStreetMap"}},{"type":"Feature","geometry":{"type":"Point","coordinates":[-9.3633372,53.4745117]},"properties":{"name":"Annabeg","layer":"marinas","note":"OpenStreetMap","osm_id":"node/2904807017","osm_url":"https://www.openstreetmap.org/node/2904807017","source":"OpenStreetMap"}},{"type":"Feature","geometry":{"type":"Point","coordinates":[-1.3886868,50.9021801]},"properties":{"name":"Itchen Marine","layer":"marinas","note":"OpenStreetMap","osm_id":"node/2929418625","osm_url":"https://www.openstreetmap.org/node/2929418625","source":"OpenStreetMap"}},{"type":"Feature","geometry":{"type":"Point","coordinates":[1.3543501,51.2786406]},"properties":{"name":"Sandwich Marina","layer":"marinas","note":"OpenStreetMap","osm_id":"node/298637091","osm_url":"https://www.openstreetmap.org/node/298637091","source":"OpenStreetMap"}},{"type":"Feature","geometry":{"type":"Point","coordinates":[-1.1977891,54.6884797]},"properties":{"name":"Hartlepool Yacht Club","layer":"marinas","note":"OpenStreetMap","osm_id":"node/30128166","osm_url":"https://www.openstreetmap.org/node/30128166","source":"OpenStreetMap"}},{"type":"Feature","geometry":{"type":"Point","coordinates":[-6.1919862,54.0516865]},"properties":{"name":"Carlingford Marina","layer":"marinas","note":"Carlingford Marina","osm_id":"node/3044198335","osm_url":"https://www.openstreetmap.org/node/3044198335","source":"OpenStreetMap","brand":"Carlingford Marina"}},{"type":"Feature","geometry":{"type":"Point","coordinates":[-1.2428972,50.8180095]},"properties":{"name":"Hill Head Harbour","layer":"marinas","note":"OpenStreetMap","osm_id":"node/305810364","osm_url":"https://www.openstreetmap.org/node/305810364","source":"OpenStreetMap"}},{"type":"Feature","geometry":{"type":"Point","coordinates":[-0.1790146,52.3248895]},"properties":{"name":"Huntingdon Boat Haven and Caravan Park","layer":"marinas","note":"OpenStreetMap","osm_id":"node/306561916","osm_url":"https://www.openstreetmap.org/node/306561916","source":"OpenStreetMap"}},{"type":"Feature","geometry":{"type":"Point","coordinates":[0.6344676,51.6313609]},"properties":{"name":"Brandy Hole Yatch Club","layer":"marinas","note":"OpenStreetMap","osm_id":"node/312281528","osm_url":"https://www.openstreetmap.org/node/312281528","source":"OpenStreetMap"}},{"type":"Feature","geometry":{"type":"Point","coordinates":[-6.227137,52.6442015]},"properties":{"name":"Marina","layer":"marinas","note":"OpenStreetMap","osm_id":"node/313217772","osm_url":"https://www.openstreetmap.org/node/313217772","source":"OpenStreetMap"}},{"type":"Feature","geometry":{"type":"Point","coordinates":[-1.1543982,50.7325511]},"properties":{"name":"Ryde Harbour","layer":"marinas","note":"OpenStreetMap","osm_id":"node/314664746","osm_url":"https://www.openstreetmap.org/node/314664746","source":"OpenStreetMap"}},{"type":"Feature","geometry":{"type":"Point","coordinates":[-9.5085676,52.0222613]},"properties":{"name":"Marina","layer":"marinas","note":"OpenStreetMap","osm_id":"node/3203108529","osm_url":"https://www.openstreetmap.org/node/3203108529","source":"OpenStreetMap"}},{"type":"Feature","geometry":{"type":"Point","coordinates":[-8.5288022,52.9058935]},"properties":{"name":"Scarriff Harbour","layer":"marinas","note":"OpenStreetMap","osm_id":"node/321794645","osm_url":"https://www.openstreetmap.org/node/321794645","source":"OpenStreetMap"}},{"type":"Feature","geometry":{"type":"Point","coordinates":[-9.4246732,51.504054]},"properties":{"name":"Marina","layer":"marinas","note":"OpenStreetMap","osm_id":"node/3250652444","osm_url":"https://www.openstreetmap.org/node/3250652444","source":"OpenStreetMap"}},{"type":"Feature","geometry":{"type":"Point","coordinates":[-9.4074534,51.4973451]},"properties":{"name":"Turk Head Pier","layer":"marinas","note":"OpenStreetMap","osm_id":"node/3250660293","osm_url":"https://www.openstreetmap.org/node/3250660293","source":"OpenStreetMap"}},{"type":"Feature","geometry":{"type":"Point","coordinates":[-1.4513508,54.9951688]},"properties":{"name":"Sweet William Charter Boat","layer":"marinas","note":"OpenStreetMap","osm_id":"node/332129744","osm_url":"https://www.openstreetmap.org/node/332129744","source":"OpenStreetMap"}},{"type":"Feature","geometry":{"type":"Point","coordinates":[-3.2231283,55.9828036]},"properties":{"name":"Royal Forth Yacht Club","layer":"marinas","note":"OpenStreetMap","osm_id":"node/33226592","osm_url":"https://www.openstreetmap.org/node/33226592","source":"OpenStreetMap"}},{"type":"Feature","geometry":{"type":"Point","coordinates":[-3.152853,51.8482005]},"properties":{"name":"Marina","layer":"marinas","note":"OpenStreetMap","osm_id":"node/3365896908","osm_url":"https://www.openstreetmap.org/node/3365896908","source":"OpenStreetMap"}},{"type":"Feature","geometry":{"type":"Point","coordinates":[-0.2204357,52.2930668]},"properties":{"name":"Buckden Marina","layer":"marinas","note":"OpenStreetMap","osm_id":"node/344228021","osm_url":"https://www.openstreetmap.org/node/344228021","source":"OpenStreetMap"}},{"type":"Feature","geometry":{"type":"Point","coordinates":[0.4821981,51.3767221]},"properties":{"name":"Medway Bridge Marina","layer":"marinas","note":"OpenStreetMap","osm_id":"node/346299853","osm_url":"https://www.openstreetmap.org/node/346299853","source":"OpenStreetMap"}},{"type":"Feature","geometry":{"type":"Point","coordinates":[-6.315077,49.9167813]},"properties":{"name":"St Mary's Harbour","layer":"marinas","note":"OpenStreetMap","osm_id":"node/3470962516","osm_url":"https://www.openstreetmap.org/node/3470962516","source":"OpenStreetMap"}},{"type":"Feature","geometry":{"type":"Point","coordinates":[-2.1481658,53.4786044]},"properties":{"name":"Droylsden Marina","layer":"marinas","note":"OpenStreetMap","osm_id":"node/3502002499","osm_url":"https://www.openstreetmap.org/node/3502002499","source":"OpenStreetMap"}},{"type":"Feature","geometry":{"type":"Point","coordinates":[-8.578351,54.3017332]},"properties":{"name":"Marina","layer":"marinas","note":"OpenStreetMap","osm_id":"node/3679325852","osm_url":"https://www.openstreetmap.org/node/3679325852","source":"OpenStreetMap"}},{"type":"Feature","geometry":{"type":"Point","coordinates":[-1.413189,50.7842081]},"properties":{"name":"Royal Southampton Yacht Club","layer":"marinas","note":"OpenStreetMap","osm_id":"node/3703498530","osm_url":"https://www.openstreetmap.org/node/3703498530","source":"OpenStreetMap"}},{"type":"Feature","geometry":{"type":"Point","coordinates":[-7.5845318,54.1145906]},"properties":{"name":"Marina","layer":"marinas","note":"OpenStreetMap","osm_id":"node/3781519353","osm_url":"https://www.openstreetmap.org/node/3781519353","source":"OpenStreetMap"}},{"type":"Feature","geometry":{"type":"Point","coordinates":[-8.8252138,52.6429576]},"properties":{"name":"Fishing Club","layer":"marinas","note":"OpenStreetMap","osm_id":"node/3796356863","osm_url":"https://www.openstreetmap.org/node/3796356863","source":"OpenStreetMap"}},{"type":"Feature","geometry":{"type":"Point","coordinates":[-0.8399593,60.7602983]},"properties":{"name":"Marina","layer":"marinas","note":"OpenStreetMap","osm_id":"node/3809294071","osm_url":"https://www.openstreetmap.org/node/3809294071","source":"OpenStreetMap"}},{"type":"Feature","geometry":{"type":"Point","coordinates":[-1.0432823,60.4976151]},"properties":{"name":"Marina","layer":"marinas","note":"OpenStreetMap","osm_id":"node/3810644961","osm_url":"https://www.openstreetmap.org/node/3810644961","source":"OpenStreetMap"}},{"type":"Feature","geometry":{"type":"Point","coordinates":[-5.1192967,54.8424326]},"properties":{"name":"Portpatrick Harbour","layer":"marinas","note":"OpenStreetMap","osm_id":"node/3844798781","osm_url":"https://www.openstreetmap.org/node/3844798781","source":"OpenStreetMap"}},{"type":"Feature","geometry":{"type":"Point","coordinates":[-4.1261125,52.8261114]},"properties":{"name":"Mochras Lagoon","layer":"marinas","note":"OpenStreetMap","osm_id":"node/3899567191","osm_url":"https://www.openstreetmap.org/node/3899567191","source":"OpenStreetMap"}},{"type":"Feature","geometry":{"type":"Point","coordinates":[-3.1634744,51.4626386]},"properties":{"name":"Mermaid Quay Pay & Display","layer":"marinas","note":"Cardiff Harbour Authority","osm_id":"node/3916450135","osm_url":"https://www.openstreetmap.org/node/3916450135","source":"OpenStreetMap","brand":"Cardiff Harbour Authority"}},{"type":"Feature","geometry":{"type":"Point","coordinates":[-3.168146,51.4621002]},"properties":{"name":"Graving Dock Pay & Display","layer":"marinas","note":"Cardiff Harbour Authority","osm_id":"node/3917476119","osm_url":"https://www.openstreetmap.org/node/3917476119","source":"OpenStreetMap","brand":"Cardiff Harbour Authority"}},{"type":"Feature","geometry":{"type":"Point","coordinates":[-1.5847938,55.3363281]},"properties":{"name":"Amble Marina","layer":"marinas","note":"OpenStreetMap","osm_id":"node/4113966535","osm_url":"https://www.openstreetmap.org/node/4113966535","source":"OpenStreetMap"}},{"type":"Feature","geometry":{"type":"Point","coordinates":[-7.6419675,54.3424577]},"properties":{"name":"Broadmeadows","layer":"marinas","note":"Waterways Ireland","osm_id":"node/4136584389","osm_url":"https://www.openstreetmap.org/node/4136584389","source":"OpenStreetMap","brand":"Waterways Ireland"}},{"type":"Feature","geometry":{"type":"Point","coordinates":[-7.6366808,54.3410505]},"properties":{"name":"Erneside","layer":"marinas","note":"Waterways Ireland","osm_id":"node/4136584390","osm_url":"https://www.openstreetmap.org/node/4136584390","source":"OpenStreetMap","brand":"Waterways Ireland"}},{"type":"Feature","geometry":{"type":"Point","coordinates":[-7.6385021,54.3430448]},"properties":{"name":"Regal Pass","layer":"marinas","note":"Waterways Ireland","osm_id":"node/4136584392","osm_url":"https://www.openstreetmap.org/node/4136584392","source":"OpenStreetMap","brand":"Waterways Ireland"}},{"type":"Feature","geometry":{"type":"Point","coordinates":[-7.6455442,54.3441831]},"properties":{"name":"Castle Island","layer":"marinas","note":"Waterways Ireland","osm_id":"node/4136699582","osm_url":"https://www.openstreetmap.org/node/4136699582","source":"OpenStreetMap","brand":"Waterways Ireland"}},{"type":"Feature","geometry":{"type":"Point","coordinates":[-7.6477342,54.3452548]},"properties":{"name":"Henry Street North","layer":"marinas","note":"Waterways Ireland","osm_id":"node/4136699583","osm_url":"https://www.openstreetmap.org/node/4136699583","source":"OpenStreetMap","brand":"Waterways Ireland"}},{"type":"Feature","geometry":{"type":"Point","coordinates":[-7.6479166,54.344717]},"properties":{"name":"Henry Street South","layer":"marinas","note":"Waterways Ireland","osm_id":"node/4136699584","osm_url":"https://www.openstreetmap.org/node/4136699584","source":"OpenStreetMap","brand":"Waterways Ireland"}},{"type":"Feature","geometry":{"type":"Point","coordinates":[-7.6407109,54.3483402]},"properties":{"name":"Riverview","layer":"marinas","note":"Waterways Ireland","osm_id":"node/4136699585","osm_url":"https://www.openstreetmap.org/node/4136699585","source":"OpenStreetMap","brand":"Waterways Ireland"}},{"type":"Feature","geometry":{"type":"Point","coordinates":[-7.6472072,54.3490421]},"properties":{"name":"Round O","layer":"marinas","note":"Waterways Ireland","osm_id":"node/4136699586","osm_url":"https://www.openstreetmap.org/node/4136699586","source":"OpenStreetMap","brand":"Waterways Ireland"}},{"type":"Feature","geometry":{"type":"Point","coordinates":[-7.6474848,54.3438465]},"properties":{"name":"Waterways Ireland HQ","layer":"marinas","note":"Waterways Ireland","osm_id":"node/4136699587","osm_url":"https://www.openstreetmap.org/node/4136699587","source":"OpenStreetMap","brand":"Waterways Ireland"}},{"type":"Feature","geometry":{"type":"Point","coordinates":[-7.6267661,54.3365087]},"properties":{"name":"Ardhowen","layer":"marinas","note":"Waterways Ireland","osm_id":"node/4136714813","osm_url":"https://www.openstreetmap.org/node/4136714813","source":"OpenStreetMap","brand":"Waterways Ireland"}},{"type":"Feature","geometry":{"type":"Point","coordinates":[-7.6212461,54.3294542]},"properties":{"name":"Killyhevlin","layer":"marinas","note":"Killyhevlin Hotel","osm_id":"node/4136714814","osm_url":"https://www.openstreetmap.org/node/4136714814","source":"OpenStreetMap","brand":"Killyhevlin Hotel"}},{"type":"Feature","geometry":{"type":"Point","coordinates":[-7.6481551,54.3492785]},"properties":{"name":"Round O","layer":"marinas","note":"Northern Ireland Environment Agency","osm_id":"node/4136765135","osm_url":"https://www.openstreetmap.org/node/4136765135","source":"OpenStreetMap","brand":"Northern Ireland Environment Agency"}},{"type":"Feature","geometry":{"type":"Point","coordinates":[0.0528936,50.7900801]},"properties":{"name":"Marina","layer":"marinas","note":"OpenStreetMap","osm_id":"node/4178359287","osm_url":"https://www.openstreetmap.org/node/4178359287","source":"OpenStreetMap"}},{"type":"Feature","geometry":{"type":"Point","coordinates":[-8.5311219,52.9005861]},"properties":{"name":"Reddan's Quay","layer":"marinas","note":"OpenStreetMap","osm_id":"node/4190025005","osm_url":"https://www.openstreetmap.org/node/4190025005","source":"OpenStreetMap"}},{"type":"Feature","geometry":{"type":"Point","coordinates":[-1.2913619,50.7617262]},"properties":{"name":"Proposed Marina (Victoria Quays Development)","layer":"marinas","note":"OpenStreetMap","osm_id":"node/4247946089","osm_url":"https://www.openstreetmap.org/node/4247946089","source":"OpenStreetMap"}},{"type":"Feature","geometry":{"type":"Point","coordinates":[-9.8254463,51.6339333]},"properties":{"name":"Lawrence Cove Marina","layer":"marinas","note":"Lawrence Cove Marina Ltd.","osm_id":"node/4351800826","osm_url":"https://www.openstreetmap.org/node/4351800826","source":"OpenStreetMap","brand":"Lawrence Cove Marina Ltd."}},{"type":"Feature","geometry":{"type":"Point","coordinates":[-10.2759634,52.1374077]},"properties":{"name":"Muirina An Daingin","layer":"marinas","note":"OpenStreetMap","osm_id":"node/4358280377","osm_url":"https://www.openstreetmap.org/node/4358280377","source":"OpenStreetMap"}},{"type":"Feature","geometry":{"type":"Point","coordinates":[-7.4808246,55.0854664]},"properties":{"name":"Marina","layer":"marinas","note":"OpenStreetMap","osm_id":"node/4358280760","osm_url":"https://www.openstreetmap.org/node/4358280760","source":"OpenStreetMap"}},{"type":"Feature","geometry":{"type":"Point","coordinates":[-10.1035655,52.0256908]},"properties":{"name":"Marina","layer":"marinas","note":"OpenStreetMap","osm_id":"node/4378166323","osm_url":"https://www.openstreetmap.org/node/4378166323","source":"OpenStreetMap"}},{"type":"Feature","geometry":{"type":"Point","coordinates":[-7.926822,53.4651952]},"properties":{"name":"Coosan Point","layer":"marinas","note":"OpenStreetMap","osm_id":"node/4383608637","osm_url":"https://www.openstreetmap.org/node/4383608637","source":"OpenStreetMap"}},{"type":"Feature","geometry":{"type":"Point","coordinates":[-8.0483703,53.2808623]},"properties":{"name":"Shannonbridge","layer":"marinas","note":"OpenStreetMap","osm_id":"node/4383608638","osm_url":"https://www.openstreetmap.org/node/4383608638","source":"OpenStreetMap"}},{"type":"Feature","geometry":{"type":"Point","coordinates":[-7.8865594,53.4644879]},"properties":{"name":"Marina","layer":"marinas","note":"OpenStreetMap","osm_id":"node/4383608654","osm_url":"https://www.openstreetmap.org/node/4383608654","source":"OpenStreetMap"}},{"type":"Feature","geometry":{"type":"Point","coordinates":[-4.1887137,55.9310793]},"properties":{"name":"Marina","layer":"marinas","note":"OpenStreetMap","osm_id":"node/4410687315","osm_url":"https://www.openstreetmap.org/node/4410687315","source":"OpenStreetMap"}},{"type":"Feature","geometry":{"type":"Point","coordinates":[-8.4679362,52.8398208]},"properties":{"name":"University of Limerick Activity Centre","layer":"marinas","note":"OpenStreetMap","osm_id":"node/449383585","osm_url":"https://www.openstreetmap.org/node/449383585","source":"OpenStreetMap"}},{"type":"Feature","geometry":{"type":"Point","coordinates":[-8.4728669,52.847678]},"properties":{"name":"Marina","layer":"marinas","note":"OpenStreetMap","osm_id":"node/450581227","osm_url":"https://www.openstreetmap.org/node/450581227","source":"OpenStreetMap"}},{"type":"Feature","geometry":{"type":"Point","coordinates":[0.5591485,51.3964295]},"properties":{"name":"Gillingham Marina","layer":"marinas","note":"Gillingham Marina","osm_id":"node/4537974658","osm_url":"https://www.openstreetmap.org/node/4537974658","source":"OpenStreetMap","brand":"Gillingham Marina"}},{"type":"Feature","geometry":{"type":"Point","coordinates":[-1.2906381,50.7508315]},"properties":{"name":"Harbour Office","layer":"marinas","note":"OpenStreetMap","osm_id":"node/4539460077","osm_url":"https://www.openstreetmap.org/node/4539460077","source":"OpenStreetMap"}},{"type":"Feature","geometry":{"type":"Point","coordinates":[-4.2523643,51.6822297]},"properties":{"name":"West Harbour","layer":"marinas","note":"OpenStreetMap","osm_id":"node/4564272473","osm_url":"https://www.openstreetmap.org/node/4564272473","source":"OpenStreetMap"}},{"type":"Feature","geometry":{"type":"Point","coordinates":[-4.2496871,51.6817668]},"properties":{"name":"East Dock","layer":"marinas","note":"OpenStreetMap","osm_id":"node/4564272474","osm_url":"https://www.openstreetmap.org/node/4564272474","source":"OpenStreetMap"}},{"type":"Feature","geometry":{"type":"Point","coordinates":[-4.2495325,51.6799547]},"properties":{"name":"Outer Harbour","layer":"marinas","note":"OpenStreetMap","osm_id":"node/4564272475","osm_url":"https://www.openstreetmap.org/node/4564272475","source":"OpenStreetMap"}},{"type":"Feature","geometry":{"type":"Point","coordinates":[-3.1923215,51.4538511]},"properties":{"name":"Grangemoore Quay","layer":"marinas","note":"Taylor Made Marinas","osm_id":"node/4584499391","osm_url":"https://www.openstreetmap.org/node/4584499391","source":"OpenStreetMap","brand":"Taylor Made Marinas"}},{"type":"Feature","geometry":{"type":"Point","coordinates":[-1.3133392,50.8629991]},"properties":{"name":"Hamble Yacht Services","layer":"marinas","note":"OpenStreetMap","osm_id":"node/4586158073","osm_url":"https://www.openstreetmap.org/node/4586158073","source":"OpenStreetMap"}},{"type":"Feature","geometry":{"type":"Point","coordinates":[-8.2122293,51.8663757]},"properties":{"name":"Marina","layer":"marinas","note":"OpenStreetMap","osm_id":"node/4646127868","osm_url":"https://www.openstreetmap.org/node/4646127868","source":"OpenStreetMap"}},{"type":"Feature","geometry":{"type":"Point","coordinates":[-7.9697213,54.4985574]},"properties":{"name":"Marina","layer":"marinas","note":"OpenStreetMap","osm_id":"node/4671329343","osm_url":"https://www.openstreetmap.org/node/4671329343","source":"OpenStreetMap"}},{"type":"Feature","geometry":{"type":"Point","coordinates":[-8.0880806,54.4769044]},"properties":{"name":"Belleek","layer":"marinas","note":"OpenStreetMap","osm_id":"node/4671335384","osm_url":"https://www.openstreetmap.org/node/4671335384","source":"OpenStreetMap"}},{"type":"Feature","geometry":{"type":"Point","coordinates":[-7.4813136,54.2143526]},"properties":{"name":"Share","layer":"marinas","note":"OpenStreetMap","osm_id":"node/4674547408","osm_url":"https://www.openstreetmap.org/node/4674547408","source":"OpenStreetMap"}},{"type":"Feature","geometry":{"type":"Point","coordinates":[-7.5475283,54.2839313]},"properties":{"name":"Carrybridge","layer":"marinas","note":"OpenStreetMap","osm_id":"node/4674547743","osm_url":"https://www.openstreetmap.org/node/4674547743","source":"OpenStreetMap"}},{"type":"Feature","geometry":{"type":"Point","coordinates":[-7.570061,54.2692976]},"properties":{"name":"Marina","layer":"marinas","note":"OpenStreetMap","osm_id":"node/4674547761","osm_url":"https://www.openstreetmap.org/node/4674547761","source":"OpenStreetMap"}},{"type":"Feature","geometry":{"type":"Point","coordinates":[-7.6406132,54.3054819]},"properties":{"name":"Marina","layer":"marinas","note":"OpenStreetMap","osm_id":"node/4674547764","osm_url":"https://www.openstreetmap.org/node/4674547764","source":"OpenStreetMap"}},{"type":"Feature","geometry":{"type":"Point","coordinates":[-7.6831163,54.4212174]},"properties":{"name":"Lough Erne Yacht Club","layer":"marinas","note":"OpenStreetMap","osm_id":"node/4674547930","osm_url":"https://www.openstreetmap.org/node/4674547930","source":"OpenStreetMap"}},{"type":"Feature","geometry":{"type":"Point","coordinates":[-7.7380743,54.4785605]},"properties":{"name":"Marina","layer":"marinas","note":"OpenStreetMap","osm_id":"node/4674547954","osm_url":"https://www.openstreetmap.org/node/4674547954","source":"OpenStreetMap"}},{"type":"Feature","geometry":{"type":"Point","coordinates":[-7.3926991,54.1361684]},"properties":{"name":"Marina","layer":"marinas","note":"OpenStreetMap","osm_id":"node/4674553355","osm_url":"https://www.openstreetmap.org/node/4674553355","source":"OpenStreetMap"}},{"type":"Feature","geometry":{"type":"Point","coordinates":[-6.1533301,53.4548859]},"properties":{"name":"Malahide Marina Centre","layer":"marinas","note":"Malahide Marina Centre","osm_id":"node/4711632174","osm_url":"https://www.openstreetmap.org/node/4711632174","source":"OpenStreetMap","brand":"Malahide Marina Centre"}},{"type":"Feature","geometry":{"type":"Point","coordinates":[0.4217394,52.3557341]},"properties":{"name":"Riverside Island Marina","layer":"marinas","note":"OpenStreetMap","osm_id":"node/473805210","osm_url":"https://www.openstreetmap.org/node/473805210","source":"OpenStreetMap"}},{"type":"Feature","geometry":{"type":"Point","coordinates":[-2.2688913,52.3265776]},"properties":{"name":"Stourport Marina","layer":"marinas","note":"OpenStreetMap","osm_id":"node/4807469521","osm_url":"https://www.openstreetmap.org/node/4807469521","source":"OpenStreetMap"}},{"type":"Feature","geometry":{"type":"Point","coordinates":[-7.4418481,54.1180829]},"properties":{"name":"Riverdale Marina","layer":"marinas","note":"OpenStreetMap","osm_id":"node/4821519780","osm_url":"https://www.openstreetmap.org/node/4821519780","source":"OpenStreetMap"}},{"type":"Feature","geometry":{"type":"Point","coordinates":[-7.4380458,54.1287692]},"properties":{"name":"Marina","layer":"marinas","note":"OpenStreetMap","osm_id":"node/4821580543","osm_url":"https://www.openstreetmap.org/node/4821580543","source":"OpenStreetMap"}},{"type":"Feature","geometry":{"type":"Point","coordinates":[-7.438947,54.1270473]},"properties":{"name":"Marina","layer":"marinas","note":"OpenStreetMap","osm_id":"node/4821580553","osm_url":"https://www.openstreetmap.org/node/4821580553","source":"OpenStreetMap"}},{"type":"Feature","geometry":{"type":"Point","coordinates":[-7.4375576,54.1238754]},"properties":{"name":"Marina","layer":"marinas","note":"OpenStreetMap","osm_id":"node/4821580554","osm_url":"https://www.openstreetmap.org/node/4821580554","source":"OpenStreetMap"}},{"type":"Feature","geometry":{"type":"Point","coordinates":[-7.4386305,54.1219263]},"properties":{"name":"Marina","layer":"marinas","note":"OpenStreetMap","osm_id":"node/4821580555","osm_url":"https://www.openstreetmap.org/node/4821580555","source":"OpenStreetMap"}},{"type":"Feature","geometry":{"type":"Point","coordinates":[-7.4411121,54.1401852]},"properties":{"name":"Marina","layer":"marinas","note":"OpenStreetMap","osm_id":"node/4821581914","osm_url":"https://www.openstreetmap.org/node/4821581914","source":"OpenStreetMap"}},{"type":"Feature","geometry":{"type":"Point","coordinates":[-1.014122,51.4337484]},"properties":{"name":"Southcote Moorings","layer":"marinas","note":"OpenStreetMap","osm_id":"node/4830839593","osm_url":"https://www.openstreetmap.org/node/4830839593","source":"OpenStreetMap"}},{"type":"Feature","geometry":{"type":"Point","coordinates":[-1.455007,52.8442534]},"properties":{"name":"Marina","layer":"marinas","note":"OpenStreetMap","osm_id":"node/4831014177","osm_url":"https://www.openstreetmap.org/node/4831014177","source":"OpenStreetMap"}},{"type":"Feature","geometry":{"type":"Point","coordinates":[-1.1206946,50.7903984]},"properties":{"name":"Haslar Marina","layer":"marinas","note":"OpenStreetMap","osm_id":"node/49295599","osm_url":"https://www.openstreetmap.org/node/49295599","source":"OpenStreetMap"}},{"type":"Feature","geometry":{"type":"Point","coordinates":[-3.0853362,58.43978]},"properties":{"name":"Wick Marina","layer":"marinas","note":"OpenStreetMap","osm_id":"node/4951124337","osm_url":"https://www.openstreetmap.org/node/4951124337","source":"OpenStreetMap"}},{"type":"Feature","geometry":{"type":"Point","coordinates":[-8.1971862,53.3207577]},"properties":{"name":"MoyCarn Lodge & Marina","layer":"marinas","note":"OpenStreetMap","osm_id":"node/5023210250","osm_url":"https://www.openstreetmap.org/node/5023210250","source":"OpenStreetMap"}},{"type":"Feature","geometry":{"type":"Point","coordinates":[-7.5841527,54.1116382]},"properties":{"name":"Marina","layer":"marinas","note":"OpenStreetMap","osm_id":"node/5104914138","osm_url":"https://www.openstreetmap.org/node/5104914138","source":"OpenStreetMap"}},{"type":"Feature","geometry":{"type":"Point","coordinates":[-1.7908187,57.4956306]},"properties":{"name":"Peterhead Bay Marina","layer":"marinas","note":"OpenStreetMap","osm_id":"node/5268668853","osm_url":"https://www.openstreetmap.org/node/5268668853","source":"OpenStreetMap"}},{"type":"Feature","geometry":{"type":"Point","coordinates":[-1.6949975,53.6725016]},"properties":{"name":"Mirfield Marina","layer":"marinas","note":"OpenStreetMap","osm_id":"node/527924588","osm_url":"https://www.openstreetmap.org/node/527924588","source":"OpenStreetMap"}},{"type":"Feature","geometry":{"type":"Point","coordinates":[-1.1412702,54.637847]},"properties":{"name":"Marina","layer":"marinas","note":"OpenStreetMap","osm_id":"node/5316521470","osm_url":"https://www.openstreetmap.org/node/5316521470","source":"OpenStreetMap"}},{"type":"Feature","geometry":{"type":"Point","coordinates":[-1.3021429,52.400164]},"properties":{"name":"Lime Farm Marina","layer":"marinas","note":"OpenStreetMap","osm_id":"node/534099724","osm_url":"https://www.openstreetmap.org/node/534099724","source":"OpenStreetMap"}},{"type":"Feature","geometry":{"type":"Point","coordinates":[-8.3094423,52.8981127]},"properties":{"name":"Youghal Harbour","layer":"marinas","note":"OpenStreetMap","osm_id":"node/5341273659","osm_url":"https://www.openstreetmap.org/node/5341273659","source":"OpenStreetMap"}},{"type":"Feature","geometry":{"type":"Point","coordinates":[-7.5830248,54.1161134]},"properties":{"name":"Ballyconnell Moorings","layer":"marinas","note":"OpenStreetMap","osm_id":"node/54043617","osm_url":"https://www.openstreetmap.org/node/54043617","source":"OpenStreetMap"}},{"type":"Feature","geometry":{"type":"Point","coordinates":[-7.8509354,52.0312518]},"properties":{"name":"Coolbagh Quay","layer":"marinas","note":"Waterford City and County Council","osm_id":"node/5678393006","osm_url":"https://www.openstreetmap.org/node/5678393006","source":"OpenStreetMap","brand":"Waterford City and County Council"}},{"type":"Feature","geometry":{"type":"Point","coordinates":[0.3933042,52.7511723]},"properties":{"name":"Berth 5, South Quay","layer":"marinas","note":"OpenStreetMap","osm_id":"node/5764305446","osm_url":"https://www.openstreetmap.org/node/5764305446","source":"OpenStreetMap"}},{"type":"Feature","geometry":{"type":"Point","coordinates":[-4.6870436,52.1039426]},"properties":{"name":"Marina","layer":"marinas","note":"OpenStreetMap","osm_id":"node/5792380272","osm_url":"https://www.openstreetmap.org/node/5792380272","source":"OpenStreetMap"}},{"type":"Feature","geometry":{"type":"Point","coordinates":[-1.4418573,52.8138165]},"properties":{"name":"Staunton Harold Sailing Club","layer":"marinas","note":"OpenStreetMap","osm_id":"node/604698513","osm_url":"https://www.openstreetmap.org/node/604698513","source":"OpenStreetMap"}},{"type":"Feature","geometry":{"type":"Point","coordinates":[-1.4006785,52.5379794]},"properties":{"name":"Trinity Marina","layer":"marinas","note":"OpenStreetMap","osm_id":"node/635152968","osm_url":"https://www.openstreetmap.org/node/635152968","source":"OpenStreetMap"}},{"type":"Feature","geometry":{"type":"Point","coordinates":[-8.0668796,53.9891807]},"properties":{"name":"Leitrim Marina","layer":"marinas","note":"OpenStreetMap","osm_id":"node/6373880054","osm_url":"https://www.openstreetmap.org/node/6373880054","source":"OpenStreetMap"}},{"type":"Feature","geometry":{"type":"Point","coordinates":[-7.2979635,57.1504537]},"properties":{"name":"Marina","layer":"marinas","note":"OpenStreetMap","osm_id":"node/6423996073","osm_url":"https://www.openstreetmap.org/node/6423996073","source":"OpenStreetMap"}},{"type":"Feature","geometry":{"type":"Point","coordinates":[-7.1589875,57.5965641]},"properties":{"name":"Lochmaddy","layer":"marinas","note":"OpenStreetMap","osm_id":"node/6433179387","osm_url":"https://www.openstreetmap.org/node/6433179387","source":"OpenStreetMap"}},{"type":"Feature","geometry":{"type":"Point","coordinates":[-7.4896288,56.9543596]},"properties":{"name":"Castlebay","layer":"marinas","note":"OpenStreetMap","osm_id":"node/6433179388","osm_url":"https://www.openstreetmap.org/node/6433179388","source":"OpenStreetMap"}},{"type":"Feature","geometry":{"type":"Point","coordinates":[-6.0664674,56.620172]},"properties":{"name":"Tobermory","layer":"marinas","note":"Tobermory Harbour Association","osm_id":"node/6433179403","osm_url":"https://www.openstreetmap.org/node/6433179403","source":"OpenStreetMap","brand":"Tobermory Harbour Association"}},{"type":"Feature","geometry":{"type":"Point","coordinates":[-6.3901162,58.2099889]},"properties":{"name":"Stornoway Marina","layer":"marinas","note":"Stornoway Port Authority","osm_id":"node/6433179449","osm_url":"https://www.openstreetmap.org/node/6433179449","source":"OpenStreetMap","brand":"Stornoway Port Authority"}},{"type":"Feature","geometry":{"type":"Point","coordinates":[-1.0959372,50.6916934]},"properties":{"name":"Selwyn Marina","layer":"marinas","note":"OpenStreetMap","osm_id":"node/6579720727","osm_url":"https://www.openstreetmap.org/node/6579720727","source":"OpenStreetMap"}},{"type":"Feature","geometry":{"type":"Point","coordinates":[-0.9176667,51.474567]},"properties":{"name":"Marina","layer":"marinas","note":"OpenStreetMap","osm_id":"node/6605044241","osm_url":"https://www.openstreetmap.org/node/6605044241","source":"OpenStreetMap"}},{"type":"Feature","geometry":{"type":"Point","coordinates":[-5.0523886,50.1784497]},"properties":{"name":"Mylor Yacht Harbour","layer":"marinas","note":"OpenStreetMap","osm_id":"node/660526112","osm_url":"https://www.openstreetmap.org/node/660526112","source":"OpenStreetMap"}},{"type":"Feature","geometry":{"type":"Point","coordinates":[-1.4487308,53.7612769]},"properties":{"name":"Marina","layer":"marinas","note":"OpenStreetMap","osm_id":"node/6683253540","osm_url":"https://www.openstreetmap.org/node/6683253540","source":"OpenStreetMap"}},{"type":"Feature","geometry":{"type":"Point","coordinates":[-1.5127122,53.7763373]},"properties":{"name":"Marina","layer":"marinas","note":"OpenStreetMap","osm_id":"node/6683253564","osm_url":"https://www.openstreetmap.org/node/6683253564","source":"OpenStreetMap"}},{"type":"Feature","geometry":{"type":"Point","coordinates":[-1.5336522,53.7923018]},"properties":{"name":"Leeds Dock","layer":"marinas","note":"OpenStreetMap","osm_id":"node/6683253568","osm_url":"https://www.openstreetmap.org/node/6683253568","source":"OpenStreetMap"}},{"type":"Feature","geometry":{"type":"Point","coordinates":[-1.5501586,53.7932049]},"properties":{"name":"Marina","layer":"marinas","note":"OpenStreetMap","osm_id":"node/6683253577","osm_url":"https://www.openstreetmap.org/node/6683253577","source":"OpenStreetMap"}},{"type":"Feature","geometry":{"type":"Point","coordinates":[-1.589697,53.8033374]},"properties":{"name":"Aire Valley Marina","layer":"marinas","note":"OpenStreetMap","osm_id":"node/6683253590","osm_url":"https://www.openstreetmap.org/node/6683253590","source":"OpenStreetMap"}},{"type":"Feature","geometry":{"type":"Point","coordinates":[-1.6384462,53.8246336]},"properties":{"name":"Fallwood Marina","layer":"marinas","note":"OpenStreetMap","osm_id":"node/6688463285","osm_url":"https://www.openstreetmap.org/node/6688463285","source":"OpenStreetMap"}},{"type":"Feature","geometry":{"type":"Point","coordinates":[-1.3380194,50.8272786]},"properties":{"name":"Ashlett Creek Sailing Club","layer":"marinas","note":"OpenStreetMap","osm_id":"node/675345353","osm_url":"https://www.openstreetmap.org/node/675345353","source":"OpenStreetMap"}},{"type":"Feature","geometry":{"type":"Point","coordinates":[1.5188156,52.7663097]},"properties":{"name":"Richardsons Boating Holidays","layer":"marinas","note":"OpenStreetMap","osm_id":"node/6772539319","osm_url":"https://www.openstreetmap.org/node/6772539319","source":"OpenStreetMap"}},{"type":"Feature","geometry":{"type":"Point","coordinates":[-6.0672395,53.3889367]},"properties":{"name":"Howth Yacht Club","layer":"marinas","note":"Howth Yacht Club","osm_id":"node/6796636982","osm_url":"https://www.openstreetmap.org/node/6796636982","source":"OpenStreetMap","brand":"Howth Yacht Club"}},{"type":"Feature","geometry":{"type":"Point","coordinates":[-6.4581457,52.338228]},"properties":{"name":"Marina","layer":"marinas","note":"OpenStreetMap","osm_id":"node/685988189","osm_url":"https://www.openstreetmap.org/node/685988189","source":"OpenStreetMap"}},{"type":"Feature","geometry":{"type":"Point","coordinates":[-6.3487298,52.2523779]},"properties":{"name":"The Lagoon","layer":"marinas","note":"OpenStreetMap","osm_id":"node/685988205","osm_url":"https://www.openstreetmap.org/node/685988205","source":"OpenStreetMap"}},{"type":"Feature","geometry":{"type":"Point","coordinates":[-1.8306244,52.1606483]},"properties":{"name":"Heart of England Forest","layer":"marinas","note":"OpenStreetMap","osm_id":"node/6900650498","osm_url":"https://www.openstreetmap.org/node/6900650498","source":"OpenStreetMap"}},{"type":"Feature","geometry":{"type":"Point","coordinates":[-1.3842211,50.908114]},"properties":{"name":"Ocean Quay Marina","layer":"marinas","note":"OpenStreetMap","osm_id":"node/700235935","osm_url":"https://www.openstreetmap.org/node/700235935","source":"OpenStreetMap"}},{"type":"Feature","geometry":{"type":"Point","coordinates":[-1.3778693,50.9145617]},"properties":{"name":"Kemps Quay Marina","layer":"marinas","note":"OpenStreetMap","osm_id":"node/700236002","osm_url":"https://www.openstreetmap.org/node/700236002","source":"OpenStreetMap"}},{"type":"Feature","geometry":{"type":"Point","coordinates":[0.6231797,51.5207847]},"properties":{"name":"Smallgains Marina","layer":"marinas","note":"OpenStreetMap","osm_id":"node/700951386","osm_url":"https://www.openstreetmap.org/node/700951386","source":"OpenStreetMap"}},{"type":"Feature","geometry":{"type":"Point","coordinates":[-6.3813143,58.2036816]},"properties":{"name":"Marina","layer":"marinas","note":"OpenStreetMap","osm_id":"node/7019356019","osm_url":"https://www.openstreetmap.org/node/7019356019","source":"OpenStreetMap"}},{"type":"Feature","geometry":{"type":"Point","coordinates":[-4.6762384,55.5454872]},"properties":{"name":"Troon Marina","layer":"marinas","note":"OpenStreetMap","osm_id":"node/704320322","osm_url":"https://www.openstreetmap.org/node/704320322","source":"OpenStreetMap"}},{"type":"Feature","geometry":{"type":"Point","coordinates":[-6.1453061,52.7958584]},"properties":{"name":"Arklow Marina","layer":"marinas","note":"OpenStreetMap","osm_id":"node/706885001","osm_url":"https://www.openstreetmap.org/node/706885001","source":"OpenStreetMap"}},{"type":"Feature","geometry":{"type":"Point","coordinates":[-1.4105467,53.4040712]},"properties":{"name":"Tinsley Marina","layer":"marinas","note":"OpenStreetMap","osm_id":"node/713519968","osm_url":"https://www.openstreetmap.org/node/713519968","source":"OpenStreetMap"}},{"type":"Feature","geometry":{"type":"Point","coordinates":[0.6633098,51.3830332]},"properties":{"name":"Twinney Wharf","layer":"marinas","note":"OpenStreetMap","osm_id":"node/7201411310","osm_url":"https://www.openstreetmap.org/node/7201411310","source":"OpenStreetMap"}},{"type":"Feature","geometry":{"type":"Point","coordinates":[-4.5166679,50.3312829]},"properties":{"name":"Marina","layer":"marinas","note":"OpenStreetMap","osm_id":"node/731839781","osm_url":"https://www.openstreetmap.org/node/731839781","source":"OpenStreetMap"}},{"type":"Feature","geometry":{"type":"Point","coordinates":[-7.7433965,54.4359011]},"properties":{"name":"Innishmacsaint","layer":"marinas","note":"Waterways Ireland","osm_id":"node/7341729133","osm_url":"https://www.openstreetmap.org/node/7341729133","source":"OpenStreetMap","brand":"Waterways Ireland"}},{"type":"Feature","geometry":{"type":"Point","coordinates":[-0.0274358,52.966893]},"properties":{"name":"Marina","layer":"marinas","note":"OpenStreetMap","osm_id":"node/7433031953","osm_url":"https://www.openstreetmap.org/node/7433031953","source":"OpenStreetMap"}},{"type":"Feature","geometry":{"type":"Point","coordinates":[-6.3689343,55.2443437]},"properties":{"name":"Ballintoy Harbour","layer":"marinas","note":"OpenStreetMap","osm_id":"node/758772790","osm_url":"https://www.openstreetmap.org/node/758772790","source":"OpenStreetMap"}},{"type":"Feature","geometry":{"type":"Point","coordinates":[-8.0799554,53.9955406]},"properties":{"name":"Marina","layer":"marinas","note":"OpenStreetMap","osm_id":"node/7693497450","osm_url":"https://www.openstreetmap.org/node/7693497450","source":"OpenStreetMap"}},{"type":"Feature","geometry":{"type":"Point","coordinates":[-7.9628705,53.4509619]},"properties":{"name":"LRYC Marina","layer":"marinas","note":"OpenStreetMap","osm_id":"node/774107005","osm_url":"https://www.openstreetmap.org/node/774107005","source":"OpenStreetMap"}},{"type":"Feature","geometry":{"type":"Point","coordinates":[-1.9874705,50.7082049]},"properties":{"name":"Port of Poole Marina","layer":"marinas","note":"Poole Harbour Commissioners","osm_id":"node/7846074542","osm_url":"https://www.openstreetmap.org/node/7846074542","source":"OpenStreetMap","brand":"Poole Harbour Commissioners"}},{"type":"Feature","geometry":{"type":"Point","coordinates":[-2.5152349,53.2593572]},"properties":{"name":"Marina","layer":"marinas","note":"OpenStreetMap","osm_id":"node/7985843838","osm_url":"https://www.openstreetmap.org/node/7985843838","source":"OpenStreetMap"}},{"type":"Feature","geometry":{"type":"Point","coordinates":[-1.4948243,55.1197192]},"properties":{"name":"Royal Northumberland Yacht Club","layer":"marinas","note":"Royal Northumberland Yacht Club","osm_id":"node/800955120","osm_url":"https://www.openstreetmap.org/node/800955120","source":"OpenStreetMap","brand":"Royal Northumberland Yacht Club"}},{"type":"Feature","geometry":{"type":"Point","coordinates":[-1.4966681,55.1207115]},"properties":{"name":"Blyth","layer":"marinas","note":"Blyth Harbour Commission","osm_id":"node/800955146","osm_url":"https://www.openstreetmap.org/node/800955146","source":"OpenStreetMap","brand":"Blyth Harbour Commission"}},{"type":"Feature","geometry":{"type":"Point","coordinates":[-2.0749262,57.0967499]},"properties":{"name":"Cove Bay Harbour","layer":"marinas","note":"OpenStreetMap","osm_id":"node/8011313048","osm_url":"https://www.openstreetmap.org/node/8011313048","source":"OpenStreetMap"}},{"type":"Feature","geometry":{"type":"Point","coordinates":[-7.4798058,55.0874637]},"properties":{"name":"Marina","layer":"marinas","note":"OpenStreetMap","osm_id":"node/8040758828","osm_url":"https://www.openstreetmap.org/node/8040758828","source":"OpenStreetMap"}},{"type":"Feature","geometry":{"type":"Point","coordinates":[-2.1521867,52.0010183]},"properties":{"name":"Tewkesbury Marina","layer":"marinas","note":"OpenStreetMap","osm_id":"node/8205424547","osm_url":"https://www.openstreetmap.org/node/8205424547","source":"OpenStreetMap"}},{"type":"Feature","geometry":{"type":"Point","coordinates":[-0.0678714,53.5780147]},"properties":{"name":"Humber Cruising Association Ltd","layer":"marinas","note":"Humber Cruising Association.","osm_id":"node/823296393","osm_url":"https://www.openstreetmap.org/node/823296393","source":"OpenStreetMap","brand":"Humber Cruising Association."}},{"type":"Feature","geometry":{"type":"Point","coordinates":[-0.0312004,52.9826851]},"properties":{"name":"Boston Marina","layer":"marinas","note":"OpenStreetMap","osm_id":"node/824934743","osm_url":"https://www.openstreetmap.org/node/824934743","source":"OpenStreetMap"}},{"type":"Feature","geometry":{"type":"Point","coordinates":[-9.494413,52.6344806]},"properties":{"name":"Kilrush Creek Marina","layer":"marinas","note":"OpenStreetMap","osm_id":"node/833770019","osm_url":"https://www.openstreetmap.org/node/833770019","source":"OpenStreetMap"}},{"type":"Feature","geometry":{"type":"Point","coordinates":[-3.213466,51.4024264]},"properties":{"name":"Sully Sailing Club","layer":"marinas","note":"OpenStreetMap","osm_id":"node/8438284811","osm_url":"https://www.openstreetmap.org/node/8438284811","source":"OpenStreetMap"}},{"type":"Feature","geometry":{"type":"Point","coordinates":[-4.6979447,51.6721708]},"properties":{"name":"Tenby Sailing Club","layer":"marinas","note":"OpenStreetMap","osm_id":"node/8438661746","osm_url":"https://www.openstreetmap.org/node/8438661746","source":"OpenStreetMap"}},{"type":"Feature","geometry":{"type":"Point","coordinates":[-9.4887772,52.8096105]},"properties":{"name":"Quilty Seafield Pier","layer":"marinas","note":"OpenStreetMap","osm_id":"node/846256680","osm_url":"https://www.openstreetmap.org/node/846256680","source":"OpenStreetMap"}},{"type":"Feature","geometry":{"type":"Point","coordinates":[-5.9887422,54.9935716]},"properties":{"name":"Marina","layer":"marinas","note":"OpenStreetMap","osm_id":"node/853557280","osm_url":"https://www.openstreetmap.org/node/853557280","source":"OpenStreetMap"}},{"type":"Feature","geometry":{"type":"Point","coordinates":[-2.1130844,49.1762288]},"properties":{"name":"Victoria Harbour","layer":"marinas","note":"OpenStreetMap","osm_id":"node/8633649026","osm_url":"https://www.openstreetmap.org/node/8633649026","source":"OpenStreetMap"}},{"type":"Feature","geometry":{"type":"Point","coordinates":[-2.1130844,49.1762288]},"properties":{"name":"Victoria Harbour","layer":"marinas","note":"OpenStreetMap","osm_id":"node/8638969223","osm_url":"https://www.openstreetmap.org/node/8638969223","source":"OpenStreetMap"}},{"type":"Feature","geometry":{"type":"Point","coordinates":[-5.2807662,51.8682156]},"properties":{"name":"Porth Clais Harbour","layer":"marinas","note":"OpenStreetMap","osm_id":"node/8647544276","osm_url":"https://www.openstreetmap.org/node/8647544276","source":"OpenStreetMap"}},{"type":"Feature","geometry":{"type":"Point","coordinates":[-5.1321468,50.0941226]},"properties":{"name":"Marina","layer":"marinas","note":"OpenStreetMap","osm_id":"node/8707101015","osm_url":"https://www.openstreetmap.org/node/8707101015","source":"OpenStreetMap"}},{"type":"Feature","geometry":{"type":"Point","coordinates":[-6.6760837,55.1443453]},"properties":{"name":"Coleraine Marina","layer":"marinas","note":"Causeway Coast and Glens Borough Council","osm_id":"node/8789344464","osm_url":"https://www.openstreetmap.org/node/8789344464","source":"OpenStreetMap","brand":"Causeway Coast and Glens Borough Council"}},{"type":"Feature","geometry":{"type":"Point","coordinates":[-2.7841686,56.3387341]},"properties":{"name":"Marina","layer":"marinas","note":"OpenStreetMap","osm_id":"node/886208518","osm_url":"https://www.openstreetmap.org/node/886208518","source":"OpenStreetMap"}},{"type":"Feature","geometry":{"type":"Point","coordinates":[-3.7281414,55.9844421]},"properties":{"name":"Marina","layer":"marinas","note":"OpenStreetMap","osm_id":"node/8892706161","osm_url":"https://www.openstreetmap.org/node/8892706161","source":"OpenStreetMap"}},{"type":"Feature","geometry":{"type":"Point","coordinates":[-8.3778635,52.9061107]},"properties":{"name":"Marina","layer":"marinas","note":"OpenStreetMap","osm_id":"node/920903658","osm_url":"https://www.openstreetmap.org/node/920903658","source":"OpenStreetMap"}},{"type":"Feature","geometry":{"type":"Point","coordinates":[0.5357544,51.4137858]},"properties":{"name":"Medway Yacht Club","layer":"marinas","note":"OpenStreetMap","osm_id":"node/937606914","osm_url":"https://www.openstreetmap.org/node/937606914","source":"OpenStreetMap"}},{"type":"Feature","geometry":{"type":"Point","coordinates":[-1.9710801,52.3494393]},"properties":{"name":"Marina","layer":"marinas","note":"OpenStreetMap","osm_id":"node/949650100","osm_url":"https://www.openstreetmap.org/node/949650100","source":"OpenStreetMap"}},{"type":"Feature","geometry":{"type":"Point","coordinates":[-1.969389,52.3472996]},"properties":{"name":"Alvechurch Marina","layer":"marinas","note":"OpenStreetMap","osm_id":"node/949650134","osm_url":"https://www.openstreetmap.org/node/949650134","source":"OpenStreetMap"}},{"type":"Feature","geometry":{"type":"Point","coordinates":[-8.5741745,51.9233951]},"properties":{"name":"Marina","layer":"marinas","note":"OpenStreetMap","osm_id":"node/9568674483","osm_url":"https://www.openstreetmap.org/node/9568674483","source":"OpenStreetMap"}},{"type":"Feature","geometry":{"type":"Point","coordinates":[-5.2235923,55.910195]},"properties":{"name":"Tighnabruaich Pier","layer":"marinas","note":"OpenStreetMap","osm_id":"node/9620352477","osm_url":"https://www.openstreetmap.org/node/9620352477","source":"OpenStreetMap"}},{"type":"Feature","geometry":{"type":"Point","coordinates":[-5.0536196,55.8382971]},"properties":{"name":"Rothesay Marina","layer":"marinas","note":"OpenStreetMap","osm_id":"node/9624391807","osm_url":"https://www.openstreetmap.org/node/9624391807","source":"OpenStreetMap"}},{"type":"Feature","geometry":{"type":"Point","coordinates":[-4.8195953,55.9841213]},"properties":{"name":"Kilcreggan Pier","layer":"marinas","note":"OpenStreetMap","osm_id":"node/9665082589","osm_url":"https://www.openstreetmap.org/node/9665082589","source":"OpenStreetMap"}},{"type":"Feature","geometry":{"type":"Point","coordinates":[-4.9398604,55.9827172]},"properties":{"name":"Ardnadam Pier","layer":"marinas","note":"OpenStreetMap","osm_id":"node/9669874892","osm_url":"https://www.openstreetmap.org/node/9669874892","source":"OpenStreetMap"}},{"type":"Feature","geometry":{"type":"Point","coordinates":[0.0754891,51.5309738]},"properties":{"name":"Marina","layer":"marinas","note":"OpenStreetMap","osm_id":"node/9685104763","osm_url":"https://www.openstreetmap.org/node/9685104763","source":"OpenStreetMap"}},{"type":"Feature","geometry":{"type":"Point","coordinates":[-4.4493582,57.3362267]},"properties":{"name":"Urquhart Bay Harbour","layer":"marinas","note":"OpenStreetMap","osm_id":"node/969410263","osm_url":"https://www.openstreetmap.org/node/969410263","source":"OpenStreetMap"}},{"type":"Feature","geometry":{"type":"Point","coordinates":[-0.4190596,51.8918049]},"properties":{"name":"Wardown Leisure Boating","layer":"marinas","note":"OpenStreetMap","osm_id":"node/9864025589","osm_url":"https://www.openstreetmap.org/node/9864025589","source":"OpenStreetMap"}},{"type":"Feature","geometry":{"type":"Point","coordinates":[-1.3280889,54.8379436]},"properties":{"name":"Seaham Harbour Marina","layer":"marinas","note":"OpenStreetMap","osm_id":"relation/10414302","osm_url":"https://www.openstreetmap.org/relation/10414302","source":"OpenStreetMap"}},{"type":"Feature","geometry":{"type":"Point","coordinates":[-6.3819095,58.204109]},"properties":{"name":"Newton Marina","layer":"marinas","note":"OpenStreetMap","osm_id":"relation/11368935","osm_url":"https://www.openstreetmap.org/relation/11368935","source":"OpenStreetMap"}},{"type":"Feature","geometry":{"type":"Point","coordinates":[0.7536712,51.6428116]},"properties":{"name":"Bridgemarsh Marina","layer":"marinas","note":"OpenStreetMap","osm_id":"relation/12524076","osm_url":"https://www.openstreetmap.org/relation/12524076","source":"OpenStreetMap"}},{"type":"Feature","geometry":{"type":"Point","coordinates":[-1.2794972,51.7634263]},"properties":{"name":"Bossoms Marina","layer":"marinas","note":"OpenStreetMap","osm_id":"relation/15454090","osm_url":"https://www.openstreetmap.org/relation/15454090","source":"OpenStreetMap"}},{"type":"Feature","geometry":{"type":"Point","coordinates":[-2.5247167,53.2764681]},"properties":{"name":"Anderton Marina","layer":"marinas","note":"ABC Leisure Group Ltd","osm_id":"relation/16097687","osm_url":"https://www.openstreetmap.org/relation/16097687","source":"OpenStreetMap","brand":"ABC Leisure Group Ltd"}},{"type":"Feature","geometry":{"type":"Point","coordinates":[1.6499252,52.5768985]},"properties":{"name":"Burgh Castle Marina","layer":"marinas","note":"OpenStreetMap","osm_id":"relation/1633277","osm_url":"https://www.openstreetmap.org/relation/1633277","source":"OpenStreetMap"}},{"type":"Feature","geometry":{"type":"Point","coordinates":[-0.3134946,50.8216083]},"properties":{"name":"Lancing Sailing Club","layer":"marinas","note":"OpenStreetMap","osm_id":"relation/17577317","osm_url":"https://www.openstreetmap.org/relation/17577317","source":"OpenStreetMap"}},{"type":"Feature","geometry":{"type":"Point","coordinates":[-0.1429241,52.3359666]},"properties":{"name":"Hartford Marina","layer":"marinas","note":"Tingdene","osm_id":"relation/17770093","osm_url":"https://www.openstreetmap.org/relation/17770093","source":"OpenStreetMap","brand":"Tingdene"}},{"type":"Feature","geometry":{"type":"Point","coordinates":[0.5690442,51.3932871]},"properties":{"name":"Medway Cruising Club","layer":"marinas","note":"OpenStreetMap","osm_id":"relation/18700023","osm_url":"https://www.openstreetmap.org/relation/18700023","source":"OpenStreetMap"}},{"type":"Feature","geometry":{"type":"Point","coordinates":[-2.5168992,49.4827651]},"properties":{"name":"Saint-Sampson Harbour","layer":"marinas","note":"OpenStreetMap","osm_id":"relation/18764523","osm_url":"https://www.openstreetmap.org/relation/18764523","source":"OpenStreetMap"}},{"type":"Feature","geometry":{"type":"Point","coordinates":[-2.2015201,52.49234]},"properties":{"name":"Ashwood Marina","layer":"marinas","note":"OpenStreetMap","osm_id":"relation/18901939","osm_url":"https://www.openstreetmap.org/relation/18901939","source":"OpenStreetMap"}},{"type":"Feature","geometry":{"type":"Point","coordinates":[0.0240385,51.7712365]},"properties":{"name":"Roydon Mill Marina","layer":"marinas","note":"OpenStreetMap","osm_id":"relation/18995673","osm_url":"https://www.openstreetmap.org/relation/18995673","source":"OpenStreetMap"}},{"type":"Feature","geometry":{"type":"Point","coordinates":[1.418887,52.6223155]},"properties":{"name":"Marina","layer":"marinas","note":"OpenStreetMap","osm_id":"relation/1969633","osm_url":"https://www.openstreetmap.org/relation/1969633","source":"OpenStreetMap"}},{"type":"Feature","geometry":{"type":"Point","coordinates":[-1.9096732,52.4772301]},"properties":{"name":"Gas Street Basin","layer":"marinas","note":"OpenStreetMap","osm_id":"relation/20579571","osm_url":"https://www.openstreetmap.org/relation/20579571","source":"OpenStreetMap"}},{"type":"Feature","geometry":{"type":"Point","coordinates":[-0.4297088,51.3908824]},"properties":{"name":"Shepperton Marina","layer":"marinas","note":"OpenStreetMap","osm_id":"relation/2176125","osm_url":"https://www.openstreetmap.org/relation/2176125","source":"OpenStreetMap"}},{"type":"Feature","geometry":{"type":"Point","coordinates":[-1.2026155,54.6909158]},"properties":{"name":"Hartlepool Marina","layer":"marinas","note":"OpenStreetMap","osm_id":"relation/2238839","osm_url":"https://www.openstreetmap.org/relation/2238839","source":"OpenStreetMap"}},{"type":"Feature","geometry":{"type":"Point","coordinates":[-8.1007235,53.9425182]},"properties":{"name":"Marina","layer":"marinas","note":"OpenStreetMap","osm_id":"relation/2405961","osm_url":"https://www.openstreetmap.org/relation/2405961","source":"OpenStreetMap"}},{"type":"Feature","geometry":{"type":"Point","coordinates":[-8.0079038,53.9108703]},"properties":{"name":"Albert Lock","layer":"marinas","note":"OpenStreetMap","osm_id":"relation/2633198","osm_url":"https://www.openstreetmap.org/relation/2633198","source":"OpenStreetMap"}},{"type":"Feature","geometry":{"type":"Point","coordinates":[-8.0560043,53.8304075]},"properties":{"name":"Grange","layer":"marinas","note":"OpenStreetMap","osm_id":"relation/2644801","osm_url":"https://www.openstreetmap.org/relation/2644801","source":"OpenStreetMap"}},{"type":"Feature","geometry":{"type":"Point","coordinates":[-1.3118424,50.8514921]},"properties":{"name":"Hamble Point Marina","layer":"marinas","note":"OpenStreetMap","osm_id":"relation/3518702","osm_url":"https://www.openstreetmap.org/relation/3518702","source":"OpenStreetMap"}},{"type":"Feature","geometry":{"type":"Point","coordinates":[-1.404091,50.8948726]},"properties":{"name":"Town Quay Marina","layer":"marinas","note":"OpenStreetMap","osm_id":"relation/3520480","osm_url":"https://www.openstreetmap.org/relation/3520480","source":"OpenStreetMap"}},{"type":"Feature","geometry":{"type":"Point","coordinates":[-1.3002019,50.8822033]},"properties":{"name":"Swanwick Marina","layer":"marinas","note":"OpenStreetMap","osm_id":"relation/3520742","osm_url":"https://www.openstreetmap.org/relation/3520742","source":"OpenStreetMap"}},{"type":"Feature","geometry":{"type":"Point","coordinates":[-9.220867,53.4668976]},"properties":{"name":"Shanbally Marina","layer":"marinas","note":"OpenStreetMap","osm_id":"relation/3549120","osm_url":"https://www.openstreetmap.org/relation/3549120","source":"OpenStreetMap"}},{"type":"Feature","geometry":{"type":"Point","coordinates":[-6.5882458,55.0660974]},"properties":{"name":"Marina","layer":"marinas","note":"OpenStreetMap","osm_id":"relation/4276595","osm_url":"https://www.openstreetmap.org/relation/4276595","source":"OpenStreetMap"}},{"type":"Feature","geometry":{"type":"Point","coordinates":[-2.5170495,53.1910555]},"properties":{"name":"Winsford Marina","layer":"marinas","note":"OpenStreetMap","osm_id":"relation/4276655","osm_url":"https://www.openstreetmap.org/relation/4276655","source":"OpenStreetMap"}},{"type":"Feature","geometry":{"type":"Point","coordinates":[-0.2204988,52.2924503]},"properties":{"name":"Marina","layer":"marinas","note":"OpenStreetMap","osm_id":"relation/6437959","osm_url":"https://www.openstreetmap.org/relation/6437959","source":"OpenStreetMap"}},{"type":"Feature","geometry":{"type":"Point","coordinates":[-1.0991888,50.8429515]},"properties":{"name":"Port Solent","layer":"marinas","note":"OpenStreetMap","osm_id":"relation/65337","osm_url":"https://www.openstreetmap.org/relation/65337","source":"OpenStreetMap"}},{"type":"Feature","geometry":{"type":"Point","coordinates":[-4.9486307,55.9836382]},"properties":{"name":"Holy Loch Marina","layer":"marinas","note":"OpenStreetMap","osm_id":"relation/6761903","osm_url":"https://www.openstreetmap.org/relation/6761903","source":"OpenStreetMap"}},{"type":"Feature","geometry":{"type":"Point","coordinates":[1.4928387,52.7478834]},"properties":{"name":"Cox's Boatyard","layer":"marinas","note":"OpenStreetMap","osm_id":"relation/7359566","osm_url":"https://www.openstreetmap.org/relation/7359566","source":"OpenStreetMap"}},{"type":"Feature","geometry":{"type":"Point","coordinates":[-5.6719447,54.6644699]},"properties":{"name":"Bangor Marina","layer":"marinas","note":"OpenStreetMap","osm_id":"relation/8684096","osm_url":"https://www.openstreetmap.org/relation/8684096","source":"OpenStreetMap"}},{"type":"Feature","geometry":{"type":"Point","coordinates":[-2.9898963,51.3526032]},"properties":{"name":"Marine Lake","layer":"marinas","note":"OpenStreetMap","osm_id":"relation/9197522","osm_url":"https://www.openstreetmap.org/relation/9197522","source":"OpenStreetMap"}},{"type":"Feature","geometry":{"type":"Point","coordinates":[-1.4736362,55.0844216]},"properties":{"name":"Seaton Sluice Harbour","layer":"marinas","note":"OpenStreetMap","osm_id":"way/101396501","osm_url":"https://www.openstreetmap.org/way/101396501","source":"OpenStreetMap"}},{"type":"Feature","geometry":{"type":"Point","coordinates":[-0.9773103,52.9849005]},"properties":{"name":"Kingfisher Wharf","layer":"marinas","note":"OpenStreetMap","osm_id":"way/1016882416","osm_url":"https://www.openstreetmap.org/way/1016882416","source":"OpenStreetMap"}},{"type":"Feature","geometry":{"type":"Point","coordinates":[-4.7741454,56.0122755]},"properties":{"name":"Rhu Marina","layer":"marinas","note":"OpenStreetMap","osm_id":"way/102118829","osm_url":"https://www.openstreetmap.org/way/102118829","source":"OpenStreetMap"}},{"type":"Feature","geometry":{"type":"Point","coordinates":[-7.9425356,53.4254103]},"properties":{"name":"Athlone Marina","layer":"marinas","note":"OpenStreetMap","osm_id":"way/1034454008","osm_url":"https://www.openstreetmap.org/way/1034454008","source":"OpenStreetMap"}},{"type":"Feature","geometry":{"type":"Point","coordinates":[-2.7523883,52.9023821]},"properties":{"name":"Marina","layer":"marinas","note":"OpenStreetMap","osm_id":"way/1037910233","osm_url":"https://www.openstreetmap.org/way/1037910233","source":"OpenStreetMap"}},{"type":"Feature","geometry":{"type":"Point","coordinates":[-4.0876496,52.4114664]},"properties":{"name":"Old Harbour","layer":"marinas","note":"OpenStreetMap","osm_id":"way/104262110","osm_url":"https://www.openstreetmap.org/way/104262110","source":"OpenStreetMap"}},{"type":"Feature","geometry":{"type":"Point","coordinates":[-2.7917298,53.9038109]},"properties":{"name":"Bridge House Marina and Caravan Park","layer":"marinas","note":"OpenStreetMap","osm_id":"way/1046961736","osm_url":"https://www.openstreetmap.org/way/1046961736","source":"OpenStreetMap"}},{"type":"Feature","geometry":{"type":"Point","coordinates":[-1.239748,52.3245512]},"properties":{"name":"Dunchurch Pools Marina","layer":"marinas","note":"OpenStreetMap","osm_id":"way/1046964090","osm_url":"https://www.openstreetmap.org/way/1046964090","source":"OpenStreetMap"}},{"type":"Feature","geometry":{"type":"Point","coordinates":[-2.8095773,53.6328767]},"properties":{"name":"Fettler's Wharf Marina","layer":"marinas","note":"OpenStreetMap","osm_id":"way/1046964990","osm_url":"https://www.openstreetmap.org/way/1046964990","source":"OpenStreetMap"}},{"type":"Feature","geometry":{"type":"Point","coordinates":[-2.8118589,53.6335098]},"properties":{"name":"St Mary's Marina","layer":"marinas","note":"OpenStreetMap","osm_id":"way/1046965434","osm_url":"https://www.openstreetmap.org/way/1046965434","source":"OpenStreetMap"}},{"type":"Feature","geometry":{"type":"Point","coordinates":[-0.030964,51.6410197]},"properties":{"name":"South Island Marina","layer":"marinas","note":"South Island Marina","osm_id":"way/1051354168","osm_url":"https://www.openstreetmap.org/way/1051354168","source":"OpenStreetMap","brand":"South Island Marina"}},{"type":"Feature","geometry":{"type":"Point","coordinates":[-1.4012005,50.8743041]},"properties":{"name":"Hythe Marina Village","layer":"marinas","note":"OpenStreetMap","osm_id":"way/10524063","osm_url":"https://www.openstreetmap.org/way/10524063","source":"OpenStreetMap"}},{"type":"Feature","geometry":{"type":"Point","coordinates":[0.614292,51.6315001]},"properties":{"name":"South Woodham Ferrers Yacht Club","layer":"marinas","note":"OpenStreetMap","osm_id":"way/1052427079","osm_url":"https://www.openstreetmap.org/way/1052427079","source":"OpenStreetMap"}},{"type":"Feature","geometry":{"type":"Point","coordinates":[0.5982591,51.6383356]},"properties":{"name":"Eyott Sailing Club","layer":"marinas","note":"OpenStreetMap","osm_id":"way/1052431981","osm_url":"https://www.openstreetmap.org/way/1052431981","source":"OpenStreetMap"}},{"type":"Feature","geometry":{"type":"Point","coordinates":[-0.3141402,52.290883]},"properties":{"name":"Grafham Water Sailing Club","layer":"marinas","note":"OpenStreetMap","osm_id":"way/10531863","osm_url":"https://www.openstreetmap.org/way/10531863","source":"OpenStreetMap"}},{"type":"Feature","geometry":{"type":"Point","coordinates":[-1.3363297,52.8669745]},"properties":{"name":"Shardlow Marina","layer":"marinas","note":"OpenStreetMap","osm_id":"way/105957318","osm_url":"https://www.openstreetmap.org/way/105957318","source":"OpenStreetMap"}},{"type":"Feature","geometry":{"type":"Point","coordinates":[0.574363,51.5397208]},"properties":{"name":"Benfleet Yacht Club","layer":"marinas","note":"OpenStreetMap","osm_id":"way/106242406","osm_url":"https://www.openstreetmap.org/way/106242406","source":"OpenStreetMap"}},{"type":"Feature","geometry":{"type":"Point","coordinates":[-1.3243353,52.401368]},"properties":{"name":"Brinklow Marina","layer":"marinas","note":"OpenStreetMap","osm_id":"way/106370251","osm_url":"https://www.openstreetmap.org/way/106370251","source":"OpenStreetMap"}},{"type":"Feature","geometry":{"type":"Point","coordinates":[1.5776875,52.7097684]},"properties":{"name":"Broads Haven Marina","layer":"marinas","note":"OpenStreetMap","osm_id":"way/106556488","osm_url":"https://www.openstreetmap.org/way/106556488","source":"OpenStreetMap"}},{"type":"Feature","geometry":{"type":"Point","coordinates":[-0.3378337,53.7396296]},"properties":{"name":"Hull Marina","layer":"marinas","note":"BWML","osm_id":"way/10695432","osm_url":"https://www.openstreetmap.org/way/10695432","source":"OpenStreetMap","brand":"BWML"}},{"type":"Feature","geometry":{"type":"Point","coordinates":[-1.8635381,52.1610828]},"properties":{"name":"Marina","layer":"marinas","note":"OpenStreetMap","osm_id":"way/107445479","osm_url":"https://www.openstreetmap.org/way/107445479","source":"OpenStreetMap"}},{"type":"Feature","geometry":{"type":"Point","coordinates":[-3.5920116,56.018378]},"properties":{"name":"Upper Forth Boat Club","layer":"marinas","note":"OpenStreetMap","osm_id":"way/1077626638","osm_url":"https://www.openstreetmap.org/way/1077626638","source":"OpenStreetMap"}},{"type":"Feature","geometry":{"type":"Point","coordinates":[-4.9707632,51.7047637]},"properties":{"name":"Marina","layer":"marinas","note":"OpenStreetMap","osm_id":"way/1080240558","osm_url":"https://www.openstreetmap.org/way/1080240558","source":"OpenStreetMap"}},{"type":"Feature","geometry":{"type":"Point","coordinates":[-5.6063577,54.2615697]},"properties":{"name":"Phennick Cove Marina","layer":"marinas","note":"OpenStreetMap","osm_id":"way/1082536926","osm_url":"https://www.openstreetmap.org/way/1082536926","source":"OpenStreetMap"}},{"type":"Feature","geometry":{"type":"Point","coordinates":[-1.0555655,52.4228559]},"properties":{"name":"Welford Wharf","layer":"marinas","note":"OpenStreetMap","osm_id":"way/1082630734","osm_url":"https://www.openstreetmap.org/way/1082630734","source":"OpenStreetMap"}},{"type":"Feature","geometry":{"type":"Point","coordinates":[-5.6379988,54.2526333]},"properties":{"name":"Killough Harbour","layer":"marinas","note":"OpenStreetMap","osm_id":"way/1082773039","osm_url":"https://www.openstreetmap.org/way/1082773039","source":"OpenStreetMap"}},{"type":"Feature","geometry":{"type":"Point","coordinates":[-0.9794038,52.5180132]},"properties":{"name":"Debdale Wharf","layer":"marinas","note":"OpenStreetMap","osm_id":"way/1083435670","osm_url":"https://www.openstreetmap.org/way/1083435670","source":"OpenStreetMap"}},{"type":"Feature","geometry":{"type":"Point","coordinates":[0.4809492,51.3767363]},"properties":{"name":"Marina","layer":"marinas","note":"OpenStreetMap","osm_id":"way/1087460209","osm_url":"https://www.openstreetmap.org/way/1087460209","source":"OpenStreetMap"}},{"type":"Feature","geometry":{"type":"Point","coordinates":[-1.314116,52.1226793]},"properties":{"name":"Cropredy Waterside and Marina","layer":"marinas","note":"OpenStreetMap","osm_id":"way/1088106586","osm_url":"https://www.openstreetmap.org/way/1088106586","source":"OpenStreetMap"}},{"type":"Feature","geometry":{"type":"Point","coordinates":[-5.5292384,54.6401594]},"properties":{"name":"Donaghadee Marina","layer":"marinas","note":"OpenStreetMap","osm_id":"way/1090469619","osm_url":"https://www.openstreetmap.org/way/1090469619","source":"OpenStreetMap"}},{"type":"Feature","geometry":{"type":"Point","coordinates":[-1.519726,52.8670389]},"properties":{"name":"Stenson Marina","layer":"marinas","note":"OpenStreetMap","osm_id":"way/109092281","osm_url":"https://www.openstreetmap.org/way/109092281","source":"OpenStreetMap"}},{"type":"Feature","geometry":{"type":"Point","coordinates":[-1.3135847,51.4030828]},"properties":{"name":"Marina","layer":"marinas","note":"OpenStreetMap","osm_id":"way/109233065","osm_url":"https://www.openstreetmap.org/way/109233065","source":"OpenStreetMap"}},{"type":"Feature","geometry":{"type":"Point","coordinates":[-0.8109502,52.2433723]},"properties":{"name":"Marina","layer":"marinas","note":"OpenStreetMap","osm_id":"way/109697935","osm_url":"https://www.openstreetmap.org/way/109697935","source":"OpenStreetMap"}},{"type":"Feature","geometry":{"type":"Point","coordinates":[-3.2808966,57.723434]},"properties":{"name":"Lossiemouth Marina","layer":"marinas","note":"Elgin and Lossiemouth Harbour Company","osm_id":"way/1102359884","osm_url":"https://www.openstreetmap.org/way/1102359884","source":"OpenStreetMap","brand":"Elgin and Lossiemouth Harbour Company"}},{"type":"Feature","geometry":{"type":"Point","coordinates":[0.3821028,51.4429885]},"properties":{"name":"Gravesend Canal Basin","layer":"marinas","note":"OpenStreetMap","osm_id":"way/110536063","osm_url":"https://www.openstreetmap.org/way/110536063","source":"OpenStreetMap"}},{"type":"Feature","geometry":{"type":"Point","coordinates":[-0.3027661,52.1780563]},"properties":{"name":"Kelpie Boatyard","layer":"marinas","note":"OpenStreetMap","osm_id":"way/111520992","osm_url":"https://www.openstreetmap.org/way/111520992","source":"OpenStreetMap"}},{"type":"Feature","geometry":{"type":"Point","coordinates":[-3.9218819,57.1167172]},"properties":{"name":"Loch Insh Watersports","layer":"marinas","note":"OpenStreetMap","osm_id":"way/111544461","osm_url":"https://www.openstreetmap.org/way/111544461","source":"OpenStreetMap"}},{"type":"Feature","geometry":{"type":"Point","coordinates":[-0.8231506,53.0714627]},"properties":{"name":"Newark Marina","layer":"marinas","note":"OpenStreetMap","osm_id":"way/111758548","osm_url":"https://www.openstreetmap.org/way/111758548","source":"OpenStreetMap"}},{"type":"Feature","geometry":{"type":"Point","coordinates":[-0.3411196,53.7396779]},"properties":{"name":"Hull Marina","layer":"marinas","note":"OpenStreetMap","osm_id":"way/112152765","osm_url":"https://www.openstreetmap.org/way/112152765","source":"OpenStreetMap"}},{"type":"Feature","geometry":{"type":"Point","coordinates":[-5.7198337,54.7419497]},"properties":{"name":"Marina","layer":"marinas","note":"OpenStreetMap","osm_id":"way/1124515988","osm_url":"https://www.openstreetmap.org/way/1124515988","source":"OpenStreetMap"}},{"type":"Feature","geometry":{"type":"Point","coordinates":[-1.591903,53.8035723]},"properties":{"name":"Marina","layer":"marinas","note":"OpenStreetMap","osm_id":"way/112473403","osm_url":"https://www.openstreetmap.org/way/112473403","source":"OpenStreetMap"}},{"type":"Feature","geometry":{"type":"Point","coordinates":[-0.5274511,51.2942775]},"properties":{"name":"Cartbridge Basin","layer":"marinas","note":"OpenStreetMap","osm_id":"way/1125154279","osm_url":"https://www.openstreetmap.org/way/1125154279","source":"OpenStreetMap"}},{"type":"Feature","geometry":{"type":"Point","coordinates":[-3.3963065,55.9914824]},"properties":{"name":"Marina","layer":"marinas","note":"OpenStreetMap","osm_id":"way/1126436386","osm_url":"https://www.openstreetmap.org/way/1126436386","source":"OpenStreetMap"}},{"type":"Feature","geometry":{"type":"Point","coordinates":[-0.2036713,52.3215693]},"properties":{"name":"Bromholme Lane Marina","layer":"marinas","note":"Willows caravan park and marina","osm_id":"way/112992392","osm_url":"https://www.openstreetmap.org/way/112992392","source":"OpenStreetMap","brand":"Willows caravan park and marina"}},{"type":"Feature","geometry":{"type":"Point","coordinates":[-0.0244917,51.5151685]},"properties":{"name":"Abbot's Wharf","layer":"marinas","note":"OpenStreetMap","osm_id":"way/113796638","osm_url":"https://www.openstreetmap.org/way/113796638","source":"OpenStreetMap"}},{"type":"Feature","geometry":{"type":"Point","coordinates":[-2.5090141,51.7098558]},"properties":{"name":"Lydney Harbour","layer":"marinas","note":"OpenStreetMap","osm_id":"way/114354875","osm_url":"https://www.openstreetmap.org/way/114354875","source":"OpenStreetMap"}},{"type":"Feature","geometry":{"type":"Point","coordinates":[-2.9049949,57.6982266]},"properties":{"name":"Findochty Harbour","layer":"marinas","note":"OpenStreetMap","osm_id":"way/1146029019","osm_url":"https://www.openstreetmap.org/way/1146029019","source":"OpenStreetMap"}},{"type":"Feature","geometry":{"type":"Point","coordinates":[-2.8621891,57.7045224]},"properties":{"name":"Portknockie Harbour","layer":"marinas","note":"OpenStreetMap","osm_id":"way/1146029020","osm_url":"https://www.openstreetmap.org/way/1146029020","source":"OpenStreetMap"}},{"type":"Feature","geometry":{"type":"Point","coordinates":[-2.690764,57.6849832]},"properties":{"name":"Portsoy Old Harbour","layer":"marinas","note":"OpenStreetMap","osm_id":"way/1146029024","osm_url":"https://www.openstreetmap.org/way/1146029024","source":"OpenStreetMap"}},{"type":"Feature","geometry":{"type":"Point","coordinates":[-2.3380843,57.6730672]},"properties":{"name":"Gardenstown Harbour","layer":"marinas","note":"OpenStreetMap","osm_id":"way/1146029025","osm_url":"https://www.openstreetmap.org/way/1146029025","source":"OpenStreetMap"}},{"type":"Feature","geometry":{"type":"Point","coordinates":[-2.0569144,57.6962235]},"properties":{"name":"Sandhaven Harbour","layer":"marinas","note":"Sandhaven & Pitullie Harbour Trust","osm_id":"way/1146029028","osm_url":"https://www.openstreetmap.org/way/1146029028","source":"OpenStreetMap","brand":"Sandhaven & Pitullie Harbour Trust"}},{"type":"Feature","geometry":{"type":"Point","coordinates":[-2.287247,56.8271524]},"properties":{"name":"Gourdon Harbour","layer":"marinas","note":"OpenStreetMap","osm_id":"way/1146042691","osm_url":"https://www.openstreetmap.org/way/1146042691","source":"OpenStreetMap"}},{"type":"Feature","geometry":{"type":"Point","coordinates":[-2.5180915,56.5885246]},"properties":{"name":"Auchmithie Harbour","layer":"marinas","note":"OpenStreetMap","osm_id":"way/1146042692","osm_url":"https://www.openstreetmap.org/way/1146042692","source":"OpenStreetMap"}},{"type":"Feature","geometry":{"type":"Point","coordinates":[-2.8806089,56.4511387]},"properties":{"name":"Tayport Harbour","layer":"marinas","note":"Tayport Harbour Trust","osm_id":"way/1146042693","osm_url":"https://www.openstreetmap.org/way/1146042693","source":"OpenStreetMap","brand":"Tayport Harbour Trust"}},{"type":"Feature","geometry":{"type":"Point","coordinates":[-1.7775614,57.4743823]},"properties":{"name":"Boddam Harbour","layer":"marinas","note":"OpenStreetMap","osm_id":"way/1146117002","osm_url":"https://www.openstreetmap.org/way/1146117002","source":"OpenStreetMap"}},{"type":"Feature","geometry":{"type":"Point","coordinates":[-3.4368909,57.7109092]},"properties":{"name":"Marina","layer":"marinas","note":"OpenStreetMap","osm_id":"way/1146117004","osm_url":"https://www.openstreetmap.org/way/1146117004","source":"OpenStreetMap"}},{"type":"Feature","geometry":{"type":"Point","coordinates":[-3.8617353,57.5916903]},"properties":{"name":"Nairn Harbour","layer":"marinas","note":"The Highland Council","osm_id":"way/1146117005","osm_url":"https://www.openstreetmap.org/way/1146117005","source":"OpenStreetMap","brand":"The Highland Council"}},{"type":"Feature","geometry":{"type":"Point","coordinates":[-3.8291507,57.8380006]},"properties":{"name":"Portmahomack Harbour","layer":"marinas","note":"Portmahomack Harbour Users Group","osm_id":"way/1146117008","osm_url":"https://www.openstreetmap.org/way/1146117008","source":"OpenStreetMap","brand":"Portmahomack Harbour Users Group"}},{"type":"Feature","geometry":{"type":"Point","coordinates":[-3.648533,58.1145185]},"properties":{"name":"Helmsdale Harbour","layer":"marinas","note":"The Highland Council","osm_id":"way/1146117009","osm_url":"https://www.openstreetmap.org/way/1146117009","source":"OpenStreetMap","brand":"The Highland Council"}},{"type":"Feature","geometry":{"type":"Point","coordinates":[-5.6829972,57.7110556]},"properties":{"name":"Gairloch Harbour","layer":"marinas","note":"The Highland Council","osm_id":"way/1146117010","osm_url":"https://www.openstreetmap.org/way/1146117010","source":"OpenStreetMap","brand":"The Highland Council"}},{"type":"Feature","geometry":{"type":"Point","coordinates":[-6.1901141,57.4113636]},"properties":{"name":"Portree Harbour","layer":"marinas","note":"OpenStreetMap","osm_id":"way/1146117012","osm_url":"https://www.openstreetmap.org/way/1146117012","source":"OpenStreetMap"}},{"type":"Feature","geometry":{"type":"Point","coordinates":[-7.4927127,56.9541059]},"properties":{"name":"Castlebay Marina","layer":"marinas","note":"OpenStreetMap","osm_id":"way/1147906442","osm_url":"https://www.openstreetmap.org/way/1147906442","source":"OpenStreetMap"}},{"type":"Feature","geometry":{"type":"Point","coordinates":[-7.9616886,53.4505141]},"properties":{"name":"Lough Ree Yacht Club","layer":"marinas","note":"OpenStreetMap","osm_id":"way/1154135880","osm_url":"https://www.openstreetmap.org/way/1154135880","source":"OpenStreetMap"}},{"type":"Feature","geometry":{"type":"Point","coordinates":[-3.4095674,55.9940488]},"properties":{"name":"Port Edgar","layer":"marinas","note":"OpenStreetMap","osm_id":"way/1157923237","osm_url":"https://www.openstreetmap.org/way/1157923237","source":"OpenStreetMap"}},{"type":"Feature","geometry":{"type":"Point","coordinates":[-2.6760455,53.5604522]},"properties":{"name":"Crooke Marina","layer":"marinas","note":"OpenStreetMap","osm_id":"way/1160786645","osm_url":"https://www.openstreetmap.org/way/1160786645","source":"OpenStreetMap"}},{"type":"Feature","geometry":{"type":"Point","coordinates":[-2.006738,52.809421]},"properties":{"name":"Great Haywood Marina","layer":"marinas","note":"OpenStreetMap","osm_id":"way/1162738330","osm_url":"https://www.openstreetmap.org/way/1162738330","source":"OpenStreetMap"}},{"type":"Feature","geometry":{"type":"Point","coordinates":[-2.1113412,53.0729217]},"properties":{"name":"Stoke-on-Trent Boat Club","layer":"marinas","note":"OpenStreetMap","osm_id":"way/1165319371","osm_url":"https://www.openstreetmap.org/way/1165319371","source":"OpenStreetMap"}},{"type":"Feature","geometry":{"type":"Point","coordinates":[-2.5985559,53.2840001]},"properties":{"name":"Black Prince Bartington Wharf Acton Bridge","layer":"marinas","note":"OpenStreetMap","osm_id":"way/1165461475","osm_url":"https://www.openstreetmap.org/way/1165461475","source":"OpenStreetMap"}},{"type":"Feature","geometry":{"type":"Point","coordinates":[-3.6655172,55.9669697]},"properties":{"name":"Marina","layer":"marinas","note":"OpenStreetMap","osm_id":"way/116617018","osm_url":"https://www.openstreetmap.org/way/116617018","source":"OpenStreetMap"}},{"type":"Feature","geometry":{"type":"Point","coordinates":[-1.2099353,52.9122627]},"properties":{"name":"Beeston Marina","layer":"marinas","note":"OpenStreetMap","osm_id":"way/116800264","osm_url":"https://www.openstreetmap.org/way/116800264","source":"OpenStreetMap"}},{"type":"Feature","geometry":{"type":"Point","coordinates":[-1.2784577,52.8842604]},"properties":{"name":"Sheet Stores Basin","layer":"marinas","note":"OpenStreetMap","osm_id":"way/116803503","osm_url":"https://www.openstreetmap.org/way/116803503","source":"OpenStreetMap"}},{"type":"Feature","geometry":{"type":"Point","coordinates":[-1.2572468,52.8788094]},"properties":{"name":"Nottingham Yacht Club","layer":"marinas","note":"OpenStreetMap","osm_id":"way/116803995","osm_url":"https://www.openstreetmap.org/way/116803995","source":"OpenStreetMap"}},{"type":"Feature","geometry":{"type":"Point","coordinates":[-1.2692075,52.8748524]},"properties":{"name":"Trent Valley Sailing Club","layer":"marinas","note":"OpenStreetMap","osm_id":"way/116803996","osm_url":"https://www.openstreetmap.org/way/116803996","source":"OpenStreetMap"}},{"type":"Feature","geometry":{"type":"Point","coordinates":[-1.2958627,52.8729491]},"properties":{"name":"Derby Motor Boat Club","layer":"marinas","note":"OpenStreetMap","osm_id":"way/116805655","osm_url":"https://www.openstreetmap.org/way/116805655","source":"OpenStreetMap"}},{"type":"Feature","geometry":{"type":"Point","coordinates":[-1.6547019,52.8062492]},"properties":{"name":"Shobnall Basin","layer":"marinas","note":"OpenStreetMap","osm_id":"way/116829289","osm_url":"https://www.openstreetmap.org/way/116829289","source":"OpenStreetMap"}},{"type":"Feature","geometry":{"type":"Point","coordinates":[-1.6407999,52.8185526]},"properties":{"name":"Horninglow Basin","layer":"marinas","note":"OpenStreetMap","osm_id":"way/116830591","osm_url":"https://www.openstreetmap.org/way/116830591","source":"OpenStreetMap"}},{"type":"Feature","geometry":{"type":"Point","coordinates":[-1.4226515,52.5704799]},"properties":{"name":"Stoke Golding Wharf","layer":"marinas","note":"OpenStreetMap","osm_id":"way/116838216","osm_url":"https://www.openstreetmap.org/way/116838216","source":"OpenStreetMap"}},{"type":"Feature","geometry":{"type":"Point","coordinates":[-1.1242686,52.7281926]},"properties":{"name":"Sileby Mill Mooring Basin","layer":"marinas","note":"OpenStreetMap","osm_id":"way/116931833","osm_url":"https://www.openstreetmap.org/way/116931833","source":"OpenStreetMap"}},{"type":"Feature","geometry":{"type":"Point","coordinates":[-1.2701227,52.8648835]},"properties":{"name":"Redhill Marina","layer":"marinas","note":"OpenStreetMap","osm_id":"way/117058585","osm_url":"https://www.openstreetmap.org/way/117058585","source":"OpenStreetMap"}},{"type":"Feature","geometry":{"type":"Point","coordinates":[-4.4089935,55.8814052]},"properties":{"name":"Inchinnan Cruising Club","layer":"marinas","note":"OpenStreetMap","osm_id":"way/117203948","osm_url":"https://www.openstreetmap.org/way/117203948","source":"OpenStreetMap"}},{"type":"Feature","geometry":{"type":"Point","coordinates":[-0.0779728,51.5376196]},"properties":{"name":"Canals in Hackney User Group","layer":"marinas","note":"OpenStreetMap","osm_id":"way/1173253464","osm_url":"https://www.openstreetmap.org/way/1173253464","source":"OpenStreetMap"}},{"type":"Feature","geometry":{"type":"Point","coordinates":[-3.7972368,51.5865379]},"properties":{"name":"Marina","layer":"marinas","note":"OpenStreetMap","osm_id":"way/1176681903","osm_url":"https://www.openstreetmap.org/way/1176681903","source":"OpenStreetMap"}},{"type":"Feature","geometry":{"type":"Point","coordinates":[-3.7978761,51.5870261]},"properties":{"name":"Marina","layer":"marinas","note":"OpenStreetMap","osm_id":"way/1176700922","osm_url":"https://www.openstreetmap.org/way/1176700922","source":"OpenStreetMap"}},{"type":"Feature","geometry":{"type":"Point","coordinates":[-3.7977172,51.5877397]},"properties":{"name":"Marina","layer":"marinas","note":"OpenStreetMap","osm_id":"way/1176700924","osm_url":"https://www.openstreetmap.org/way/1176700924","source":"OpenStreetMap"}},{"type":"Feature","geometry":{"type":"Point","coordinates":[-3.7902034,51.5863099]},"properties":{"name":"Port Talbot Sea Cadets","layer":"marinas","note":"OpenStreetMap","osm_id":"way/1176700939","osm_url":"https://www.openstreetmap.org/way/1176700939","source":"OpenStreetMap"}},{"type":"Feature","geometry":{"type":"Point","coordinates":[0.5410413,51.4024983]},"properties":{"name":"Chatham Maritime Marina","layer":"marinas","note":"OpenStreetMap","osm_id":"way/117675675","osm_url":"https://www.openstreetmap.org/way/117675675","source":"OpenStreetMap"}},{"type":"Feature","geometry":{"type":"Point","coordinates":[-1.9503708,50.7052549]},"properties":{"name":"Salterns Marina","layer":"marinas","note":"OpenStreetMap","osm_id":"way/117681387","osm_url":"https://www.openstreetmap.org/way/117681387","source":"OpenStreetMap"}},{"type":"Feature","geometry":{"type":"Point","coordinates":[-2.0053971,50.722522]},"properties":{"name":"Cobbs Quay Marina","layer":"marinas","note":"OpenStreetMap","osm_id":"way/117683833","osm_url":"https://www.openstreetmap.org/way/117683833","source":"OpenStreetMap"}},{"type":"Feature","geometry":{"type":"Point","coordinates":[-2.0051406,50.7214702]},"properties":{"name":"Davis's Boatyard","layer":"marinas","note":"OpenStreetMap","osm_id":"way/117683834","osm_url":"https://www.openstreetmap.org/way/117683834","source":"OpenStreetMap"}},{"type":"Feature","geometry":{"type":"Point","coordinates":[0.1824665,52.2408863]},"properties":{"name":"Marina","layer":"marinas","note":"OpenStreetMap","osm_id":"way/117738574","osm_url":"https://www.openstreetmap.org/way/117738574","source":"OpenStreetMap"}},{"type":"Feature","geometry":{"type":"Point","coordinates":[-7.9191746,53.8311858]},"properties":{"name":"Marina","layer":"marinas","note":"OpenStreetMap","osm_id":"way/1177558880","osm_url":"https://www.openstreetmap.org/way/1177558880","source":"OpenStreetMap"}},{"type":"Feature","geometry":{"type":"Point","coordinates":[-2.403018,53.1529145]},"properties":{"name":"Marina","layer":"marinas","note":"OpenStreetMap","osm_id":"way/1179940200","osm_url":"https://www.openstreetmap.org/way/1179940200","source":"OpenStreetMap"}},{"type":"Feature","geometry":{"type":"Point","coordinates":[-2.9295717,53.5990692]},"properties":{"name":"Scarisbrick Marina","layer":"marinas","note":"OpenStreetMap","osm_id":"way/1180366355","osm_url":"https://www.openstreetmap.org/way/1180366355","source":"OpenStreetMap"}},{"type":"Feature","geometry":{"type":"Point","coordinates":[-7.9231852,53.4661283]},"properties":{"name":"Quigleys Marina","layer":"marinas","note":"OpenStreetMap","osm_id":"way/1182088448","osm_url":"https://www.openstreetmap.org/way/1182088448","source":"OpenStreetMap"}},{"type":"Feature","geometry":{"type":"Point","coordinates":[-7.8873495,53.4607714]},"properties":{"name":"Marina","layer":"marinas","note":"OpenStreetMap","osm_id":"way/1182129046","osm_url":"https://www.openstreetmap.org/way/1182129046","source":"OpenStreetMap"}},{"type":"Feature","geometry":{"type":"Point","coordinates":[-7.8879288,53.4576445]},"properties":{"name":"Marina","layer":"marinas","note":"OpenStreetMap","osm_id":"way/1182129047","osm_url":"https://www.openstreetmap.org/way/1182129047","source":"OpenStreetMap"}},{"type":"Feature","geometry":{"type":"Point","coordinates":[-2.3089055,52.8022056]},"properties":{"name":"Norbury Dry Dock","layer":"marinas","note":"OpenStreetMap","osm_id":"way/1184951411","osm_url":"https://www.openstreetmap.org/way/1184951411","source":"OpenStreetMap"}},{"type":"Feature","geometry":{"type":"Point","coordinates":[-2.2474125,52.7501795]},"properties":{"name":"High Onn Wharf","layer":"marinas","note":"OpenStreetMap","osm_id":"way/1185216858","osm_url":"https://www.openstreetmap.org/way/1185216858","source":"OpenStreetMap"}},{"type":"Feature","geometry":{"type":"Point","coordinates":[-1.0619501,52.225437]},"properties":{"name":"Stowe Hill Marine","layer":"marinas","note":"OpenStreetMap","osm_id":"way/1186676010","osm_url":"https://www.openstreetmap.org/way/1186676010","source":"OpenStreetMap"}},{"type":"Feature","geometry":{"type":"Point","coordinates":[-1.0516004,52.2268335]},"properties":{"name":"Willows Marina","layer":"marinas","note":"OpenStreetMap","osm_id":"way/1186676026","osm_url":"https://www.openstreetmap.org/way/1186676026","source":"OpenStreetMap"}},{"type":"Feature","geometry":{"type":"Point","coordinates":[-0.9495559,52.1874958]},"properties":{"name":"Blisworth Marina","layer":"marinas","note":"OpenStreetMap","osm_id":"way/1187191057","osm_url":"https://www.openstreetmap.org/way/1187191057","source":"OpenStreetMap"}},{"type":"Feature","geometry":{"type":"Point","coordinates":[-1.0250725,52.2116922]},"properties":{"name":"Heyford Fields Marina","layer":"marinas","note":"OpenStreetMap","osm_id":"way/1187191366","osm_url":"https://www.openstreetmap.org/way/1187191366","source":"OpenStreetMap"}},{"type":"Feature","geometry":{"type":"Point","coordinates":[-1.0190923,52.2054931]},"properties":{"name":"Bugbrooke Marina","layer":"marinas","note":"OpenStreetMap","osm_id":"way/1187191369","osm_url":"https://www.openstreetmap.org/way/1187191369","source":"OpenStreetMap"}},{"type":"Feature","geometry":{"type":"Point","coordinates":[1.3448608,52.6246117]},"properties":{"name":"Marina","layer":"marinas","note":"OpenStreetMap","osm_id":"way/118728579","osm_url":"https://www.openstreetmap.org/way/118728579","source":"OpenStreetMap"}},{"type":"Feature","geometry":{"type":"Point","coordinates":[1.3476058,52.6240872]},"properties":{"name":"Marina","layer":"marinas","note":"OpenStreetMap","osm_id":"way/118728585","osm_url":"https://www.openstreetmap.org/way/118728585","source":"OpenStreetMap"}},{"type":"Feature","geometry":{"type":"Point","coordinates":[1.3702346,52.6246263]},"properties":{"name":"Marina","layer":"marinas","note":"OpenStreetMap","osm_id":"way/118728867","osm_url":"https://www.openstreetmap.org/way/118728867","source":"OpenStreetMap"}},{"type":"Feature","geometry":{"type":"Point","coordinates":[1.3671648,52.6249215]},"properties":{"name":"Marina","layer":"marinas","note":"OpenStreetMap","osm_id":"way/118728868","osm_url":"https://www.openstreetmap.org/way/118728868","source":"OpenStreetMap"}},{"type":"Feature","geometry":{"type":"Point","coordinates":[-0.9459309,52.1919044]},"properties":{"name":"Gayton Marina","layer":"marinas","note":"ABC Leisure","osm_id":"way/1187583407","osm_url":"https://www.openstreetmap.org/way/1187583407","source":"OpenStreetMap","brand":"ABC Leisure"}},{"type":"Feature","geometry":{"type":"Point","coordinates":[-0.8546606,52.0847437]},"properties":{"name":"Thrupp Wharf Marina","layer":"marinas","note":"OpenStreetMap","osm_id":"way/1188155039","osm_url":"https://www.openstreetmap.org/way/1188155039","source":"OpenStreetMap"}},{"type":"Feature","geometry":{"type":"Point","coordinates":[-1.2750727,52.8751852]},"properties":{"name":"Scout Activity Centre Trent Lock","layer":"marinas","note":"OpenStreetMap","osm_id":"way/118874697","osm_url":"https://www.openstreetmap.org/way/118874697","source":"OpenStreetMap"}},{"type":"Feature","geometry":{"type":"Point","coordinates":[-1.2730162,52.8762406]},"properties":{"name":"Trent Lock Dry Dock","layer":"marinas","note":"Kingfisher Narrowboats Ltd","osm_id":"way/118874698","osm_url":"https://www.openstreetmap.org/way/118874698","source":"OpenStreetMap","brand":"Kingfisher Narrowboats Ltd"}},{"type":"Feature","geometry":{"type":"Point","coordinates":[-1.2807814,52.8894974]},"properties":{"name":"15th Long Eaton Sea Scout & Guide Group","layer":"marinas","note":"OpenStreetMap","osm_id":"way/118875431","osm_url":"https://www.openstreetmap.org/way/118875431","source":"OpenStreetMap"}},{"type":"Feature","geometry":{"type":"Point","coordinates":[-1.1096455,52.6752542]},"properties":{"name":"Raynsway Marina","layer":"marinas","note":"OpenStreetMap","osm_id":"way/118899844","osm_url":"https://www.openstreetmap.org/way/118899844","source":"OpenStreetMap"}},{"type":"Feature","geometry":{"type":"Point","coordinates":[-2.4414961,53.1914006]},"properties":{"name":"Andersen Boats","layer":"marinas","note":"OpenStreetMap","osm_id":"way/1189577808","osm_url":"https://www.openstreetmap.org/way/1189577808","source":"OpenStreetMap"}},{"type":"Feature","geometry":{"type":"Point","coordinates":[-2.4765439,53.2450478]},"properties":{"name":"Orchard Marina","layer":"marinas","note":"OpenStreetMap","osm_id":"way/1189943321","osm_url":"https://www.openstreetmap.org/way/1189943321","source":"OpenStreetMap"}},{"type":"Feature","geometry":{"type":"Point","coordinates":[-2.4788455,53.2407642]},"properties":{"name":"Park Farm Marina","layer":"marinas","note":"OpenStreetMap","osm_id":"way/1189943327","osm_url":"https://www.openstreetmap.org/way/1189943327","source":"OpenStreetMap"}},{"type":"Feature","geometry":{"type":"Point","coordinates":[-1.9349014,52.0963423]},"properties":{"name":"Evesham Marina","layer":"marinas","note":"OpenStreetMap","osm_id":"way/119179235","osm_url":"https://www.openstreetmap.org/way/119179235","source":"OpenStreetMap"}},{"type":"Feature","geometry":{"type":"Point","coordinates":[-2.6161669,51.4486877]},"properties":{"name":"Poole's Wharf Marina","layer":"marinas","note":"OpenStreetMap","osm_id":"way/1199363109","osm_url":"https://www.openstreetmap.org/way/1199363109","source":"OpenStreetMap"}},{"type":"Feature","geometry":{"type":"Point","coordinates":[-2.1162336,52.2642694]},"properties":{"name":"Hanbury Wharf","layer":"marinas","note":"OpenStreetMap","osm_id":"way/120055040","osm_url":"https://www.openstreetmap.org/way/120055040","source":"OpenStreetMap"}},{"type":"Feature","geometry":{"type":"Point","coordinates":[-1.1007988,52.7029632]},"properties":{"name":"Junction Boatyard","layer":"marinas","note":"OpenStreetMap","osm_id":"way/120116588","osm_url":"https://www.openstreetmap.org/way/120116588","source":"OpenStreetMap"}},{"type":"Feature","geometry":{"type":"Point","coordinates":[-1.9158286,52.6519691]},"properties":{"name":"Marina","layer":"marinas","note":"OpenStreetMap","osm_id":"way/120223325","osm_url":"https://www.openstreetmap.org/way/120223325","source":"OpenStreetMap"}},{"type":"Feature","geometry":{"type":"Point","coordinates":[0.3240804,50.7927298]},"properties":{"name":"Sovereign Harbour West","layer":"marinas","note":"OpenStreetMap","osm_id":"way/1204585709","osm_url":"https://www.openstreetmap.org/way/1204585709","source":"OpenStreetMap"}},{"type":"Feature","geometry":{"type":"Point","coordinates":[0.3243278,50.7902994]},"properties":{"name":"Sovereign Harbour South","layer":"marinas","note":"OpenStreetMap","osm_id":"way/1204585710","osm_url":"https://www.openstreetmap.org/way/1204585710","source":"OpenStreetMap"}},{"type":"Feature","geometry":{"type":"Point","coordinates":[0.3300908,50.7965827]},"properties":{"name":"Sovereign Harbour North","layer":"marinas","note":"OpenStreetMap","osm_id":"way/1204585711","osm_url":"https://www.openstreetmap.org/way/1204585711","source":"OpenStreetMap"}},{"type":"Feature","geometry":{"type":"Point","coordinates":[0.32659,50.7924137]},"properties":{"name":"Sovereign Inner Harbour","layer":"marinas","note":"OpenStreetMap","osm_id":"way/1204585712","osm_url":"https://www.openstreetmap.org/way/1204585712","source":"OpenStreetMap"}},{"type":"Feature","geometry":{"type":"Point","coordinates":[-1.4223644,50.8012869]},"properties":{"name":"Bucklers Hard Marina","layer":"marinas","note":"OpenStreetMap","osm_id":"way/120511897","osm_url":"https://www.openstreetmap.org/way/120511897","source":"OpenStreetMap"}},{"type":"Feature","geometry":{"type":"Point","coordinates":[-4.6985242,54.2225045]},"properties":{"name":"Peel Marina","layer":"marinas","note":"OpenStreetMap","osm_id":"way/1208760998","osm_url":"https://www.openstreetmap.org/way/1208760998","source":"OpenStreetMap"}},{"type":"Feature","geometry":{"type":"Point","coordinates":[-7.9456577,53.4260781]},"properties":{"name":"Athlone Boat Club","layer":"marinas","note":"OpenStreetMap","osm_id":"way/1208825604","osm_url":"https://www.openstreetmap.org/way/1208825604","source":"OpenStreetMap"}},{"type":"Feature","geometry":{"type":"Point","coordinates":[-0.2200723,52.2902896]},"properties":{"name":"Millside Marina","layer":"marinas","note":"Starglade Park Homes","osm_id":"way/1209494718","osm_url":"https://www.openstreetmap.org/way/1209494718","source":"OpenStreetMap","brand":"Starglade Park Homes"}},{"type":"Feature","geometry":{"type":"Point","coordinates":[-1.9603965,50.7109434]},"properties":{"name":"Parkstone Yacht Haven","layer":"marinas","note":"OpenStreetMap","osm_id":"way/121461645","osm_url":"https://www.openstreetmap.org/way/121461645","source":"OpenStreetMap"}},{"type":"Feature","geometry":{"type":"Point","coordinates":[-2.8892564,52.9028695]},"properties":{"name":"Blackwater Meadow Marina","layer":"marinas","note":"OpenStreetMap","osm_id":"way/1218084438","osm_url":"https://www.openstreetmap.org/way/1218084438","source":"OpenStreetMap"}},{"type":"Feature","geometry":{"type":"Point","coordinates":[0.5372401,51.4134147]},"properties":{"name":"Marina","layer":"marinas","note":"OpenStreetMap","osm_id":"way/1222562163","osm_url":"https://www.openstreetmap.org/way/1222562163","source":"OpenStreetMap"}},{"type":"Feature","geometry":{"type":"Point","coordinates":[-6.2960023,54.6532059]},"properties":{"name":"Marina","layer":"marinas","note":"OpenStreetMap","osm_id":"way/1227025159","osm_url":"https://www.openstreetmap.org/way/1227025159","source":"OpenStreetMap"}},{"type":"Feature","geometry":{"type":"Point","coordinates":[1.4216572,51.3300589]},"properties":{"name":"Marina","layer":"marinas","note":"OpenStreetMap","osm_id":"way/1227598120","osm_url":"https://www.openstreetmap.org/way/1227598120","source":"OpenStreetMap"}},{"type":"Feature","geometry":{"type":"Point","coordinates":[-1.7023607,52.6104847]},"properties":{"name":"Fazeley Mill Marina","layer":"marinas","note":"OpenStreetMap","osm_id":"way/123189356","osm_url":"https://www.openstreetmap.org/way/123189356","source":"OpenStreetMap"}},{"type":"Feature","geometry":{"type":"Point","coordinates":[-1.703801,52.6163346]},"properties":{"name":"Marina","layer":"marinas","note":"OpenStreetMap","osm_id":"way/123191247","osm_url":"https://www.openstreetmap.org/way/123191247","source":"OpenStreetMap"}},{"type":"Feature","geometry":{"type":"Point","coordinates":[-1.7273258,52.6104775]},"properties":{"name":"Marina","layer":"marinas","note":"OpenStreetMap","osm_id":"way/123191256","osm_url":"https://www.openstreetmap.org/way/123191256","source":"OpenStreetMap"}},{"type":"Feature","geometry":{"type":"Point","coordinates":[-1.1674929,52.7595159]},"properties":{"name":"Pillings Lock Marina","layer":"marinas","note":"OpenStreetMap","osm_id":"way/123869350","osm_url":"https://www.openstreetmap.org/way/123869350","source":"OpenStreetMap"}},{"type":"Feature","geometry":{"type":"Point","coordinates":[-3.7012869,51.4750674]},"properties":{"name":"Marina","layer":"marinas","note":"OpenStreetMap","osm_id":"way/124271110","osm_url":"https://www.openstreetmap.org/way/124271110","source":"OpenStreetMap"}},{"type":"Feature","geometry":{"type":"Point","coordinates":[-3.8274402,53.2912166]},"properties":{"name":"Deganwy Marina","layer":"marinas","note":"OpenStreetMap","osm_id":"way/124873310","osm_url":"https://www.openstreetmap.org/way/124873310","source":"OpenStreetMap"}},{"type":"Feature","geometry":{"type":"Point","coordinates":[0.2271668,52.28]},"properties":{"name":"Marina","layer":"marinas","note":"OpenStreetMap","osm_id":"way/125065724","osm_url":"https://www.openstreetmap.org/way/125065724","source":"OpenStreetMap"}},{"type":"Feature","geometry":{"type":"Point","coordinates":[0.2255764,52.2787103]},"properties":{"name":"WT Shrubbs & Son","layer":"marinas","note":"OpenStreetMap","osm_id":"way/125065784","osm_url":"https://www.openstreetmap.org/way/125065784","source":"OpenStreetMap"}},{"type":"Feature","geometry":{"type":"Point","coordinates":[-4.1306242,50.3650361]},"properties":{"name":"Queen Anne's Battery","layer":"marinas","note":"OpenStreetMap","osm_id":"way/125475910","osm_url":"https://www.openstreetmap.org/way/125475910","source":"OpenStreetMap"}},{"type":"Feature","geometry":{"type":"Point","coordinates":[0.2438456,52.2977324]},"properties":{"name":"Tip Tree Marina","layer":"marinas","note":"OpenStreetMap","osm_id":"way/125623938","osm_url":"https://www.openstreetmap.org/way/125623938","source":"OpenStreetMap"}},{"type":"Feature","geometry":{"type":"Point","coordinates":[1.6703108,52.4823198]},"properties":{"name":"Marina","layer":"marinas","note":"OpenStreetMap","osm_id":"way/125800702","osm_url":"https://www.openstreetmap.org/way/125800702","source":"OpenStreetMap"}},{"type":"Feature","geometry":{"type":"Point","coordinates":[1.6710697,52.4829272]},"properties":{"name":"Marina","layer":"marinas","note":"OpenStreetMap","osm_id":"way/125800704","osm_url":"https://www.openstreetmap.org/way/125800704","source":"OpenStreetMap"}},{"type":"Feature","geometry":{"type":"Point","coordinates":[-2.0905261,53.713144]},"properties":{"name":"Baltimore Marina","layer":"marinas","note":"OpenStreetMap","osm_id":"way/1258815319","osm_url":"https://www.openstreetmap.org/way/1258815319","source":"OpenStreetMap"}},{"type":"Feature","geometry":{"type":"Point","coordinates":[-2.4411885,51.410129]},"properties":{"name":"Marina","layer":"marinas","note":"OpenStreetMap","osm_id":"way/125905472","osm_url":"https://www.openstreetmap.org/way/125905472","source":"OpenStreetMap"}},{"type":"Feature","geometry":{"type":"Point","coordinates":[-5.0655674,50.1540033]},"properties":{"name":"Falmouth Visiting Yacht Haven","layer":"marinas","note":"OpenStreetMap","osm_id":"way/125937945","osm_url":"https://www.openstreetmap.org/way/125937945","source":"OpenStreetMap"}},{"type":"Feature","geometry":{"type":"Point","coordinates":[-5.0606777,50.1509155]},"properties":{"name":"Marina","layer":"marinas","note":"OpenStreetMap","osm_id":"way/125941733","osm_url":"https://www.openstreetmap.org/way/125941733","source":"OpenStreetMap"}},{"type":"Feature","geometry":{"type":"Point","coordinates":[-5.0841019,50.1637395]},"properties":{"name":"Falmouth Marina","layer":"marinas","note":"OpenStreetMap","osm_id":"way/125962012","osm_url":"https://www.openstreetmap.org/way/125962012","source":"OpenStreetMap"}},{"type":"Feature","geometry":{"type":"Point","coordinates":[-3.5719432,50.3503893]},"properties":{"name":"Dart Haven Marina","layer":"marinas","note":"OpenStreetMap","osm_id":"way/125983548","osm_url":"https://www.openstreetmap.org/way/125983548","source":"OpenStreetMap"}},{"type":"Feature","geometry":{"type":"Point","coordinates":[-2.0766941,52.5231376]},"properties":{"name":"Lord Ward's Arm","layer":"marinas","note":"OpenStreetMap","osm_id":"way/1260660331","osm_url":"https://www.openstreetmap.org/way/1260660331","source":"OpenStreetMap"}},{"type":"Feature","geometry":{"type":"Point","coordinates":[-2.4895642,51.4188957]},"properties":{"name":"Port Avon Marina","layer":"marinas","note":"OpenStreetMap","osm_id":"way/126069602","osm_url":"https://www.openstreetmap.org/way/126069602","source":"OpenStreetMap"}},{"type":"Feature","geometry":{"type":"Point","coordinates":[-2.2369243,51.3353852]},"properties":{"name":"Bradford-on-Avon Marina","layer":"marinas","note":"OpenStreetMap","osm_id":"way/1262337471","osm_url":"https://www.openstreetmap.org/way/1262337471","source":"OpenStreetMap"}},{"type":"Feature","geometry":{"type":"Point","coordinates":[0.7541104,52.9760004]},"properties":{"name":"Harry's Studio","layer":"marinas","note":"HCW","osm_id":"way/1263089559","osm_url":"https://www.openstreetmap.org/way/1263089559","source":"OpenStreetMap","brand":"HCW"}},{"type":"Feature","geometry":{"type":"Point","coordinates":[0.3428797,52.5818936]},"properties":{"name":"Denver Moorings","layer":"marinas","note":"Anglian Waterways","osm_id":"way/1263209217","osm_url":"https://www.openstreetmap.org/way/1263209217","source":"OpenStreetMap","brand":"Anglian Waterways"}},{"type":"Feature","geometry":{"type":"Point","coordinates":[-2.0773272,53.3645081]},"properties":{"name":"North Cheshire Cruising Club","layer":"marinas","note":"North Cheshire Cruising Club","osm_id":"way/1267246857","osm_url":"https://www.openstreetmap.org/way/1267246857","source":"OpenStreetMap","brand":"North Cheshire Cruising Club"}},{"type":"Feature","geometry":{"type":"Point","coordinates":[-2.0546029,52.5172973]},"properties":{"name":"Tividale Quay","layer":"marinas","note":"OpenStreetMap","osm_id":"way/1270739620","osm_url":"https://www.openstreetmap.org/way/1270739620","source":"OpenStreetMap"}},{"type":"Feature","geometry":{"type":"Point","coordinates":[-0.2892294,52.560735]},"properties":{"name":"Marina","layer":"marinas","note":"OpenStreetMap","osm_id":"way/1271738606","osm_url":"https://www.openstreetmap.org/way/1271738606","source":"OpenStreetMap"}},{"type":"Feature","geometry":{"type":"Point","coordinates":[-1.7691482,52.2573067]},"properties":{"name":"Hill Farm Marina","layer":"marinas","note":"OpenStreetMap","osm_id":"way/1272837084","osm_url":"https://www.openstreetmap.org/way/1272837084","source":"OpenStreetMap"}},{"type":"Feature","geometry":{"type":"Point","coordinates":[-0.535189,51.5102292]},"properties":{"name":"Highline Yachting","layer":"marinas","note":"OpenStreetMap","osm_id":"way/127674329","osm_url":"https://www.openstreetmap.org/way/127674329","source":"OpenStreetMap"}},{"type":"Feature","geometry":{"type":"Point","coordinates":[1.4198667,51.3285869]},"properties":{"name":"Royal Harbour Marina (Outer)","layer":"marinas","note":"OpenStreetMap","osm_id":"way/127680354","osm_url":"https://www.openstreetmap.org/way/127680354","source":"OpenStreetMap"}},{"type":"Feature","geometry":{"type":"Point","coordinates":[1.4194621,51.3307629]},"properties":{"name":"Royal Harbour Marina (Inner)","layer":"marinas","note":"OpenStreetMap","osm_id":"way/127680355","osm_url":"https://www.openstreetmap.org/way/127680355","source":"OpenStreetMap"}},{"type":"Feature","geometry":{"type":"Point","coordinates":[-0.1743472,53.9323801]},"properties":{"name":"Marina","layer":"marinas","note":"OpenStreetMap","osm_id":"way/128070438","osm_url":"https://www.openstreetmap.org/way/128070438","source":"OpenStreetMap"}},{"type":"Feature","geometry":{"type":"Point","coordinates":[1.5781793,52.5572053]},"properties":{"name":"Reedham Marina","layer":"marinas","note":"OpenStreetMap","osm_id":"way/128526940","osm_url":"https://www.openstreetmap.org/way/128526940","source":"OpenStreetMap"}},{"type":"Feature","geometry":{"type":"Point","coordinates":[1.4824211,52.5379129]},"properties":{"name":"Loddon Staithe","layer":"marinas","note":"OpenStreetMap","osm_id":"way/128617464","osm_url":"https://www.openstreetmap.org/way/128617464","source":"OpenStreetMap"}},{"type":"Feature","geometry":{"type":"Point","coordinates":[1.5078897,52.6752774]},"properties":{"name":"Marina","layer":"marinas","note":"OpenStreetMap","osm_id":"way/1287808852","osm_url":"https://www.openstreetmap.org/way/1287808852","source":"OpenStreetMap"}},{"type":"Feature","geometry":{"type":"Point","coordinates":[-2.0337113,52.532915]},"properties":{"name":"Ryder's Green Interchange Basin","layer":"marinas","note":"OpenStreetMap","osm_id":"way/1288199983","osm_url":"https://www.openstreetmap.org/way/1288199983","source":"OpenStreetMap"}},{"type":"Feature","geometry":{"type":"Point","coordinates":[1.3405313,51.2781395]},"properties":{"name":"Highway Marina","layer":"marinas","note":"OpenStreetMap","osm_id":"way/1291722117","osm_url":"https://www.openstreetmap.org/way/1291722117","source":"OpenStreetMap"}},{"type":"Feature","geometry":{"type":"Point","coordinates":[1.2577156,51.3235275]},"properties":{"name":"Marina","layer":"marinas","note":"OpenStreetMap","osm_id":"way/1293052315","osm_url":"https://www.openstreetmap.org/way/1293052315","source":"OpenStreetMap"}},{"type":"Feature","geometry":{"type":"Point","coordinates":[-3.5937032,54.5505771]},"properties":{"name":"Whitehaven Harbour","layer":"marinas","note":"OpenStreetMap","osm_id":"way/1296018079","osm_url":"https://www.openstreetmap.org/way/1296018079","source":"OpenStreetMap"}},{"type":"Feature","geometry":{"type":"Point","coordinates":[-2.6127801,53.02857]},"properties":{"name":"Wrenbury Mill","layer":"marinas","note":"OpenStreetMap","osm_id":"way/1299179031","osm_url":"https://www.openstreetmap.org/way/1299179031","source":"OpenStreetMap"}},{"type":"Feature","geometry":{"type":"Point","coordinates":[-3.065074,52.9495046]},"properties":{"name":"Chirk Marina","layer":"marinas","note":"OpenStreetMap","osm_id":"way/1301463147","osm_url":"https://www.openstreetmap.org/way/1301463147","source":"OpenStreetMap"}},{"type":"Feature","geometry":{"type":"Point","coordinates":[-1.2703537,51.7581917]},"properties":{"name":"College Cruisers","layer":"marinas","note":"OpenStreetMap","osm_id":"way/1302283620","osm_url":"https://www.openstreetmap.org/way/1302283620","source":"OpenStreetMap"}},{"type":"Feature","geometry":{"type":"Point","coordinates":[-5.1250941,56.8423222]},"properties":{"name":"Thomas Telford Corpach Marina","layer":"marinas","note":"Thomas Telford Corpach Marina Ltd","osm_id":"way/1302359105","osm_url":"https://www.openstreetmap.org/way/1302359105","source":"OpenStreetMap","brand":"Thomas Telford Corpach Marina Ltd"}},{"type":"Feature","geometry":{"type":"Point","coordinates":[-1.3320858,52.8710327]},"properties":{"name":"Chapel Farm Marina","layer":"marinas","note":"OpenStreetMap","osm_id":"way/130310571","osm_url":"https://www.openstreetmap.org/way/130310571","source":"OpenStreetMap"}},{"type":"Feature","geometry":{"type":"Point","coordinates":[-0.1768635,53.9076043]},"properties":{"name":"Marina","layer":"marinas","note":"OpenStreetMap","osm_id":"way/130517883","osm_url":"https://www.openstreetmap.org/way/130517883","source":"OpenStreetMap"}},{"type":"Feature","geometry":{"type":"Point","coordinates":[-0.1594119,53.9088167]},"properties":{"name":"Leisure Boat Compound","layer":"marinas","note":"OpenStreetMap","osm_id":"way/130542035","osm_url":"https://www.openstreetmap.org/way/130542035","source":"OpenStreetMap"}},{"type":"Feature","geometry":{"type":"Point","coordinates":[-2.0639705,52.5291528]},"properties":{"name":"Craggy's Boatyard","layer":"marinas","note":"OpenStreetMap","osm_id":"way/1306231587","osm_url":"https://www.openstreetmap.org/way/1306231587","source":"OpenStreetMap"}},{"type":"Feature","geometry":{"type":"Point","coordinates":[-2.5347507,49.4554023]},"properties":{"name":"Victoria Marina","layer":"marinas","note":"OpenStreetMap","osm_id":"way/130888445","osm_url":"https://www.openstreetmap.org/way/130888445","source":"OpenStreetMap"}},{"type":"Feature","geometry":{"type":"Point","coordinates":[-2.5342906,49.4535419]},"properties":{"name":"Albert Marina","layer":"marinas","note":"OpenStreetMap","osm_id":"way/130888471","osm_url":"https://www.openstreetmap.org/way/130888471","source":"OpenStreetMap"}},{"type":"Feature","geometry":{"type":"Point","coordinates":[-2.5313666,49.4602559]},"properties":{"name":"Queen Elizabeth II Marina","layer":"marinas","note":"OpenStreetMap","osm_id":"way/130888620","osm_url":"https://www.openstreetmap.org/way/130888620","source":"OpenStreetMap"}},{"type":"Feature","geometry":{"type":"Point","coordinates":[-0.7969167,51.5533674]},"properties":{"name":"Harleyford Marina","layer":"marinas","note":"OpenStreetMap","osm_id":"way/1318031033","osm_url":"https://www.openstreetmap.org/way/1318031033","source":"OpenStreetMap"}},{"type":"Feature","geometry":{"type":"Point","coordinates":[-0.7178469,51.5775408]},"properties":{"name":"Bourne End Marina","layer":"marinas","note":"OpenStreetMap","osm_id":"way/1318169551","osm_url":"https://www.openstreetmap.org/way/1318169551","source":"OpenStreetMap"}},{"type":"Feature","geometry":{"type":"Point","coordinates":[0.1359206,52.2109031]},"properties":{"name":"Eights Marina","layer":"marinas","note":"OpenStreetMap","osm_id":"way/13275019","osm_url":"https://www.openstreetmap.org/way/13275019","source":"OpenStreetMap"}},{"type":"Feature","geometry":{"type":"Point","coordinates":[-2.2122617,52.0651845]},"properties":{"name":"Upton Marina","layer":"marinas","note":"Tingdene Marinas Limited","osm_id":"way/1332732041","osm_url":"https://www.openstreetmap.org/way/1332732041","source":"OpenStreetMap","brand":"Tingdene Marinas Limited"}},{"type":"Feature","geometry":{"type":"Point","coordinates":[0.06516,52.5543103]},"properties":{"name":"Marina","layer":"marinas","note":"OpenStreetMap","osm_id":"way/133979802","osm_url":"https://www.openstreetmap.org/way/133979802","source":"OpenStreetMap"}},{"type":"Feature","geometry":{"type":"Point","coordinates":[-6.9921533,52.1499897]},"properties":{"name":"Moorings","layer":"marinas","note":"Waterford Harbour Sailing Club","osm_id":"way/1340610863","osm_url":"https://www.openstreetmap.org/way/1340610863","source":"OpenStreetMap","brand":"Waterford Harbour Sailing Club"}},{"type":"Feature","geometry":{"type":"Point","coordinates":[-0.8831272,52.1012449]},"properties":{"name":"Yardley Wharf","layer":"marinas","note":"OpenStreetMap","osm_id":"way/135250158","osm_url":"https://www.openstreetmap.org/way/135250158","source":"OpenStreetMap"}},{"type":"Feature","geometry":{"type":"Point","coordinates":[-2.5049975,49.5031921]},"properties":{"name":"Beaucette Marina","layer":"marinas","note":"OpenStreetMap","osm_id":"way/1364485023","osm_url":"https://www.openstreetmap.org/way/1364485023","source":"OpenStreetMap"}},{"type":"Feature","geometry":{"type":"Point","coordinates":[-3.3287924,51.9248641]},"properties":{"name":"Cambrian Cruisers Marina","layer":"marinas","note":"OpenStreetMap","osm_id":"way/136664222","osm_url":"https://www.openstreetmap.org/way/136664222","source":"OpenStreetMap"}},{"type":"Feature","geometry":{"type":"Point","coordinates":[0.5462571,51.4123227]},"properties":{"name":"Wilsonian Sailing Club","layer":"marinas","note":"OpenStreetMap","osm_id":"way/137532515","osm_url":"https://www.openstreetmap.org/way/137532515","source":"OpenStreetMap"}},{"type":"Feature","geometry":{"type":"Point","coordinates":[-4.102511,53.2552025]},"properties":{"name":"North West Venturers Yacht Club","layer":"marinas","note":"OpenStreetMap","osm_id":"way/1384311742","osm_url":"https://www.openstreetmap.org/way/1384311742","source":"OpenStreetMap"}},{"type":"Feature","geometry":{"type":"Point","coordinates":[0.2016882,51.4819234]},"properties":{"name":"Erith Yacht Club Moorings","layer":"marinas","note":"OpenStreetMap","osm_id":"way/1386275824","osm_url":"https://www.openstreetmap.org/way/1386275824","source":"OpenStreetMap"}},{"type":"Feature","geometry":{"type":"Point","coordinates":[1.4084876,52.7121145]},"properties":{"name":"Kings Staithe","layer":"marinas","note":"Wroxham Launch Hire","osm_id":"way/1389719539","osm_url":"https://www.openstreetmap.org/way/1389719539","source":"OpenStreetMap","brand":"Wroxham Launch Hire"}},{"type":"Feature","geometry":{"type":"Point","coordinates":[-6.9378054,52.8333116]},"properties":{"name":"Marina","layer":"marinas","note":"OpenStreetMap","osm_id":"way/1392236118","osm_url":"https://www.openstreetmap.org/way/1392236118","source":"OpenStreetMap"}},{"type":"Feature","geometry":{"type":"Point","coordinates":[-2.0081311,52.4964366]},"properties":{"name":"Titford Pumphouse Residential Moorings","layer":"marinas","note":"Canal & River Trust","osm_id":"way/1396463416","osm_url":"https://www.openstreetmap.org/way/1396463416","source":"OpenStreetMap","brand":"Canal & River Trust"}},{"type":"Feature","geometry":{"type":"Point","coordinates":[-1.9629934,52.5274392]},"properties":{"name":"Marina","layer":"marinas","note":"OpenStreetMap","osm_id":"way/139959924","osm_url":"https://www.openstreetmap.org/way/139959924","source":"OpenStreetMap"}},{"type":"Feature","geometry":{"type":"Point","coordinates":[-0.8765812,51.5016325]},"properties":{"name":"Thameside Marina","layer":"marinas","note":"OpenStreetMap","osm_id":"way/1412679220","osm_url":"https://www.openstreetmap.org/way/1412679220","source":"OpenStreetMap"}},{"type":"Feature","geometry":{"type":"Point","coordinates":[1.1598553,52.0514278]},"properties":{"name":"Marina","layer":"marinas","note":"OpenStreetMap","osm_id":"way/141364045","osm_url":"https://www.openstreetmap.org/way/141364045","source":"OpenStreetMap"}},{"type":"Feature","geometry":{"type":"Point","coordinates":[1.1525093,52.0327921]},"properties":{"name":"Fox's Marina","layer":"marinas","note":"OpenStreetMap","osm_id":"way/141366442","osm_url":"https://www.openstreetmap.org/way/141366442","source":"OpenStreetMap"}},{"type":"Feature","geometry":{"type":"Point","coordinates":[1.3230696,52.0910057]},"properties":{"name":"Tide Mill Yacht Harbour","layer":"marinas","note":"OpenStreetMap","osm_id":"way/141368203","osm_url":"https://www.openstreetmap.org/way/141368203","source":"OpenStreetMap"}},{"type":"Feature","geometry":{"type":"Point","coordinates":[1.6506955,52.5133094]},"properties":{"name":"Somerleyton Marina","layer":"marinas","note":"OpenStreetMap","osm_id":"way/141368791","osm_url":"https://www.openstreetmap.org/way/141368791","source":"OpenStreetMap"}},{"type":"Feature","geometry":{"type":"Point","coordinates":[-6.068524,53.3923587]},"properties":{"name":"Marina","layer":"marinas","note":"OpenStreetMap","osm_id":"way/1414084453","osm_url":"https://www.openstreetmap.org/way/1414084453","source":"OpenStreetMap"}},{"type":"Feature","geometry":{"type":"Point","coordinates":[-4.8239909,55.3345584]},"properties":{"name":"Marina","layer":"marinas","note":"OpenStreetMap","osm_id":"way/1418305348","osm_url":"https://www.openstreetmap.org/way/1418305348","source":"OpenStreetMap"}},{"type":"Feature","geometry":{"type":"Point","coordinates":[-1.2807598,51.6577757]},"properties":{"name":"Abingdon Marina","layer":"marinas","note":"OpenStreetMap","osm_id":"way/1422328812","osm_url":"https://www.openstreetmap.org/way/1422328812","source":"OpenStreetMap"}},{"type":"Feature","geometry":{"type":"Point","coordinates":[-1.3798456,50.9092191]},"properties":{"name":"Shamrock Quay","layer":"marinas","note":"OpenStreetMap","osm_id":"way/142380540","osm_url":"https://www.openstreetmap.org/way/142380540","source":"OpenStreetMap"}},{"type":"Feature","geometry":{"type":"Point","coordinates":[-0.90083,51.5423245]},"properties":{"name":"Marina","layer":"marinas","note":"OpenStreetMap","osm_id":"way/1424480460","osm_url":"https://www.openstreetmap.org/way/1424480460","source":"OpenStreetMap"}},{"type":"Feature","geometry":{"type":"Point","coordinates":[-0.4713708,52.4734745]},"properties":{"name":"Oundle Marina Village","layer":"marinas","note":"OpenStreetMap","osm_id":"way/142886443","osm_url":"https://www.openstreetmap.org/way/142886443","source":"OpenStreetMap"}},{"type":"Feature","geometry":{"type":"Point","coordinates":[-1.9374594,52.4429952]},"properties":{"name":"Whitehouse Wharf","layer":"marinas","note":"OpenStreetMap","osm_id":"way/1432303850","osm_url":"https://www.openstreetmap.org/way/1432303850","source":"OpenStreetMap"}},{"type":"Feature","geometry":{"type":"Point","coordinates":[-3.9382751,51.6157209]},"properties":{"name":"Swansea Marina","layer":"marinas","note":"OpenStreetMap","osm_id":"way/14368128","osm_url":"https://www.openstreetmap.org/way/14368128","source":"OpenStreetMap"}},{"type":"Feature","geometry":{"type":"Point","coordinates":[-1.0956506,52.2719146]},"properties":{"name":"Whilton Marina","layer":"marinas","note":"OpenStreetMap","osm_id":"way/143714528","osm_url":"https://www.openstreetmap.org/way/143714528","source":"OpenStreetMap"}},{"type":"Feature","geometry":{"type":"Point","coordinates":[-2.5952474,51.4469667]},"properties":{"name":"Bathurst Basin","layer":"marinas","note":"Cabot Cruising Club","osm_id":"way/1441979755","osm_url":"https://www.openstreetmap.org/way/1441979755","source":"OpenStreetMap","brand":"Cabot Cruising Club"}},{"type":"Feature","geometry":{"type":"Point","coordinates":[-2.6059984,51.449653]},"properties":{"name":"Harbour Inlet","layer":"marinas","note":"Bristol City Council","osm_id":"way/1442419740","osm_url":"https://www.openstreetmap.org/way/1442419740","source":"OpenStreetMap","brand":"Bristol City Council"}},{"type":"Feature","geometry":{"type":"Point","coordinates":[-9.7586316,54.1635289]},"properties":{"name":"Marina","layer":"marinas","note":"OpenStreetMap","osm_id":"way/1445430628","osm_url":"https://www.openstreetmap.org/way/1445430628","source":"OpenStreetMap"}},{"type":"Feature","geometry":{"type":"Point","coordinates":[-0.4394297,52.1312074]},"properties":{"name":"Priory Marina","layer":"marinas","note":"OpenStreetMap","osm_id":"way/144565625","osm_url":"https://www.openstreetmap.org/way/144565625","source":"OpenStreetMap"}},{"type":"Feature","geometry":{"type":"Point","coordinates":[-4.2627175,52.2426945]},"properties":{"name":"Aberaeron Harbour","layer":"marinas","note":"OpenStreetMap","osm_id":"way/1446121947","osm_url":"https://www.openstreetmap.org/way/1446121947","source":"OpenStreetMap"}},{"type":"Feature","geometry":{"type":"Point","coordinates":[-6.132,53.2949484]},"properties":{"name":"Marina","layer":"marinas","note":"OpenStreetMap","osm_id":"way/1446545903","osm_url":"https://www.openstreetmap.org/way/1446545903","source":"OpenStreetMap"}},{"type":"Feature","geometry":{"type":"Point","coordinates":[-0.8188536,53.4425837]},"properties":{"name":"Marina","layer":"marinas","note":"OpenStreetMap","osm_id":"way/145384818","osm_url":"https://www.openstreetmap.org/way/145384818","source":"OpenStreetMap"}},{"type":"Feature","geometry":{"type":"Point","coordinates":[-3.124097,56.1225393]},"properties":{"name":"Dysart Harbour","layer":"marinas","note":"OpenStreetMap","osm_id":"way/1455516393","osm_url":"https://www.openstreetmap.org/way/1455516393","source":"OpenStreetMap"}},{"type":"Feature","geometry":{"type":"Point","coordinates":[1.4357255,52.6198586]},"properties":{"name":"Marina","layer":"marinas","note":"OpenStreetMap","osm_id":"way/145657325","osm_url":"https://www.openstreetmap.org/way/145657325","source":"OpenStreetMap"}},{"type":"Feature","geometry":{"type":"Point","coordinates":[1.4386498,52.6144507]},"properties":{"name":"Brundall Bay Marina","layer":"marinas","note":"OpenStreetMap","osm_id":"way/145657339","osm_url":"https://www.openstreetmap.org/way/145657339","source":"OpenStreetMap"}},{"type":"Feature","geometry":{"type":"Point","coordinates":[1.4164041,52.6218569]},"properties":{"name":"Marina","layer":"marinas","note":"OpenStreetMap","osm_id":"way/145657694","osm_url":"https://www.openstreetmap.org/way/145657694","source":"OpenStreetMap"}},{"type":"Feature","geometry":{"type":"Point","coordinates":[-0.1091436,52.4655175]},"properties":{"name":"Bill Fen Marina","layer":"marinas","note":"OpenStreetMap","osm_id":"way/145997660","osm_url":"https://www.openstreetmap.org/way/145997660","source":"OpenStreetMap"}},{"type":"Feature","geometry":{"type":"Point","coordinates":[-0.0083546,51.5056599]},"properties":{"name":"Poplar Waterside & Marina","layer":"marinas","note":"Aquavista","osm_id":"way/1477591812","osm_url":"https://www.openstreetmap.org/way/1477591812","source":"OpenStreetMap","brand":"Aquavista"}},{"type":"Feature","geometry":{"type":"Point","coordinates":[-0.0106583,51.5043864]},"properties":{"name":"Blackwall Basin Moorings","layer":"marinas","note":"Canal & Rivery Trust","osm_id":"way/1477591813","osm_url":"https://www.openstreetmap.org/way/1477591813","source":"OpenStreetMap","brand":"Canal & Rivery Trust"}},{"type":"Feature","geometry":{"type":"Point","coordinates":[-2.411924,53.4994167]},"properties":{"name":"Boothstown Marina","layer":"marinas","note":"OpenStreetMap","osm_id":"way/148831622","osm_url":"https://www.openstreetmap.org/way/148831622","source":"OpenStreetMap"}},{"type":"Feature","geometry":{"type":"Point","coordinates":[-1.6956449,51.69273]},"properties":{"name":"Lechlade Marina","layer":"marinas","note":"OpenStreetMap","osm_id":"way/148949750","osm_url":"https://www.openstreetmap.org/way/148949750","source":"OpenStreetMap"}},{"type":"Feature","geometry":{"type":"Point","coordinates":[-1.6772161,53.8673154]},"properties":{"name":"Leeds Sailing & Activity Centre","layer":"marinas","note":"OpenStreetMap","osm_id":"way/149415675","osm_url":"https://www.openstreetmap.org/way/149415675","source":"OpenStreetMap"}},{"type":"Feature","geometry":{"type":"Point","coordinates":[-1.5034853,50.705609]},"properties":{"name":"Yarmouth Harbour","layer":"marinas","note":"OpenStreetMap","osm_id":"way/149532505","osm_url":"https://www.openstreetmap.org/way/149532505","source":"OpenStreetMap"}},{"type":"Feature","geometry":{"type":"Point","coordinates":[-1.5023564,50.7031445]},"properties":{"name":"Marina","layer":"marinas","note":"OpenStreetMap","osm_id":"way/149532515","osm_url":"https://www.openstreetmap.org/way/149532515","source":"OpenStreetMap"}},{"type":"Feature","geometry":{"type":"Point","coordinates":[-2.7474317,57.6864095]},"properties":{"name":"Sandend Harbour","layer":"marinas","note":"OpenStreetMap","osm_id":"way/149579197","osm_url":"https://www.openstreetmap.org/way/149579197","source":"OpenStreetMap"}},{"type":"Feature","geometry":{"type":"Point","coordinates":[-1.4159817,51.7095368]},"properties":{"name":"Maybush Moorings","layer":"marinas","note":"OpenStreetMap","osm_id":"way/1495807886","osm_url":"https://www.openstreetmap.org/way/1495807886","source":"OpenStreetMap"}},{"type":"Feature","geometry":{"type":"Point","coordinates":[-2.5781839,57.6802311]},"properties":{"name":"Whitehills Marina","layer":"marinas","note":"OpenStreetMap","osm_id":"way/149733772","osm_url":"https://www.openstreetmap.org/way/149733772","source":"OpenStreetMap"}},{"type":"Feature","geometry":{"type":"Point","coordinates":[-6.9771859,52.7370239]},"properties":{"name":"Marina","layer":"marinas","note":"OpenStreetMap","osm_id":"way/149822350","osm_url":"https://www.openstreetmap.org/way/149822350","source":"OpenStreetMap"}},{"type":"Feature","geometry":{"type":"Point","coordinates":[-1.4634082,53.7019725]},"properties":{"name":"Stanley Ferry Marina","layer":"marinas","note":"OpenStreetMap","osm_id":"way/149944452","osm_url":"https://www.openstreetmap.org/way/149944452","source":"OpenStreetMap"}},{"type":"Feature","geometry":{"type":"Point","coordinates":[-7.877199,53.7984922]},"properties":{"name":"Marina","layer":"marinas","note":"OpenStreetMap","osm_id":"way/150152259","osm_url":"https://www.openstreetmap.org/way/150152259","source":"OpenStreetMap"}},{"type":"Feature","geometry":{"type":"Point","coordinates":[-7.9193474,53.824034]},"properties":{"name":"Marina","layer":"marinas","note":"OpenStreetMap","osm_id":"way/150154378","osm_url":"https://www.openstreetmap.org/way/150154378","source":"OpenStreetMap"}},{"type":"Feature","geometry":{"type":"Point","coordinates":[-1.5010047,50.7002519]},"properties":{"name":"Marina","layer":"marinas","note":"OpenStreetMap","osm_id":"way/150185410","osm_url":"https://www.openstreetmap.org/way/150185410","source":"OpenStreetMap"}},{"type":"Feature","geometry":{"type":"Point","coordinates":[-3.8395295,53.2918939]},"properties":{"name":"Conwy Marina","layer":"marinas","note":"OpenStreetMap","osm_id":"way/150361186","osm_url":"https://www.openstreetmap.org/way/150361186","source":"OpenStreetMap"}},{"type":"Feature","geometry":{"type":"Point","coordinates":[-1.1471476,51.5536019]},"properties":{"name":"Sheridan Marine","layer":"marinas","note":"OpenStreetMap","osm_id":"way/1512104557","osm_url":"https://www.openstreetmap.org/way/1512104557","source":"OpenStreetMap"}},{"type":"Feature","geometry":{"type":"Point","coordinates":[-3.681718,50.429202]},"properties":{"name":"Totnes Marina","layer":"marinas","note":"OpenStreetMap","osm_id":"way/151354428","osm_url":"https://www.openstreetmap.org/way/151354428","source":"OpenStreetMap"}},{"type":"Feature","geometry":{"type":"Point","coordinates":[-3.6810651,50.4280383]},"properties":{"name":"Totnes Boat Yard","layer":"marinas","note":"OpenStreetMap","osm_id":"way/151513133","osm_url":"https://www.openstreetmap.org/way/151513133","source":"OpenStreetMap"}},{"type":"Feature","geometry":{"type":"Point","coordinates":[-5.6191412,54.6775543]},"properties":{"name":"Groomsport Harbour","layer":"marinas","note":"OpenStreetMap","osm_id":"way/1516374828","osm_url":"https://www.openstreetmap.org/way/1516374828","source":"OpenStreetMap"}},{"type":"Feature","geometry":{"type":"Point","coordinates":[-7.9242636,53.8529765]},"properties":{"name":"Dromod","layer":"marinas","note":"OpenStreetMap","osm_id":"way/151700067","osm_url":"https://www.openstreetmap.org/way/151700067","source":"OpenStreetMap"}},{"type":"Feature","geometry":{"type":"Point","coordinates":[1.7194551,52.474327]},"properties":{"name":"Haven Marina","layer":"marinas","note":"OpenStreetMap","osm_id":"way/1521942956","osm_url":"https://www.openstreetmap.org/way/1521942956","source":"OpenStreetMap"}},{"type":"Feature","geometry":{"type":"Point","coordinates":[0.482541,51.254029]},"properties":{"name":"East Farleigh Boat Yard","layer":"marinas","note":"OpenStreetMap","osm_id":"way/1527592613","osm_url":"https://www.openstreetmap.org/way/1527592613","source":"OpenStreetMap"}},{"type":"Feature","geometry":{"type":"Point","coordinates":[0.4210046,51.2274606]},"properties":{"name":"Marina","layer":"marinas","note":"OpenStreetMap","osm_id":"way/1536782524","osm_url":"https://www.openstreetmap.org/way/1536782524","source":"OpenStreetMap"}},{"type":"Feature","geometry":{"type":"Point","coordinates":[1.6188974,52.5347775]},"properties":{"name":"St Olaves Marina","layer":"marinas","note":"OpenStreetMap","osm_id":"way/1536998681","osm_url":"https://www.openstreetmap.org/way/1536998681","source":"OpenStreetMap"}},{"type":"Feature","geometry":{"type":"Point","coordinates":[1.3333221,52.6256339]},"properties":{"name":"Marina","layer":"marinas","note":"OpenStreetMap","osm_id":"way/1536999640","osm_url":"https://www.openstreetmap.org/way/1536999640","source":"OpenStreetMap"}},{"type":"Feature","geometry":{"type":"Point","coordinates":[1.5675731,52.469961]},"properties":{"name":"Beccles Amature Sailing Club","layer":"marinas","note":"OpenStreetMap","osm_id":"way/1537678546","osm_url":"https://www.openstreetmap.org/way/1537678546","source":"OpenStreetMap"}},{"type":"Feature","geometry":{"type":"Point","coordinates":[-2.2014824,56.9597031]},"properties":{"name":"Stonehaven Harbour","layer":"marinas","note":"OpenStreetMap","osm_id":"way/1538428175","osm_url":"https://www.openstreetmap.org/way/1538428175","source":"OpenStreetMap"}},{"type":"Feature","geometry":{"type":"Point","coordinates":[0.5122744,51.2923416]},"properties":{"name":"Marina","layer":"marinas","note":"OpenStreetMap","osm_id":"way/1539987801","osm_url":"https://www.openstreetmap.org/way/1539987801","source":"OpenStreetMap"}},{"type":"Feature","geometry":{"type":"Point","coordinates":[-0.40764,52.5640439]},"properties":{"name":"Yarwell Mill","layer":"marinas","note":"Monte Carlo Parks","osm_id":"way/1543191008","osm_url":"https://www.openstreetmap.org/way/1543191008","source":"OpenStreetMap","brand":"Monte Carlo Parks"}},{"type":"Feature","geometry":{"type":"Point","coordinates":[-2.683338,56.2251974]},"properties":{"name":"Skinfast Haven","layer":"marinas","note":"OpenStreetMap","osm_id":"way/1558216061","osm_url":"https://www.openstreetmap.org/way/1558216061","source":"OpenStreetMap"}},{"type":"Feature","geometry":{"type":"Point","coordinates":[-1.0909655,50.8154393]},"properties":{"name":"Marina","layer":"marinas","note":"OpenStreetMap","osm_id":"way/156568465","osm_url":"https://www.openstreetmap.org/way/156568465","source":"OpenStreetMap"}},{"type":"Feature","geometry":{"type":"Point","coordinates":[-0.4861387,51.3857783]},"properties":{"name":"Marina","layer":"marinas","note":"OpenStreetMap","osm_id":"way/156939318","osm_url":"https://www.openstreetmap.org/way/156939318","source":"OpenStreetMap"}},{"type":"Feature","geometry":{"type":"Point","coordinates":[-2.5199337,53.0004121]},"properties":{"name":"Overwater Marina","layer":"marinas","note":"OpenStreetMap","osm_id":"way/157332175","osm_url":"https://www.openstreetmap.org/way/157332175","source":"OpenStreetMap"}},{"type":"Feature","geometry":{"type":"Point","coordinates":[-7.9894883,53.1941688]},"properties":{"name":"Banagher Marina","layer":"marinas","note":"OpenStreetMap","osm_id":"way/158238221","osm_url":"https://www.openstreetmap.org/way/158238221","source":"OpenStreetMap"}},{"type":"Feature","geometry":{"type":"Point","coordinates":[-7.9930133,53.1942887]},"properties":{"name":"Marina","layer":"marinas","note":"OpenStreetMap","osm_id":"way/158238263","osm_url":"https://www.openstreetmap.org/way/158238263","source":"OpenStreetMap"}},{"type":"Feature","geometry":{"type":"Point","coordinates":[0.7523262,51.6894726]},"properties":{"name":"Blackwater Marina","layer":"marinas","note":"OpenStreetMap","osm_id":"way/160285260","osm_url":"https://www.openstreetmap.org/way/160285260","source":"OpenStreetMap"}},{"type":"Feature","geometry":{"type":"Point","coordinates":[0.8846432,51.7319672]},"properties":{"name":"Bradwell Marina","layer":"marinas","note":"OpenStreetMap","osm_id":"way/160450437","osm_url":"https://www.openstreetmap.org/way/160450437","source":"OpenStreetMap"}},{"type":"Feature","geometry":{"type":"Point","coordinates":[-0.2704321,51.4763121]},"properties":{"name":"Chiswick Quay Marina","layer":"marinas","note":"OpenStreetMap","osm_id":"way/160474792","osm_url":"https://www.openstreetmap.org/way/160474792","source":"OpenStreetMap"}},{"type":"Feature","geometry":{"type":"Point","coordinates":[-2.0113386,53.5392703]},"properties":{"name":"Frenches Marina","layer":"marinas","note":"OpenStreetMap","osm_id":"way/161786319","osm_url":"https://www.openstreetmap.org/way/161786319","source":"OpenStreetMap"}},{"type":"Feature","geometry":{"type":"Point","coordinates":[-0.4278216,51.3875042]},"properties":{"name":"Walton Marina","layer":"marinas","note":"Tingdene","osm_id":"way/162832831","osm_url":"https://www.openstreetmap.org/way/162832831","source":"OpenStreetMap","brand":"Tingdene"}},{"type":"Feature","geometry":{"type":"Point","coordinates":[-0.3080516,51.4207672]},"properties":{"name":"Marina","layer":"marinas","note":"OpenStreetMap","osm_id":"way/162961784","osm_url":"https://www.openstreetmap.org/way/162961784","source":"OpenStreetMap"}},{"type":"Feature","geometry":{"type":"Point","coordinates":[-1.964995,51.3618498]},"properties":{"name":"Devizes Marina","layer":"marinas","note":"OpenStreetMap","osm_id":"way/163500226","osm_url":"https://www.openstreetmap.org/way/163500226","source":"OpenStreetMap"}},{"type":"Feature","geometry":{"type":"Point","coordinates":[-0.3150393,51.4266293]},"properties":{"name":"Marina","layer":"marinas","note":"OpenStreetMap","osm_id":"way/163696581","osm_url":"https://www.openstreetmap.org/way/163696581","source":"OpenStreetMap"}},{"type":"Feature","geometry":{"type":"Point","coordinates":[-1.3800996,50.933975]},"properties":{"name":"University Boathouse","layer":"marinas","note":"OpenStreetMap","osm_id":"way/164058994","osm_url":"https://www.openstreetmap.org/way/164058994","source":"OpenStreetMap"}},{"type":"Feature","geometry":{"type":"Point","coordinates":[-2.5747632,53.0731203]},"properties":{"name":"Swanley Bridge Marina","layer":"marinas","note":"OpenStreetMap","osm_id":"way/164214746","osm_url":"https://www.openstreetmap.org/way/164214746","source":"OpenStreetMap"}},{"type":"Feature","geometry":{"type":"Point","coordinates":[-2.508528,53.1228699]},"properties":{"name":"Church Minshull Aqueduct Marina","layer":"marinas","note":"OpenStreetMap","osm_id":"way/164216502","osm_url":"https://www.openstreetmap.org/way/164216502","source":"OpenStreetMap"}},{"type":"Feature","geometry":{"type":"Point","coordinates":[-2.9258179,54.3533546]},"properties":{"name":"Windermere Marina Village","layer":"marinas","note":"OpenStreetMap","osm_id":"way/164244319","osm_url":"https://www.openstreetmap.org/way/164244319","source":"OpenStreetMap"}},{"type":"Feature","geometry":{"type":"Point","coordinates":[-1.1691319,52.9452973]},"properties":{"name":"Nottingham Castle Waterside & Marina","layer":"marinas","note":"OpenStreetMap","osm_id":"way/16514126","osm_url":"https://www.openstreetmap.org/way/16514126","source":"OpenStreetMap"}},{"type":"Feature","geometry":{"type":"Point","coordinates":[-3.4235691,50.6178394]},"properties":{"name":"Exmouth Marina","layer":"marinas","note":"OpenStreetMap","osm_id":"way/165771210","osm_url":"https://www.openstreetmap.org/way/165771210","source":"OpenStreetMap"}},{"type":"Feature","geometry":{"type":"Point","coordinates":[-2.1172339,49.181775]},"properties":{"name":"Elizabeth Marina","layer":"marinas","note":"OpenStreetMap","osm_id":"way/166488776","osm_url":"https://www.openstreetmap.org/way/166488776","source":"OpenStreetMap"}},{"type":"Feature","geometry":{"type":"Point","coordinates":[-0.6130648,51.7848274]},"properties":{"name":"Cow Roast Marina","layer":"marinas","note":"OpenStreetMap","osm_id":"way/166988294","osm_url":"https://www.openstreetmap.org/way/166988294","source":"OpenStreetMap"}},{"type":"Feature","geometry":{"type":"Point","coordinates":[-2.1112004,49.1780988]},"properties":{"name":"French Harbour","layer":"marinas","note":"OpenStreetMap","osm_id":"way/167302633","osm_url":"https://www.openstreetmap.org/way/167302633","source":"OpenStreetMap"}},{"type":"Feature","geometry":{"type":"Point","coordinates":[-2.1095821,49.1786965]},"properties":{"name":"English Harbour","layer":"marinas","note":"OpenStreetMap","osm_id":"way/167302634","osm_url":"https://www.openstreetmap.org/way/167302634","source":"OpenStreetMap"}},{"type":"Feature","geometry":{"type":"Point","coordinates":[-2.1143116,49.1748121]},"properties":{"name":"La Collette Yacht Basin","layer":"marinas","note":"OpenStreetMap","osm_id":"way/167304089","osm_url":"https://www.openstreetmap.org/way/167304089","source":"OpenStreetMap"}},{"type":"Feature","geometry":{"type":"Point","coordinates":[-2.110208,49.1797713]},"properties":{"name":"Old Harbour","layer":"marinas","note":"OpenStreetMap","osm_id":"way/167304302","osm_url":"https://www.openstreetmap.org/way/167304302","source":"OpenStreetMap"}},{"type":"Feature","geometry":{"type":"Point","coordinates":[-2.0175136,49.2214763]},"properties":{"name":"St Catherine","layer":"marinas","note":"OpenStreetMap","osm_id":"way/167458993","osm_url":"https://www.openstreetmap.org/way/167458993","source":"OpenStreetMap"}},{"type":"Feature","geometry":{"type":"Point","coordinates":[-2.0314599,49.1641097]},"properties":{"name":"La Rocque Harbour","layer":"marinas","note":"OpenStreetMap","osm_id":"way/167639705","osm_url":"https://www.openstreetmap.org/way/167639705","source":"OpenStreetMap"}},{"type":"Feature","geometry":{"type":"Point","coordinates":[-2.0547677,51.3530106]},"properties":{"name":"Caen Hill Marina","layer":"marinas","note":"Geomac Ltd","osm_id":"way/168463540","osm_url":"https://www.openstreetmap.org/way/168463540","source":"OpenStreetMap","brand":"Geomac Ltd"}},{"type":"Feature","geometry":{"type":"Point","coordinates":[-1.3184647,52.2678649]},"properties":{"name":"Calcutt Marina","layer":"marinas","note":"OpenStreetMap","osm_id":"way/169250285","osm_url":"https://www.openstreetmap.org/way/169250285","source":"OpenStreetMap"}},{"type":"Feature","geometry":{"type":"Point","coordinates":[-1.3608929,52.2827392]},"properties":{"name":"Stockton Top Marina","layer":"marinas","note":"OpenStreetMap","osm_id":"way/169250288","osm_url":"https://www.openstreetmap.org/way/169250288","source":"OpenStreetMap"}},{"type":"Feature","geometry":{"type":"Point","coordinates":[-1.3199091,52.2696663]},"properties":{"name":"Ventnor Marina","layer":"marinas","note":"OpenStreetMap","osm_id":"way/169250292","osm_url":"https://www.openstreetmap.org/way/169250292","source":"OpenStreetMap"}},{"type":"Feature","geometry":{"type":"Point","coordinates":[-1.3207259,52.2569094]},"properties":{"name":"Napton Marina","layer":"marinas","note":"OpenStreetMap","osm_id":"way/169285560","osm_url":"https://www.openstreetmap.org/way/169285560","source":"OpenStreetMap"}},{"type":"Feature","geometry":{"type":"Point","coordinates":[-1.6006165,52.2874816]},"properties":{"name":"Saltisford Canal Centre","layer":"marinas","note":"OpenStreetMap","osm_id":"way/169285561","osm_url":"https://www.openstreetmap.org/way/169285561","source":"OpenStreetMap"}},{"type":"Feature","geometry":{"type":"Point","coordinates":[-1.3148859,52.256916]},"properties":{"name":"Wigrams Turn Marina","layer":"marinas","note":"OpenStreetMap","osm_id":"way/169285562","osm_url":"https://www.openstreetmap.org/way/169285562","source":"OpenStreetMap"}},{"type":"Feature","geometry":{"type":"Point","coordinates":[-1.2012228,52.3547036]},"properties":{"name":"Hillmorton Wharf Marina","layer":"marinas","note":"OpenStreetMap","osm_id":"way/169863867","osm_url":"https://www.openstreetmap.org/way/169863867","source":"OpenStreetMap"}},{"type":"Feature","geometry":{"type":"Point","coordinates":[-1.3654027,60.3916898]},"properties":{"name":"Delting Boating Club","layer":"marinas","note":"OpenStreetMap","osm_id":"way/172538183","osm_url":"https://www.openstreetmap.org/way/172538183","source":"OpenStreetMap"}},{"type":"Feature","geometry":{"type":"Point","coordinates":[-1.1322413,60.3709684]},"properties":{"name":"Marina","layer":"marinas","note":"OpenStreetMap","osm_id":"way/172542141","osm_url":"https://www.openstreetmap.org/way/172542141","source":"OpenStreetMap"}},{"type":"Feature","geometry":{"type":"Point","coordinates":[-1.387249,60.3790221]},"properties":{"name":"Marina","layer":"marinas","note":"OpenStreetMap","osm_id":"way/172985155","osm_url":"https://www.openstreetmap.org/way/172985155","source":"OpenStreetMap"}},{"type":"Feature","geometry":{"type":"Point","coordinates":[-1.0050689,60.7015058]},"properties":{"name":"Marina","layer":"marinas","note":"OpenStreetMap","osm_id":"way/172990883","osm_url":"https://www.openstreetmap.org/way/172990883","source":"OpenStreetMap"}},{"type":"Feature","geometry":{"type":"Point","coordinates":[-1.285495,59.8845753]},"properties":{"name":"Ness Boating Club Marina","layer":"marinas","note":"OpenStreetMap","osm_id":"way/173172675","osm_url":"https://www.openstreetmap.org/way/173172675","source":"OpenStreetMap"}},{"type":"Feature","geometry":{"type":"Point","coordinates":[-1.0268381,60.3413664]},"properties":{"name":"Marina","layer":"marinas","note":"OpenStreetMap","osm_id":"way/173181635","osm_url":"https://www.openstreetmap.org/way/173181635","source":"OpenStreetMap"}},{"type":"Feature","geometry":{"type":"Point","coordinates":[-1.2679737,60.1367693]},"properties":{"name":"Marina","layer":"marinas","note":"OpenStreetMap","osm_id":"way/173310245","osm_url":"https://www.openstreetmap.org/way/173310245","source":"OpenStreetMap"}},{"type":"Feature","geometry":{"type":"Point","coordinates":[-2.777734,53.89814]},"properties":{"name":"Marina","layer":"marinas","note":"OpenStreetMap","osm_id":"way/174480735","osm_url":"https://www.openstreetmap.org/way/174480735","source":"OpenStreetMap"}},{"type":"Feature","geometry":{"type":"Point","coordinates":[-1.7800215,52.6912868]},"properties":{"name":"King's Orchard Marina","layer":"marinas","note":"ABC Leisure Group Ltd","osm_id":"way/175298138","osm_url":"https://www.openstreetmap.org/way/175298138","source":"OpenStreetMap","brand":"ABC Leisure Group Ltd"}},{"type":"Feature","geometry":{"type":"Point","coordinates":[-1.7837356,52.6956835]},"properties":{"name":"Streethay Wharf","layer":"marinas","note":"OpenStreetMap","osm_id":"way/175298139","osm_url":"https://www.openstreetmap.org/way/175298139","source":"OpenStreetMap"}},{"type":"Feature","geometry":{"type":"Point","coordinates":[-2.0951539,52.6752979]},"properties":{"name":"Marina","layer":"marinas","note":"OpenStreetMap","osm_id":"way/175699937","osm_url":"https://www.openstreetmap.org/way/175699937","source":"OpenStreetMap"}},{"type":"Feature","geometry":{"type":"Point","coordinates":[-2.099813,52.675213]},"properties":{"name":"Hatherton Marina","layer":"marinas","note":"OpenStreetMap","osm_id":"way/175699939","osm_url":"https://www.openstreetmap.org/way/175699939","source":"OpenStreetMap"}},{"type":"Feature","geometry":{"type":"Point","coordinates":[-6.1008787,53.2085375]},"properties":{"name":"Bray Harbour","layer":"marinas","note":"OpenStreetMap","osm_id":"way/176077834","osm_url":"https://www.openstreetmap.org/way/176077834","source":"OpenStreetMap"}},{"type":"Feature","geometry":{"type":"Point","coordinates":[-3.1750798,51.4482176]},"properties":{"name":"Cardiff Bay Yacht Club Club House","layer":"marinas","note":"OpenStreetMap","osm_id":"way/176493208","osm_url":"https://www.openstreetmap.org/way/176493208","source":"OpenStreetMap"}},{"type":"Feature","geometry":{"type":"Point","coordinates":[-2.763161,50.7101548]},"properties":{"name":"West Bay Harbour","layer":"marinas","note":"West Dorset District Council","osm_id":"way/177098845","osm_url":"https://www.openstreetmap.org/way/177098845","source":"OpenStreetMap","brand":"West Dorset District Council"}},{"type":"Feature","geometry":{"type":"Point","coordinates":[-4.1328086,50.3683453]},"properties":{"name":"Sutton Harbour Marina","layer":"marinas","note":"OpenStreetMap","osm_id":"way/177272212","osm_url":"https://www.openstreetmap.org/way/177272212","source":"OpenStreetMap"}},{"type":"Feature","geometry":{"type":"Point","coordinates":[-1.902311,54.0735851]},"properties":{"name":"Yorkshire Dales Sailing Club","layer":"marinas","note":"Yorkshire Dales Sailing Club","osm_id":"way/177389274","osm_url":"https://www.openstreetmap.org/way/177389274","source":"OpenStreetMap","brand":"Yorkshire Dales Sailing Club"}},{"type":"Feature","geometry":{"type":"Point","coordinates":[-9.805055,53.6015556]},"properties":{"name":"Marina","layer":"marinas","note":"OpenStreetMap","osm_id":"way/177952970","osm_url":"https://www.openstreetmap.org/way/177952970","source":"OpenStreetMap"}},{"type":"Feature","geometry":{"type":"Point","coordinates":[-2.1112439,49.1815554]},"properties":{"name":"St Helier Marina","layer":"marinas","note":"OpenStreetMap","osm_id":"way/179420876","osm_url":"https://www.openstreetmap.org/way/179420876","source":"OpenStreetMap"}},{"type":"Feature","geometry":{"type":"Point","coordinates":[-2.4552866,50.5719983]},"properties":{"name":"Weymouth and Portland National Sailing Academy","layer":"marinas","note":"OpenStreetMap","osm_id":"way/179484693","osm_url":"https://www.openstreetmap.org/way/179484693","source":"OpenStreetMap"}},{"type":"Feature","geometry":{"type":"Point","coordinates":[-2.4517703,50.5718795]},"properties":{"name":"Portland Marina","layer":"marinas","note":"Boat Folk","osm_id":"way/179484758","osm_url":"https://www.openstreetmap.org/way/179484758","source":"OpenStreetMap","brand":"Boat Folk"}},{"type":"Feature","geometry":{"type":"Point","coordinates":[-2.4576978,50.6106999]},"properties":{"name":"Weymouth Marina","layer":"marinas","note":"OpenStreetMap","osm_id":"way/179971392","osm_url":"https://www.openstreetmap.org/way/179971392","source":"OpenStreetMap"}},{"type":"Feature","geometry":{"type":"Point","coordinates":[-2.4577475,50.6082495]},"properties":{"name":"Weymouth Harbour","layer":"marinas","note":"OpenStreetMap","osm_id":"way/179971894","osm_url":"https://www.openstreetmap.org/way/179971894","source":"OpenStreetMap"}},{"type":"Feature","geometry":{"type":"Point","coordinates":[-3.5769939,50.3582873]},"properties":{"name":"Dart Marina","layer":"marinas","note":"Dart Marina","osm_id":"way/180048310","osm_url":"https://www.openstreetmap.org/way/180048310","source":"OpenStreetMap","brand":"Dart Marina"}},{"type":"Feature","geometry":{"type":"Point","coordinates":[-0.5448393,50.8060928]},"properties":{"name":"Arun Yacht Club","layer":"marinas","note":"Arun Yacht Club","osm_id":"way/180538228","osm_url":"https://www.openstreetmap.org/way/180538228","source":"OpenStreetMap","brand":"Arun Yacht Club"}},{"type":"Feature","geometry":{"type":"Point","coordinates":[-1.3045949,50.8757771]},"properties":{"name":"Universal Marina","layer":"marinas","note":"OpenStreetMap","osm_id":"way/180546251","osm_url":"https://www.openstreetmap.org/way/180546251","source":"OpenStreetMap"}},{"type":"Feature","geometry":{"type":"Point","coordinates":[-1.3123085,50.8609858]},"properties":{"name":"Port Hamble","layer":"marinas","note":"MDL","osm_id":"way/180547838","osm_url":"https://www.openstreetmap.org/way/180547838","source":"OpenStreetMap","brand":"MDL"}},{"type":"Feature","geometry":{"type":"Point","coordinates":[-1.3116718,50.8710121]},"properties":{"name":"Mercury Yacht Harbour","layer":"marinas","note":"OpenStreetMap","osm_id":"way/180548083","osm_url":"https://www.openstreetmap.org/way/180548083","source":"OpenStreetMap"}},{"type":"Feature","geometry":{"type":"Point","coordinates":[-10.0555091,51.7697603]},"properties":{"name":"Marina","layer":"marinas","note":"OpenStreetMap","osm_id":"way/180818987","osm_url":"https://www.openstreetmap.org/way/180818987","source":"OpenStreetMap"}},{"type":"Feature","geometry":{"type":"Point","coordinates":[0.6644771,51.642756]},"properties":{"name":"Fambridge Yacht Haven","layer":"marinas","note":"OpenStreetMap","osm_id":"way/182595959","osm_url":"https://www.openstreetmap.org/way/182595959","source":"OpenStreetMap"}},{"type":"Feature","geometry":{"type":"Point","coordinates":[-7.7345155,54.4778405]},"properties":{"name":"Marina","layer":"marinas","note":"OpenStreetMap","osm_id":"way/182596926","osm_url":"https://www.openstreetmap.org/way/182596926","source":"OpenStreetMap"}},{"type":"Feature","geometry":{"type":"Point","coordinates":[-1.3526868,50.8709579]},"properties":{"name":"Netley Cliff Sailing Club","layer":"marinas","note":"OpenStreetMap","osm_id":"way/183141582","osm_url":"https://www.openstreetmap.org/way/183141582","source":"OpenStreetMap"}},{"type":"Feature","geometry":{"type":"Point","coordinates":[-0.6118685,54.483121]},"properties":{"name":"Whitby Marina","layer":"marinas","note":"OpenStreetMap","osm_id":"way/183819603","osm_url":"https://www.openstreetmap.org/way/183819603","source":"OpenStreetMap"}},{"type":"Feature","geometry":{"type":"Point","coordinates":[-2.4978233,53.4919822]},"properties":{"name":"Butt's Marina","layer":"marinas","note":"OpenStreetMap","osm_id":"way/183854764","osm_url":"https://www.openstreetmap.org/way/183854764","source":"OpenStreetMap"}},{"type":"Feature","geometry":{"type":"Point","coordinates":[-0.3896698,54.2831177]},"properties":{"name":"Marina","layer":"marinas","note":"OpenStreetMap","osm_id":"way/185021655","osm_url":"https://www.openstreetmap.org/way/185021655","source":"OpenStreetMap"}},{"type":"Feature","geometry":{"type":"Point","coordinates":[-0.3882452,54.2826039]},"properties":{"name":"East Harbour","layer":"marinas","note":"OpenStreetMap","osm_id":"way/185021656","osm_url":"https://www.openstreetmap.org/way/185021656","source":"OpenStreetMap"}},{"type":"Feature","geometry":{"type":"Point","coordinates":[-0.0166009,51.4919874]},"properties":{"name":"Clippers Quay","layer":"marinas","note":"OpenStreetMap","osm_id":"way/187272261","osm_url":"https://www.openstreetmap.org/way/187272261","source":"OpenStreetMap"}},{"type":"Feature","geometry":{"type":"Point","coordinates":[-2.1055218,52.7120987]},"properties":{"name":"Otherton Boat Haven","layer":"marinas","note":"OpenStreetMap","osm_id":"way/187643821","osm_url":"https://www.openstreetmap.org/way/187643821","source":"OpenStreetMap"}},{"type":"Feature","geometry":{"type":"Point","coordinates":[-1.8339755,52.7297802]},"properties":{"name":"Kings Bromley Marina","layer":"marinas","note":"OpenStreetMap","osm_id":"way/188245748","osm_url":"https://www.openstreetmap.org/way/188245748","source":"OpenStreetMap"}},{"type":"Feature","geometry":{"type":"Point","coordinates":[-7.8074147,54.0548658]},"properties":{"name":"Ballinamore Mooring","layer":"marinas","note":"OpenStreetMap","osm_id":"way/188503441","osm_url":"https://www.openstreetmap.org/way/188503441","source":"OpenStreetMap"}},{"type":"Feature","geometry":{"type":"Point","coordinates":[0.0731364,51.5053249]},"properties":{"name":"Gallions Point Marina","layer":"marinas","note":"OpenStreetMap","osm_id":"way/188908350","osm_url":"https://www.openstreetmap.org/way/188908350","source":"OpenStreetMap"}},{"type":"Feature","geometry":{"type":"Point","coordinates":[-2.992107,51.7328601]},"properties":{"name":"Marina","layer":"marinas","note":"OpenStreetMap","osm_id":"way/189640653","osm_url":"https://www.openstreetmap.org/way/189640653","source":"OpenStreetMap"}},{"type":"Feature","geometry":{"type":"Point","coordinates":[-1.3592538,51.7648154]},"properties":{"name":"Oxford Cruisers","layer":"marinas","note":"OpenStreetMap","osm_id":"way/189701290","osm_url":"https://www.openstreetmap.org/way/189701290","source":"OpenStreetMap"}},{"type":"Feature","geometry":{"type":"Point","coordinates":[-1.7778697,52.6815215]},"properties":{"name":"Lichfield Cruising Club","layer":"marinas","note":"OpenStreetMap","osm_id":"way/191109384","osm_url":"https://www.openstreetmap.org/way/191109384","source":"OpenStreetMap"}},{"type":"Feature","geometry":{"type":"Point","coordinates":[-3.3685835,51.8119744]},"properties":{"name":"Merthyr Tydfil Sailing Club","layer":"marinas","note":"OpenStreetMap","osm_id":"way/192992068","osm_url":"https://www.openstreetmap.org/way/192992068","source":"OpenStreetMap"}},{"type":"Feature","geometry":{"type":"Point","coordinates":[0.7128104,51.7342965]},"properties":{"name":"Blackwater Sailing Club","layer":"marinas","note":"OpenStreetMap","osm_id":"way/193865873","osm_url":"https://www.openstreetmap.org/way/193865873","source":"OpenStreetMap"}},{"type":"Feature","geometry":{"type":"Point","coordinates":[-1.0646146,51.4289232]},"properties":{"name":"Burghfield Sailing Club","layer":"marinas","note":"OpenStreetMap","osm_id":"way/195217941","osm_url":"https://www.openstreetmap.org/way/195217941","source":"OpenStreetMap"}},{"type":"Feature","geometry":{"type":"Point","coordinates":[0.3281084,50.7943739]},"properties":{"name":"Sovereign Harbour","layer":"marinas","note":"OpenStreetMap","osm_id":"way/19578151","osm_url":"https://www.openstreetmap.org/way/19578151","source":"OpenStreetMap"}},{"type":"Feature","geometry":{"type":"Point","coordinates":[-1.33632,52.0657582]},"properties":{"name":"Soverign Wharf","layer":"marinas","note":"OpenStreetMap","osm_id":"way/196441630","osm_url":"https://www.openstreetmap.org/way/196441630","source":"OpenStreetMap"}},{"type":"Feature","geometry":{"type":"Point","coordinates":[-5.3140419,55.8727934]},"properties":{"name":"Portavadie","layer":"marinas","note":"OpenStreetMap","osm_id":"way/198243892","osm_url":"https://www.openstreetmap.org/way/198243892","source":"OpenStreetMap"}},{"type":"Feature","geometry":{"type":"Point","coordinates":[-1.7905891,50.7310601]},"properties":{"name":"Marina","layer":"marinas","note":"OpenStreetMap","osm_id":"way/199769973","osm_url":"https://www.openstreetmap.org/way/199769973","source":"OpenStreetMap"}},{"type":"Feature","geometry":{"type":"Point","coordinates":[-2.1959517,53.0239025]},"properties":{"name":"Festival Park Marina","layer":"marinas","note":"OpenStreetMap","osm_id":"way/201818248","osm_url":"https://www.openstreetmap.org/way/201818248","source":"OpenStreetMap"}},{"type":"Feature","geometry":{"type":"Point","coordinates":[-8.4315661,52.9303826]},"properties":{"name":"Iniscealtra Sailing Club","layer":"marinas","note":"OpenStreetMap","osm_id":"way/203468549","osm_url":"https://www.openstreetmap.org/way/203468549","source":"OpenStreetMap"}},{"type":"Feature","geometry":{"type":"Point","coordinates":[-3.9035467,52.6676621]},"properties":{"name":"Marina","layer":"marinas","note":"OpenStreetMap","osm_id":"way/205371543","osm_url":"https://www.openstreetmap.org/way/205371543","source":"OpenStreetMap"}},{"type":"Feature","geometry":{"type":"Point","coordinates":[-1.2907811,50.7511591]},"properties":{"name":"East Cowes Marina","layer":"marinas","note":"OpenStreetMap","osm_id":"way/205503540","osm_url":"https://www.openstreetmap.org/way/205503540","source":"OpenStreetMap"}},{"type":"Feature","geometry":{"type":"Point","coordinates":[-0.3256809,51.4383803]},"properties":{"name":"Marina","layer":"marinas","note":"OpenStreetMap","osm_id":"way/206555474","osm_url":"https://www.openstreetmap.org/way/206555474","source":"OpenStreetMap"}},{"type":"Feature","geometry":{"type":"Point","coordinates":[-1.2167271,52.3405451]},"properties":{"name":"Barby Moorings","layer":"marinas","note":"OpenStreetMap","osm_id":"way/207794981","osm_url":"https://www.openstreetmap.org/way/207794981","source":"OpenStreetMap"}},{"type":"Feature","geometry":{"type":"Point","coordinates":[-1.5317222,52.5582852]},"properties":{"name":"Mancetter Marina","layer":"marinas","note":"OpenStreetMap","osm_id":"way/207796762","osm_url":"https://www.openstreetmap.org/way/207796762","source":"OpenStreetMap"}},{"type":"Feature","geometry":{"type":"Point","coordinates":[-1.1252506,52.3504954]},"properties":{"name":"Crick Marina","layer":"marinas","note":"OpenStreetMap","osm_id":"way/207808998","osm_url":"https://www.openstreetmap.org/way/207808998","source":"OpenStreetMap"}},{"type":"Feature","geometry":{"type":"Point","coordinates":[-1.1164353,52.3641366]},"properties":{"name":"Yelvertoft Marina","layer":"marinas","note":"OpenStreetMap","osm_id":"way/207809169","osm_url":"https://www.openstreetmap.org/way/207809169","source":"OpenStreetMap"}},{"type":"Feature","geometry":{"type":"Point","coordinates":[-1.5607654,52.5827885]},"properties":{"name":"Baddesley Wharf","layer":"marinas","note":"OpenStreetMap","osm_id":"way/207811072","osm_url":"https://www.openstreetmap.org/way/207811072","source":"OpenStreetMap"}},{"type":"Feature","geometry":{"type":"Point","coordinates":[-4.2045463,56.7016418]},"properties":{"name":"Leisure","layer":"marinas","note":"OpenStreetMap","osm_id":"way/210587948","osm_url":"https://www.openstreetmap.org/way/210587948","source":"OpenStreetMap"}},{"type":"Feature","geometry":{"type":"Point","coordinates":[-0.0103687,51.5010394]},"properties":{"name":"Dockland Scout Project","layer":"marinas","note":"OpenStreetMap","osm_id":"way/211021981","osm_url":"https://www.openstreetmap.org/way/211021981","source":"OpenStreetMap"}},{"type":"Feature","geometry":{"type":"Point","coordinates":[-1.3027466,51.4027369]},"properties":{"name":"Marina","layer":"marinas","note":"OpenStreetMap","osm_id":"way/211093768","osm_url":"https://www.openstreetmap.org/way/211093768","source":"OpenStreetMap"}},{"type":"Feature","geometry":{"type":"Point","coordinates":[-0.0746131,51.8001821]},"properties":{"name":"Marina","layer":"marinas","note":"OpenStreetMap","osm_id":"way/211713860","osm_url":"https://www.openstreetmap.org/way/211713860","source":"OpenStreetMap"}},{"type":"Feature","geometry":{"type":"Point","coordinates":[-2.022451,49.1982493]},"properties":{"name":"Gorey Harbour","layer":"marinas","note":"OpenStreetMap","osm_id":"way/212335646","osm_url":"https://www.openstreetmap.org/way/212335646","source":"OpenStreetMap"}},{"type":"Feature","geometry":{"type":"Point","coordinates":[-4.1597997,55.934951]},"properties":{"name":"Southbank Marina","layer":"marinas","note":"OpenStreetMap","osm_id":"way/214643204","osm_url":"https://www.openstreetmap.org/way/214643204","source":"OpenStreetMap"}},{"type":"Feature","geometry":{"type":"Point","coordinates":[-2.0882007,52.780748]},"properties":{"name":"Stafford Boat Club","layer":"marinas","note":"Stafford Boat Club Ltd","osm_id":"way/215453890","osm_url":"https://www.openstreetmap.org/way/215453890","source":"OpenStreetMap","brand":"Stafford Boat Club Ltd"}},{"type":"Feature","geometry":{"type":"Point","coordinates":[-1.7929204,52.174377]},"properties":{"name":"Welford Boat Station","layer":"marinas","note":"OpenStreetMap","osm_id":"way/216228589","osm_url":"https://www.openstreetmap.org/way/216228589","source":"OpenStreetMap"}},{"type":"Feature","geometry":{"type":"Point","coordinates":[-2.1493609,52.9018761]},"properties":{"name":"Canal Cruising Company","layer":"marinas","note":"OpenStreetMap","osm_id":"way/216653584","osm_url":"https://www.openstreetmap.org/way/216653584","source":"OpenStreetMap"}},{"type":"Feature","geometry":{"type":"Point","coordinates":[-2.1224085,52.8840092]},"properties":{"name":"Aston Marina","layer":"marinas","note":"OpenStreetMap","osm_id":"way/216693574","osm_url":"https://www.openstreetmap.org/way/216693574","source":"OpenStreetMap"}},{"type":"Feature","geometry":{"type":"Point","coordinates":[-1.7170553,53.9077147]},"properties":{"name":"Otley Sailing Club","layer":"marinas","note":"Otley Sailing Club","osm_id":"way/217162101","osm_url":"https://www.openstreetmap.org/way/217162101","source":"OpenStreetMap","brand":"Otley Sailing Club"}},{"type":"Feature","geometry":{"type":"Point","coordinates":[-0.5254431,53.6758344]},"properties":{"name":"South Ferriby Marina","layer":"marinas","note":"Clapson & Sons","osm_id":"way/217519222","osm_url":"https://www.openstreetmap.org/way/217519222","source":"OpenStreetMap","brand":"Clapson & Sons"}},{"type":"Feature","geometry":{"type":"Point","coordinates":[-1.7692659,53.8807301]},"properties":{"name":"Wharfedale Scout Sailing Centre","layer":"marinas","note":"OpenStreetMap","osm_id":"way/218032197","osm_url":"https://www.openstreetmap.org/way/218032197","source":"OpenStreetMap"}},{"type":"Feature","geometry":{"type":"Point","coordinates":[-1.5729515,54.9659094]},"properties":{"name":"Marina","layer":"marinas","note":"OpenStreetMap","osm_id":"way/220162289","osm_url":"https://www.openstreetmap.org/way/220162289","source":"OpenStreetMap"}},{"type":"Feature","geometry":{"type":"Point","coordinates":[-1.8291698,52.7291271]},"properties":{"name":"Bromley Wharf","layer":"marinas","note":"OpenStreetMap","osm_id":"way/221006641","osm_url":"https://www.openstreetmap.org/way/221006641","source":"OpenStreetMap"}},{"type":"Feature","geometry":{"type":"Point","coordinates":[-0.711439,51.5634252]},"properties":{"name":"Cookham Reach Sailing Club","layer":"marinas","note":"OpenStreetMap","osm_id":"way/221056821","osm_url":"https://www.openstreetmap.org/way/221056821","source":"OpenStreetMap"}},{"type":"Feature","geometry":{"type":"Point","coordinates":[-1.1355135,52.7416514]},"properties":{"name":"Meadow Farm Marina","layer":"marinas","note":"OpenStreetMap","osm_id":"way/221468800","osm_url":"https://www.openstreetmap.org/way/221468800","source":"OpenStreetMap"}},{"type":"Feature","geometry":{"type":"Point","coordinates":[0.4812585,51.2545991]},"properties":{"name":"Marina","layer":"marinas","note":"OpenStreetMap","osm_id":"way/223239693","osm_url":"https://www.openstreetmap.org/way/223239693","source":"OpenStreetMap"}},{"type":"Feature","geometry":{"type":"Point","coordinates":[-0.6611143,51.4863396]},"properties":{"name":"Marina","layer":"marinas","note":"OpenStreetMap","osm_id":"way/223261604","osm_url":"https://www.openstreetmap.org/way/223261604","source":"OpenStreetMap"}},{"type":"Feature","geometry":{"type":"Point","coordinates":[-0.6829909,51.4979723]},"properties":{"name":"Bray Marina","layer":"marinas","note":"OpenStreetMap","osm_id":"way/223261881","osm_url":"https://www.openstreetmap.org/way/223261881","source":"OpenStreetMap"}},{"type":"Feature","geometry":{"type":"Point","coordinates":[-1.9980762,50.7089112]},"properties":{"name":"Poole Yacht Club","layer":"marinas","note":"OpenStreetMap","osm_id":"way/223848443","osm_url":"https://www.openstreetmap.org/way/223848443","source":"OpenStreetMap"}},{"type":"Feature","geometry":{"type":"Point","coordinates":[-1.1183964,50.7912443]},"properties":{"name":"Haslar Marina","layer":"marinas","note":"OpenStreetMap","osm_id":"way/225109863","osm_url":"https://www.openstreetmap.org/way/225109863","source":"OpenStreetMap"}},{"type":"Feature","geometry":{"type":"Point","coordinates":[-2.2360201,52.2134607]},"properties":{"name":"Northwick Marina","layer":"marinas","note":"OpenStreetMap","osm_id":"way/226965620","osm_url":"https://www.openstreetmap.org/way/226965620","source":"OpenStreetMap"}},{"type":"Feature","geometry":{"type":"Point","coordinates":[0.168075,51.832007]},"properties":{"name":"Hallingbury Marina","layer":"marinas","note":"OpenStreetMap","osm_id":"way/228044755","osm_url":"https://www.openstreetmap.org/way/228044755","source":"OpenStreetMap"}},{"type":"Feature","geometry":{"type":"Point","coordinates":[-1.528255,50.7511507]},"properties":{"name":"Lymington Yacht Haven","layer":"marinas","note":"OpenStreetMap","osm_id":"way/228184967","osm_url":"https://www.openstreetmap.org/way/228184967","source":"OpenStreetMap"}},{"type":"Feature","geometry":{"type":"Point","coordinates":[-1.5325605,50.756894]},"properties":{"name":"Berthon Marina","layer":"marinas","note":"OpenStreetMap","osm_id":"way/228186391","osm_url":"https://www.openstreetmap.org/way/228186391","source":"OpenStreetMap"}},{"type":"Feature","geometry":{"type":"Point","coordinates":[-10.233192,51.9476409]},"properties":{"name":"Cahersiveen Marina","layer":"marinas","note":"ACARD Limited","osm_id":"way/228920460","osm_url":"https://www.openstreetmap.org/way/228920460","source":"OpenStreetMap","brand":"ACARD Limited"}},{"type":"Feature","geometry":{"type":"Point","coordinates":[-5.4323059,56.4500358]},"properties":{"name":"Dunstaffnage Marina","layer":"marinas","note":"OpenStreetMap","osm_id":"way/229191155","osm_url":"https://www.openstreetmap.org/way/229191155","source":"OpenStreetMap"}},{"type":"Feature","geometry":{"type":"Point","coordinates":[-3.3777983,55.9241858]},"properties":{"name":"Ratho Marina","layer":"marinas","note":"OpenStreetMap","osm_id":"way/230828257","osm_url":"https://www.openstreetmap.org/way/230828257","source":"OpenStreetMap"}},{"type":"Feature","geometry":{"type":"Point","coordinates":[-2.2506804,51.8629332]},"properties":{"name":"Victoria Basin","layer":"marinas","note":"Canal & River Trust","osm_id":"way/23118233","osm_url":"https://www.openstreetmap.org/way/23118233","source":"OpenStreetMap","brand":"Canal & River Trust"}},{"type":"Feature","geometry":{"type":"Point","coordinates":[-2.0974851,52.6739546]},"properties":{"name":"Calf Heath Marina","layer":"marinas","note":"OpenStreetMap","osm_id":"way/231845515","osm_url":"https://www.openstreetmap.org/way/231845515","source":"OpenStreetMap"}},{"type":"Feature","geometry":{"type":"Point","coordinates":[-1.0991888,50.8429515]},"properties":{"name":"Marina","layer":"marinas","note":"OpenStreetMap","osm_id":"way/23224461","osm_url":"https://www.openstreetmap.org/way/23224461","source":"OpenStreetMap"}},{"type":"Feature","geometry":{"type":"Point","coordinates":[-1.7074223,52.7595101]},"properties":{"name":"Barton Marina","layer":"marinas","note":"OpenStreetMap","osm_id":"way/233292175","osm_url":"https://www.openstreetmap.org/way/233292175","source":"OpenStreetMap"}},{"type":"Feature","geometry":{"type":"Point","coordinates":[-9.3773671,51.4813767]},"properties":{"name":"Baltmore","layer":"marinas","note":"OpenStreetMap","osm_id":"way/233441539","osm_url":"https://www.openstreetmap.org/way/233441539","source":"OpenStreetMap"}},{"type":"Feature","geometry":{"type":"Point","coordinates":[-1.2716733,51.7499768]},"properties":{"name":"Osney Mill Marina (Upper)","layer":"marinas","note":"OpenStreetMap","osm_id":"way/234349723","osm_url":"https://www.openstreetmap.org/way/234349723","source":"OpenStreetMap"}},{"type":"Feature","geometry":{"type":"Point","coordinates":[-1.1168569,51.6201291]},"properties":{"name":"Benson Marina","layer":"marinas","note":"OpenStreetMap","osm_id":"way/234805107","osm_url":"https://www.openstreetmap.org/way/234805107","source":"OpenStreetMap"}},{"type":"Feature","geometry":{"type":"Point","coordinates":[-1.946677,50.6887368]},"properties":{"name":"Royal Motor Yacht Club","layer":"marinas","note":"OpenStreetMap","osm_id":"way/235430148","osm_url":"https://www.openstreetmap.org/way/235430148","source":"OpenStreetMap"}},{"type":"Feature","geometry":{"type":"Point","coordinates":[-0.6376225,51.4882147]},"properties":{"name":"Racecourse Marina","layer":"marinas","note":"OpenStreetMap","osm_id":"way/23682362","osm_url":"https://www.openstreetmap.org/way/23682362","source":"OpenStreetMap"}},{"type":"Feature","geometry":{"type":"Point","coordinates":[-1.9117905,52.4806647]},"properties":{"name":"Cambrian Wharf","layer":"marinas","note":"OpenStreetMap","osm_id":"way/237240555","osm_url":"https://www.openstreetmap.org/way/237240555","source":"OpenStreetMap"}},{"type":"Feature","geometry":{"type":"Point","coordinates":[-3.6289535,51.220198]},"properties":{"name":"Porlock Weir","layer":"marinas","note":"Porlock Manor Estate","osm_id":"way/237589171","osm_url":"https://www.openstreetmap.org/way/237589171","source":"OpenStreetMap","brand":"Porlock Manor Estate"}},{"type":"Feature","geometry":{"type":"Point","coordinates":[-0.8119337,52.2443745]},"properties":{"name":"Marina","layer":"marinas","note":"OpenStreetMap","osm_id":"way/237700902","osm_url":"https://www.openstreetmap.org/way/237700902","source":"OpenStreetMap"}},{"type":"Feature","geometry":{"type":"Point","coordinates":[-5.0864563,55.861315]},"properties":{"name":"Port Bannatyne Marina","layer":"marinas","note":"OpenStreetMap","osm_id":"way/237778808","osm_url":"https://www.openstreetmap.org/way/237778808","source":"OpenStreetMap"}},{"type":"Feature","geometry":{"type":"Point","coordinates":[-0.4807575,51.6317575]},"properties":{"name":"Bury Lake Young Mariners (BLYM)","layer":"marinas","note":"OpenStreetMap","osm_id":"way/23854309","osm_url":"https://www.openstreetmap.org/way/23854309","source":"OpenStreetMap"}},{"type":"Feature","geometry":{"type":"Point","coordinates":[-1.6339721,52.6361593]},"properties":{"name":"Alvecote Marina","layer":"marinas","note":"OpenStreetMap","osm_id":"way/239511020","osm_url":"https://www.openstreetmap.org/way/239511020","source":"OpenStreetMap"}},{"type":"Feature","geometry":{"type":"Point","coordinates":[-1.6845581,52.6232195]},"properties":{"name":"Tamworth Cruising Club","layer":"marinas","note":"OpenStreetMap","osm_id":"way/239615963","osm_url":"https://www.openstreetmap.org/way/239615963","source":"OpenStreetMap"}},{"type":"Feature","geometry":{"type":"Point","coordinates":[-1.7045842,52.6081887]},"properties":{"name":"Marina","layer":"marinas","note":"OpenStreetMap","osm_id":"way/239848911","osm_url":"https://www.openstreetmap.org/way/239848911","source":"OpenStreetMap"}},{"type":"Feature","geometry":{"type":"Point","coordinates":[-3.1729619,51.4452418]},"properties":{"name":"Penarth Marina","layer":"marinas","note":"OpenStreetMap","osm_id":"way/24006016","osm_url":"https://www.openstreetmap.org/way/24006016","source":"OpenStreetMap"}},{"type":"Feature","geometry":{"type":"Point","coordinates":[-0.1810407,51.4753247]},"properties":{"name":"Chelsea Harbour","layer":"marinas","note":"OpenStreetMap","osm_id":"way/24010915","osm_url":"https://www.openstreetmap.org/way/24010915","source":"OpenStreetMap"}},{"type":"Feature","geometry":{"type":"Point","coordinates":[-4.7196758,56.3019451]},"properties":{"name":"Marina","layer":"marinas","note":"OpenStreetMap","osm_id":"way/240528542","osm_url":"https://www.openstreetmap.org/way/240528542","source":"OpenStreetMap"}},{"type":"Feature","geometry":{"type":"Point","coordinates":[-1.3808459,50.9223028]},"properties":{"name":"Priory Boat Yard","layer":"marinas","note":"OpenStreetMap","osm_id":"way/241283646","osm_url":"https://www.openstreetmap.org/way/241283646","source":"OpenStreetMap"}},{"type":"Feature","geometry":{"type":"Point","coordinates":[-1.4508863,52.8591474]},"properties":{"name":"Swarkestone Boat Club","layer":"marinas","note":"OpenStreetMap","osm_id":"way/241751278","osm_url":"https://www.openstreetmap.org/way/241751278","source":"OpenStreetMap"}},{"type":"Feature","geometry":{"type":"Point","coordinates":[0.2012874,52.3270817]},"properties":{"name":"Stretham Ferry Marina","layer":"marinas","note":"OpenStreetMap","osm_id":"way/24265380","osm_url":"https://www.openstreetmap.org/way/24265380","source":"OpenStreetMap"}},{"type":"Feature","geometry":{"type":"Point","coordinates":[0.2039436,52.327296]},"properties":{"name":"Lazy Otter Marina","layer":"marinas","note":"OpenStreetMap","osm_id":"way/24265383","osm_url":"https://www.openstreetmap.org/way/24265383","source":"OpenStreetMap"}},{"type":"Feature","geometry":{"type":"Point","coordinates":[0.2519966,52.3087656]},"properties":{"name":"Upware Marina","layer":"marinas","note":"OpenStreetMap","osm_id":"way/24265423","osm_url":"https://www.openstreetmap.org/way/24265423","source":"OpenStreetMap"}},{"type":"Feature","geometry":{"type":"Point","coordinates":[-2.1210892,52.2664834]},"properties":{"name":"Droitwich Spa Marina","layer":"marinas","note":"OpenStreetMap","osm_id":"way/242858115","osm_url":"https://www.openstreetmap.org/way/242858115","source":"OpenStreetMap"}},{"type":"Feature","geometry":{"type":"Point","coordinates":[1.663829,52.3197934]},"properties":{"name":"Marina","layer":"marinas","note":"OpenStreetMap","osm_id":"way/242869787","osm_url":"https://www.openstreetmap.org/way/242869787","source":"OpenStreetMap"}},{"type":"Feature","geometry":{"type":"Point","coordinates":[-2.0941862,52.7401656]},"properties":{"name":"Marina","layer":"marinas","note":"OpenStreetMap","osm_id":"way/244748252","osm_url":"https://www.openstreetmap.org/way/244748252","source":"OpenStreetMap"}},{"type":"Feature","geometry":{"type":"Point","coordinates":[-0.3808929,51.5214109]},"properties":{"name":"Marina","layer":"marinas","note":"OpenStreetMap","osm_id":"way/24597850","osm_url":"https://www.openstreetmap.org/way/24597850","source":"OpenStreetMap"}},{"type":"Feature","geometry":{"type":"Point","coordinates":[-1.2766569,51.9877475]},"properties":{"name":"Aynho Wharf","layer":"marinas","note":"OpenStreetMap","osm_id":"way/248119314","osm_url":"https://www.openstreetmap.org/way/248119314","source":"OpenStreetMap"}},{"type":"Feature","geometry":{"type":"Point","coordinates":[-2.3546848,53.1284363]},"properties":{"name":"Marina","layer":"marinas","note":"OpenStreetMap","osm_id":"way/250691090","osm_url":"https://www.openstreetmap.org/way/250691090","source":"OpenStreetMap"}},{"type":"Feature","geometry":{"type":"Point","coordinates":[-1.4729017,52.5150755]},"properties":{"name":"Boot Wharf","layer":"marinas","note":"OpenStreetMap","osm_id":"way/253192813","osm_url":"https://www.openstreetmap.org/way/253192813","source":"OpenStreetMap"}},{"type":"Feature","geometry":{"type":"Point","coordinates":[-1.4949308,52.5399506]},"properties":{"name":"Springwood Haven Marina","layer":"marinas","note":"OpenStreetMap","osm_id":"way/253196347","osm_url":"https://www.openstreetmap.org/way/253196347","source":"OpenStreetMap"}},{"type":"Feature","geometry":{"type":"Point","coordinates":[-0.4827433,51.5521871]},"properties":{"name":"Denham Marina","layer":"marinas","note":"OpenStreetMap","osm_id":"way/254637652","osm_url":"https://www.openstreetmap.org/way/254637652","source":"OpenStreetMap"}},{"type":"Feature","geometry":{"type":"Point","coordinates":[-0.1948862,53.0835958]},"properties":{"name":"Marina","layer":"marinas","note":"OpenStreetMap","osm_id":"way/254822478","osm_url":"https://www.openstreetmap.org/way/254822478","source":"OpenStreetMap"}},{"type":"Feature","geometry":{"type":"Point","coordinates":[-9.0769759,53.3870261]},"properties":{"name":"Annaghdown Pier","layer":"marinas","note":"OpenStreetMap","osm_id":"way/255606475","osm_url":"https://www.openstreetmap.org/way/255606475","source":"OpenStreetMap"}},{"type":"Feature","geometry":{"type":"Point","coordinates":[-2.7556015,53.8184954]},"properties":{"name":"Moons Bridge Marina","layer":"marinas","note":"OpenStreetMap","osm_id":"way/255771869","osm_url":"https://www.openstreetmap.org/way/255771869","source":"OpenStreetMap"}},{"type":"Feature","geometry":{"type":"Point","coordinates":[-0.2567607,51.5683679]},"properties":{"name":"Welsh Harp Sailing Association","layer":"marinas","note":"OpenStreetMap","osm_id":"way/25628372","osm_url":"https://www.openstreetmap.org/way/25628372","source":"OpenStreetMap"}},{"type":"Feature","geometry":{"type":"Point","coordinates":[-0.9426387,50.7857845]},"properties":{"name":"Sparkes Marina","layer":"marinas","note":"OpenStreetMap","osm_id":"way/256442404","osm_url":"https://www.openstreetmap.org/way/256442404","source":"OpenStreetMap"}},{"type":"Feature","geometry":{"type":"Point","coordinates":[-1.4217819,52.5738513]},"properties":{"name":"Ashby Canal Centre","layer":"marinas","note":"The Ashby Canal Centre","osm_id":"way/260376427","osm_url":"https://www.openstreetmap.org/way/260376427","source":"OpenStreetMap","brand":"The Ashby Canal Centre"}},{"type":"Feature","geometry":{"type":"Point","coordinates":[-0.5056527,51.4105419]},"properties":{"name":"Penton Hook Marina","layer":"marinas","note":"OpenStreetMap","osm_id":"way/261427009","osm_url":"https://www.openstreetmap.org/way/261427009","source":"OpenStreetMap"}},{"type":"Feature","geometry":{"type":"Point","coordinates":[-1.3904653,50.8954266]},"properties":{"name":"Ocean Village Marina","layer":"marinas","note":"OpenStreetMap","osm_id":"way/262376853","osm_url":"https://www.openstreetmap.org/way/262376853","source":"OpenStreetMap"}},{"type":"Feature","geometry":{"type":"Point","coordinates":[-0.4595525,51.7333577]},"properties":{"name":"Apsley Marina","layer":"marinas","note":"OpenStreetMap","osm_id":"way/26342399","osm_url":"https://www.openstreetmap.org/way/26342399","source":"OpenStreetMap"}},{"type":"Feature","geometry":{"type":"Point","coordinates":[-0.4105498,52.5686881]},"properties":{"name":"Marina","layer":"marinas","note":"OpenStreetMap","osm_id":"way/264504447","osm_url":"https://www.openstreetmap.org/way/264504447","source":"OpenStreetMap"}},{"type":"Feature","geometry":{"type":"Point","coordinates":[0.0467187,52.3525559]},"properties":{"name":"Hermitage Marina","layer":"marinas","note":"OpenStreetMap","osm_id":"way/264826767","osm_url":"https://www.openstreetmap.org/way/264826767","source":"OpenStreetMap"}},{"type":"Feature","geometry":{"type":"Point","coordinates":[-2.7607372,51.4894101]},"properties":{"name":"Portishead Quays Marina","layer":"marinas","note":"Quay Marinas","osm_id":"way/26730520","osm_url":"https://www.openstreetmap.org/way/26730520","source":"OpenStreetMap","brand":"Quay Marinas"}},{"type":"Feature","geometry":{"type":"Point","coordinates":[0.1718189,52.3199337]},"properties":{"name":"Twenty Pence Marina","layer":"marinas","note":"OpenStreetMap","osm_id":"way/26738901","osm_url":"https://www.openstreetmap.org/way/26738901","source":"OpenStreetMap"}},{"type":"Feature","geometry":{"type":"Point","coordinates":[-1.4571514,52.4475956]},"properties":{"name":"Coventry Cruising Club","layer":"marinas","note":"OpenStreetMap","osm_id":"way/272375523","osm_url":"https://www.openstreetmap.org/way/272375523","source":"OpenStreetMap"}},{"type":"Feature","geometry":{"type":"Point","coordinates":[-3.5078515,50.3998327]},"properties":{"name":"Brixham Marina","layer":"marinas","note":"OpenStreetMap","osm_id":"way/27430971","osm_url":"https://www.openstreetmap.org/way/27430971","source":"OpenStreetMap"}},{"type":"Feature","geometry":{"type":"Point","coordinates":[-1.3744816,52.1718434]},"properties":{"name":"Cowroast Fenny Marina","layer":"marinas","note":"OpenStreetMap","osm_id":"way/275555207","osm_url":"https://www.openstreetmap.org/way/275555207","source":"OpenStreetMap"}},{"type":"Feature","geometry":{"type":"Point","coordinates":[-2.623171,51.3445616]},"properties":{"name":"Chew Valley Lake Sailing Club","layer":"marinas","note":"OpenStreetMap","osm_id":"way/276192393","osm_url":"https://www.openstreetmap.org/way/276192393","source":"OpenStreetMap"}},{"type":"Feature","geometry":{"type":"Point","coordinates":[0.0459399,52.3524778]},"properties":{"name":"Hermitage Marina","layer":"marinas","note":"via Ely Marine Ltd","osm_id":"way/27825610","osm_url":"https://www.openstreetmap.org/way/27825610","source":"OpenStreetMap","brand":"via Ely Marine Ltd"}},{"type":"Feature","geometry":{"type":"Point","coordinates":[-0.4820038,51.5182946]},"properties":{"name":"Packet Boat Marina","layer":"marinas","note":"OpenStreetMap","osm_id":"way/279651994","osm_url":"https://www.openstreetmap.org/way/279651994","source":"OpenStreetMap"}},{"type":"Feature","geometry":{"type":"Point","coordinates":[-0.4839832,51.5848679]},"properties":{"name":"Harefield Marina","layer":"marinas","note":"OpenStreetMap","osm_id":"way/280118150","osm_url":"https://www.openstreetmap.org/way/280118150","source":"OpenStreetMap"}},{"type":"Feature","geometry":{"type":"Point","coordinates":[-2.65509,53.3263405]},"properties":{"name":"Preston Brook Marina","layer":"marinas","note":"OpenStreetMap","osm_id":"way/28311946","osm_url":"https://www.openstreetmap.org/way/28311946","source":"OpenStreetMap"}},{"type":"Feature","geometry":{"type":"Point","coordinates":[-1.0694691,60.6043633]},"properties":{"name":"Marina","layer":"marinas","note":"OpenStreetMap","osm_id":"way/286805561","osm_url":"https://www.openstreetmap.org/way/286805561","source":"OpenStreetMap"}},{"type":"Feature","geometry":{"type":"Point","coordinates":[0.2526061,52.3467186]},"properties":{"name":"Fish and Duck Marina","layer":"marinas","note":"OpenStreetMap","osm_id":"way/28713317","osm_url":"https://www.openstreetmap.org/way/28713317","source":"OpenStreetMap"}},{"type":"Feature","geometry":{"type":"Point","coordinates":[-3.0060434,51.1326054]},"properties":{"name":"Bridgwater Marina","layer":"marinas","note":"Sedgemoor District Council","osm_id":"way/28787026","osm_url":"https://www.openstreetmap.org/way/28787026","source":"OpenStreetMap","brand":"Sedgemoor District Council"}},{"type":"Feature","geometry":{"type":"Point","coordinates":[-8.4628284,52.8356282]},"properties":{"name":"National Water Activities Centre","layer":"marinas","note":"OpenStreetMap","osm_id":"way/288235318","osm_url":"https://www.openstreetmap.org/way/288235318","source":"OpenStreetMap"}},{"type":"Feature","geometry":{"type":"Point","coordinates":[-1.5338945,53.7912026]},"properties":{"name":"Leeds Dock","layer":"marinas","note":"OpenStreetMap","osm_id":"way/28836555","osm_url":"https://www.openstreetmap.org/way/28836555","source":"OpenStreetMap"}},{"type":"Feature","geometry":{"type":"Point","coordinates":[-0.831797,50.8034546]},"properties":{"name":"Birdham Pool","layer":"marinas","note":"OpenStreetMap","osm_id":"way/28883253","osm_url":"https://www.openstreetmap.org/way/28883253","source":"OpenStreetMap"}},{"type":"Feature","geometry":{"type":"Point","coordinates":[-0.572414,51.4607769]},"properties":{"name":"Marina","layer":"marinas","note":"OpenStreetMap","osm_id":"way/28910865","osm_url":"https://www.openstreetmap.org/way/28910865","source":"OpenStreetMap"}},{"type":"Feature","geometry":{"type":"Point","coordinates":[0.200111,52.2602988]},"properties":{"name":"Marina","layer":"marinas","note":"OpenStreetMap","osm_id":"way/29026623","osm_url":"https://www.openstreetmap.org/way/29026623","source":"OpenStreetMap"}},{"type":"Feature","geometry":{"type":"Point","coordinates":[-3.4159996,56.1996993]},"properties":{"name":"Marina","layer":"marinas","note":"OpenStreetMap","osm_id":"way/292984211","osm_url":"https://www.openstreetmap.org/way/292984211","source":"OpenStreetMap"}},{"type":"Feature","geometry":{"type":"Point","coordinates":[-4.1675115,57.5670575]},"properties":{"name":"Marina","layer":"marinas","note":"OpenStreetMap","osm_id":"way/295436117","osm_url":"https://www.openstreetmap.org/way/295436117","source":"OpenStreetMap"}},{"type":"Feature","geometry":{"type":"Point","coordinates":[-0.8856852,53.6964019]},"properties":{"name":"Viking Marina","layer":"marinas","note":"OpenStreetMap","osm_id":"way/295628590","osm_url":"https://www.openstreetmap.org/way/295628590","source":"OpenStreetMap"}},{"type":"Feature","geometry":{"type":"Point","coordinates":[-0.8846789,53.6955351]},"properties":{"name":"Goole Marina","layer":"marinas","note":"OpenStreetMap","osm_id":"way/295628591","osm_url":"https://www.openstreetmap.org/way/295628591","source":"OpenStreetMap"}},{"type":"Feature","geometry":{"type":"Point","coordinates":[-2.2164101,52.1964642]},"properties":{"name":"Worcester Marina","layer":"marinas","note":"OpenStreetMap","osm_id":"way/297347764","osm_url":"https://www.openstreetmap.org/way/297347764","source":"OpenStreetMap"}},{"type":"Feature","geometry":{"type":"Point","coordinates":[-1.6773489,53.6739599]},"properties":{"name":"Shepley Bridge Marina","layer":"marinas","note":"OpenStreetMap","osm_id":"way/300128958","osm_url":"https://www.openstreetmap.org/way/300128958","source":"OpenStreetMap"}},{"type":"Feature","geometry":{"type":"Point","coordinates":[-1.7140924,53.6798286]},"properties":{"name":"South Pennine Boat Club","layer":"marinas","note":"OpenStreetMap","osm_id":"way/300179386","osm_url":"https://www.openstreetmap.org/way/300179386","source":"OpenStreetMap"}},{"type":"Feature","geometry":{"type":"Point","coordinates":[1.7167704,52.4751645]},"properties":{"name":"Lowestoft Cruising Club","layer":"marinas","note":"Lowestoft Cruising Club","osm_id":"way/300929758","osm_url":"https://www.openstreetmap.org/way/300929758","source":"OpenStreetMap","brand":"Lowestoft Cruising Club"}},{"type":"Feature","geometry":{"type":"Point","coordinates":[1.1953662,52.0068307]},"properties":{"name":"Woolverstone Marina","layer":"marinas","note":"OpenStreetMap","osm_id":"way/301356456","osm_url":"https://www.openstreetmap.org/way/301356456","source":"OpenStreetMap"}},{"type":"Feature","geometry":{"type":"Point","coordinates":[-1.4520154,54.9959431]},"properties":{"name":"Albert Edward Dock","layer":"marinas","note":"OpenStreetMap","osm_id":"way/30140028","osm_url":"https://www.openstreetmap.org/way/30140028","source":"OpenStreetMap"}},{"type":"Feature","geometry":{"type":"Point","coordinates":[-7.9723736,55.1839304]},"properties":{"name":"Dunfanaghy Harbour","layer":"marinas","note":"OpenStreetMap","osm_id":"way/303647193","osm_url":"https://www.openstreetmap.org/way/303647193","source":"OpenStreetMap"}},{"type":"Feature","geometry":{"type":"Point","coordinates":[0.3306324,50.790267]},"properties":{"name":"Sovereign Outer Harbour","layer":"marinas","note":"OpenStreetMap","osm_id":"way/303946380","osm_url":"https://www.openstreetmap.org/way/303946380","source":"OpenStreetMap"}},{"type":"Feature","geometry":{"type":"Point","coordinates":[-1.1278683,53.5350333]},"properties":{"name":"Marina","layer":"marinas","note":"OpenStreetMap","osm_id":"way/306012206","osm_url":"https://www.openstreetmap.org/way/306012206","source":"OpenStreetMap"}},{"type":"Feature","geometry":{"type":"Point","coordinates":[-8.2825515,52.9241177]},"properties":{"name":"Marina","layer":"marinas","note":"OpenStreetMap","osm_id":"way/308940701","osm_url":"https://www.openstreetmap.org/way/308940701","source":"OpenStreetMap"}},{"type":"Feature","geometry":{"type":"Point","coordinates":[-1.4374993,60.1853933]},"properties":{"name":"Marina","layer":"marinas","note":"OpenStreetMap","osm_id":"way/310339615","osm_url":"https://www.openstreetmap.org/way/310339615","source":"OpenStreetMap"}},{"type":"Feature","geometry":{"type":"Point","coordinates":[-0.9664989,50.8330928]},"properties":{"name":"Northney Marina","layer":"marinas","note":"MDL Northney Marina","osm_id":"way/31119739","osm_url":"https://www.openstreetmap.org/way/31119739","source":"OpenStreetMap","brand":"MDL Northney Marina"}},{"type":"Feature","geometry":{"type":"Point","coordinates":[0.4846552,51.7296338]},"properties":{"name":"Lockside Marina","layer":"marinas","note":"OpenStreetMap","osm_id":"way/313908259","osm_url":"https://www.openstreetmap.org/way/313908259","source":"OpenStreetMap"}},{"type":"Feature","geometry":{"type":"Point","coordinates":[-3.8343066,51.629353]},"properties":{"name":"Monkstone Cruising and Sailing Club","layer":"marinas","note":"OpenStreetMap","osm_id":"way/31567743","osm_url":"https://www.openstreetmap.org/way/31567743","source":"OpenStreetMap"}},{"type":"Feature","geometry":{"type":"Point","coordinates":[0.4176623,51.2213181]},"properties":{"name":"Twyford Marina","layer":"marinas","note":"OpenStreetMap","osm_id":"way/317966099","osm_url":"https://www.openstreetmap.org/way/317966099","source":"OpenStreetMap"}},{"type":"Feature","geometry":{"type":"Point","coordinates":[-3.1691029,51.4456135]},"properties":{"name":"Penarth Marina Office","layer":"marinas","note":"OpenStreetMap","osm_id":"way/317977304","osm_url":"https://www.openstreetmap.org/way/317977304","source":"OpenStreetMap"}},{"type":"Feature","geometry":{"type":"Point","coordinates":[-1.3793942,53.7268343]},"properties":{"name":"Marina","layer":"marinas","note":"OpenStreetMap","osm_id":"way/320521717","osm_url":"https://www.openstreetmap.org/way/320521717","source":"OpenStreetMap"}},{"type":"Feature","geometry":{"type":"Point","coordinates":[-1.0304849,50.7928548]},"properties":{"name":"Marina","layer":"marinas","note":"OpenStreetMap","osm_id":"way/32206878","osm_url":"https://www.openstreetmap.org/way/32206878","source":"OpenStreetMap"}},{"type":"Feature","geometry":{"type":"Point","coordinates":[-0.1285779,51.5364277]},"properties":{"name":"St Pancras Basin","layer":"marinas","note":"OpenStreetMap","osm_id":"way/322758795","osm_url":"https://www.openstreetmap.org/way/322758795","source":"OpenStreetMap"}},{"type":"Feature","geometry":{"type":"Point","coordinates":[-1.9561002,52.107437]},"properties":{"name":"Sankey Marine","layer":"marinas","note":"OpenStreetMap","osm_id":"way/326006140","osm_url":"https://www.openstreetmap.org/way/326006140","source":"OpenStreetMap"}},{"type":"Feature","geometry":{"type":"Point","coordinates":[-4.4987211,56.184376]},"properties":{"name":"Loch Ard Sailing Club","layer":"marinas","note":"OpenStreetMap","osm_id":"way/32630038","osm_url":"https://www.openstreetmap.org/way/32630038","source":"OpenStreetMap"}},{"type":"Feature","geometry":{"type":"Point","coordinates":[-1.2775702,52.8811314]},"properties":{"name":"Erewash Moorings","layer":"marinas","note":"OpenStreetMap","osm_id":"way/326458729","osm_url":"https://www.openstreetmap.org/way/326458729","source":"OpenStreetMap"}},{"type":"Feature","geometry":{"type":"Point","coordinates":[-0.9313898,50.8424557]},"properties":{"name":"Emsworth Marina","layer":"marinas","note":"OpenStreetMap","osm_id":"way/33143649","osm_url":"https://www.openstreetmap.org/way/33143649","source":"OpenStreetMap"}},{"type":"Feature","geometry":{"type":"Point","coordinates":[-1.2693285,51.7480751]},"properties":{"name":"Osney Mill Marina (Lower)","layer":"marinas","note":"OpenStreetMap","osm_id":"way/33150934","osm_url":"https://www.openstreetmap.org/way/33150934","source":"OpenStreetMap"}},{"type":"Feature","geometry":{"type":"Point","coordinates":[-2.851674,54.5982764]},"properties":{"name":"Fairfield Marine","layer":"marinas","note":"Ullswater Holiday Park","osm_id":"way/332151030","osm_url":"https://www.openstreetmap.org/way/332151030","source":"OpenStreetMap","brand":"Ullswater Holiday Park"}},{"type":"Feature","geometry":{"type":"Point","coordinates":[-2.8509895,54.5986618]},"properties":{"name":"Ullswater Marine","layer":"marinas","note":"OpenStreetMap","osm_id":"way/332151036","osm_url":"https://www.openstreetmap.org/way/332151036","source":"OpenStreetMap"}},{"type":"Feature","geometry":{"type":"Point","coordinates":[-7.2540737,55.0465462]},"properties":{"name":"Culmore Yacht Club","layer":"marinas","note":"OpenStreetMap","osm_id":"way/333656680","osm_url":"https://www.openstreetmap.org/way/333656680","source":"OpenStreetMap"}},{"type":"Feature","geometry":{"type":"Point","coordinates":[-0.0990516,50.8103618]},"properties":{"name":"Brighton Marina (Outer Harbour)","layer":"marinas","note":"OpenStreetMap","osm_id":"way/33527103","osm_url":"https://www.openstreetmap.org/way/33527103","source":"OpenStreetMap"}},{"type":"Feature","geometry":{"type":"Point","coordinates":[-0.8206973,50.8041697]},"properties":{"name":"Chichester Marina","layer":"marinas","note":"OpenStreetMap","osm_id":"way/3353382","osm_url":"https://www.openstreetmap.org/way/3353382","source":"OpenStreetMap"}},{"type":"Feature","geometry":{"type":"Point","coordinates":[-9.6666306,53.1183798]},"properties":{"name":"Marina","layer":"marinas","note":"OpenStreetMap","osm_id":"way/33832345","osm_url":"https://www.openstreetmap.org/way/33832345","source":"OpenStreetMap"}},{"type":"Feature","geometry":{"type":"Point","coordinates":[-2.0724378,52.1018844]},"properties":{"name":"Pershore Marina & Boatyard","layer":"marinas","note":"OpenStreetMap","osm_id":"way/340456614","osm_url":"https://www.openstreetmap.org/way/340456614","source":"OpenStreetMap"}},{"type":"Feature","geometry":{"type":"Point","coordinates":[-1.3673013,54.9185285]},"properties":{"name":"Sunderland Marina","layer":"marinas","note":"OpenStreetMap","osm_id":"way/34076964","osm_url":"https://www.openstreetmap.org/way/34076964","source":"OpenStreetMap"}},{"type":"Feature","geometry":{"type":"Point","coordinates":[1.0225769,51.8052467]},"properties":{"name":"Waterside Marina","layer":"marinas","note":"OpenStreetMap","osm_id":"way/34145541","osm_url":"https://www.openstreetmap.org/way/34145541","source":"OpenStreetMap"}},{"type":"Feature","geometry":{"type":"Point","coordinates":[-3.4481485,50.6177574]},"properties":{"name":"Cockwood Harbour","layer":"marinas","note":"OpenStreetMap","osm_id":"way/34349579","osm_url":"https://www.openstreetmap.org/way/34349579","source":"OpenStreetMap"}},{"type":"Feature","geometry":{"type":"Point","coordinates":[-3.736322,51.5510072]},"properties":{"name":"Clwb Hwylio Dur TATA","layer":"marinas","note":"OpenStreetMap","osm_id":"way/343889727","osm_url":"https://www.openstreetmap.org/way/343889727","source":"OpenStreetMap"}},{"type":"Feature","geometry":{"type":"Point","coordinates":[-1.5040712,54.125611]},"properties":{"name":"Ripon Waterside & Marina","layer":"marinas","note":"Aquavista","osm_id":"way/35097828","osm_url":"https://www.openstreetmap.org/way/35097828","source":"OpenStreetMap","brand":"Aquavista"}},{"type":"Feature","geometry":{"type":"Point","coordinates":[-1.5008975,54.1182788]},"properties":{"name":"Ripon Motor Boat Club Marina","layer":"marinas","note":"OpenStreetMap","osm_id":"way/35097830","osm_url":"https://www.openstreetmap.org/way/35097830","source":"OpenStreetMap"}},{"type":"Feature","geometry":{"type":"Point","coordinates":[-1.4015456,54.0979418]},"properties":{"name":"Boroughbridge Marina","layer":"marinas","note":"OpenStreetMap","osm_id":"way/35136135","osm_url":"https://www.openstreetmap.org/way/35136135","source":"OpenStreetMap"}},{"type":"Feature","geometry":{"type":"Point","coordinates":[-2.0588248,52.1226212]},"properties":{"name":"Wyre Marina","layer":"marinas","note":"OpenStreetMap","osm_id":"way/354190841","osm_url":"https://www.openstreetmap.org/way/354190841","source":"OpenStreetMap"}},{"type":"Feature","geometry":{"type":"Point","coordinates":[-0.0392703,52.8720225]},"properties":{"name":"Port of Fosdyke","layer":"marinas","note":"Port of Fosdyke","osm_id":"way/354587776","osm_url":"https://www.openstreetmap.org/way/354587776","source":"OpenStreetMap","brand":"Port of Fosdyke"}},{"type":"Feature","geometry":{"type":"Point","coordinates":[-7.4404342,54.1047348]},"properties":{"name":"Belturbet Marina","layer":"marinas","note":"OpenStreetMap","osm_id":"way/356655687","osm_url":"https://www.openstreetmap.org/way/356655687","source":"OpenStreetMap"}},{"type":"Feature","geometry":{"type":"Point","coordinates":[-3.301197,55.9795097]},"properties":{"name":"Cramond","layer":"marinas","note":"OpenStreetMap","osm_id":"way/358597526","osm_url":"https://www.openstreetmap.org/way/358597526","source":"OpenStreetMap"}},{"type":"Feature","geometry":{"type":"Point","coordinates":[-2.448659,51.3992008]},"properties":{"name":"Saltford Marina","layer":"marinas","note":"OpenStreetMap","osm_id":"way/361802404","osm_url":"https://www.openstreetmap.org/way/361802404","source":"OpenStreetMap"}},{"type":"Feature","geometry":{"type":"Point","coordinates":[-1.4721611,52.4571217]},"properties":{"name":"Canal Basin Moorings","layer":"marinas","note":"OpenStreetMap","osm_id":"way/361846816","osm_url":"https://www.openstreetmap.org/way/361846816","source":"OpenStreetMap"}},{"type":"Feature","geometry":{"type":"Point","coordinates":[-7.4415385,54.1036005]},"properties":{"name":"Belturbet","layer":"marinas","note":"OpenStreetMap","osm_id":"way/363611392","osm_url":"https://www.openstreetmap.org/way/363611392","source":"OpenStreetMap"}},{"type":"Feature","geometry":{"type":"Point","coordinates":[-3.477905,56.030825]},"properties":{"name":"Bruce Haven Pier","layer":"marinas","note":"Forth Cruising Club","osm_id":"way/364188262","osm_url":"https://www.openstreetmap.org/way/364188262","source":"OpenStreetMap","brand":"Forth Cruising Club"}},{"type":"Feature","geometry":{"type":"Point","coordinates":[-4.2038003,53.1880693]},"properties":{"name":"Port Dinorwic Marina","layer":"marinas","note":"OpenStreetMap","osm_id":"way/364808773","osm_url":"https://www.openstreetmap.org/way/364808773","source":"OpenStreetMap"}},{"type":"Feature","geometry":{"type":"Point","coordinates":[-3.0895004,54.3033787]},"properties":{"name":"Marina","layer":"marinas","note":"OpenStreetMap","osm_id":"way/367350891","osm_url":"https://www.openstreetmap.org/way/367350891","source":"OpenStreetMap"}},{"type":"Feature","geometry":{"type":"Point","coordinates":[-3.059603,50.7039212]},"properties":{"name":"Axe Yacht Club","layer":"marinas","note":"OpenStreetMap","osm_id":"way/37030748","osm_url":"https://www.openstreetmap.org/way/37030748","source":"OpenStreetMap"}},{"type":"Feature","geometry":{"type":"Point","coordinates":[-3.7653334,50.2512073]},"properties":{"name":"Lincombe Boatyard","layer":"marinas","note":"Winters Marine","osm_id":"way/373589148","osm_url":"https://www.openstreetmap.org/way/373589148","source":"OpenStreetMap","brand":"Winters Marine"}},{"type":"Feature","geometry":{"type":"Point","coordinates":[-2.6843779,51.481449]},"properties":{"name":"Pill Marina","layer":"marinas","note":"OpenStreetMap","osm_id":"way/37369939","osm_url":"https://www.openstreetmap.org/way/37369939","source":"OpenStreetMap"}},{"type":"Feature","geometry":{"type":"Point","coordinates":[-0.7402171,52.062048]},"properties":{"name":"Pennyland Marina","layer":"marinas","note":"OpenStreetMap","osm_id":"way/37433888","osm_url":"https://www.openstreetmap.org/way/37433888","source":"OpenStreetMap"}},{"type":"Feature","geometry":{"type":"Point","coordinates":[-0.2704486,52.2260625]},"properties":{"name":"St. Neots Marina","layer":"marinas","note":"OpenStreetMap","osm_id":"way/375219096","osm_url":"https://www.openstreetmap.org/way/375219096","source":"OpenStreetMap"}},{"type":"Feature","geometry":{"type":"Point","coordinates":[-0.7435044,53.2923519]},"properties":{"name":"Marina","layer":"marinas","note":"OpenStreetMap","osm_id":"way/375976582","osm_url":"https://www.openstreetmap.org/way/375976582","source":"OpenStreetMap"}},{"type":"Feature","geometry":{"type":"Point","coordinates":[-1.0432324,60.4976161]},"properties":{"name":"Marina","layer":"marinas","note":"OpenStreetMap","osm_id":"way/377679811","osm_url":"https://www.openstreetmap.org/way/377679811","source":"OpenStreetMap"}},{"type":"Feature","geometry":{"type":"Point","coordinates":[-1.1628337,60.1691249]},"properties":{"name":"Marina","layer":"marinas","note":"OpenStreetMap","osm_id":"way/378033928","osm_url":"https://www.openstreetmap.org/way/378033928","source":"OpenStreetMap"}},{"type":"Feature","geometry":{"type":"Point","coordinates":[-1.3321942,60.0812062]},"properties":{"name":"Marina","layer":"marinas","note":"OpenStreetMap","osm_id":"way/378141681","osm_url":"https://www.openstreetmap.org/way/378141681","source":"OpenStreetMap"}},{"type":"Feature","geometry":{"type":"Point","coordinates":[-4.4803849,54.1473586]},"properties":{"name":"Douglas Inner Harbour Marina","layer":"marinas","note":"OpenStreetMap","osm_id":"way/38054024","osm_url":"https://www.openstreetmap.org/way/38054024","source":"OpenStreetMap"}},{"type":"Feature","geometry":{"type":"Point","coordinates":[-1.2846144,60.1347942]},"properties":{"name":"Marina","layer":"marinas","note":"OpenStreetMap","osm_id":"way/380849254","osm_url":"https://www.openstreetmap.org/way/380849254","source":"OpenStreetMap"}},{"type":"Feature","geometry":{"type":"Point","coordinates":[-1.2099787,60.0412829]},"properties":{"name":"Marina","layer":"marinas","note":"OpenStreetMap","osm_id":"way/383531337","osm_url":"https://www.openstreetmap.org/way/383531337","source":"OpenStreetMap"}},{"type":"Feature","geometry":{"type":"Point","coordinates":[-4.1550005,50.3665811]},"properties":{"name":"King Point Marina","layer":"marinas","note":"OpenStreetMap","osm_id":"way/384290898","osm_url":"https://www.openstreetmap.org/way/384290898","source":"OpenStreetMap"}},{"type":"Feature","geometry":{"type":"Point","coordinates":[-1.3496421,60.5404374]},"properties":{"name":"Marina","layer":"marinas","note":"OpenStreetMap","osm_id":"way/384788293","osm_url":"https://www.openstreetmap.org/way/384788293","source":"OpenStreetMap"}},{"type":"Feature","geometry":{"type":"Point","coordinates":[-1.3760476,60.2853079]},"properties":{"name":"Aith Marina","layer":"marinas","note":"OpenStreetMap","osm_id":"way/385588916","osm_url":"https://www.openstreetmap.org/way/385588916","source":"OpenStreetMap"}},{"type":"Feature","geometry":{"type":"Point","coordinates":[-0.84019,60.7599857]},"properties":{"name":"Marina","layer":"marinas","note":"OpenStreetMap","osm_id":"way/386335765","osm_url":"https://www.openstreetmap.org/way/386335765","source":"OpenStreetMap"}},{"type":"Feature","geometry":{"type":"Point","coordinates":[-4.1130053,52.8294681]},"properties":{"name":"Pensarn Harbour","layer":"marinas","note":"OpenStreetMap","osm_id":"way/386612919","osm_url":"https://www.openstreetmap.org/way/386612919","source":"OpenStreetMap"}},{"type":"Feature","geometry":{"type":"Point","coordinates":[-4.1237706,52.8290389]},"properties":{"name":"Llandanwg Harbour","layer":"marinas","note":"OpenStreetMap","osm_id":"way/386614045","osm_url":"https://www.openstreetmap.org/way/386614045","source":"OpenStreetMap"}},{"type":"Feature","geometry":{"type":"Point","coordinates":[-4.1318658,52.82455]},"properties":{"name":"Mochras Harbour","layer":"marinas","note":"OpenStreetMap","osm_id":"way/386614046","osm_url":"https://www.openstreetmap.org/way/386614046","source":"OpenStreetMap"}},{"type":"Feature","geometry":{"type":"Point","coordinates":[-10.0291501,53.4860613]},"properties":{"name":"Marina","layer":"marinas","note":"OpenStreetMap","osm_id":"way/386876393","osm_url":"https://www.openstreetmap.org/way/386876393","source":"OpenStreetMap"}},{"type":"Feature","geometry":{"type":"Point","coordinates":[-0.7323675,52.0470139]},"properties":{"name":"Campbell Wharf Marina","layer":"marinas","note":"OpenStreetMap","osm_id":"way/391138653","osm_url":"https://www.openstreetmap.org/way/391138653","source":"OpenStreetMap"}},{"type":"Feature","geometry":{"type":"Point","coordinates":[0.4195591,52.3561773]},"properties":{"name":"Marina","layer":"marinas","note":"OpenStreetMap","osm_id":"way/392727879","osm_url":"https://www.openstreetmap.org/way/392727879","source":"OpenStreetMap"}},{"type":"Feature","geometry":{"type":"Point","coordinates":[0.4213624,52.3552555]},"properties":{"name":"Riverside Island Marina","layer":"marinas","note":"OpenStreetMap","osm_id":"way/392727882","osm_url":"https://www.openstreetmap.org/way/392727882","source":"OpenStreetMap"}},{"type":"Feature","geometry":{"type":"Point","coordinates":[0.4213213,52.3529542]},"properties":{"name":"Marina","layer":"marinas","note":"OpenStreetMap","osm_id":"way/39543856","osm_url":"https://www.openstreetmap.org/way/39543856","source":"OpenStreetMap"}},{"type":"Feature","geometry":{"type":"Point","coordinates":[-0.2721387,52.2385177]},"properties":{"name":"Crosshall Marina","layer":"marinas","note":"OpenStreetMap","osm_id":"way/397749122","osm_url":"https://www.openstreetmap.org/way/397749122","source":"OpenStreetMap"}},{"type":"Feature","geometry":{"type":"Point","coordinates":[-0.2727933,52.2315076]},"properties":{"name":"Ouse Valley River Club","layer":"marinas","note":"OpenStreetMap","osm_id":"way/397765696","osm_url":"https://www.openstreetmap.org/way/397765696","source":"OpenStreetMap"}},{"type":"Feature","geometry":{"type":"Point","coordinates":[-5.5316031,56.1826634]},"properties":{"name":"Ardfern Yacht Centre","layer":"marinas","note":"OpenStreetMap","osm_id":"way/399034351","osm_url":"https://www.openstreetmap.org/way/399034351","source":"OpenStreetMap"}},{"type":"Feature","geometry":{"type":"Point","coordinates":[-0.0570345,51.5722871]},"properties":{"name":"Lee Valley Marina, Springfield","layer":"marinas","note":"OpenStreetMap","osm_id":"way/399255738","osm_url":"https://www.openstreetmap.org/way/399255738","source":"OpenStreetMap"}},{"type":"Feature","geometry":{"type":"Point","coordinates":[1.1593314,52.049766]},"properties":{"name":"Ipswich Wet Dock","layer":"marinas","note":"OpenStreetMap","osm_id":"way/4000496","osm_url":"https://www.openstreetmap.org/way/4000496","source":"OpenStreetMap"}},{"type":"Feature","geometry":{"type":"Point","coordinates":[-0.0710454,51.5071332]},"properties":{"name":"St Katharine Docks","layer":"marinas","note":"OpenStreetMap","osm_id":"way/403190624","osm_url":"https://www.openstreetmap.org/way/403190624","source":"OpenStreetMap"}},{"type":"Feature","geometry":{"type":"Point","coordinates":[-4.2102203,53.1859125]},"properties":{"name":"Port Dinorwic Marina","layer":"marinas","note":"OpenStreetMap","osm_id":"way/403446484","osm_url":"https://www.openstreetmap.org/way/403446484","source":"OpenStreetMap"}},{"type":"Feature","geometry":{"type":"Point","coordinates":[-1.4244634,53.7473071]},"properties":{"name":"Lemonroyd Marina","layer":"marinas","note":"OpenStreetMap","osm_id":"way/4048169","osm_url":"https://www.openstreetmap.org/way/4048169","source":"OpenStreetMap"}},{"type":"Feature","geometry":{"type":"Point","coordinates":[-0.2832442,52.2139042]},"properties":{"name":"River Mill Marina","layer":"marinas","note":"OpenStreetMap","osm_id":"way/406221787","osm_url":"https://www.openstreetmap.org/way/406221787","source":"OpenStreetMap"}},{"type":"Feature","geometry":{"type":"Point","coordinates":[-1.2383238,52.8040996]},"properties":{"name":"Soar Boating Club","layer":"marinas","note":"OpenStreetMap","osm_id":"way/406282615","osm_url":"https://www.openstreetmap.org/way/406282615","source":"OpenStreetMap"}},{"type":"Feature","geometry":{"type":"Point","coordinates":[-1.711545,53.8359195]},"properties":{"name":"Apperley Bridge Marina","layer":"marinas","note":"OpenStreetMap","osm_id":"way/40697944","osm_url":"https://www.openstreetmap.org/way/40697944","source":"OpenStreetMap"}},{"type":"Feature","geometry":{"type":"Point","coordinates":[-8.2747825,52.9265721]},"properties":{"name":"Lough Derg Yacht Club","layer":"marinas","note":"OpenStreetMap","osm_id":"way/40700206","osm_url":"https://www.openstreetmap.org/way/40700206","source":"OpenStreetMap"}},{"type":"Feature","geometry":{"type":"Point","coordinates":[-5.8131271,54.7105013]},"properties":{"name":"Carrickfergus Marina","layer":"marinas","note":"OpenStreetMap","osm_id":"way/407537288","osm_url":"https://www.openstreetmap.org/way/407537288","source":"OpenStreetMap"}},{"type":"Feature","geometry":{"type":"Point","coordinates":[-5.9142908,54.6052532]},"properties":{"name":"Belfast Harbour Marina","layer":"marinas","note":"Belfast Harbour Commissioners","osm_id":"way/407537289","osm_url":"https://www.openstreetmap.org/way/407537289","source":"OpenStreetMap","brand":"Belfast Harbour Commissioners"}},{"type":"Feature","geometry":{"type":"Point","coordinates":[-5.5482257,54.3794329]},"properties":{"name":"Portaferry Marina","layer":"marinas","note":"OpenStreetMap","osm_id":"way/408450937","osm_url":"https://www.openstreetmap.org/way/408450937","source":"OpenStreetMap"}},{"type":"Feature","geometry":{"type":"Point","coordinates":[-4.169273,50.3645112]},"properties":{"name":"Mayflower Marina","layer":"marinas","note":"Sailport Plc.","osm_id":"way/40861447","osm_url":"https://www.openstreetmap.org/way/40861447","source":"OpenStreetMap","brand":"Sailport Plc."}},{"type":"Feature","geometry":{"type":"Point","coordinates":[-0.0350518,51.4944709]},"properties":{"name":"South Dock Marina","layer":"marinas","note":"OpenStreetMap","osm_id":"way/411385699","osm_url":"https://www.openstreetmap.org/way/411385699","source":"OpenStreetMap"}},{"type":"Feature","geometry":{"type":"Point","coordinates":[-4.1940307,50.3716793]},"properties":{"name":"Torpoint Yacht Harbour","layer":"marinas","note":"OpenStreetMap","osm_id":"way/41178845","osm_url":"https://www.openstreetmap.org/way/41178845","source":"OpenStreetMap"}},{"type":"Feature","geometry":{"type":"Point","coordinates":[-4.1216795,50.3590719]},"properties":{"name":"Plymouth Yacht Haven","layer":"marinas","note":"OpenStreetMap","osm_id":"way/41190328","osm_url":"https://www.openstreetmap.org/way/41190328","source":"OpenStreetMap"}},{"type":"Feature","geometry":{"type":"Point","coordinates":[-2.1221788,53.4764085]},"properties":{"name":"Ashton Packet Boat Company","layer":"marinas","note":"OpenStreetMap","osm_id":"way/412347503","osm_url":"https://www.openstreetmap.org/way/412347503","source":"OpenStreetMap"}},{"type":"Feature","geometry":{"type":"Point","coordinates":[0.158316,52.6694433]},"properties":{"name":"Marina","layer":"marinas","note":"OpenStreetMap","osm_id":"way/412843500","osm_url":"https://www.openstreetmap.org/way/412843500","source":"OpenStreetMap"}},{"type":"Feature","geometry":{"type":"Point","coordinates":[-3.3286176,51.1826241]},"properties":{"name":"Watchet Harbour Marina","layer":"marinas","note":"The Marine Group","osm_id":"way/413377874","osm_url":"https://www.openstreetmap.org/way/413377874","source":"OpenStreetMap","brand":"The Marine Group"}},{"type":"Feature","geometry":{"type":"Point","coordinates":[-0.2758829,52.2128378]},"properties":{"name":"Eynesbury Marina","layer":"marinas","note":"OpenStreetMap","osm_id":"way/41821763","osm_url":"https://www.openstreetmap.org/way/41821763","source":"OpenStreetMap"}},{"type":"Feature","geometry":{"type":"Point","coordinates":[-0.5962457,53.2486028]},"properties":{"name":"Burton Waters","layer":"marinas","note":"OpenStreetMap","osm_id":"way/42106709","osm_url":"https://www.openstreetmap.org/way/42106709","source":"OpenStreetMap"}},{"type":"Feature","geometry":{"type":"Point","coordinates":[-1.8914492,52.8069733]},"properties":{"name":"Blithfield Sailing Club","layer":"marinas","note":"OpenStreetMap","osm_id":"way/422506666","osm_url":"https://www.openstreetmap.org/way/422506666","source":"OpenStreetMap"}},{"type":"Feature","geometry":{"type":"Point","coordinates":[-0.302217,51.4817318]},"properties":{"name":"Brentford Dock Marina","layer":"marinas","note":"Brentford Dock Ltd","osm_id":"way/4270834","osm_url":"https://www.openstreetmap.org/way/4270834","source":"OpenStreetMap","brand":"Brentford Dock Ltd"}},{"type":"Feature","geometry":{"type":"Point","coordinates":[-2.2037452,51.3381445]},"properties":{"name":"Hilperton Marina","layer":"marinas","note":"ABC Leisure Group Limited","osm_id":"way/428517651","osm_url":"https://www.openstreetmap.org/way/428517651","source":"OpenStreetMap","brand":"ABC Leisure Group Limited"}},{"type":"Feature","geometry":{"type":"Point","coordinates":[-2.0730191,53.0801437]},"properties":{"name":"Marina","layer":"marinas","note":"OpenStreetMap","osm_id":"way/433119996","osm_url":"https://www.openstreetmap.org/way/433119996","source":"OpenStreetMap"}},{"type":"Feature","geometry":{"type":"Point","coordinates":[-2.611199,51.4486172]},"properties":{"name":"Bristol Marina","layer":"marinas","note":"OpenStreetMap","osm_id":"way/4340882","osm_url":"https://www.openstreetmap.org/way/4340882","source":"OpenStreetMap"}},{"type":"Feature","geometry":{"type":"Point","coordinates":[-4.6625336,56.1448095]},"properties":{"name":"Marina","layer":"marinas","note":"OpenStreetMap","osm_id":"way/434529423","osm_url":"https://www.openstreetmap.org/way/434529423","source":"OpenStreetMap"}},{"type":"Feature","geometry":{"type":"Point","coordinates":[-6.1185104,53.5109542]},"properties":{"name":"Rush Sailing Club","layer":"marinas","note":"OpenStreetMap","osm_id":"way/437591190","osm_url":"https://www.openstreetmap.org/way/437591190","source":"OpenStreetMap"}},{"type":"Feature","geometry":{"type":"Point","coordinates":[-4.726586,55.9432683]},"properties":{"name":"James Watt Dock Marina","layer":"marinas","note":"OpenStreetMap","osm_id":"way/444823224","osm_url":"https://www.openstreetmap.org/way/444823224","source":"OpenStreetMap"}},{"type":"Feature","geometry":{"type":"Point","coordinates":[-0.5572572,50.8112061]},"properties":{"name":"Marina","layer":"marinas","note":"OpenStreetMap","osm_id":"way/449586005","osm_url":"https://www.openstreetmap.org/way/449586005","source":"OpenStreetMap"}},{"type":"Feature","geometry":{"type":"Point","coordinates":[-0.2346216,50.8309359]},"properties":{"name":"Southwick Marina","layer":"marinas","note":"OpenStreetMap","osm_id":"way/449586006","osm_url":"https://www.openstreetmap.org/way/449586006","source":"OpenStreetMap"}},{"type":"Feature","geometry":{"type":"Point","coordinates":[0.0537022,50.7866017]},"properties":{"name":"Newhaven Marina","layer":"marinas","note":"OpenStreetMap","osm_id":"way/449586007","osm_url":"https://www.openstreetmap.org/way/449586007","source":"OpenStreetMap"}},{"type":"Feature","geometry":{"type":"Point","coordinates":[-5.9511607,54.9693772]},"properties":{"name":"Glenarm Marina","layer":"marinas","note":"OpenStreetMap","osm_id":"way/449707172","osm_url":"https://www.openstreetmap.org/way/449707172","source":"OpenStreetMap"}},{"type":"Feature","geometry":{"type":"Point","coordinates":[-6.5879324,52.1718047]},"properties":{"name":"Marina","layer":"marinas","note":"OpenStreetMap","osm_id":"way/449754964","osm_url":"https://www.openstreetmap.org/way/449754964","source":"OpenStreetMap"}},{"type":"Feature","geometry":{"type":"Point","coordinates":[-8.3334377,51.8454758]},"properties":{"name":"Marina","layer":"marinas","note":"OpenStreetMap","osm_id":"way/449754965","osm_url":"https://www.openstreetmap.org/way/449754965","source":"OpenStreetMap"}},{"type":"Feature","geometry":{"type":"Point","coordinates":[-6.4822864,54.8742952]},"properties":{"name":"Portglenone Marina","layer":"marinas","note":"OpenStreetMap","osm_id":"way/456651495","osm_url":"https://www.openstreetmap.org/way/456651495","source":"OpenStreetMap"}},{"type":"Feature","geometry":{"type":"Point","coordinates":[-6.3649268,54.4898824]},"properties":{"name":"Kinnego Marina","layer":"marinas","note":"OpenStreetMap","osm_id":"way/457738783","osm_url":"https://www.openstreetmap.org/way/457738783","source":"OpenStreetMap"}},{"type":"Feature","geometry":{"type":"Point","coordinates":[-4.9422866,51.7105275]},"properties":{"name":"Neyland Yacht Haven - Lower Basin","layer":"marinas","note":"OpenStreetMap","osm_id":"way/460923411","osm_url":"https://www.openstreetmap.org/way/460923411","source":"OpenStreetMap"}},{"type":"Feature","geometry":{"type":"Point","coordinates":[-4.9423629,51.7141486]},"properties":{"name":"Neyland Yacht Haven - Upper Basin","layer":"marinas","note":"OpenStreetMap","osm_id":"way/460923413","osm_url":"https://www.openstreetmap.org/way/460923413","source":"OpenStreetMap"}},{"type":"Feature","geometry":{"type":"Point","coordinates":[-0.5470947,53.2289932]},"properties":{"name":"Brayford Pool Marina","layer":"marinas","note":"OpenStreetMap","osm_id":"way/461633935","osm_url":"https://www.openstreetmap.org/way/461633935","source":"OpenStreetMap"}},{"type":"Feature","geometry":{"type":"Point","coordinates":[-2.8467503,53.996308]},"properties":{"name":"Glasson Dock Basin","layer":"marinas","note":"OpenStreetMap","osm_id":"way/4637782","osm_url":"https://www.openstreetmap.org/way/4637782","source":"OpenStreetMap"}},{"type":"Feature","geometry":{"type":"Point","coordinates":[-1.2691406,52.8594572]},"properties":{"name":"Ratcliffe Moorings","layer":"marinas","note":"OpenStreetMap","osm_id":"way/464983825","osm_url":"https://www.openstreetmap.org/way/464983825","source":"OpenStreetMap"}},{"type":"Feature","geometry":{"type":"Point","coordinates":[0.5579988,51.3974051]},"properties":{"name":"Marina","layer":"marinas","note":"OpenStreetMap","osm_id":"way/467109079","osm_url":"https://www.openstreetmap.org/way/467109079","source":"OpenStreetMap"}},{"type":"Feature","geometry":{"type":"Point","coordinates":[-1.2932239,50.7597516]},"properties":{"name":"Shepards Wharf Marina","layer":"marinas","note":"OpenStreetMap","osm_id":"way/468762415","osm_url":"https://www.openstreetmap.org/way/468762415","source":"OpenStreetMap"}},{"type":"Feature","geometry":{"type":"Point","coordinates":[-1.300146,50.7666933]},"properties":{"name":"RYS Private Harbour","layer":"marinas","note":"OpenStreetMap","osm_id":"way/469632787","osm_url":"https://www.openstreetmap.org/way/469632787","source":"OpenStreetMap"}},{"type":"Feature","geometry":{"type":"Point","coordinates":[0.2703029,52.3942664]},"properties":{"name":"Cathedral Marina","layer":"marinas","note":"OpenStreetMap","osm_id":"way/4697161","osm_url":"https://www.openstreetmap.org/way/4697161","source":"OpenStreetMap"}},{"type":"Feature","geometry":{"type":"Point","coordinates":[-3.0046076,51.1331314]},"properties":{"name":"Inter-Basin Lock","layer":"marinas","note":"Sedgemoor District Council","osm_id":"way/477524561","osm_url":"https://www.openstreetmap.org/way/477524561","source":"OpenStreetMap","brand":"Sedgemoor District Council"}},{"type":"Feature","geometry":{"type":"Point","coordinates":[-3.0041744,51.1333413]},"properties":{"name":"Bridgwater Marina","layer":"marinas","note":"Sedgemoor District Council","osm_id":"way/477524565","osm_url":"https://www.openstreetmap.org/way/477524565","source":"OpenStreetMap","brand":"Sedgemoor District Council"}},{"type":"Feature","geometry":{"type":"Point","coordinates":[-6.5282254,54.7101002]},"properties":{"name":"Ballyronan Marina","layer":"marinas","note":"OpenStreetMap","osm_id":"way/479893674","osm_url":"https://www.openstreetmap.org/way/479893674","source":"OpenStreetMap"}},{"type":"Feature","geometry":{"type":"Point","coordinates":[-4.4043955,52.8865207]},"properties":{"name":"Hafan Pwllheli","layer":"marinas","note":"Gwynedd Council","osm_id":"way/480911416","osm_url":"https://www.openstreetmap.org/way/480911416","source":"OpenStreetMap","brand":"Gwynedd Council"}},{"type":"Feature","geometry":{"type":"Point","coordinates":[-1.9166398,52.477052]},"properties":{"name":"Sherborne Wharf","layer":"marinas","note":"OpenStreetMap","osm_id":"way/48555804","osm_url":"https://www.openstreetmap.org/way/48555804","source":"OpenStreetMap"}},{"type":"Feature","geometry":{"type":"Point","coordinates":[-1.1454891,50.8409295]},"properties":{"name":"Marina","layer":"marinas","note":"OpenStreetMap","osm_id":"way/486863175","osm_url":"https://www.openstreetmap.org/way/486863175","source":"OpenStreetMap"}},{"type":"Feature","geometry":{"type":"Point","coordinates":[-1.1583636,50.8380948]},"properties":{"name":"Boatyard","layer":"marinas","note":"OpenStreetMap","osm_id":"way/487406430","osm_url":"https://www.openstreetmap.org/way/487406430","source":"OpenStreetMap"}},{"type":"Feature","geometry":{"type":"Point","coordinates":[-1.1586601,50.8373952]},"properties":{"name":"Marina","layer":"marinas","note":"OpenStreetMap","osm_id":"way/487406444","osm_url":"https://www.openstreetmap.org/way/487406444","source":"OpenStreetMap"}},{"type":"Feature","geometry":{"type":"Point","coordinates":[-1.2567609,52.804672]},"properties":{"name":"Zouch Marina","layer":"marinas","note":"OpenStreetMap","osm_id":"way/489673115","osm_url":"https://www.openstreetmap.org/way/489673115","source":"OpenStreetMap"}},{"type":"Feature","geometry":{"type":"Point","coordinates":[-1.2715965,52.8263454]},"properties":{"name":"Willow Moorings","layer":"marinas","note":"OpenStreetMap","osm_id":"way/489673263","osm_url":"https://www.openstreetmap.org/way/489673263","source":"OpenStreetMap"}},{"type":"Feature","geometry":{"type":"Point","coordinates":[-2.1164435,52.0508255]},"properties":{"name":"Dinghy Park","layer":"marinas","note":"OpenStreetMap","osm_id":"way/490550742","osm_url":"https://www.openstreetmap.org/way/490550742","source":"OpenStreetMap"}},{"type":"Feature","geometry":{"type":"Point","coordinates":[-1.1222968,50.791778]},"properties":{"name":"Boat Yard","layer":"marinas","note":"OpenStreetMap","osm_id":"way/494476413","osm_url":"https://www.openstreetmap.org/way/494476413","source":"OpenStreetMap"}},{"type":"Feature","geometry":{"type":"Point","coordinates":[-1.1202314,50.7887896]},"properties":{"name":"Joint Services Adventurous Sail Training Centre (JSASTC)","layer":"marinas","note":"OpenStreetMap","osm_id":"way/494832386","osm_url":"https://www.openstreetmap.org/way/494832386","source":"OpenStreetMap"}},{"type":"Feature","geometry":{"type":"Point","coordinates":[-1.1164936,50.788563]},"properties":{"name":"Marina","layer":"marinas","note":"OpenStreetMap","osm_id":"way/496342198","osm_url":"https://www.openstreetmap.org/way/496342198","source":"OpenStreetMap"}},{"type":"Feature","geometry":{"type":"Point","coordinates":[-1.1191624,50.7983022]},"properties":{"name":"Gosport Marina","layer":"marinas","note":"Premier Marinas","osm_id":"way/498576516","osm_url":"https://www.openstreetmap.org/way/498576516","source":"OpenStreetMap","brand":"Premier Marinas"}},{"type":"Feature","geometry":{"type":"Point","coordinates":[-1.1342321,50.8131658]},"properties":{"name":"Marina","layer":"marinas","note":"OpenStreetMap","osm_id":"way/499166562","osm_url":"https://www.openstreetmap.org/way/499166562","source":"OpenStreetMap"}},{"type":"Feature","geometry":{"type":"Point","coordinates":[-1.1234473,50.8025468]},"properties":{"name":"Royal Clarence Marina","layer":"marinas","note":"OpenStreetMap","osm_id":"way/499528083","osm_url":"https://www.openstreetmap.org/way/499528083","source":"OpenStreetMap"}},{"type":"Feature","geometry":{"type":"Point","coordinates":[-1.1248712,50.80382]},"properties":{"name":"Marina","layer":"marinas","note":"OpenStreetMap","osm_id":"way/499528084","osm_url":"https://www.openstreetmap.org/way/499528084","source":"OpenStreetMap"}},{"type":"Feature","geometry":{"type":"Point","coordinates":[-1.1389594,50.8158196]},"properties":{"name":"Marina","layer":"marinas","note":"OpenStreetMap","osm_id":"way/499626080","osm_url":"https://www.openstreetmap.org/way/499626080","source":"OpenStreetMap"}},{"type":"Feature","geometry":{"type":"Point","coordinates":[-2.474251,52.9103221]},"properties":{"name":"Marina","layer":"marinas","note":"OpenStreetMap","osm_id":"way/499900925","osm_url":"https://www.openstreetmap.org/way/499900925","source":"OpenStreetMap"}},{"type":"Feature","geometry":{"type":"Point","coordinates":[-2.4777524,52.9131165]},"properties":{"name":"Victoria Wharf","layer":"marinas","note":"OpenStreetMap","osm_id":"way/501163835","osm_url":"https://www.openstreetmap.org/way/501163835","source":"OpenStreetMap"}},{"type":"Feature","geometry":{"type":"Point","coordinates":[-3.151267,51.8458426]},"properties":{"name":"Beacon Park Boats","layer":"marinas","note":"OpenStreetMap","osm_id":"way/501353794","osm_url":"https://www.openstreetmap.org/way/501353794","source":"OpenStreetMap"}},{"type":"Feature","geometry":{"type":"Point","coordinates":[-2.7361178,54.1556121]},"properties":{"name":"Tewitfield Marina","layer":"marinas","note":"OpenStreetMap","osm_id":"way/501453307","osm_url":"https://www.openstreetmap.org/way/501453307","source":"OpenStreetMap"}},{"type":"Feature","geometry":{"type":"Point","coordinates":[1.75122,52.472127]},"properties":{"name":"Royal Norfolk & Suffolk Yacht Club","layer":"marinas","note":"OpenStreetMap","osm_id":"way/501469793","osm_url":"https://www.openstreetmap.org/way/501469793","source":"OpenStreetMap"}},{"type":"Feature","geometry":{"type":"Point","coordinates":[-1.0347071,50.7910802]},"properties":{"name":"Marina","layer":"marinas","note":"OpenStreetMap","osm_id":"way/503013290","osm_url":"https://www.openstreetmap.org/way/503013290","source":"OpenStreetMap"}},{"type":"Feature","geometry":{"type":"Point","coordinates":[1.4819849,52.7696491]},"properties":{"name":"Wayford Marina","layer":"marinas","note":"OpenStreetMap","osm_id":"way/503542976","osm_url":"https://www.openstreetmap.org/way/503542976","source":"OpenStreetMap"}},{"type":"Feature","geometry":{"type":"Point","coordinates":[1.4925259,52.7491356]},"properties":{"name":"Marina","layer":"marinas","note":"OpenStreetMap","osm_id":"way/503543004","osm_url":"https://www.openstreetmap.org/way/503543004","source":"OpenStreetMap"}},{"type":"Feature","geometry":{"type":"Point","coordinates":[-4.1096404,50.367912]},"properties":{"name":"Plymouth Boatyard & Marina Ltd","layer":"marinas","note":"OpenStreetMap","osm_id":"way/505555115","osm_url":"https://www.openstreetmap.org/way/505555115","source":"OpenStreetMap"}},{"type":"Feature","geometry":{"type":"Point","coordinates":[-1.4554411,52.8439981]},"properties":{"name":"Marina","layer":"marinas","note":"OpenStreetMap","osm_id":"way/508158037","osm_url":"https://www.openstreetmap.org/way/508158037","source":"OpenStreetMap"}},{"type":"Feature","geometry":{"type":"Point","coordinates":[-1.0244129,50.7956985]},"properties":{"name":"Marina","layer":"marinas","note":"OpenStreetMap","osm_id":"way/509419238","osm_url":"https://www.openstreetmap.org/way/509419238","source":"OpenStreetMap"}},{"type":"Feature","geometry":{"type":"Point","coordinates":[-6.5881785,52.1724774]},"properties":{"name":"Kilmore Quay Marina","layer":"marinas","note":"OpenStreetMap","osm_id":"way/510043140","osm_url":"https://www.openstreetmap.org/way/510043140","source":"OpenStreetMap"}},{"type":"Feature","geometry":{"type":"Point","coordinates":[-2.4753517,53.2367358]},"properties":{"name":"Oakwood Marina","layer":"marinas","note":"OpenStreetMap","osm_id":"way/511703853","osm_url":"https://www.openstreetmap.org/way/511703853","source":"OpenStreetMap"}},{"type":"Feature","geometry":{"type":"Point","coordinates":[-2.1572609,52.9072793]},"properties":{"name":"Lime Kiln Basin","layer":"marinas","note":"OpenStreetMap","osm_id":"way/511921953","osm_url":"https://www.openstreetmap.org/way/511921953","source":"OpenStreetMap"}},{"type":"Feature","geometry":{"type":"Point","coordinates":[-2.1525969,52.9032349]},"properties":{"name":"The Boat Yard","layer":"marinas","note":"OpenStreetMap","osm_id":"way/511922001","osm_url":"https://www.openstreetmap.org/way/511922001","source":"OpenStreetMap"}},{"type":"Feature","geometry":{"type":"Point","coordinates":[-2.7093483,52.9679126]},"properties":{"name":"Whitchurch Marina","layer":"marinas","note":"OpenStreetMap","osm_id":"way/513617357","osm_url":"https://www.openstreetmap.org/way/513617357","source":"OpenStreetMap"}},{"type":"Feature","geometry":{"type":"Point","coordinates":[1.5441221,52.7031829]},"properties":{"name":"Marina","layer":"marinas","note":"OpenStreetMap","osm_id":"way/514032295","osm_url":"https://www.openstreetmap.org/way/514032295","source":"OpenStreetMap"}},{"type":"Feature","geometry":{"type":"Point","coordinates":[1.5450723,52.7030624]},"properties":{"name":"Marina","layer":"marinas","note":"OpenStreetMap","osm_id":"way/514032299","osm_url":"https://www.openstreetmap.org/way/514032299","source":"OpenStreetMap"}},{"type":"Feature","geometry":{"type":"Point","coordinates":[1.5447874,52.7031201]},"properties":{"name":"Read Dyke","layer":"marinas","note":"OpenStreetMap","osm_id":"way/514032301","osm_url":"https://www.openstreetmap.org/way/514032301","source":"OpenStreetMap"}},{"type":"Feature","geometry":{"type":"Point","coordinates":[-3.6194789,57.6626321]},"properties":{"name":"Findhorn Marina","layer":"marinas","note":"OpenStreetMap","osm_id":"way/514967554","osm_url":"https://www.openstreetmap.org/way/514967554","source":"OpenStreetMap"}},{"type":"Feature","geometry":{"type":"Point","coordinates":[-2.9283538,54.3556191]},"properties":{"name":"Ferry Nab Marina","layer":"marinas","note":"South Lakeland District Council","osm_id":"way/519731048","osm_url":"https://www.openstreetmap.org/way/519731048","source":"OpenStreetMap","brand":"South Lakeland District Council"}},{"type":"Feature","geometry":{"type":"Point","coordinates":[-1.155521,51.3934655]},"properties":{"name":"Frouds Bridge Marina","layer":"marinas","note":"OpenStreetMap","osm_id":"way/521505380","osm_url":"https://www.openstreetmap.org/way/521505380","source":"OpenStreetMap"}},{"type":"Feature","geometry":{"type":"Point","coordinates":[-0.948629,51.462182]},"properties":{"name":"Thames & Kennet Marina","layer":"marinas","note":"OpenStreetMap","osm_id":"way/521508310","osm_url":"https://www.openstreetmap.org/way/521508310","source":"OpenStreetMap"}},{"type":"Feature","geometry":{"type":"Point","coordinates":[-9.7154201,52.2650028]},"properties":{"name":"The Basin","layer":"marinas","note":"OpenStreetMap","osm_id":"way/521537983","osm_url":"https://www.openstreetmap.org/way/521537983","source":"OpenStreetMap"}},{"type":"Feature","geometry":{"type":"Point","coordinates":[-1.1081017,50.7948521]},"properties":{"name":"Gunwharf Quays Marina","layer":"marinas","note":"OpenStreetMap","osm_id":"way/521545915","osm_url":"https://www.openstreetmap.org/way/521545915","source":"OpenStreetMap"}},{"type":"Feature","geometry":{"type":"Point","coordinates":[-2.0884653,50.6829823]},"properties":{"name":"Ridge Marina","layer":"marinas","note":"OpenStreetMap","osm_id":"way/524917018","osm_url":"https://www.openstreetmap.org/way/524917018","source":"OpenStreetMap"}},{"type":"Feature","geometry":{"type":"Point","coordinates":[-2.1631573,52.6238348]},"properties":{"name":"Wolverhampton Boat Club","layer":"marinas","note":"OpenStreetMap","osm_id":"way/528311873","osm_url":"https://www.openstreetmap.org/way/528311873","source":"OpenStreetMap"}},{"type":"Feature","geometry":{"type":"Point","coordinates":[-7.1587065,57.5964409]},"properties":{"name":"Marina Loch nam Madadh","layer":"marinas","note":"OpenStreetMap","osm_id":"way/530015973","osm_url":"https://www.openstreetmap.org/way/530015973","source":"OpenStreetMap"}},{"type":"Feature","geometry":{"type":"Point","coordinates":[-2.3554465,52.8319195]},"properties":{"name":"Marina","layer":"marinas","note":"OpenStreetMap","osm_id":"way/530213866","osm_url":"https://www.openstreetmap.org/way/530213866","source":"OpenStreetMap"}},{"type":"Feature","geometry":{"type":"Point","coordinates":[-2.338297,52.8302892]},"properties":{"name":"Marina","layer":"marinas","note":"OpenStreetMap","osm_id":"way/530213891","osm_url":"https://www.openstreetmap.org/way/530213891","source":"OpenStreetMap"}},{"type":"Feature","geometry":{"type":"Point","coordinates":[-2.344193,52.8312143]},"properties":{"name":"Marina","layer":"marinas","note":"OpenStreetMap","osm_id":"way/530213894","osm_url":"https://www.openstreetmap.org/way/530213894","source":"OpenStreetMap"}},{"type":"Feature","geometry":{"type":"Point","coordinates":[-2.4210622,52.8504132]},"properties":{"name":"Marina","layer":"marinas","note":"OpenStreetMap","osm_id":"way/530221450","osm_url":"https://www.openstreetmap.org/way/530221450","source":"OpenStreetMap"}},{"type":"Feature","geometry":{"type":"Point","coordinates":[-2.4294296,52.8576846]},"properties":{"name":"Marina","layer":"marinas","note":"OpenStreetMap","osm_id":"way/530278277","osm_url":"https://www.openstreetmap.org/way/530278277","source":"OpenStreetMap"}},{"type":"Feature","geometry":{"type":"Point","coordinates":[-2.4372868,52.8608729]},"properties":{"name":"Marina","layer":"marinas","note":"OpenStreetMap","osm_id":"way/530280818","osm_url":"https://www.openstreetmap.org/way/530280818","source":"OpenStreetMap"}},{"type":"Feature","geometry":{"type":"Point","coordinates":[-2.4868852,52.9199124]},"properties":{"name":"Marina","layer":"marinas","note":"OpenStreetMap","osm_id":"way/530746327","osm_url":"https://www.openstreetmap.org/way/530746327","source":"OpenStreetMap"}},{"type":"Feature","geometry":{"type":"Point","coordinates":[-2.5390396,53.071317]},"properties":{"name":"Nantwich Canal Centre","layer":"marinas","note":"OpenStreetMap","osm_id":"way/531614086","osm_url":"https://www.openstreetmap.org/way/531614086","source":"OpenStreetMap"}},{"type":"Feature","geometry":{"type":"Point","coordinates":[-2.5421955,53.0730598]},"properties":{"name":"Nantwich & Border Counties Yacht Club","layer":"marinas","note":"OpenStreetMap","osm_id":"way/531614091","osm_url":"https://www.openstreetmap.org/way/531614091","source":"OpenStreetMap"}},{"type":"Feature","geometry":{"type":"Point","coordinates":[-2.7529799,53.1373852]},"properties":{"name":"Tattenhall Marina","layer":"marinas","note":"OpenStreetMap","osm_id":"way/532134266","osm_url":"https://www.openstreetmap.org/way/532134266","source":"OpenStreetMap"}},{"type":"Feature","geometry":{"type":"Point","coordinates":[-2.6706688,53.1351145]},"properties":{"name":"Chas Harden Boats","layer":"marinas","note":"OpenStreetMap","osm_id":"way/532134423","osm_url":"https://www.openstreetmap.org/way/532134423","source":"OpenStreetMap"}},{"type":"Feature","geometry":{"type":"Point","coordinates":[-2.57857,53.1091231]},"properties":{"name":"Barbridge Marina","layer":"marinas","note":"OpenStreetMap","osm_id":"way/532134484","osm_url":"https://www.openstreetmap.org/way/532134484","source":"OpenStreetMap"}},{"type":"Feature","geometry":{"type":"Point","coordinates":[-2.6331372,53.127412]},"properties":{"name":"Anglo-Welsh Holidays","layer":"marinas","note":"OpenStreetMap","osm_id":"way/532134485","osm_url":"https://www.openstreetmap.org/way/532134485","source":"OpenStreetMap"}},{"type":"Feature","geometry":{"type":"Point","coordinates":[-2.7825901,53.1528402]},"properties":{"name":"Marina","layer":"marinas","note":"OpenStreetMap","osm_id":"way/532136501","osm_url":"https://www.openstreetmap.org/way/532136501","source":"OpenStreetMap"}},{"type":"Feature","geometry":{"type":"Point","coordinates":[-2.7717419,53.1464235]},"properties":{"name":"Golden Nook Farm Moorings","layer":"marinas","note":"OpenStreetMap","osm_id":"way/532136511","osm_url":"https://www.openstreetmap.org/way/532136511","source":"OpenStreetMap"}},{"type":"Feature","geometry":{"type":"Point","coordinates":[-7.2970361,57.1492162]},"properties":{"name":"Cala Loch Baghasdail","layer":"marinas","note":"OpenStreetMap","osm_id":"way/532146603","osm_url":"https://www.openstreetmap.org/way/532146603","source":"OpenStreetMap"}},{"type":"Feature","geometry":{"type":"Point","coordinates":[-2.4743308,53.1850407]},"properties":{"name":"Marina","layer":"marinas","note":"OpenStreetMap","osm_id":"way/535144508","osm_url":"https://www.openstreetmap.org/way/535144508","source":"OpenStreetMap"}},{"type":"Feature","geometry":{"type":"Point","coordinates":[-7.0266582,57.7670963]},"properties":{"name":"Visitor Moorings","layer":"marinas","note":"OpenStreetMap","osm_id":"way/536478113","osm_url":"https://www.openstreetmap.org/way/536478113","source":"OpenStreetMap"}},{"type":"Feature","geometry":{"type":"Point","coordinates":[-2.4007797,53.146444]},"properties":{"name":"Elton Moss Wharf","layer":"marinas","note":"OpenStreetMap","osm_id":"way/536837850","osm_url":"https://www.openstreetmap.org/way/536837850","source":"OpenStreetMap"}},{"type":"Feature","geometry":{"type":"Point","coordinates":[-2.2557811,53.0909387]},"properties":{"name":"Marina","layer":"marinas","note":"OpenStreetMap","osm_id":"way/537613830","osm_url":"https://www.openstreetmap.org/way/537613830","source":"OpenStreetMap"}},{"type":"Feature","geometry":{"type":"Point","coordinates":[-2.2393833,53.1162517]},"properties":{"name":"Heritage Marina","layer":"marinas","note":"Heritage Narrow Boats","osm_id":"way/537924789","osm_url":"https://www.openstreetmap.org/way/537924789","source":"OpenStreetMap","brand":"Heritage Narrow Boats"}},{"type":"Feature","geometry":{"type":"Point","coordinates":[-2.1355572,53.2127103]},"properties":{"name":"Marina","layer":"marinas","note":"OpenStreetMap","osm_id":"way/540967400","osm_url":"https://www.openstreetmap.org/way/540967400","source":"OpenStreetMap"}},{"type":"Feature","geometry":{"type":"Point","coordinates":[-2.1151534,53.2568311]},"properties":{"name":"Marina","layer":"marinas","note":"OpenStreetMap","osm_id":"way/541299386","osm_url":"https://www.openstreetmap.org/way/541299386","source":"OpenStreetMap"}},{"type":"Feature","geometry":{"type":"Point","coordinates":[-2.1045955,53.2877509]},"properties":{"name":"Kerridge Dry Dock","layer":"marinas","note":"OpenStreetMap","osm_id":"way/541837776","osm_url":"https://www.openstreetmap.org/way/541837776","source":"OpenStreetMap"}},{"type":"Feature","geometry":{"type":"Point","coordinates":[-2.0921603,53.3321749]},"properties":{"name":"Lyme View Marina","layer":"marinas","note":"OpenStreetMap","osm_id":"way/544720912","osm_url":"https://www.openstreetmap.org/way/544720912","source":"OpenStreetMap"}},{"type":"Feature","geometry":{"type":"Point","coordinates":[-2.0822102,53.3475808]},"properties":{"name":"Victoria Pit Marina","layer":"marinas","note":"OpenStreetMap","osm_id":"way/544964478","osm_url":"https://www.openstreetmap.org/way/544964478","source":"OpenStreetMap"}},{"type":"Feature","geometry":{"type":"Point","coordinates":[-1.0902824,53.9083677]},"properties":{"name":"Naburn Marina","layer":"marinas","note":"OpenStreetMap","osm_id":"way/54744136","osm_url":"https://www.openstreetmap.org/way/54744136","source":"OpenStreetMap"}},{"type":"Feature","geometry":{"type":"Point","coordinates":[-2.6987822,56.2215516]},"properties":{"name":"Anstruther Harbour","layer":"marinas","note":"OpenStreetMap","osm_id":"way/547721160","osm_url":"https://www.openstreetmap.org/way/547721160","source":"OpenStreetMap"}},{"type":"Feature","geometry":{"type":"Point","coordinates":[-0.4736666,52.4596246]},"properties":{"name":"Lilford Marina","layer":"marinas","note":"OpenStreetMap","osm_id":"way/548580378","osm_url":"https://www.openstreetmap.org/way/548580378","source":"OpenStreetMap"}},{"type":"Feature","geometry":{"type":"Point","coordinates":[-0.9416254,53.3189811]},"properties":{"name":"Marina","layer":"marinas","note":"OpenStreetMap","osm_id":"way/54887799","osm_url":"https://www.openstreetmap.org/way/54887799","source":"OpenStreetMap"}},{"type":"Feature","geometry":{"type":"Point","coordinates":[-2.004538,53.3605256]},"properties":{"name":"New Mills Marina","layer":"marinas","note":"OpenStreetMap","osm_id":"way/548949697","osm_url":"https://www.openstreetmap.org/way/548949697","source":"OpenStreetMap"}},{"type":"Feature","geometry":{"type":"Point","coordinates":[-1.9922376,53.3516322]},"properties":{"name":"Furness Vale Marina","layer":"marinas","note":"OpenStreetMap","osm_id":"way/549108640","osm_url":"https://www.openstreetmap.org/way/549108640","source":"OpenStreetMap"}},{"type":"Feature","geometry":{"type":"Point","coordinates":[-3.5215968,56.0042362]},"properties":{"name":"Blackness Boatclub","layer":"marinas","note":"OpenStreetMap","osm_id":"way/54935464","osm_url":"https://www.openstreetmap.org/way/54935464","source":"OpenStreetMap"}},{"type":"Feature","geometry":{"type":"Point","coordinates":[0.3095915,51.4641309]},"properties":{"name":"Broadness Harbour","layer":"marinas","note":"OpenStreetMap","osm_id":"way/550750191","osm_url":"https://www.openstreetmap.org/way/550750191","source":"OpenStreetMap"}},{"type":"Feature","geometry":{"type":"Point","coordinates":[-1.9836356,50.7113083]},"properties":{"name":"Poole Quay Boat Haven","layer":"marinas","note":"OpenStreetMap","osm_id":"way/550899859","osm_url":"https://www.openstreetmap.org/way/550899859","source":"OpenStreetMap"}},{"type":"Feature","geometry":{"type":"Point","coordinates":[-1.98037,50.7112889]},"properties":{"name":"Fishermans Dock","layer":"marinas","note":"OpenStreetMap","osm_id":"way/550899860","osm_url":"https://www.openstreetmap.org/way/550899860","source":"OpenStreetMap"}},{"type":"Feature","geometry":{"type":"Point","coordinates":[-2.9291106,54.3610748]},"properties":{"name":"Windermere Quays","layer":"marinas","note":"Aquatic Boat Centres","osm_id":"way/551287475","osm_url":"https://www.openstreetmap.org/way/551287475","source":"OpenStreetMap","brand":"Aquatic Boat Centres"}},{"type":"Feature","geometry":{"type":"Point","coordinates":[-2.9609001,54.4177296]},"properties":{"name":"Waterhead Marine","layer":"marinas","note":"OpenStreetMap","osm_id":"way/551303078","osm_url":"https://www.openstreetmap.org/way/551303078","source":"OpenStreetMap"}},{"type":"Feature","geometry":{"type":"Point","coordinates":[-1.3001544,52.8725783]},"properties":{"name":"Sawley Marina","layer":"marinas","note":"British Waterways Marinas Ltd","osm_id":"way/55147970","osm_url":"https://www.openstreetmap.org/way/55147970","source":"OpenStreetMap","brand":"British Waterways Marinas Ltd"}},{"type":"Feature","geometry":{"type":"Point","coordinates":[-4.6835444,52.1052304]},"properties":{"name":"Teifi Boating Club","layer":"marinas","note":"OpenStreetMap","osm_id":"way/551493994","osm_url":"https://www.openstreetmap.org/way/551493994","source":"OpenStreetMap"}},{"type":"Feature","geometry":{"type":"Point","coordinates":[-1.4038294,53.7189414]},"properties":{"name":"Fairies Hill Moorings","layer":"marinas","note":"Fairies Hill Moorings Ltd","osm_id":"way/553358501","osm_url":"https://www.openstreetmap.org/way/553358501","source":"OpenStreetMap","brand":"Fairies Hill Moorings Ltd"}},{"type":"Feature","geometry":{"type":"Point","coordinates":[-2.2023371,49.7238023]},"properties":{"name":"Braye Harbour","layer":"marinas","note":"OpenStreetMap","osm_id":"way/553831549","osm_url":"https://www.openstreetmap.org/way/553831549","source":"OpenStreetMap"}},{"type":"Feature","geometry":{"type":"Point","coordinates":[-0.874995,50.817959]},"properties":{"name":"Christian Youth Enterprises (CYE)","layer":"marinas","note":"OpenStreetMap","osm_id":"way/554555494","osm_url":"https://www.openstreetmap.org/way/554555494","source":"OpenStreetMap"}},{"type":"Feature","geometry":{"type":"Point","coordinates":[-6.2693685,54.579886]},"properties":{"name":"Sandy Bay Marina","layer":"marinas","note":"OpenStreetMap","osm_id":"way/557940472","osm_url":"https://www.openstreetmap.org/way/557940472","source":"OpenStreetMap"}},{"type":"Feature","geometry":{"type":"Point","coordinates":[-1.1450468,52.7339818]},"properties":{"name":"Marina","layer":"marinas","note":"OpenStreetMap","osm_id":"way/559395336","osm_url":"https://www.openstreetmap.org/way/559395336","source":"OpenStreetMap"}},{"type":"Feature","geometry":{"type":"Point","coordinates":[-0.6105704,54.4840866]},"properties":{"name":"Marina","layer":"marinas","note":"OpenStreetMap","osm_id":"way/55945371","osm_url":"https://www.openstreetmap.org/way/55945371","source":"OpenStreetMap"}},{"type":"Feature","geometry":{"type":"Point","coordinates":[-1.1152992,53.6805641]},"properties":{"name":"South Yorkshire Boat Club","layer":"marinas","note":"OpenStreetMap","osm_id":"way/56145066","osm_url":"https://www.openstreetmap.org/way/56145066","source":"OpenStreetMap"}},{"type":"Feature","geometry":{"type":"Point","coordinates":[-1.0591622,52.4243051]},"properties":{"name":"Welford Marina","layer":"marinas","note":"OpenStreetMap","osm_id":"way/56207932","osm_url":"https://www.openstreetmap.org/way/56207932","source":"OpenStreetMap"}},{"type":"Feature","geometry":{"type":"Point","coordinates":[-2.7427256,53.7603395]},"properties":{"name":"Preston Marina","layer":"marinas","note":"OpenStreetMap","osm_id":"way/56690568","osm_url":"https://www.openstreetmap.org/way/56690568","source":"OpenStreetMap"}},{"type":"Feature","geometry":{"type":"Point","coordinates":[1.1234536,51.3732335]},"properties":{"name":"Neptune's Arm Mooring Site","layer":"marinas","note":"Canterbury City Council","osm_id":"way/567089328","osm_url":"https://www.openstreetmap.org/way/567089328","source":"OpenStreetMap","brand":"Canterbury City Council"}},{"type":"Feature","geometry":{"type":"Point","coordinates":[-1.0951396,52.9460856]},"properties":{"name":"Marina","layer":"marinas","note":"OpenStreetMap","osm_id":"way/57704060","osm_url":"https://www.openstreetmap.org/way/57704060","source":"OpenStreetMap"}},{"type":"Feature","geometry":{"type":"Point","coordinates":[-0.9560059,53.6016021]},"properties":{"name":"Blue Water Marina","layer":"marinas","note":"OpenStreetMap","osm_id":"way/57738010","osm_url":"https://www.openstreetmap.org/way/57738010","source":"OpenStreetMap"}},{"type":"Feature","geometry":{"type":"Point","coordinates":[-0.9739037,53.61155]},"properties":{"name":"Stanilands Marina","layer":"marinas","note":"OpenStreetMap","osm_id":"way/57770926","osm_url":"https://www.openstreetmap.org/way/57770926","source":"OpenStreetMap"}},{"type":"Feature","geometry":{"type":"Point","coordinates":[-1.027095,53.6039093]},"properties":{"name":"Marina","layer":"marinas","note":"OpenStreetMap","osm_id":"way/57770928","osm_url":"https://www.openstreetmap.org/way/57770928","source":"OpenStreetMap"}},{"type":"Feature","geometry":{"type":"Point","coordinates":[-0.8074928,51.550906]},"properties":{"name":"Marina","layer":"marinas","note":"OpenStreetMap","osm_id":"way/579650627","osm_url":"https://www.openstreetmap.org/way/579650627","source":"OpenStreetMap"}},{"type":"Feature","geometry":{"type":"Point","coordinates":[-0.8159147,51.5474399]},"properties":{"name":"Marina","layer":"marinas","note":"OpenStreetMap","osm_id":"way/579650631","osm_url":"https://www.openstreetmap.org/way/579650631","source":"OpenStreetMap"}},{"type":"Feature","geometry":{"type":"Point","coordinates":[-0.7897611,51.5527229]},"properties":{"name":"Marina","layer":"marinas","note":"OpenStreetMap","osm_id":"way/586632110","osm_url":"https://www.openstreetmap.org/way/586632110","source":"OpenStreetMap"}},{"type":"Feature","geometry":{"type":"Point","coordinates":[-0.8697084,51.5579135]},"properties":{"name":"Hambleden Marina","layer":"marinas","note":"OpenStreetMap","osm_id":"way/586655999","osm_url":"https://www.openstreetmap.org/way/586655999","source":"OpenStreetMap"}},{"type":"Feature","geometry":{"type":"Point","coordinates":[-0.8699256,51.506629]},"properties":{"name":"Val Wyatt Marine","layer":"marinas","note":"OpenStreetMap","osm_id":"way/586825587","osm_url":"https://www.openstreetmap.org/way/586825587","source":"OpenStreetMap"}},{"type":"Feature","geometry":{"type":"Point","coordinates":[-2.8461842,53.9960812]},"properties":{"name":"Glasson Basin Marina","layer":"marinas","note":"OpenStreetMap","osm_id":"way/587154865","osm_url":"https://www.openstreetmap.org/way/587154865","source":"OpenStreetMap"}},{"type":"Feature","geometry":{"type":"Point","coordinates":[-1.7113933,51.6715105]},"properties":{"name":"Marina","layer":"marinas","note":"OpenStreetMap","osm_id":"way/587545569","osm_url":"https://www.openstreetmap.org/way/587545569","source":"OpenStreetMap"}},{"type":"Feature","geometry":{"type":"Point","coordinates":[-5.0619112,50.1523883]},"properties":{"name":"Port Pendennis Marina","layer":"marinas","note":"OpenStreetMap","osm_id":"way/59243754","osm_url":"https://www.openstreetmap.org/way/59243754","source":"OpenStreetMap"}},{"type":"Feature","geometry":{"type":"Point","coordinates":[0.2692889,52.3937325]},"properties":{"name":"Cathedral Marina","layer":"marinas","note":"Ely Marine Ltd.","osm_id":"way/59488512","osm_url":"https://www.openstreetmap.org/way/59488512","source":"OpenStreetMap","brand":"Ely Marine Ltd."}},{"type":"Feature","geometry":{"type":"Point","coordinates":[-2.3048376,53.4538656]},"properties":{"name":"Stretford Marina","layer":"marinas","note":"OpenStreetMap","osm_id":"way/59583040","osm_url":"https://www.openstreetmap.org/way/59583040","source":"OpenStreetMap"}},{"type":"Feature","geometry":{"type":"Point","coordinates":[-1.703794,54.9714878]},"properties":{"name":"Marina","layer":"marinas","note":"OpenStreetMap","osm_id":"way/59605176","osm_url":"https://www.openstreetmap.org/way/59605176","source":"OpenStreetMap"}},{"type":"Feature","geometry":{"type":"Point","coordinates":[-2.5125824,53.4930783]},"properties":{"name":"Bedford Basin","layer":"marinas","note":"OpenStreetMap","osm_id":"way/597507756","osm_url":"https://www.openstreetmap.org/way/597507756","source":"OpenStreetMap"}},{"type":"Feature","geometry":{"type":"Point","coordinates":[-1.0406275,51.4781507]},"properties":{"name":"Marina","layer":"marinas","note":"OpenStreetMap","osm_id":"way/598011853","osm_url":"https://www.openstreetmap.org/way/598011853","source":"OpenStreetMap"}},{"type":"Feature","geometry":{"type":"Point","coordinates":[-1.5551115,52.8617292]},"properties":{"name":"Mercia Marina","layer":"marinas","note":"OpenStreetMap","osm_id":"way/59925289","osm_url":"https://www.openstreetmap.org/way/59925289","source":"OpenStreetMap"}},{"type":"Feature","geometry":{"type":"Point","coordinates":[-7.6458441,54.3403644]},"properties":{"name":"Lochside Marina","layer":"marinas","note":"OpenStreetMap","osm_id":"way/602031584","osm_url":"https://www.openstreetmap.org/way/602031584","source":"OpenStreetMap"}},{"type":"Feature","geometry":{"type":"Point","coordinates":[0.0798568,50.779181]},"properties":{"name":"Newhaven and Seaford Sailing Club","layer":"marinas","note":"OpenStreetMap","osm_id":"way/603970474","osm_url":"https://www.openstreetmap.org/way/603970474","source":"OpenStreetMap"}},{"type":"Feature","geometry":{"type":"Point","coordinates":[-0.8083849,53.0828504]},"properties":{"name":"The Kings Marina","layer":"marinas","note":"OpenStreetMap","osm_id":"way/60690392","osm_url":"https://www.openstreetmap.org/way/60690392","source":"OpenStreetMap"}},{"type":"Feature","geometry":{"type":"Point","coordinates":[-1.0800908,52.4450302]},"properties":{"name":"North Kilworth Marina","layer":"marinas","note":"OpenStreetMap","osm_id":"way/617698918","osm_url":"https://www.openstreetmap.org/way/617698918","source":"OpenStreetMap"}},{"type":"Feature","geometry":{"type":"Point","coordinates":[-0.7465934,52.2502623]},"properties":{"name":"White Mills Marina","layer":"marinas","note":"OpenStreetMap","osm_id":"way/619322695","osm_url":"https://www.openstreetmap.org/way/619322695","source":"OpenStreetMap"}},{"type":"Feature","geometry":{"type":"Point","coordinates":[-1.1343522,51.5373496]},"properties":{"name":"Goring Thames Sailing Club","layer":"marinas","note":"OpenStreetMap","osm_id":"way/620712707","osm_url":"https://www.openstreetmap.org/way/620712707","source":"OpenStreetMap"}},{"type":"Feature","geometry":{"type":"Point","coordinates":[0.4479366,51.3631223]},"properties":{"name":"Elmhaven Marina","layer":"marinas","note":"OpenStreetMap","osm_id":"way/620856111","osm_url":"https://www.openstreetmap.org/way/620856111","source":"OpenStreetMap"}},{"type":"Feature","geometry":{"type":"Point","coordinates":[-1.1283151,52.6628994]},"properties":{"name":"Marina","layer":"marinas","note":"OpenStreetMap","osm_id":"way/63848330","osm_url":"https://www.openstreetmap.org/way/63848330","source":"OpenStreetMap"}},{"type":"Feature","geometry":{"type":"Point","coordinates":[-1.845585,52.5546448]},"properties":{"name":"Marina","layer":"marinas","note":"OpenStreetMap","osm_id":"way/653808669","osm_url":"https://www.openstreetmap.org/way/653808669","source":"OpenStreetMap"}},{"type":"Feature","geometry":{"type":"Point","coordinates":[-1.9741017,52.3530987]},"properties":{"name":"Withybed Moorings","layer":"marinas","note":"OpenStreetMap","osm_id":"way/653900858","osm_url":"https://www.openstreetmap.org/way/653900858","source":"OpenStreetMap"}},{"type":"Feature","geometry":{"type":"Point","coordinates":[-0.7614151,60.4235857]},"properties":{"name":"Marina","layer":"marinas","note":"OpenStreetMap","osm_id":"way/655414443","osm_url":"https://www.openstreetmap.org/way/655414443","source":"OpenStreetMap"}},{"type":"Feature","geometry":{"type":"Point","coordinates":[-4.3161833,50.3891399]},"properties":{"name":"Lynher Boatyard","layer":"marinas","note":"OpenStreetMap","osm_id":"way/664742111","osm_url":"https://www.openstreetmap.org/way/664742111","source":"OpenStreetMap"}},{"type":"Feature","geometry":{"type":"Point","coordinates":[-8.6324016,51.7327403]},"properties":{"name":"Kilmacsimon","layer":"marinas","note":"OpenStreetMap","osm_id":"way/679907803","osm_url":"https://www.openstreetmap.org/way/679907803","source":"OpenStreetMap"}},{"type":"Feature","geometry":{"type":"Point","coordinates":[-1.6766764,53.867071]},"properties":{"name":"Yeadon Sailing Club","layer":"marinas","note":"OpenStreetMap","osm_id":"way/688340409","osm_url":"https://www.openstreetmap.org/way/688340409","source":"OpenStreetMap"}},{"type":"Feature","geometry":{"type":"Point","coordinates":[-2.9972597,51.7528436]},"properties":{"name":"Marina","layer":"marinas","note":"OpenStreetMap","osm_id":"way/695008251","osm_url":"https://www.openstreetmap.org/way/695008251","source":"OpenStreetMap"}},{"type":"Feature","geometry":{"type":"Point","coordinates":[-2.9492113,54.4098081]},"properties":{"name":"Low Wood Bay Marina","layer":"marinas","note":"OpenStreetMap","osm_id":"way/699186404","osm_url":"https://www.openstreetmap.org/way/699186404","source":"OpenStreetMap"}},{"type":"Feature","geometry":{"type":"Point","coordinates":[-3.1306056,51.843324]},"properties":{"name":"Herons Rest Marina","layer":"marinas","note":"OpenStreetMap","osm_id":"way/701006944","osm_url":"https://www.openstreetmap.org/way/701006944","source":"OpenStreetMap"}},{"type":"Feature","geometry":{"type":"Point","coordinates":[-3.0989151,51.8243134]},"properties":{"name":"Castle Boats","layer":"marinas","note":"OpenStreetMap","osm_id":"way/701058186","osm_url":"https://www.openstreetmap.org/way/701058186","source":"OpenStreetMap"}},{"type":"Feature","geometry":{"type":"Point","coordinates":[-1.6378215,53.8245306]},"properties":{"name":"Fallwood Marina","layer":"marinas","note":"OpenStreetMap","osm_id":"way/702132158","osm_url":"https://www.openstreetmap.org/way/702132158","source":"OpenStreetMap"}},{"type":"Feature","geometry":{"type":"Point","coordinates":[-2.0043379,53.9859523]},"properties":{"name":"Craven Sailing Club","layer":"marinas","note":"OpenStreetMap","osm_id":"way/702204570","osm_url":"https://www.openstreetmap.org/way/702204570","source":"OpenStreetMap"}},{"type":"Feature","geometry":{"type":"Point","coordinates":[-4.1283657,52.8259252]},"properties":{"name":"Mochras Quay","layer":"marinas","note":"OpenStreetMap","osm_id":"way/704381858","osm_url":"https://www.openstreetmap.org/way/704381858","source":"OpenStreetMap"}},{"type":"Feature","geometry":{"type":"Point","coordinates":[-3.059957,51.8170816]},"properties":{"name":"Govilon Boat Club","layer":"marinas","note":"Govilon Boat Club","osm_id":"way/705751894","osm_url":"https://www.openstreetmap.org/way/705751894","source":"OpenStreetMap","brand":"Govilon Boat Club"}},{"type":"Feature","geometry":{"type":"Point","coordinates":[-3.0152753,51.7800566]},"properties":{"name":"Marina","layer":"marinas","note":"OpenStreetMap","osm_id":"way/706110655","osm_url":"https://www.openstreetmap.org/way/706110655","source":"OpenStreetMap"}},{"type":"Feature","geometry":{"type":"Point","coordinates":[-1.2951548,50.7616185]},"properties":{"name":"Cowes Yacht Haven","layer":"marinas","note":"OpenStreetMap","osm_id":"way/707195965","osm_url":"https://www.openstreetmap.org/way/707195965","source":"OpenStreetMap"}},{"type":"Feature","geometry":{"type":"Point","coordinates":[0.8119215,51.3471171]},"properties":{"name":"Swale Marina","layer":"marinas","note":"OpenStreetMap","osm_id":"way/71320924","osm_url":"https://www.openstreetmap.org/way/71320924","source":"OpenStreetMap"}},{"type":"Feature","geometry":{"type":"Point","coordinates":[-8.3051947,51.8050533]},"properties":{"name":"Marina","layer":"marinas","note":"OpenStreetMap","osm_id":"way/71423900","osm_url":"https://www.openstreetmap.org/way/71423900","source":"OpenStreetMap"}},{"type":"Feature","geometry":{"type":"Point","coordinates":[-8.3009085,51.8050864]},"properties":{"name":"Marina","layer":"marinas","note":"OpenStreetMap","osm_id":"way/71423904","osm_url":"https://www.openstreetmap.org/way/71423904","source":"OpenStreetMap"}},{"type":"Feature","geometry":{"type":"Point","coordinates":[-8.2956621,51.8053551]},"properties":{"name":"Marina","layer":"marinas","note":"OpenStreetMap","osm_id":"way/71423911","osm_url":"https://www.openstreetmap.org/way/71423911","source":"OpenStreetMap"}},{"type":"Feature","geometry":{"type":"Point","coordinates":[-1.7743775,52.7297243]},"properties":{"name":"Fradley Marina","layer":"marinas","note":"OpenStreetMap","osm_id":"way/720530052","osm_url":"https://www.openstreetmap.org/way/720530052","source":"OpenStreetMap"}},{"type":"Feature","geometry":{"type":"Point","coordinates":[1.2770922,51.9598075]},"properties":{"name":"Shotley Point","layer":"marinas","note":"OpenStreetMap","osm_id":"way/72194453","osm_url":"https://www.openstreetmap.org/way/72194453","source":"OpenStreetMap"}},{"type":"Feature","geometry":{"type":"Point","coordinates":[-8.574554,53.1975013]},"properties":{"name":"Marina","layer":"marinas","note":"OpenStreetMap","osm_id":"way/723732600","osm_url":"https://www.openstreetmap.org/way/723732600","source":"OpenStreetMap"}},{"type":"Feature","geometry":{"type":"Point","coordinates":[-4.1519306,50.3634034]},"properties":{"name":"Millbay Marina","layer":"marinas","note":"OpenStreetMap","osm_id":"way/725307998","osm_url":"https://www.openstreetmap.org/way/725307998","source":"OpenStreetMap"}},{"type":"Feature","geometry":{"type":"Point","coordinates":[1.2717604,51.9953113]},"properties":{"name":"Levington Marina","layer":"marinas","note":"OpenStreetMap","osm_id":"way/732786604","osm_url":"https://www.openstreetmap.org/way/732786604","source":"OpenStreetMap"}},{"type":"Feature","geometry":{"type":"Point","coordinates":[-1.7683371,52.2649908]},"properties":{"name":"Wootton Wawen Marina","layer":"marinas","note":"Anglo-Welsh","osm_id":"way/73677233","osm_url":"https://www.openstreetmap.org/way/73677233","source":"OpenStreetMap","brand":"Anglo-Welsh"}},{"type":"Feature","geometry":{"type":"Point","coordinates":[-8.0642264,53.9903896]},"properties":{"name":"Leitrim Quay","layer":"marinas","note":"OpenStreetMap","osm_id":"way/739759765","osm_url":"https://www.openstreetmap.org/way/739759765","source":"OpenStreetMap"}},{"type":"Feature","geometry":{"type":"Point","coordinates":[-4.0042137,56.5795204]},"properties":{"name":"Taymouth Marina","layer":"marinas","note":"OpenStreetMap","osm_id":"way/759459456","osm_url":"https://www.openstreetmap.org/way/759459456","source":"OpenStreetMap"}},{"type":"Feature","geometry":{"type":"Point","coordinates":[-2.1161201,52.0342551]},"properties":{"name":"Little Meadow River Park","layer":"marinas","note":"OpenStreetMap","osm_id":"way/762866615","osm_url":"https://www.openstreetmap.org/way/762866615","source":"OpenStreetMap"}},{"type":"Feature","geometry":{"type":"Point","coordinates":[-2.1151807,52.0363026]},"properties":{"name":"Bredon Marina","layer":"marinas","note":"OpenStreetMap","osm_id":"way/762869948","osm_url":"https://www.openstreetmap.org/way/762869948","source":"OpenStreetMap"}},{"type":"Feature","geometry":{"type":"Point","coordinates":[-8.2135291,51.8660876]},"properties":{"name":"East Ferry Marina","layer":"marinas","note":"OpenStreetMap","osm_id":"way/77159135","osm_url":"https://www.openstreetmap.org/way/77159135","source":"OpenStreetMap"}},{"type":"Feature","geometry":{"type":"Point","coordinates":[-8.2019063,53.0941477]},"properties":{"name":"Connacht Harbour","layer":"marinas","note":"OpenStreetMap","osm_id":"way/772213834","osm_url":"https://www.openstreetmap.org/way/772213834","source":"OpenStreetMap"}},{"type":"Feature","geometry":{"type":"Point","coordinates":[-4.2071392,50.3724328]},"properties":{"name":"Marina","layer":"marinas","note":"OpenStreetMap","osm_id":"way/773764192","osm_url":"https://www.openstreetmap.org/way/773764192","source":"OpenStreetMap"}},{"type":"Feature","geometry":{"type":"Point","coordinates":[-3.222359,55.9848574]},"properties":{"name":"Edinburgh Marina","layer":"marinas","note":"OpenStreetMap","osm_id":"way/781294561","osm_url":"https://www.openstreetmap.org/way/781294561","source":"OpenStreetMap"}},{"type":"Feature","geometry":{"type":"Point","coordinates":[-0.0636546,53.0083247]},"properties":{"name":"Marina","layer":"marinas","note":"OpenStreetMap","osm_id":"way/794705172","osm_url":"https://www.openstreetmap.org/way/794705172","source":"OpenStreetMap"}},{"type":"Feature","geometry":{"type":"Point","coordinates":[-0.2229381,51.4713546]},"properties":{"name":"Marina","layer":"marinas","note":"OpenStreetMap","osm_id":"way/797042458","osm_url":"https://www.openstreetmap.org/way/797042458","source":"OpenStreetMap"}},{"type":"Feature","geometry":{"type":"Point","coordinates":[-6.5053558,54.6323862]},"properties":{"name":"Marina","layer":"marinas","note":"OpenStreetMap","osm_id":"way/797134946","osm_url":"https://www.openstreetmap.org/way/797134946","source":"OpenStreetMap"}},{"type":"Feature","geometry":{"type":"Point","coordinates":[-0.0755229,52.316162]},"properties":{"name":"Jones Boatyard","layer":"marinas","note":"OpenStreetMap","osm_id":"way/798514866","osm_url":"https://www.openstreetmap.org/way/798514866","source":"OpenStreetMap"}},{"type":"Feature","geometry":{"type":"Point","coordinates":[-5.1009394,50.089175]},"properties":{"name":"Sailaway St. Anthony","layer":"marinas","note":"OpenStreetMap","osm_id":"way/799346517","osm_url":"https://www.openstreetmap.org/way/799346517","source":"OpenStreetMap"}},{"type":"Feature","geometry":{"type":"Point","coordinates":[-2.5455057,53.1149842]},"properties":{"name":"Venetian Marina","layer":"marinas","note":"OpenStreetMap","osm_id":"way/80146514","osm_url":"https://www.openstreetmap.org/way/80146514","source":"OpenStreetMap"}},{"type":"Feature","geometry":{"type":"Point","coordinates":[-3.1868849,51.4486469]},"properties":{"name":"Cardiff Marina","layer":"marinas","note":"OpenStreetMap","osm_id":"way/805832737","osm_url":"https://www.openstreetmap.org/way/805832737","source":"OpenStreetMap"}},{"type":"Feature","geometry":{"type":"Point","coordinates":[-0.7459371,52.0655821]},"properties":{"name":"Lionhearts Cruising Club","layer":"marinas","note":"OpenStreetMap","osm_id":"way/807885679","osm_url":"https://www.openstreetmap.org/way/807885679","source":"OpenStreetMap"}},{"type":"Feature","geometry":{"type":"Point","coordinates":[-3.1745336,51.4576659]},"properties":{"name":"Cardiff Yacht Club","layer":"marinas","note":"OpenStreetMap","osm_id":"way/808147615","osm_url":"https://www.openstreetmap.org/way/808147615","source":"OpenStreetMap"}},{"type":"Feature","geometry":{"type":"Point","coordinates":[-3.1784126,51.447313]},"properties":{"name":"Cardiff Bay Yacht Club","layer":"marinas","note":"OpenStreetMap","osm_id":"way/808147616","osm_url":"https://www.openstreetmap.org/way/808147616","source":"OpenStreetMap"}},{"type":"Feature","geometry":{"type":"Point","coordinates":[-2.5678716,53.7207207]},"properties":{"name":"Riley Green Marina","layer":"marinas","note":"OpenStreetMap","osm_id":"way/819134507","osm_url":"https://www.openstreetmap.org/way/819134507","source":"OpenStreetMap"}},{"type":"Feature","geometry":{"type":"Point","coordinates":[-2.0181356,52.5008256]},"properties":{"name":"Valencia Wharf","layer":"marinas","note":"Canal & River Trust","osm_id":"way/821994716","osm_url":"https://www.openstreetmap.org/way/821994716","source":"OpenStreetMap","brand":"Canal & River Trust"}},{"type":"Feature","geometry":{"type":"Point","coordinates":[-5.3765079,56.5837363]},"properties":{"name":"Linnhe Marina","layer":"marinas","note":"OpenStreetMap","osm_id":"way/826543219","osm_url":"https://www.openstreetmap.org/way/826543219","source":"OpenStreetMap"}},{"type":"Feature","geometry":{"type":"Point","coordinates":[-0.8895095,52.2326523]},"properties":{"name":"Northampton Marina","layer":"marinas","note":"OpenStreetMap","osm_id":"way/82794248","osm_url":"https://www.openstreetmap.org/way/82794248","source":"OpenStreetMap"}},{"type":"Feature","geometry":{"type":"Point","coordinates":[-8.1609834,53.9815576]},"properties":{"name":"Cootehall Quays","layer":"marinas","note":"OpenStreetMap","osm_id":"way/831858004","osm_url":"https://www.openstreetmap.org/way/831858004","source":"OpenStreetMap"}},{"type":"Feature","geometry":{"type":"Point","coordinates":[-8.1630374,53.9798702]},"properties":{"name":"Cootehall Marina","layer":"marinas","note":"OpenStreetMap","osm_id":"way/831858005","osm_url":"https://www.openstreetmap.org/way/831858005","source":"OpenStreetMap"}},{"type":"Feature","geometry":{"type":"Point","coordinates":[-0.3201015,51.3923067]},"properties":{"name":"Thames Ditton Marina","layer":"marinas","note":"TDM Marine LTD","osm_id":"way/841183947","osm_url":"https://www.openstreetmap.org/way/841183947","source":"OpenStreetMap","brand":"TDM Marine LTD"}},{"type":"Feature","geometry":{"type":"Point","coordinates":[-2.7910924,53.9872942]},"properties":{"name":"Galgate Waterside and Marina","layer":"marinas","note":"Aquavista","osm_id":"way/845651215","osm_url":"https://www.openstreetmap.org/way/845651215","source":"OpenStreetMap","brand":"Aquavista"}},{"type":"Feature","geometry":{"type":"Point","coordinates":[-0.3069582,51.4212197]},"properties":{"name":"Marina","layer":"marinas","note":"OpenStreetMap","osm_id":"way/846420243","osm_url":"https://www.openstreetmap.org/way/846420243","source":"OpenStreetMap"}},{"type":"Feature","geometry":{"type":"Point","coordinates":[-0.5816401,51.4817322]},"properties":{"name":"Kris Cruisers","layer":"marinas","note":"OpenStreetMap","osm_id":"way/849750407","osm_url":"https://www.openstreetmap.org/way/849750407","source":"OpenStreetMap"}},{"type":"Feature","geometry":{"type":"Point","coordinates":[-10.0391813,54.1935861]},"properties":{"name":"Marina","layer":"marinas","note":"OpenStreetMap","osm_id":"way/856146126","osm_url":"https://www.openstreetmap.org/way/856146126","source":"OpenStreetMap"}},{"type":"Feature","geometry":{"type":"Point","coordinates":[-6.1911563,54.0937629]},"properties":{"name":"Marina","layer":"marinas","note":"OpenStreetMap","osm_id":"way/861171378","osm_url":"https://www.openstreetmap.org/way/861171378","source":"OpenStreetMap"}},{"type":"Feature","geometry":{"type":"Point","coordinates":[-1.7481961,52.7358775]},"properties":{"name":"Marina","layer":"marinas","note":"OpenStreetMap","osm_id":"way/867236872","osm_url":"https://www.openstreetmap.org/way/867236872","source":"OpenStreetMap"}},{"type":"Feature","geometry":{"type":"Point","coordinates":[-1.7373928,52.7412308]},"properties":{"name":"Marina","layer":"marinas","note":"OpenStreetMap","osm_id":"way/867236873","osm_url":"https://www.openstreetmap.org/way/867236873","source":"OpenStreetMap"}},{"type":"Feature","geometry":{"type":"Point","coordinates":[-0.0763724,52.3171019]},"properties":{"name":"Marina","layer":"marinas","note":"OpenStreetMap","osm_id":"way/87175259","osm_url":"https://www.openstreetmap.org/way/87175259","source":"OpenStreetMap"}},{"type":"Feature","geometry":{"type":"Point","coordinates":[-4.0680035,55.0202582]},"properties":{"name":"Loch Ken Marina","layer":"marinas","note":"OpenStreetMap","osm_id":"way/879188880","osm_url":"https://www.openstreetmap.org/way/879188880","source":"OpenStreetMap"}},{"type":"Feature","geometry":{"type":"Point","coordinates":[-2.3364111,56.7936624]},"properties":{"name":"Johnshaven Harbour","layer":"marinas","note":"OpenStreetMap","osm_id":"way/881706933","osm_url":"https://www.openstreetmap.org/way/881706933","source":"OpenStreetMap"}},{"type":"Feature","geometry":{"type":"Point","coordinates":[-0.6549432,51.8365297]},"properties":{"name":"Marina","layer":"marinas","note":"OpenStreetMap","osm_id":"way/88391254","osm_url":"https://www.openstreetmap.org/way/88391254","source":"OpenStreetMap"}},{"type":"Feature","geometry":{"type":"Point","coordinates":[-6.8354146,53.2745998]},"properties":{"name":"Lowtown Marina","layer":"marinas","note":"OpenStreetMap","osm_id":"way/88445971","osm_url":"https://www.openstreetmap.org/way/88445971","source":"OpenStreetMap"}},{"type":"Feature","geometry":{"type":"Point","coordinates":[-1.4889979,52.6863625]},"properties":{"name":"Snarestone Wharf","layer":"marinas","note":"Ashby Canal Association","osm_id":"way/886131885","osm_url":"https://www.openstreetmap.org/way/886131885","source":"OpenStreetMap","brand":"Ashby Canal Association"}},{"type":"Feature","geometry":{"type":"Point","coordinates":[-1.4249878,52.626726]},"properties":{"name":"Bosworth Marina","layer":"marinas","note":"OpenStreetMap","osm_id":"way/886669856","osm_url":"https://www.openstreetmap.org/way/886669856","source":"OpenStreetMap"}},{"type":"Feature","geometry":{"type":"Point","coordinates":[-1.4157857,52.5550913]},"properties":{"name":"The Barge","layer":"marinas","note":"OpenStreetMap","osm_id":"way/886915627","osm_url":"https://www.openstreetmap.org/way/886915627","source":"OpenStreetMap"}},{"type":"Feature","geometry":{"type":"Point","coordinates":[-0.3395312,52.5549124]},"properties":{"name":"Marina","layer":"marinas","note":"OpenStreetMap","osm_id":"way/890418323","osm_url":"https://www.openstreetmap.org/way/890418323","source":"OpenStreetMap"}},{"type":"Feature","geometry":{"type":"Point","coordinates":[-2.7519657,52.3813468]},"properties":{"name":"Marina","layer":"marinas","note":"OpenStreetMap","osm_id":"way/891243904","osm_url":"https://www.openstreetmap.org/way/891243904","source":"OpenStreetMap"}},{"type":"Feature","geometry":{"type":"Point","coordinates":[-2.7522545,52.3816797]},"properties":{"name":"Marina","layer":"marinas","note":"OpenStreetMap","osm_id":"way/891243905","osm_url":"https://www.openstreetmap.org/way/891243905","source":"OpenStreetMap"}},{"type":"Feature","geometry":{"type":"Point","coordinates":[-0.2509163,51.4824525]},"properties":{"name":"Chiswick Pier","layer":"marinas","note":"Chiswick Pier Trust","osm_id":"way/893120133","osm_url":"https://www.openstreetmap.org/way/893120133","source":"OpenStreetMap","brand":"Chiswick Pier Trust"}},{"type":"Feature","geometry":{"type":"Point","coordinates":[-0.3020913,51.4816575]},"properties":{"name":"Brentford Dock Marina","layer":"marinas","note":"Brentford Dock","osm_id":"way/893125164","osm_url":"https://www.openstreetmap.org/way/893125164","source":"OpenStreetMap","brand":"Brentford Dock"}},{"type":"Feature","geometry":{"type":"Point","coordinates":[-0.3212087,51.4651068]},"properties":{"name":"Thisleworth Marine","layer":"marinas","note":"OpenStreetMap","osm_id":"way/893126299","osm_url":"https://www.openstreetmap.org/way/893126299","source":"OpenStreetMap"}},{"type":"Feature","geometry":{"type":"Point","coordinates":[-0.3234566,51.4460305]},"properties":{"name":"Eel Pie Boatyard","layer":"marinas","note":"OpenStreetMap","osm_id":"way/893142395","osm_url":"https://www.openstreetmap.org/way/893142395","source":"OpenStreetMap"}},{"type":"Feature","geometry":{"type":"Point","coordinates":[-0.3231792,51.4455173]},"properties":{"name":"Richmond Yacht Club","layer":"marinas","note":"OpenStreetMap","osm_id":"way/893142396","osm_url":"https://www.openstreetmap.org/way/893142396","source":"OpenStreetMap"}},{"type":"Feature","geometry":{"type":"Point","coordinates":[-0.3308973,51.4392325]},"properties":{"name":"Swan Island","layer":"marinas","note":"OpenStreetMap","osm_id":"way/893142397","osm_url":"https://www.openstreetmap.org/way/893142397","source":"OpenStreetMap"}},{"type":"Feature","geometry":{"type":"Point","coordinates":[-0.323489,51.4307268]},"properties":{"name":"Teddington Harbour","layer":"marinas","note":"OpenStreetMap","osm_id":"way/893142398","osm_url":"https://www.openstreetmap.org/way/893142398","source":"OpenStreetMap"}},{"type":"Feature","geometry":{"type":"Point","coordinates":[-0.3135736,51.4471548]},"properties":{"name":"Hammerton's Ferry","layer":"marinas","note":"OpenStreetMap","osm_id":"way/893160951","osm_url":"https://www.openstreetmap.org/way/893160951","source":"OpenStreetMap"}},{"type":"Feature","geometry":{"type":"Point","coordinates":[-0.1348723,52.3330745]},"properties":{"name":"Daylock Marine Services","layer":"marinas","note":"OpenStreetMap","osm_id":"way/894061148","osm_url":"https://www.openstreetmap.org/way/894061148","source":"OpenStreetMap"}},{"type":"Feature","geometry":{"type":"Point","coordinates":[-0.6700968,51.8970987]},"properties":{"name":"Grove Lock Marina","layer":"marinas","note":"OpenStreetMap","osm_id":"way/89449850","osm_url":"https://www.openstreetmap.org/way/89449850","source":"OpenStreetMap"}},{"type":"Feature","geometry":{"type":"Point","coordinates":[-2.076415,52.4870583]},"properties":{"name":"Withymoor Island","layer":"marinas","note":"OpenStreetMap","osm_id":"way/897674333","osm_url":"https://www.openstreetmap.org/way/897674333","source":"OpenStreetMap"}},{"type":"Feature","geometry":{"type":"Point","coordinates":[-2.1753659,53.9100964]},"properties":{"name":"Lower Park Marina","layer":"marinas","note":"OpenStreetMap","osm_id":"way/900831982","osm_url":"https://www.openstreetmap.org/way/900831982","source":"OpenStreetMap"}},{"type":"Feature","geometry":{"type":"Point","coordinates":[-1.5278904,55.1367446]},"properties":{"name":"Factory Point Marina","layer":"marinas","note":"River Blyth Boating Association","osm_id":"way/904366978","osm_url":"https://www.openstreetmap.org/way/904366978","source":"OpenStreetMap","brand":"River Blyth Boating Association"}},{"type":"Feature","geometry":{"type":"Point","coordinates":[0.512707,51.2928029]},"properties":{"name":"Marina","layer":"marinas","note":"OpenStreetMap","osm_id":"way/91332408","osm_url":"https://www.openstreetmap.org/way/91332408","source":"OpenStreetMap"}},{"type":"Feature","geometry":{"type":"Point","coordinates":[0.5121117,51.2918103]},"properties":{"name":"Marina","layer":"marinas","note":"OpenStreetMap","osm_id":"way/91332411","osm_url":"https://www.openstreetmap.org/way/91332411","source":"OpenStreetMap"}},{"type":"Feature","geometry":{"type":"Point","coordinates":[-0.49227,51.3242359]},"properties":{"name":"Pyrford Marina","layer":"marinas","note":"OpenStreetMap","osm_id":"way/913346181","osm_url":"https://www.openstreetmap.org/way/913346181","source":"OpenStreetMap"}},{"type":"Feature","geometry":{"type":"Point","coordinates":[0.5605514,51.3969507]},"properties":{"name":"Marina","layer":"marinas","note":"OpenStreetMap","osm_id":"way/91899500","osm_url":"https://www.openstreetmap.org/way/91899500","source":"OpenStreetMap"}},{"type":"Feature","geometry":{"type":"Point","coordinates":[0.5612932,51.3954511]},"properties":{"name":"Marina","layer":"marinas","note":"OpenStreetMap","osm_id":"way/91899511","osm_url":"https://www.openstreetmap.org/way/91899511","source":"OpenStreetMap"}},{"type":"Feature","geometry":{"type":"Point","coordinates":[-7.9429071,53.4250471]},"properties":{"name":"Athlone Marina","layer":"marinas","note":"OpenStreetMap","osm_id":"way/920080825","osm_url":"https://www.openstreetmap.org/way/920080825","source":"OpenStreetMap"}},{"type":"Feature","geometry":{"type":"Point","coordinates":[-2.9661526,55.9701071]},"properties":{"name":"Cockenzie Harbour","layer":"marinas","note":"OpenStreetMap","osm_id":"way/920688039","osm_url":"https://www.openstreetmap.org/way/920688039","source":"OpenStreetMap"}},{"type":"Feature","geometry":{"type":"Point","coordinates":[-9.4607389,51.6801066]},"properties":{"name":"Bantry Harbour Marina","layer":"marinas","note":"Bantry Bay Port Company","osm_id":"way/921671393","osm_url":"https://www.openstreetmap.org/way/921671393","source":"OpenStreetMap","brand":"Bantry Bay Port Company"}},{"type":"Feature","geometry":{"type":"Point","coordinates":[-1.2888008,54.5648492]},"properties":{"name":"Marina","layer":"marinas","note":"OpenStreetMap","osm_id":"way/922935313","osm_url":"https://www.openstreetmap.org/way/922935313","source":"OpenStreetMap"}},{"type":"Feature","geometry":{"type":"Point","coordinates":[0.7988323,51.620711]},"properties":{"name":"Essex Marina","layer":"marinas","note":"OpenStreetMap","osm_id":"way/924817310","osm_url":"https://www.openstreetmap.org/way/924817310","source":"OpenStreetMap"}},{"type":"Feature","geometry":{"type":"Point","coordinates":[1.5594557,52.457179]},"properties":{"name":"Galleon Storage & Mooring Ltd","layer":"marinas","note":"OpenStreetMap","osm_id":"way/924848107","osm_url":"https://www.openstreetmap.org/way/924848107","source":"OpenStreetMap"}},{"type":"Feature","geometry":{"type":"Point","coordinates":[0.726632,51.5772346]},"properties":{"name":"Wakering Yacht Club","layer":"marinas","note":"OpenStreetMap","osm_id":"way/925110135","osm_url":"https://www.openstreetmap.org/way/925110135","source":"OpenStreetMap"}},{"type":"Feature","geometry":{"type":"Point","coordinates":[1.2584076,51.8637272]},"properties":{"name":"Titchmarsh Marina","layer":"marinas","note":"OpenStreetMap","osm_id":"way/925535861","osm_url":"https://www.openstreetmap.org/way/925535861","source":"OpenStreetMap"}},{"type":"Feature","geometry":{"type":"Point","coordinates":[-4.6402203,53.3199489]},"properties":{"name":"Holyhead Marina","layer":"marinas","note":"OpenStreetMap","osm_id":"way/92875255","osm_url":"https://www.openstreetmap.org/way/92875255","source":"OpenStreetMap"}},{"type":"Feature","geometry":{"type":"Point","coordinates":[-0.969404,50.8050501]},"properties":{"name":"Marina","layer":"marinas","note":"OpenStreetMap","osm_id":"way/92889799","osm_url":"https://www.openstreetmap.org/way/92889799","source":"OpenStreetMap"}},{"type":"Feature","geometry":{"type":"Point","coordinates":[-4.0873149,52.4098975]},"properties":{"name":"Aberystwyth Marina","layer":"marinas","note":"OpenStreetMap","osm_id":"way/92965013","osm_url":"https://www.openstreetmap.org/way/92965013","source":"OpenStreetMap"}},{"type":"Feature","geometry":{"type":"Point","coordinates":[-5.4976635,56.4178272]},"properties":{"name":"Kerrera Marina","layer":"marinas","note":"OpenStreetMap","osm_id":"way/931036185","osm_url":"https://www.openstreetmap.org/way/931036185","source":"OpenStreetMap"}},{"type":"Feature","geometry":{"type":"Point","coordinates":[-5.4756817,56.4157472]},"properties":{"name":"North Pier Pontoons","layer":"marinas","note":"OpenStreetMap","osm_id":"way/931041234","osm_url":"https://www.openstreetmap.org/way/931041234","source":"OpenStreetMap"}},{"type":"Feature","geometry":{"type":"Point","coordinates":[-5.5566131,56.2112628]},"properties":{"name":"Craobh Marina","layer":"marinas","note":"Craobh Marina","osm_id":"way/931042663","osm_url":"https://www.openstreetmap.org/way/931042663","source":"OpenStreetMap","brand":"Craobh Marina"}},{"type":"Feature","geometry":{"type":"Point","coordinates":[0.5592306,51.4110604]},"properties":{"name":"Port Werburgh","layer":"marinas","note":"OpenStreetMap","osm_id":"way/93350304","osm_url":"https://www.openstreetmap.org/way/93350304","source":"OpenStreetMap"}},{"type":"Feature","geometry":{"type":"Point","coordinates":[-1.2769029,50.7254356]},"properties":{"name":"Island Harbour Marina","layer":"marinas","note":"OpenStreetMap","osm_id":"way/935741779","osm_url":"https://www.openstreetmap.org/way/935741779","source":"OpenStreetMap"}},{"type":"Feature","geometry":{"type":"Point","coordinates":[-3.1734054,52.9735426]},"properties":{"name":"Llangollen Moorings","layer":"marinas","note":"OpenStreetMap","osm_id":"way/93945123","osm_url":"https://www.openstreetmap.org/way/93945123","source":"OpenStreetMap"}},{"type":"Feature","geometry":{"type":"Point","coordinates":[-0.273131,52.2304796]},"properties":{"name":"St Neots Tennis Club Moorings","layer":"marinas","note":"OpenStreetMap","osm_id":"way/943575562","osm_url":"https://www.openstreetmap.org/way/943575562","source":"OpenStreetMap"}},{"type":"Feature","geometry":{"type":"Point","coordinates":[0.4148203,51.2280217]},"properties":{"name":"Hampstead Marina","layer":"marinas","note":"OpenStreetMap","osm_id":"way/94427647","osm_url":"https://www.openstreetmap.org/way/94427647","source":"OpenStreetMap"}},{"type":"Feature","geometry":{"type":"Point","coordinates":[0.2682586,52.391432]},"properties":{"name":"Bridge Boatyard","layer":"marinas","note":"OpenStreetMap","osm_id":"way/944433682","osm_url":"https://www.openstreetmap.org/way/944433682","source":"OpenStreetMap"}},{"type":"Feature","geometry":{"type":"Point","coordinates":[0.8035573,51.6283649]},"properties":{"name":"Burnham Yacht Harbour","layer":"marinas","note":"OpenStreetMap","osm_id":"way/94576243","osm_url":"https://www.openstreetmap.org/way/94576243","source":"OpenStreetMap"}},{"type":"Feature","geometry":{"type":"Point","coordinates":[-1.1260907,52.2969779]},"properties":{"name":"Welton Haven Marina","layer":"marinas","note":"OpenStreetMap","osm_id":"way/94817104","osm_url":"https://www.openstreetmap.org/way/94817104","source":"OpenStreetMap"}},{"type":"Feature","geometry":{"type":"Point","coordinates":[-1.0772069,52.2318278]},"properties":{"name":"Grand Union Canal","layer":"marinas","note":"OpenStreetMap","osm_id":"way/94817225","osm_url":"https://www.openstreetmap.org/way/94817225","source":"OpenStreetMap"}},{"type":"Feature","geometry":{"type":"Point","coordinates":[-1.1224567,52.2905036]},"properties":{"name":"Weltonfield Narrowboats","layer":"marinas","note":"OpenStreetMap","osm_id":"way/94817336","osm_url":"https://www.openstreetmap.org/way/94817336","source":"OpenStreetMap"}},{"type":"Feature","geometry":{"type":"Point","coordinates":[-1.0783316,52.4465713]},"properties":{"name":"North Kilworth Wharf","layer":"marinas","note":"OpenStreetMap","osm_id":"way/95132250","osm_url":"https://www.openstreetmap.org/way/95132250","source":"OpenStreetMap"}},{"type":"Feature","geometry":{"type":"Point","coordinates":[-0.9431869,52.1748484]},"properties":{"name":"Blisworth Tunnel Narrowboats","layer":"marinas","note":"OpenStreetMap","osm_id":"way/95466591","osm_url":"https://www.openstreetmap.org/way/95466591","source":"OpenStreetMap"}},{"type":"Feature","geometry":{"type":"Point","coordinates":[-3.1732759,51.4452418]},"properties":{"name":"Penarth Marina","layer":"marinas","note":"OpenStreetMap","osm_id":"way/956366208","osm_url":"https://www.openstreetmap.org/way/956366208","source":"OpenStreetMap"}},{"type":"Feature","geometry":{"type":"Point","coordinates":[1.5293391,52.7579957]},"properties":{"name":"Marina","layer":"marinas","note":"OpenStreetMap","osm_id":"way/95848046","osm_url":"https://www.openstreetmap.org/way/95848046","source":"OpenStreetMap"}},{"type":"Feature","geometry":{"type":"Point","coordinates":[1.5154555,52.7648018]},"properties":{"name":"Marina","layer":"marinas","note":"OpenStreetMap","osm_id":"way/95855228","osm_url":"https://www.openstreetmap.org/way/95855228","source":"OpenStreetMap"}},{"type":"Feature","geometry":{"type":"Point","coordinates":[1.6491925,52.5140584]},"properties":{"name":"Somerleyton Marina","layer":"marinas","note":"OpenStreetMap","osm_id":"way/96132355","osm_url":"https://www.openstreetmap.org/way/96132355","source":"OpenStreetMap"}},{"type":"Feature","geometry":{"type":"Point","coordinates":[-1.5625175,60.2265478]},"properties":{"name":"Marina","layer":"marinas","note":"OpenStreetMap","osm_id":"way/963238156","osm_url":"https://www.openstreetmap.org/way/963238156","source":"OpenStreetMap"}},{"type":"Feature","geometry":{"type":"Point","coordinates":[0.8811434,51.3293141]},"properties":{"name":"Youngboats Marine Services","layer":"marinas","note":"OpenStreetMap","osm_id":"way/963985226","osm_url":"https://www.openstreetmap.org/way/963985226","source":"OpenStreetMap"}},{"type":"Feature","geometry":{"type":"Point","coordinates":[0.8934407,51.3352603]},"properties":{"name":"Hollowshore Moorings","layer":"marinas","note":"OpenStreetMap","osm_id":"way/963985228","osm_url":"https://www.openstreetmap.org/way/963985228","source":"OpenStreetMap"}},{"type":"Feature","geometry":{"type":"Point","coordinates":[0.4661371,51.3749532]},"properties":{"name":"Cuxton Marina","layer":"marinas","note":"OpenStreetMap","osm_id":"way/964942928","osm_url":"https://www.openstreetmap.org/way/964942928","source":"OpenStreetMap"}},{"type":"Feature","geometry":{"type":"Point","coordinates":[-7.9295542,54.3078438]},"properties":{"name":"Marina","layer":"marinas","note":"OpenStreetMap","osm_id":"way/968588348","osm_url":"https://www.openstreetmap.org/way/968588348","source":"OpenStreetMap"}},{"type":"Feature","geometry":{"type":"Point","coordinates":[-0.1206686,51.5347171]},"properties":{"name":"Ice Wharf Marina","layer":"marinas","note":"OpenStreetMap","osm_id":"way/971157219","osm_url":"https://www.openstreetmap.org/way/971157219","source":"OpenStreetMap"}},{"type":"Feature","geometry":{"type":"Point","coordinates":[-0.1208122,51.5340522]},"properties":{"name":"Battlebridge Marina","layer":"marinas","note":"OpenStreetMap","osm_id":"way/971157220","osm_url":"https://www.openstreetmap.org/way/971157220","source":"OpenStreetMap"}},{"type":"Feature","geometry":{"type":"Point","coordinates":[-3.5272898,50.4594406]},"properties":{"name":"Torquay Marina","layer":"marinas","note":"OpenStreetMap","osm_id":"way/97162066","osm_url":"https://www.openstreetmap.org/way/97162066","source":"OpenStreetMap"}},{"type":"Feature","geometry":{"type":"Point","coordinates":[1.6721569,52.4832634]},"properties":{"name":"Marina","layer":"marinas","note":"OpenStreetMap","osm_id":"way/973169220","osm_url":"https://www.openstreetmap.org/way/973169220","source":"OpenStreetMap"}},{"type":"Feature","geometry":{"type":"Point","coordinates":[-4.8754386,55.9098993]},"properties":{"name":"Kip Marina","layer":"marinas","note":"OpenStreetMap","osm_id":"way/98183596","osm_url":"https://www.openstreetmap.org/way/98183596","source":"OpenStreetMap"}},{"type":"Feature","geometry":{"type":"Point","coordinates":[0.0290813,52.3527524]},"properties":{"name":"Westview Marina","layer":"marinas","note":"OpenStreetMap","osm_id":"way/98646781","osm_url":"https://www.openstreetmap.org/way/98646781","source":"OpenStreetMap"}},{"type":"Feature","geometry":{"type":"Point","coordinates":[-3.1570501,54.5984457]},"properties":{"name":"Derwentwater Marina","layer":"marinas","note":"OpenStreetMap","osm_id":"way/987329543","osm_url":"https://www.openstreetmap.org/way/987329543","source":"OpenStreetMap"}},{"type":"Feature","geometry":{"type":"Point","coordinates":[-3.1559938,54.5954072]},"properties":{"name":"Nichol End Marine","layer":"marinas","note":"OpenStreetMap","osm_id":"way/987375972","osm_url":"https://www.openstreetmap.org/way/987375972","source":"OpenStreetMap"}},{"type":"Feature","geometry":{"type":"Point","coordinates":[-5.8263105,57.0050278]},"properties":{"name":"Mallaig Yachting Marina","layer":"marinas","note":"Mallaig Harbour Authority","osm_id":"way/987684848","osm_url":"https://www.openstreetmap.org/way/987684848","source":"OpenStreetMap","brand":"Mallaig Harbour Authority"}},{"type":"Feature","geometry":{"type":"Point","coordinates":[-0.0067559,52.3224103]},"properties":{"name":"Pike & Eel Marina","layer":"marinas","note":"OpenStreetMap","osm_id":"way/99536243","osm_url":"https://www.openstreetmap.org/way/99536243","source":"OpenStreetMap"}},{"type":"Feature","geometry":{"type":"Point","coordinates":[-0.0363745,51.511307]},"properties":{"name":"Limehouse Marina","layer":"marinas","note":"Aquavista","osm_id":"way/996058008","osm_url":"https://www.openstreetmap.org/way/996058008","source":"OpenStreetMap","brand":"Aquavista"}},{"type":"Feature","geometry":{"type":"Point","coordinates":[-1.7070785,52.1819072]},"properties":{"name":"Shakespeare Marina","layer":"marinas","note":"OpenStreetMap","osm_id":"way/998809336","osm_url":"https://www.openstreetmap.org/way/998809336","source":"OpenStreetMap"}}]}
