{"type":"FeatureCollection","features":[{"type":"Feature","geometry":{"type":"Point","coordinates":[-2.7611375,50.7102824]},"properties":{"name":"The Customs House","layer":"marketplaces","note":"OpenStreetMap","osm_id":"node/10031837961","osm_url":"https://www.openstreetmap.org/node/10031837961","source":"OpenStreetMap"}},{"type":"Feature","geometry":{"type":"Point","coordinates":[-0.3061978,51.458417]},"properties":{"name":"Duck Pond Market","layer":"marketplaces","note":"OpenStreetMap","osm_id":"node/10085046069","osm_url":"https://www.openstreetmap.org/node/10085046069","source":"OpenStreetMap"}},{"type":"Feature","geometry":{"type":"Point","coordinates":[-0.0198993,51.5912201]},"properties":{"name":"Lloyd Park Market","layer":"marketplaces","note":"OpenStreetMap","osm_id":"node/10140318081","osm_url":"https://www.openstreetmap.org/node/10140318081","source":"OpenStreetMap"}},{"type":"Feature","geometry":{"type":"Point","coordinates":[-2.730345,56.0009098]},"properties":{"name":"East Fortune Sunday Market","layer":"marketplaces","note":"OpenStreetMap","osm_id":"node/1014621875","osm_url":"https://www.openstreetmap.org/node/1014621875","source":"OpenStreetMap"}},{"type":"Feature","geometry":{"type":"Point","coordinates":[-2.7071882,51.6236134]},"properties":{"name":"Newhall Farm Shop","layer":"marketplaces","note":"OpenStreetMap","osm_id":"node/10184417259","osm_url":"https://www.openstreetmap.org/node/10184417259","source":"OpenStreetMap"}},{"type":"Feature","geometry":{"type":"Point","coordinates":[-2.9237842,54.3617428]},"properties":{"name":"Glebe Markets","layer":"marketplaces","note":"OpenStreetMap","osm_id":"node/10235689389","osm_url":"https://www.openstreetmap.org/node/10235689389","source":"OpenStreetMap"}},{"type":"Feature","geometry":{"type":"Point","coordinates":[-1.5760902,54.7773129]},"properties":{"name":"Durham Indoor Market","layer":"marketplaces","note":"OpenStreetMap","osm_id":"node/10276319058","osm_url":"https://www.openstreetmap.org/node/10276319058","source":"OpenStreetMap"}},{"type":"Feature","geometry":{"type":"Point","coordinates":[-0.900036,52.2350529]},"properties":{"name":"Temporary Market","layer":"marketplaces","note":"OpenStreetMap","osm_id":"node/10652410628","osm_url":"https://www.openstreetmap.org/node/10652410628","source":"OpenStreetMap"}},{"type":"Feature","geometry":{"type":"Point","coordinates":[-0.3759477,52.7683694]},"properties":{"name":"Bourne Market","layer":"marketplaces","note":"OpenStreetMap","osm_id":"node/10686408756","osm_url":"https://www.openstreetmap.org/node/10686408756","source":"OpenStreetMap"}},{"type":"Feature","geometry":{"type":"Point","coordinates":[-0.0695345,51.4723505]},"properties":{"name":"Market Place Peckham","layer":"marketplaces","note":"OpenStreetMap","osm_id":"node/10743590885","osm_url":"https://www.openstreetmap.org/node/10743590885","source":"OpenStreetMap"}},{"type":"Feature","geometry":{"type":"Point","coordinates":[-2.5192411,52.7001072]},"properties":{"name":"Market Annexe","layer":"marketplaces","note":"OpenStreetMap","osm_id":"node/10753550423","osm_url":"https://www.openstreetmap.org/node/10753550423","source":"OpenStreetMap"}},{"type":"Feature","geometry":{"type":"Point","coordinates":[-4.0845631,55.9134613]},"properties":{"name":"Marketplace","layer":"marketplaces","note":"OpenStreetMap","osm_id":"node/1083619130","osm_url":"https://www.openstreetmap.org/node/1083619130","source":"OpenStreetMap"}},{"type":"Feature","geometry":{"type":"Point","coordinates":[-0.1170323,51.6064094]},"properties":{"name":"Myddleton Road Market","layer":"marketplaces","note":"Markets N22 C.I.C.","osm_id":"node/10839531298","osm_url":"https://www.openstreetmap.org/node/10839531298","source":"OpenStreetMap","brand":"Markets N22 C.I.C."}},{"type":"Feature","geometry":{"type":"Point","coordinates":[-7.3486913,52.9144489]},"properties":{"name":"Marketplace","layer":"marketplaces","note":"OpenStreetMap","osm_id":"node/10855685881","osm_url":"https://www.openstreetmap.org/node/10855685881","source":"OpenStreetMap"}},{"type":"Feature","geometry":{"type":"Point","coordinates":[-2.3658181,51.3738772]},"properties":{"name":"Bear Flat Community Market","layer":"marketplaces","note":"OpenStreetMap","osm_id":"node/10856398289","osm_url":"https://www.openstreetmap.org/node/10856398289","source":"OpenStreetMap"}},{"type":"Feature","geometry":{"type":"Point","coordinates":[-7.9327397,52.1384997]},"properties":{"name":"Lismore Farmers Market","layer":"marketplaces","note":"OpenStreetMap","osm_id":"node/10857814873","osm_url":"https://www.openstreetmap.org/node/10857814873","source":"OpenStreetMap"}},{"type":"Feature","geometry":{"type":"Point","coordinates":[-0.1316791,50.8407485]},"properties":{"name":"Hollingdean Wholefoods","layer":"marketplaces","note":"OpenStreetMap","osm_id":"node/10926461949","osm_url":"https://www.openstreetmap.org/node/10926461949","source":"OpenStreetMap"}},{"type":"Feature","geometry":{"type":"Point","coordinates":[0.2776773,51.1927406]},"properties":{"name":"Tonbridge Farmers' Market","layer":"marketplaces","note":"OpenStreetMap","osm_id":"node/10938567503","osm_url":"https://www.openstreetmap.org/node/10938567503","source":"OpenStreetMap"}},{"type":"Feature","geometry":{"type":"Point","coordinates":[1.1267628,51.2452735]},"properties":{"name":"Bridge Farmers Market","layer":"marketplaces","note":"Kent Farmers Markets","osm_id":"node/10958863292","osm_url":"https://www.openstreetmap.org/node/10958863292","source":"OpenStreetMap","brand":"Kent Farmers Markets"}},{"type":"Feature","geometry":{"type":"Point","coordinates":[-2.3238074,53.4245992]},"properties":{"name":"Little Orange","layer":"marketplaces","note":"OpenStreetMap","osm_id":"node/10981284890","osm_url":"https://www.openstreetmap.org/node/10981284890","source":"OpenStreetMap"}},{"type":"Feature","geometry":{"type":"Point","coordinates":[-2.2786149,53.4443955]},"properties":{"name":"Little Orange","layer":"marketplaces","note":"OpenStreetMap","osm_id":"node/10981371070","osm_url":"https://www.openstreetmap.org/node/10981371070","source":"OpenStreetMap"}},{"type":"Feature","geometry":{"type":"Point","coordinates":[-2.2460516,53.4257126]},"properties":{"name":"Little Orange","layer":"marketplaces","note":"OpenStreetMap","osm_id":"node/10981371180","osm_url":"https://www.openstreetmap.org/node/10981371180","source":"OpenStreetMap"}},{"type":"Feature","geometry":{"type":"Point","coordinates":[-2.3750863,53.3039654]},"properties":{"name":"Little Orange","layer":"marketplaces","note":"OpenStreetMap","osm_id":"node/10981387177","osm_url":"https://www.openstreetmap.org/node/10981387177","source":"OpenStreetMap"}},{"type":"Feature","geometry":{"type":"Point","coordinates":[-2.2880857,51.7274102]},"properties":{"name":"Marketplace","layer":"marketplaces","note":"OpenStreetMap","osm_id":"node/11007332294","osm_url":"https://www.openstreetmap.org/node/11007332294","source":"OpenStreetMap"}},{"type":"Feature","geometry":{"type":"Point","coordinates":[-4.5213515,50.8261621]},"properties":{"name":"Pendeen Car Boot","layer":"marketplaces","note":"OpenStreetMap","osm_id":"node/11009326040","osm_url":"https://www.openstreetmap.org/node/11009326040","source":"OpenStreetMap"}},{"type":"Feature","geometry":{"type":"Point","coordinates":[-4.7007851,51.6723197]},"properties":{"name":"Tenby Indoor Market","layer":"marketplaces","note":"OpenStreetMap","osm_id":"node/11029907267","osm_url":"https://www.openstreetmap.org/node/11029907267","source":"OpenStreetMap"}},{"type":"Feature","geometry":{"type":"Point","coordinates":[-2.2156171,51.7440578]},"properties":{"name":"Marketplace","layer":"marketplaces","note":"OpenStreetMap","osm_id":"node/11034011495","osm_url":"https://www.openstreetmap.org/node/11034011495","source":"OpenStreetMap"}},{"type":"Feature","geometry":{"type":"Point","coordinates":[-2.2392254,53.4836016]},"properties":{"name":"Arndale Market","layer":"marketplaces","note":"OpenStreetMap","osm_id":"node/11093004053","osm_url":"https://www.openstreetmap.org/node/11093004053","source":"OpenStreetMap"}},{"type":"Feature","geometry":{"type":"Point","coordinates":[-1.9678961,51.7171931]},"properties":{"name":"Cirencester Markets","layer":"marketplaces","note":"OpenStreetMap","osm_id":"node/11117297050","osm_url":"https://www.openstreetmap.org/node/11117297050","source":"OpenStreetMap"}},{"type":"Feature","geometry":{"type":"Point","coordinates":[-6.9296169,52.8356314]},"properties":{"name":"Carlow Exchange","layer":"marketplaces","note":"OpenStreetMap","osm_id":"node/11122184758","osm_url":"https://www.openstreetmap.org/node/11122184758","source":"OpenStreetMap"}},{"type":"Feature","geometry":{"type":"Point","coordinates":[-1.1271608,52.932768]},"properties":{"name":"The Stalls","layer":"marketplaces","note":"OpenStreetMap","osm_id":"node/11182918215","osm_url":"https://www.openstreetmap.org/node/11182918215","source":"OpenStreetMap"}},{"type":"Feature","geometry":{"type":"Point","coordinates":[-1.1268577,52.932519]},"properties":{"name":"West Bridgford Farmers Market","layer":"marketplaces","note":"OpenStreetMap","osm_id":"node/11182918218","osm_url":"https://www.openstreetmap.org/node/11182918218","source":"OpenStreetMap"}},{"type":"Feature","geometry":{"type":"Point","coordinates":[-3.0543092,52.8609739]},"properties":{"name":"Oswestry Town Market","layer":"marketplaces","note":"Oswestry Town Council","osm_id":"node/11226963246","osm_url":"https://www.openstreetmap.org/node/11226963246","source":"OpenStreetMap","brand":"Oswestry Town Council"}},{"type":"Feature","geometry":{"type":"Point","coordinates":[-1.4632006,53.3852928]},"properties":{"name":"Pollen Market","layer":"marketplaces","note":"OpenStreetMap","osm_id":"node/11251074359","osm_url":"https://www.openstreetmap.org/node/11251074359","source":"OpenStreetMap"}},{"type":"Feature","geometry":{"type":"Point","coordinates":[-2.1211781,52.4815553]},"properties":{"name":"Brierley Hill market","layer":"marketplaces","note":"OpenStreetMap","osm_id":"node/11262514225","osm_url":"https://www.openstreetmap.org/node/11262514225","source":"OpenStreetMap"}},{"type":"Feature","geometry":{"type":"Point","coordinates":[-0.4323358,53.8428142]},"properties":{"name":"Saturday Market","layer":"marketplaces","note":"OpenStreetMap","osm_id":"node/11339003669","osm_url":"https://www.openstreetmap.org/node/11339003669","source":"OpenStreetMap"}},{"type":"Feature","geometry":{"type":"Point","coordinates":[-0.4265641,53.8411735]},"properties":{"name":"Wednesday Market","layer":"marketplaces","note":"OpenStreetMap","osm_id":"node/11339003670","osm_url":"https://www.openstreetmap.org/node/11339003670","source":"OpenStreetMap"}},{"type":"Feature","geometry":{"type":"Point","coordinates":[-3.3130921,51.0421067]},"properties":{"name":"Farmers Market","layer":"marketplaces","note":"OpenStreetMap","osm_id":"node/11360545953","osm_url":"https://www.openstreetmap.org/node/11360545953","source":"OpenStreetMap"}},{"type":"Feature","geometry":{"type":"Point","coordinates":[-0.1039502,51.5346742]},"properties":{"name":"Camden Passage Antiques Market","layer":"marketplaces","note":"OpenStreetMap","osm_id":"node/11378228109","osm_url":"https://www.openstreetmap.org/node/11378228109","source":"OpenStreetMap"}},{"type":"Feature","geometry":{"type":"Point","coordinates":[-0.7563584,52.0405759]},"properties":{"name":"The Artisan Collective","layer":"marketplaces","note":"OpenStreetMap","osm_id":"node/11400835748","osm_url":"https://www.openstreetmap.org/node/11400835748","source":"OpenStreetMap"}},{"type":"Feature","geometry":{"type":"Point","coordinates":[-0.4317125,53.8425123]},"properties":{"name":"Corn Hill","layer":"marketplaces","note":"OpenStreetMap","osm_id":"node/11415693243","osm_url":"https://www.openstreetmap.org/node/11415693243","source":"OpenStreetMap"}},{"type":"Feature","geometry":{"type":"Point","coordinates":[-0.1357954,50.8380842]},"properties":{"name":"Florence Road Market","layer":"marketplaces","note":"OpenStreetMap","osm_id":"node/11447332744","osm_url":"https://www.openstreetmap.org/node/11447332744","source":"OpenStreetMap"}},{"type":"Feature","geometry":{"type":"Point","coordinates":[-3.1947981,51.6651063]},"properties":{"name":"Emily's Indoor Shops","layer":"marketplaces","note":"OpenStreetMap","osm_id":"node/11460179700","osm_url":"https://www.openstreetmap.org/node/11460179700","source":"OpenStreetMap"}},{"type":"Feature","geometry":{"type":"Point","coordinates":[-9.1561496,53.8128197]},"properties":{"name":"Balla Mart","layer":"marketplaces","note":"Aurivo Livestock Marts","osm_id":"node/11497059387","osm_url":"https://www.openstreetmap.org/node/11497059387","source":"OpenStreetMap","brand":"Aurivo Livestock Marts"}},{"type":"Feature","geometry":{"type":"Point","coordinates":[-0.9431404,51.4410278]},"properties":{"name":"Fruit & Veg Market","layer":"marketplaces","note":"OpenStreetMap","osm_id":"node/11549922488","osm_url":"https://www.openstreetmap.org/node/11549922488","source":"OpenStreetMap"}},{"type":"Feature","geometry":{"type":"Point","coordinates":[0.5651615,51.3394519]},"properties":{"name":"Boot Sale","layer":"marketplaces","note":"OpenStreetMap","osm_id":"node/11676878061","osm_url":"https://www.openstreetmap.org/node/11676878061","source":"OpenStreetMap"}},{"type":"Feature","geometry":{"type":"Point","coordinates":[-2.8951422,52.9066475]},"properties":{"name":"Ellesmere Market Hall","layer":"marketplaces","note":"OpenStreetMap","osm_id":"node/11749098411","osm_url":"https://www.openstreetmap.org/node/11749098411","source":"OpenStreetMap"}},{"type":"Feature","geometry":{"type":"Point","coordinates":[-0.1077279,51.5686867]},"properties":{"name":"Stroud Green Market","layer":"marketplaces","note":"OpenStreetMap","osm_id":"node/11757702598","osm_url":"https://www.openstreetmap.org/node/11757702598","source":"OpenStreetMap"}},{"type":"Feature","geometry":{"type":"Point","coordinates":[-6.292529,53.3734871]},"properties":{"name":"Glasnevin Market","layer":"marketplaces","note":"OpenStreetMap","osm_id":"node/11795219684","osm_url":"https://www.openstreetmap.org/node/11795219684","source":"OpenStreetMap"}},{"type":"Feature","geometry":{"type":"Point","coordinates":[-4.2142145,55.8687966]},"properties":{"name":"Blochairn Car Boot Sale","layer":"marketplaces","note":"OpenStreetMap","osm_id":"node/11801611865","osm_url":"https://www.openstreetmap.org/node/11801611865","source":"OpenStreetMap"}},{"type":"Feature","geometry":{"type":"Point","coordinates":[-6.9495474,52.3995209]},"properties":{"name":"Waterford Ross Co-op Marts","layer":"marketplaces","note":"OpenStreetMap","osm_id":"node/11813505530","osm_url":"https://www.openstreetmap.org/node/11813505530","source":"OpenStreetMap"}},{"type":"Feature","geometry":{"type":"Point","coordinates":[-2.7657518,51.4862017]},"properties":{"name":"Waitrose Piazza","layer":"marketplaces","note":"OpenStreetMap","osm_id":"node/11826410857","osm_url":"https://www.openstreetmap.org/node/11826410857","source":"OpenStreetMap"}},{"type":"Feature","geometry":{"type":"Point","coordinates":[-1.4044857,51.7493773]},"properties":{"name":"The Village Market & Cafe","layer":"marketplaces","note":"OpenStreetMap","osm_id":"node/11871747366","osm_url":"https://www.openstreetmap.org/node/11871747366","source":"OpenStreetMap"}},{"type":"Feature","geometry":{"type":"Point","coordinates":[-1.3693329,51.991135]},"properties":{"name":"Marketplace","layer":"marketplaces","note":"OpenStreetMap","osm_id":"node/11886300233","osm_url":"https://www.openstreetmap.org/node/11886300233","source":"OpenStreetMap"}},{"type":"Feature","geometry":{"type":"Point","coordinates":[-2.8740685,56.6463962]},"properties":{"name":"Forfar Farmers' Market","layer":"marketplaces","note":"OpenStreetMap","osm_id":"node/11947455928","osm_url":"https://www.openstreetmap.org/node/11947455928","source":"OpenStreetMap"}},{"type":"Feature","geometry":{"type":"Point","coordinates":[-2.4680076,56.711288]},"properties":{"name":"Montrose Farmers' Market","layer":"marketplaces","note":"OpenStreetMap","osm_id":"node/11947455935","osm_url":"https://www.openstreetmap.org/node/11947455935","source":"OpenStreetMap"}},{"type":"Feature","geometry":{"type":"Point","coordinates":[-2.7183378,56.5005036]},"properties":{"name":"Carnoustie Farmers' Market","layer":"marketplaces","note":"OpenStreetMap","osm_id":"node/11947455936","osm_url":"https://www.openstreetmap.org/node/11947455936","source":"OpenStreetMap"}},{"type":"Feature","geometry":{"type":"Point","coordinates":[-2.5664225,56.5613208]},"properties":{"name":"Arbroath Farmers' Market","layer":"marketplaces","note":"OpenStreetMap","osm_id":"node/11949681007","osm_url":"https://www.openstreetmap.org/node/11949681007","source":"OpenStreetMap"}},{"type":"Feature","geometry":{"type":"Point","coordinates":[-2.9699899,56.4605292]},"properties":{"name":"Dundee Farmers' Market","layer":"marketplaces","note":"OpenStreetMap","osm_id":"node/11949731889","osm_url":"https://www.openstreetmap.org/node/11949731889","source":"OpenStreetMap"}},{"type":"Feature","geometry":{"type":"Point","coordinates":[-3.3371202,56.5916885]},"properties":{"name":"Blairgowrie Farmers' Market","layer":"marketplaces","note":"OpenStreetMap","osm_id":"node/11949731890","osm_url":"https://www.openstreetmap.org/node/11949731890","source":"OpenStreetMap"}},{"type":"Feature","geometry":{"type":"Point","coordinates":[-3.143342,53.1667948]},"properties":{"name":"Mold Indoor Market","layer":"marketplaces","note":"OpenStreetMap","osm_id":"node/11958391154","osm_url":"https://www.openstreetmap.org/node/11958391154","source":"OpenStreetMap"}},{"type":"Feature","geometry":{"type":"Point","coordinates":[-2.2290096,53.4843668]},"properties":{"name":"Maker's Market","layer":"marketplaces","note":"OpenStreetMap","osm_id":"node/11981680615","osm_url":"https://www.openstreetmap.org/node/11981680615","source":"OpenStreetMap"}},{"type":"Feature","geometry":{"type":"Point","coordinates":[-6.1470827,54.6275041]},"properties":{"name":"Nutts Corner Sunday Market","layer":"marketplaces","note":"OpenStreetMap","osm_id":"node/11986413779","osm_url":"https://www.openstreetmap.org/node/11986413779","source":"OpenStreetMap"}},{"type":"Feature","geometry":{"type":"Point","coordinates":[-0.9695352,51.4555275]},"properties":{"name":"Marketplace","layer":"marketplaces","note":"OpenStreetMap","osm_id":"node/12026723217","osm_url":"https://www.openstreetmap.org/node/12026723217","source":"OpenStreetMap"}},{"type":"Feature","geometry":{"type":"Point","coordinates":[-1.7914581,51.5240155]},"properties":{"name":"Wiltshire Country Markets","layer":"marketplaces","note":"OpenStreetMap","osm_id":"node/12049711594","osm_url":"https://www.openstreetmap.org/node/12049711594","source":"OpenStreetMap"}},{"type":"Feature","geometry":{"type":"Point","coordinates":[-4.0299853,57.8800384]},"properties":{"name":"Community market","layer":"marketplaces","note":"OpenStreetMap","osm_id":"node/12071748632","osm_url":"https://www.openstreetmap.org/node/12071748632","source":"OpenStreetMap"}},{"type":"Feature","geometry":{"type":"Point","coordinates":[-2.4791505,53.4060154]},"properties":{"name":"Rixton Car Boot","layer":"marketplaces","note":"OpenStreetMap","osm_id":"node/12078203923","osm_url":"https://www.openstreetmap.org/node/12078203923","source":"OpenStreetMap"}},{"type":"Feature","geometry":{"type":"Point","coordinates":[-2.7496578,50.7325731]},"properties":{"name":"Rise Market And Bakery","layer":"marketplaces","note":"OpenStreetMap","osm_id":"node/12100393756","osm_url":"https://www.openstreetmap.org/node/12100393756","source":"OpenStreetMap"}},{"type":"Feature","geometry":{"type":"Point","coordinates":[-8.9855081,52.8424382]},"properties":{"name":"Ennis Market","layer":"marketplaces","note":"OpenStreetMap","osm_id":"node/12104504310","osm_url":"https://www.openstreetmap.org/node/12104504310","source":"OpenStreetMap"}},{"type":"Feature","geometry":{"type":"Point","coordinates":[-0.8002304,54.1357138]},"properties":{"name":"Marketplace","layer":"marketplaces","note":"OpenStreetMap","osm_id":"node/12119156536","osm_url":"https://www.openstreetmap.org/node/12119156536","source":"OpenStreetMap"}},{"type":"Feature","geometry":{"type":"Point","coordinates":[-2.5261313,51.6079698]},"properties":{"name":"Marketplace","layer":"marketplaces","note":"OpenStreetMap","osm_id":"node/12121090144","osm_url":"https://www.openstreetmap.org/node/12121090144","source":"OpenStreetMap"}},{"type":"Feature","geometry":{"type":"Point","coordinates":[-0.586391,51.5075991]},"properties":{"name":"Royal Shopping Centre","layer":"marketplaces","note":"OpenStreetMap","osm_id":"node/12143224275","osm_url":"https://www.openstreetmap.org/node/12143224275","source":"OpenStreetMap"}},{"type":"Feature","geometry":{"type":"Point","coordinates":[-0.5869049,51.5076532]},"properties":{"name":"Al Mubarak","layer":"marketplaces","note":"OpenStreetMap","osm_id":"node/12143224278","osm_url":"https://www.openstreetmap.org/node/12143224278","source":"OpenStreetMap"}},{"type":"Feature","geometry":{"type":"Point","coordinates":[-0.5872859,51.5077064]},"properties":{"name":"Marwa Halal Centre","layer":"marketplaces","note":"OpenStreetMap","osm_id":"node/12143224279","osm_url":"https://www.openstreetmap.org/node/12143224279","source":"OpenStreetMap"}},{"type":"Feature","geometry":{"type":"Point","coordinates":[-0.5945353,51.5091127]},"properties":{"name":"The Village","layer":"marketplaces","note":"OpenStreetMap","osm_id":"node/12143249186","osm_url":"https://www.openstreetmap.org/node/12143249186","source":"OpenStreetMap"}},{"type":"Feature","geometry":{"type":"Point","coordinates":[-1.8877223,52.4464492]},"properties":{"name":"Moseley Farmers' Market","layer":"marketplaces","note":"OpenStreetMap","osm_id":"node/12150233741","osm_url":"https://www.openstreetmap.org/node/12150233741","source":"OpenStreetMap"}},{"type":"Feature","geometry":{"type":"Point","coordinates":[-1.8936134,52.4327372]},"properties":{"name":"Kings Heath Farmers' Market","layer":"marketplaces","note":"OpenStreetMap","osm_id":"node/12150233742","osm_url":"https://www.openstreetmap.org/node/12150233742","source":"OpenStreetMap"}},{"type":"Feature","geometry":{"type":"Point","coordinates":[-1.8843885,52.4751221]},"properties":{"name":"Digbeth Arts Market","layer":"marketplaces","note":"OpenStreetMap","osm_id":"node/12150233743","osm_url":"https://www.openstreetmap.org/node/12150233743","source":"OpenStreetMap"}},{"type":"Feature","geometry":{"type":"Point","coordinates":[-1.9450549,52.4599701]},"properties":{"name":"Harborne Monthly Market","layer":"marketplaces","note":"Harborne Village BID","osm_id":"node/12150233745","osm_url":"https://www.openstreetmap.org/node/12150233745","source":"OpenStreetMap","brand":"Harborne Village BID"}},{"type":"Feature","geometry":{"type":"Point","coordinates":[-3.2427426,55.9830903]},"properties":{"name":"The Pitt","layer":"marketplaces","note":"OpenStreetMap","osm_id":"node/12214701901","osm_url":"https://www.openstreetmap.org/node/12214701901","source":"OpenStreetMap"}},{"type":"Feature","geometry":{"type":"Point","coordinates":[1.062136,51.9450519]},"properties":{"name":"Marketplace","layer":"marketplaces","note":"OpenStreetMap","osm_id":"node/1221596645","osm_url":"https://www.openstreetmap.org/node/1221596645","source":"OpenStreetMap"}},{"type":"Feature","geometry":{"type":"Point","coordinates":[-0.6443445,51.6101295]},"properties":{"name":"The Arcade","layer":"marketplaces","note":"OpenStreetMap","osm_id":"node/12251275032","osm_url":"https://www.openstreetmap.org/node/12251275032","source":"OpenStreetMap"}},{"type":"Feature","geometry":{"type":"Point","coordinates":[-1.9897744,52.9871039]},"properties":{"name":"Cheadle Market","layer":"marketplaces","note":"OpenStreetMap","osm_id":"node/1232474086","osm_url":"https://www.openstreetmap.org/node/1232474086","source":"OpenStreetMap"}},{"type":"Feature","geometry":{"type":"Point","coordinates":[0.5016781,51.3901437]},"properties":{"name":"Rochester Christmas Market","layer":"marketplaces","note":"Medway Council","osm_id":"node/12385420591","osm_url":"https://www.openstreetmap.org/node/12385420591","source":"OpenStreetMap","brand":"Medway Council"}},{"type":"Feature","geometry":{"type":"Point","coordinates":[-8.1981408,52.8630129]},"properties":{"name":"Nenagh Farmers' Market","layer":"marketplaces","note":"OpenStreetMap","osm_id":"node/1238939501","osm_url":"https://www.openstreetmap.org/node/1238939501","source":"OpenStreetMap"}},{"type":"Feature","geometry":{"type":"Point","coordinates":[-0.0437838,51.5176057]},"properties":{"name":"Stepney Farmers Market","layer":"marketplaces","note":"OpenStreetMap","osm_id":"node/12403373180","osm_url":"https://www.openstreetmap.org/node/12403373180","source":"OpenStreetMap"}},{"type":"Feature","geometry":{"type":"Point","coordinates":[-0.8715692,53.704006]},"properties":{"name":"Market Hall","layer":"marketplaces","note":"OpenStreetMap","osm_id":"node/1243290508","osm_url":"https://www.openstreetmap.org/node/1243290508","source":"OpenStreetMap"}},{"type":"Feature","geometry":{"type":"Point","coordinates":[-1.6556465,54.2216489]},"properties":{"name":"Masham Market","layer":"marketplaces","note":"Masham Parish Council","osm_id":"node/12475617655","osm_url":"https://www.openstreetmap.org/node/12475617655","source":"OpenStreetMap","brand":"Masham Parish Council"}},{"type":"Feature","geometry":{"type":"Point","coordinates":[0.686088,51.8716801]},"properties":{"name":"Coggeshall Market","layer":"marketplaces","note":"OpenStreetMap","osm_id":"node/1258849887","osm_url":"https://www.openstreetmap.org/node/1258849887","source":"OpenStreetMap"}},{"type":"Feature","geometry":{"type":"Point","coordinates":[-0.1898548,51.7005487]},"properties":{"name":"Potters Bar Farmers Market & Craft Fair","layer":"marketplaces","note":"OpenStreetMap","osm_id":"node/12599638798","osm_url":"https://www.openstreetmap.org/node/12599638798","source":"OpenStreetMap"}},{"type":"Feature","geometry":{"type":"Point","coordinates":[-0.1125576,51.5009141]},"properties":{"name":"Lower Marsh Market","layer":"marketplaces","note":"OpenStreetMap","osm_id":"node/12718772295","osm_url":"https://www.openstreetmap.org/node/12718772295","source":"OpenStreetMap"}},{"type":"Feature","geometry":{"type":"Point","coordinates":[-1.9634534,50.6112039]},"properties":{"name":"Swanage Market","layer":"marketplaces","note":"OpenStreetMap","osm_id":"node/12748885619","osm_url":"https://www.openstreetmap.org/node/12748885619","source":"OpenStreetMap"}},{"type":"Feature","geometry":{"type":"Point","coordinates":[-3.1679725,51.4915419]},"properties":{"name":"Roath Farmers Market","layer":"marketplaces","note":"OpenStreetMap","osm_id":"node/12759206211","osm_url":"https://www.openstreetmap.org/node/12759206211","source":"OpenStreetMap"}},{"type":"Feature","geometry":{"type":"Point","coordinates":[-1.1614476,51.0911314]},"properties":{"name":"Broad Street Market","layer":"marketplaces","note":"OpenStreetMap","osm_id":"node/12762250476","osm_url":"https://www.openstreetmap.org/node/12762250476","source":"OpenStreetMap"}},{"type":"Feature","geometry":{"type":"Point","coordinates":[-0.0688149,51.4964307]},"properties":{"name":"Kappacasein Dairy","layer":"marketplaces","note":"OpenStreetMap","osm_id":"node/1278632612","osm_url":"https://www.openstreetmap.org/node/1278632612","source":"OpenStreetMap"}},{"type":"Feature","geometry":{"type":"Point","coordinates":[-7.1086094,52.2601837]},"properties":{"name":"Country Market","layer":"marketplaces","note":"OpenStreetMap","osm_id":"node/12803737748","osm_url":"https://www.openstreetmap.org/node/12803737748","source":"OpenStreetMap"}},{"type":"Feature","geometry":{"type":"Point","coordinates":[-2.9349222,53.4230037]},"properties":{"name":"Tuebrook Market","layer":"marketplaces","note":"OpenStreetMap","osm_id":"node/12816883886","osm_url":"https://www.openstreetmap.org/node/12816883886","source":"OpenStreetMap"}},{"type":"Feature","geometry":{"type":"Point","coordinates":[-1.8939405,52.3946449]},"properties":{"name":"Maypole Car Boot Sale","layer":"marketplaces","note":"OpenStreetMap","osm_id":"node/12902706724","osm_url":"https://www.openstreetmap.org/node/12902706724","source":"OpenStreetMap"}},{"type":"Feature","geometry":{"type":"Point","coordinates":[-9.9184602,53.3947398]},"properties":{"name":"Roundstone Sunday Market","layer":"marketplaces","note":"OpenStreetMap","osm_id":"node/12919244894","osm_url":"https://www.openstreetmap.org/node/12919244894","source":"OpenStreetMap"}},{"type":"Feature","geometry":{"type":"Point","coordinates":[-2.4595077,54.9705093]},"properties":{"name":"Haltwistle Makers Market","layer":"marketplaces","note":"OpenStreetMap","osm_id":"node/12943214519","osm_url":"https://www.openstreetmap.org/node/12943214519","source":"OpenStreetMap"}},{"type":"Feature","geometry":{"type":"Point","coordinates":[0.5591778,50.8547201]},"properties":{"name":"St Leonards Church Market","layer":"marketplaces","note":"OpenStreetMap","osm_id":"node/13018660396","osm_url":"https://www.openstreetmap.org/node/13018660396","source":"OpenStreetMap"}},{"type":"Feature","geometry":{"type":"Point","coordinates":[-4.5755973,50.6621774]},"properties":{"name":"Kivells","layer":"marketplaces","note":"OpenStreetMap","osm_id":"node/13051282024","osm_url":"https://www.openstreetmap.org/node/13051282024","source":"OpenStreetMap"}},{"type":"Feature","geometry":{"type":"Point","coordinates":[-1.1628059,50.72868]},"properties":{"name":"Ryde Market","layer":"marketplaces","note":"OpenStreetMap","osm_id":"node/1305684878","osm_url":"https://www.openstreetmap.org/node/1305684878","source":"OpenStreetMap"}},{"type":"Feature","geometry":{"type":"Point","coordinates":[-0.0972199,51.4931302]},"properties":{"name":"Elephant Park Market","layer":"marketplaces","note":"OpenStreetMap","osm_id":"node/13059868726","osm_url":"https://www.openstreetmap.org/node/13059868726","source":"OpenStreetMap"}},{"type":"Feature","geometry":{"type":"Point","coordinates":[0.8941028,51.1464534]},"properties":{"name":"Kingfisher Blinds","layer":"marketplaces","note":"OpenStreetMap","osm_id":"node/1306138794","osm_url":"https://www.openstreetmap.org/node/1306138794","source":"OpenStreetMap"}},{"type":"Feature","geometry":{"type":"Point","coordinates":[-0.13521,51.4786154]},"properties":{"name":"Nine Elms Market and Boot Sale","layer":"marketplaces","note":"OpenStreetMap","osm_id":"node/13061598299","osm_url":"https://www.openstreetmap.org/node/13061598299","source":"OpenStreetMap"}},{"type":"Feature","geometry":{"type":"Point","coordinates":[-0.7014761,52.1528212]},"properties":{"name":"Olney Market","layer":"marketplaces","note":"Olney Town Council","osm_id":"node/1311678585","osm_url":"https://www.openstreetmap.org/node/1311678585","source":"OpenStreetMap","brand":"Olney Town Council"}},{"type":"Feature","geometry":{"type":"Point","coordinates":[-1.2227315,52.6137589]},"properties":{"name":"New Lubbesthorpe Village Market","layer":"marketplaces","note":"OpenStreetMap","osm_id":"node/13175235447","osm_url":"https://www.openstreetmap.org/node/13175235447","source":"OpenStreetMap"}},{"type":"Feature","geometry":{"type":"Point","coordinates":[-0.0726974,51.5834032]},"properties":{"name":"Seven Sisters Market","layer":"marketplaces","note":"OpenStreetMap","osm_id":"node/13176946974","osm_url":"https://www.openstreetmap.org/node/13176946974","source":"OpenStreetMap"}},{"type":"Feature","geometry":{"type":"Point","coordinates":[-0.1620307,51.541743]},"properties":{"name":"Primrose Hill Food Market","layer":"marketplaces","note":"OpenStreetMap","osm_id":"node/13194632588","osm_url":"https://www.openstreetmap.org/node/13194632588","source":"OpenStreetMap"}},{"type":"Feature","geometry":{"type":"Point","coordinates":[-1.914236,53.2565047]},"properties":{"name":"Buxton Market","layer":"marketplaces","note":"OpenStreetMap","osm_id":"node/1326440899","osm_url":"https://www.openstreetmap.org/node/1326440899","source":"OpenStreetMap"}},{"type":"Feature","geometry":{"type":"Point","coordinates":[-4.310459,53.2548458]},"properties":{"name":"Llangefni Market","layer":"marketplaces","note":"Tatws Trading","osm_id":"node/13366431924","osm_url":"https://www.openstreetmap.org/node/13366431924","source":"OpenStreetMap","brand":"Tatws Trading"}},{"type":"Feature","geometry":{"type":"Point","coordinates":[-2.4510773,52.6363878]},"properties":{"name":"Madeley Market","layer":"marketplaces","note":"OpenStreetMap","osm_id":"node/1337640636","osm_url":"https://www.openstreetmap.org/node/1337640636","source":"OpenStreetMap"}},{"type":"Feature","geometry":{"type":"Point","coordinates":[-0.8091412,53.0761848]},"properties":{"name":"Market Square","layer":"marketplaces","note":"OpenStreetMap","osm_id":"node/1344329217","osm_url":"https://www.openstreetmap.org/node/1344329217","source":"OpenStreetMap"}},{"type":"Feature","geometry":{"type":"Point","coordinates":[0.1393179,51.7729448]},"properties":{"name":"Newhall Farmers Market","layer":"marketplaces","note":"OpenStreetMap","osm_id":"node/13464879935","osm_url":"https://www.openstreetmap.org/node/13464879935","source":"OpenStreetMap"}},{"type":"Feature","geometry":{"type":"Point","coordinates":[-0.6998583,52.4878638]},"properties":{"name":"Corby Indoor Market","layer":"marketplaces","note":"OpenStreetMap","osm_id":"node/13470803363","osm_url":"https://www.openstreetmap.org/node/13470803363","source":"OpenStreetMap"}},{"type":"Feature","geometry":{"type":"Point","coordinates":[-1.1781136,50.8524845]},"properties":{"name":"Fareham Market","layer":"marketplaces","note":"OpenStreetMap","osm_id":"node/1353059070","osm_url":"https://www.openstreetmap.org/node/1353059070","source":"OpenStreetMap"}},{"type":"Feature","geometry":{"type":"Point","coordinates":[-6.3517906,53.2875686]},"properties":{"name":"Priory Market","layer":"marketplaces","note":"OpenStreetMap","osm_id":"node/13573035890","osm_url":"https://www.openstreetmap.org/node/13573035890","source":"OpenStreetMap"}},{"type":"Feature","geometry":{"type":"Point","coordinates":[-1.1338103,52.6342806]},"properties":{"name":"Leicester Market","layer":"marketplaces","note":"OpenStreetMap","osm_id":"node/13615732514","osm_url":"https://www.openstreetmap.org/node/13615732514","source":"OpenStreetMap"}},{"type":"Feature","geometry":{"type":"Point","coordinates":[-8.1745867,54.3060521]},"properties":{"name":"Manorhamilton Farmer's Market","layer":"marketplaces","note":"OpenStreetMap","osm_id":"node/13640829812","osm_url":"https://www.openstreetmap.org/node/13640829812","source":"OpenStreetMap"}},{"type":"Feature","geometry":{"type":"Point","coordinates":[-0.3904797,51.4609084]},"properties":{"name":"Hounslow Heath Car Boot Sale","layer":"marketplaces","note":"OpenStreetMap","osm_id":"node/13641563552","osm_url":"https://www.openstreetmap.org/node/13641563552","source":"OpenStreetMap"}},{"type":"Feature","geometry":{"type":"Point","coordinates":[-8.2034669,53.0548819]},"properties":{"name":"Farmers Market","layer":"marketplaces","note":"OpenStreetMap","osm_id":"node/13647252915","osm_url":"https://www.openstreetmap.org/node/13647252915","source":"OpenStreetMap"}},{"type":"Feature","geometry":{"type":"Point","coordinates":[-0.0607441,51.5905587]},"properties":{"name":"Marketplace","layer":"marketplaces","note":"Varies","osm_id":"node/13668768969","osm_url":"https://www.openstreetmap.org/node/13668768969","source":"OpenStreetMap","brand":"Varies"}},{"type":"Feature","geometry":{"type":"Point","coordinates":[-9.4592978,52.2306641]},"properties":{"name":"Castleisland Co-op Livestock Mart","layer":"marketplaces","note":"OpenStreetMap","osm_id":"node/13668908844","osm_url":"https://www.openstreetmap.org/node/13668908844","source":"OpenStreetMap"}},{"type":"Feature","geometry":{"type":"Point","coordinates":[-0.1761927,50.8314843]},"properties":{"name":"Department Flea Market","layer":"marketplaces","note":"OpenStreetMap","osm_id":"node/13676286793","osm_url":"https://www.openstreetmap.org/node/13676286793","source":"OpenStreetMap"}},{"type":"Feature","geometry":{"type":"Point","coordinates":[-0.0211974,51.5446055]},"properties":{"name":"Flea London","layer":"marketplaces","note":"OpenStreetMap","osm_id":"node/13726188902","osm_url":"https://www.openstreetmap.org/node/13726188902","source":"OpenStreetMap"}},{"type":"Feature","geometry":{"type":"Point","coordinates":[0.0336932,51.0984909]},"properties":{"name":"The Bazaar","layer":"marketplaces","note":"OpenStreetMap","osm_id":"node/13727324292","osm_url":"https://www.openstreetmap.org/node/13727324292","source":"OpenStreetMap"}},{"type":"Feature","geometry":{"type":"Point","coordinates":[-2.1124735,53.5415325]},"properties":{"name":"The Market","layer":"marketplaces","note":"Oldham Council","osm_id":"node/13727664618","osm_url":"https://www.openstreetmap.org/node/13727664618","source":"OpenStreetMap","brand":"Oldham Council"}},{"type":"Feature","geometry":{"type":"Point","coordinates":[-1.4712546,53.3764488]},"properties":{"name":"Arundel Emporium","layer":"marketplaces","note":"OpenStreetMap","osm_id":"node/13752770673","osm_url":"https://www.openstreetmap.org/node/13752770673","source":"OpenStreetMap"}},{"type":"Feature","geometry":{"type":"Point","coordinates":[-0.0693816,51.5929555]},"properties":{"name":"Holcombe Market","layer":"marketplaces","note":"OpenStreetMap","osm_id":"node/13774817336","osm_url":"https://www.openstreetmap.org/node/13774817336","source":"OpenStreetMap"}},{"type":"Feature","geometry":{"type":"Point","coordinates":[-2.011831,53.7419176]},"properties":{"name":"Marketplace","layer":"marketplaces","note":"OpenStreetMap","osm_id":"node/13840757216","osm_url":"https://www.openstreetmap.org/node/13840757216","source":"OpenStreetMap"}},{"type":"Feature","geometry":{"type":"Point","coordinates":[0.5742654,51.1098705]},"properties":{"name":"Sissinghurst cherries","layer":"marketplaces","note":"OpenStreetMap","osm_id":"node/13962110001","osm_url":"https://www.openstreetmap.org/node/13962110001","source":"OpenStreetMap"}},{"type":"Feature","geometry":{"type":"Point","coordinates":[-0.777276,54.2457341]},"properties":{"name":"Marketplace","layer":"marketplaces","note":"OpenStreetMap","osm_id":"node/1400317785","osm_url":"https://www.openstreetmap.org/node/1400317785","source":"OpenStreetMap"}},{"type":"Feature","geometry":{"type":"Point","coordinates":[0.3766302,52.6026452]},"properties":{"name":"Downham Market","layer":"marketplaces","note":"OpenStreetMap","osm_id":"node/1404850743","osm_url":"https://www.openstreetmap.org/node/1404850743","source":"OpenStreetMap"}},{"type":"Feature","geometry":{"type":"Point","coordinates":[-0.2437104,51.3798333]},"properties":{"name":"Ryan Gate","layer":"marketplaces","note":"OpenStreetMap","osm_id":"node/14054849879","osm_url":"https://www.openstreetmap.org/node/14054849879","source":"OpenStreetMap"}},{"type":"Feature","geometry":{"type":"Point","coordinates":[0.236705,50.8305726]},"properties":{"name":"Mammoth Boot Fairs","layer":"marketplaces","note":"OpenStreetMap","osm_id":"node/14098653924","osm_url":"https://www.openstreetmap.org/node/14098653924","source":"OpenStreetMap"}},{"type":"Feature","geometry":{"type":"Point","coordinates":[-0.1493241,51.5591113]},"properties":{"name":"Bootyfull ​Car Boot","layer":"marketplaces","note":"OpenStreetMap","osm_id":"node/14115340401","osm_url":"https://www.openstreetmap.org/node/14115340401","source":"OpenStreetMap"}},{"type":"Feature","geometry":{"type":"Point","coordinates":[-7.0842062,53.8353719]},"properties":{"name":"Virginia Car Boot Sale","layer":"marketplaces","note":"OpenStreetMap","osm_id":"node/14158489805","osm_url":"https://www.openstreetmap.org/node/14158489805","source":"OpenStreetMap"}},{"type":"Feature","geometry":{"type":"Point","coordinates":[-1.6843334,54.9751861]},"properties":{"name":"Priyas mini market","layer":"marketplaces","note":"OpenStreetMap","osm_id":"node/14162879112","osm_url":"https://www.openstreetmap.org/node/14162879112","source":"OpenStreetMap"}},{"type":"Feature","geometry":{"type":"Point","coordinates":[-3.1891884,56.4032523]},"properties":{"name":"Errol Sunday Market","layer":"marketplaces","note":"OpenStreetMap","osm_id":"node/14184725601","osm_url":"https://www.openstreetmap.org/node/14184725601","source":"OpenStreetMap"}},{"type":"Feature","geometry":{"type":"Point","coordinates":[-2.0074079,52.8053148]},"properties":{"name":"Seasonal Markets","layer":"marketplaces","note":"Canalside Farm","osm_id":"node/14201452420","osm_url":"https://www.openstreetmap.org/node/14201452420","source":"OpenStreetMap","brand":"Canalside Farm"}},{"type":"Feature","geometry":{"type":"Point","coordinates":[-0.7254582,52.4014859]},"properties":{"name":"Kettering Indoor Market","layer":"marketplaces","note":"OpenStreetMap","osm_id":"node/14235409403","osm_url":"https://www.openstreetmap.org/node/14235409403","source":"OpenStreetMap"}},{"type":"Feature","geometry":{"type":"Point","coordinates":[-6.1777163,53.3012938]},"properties":{"name":"Blackrock Market","layer":"marketplaces","note":"OpenStreetMap","osm_id":"node/1425999496","osm_url":"https://www.openstreetmap.org/node/1425999496","source":"OpenStreetMap"}},{"type":"Feature","geometry":{"type":"Point","coordinates":[-8.57018,52.673071]},"properties":{"name":"Student Courtyard","layer":"marketplaces","note":"OpenStreetMap","osm_id":"node/1459710750","osm_url":"https://www.openstreetmap.org/node/1459710750","source":"OpenStreetMap"}},{"type":"Feature","geometry":{"type":"Point","coordinates":[-6.2785265,53.3411716]},"properties":{"name":"The Liberty market","layer":"marketplaces","note":"OpenStreetMap","osm_id":"node/1473502334","osm_url":"https://www.openstreetmap.org/node/1473502334","source":"OpenStreetMap"}},{"type":"Feature","geometry":{"type":"Point","coordinates":[0.1214643,52.7849542]},"properties":{"name":"Long Sutton Market Place","layer":"marketplaces","note":"OpenStreetMap","osm_id":"node/1474528496","osm_url":"https://www.openstreetmap.org/node/1474528496","source":"OpenStreetMap"}},{"type":"Feature","geometry":{"type":"Point","coordinates":[-4.2373074,55.8539923]},"properties":{"name":"Glasgow Antiques and Collectables Market","layer":"marketplaces","note":"OpenStreetMap","osm_id":"node/1510495736","osm_url":"https://www.openstreetmap.org/node/1510495736","source":"OpenStreetMap"}},{"type":"Feature","geometry":{"type":"Point","coordinates":[-4.2359579,55.8547922]},"properties":{"name":"Marketland","layer":"marketplaces","note":"OpenStreetMap","osm_id":"node/1510570687","osm_url":"https://www.openstreetmap.org/node/1510570687","source":"OpenStreetMap"}},{"type":"Feature","geometry":{"type":"Point","coordinates":[-0.2262459,51.5054194]},"properties":{"name":"Shepherd's Bush Market","layer":"marketplaces","note":"OpenStreetMap","osm_id":"node/1537207593","osm_url":"https://www.openstreetmap.org/node/1537207593","source":"OpenStreetMap"}},{"type":"Feature","geometry":{"type":"Point","coordinates":[-1.2123651,54.6737919]},"properties":{"name":"2nd-Hand Central","layer":"marketplaces","note":"OpenStreetMap","osm_id":"node/1539887004","osm_url":"https://www.openstreetmap.org/node/1539887004","source":"OpenStreetMap"}},{"type":"Feature","geometry":{"type":"Point","coordinates":[-1.3971041,50.9052268]},"properties":{"name":"Kingsland Market","layer":"marketplaces","note":"OpenStreetMap","osm_id":"node/1555776500","osm_url":"https://www.openstreetmap.org/node/1555776500","source":"OpenStreetMap"}},{"type":"Feature","geometry":{"type":"Point","coordinates":[-2.4854284,52.9043888]},"properties":{"name":"Indoor market","layer":"marketplaces","note":"OpenStreetMap","osm_id":"node/1599891922","osm_url":"https://www.openstreetmap.org/node/1599891922","source":"OpenStreetMap"}},{"type":"Feature","geometry":{"type":"Point","coordinates":[-2.7466321,54.328428]},"properties":{"name":"Kendal Market","layer":"marketplaces","note":"South Lakeland District Council","osm_id":"node/1682547814","osm_url":"https://www.openstreetmap.org/node/1682547814","source":"OpenStreetMap","brand":"South Lakeland District Council"}},{"type":"Feature","geometry":{"type":"Point","coordinates":[-2.7522996,54.6638118]},"properties":{"name":"Monthly Farmers Market","layer":"marketplaces","note":"OpenStreetMap","osm_id":"node/1685014125","osm_url":"https://www.openstreetmap.org/node/1685014125","source":"OpenStreetMap"}},{"type":"Feature","geometry":{"type":"Point","coordinates":[-10.2706129,52.1394731]},"properties":{"name":"Marketplace","layer":"marketplaces","note":"OpenStreetMap","osm_id":"node/1707664339","osm_url":"https://www.openstreetmap.org/node/1707664339","source":"OpenStreetMap"}},{"type":"Feature","geometry":{"type":"Point","coordinates":[-2.4669049,53.6959347]},"properties":{"name":"Market Hall","layer":"marketplaces","note":"OpenStreetMap","osm_id":"node/1711473662","osm_url":"https://www.openstreetmap.org/node/1711473662","source":"OpenStreetMap"}},{"type":"Feature","geometry":{"type":"Point","coordinates":[-2.2135906,53.8366619]},"properties":{"name":"Admirals market","layer":"marketplaces","note":"OpenStreetMap","osm_id":"node/1730598638","osm_url":"https://www.openstreetmap.org/node/1730598638","source":"OpenStreetMap"}},{"type":"Feature","geometry":{"type":"Point","coordinates":[0.2412991,52.0238284]},"properties":{"name":"Market Square","layer":"marketplaces","note":"OpenStreetMap","osm_id":"node/1738274188","osm_url":"https://www.openstreetmap.org/node/1738274188","source":"OpenStreetMap"}},{"type":"Feature","geometry":{"type":"Point","coordinates":[-0.1387007,50.8262877]},"properties":{"name":"Snoopers Paradise","layer":"marketplaces","note":"OpenStreetMap","osm_id":"node/1747683834","osm_url":"https://www.openstreetmap.org/node/1747683834","source":"OpenStreetMap"}},{"type":"Feature","geometry":{"type":"Point","coordinates":[-4.6688509,50.4089691]},"properties":{"name":"Lostwithiel Produce Market","layer":"marketplaces","note":"OpenStreetMap","osm_id":"node/1761912325","osm_url":"https://www.openstreetmap.org/node/1761912325","source":"OpenStreetMap"}},{"type":"Feature","geometry":{"type":"Point","coordinates":[-5.0496985,50.2621935]},"properties":{"name":"Farmers Market","layer":"marketplaces","note":"OpenStreetMap","osm_id":"node/1765207014","osm_url":"https://www.openstreetmap.org/node/1765207014","source":"OpenStreetMap"}},{"type":"Feature","geometry":{"type":"Point","coordinates":[-0.755708,51.2914493]},"properties":{"name":"Market (Tuesdays and Fridays)","layer":"marketplaces","note":"OpenStreetMap","osm_id":"node/1774456608","osm_url":"https://www.openstreetmap.org/node/1774456608","source":"OpenStreetMap"}},{"type":"Feature","geometry":{"type":"Point","coordinates":[-1.2937823,52.7428463]},"properties":{"name":"Lubcloud Dairy; milk, cream etc","layer":"marketplaces","note":"OpenStreetMap","osm_id":"node/1851189927","osm_url":"https://www.openstreetmap.org/node/1851189927","source":"OpenStreetMap"}},{"type":"Feature","geometry":{"type":"Point","coordinates":[-3.3639913,51.5284759]},"properties":{"name":"Arthur Llewellyn Jenkins","layer":"marketplaces","note":"OpenStreetMap","osm_id":"node/1863358783","osm_url":"https://www.openstreetmap.org/node/1863358783","source":"OpenStreetMap"}},{"type":"Feature","geometry":{"type":"Point","coordinates":[-9.0506603,53.2748464]},"properties":{"name":"Marketplace","layer":"marketplaces","note":"OpenStreetMap","osm_id":"node/1875761726","osm_url":"https://www.openstreetmap.org/node/1875761726","source":"OpenStreetMap"}},{"type":"Feature","geometry":{"type":"Point","coordinates":[-2.6133877,51.4680955]},"properties":{"name":"Whiteladies Road Farmers' Market","layer":"marketplaces","note":"OpenStreetMap","osm_id":"node/1892330960","osm_url":"https://www.openstreetmap.org/node/1892330960","source":"OpenStreetMap"}},{"type":"Feature","geometry":{"type":"Point","coordinates":[-1.4989498,50.9888214]},"properties":{"name":"Marketplace","layer":"marketplaces","note":"OpenStreetMap","osm_id":"node/1917475035","osm_url":"https://www.openstreetmap.org/node/1917475035","source":"OpenStreetMap"}},{"type":"Feature","geometry":{"type":"Point","coordinates":[-3.6442498,50.4676384]},"properties":{"name":"Farm Shop","layer":"marketplaces","note":"OpenStreetMap","osm_id":"node/1924003444","osm_url":"https://www.openstreetmap.org/node/1924003444","source":"OpenStreetMap"}},{"type":"Feature","geometry":{"type":"Point","coordinates":[-6.3614328,54.451543]},"properties":{"name":"St Vincent de Paul","layer":"marketplaces","note":"OpenStreetMap","osm_id":"node/1974862853","osm_url":"https://www.openstreetmap.org/node/1974862853","source":"OpenStreetMap"}},{"type":"Feature","geometry":{"type":"Point","coordinates":[-6.3635102,54.4374686]},"properties":{"name":"St Vincent de paul","layer":"marketplaces","note":"OpenStreetMap","osm_id":"node/1974905532","osm_url":"https://www.openstreetmap.org/node/1974905532","source":"OpenStreetMap"}},{"type":"Feature","geometry":{"type":"Point","coordinates":[-2.5158161,53.4955372]},"properties":{"name":"Leigh Market","layer":"marketplaces","note":"OpenStreetMap","osm_id":"node/2004753216","osm_url":"https://www.openstreetmap.org/node/2004753216","source":"OpenStreetMap"}},{"type":"Feature","geometry":{"type":"Point","coordinates":[-1.2064867,52.7714489]},"properties":{"name":"Loughborough Market","layer":"marketplaces","note":"OpenStreetMap","osm_id":"node/2010530984","osm_url":"https://www.openstreetmap.org/node/2010530984","source":"OpenStreetMap"}},{"type":"Feature","geometry":{"type":"Point","coordinates":[0.9488808,52.4712347]},"properties":{"name":"Snetterton Sunday Market","layer":"marketplaces","note":"OpenStreetMap","osm_id":"node/2016395139","osm_url":"https://www.openstreetmap.org/node/2016395139","source":"OpenStreetMap"}},{"type":"Feature","geometry":{"type":"Point","coordinates":[-2.6448993,51.2095462]},"properties":{"name":"Wells Market [We & Sa]","layer":"marketplaces","note":"OpenStreetMap","osm_id":"node/2062273002","osm_url":"https://www.openstreetmap.org/node/2062273002","source":"OpenStreetMap"}},{"type":"Feature","geometry":{"type":"Point","coordinates":[-3.1258584,52.0742617]},"properties":{"name":"Hay Market","layer":"marketplaces","note":"OpenStreetMap","osm_id":"node/2066742706","osm_url":"https://www.openstreetmap.org/node/2066742706","source":"OpenStreetMap"}},{"type":"Feature","geometry":{"type":"Point","coordinates":[-3.1261856,52.0750069]},"properties":{"name":"Hay Market","layer":"marketplaces","note":"OpenStreetMap","osm_id":"node/2066742709","osm_url":"https://www.openstreetmap.org/node/2066742709","source":"OpenStreetMap"}},{"type":"Feature","geometry":{"type":"Point","coordinates":[-2.1234332,53.5659163]},"properties":{"name":"Marketplace","layer":"marketplaces","note":"OpenStreetMap","osm_id":"node/2086956187","osm_url":"https://www.openstreetmap.org/node/2086956187","source":"OpenStreetMap"}},{"type":"Feature","geometry":{"type":"Point","coordinates":[-0.3152774,53.4969401]},"properties":{"name":"Caistor Market Place","layer":"marketplaces","note":"OpenStreetMap","osm_id":"node/2092672380","osm_url":"https://www.openstreetmap.org/node/2092672380","source":"OpenStreetMap"}},{"type":"Feature","geometry":{"type":"Point","coordinates":[-2.1605458,53.6180587]},"properties":{"name":"Rochdale Indoor Markets","layer":"marketplaces","note":"OpenStreetMap","osm_id":"node/2116959257","osm_url":"https://www.openstreetmap.org/node/2116959257","source":"OpenStreetMap"}},{"type":"Feature","geometry":{"type":"Point","coordinates":[-2.7460858,54.328789]},"properties":{"name":"Kendal Indoor Market","layer":"marketplaces","note":"OpenStreetMap","osm_id":"node/2148766933","osm_url":"https://www.openstreetmap.org/node/2148766933","source":"OpenStreetMap"}},{"type":"Feature","geometry":{"type":"Point","coordinates":[-10.1714919,51.8280667]},"properties":{"name":"Summer Market","layer":"marketplaces","note":"OpenStreetMap","osm_id":"node/2165119183","osm_url":"https://www.openstreetmap.org/node/2165119183","source":"OpenStreetMap"}},{"type":"Feature","geometry":{"type":"Point","coordinates":[1.755495,52.4802265]},"properties":{"name":"Triangle Market","layer":"marketplaces","note":"OpenStreetMap","osm_id":"node/2217409172","osm_url":"https://www.openstreetmap.org/node/2217409172","source":"OpenStreetMap"}},{"type":"Feature","geometry":{"type":"Point","coordinates":[1.5031558,52.3435266]},"properties":{"name":"Old Print Works","layer":"marketplaces","note":"OpenStreetMap","osm_id":"node/2262029521","osm_url":"https://www.openstreetmap.org/node/2262029521","source":"OpenStreetMap"}},{"type":"Feature","geometry":{"type":"Point","coordinates":[-2.7532346,54.6634967]},"properties":{"name":"Marketplace","layer":"marketplaces","note":"OpenStreetMap","osm_id":"node/2262907687","osm_url":"https://www.openstreetmap.org/node/2262907687","source":"OpenStreetMap"}},{"type":"Feature","geometry":{"type":"Point","coordinates":[-2.7529285,54.6629778]},"properties":{"name":"Marketplace","layer":"marketplaces","note":"OpenStreetMap","osm_id":"node/2262907688","osm_url":"https://www.openstreetmap.org/node/2262907688","source":"OpenStreetMap"}},{"type":"Feature","geometry":{"type":"Point","coordinates":[-0.083575,51.4181961]},"properties":{"name":"Crystal Palace Food Market","layer":"marketplaces","note":"Crystal Palace Transition Town","osm_id":"node/2270648180","osm_url":"https://www.openstreetmap.org/node/2270648180","source":"OpenStreetMap","brand":"Crystal Palace Transition Town"}},{"type":"Feature","geometry":{"type":"Point","coordinates":[-1.1246158,51.6001598]},"properties":{"name":"Wallingford Market Place","layer":"marketplaces","note":"OpenStreetMap","osm_id":"node/2298089532","osm_url":"https://www.openstreetmap.org/node/2298089532","source":"OpenStreetMap"}},{"type":"Feature","geometry":{"type":"Point","coordinates":[-2.9356724,54.8945317]},"properties":{"name":"Marketplace","layer":"marketplaces","note":"OpenStreetMap","osm_id":"node/2320504830","osm_url":"https://www.openstreetmap.org/node/2320504830","source":"OpenStreetMap"}},{"type":"Feature","geometry":{"type":"Point","coordinates":[-0.6054453,51.7774617]},"properties":{"name":"Berko Boot Fair","layer":"marketplaces","note":"OpenStreetMap","osm_id":"node/2335794401","osm_url":"https://www.openstreetmap.org/node/2335794401","source":"OpenStreetMap"}},{"type":"Feature","geometry":{"type":"Point","coordinates":[-2.2229394,52.1929896]},"properties":{"name":"Angel Place","layer":"marketplaces","note":"OpenStreetMap","osm_id":"node/2338236461","osm_url":"https://www.openstreetmap.org/node/2338236461","source":"OpenStreetMap"}},{"type":"Feature","geometry":{"type":"Point","coordinates":[-3.208443,55.9576289]},"properties":{"name":"Stockbridge Market","layer":"marketplaces","note":"OpenStreetMap","osm_id":"node/2338447599","osm_url":"https://www.openstreetmap.org/node/2338447599","source":"OpenStreetMap"}},{"type":"Feature","geometry":{"type":"Point","coordinates":[0.156644,51.7159923]},"properties":{"name":"North Weald Market","layer":"marketplaces","note":"OpenStreetMap","osm_id":"node/2399086688","osm_url":"https://www.openstreetmap.org/node/2399086688","source":"OpenStreetMap"}},{"type":"Feature","geometry":{"type":"Point","coordinates":[-0.1915096,51.5480778]},"properties":{"name":"West Hampstead Farmers' Market","layer":"marketplaces","note":"OpenStreetMap","osm_id":"node/2426676209","osm_url":"https://www.openstreetmap.org/node/2426676209","source":"OpenStreetMap"}},{"type":"Feature","geometry":{"type":"Point","coordinates":[-4.2264449,55.8490227]},"properties":{"name":"Bridgeton Cross Retail Market","layer":"marketplaces","note":"OpenStreetMap","osm_id":"node/2444221899","osm_url":"https://www.openstreetmap.org/node/2444221899","source":"OpenStreetMap"}},{"type":"Feature","geometry":{"type":"Point","coordinates":[-2.7628962,54.6533016]},"properties":{"name":"Penrith Saturday Market & Car Boot Sale","layer":"marketplaces","note":"OpenStreetMap","osm_id":"node/2470079277","osm_url":"https://www.openstreetmap.org/node/2470079277","source":"OpenStreetMap"}},{"type":"Feature","geometry":{"type":"Point","coordinates":[0.7318357,50.9524751]},"properties":{"name":"Rye Market","layer":"marketplaces","note":"OpenStreetMap","osm_id":"node/2525513395","osm_url":"https://www.openstreetmap.org/node/2525513395","source":"OpenStreetMap"}},{"type":"Feature","geometry":{"type":"Point","coordinates":[-0.3528727,51.5650828]},"properties":{"name":"South Harrow Market","layer":"marketplaces","note":"OpenStreetMap","osm_id":"node/2584288006","osm_url":"https://www.openstreetmap.org/node/2584288006","source":"OpenStreetMap"}},{"type":"Feature","geometry":{"type":"Point","coordinates":[-1.7126239,53.6182097]},"properties":{"name":"Middleage Market","layer":"marketplaces","note":"OpenStreetMap","osm_id":"node/2645073469","osm_url":"https://www.openstreetmap.org/node/2645073469","source":"OpenStreetMap"}},{"type":"Feature","geometry":{"type":"Point","coordinates":[-1.9945032,51.3525773]},"properties":{"name":"The Shambles Indoor Market","layer":"marketplaces","note":"OpenStreetMap","osm_id":"node/2671149566","osm_url":"https://www.openstreetmap.org/node/2671149566","source":"OpenStreetMap"}},{"type":"Feature","geometry":{"type":"Point","coordinates":[-2.9722028,53.4092819]},"properties":{"name":"Monument Place Market","layer":"marketplaces","note":"OpenStreetMap","osm_id":"node/2684154248","osm_url":"https://www.openstreetmap.org/node/2684154248","source":"OpenStreetMap"}},{"type":"Feature","geometry":{"type":"Point","coordinates":[-2.037972,52.4756549]},"properties":{"name":"Blackheath Market","layer":"marketplaces","note":"OpenStreetMap","osm_id":"node/2694484415","osm_url":"https://www.openstreetmap.org/node/2694484415","source":"OpenStreetMap"}},{"type":"Feature","geometry":{"type":"Point","coordinates":[-1.4917938,52.4397826]},"properties":{"name":"Indoor Market","layer":"marketplaces","note":"OpenStreetMap","osm_id":"node/2694727333","osm_url":"https://www.openstreetmap.org/node/2694727333","source":"OpenStreetMap"}},{"type":"Feature","geometry":{"type":"Point","coordinates":[-2.0841757,52.4711993]},"properties":{"name":"Cradley Heath Market and Precinct","layer":"marketplaces","note":"OpenStreetMap","osm_id":"node/2696589981","osm_url":"https://www.openstreetmap.org/node/2696589981","source":"OpenStreetMap"}},{"type":"Feature","geometry":{"type":"Point","coordinates":[-7.9258792,52.3739043]},"properties":{"name":"Cahir Farmers Market","layer":"marketplaces","note":"OpenStreetMap","osm_id":"node/2697052523","osm_url":"https://www.openstreetmap.org/node/2697052523","source":"OpenStreetMap"}},{"type":"Feature","geometry":{"type":"Point","coordinates":[-1.9256602,51.3188597]},"properties":{"name":"Planks Farm Shop","layer":"marketplaces","note":"OpenStreetMap","osm_id":"node/2710503814","osm_url":"https://www.openstreetmap.org/node/2710503814","source":"OpenStreetMap"}},{"type":"Feature","geometry":{"type":"Point","coordinates":[-0.0720771,51.5204688]},"properties":{"name":"Sunday Upmarket","layer":"marketplaces","note":"OpenStreetMap","osm_id":"node/2754596530","osm_url":"https://www.openstreetmap.org/node/2754596530","source":"OpenStreetMap"}},{"type":"Feature","geometry":{"type":"Point","coordinates":[-0.0756237,51.4992577]},"properties":{"name":"Maltby Street Market","layer":"marketplaces","note":"OpenStreetMap","osm_id":"node/2825011782","osm_url":"https://www.openstreetmap.org/node/2825011782","source":"OpenStreetMap"}},{"type":"Feature","geometry":{"type":"Point","coordinates":[-2.7212513,56.0581148]},"properties":{"name":"Why Not?","layer":"marketplaces","note":"OpenStreetMap","osm_id":"node/2951382063","osm_url":"https://www.openstreetmap.org/node/2951382063","source":"OpenStreetMap"}},{"type":"Feature","geometry":{"type":"Point","coordinates":[-6.2628414,53.3505835]},"properties":{"name":"Moore Street","layer":"marketplaces","note":"OpenStreetMap","osm_id":"node/2965816359","osm_url":"https://www.openstreetmap.org/node/2965816359","source":"OpenStreetMap"}},{"type":"Feature","geometry":{"type":"Point","coordinates":[-6.2631738,53.3510977]},"properties":{"name":"Moore Street Mall","layer":"marketplaces","note":"OpenStreetMap","osm_id":"node/2965816360","osm_url":"https://www.openstreetmap.org/node/2965816360","source":"OpenStreetMap"}},{"type":"Feature","geometry":{"type":"Point","coordinates":[-2.2013164,53.4563753]},"properties":{"name":"Longsight Market","layer":"marketplaces","note":"OpenStreetMap","osm_id":"node/298658974","osm_url":"https://www.openstreetmap.org/node/298658974","source":"OpenStreetMap"}},{"type":"Feature","geometry":{"type":"Point","coordinates":[-6.2549512,53.3261872]},"properties":{"name":"Ranelagh Village Market","layer":"marketplaces","note":"OpenStreetMap","osm_id":"node/2989909982","osm_url":"https://www.openstreetmap.org/node/2989909982","source":"OpenStreetMap"}},{"type":"Feature","geometry":{"type":"Point","coordinates":[0.7584233,52.9195411]},"properties":{"name":"Creake Abbey Courtyard","layer":"marketplaces","note":"OpenStreetMap","osm_id":"node/3018418591","osm_url":"https://www.openstreetmap.org/node/3018418591","source":"OpenStreetMap"}},{"type":"Feature","geometry":{"type":"Point","coordinates":[-6.2641919,53.3425764]},"properties":{"name":"George's Street Arcade","layer":"marketplaces","note":"OpenStreetMap","osm_id":"node/3077161517","osm_url":"https://www.openstreetmap.org/node/3077161517","source":"OpenStreetMap"}},{"type":"Feature","geometry":{"type":"Point","coordinates":[-6.2635577,53.3468862]},"properties":{"name":"Ha Penny Flea Market","layer":"marketplaces","note":"OpenStreetMap","osm_id":"node/3077183783","osm_url":"https://www.openstreetmap.org/node/3077183783","source":"OpenStreetMap"}},{"type":"Feature","geometry":{"type":"Point","coordinates":[-6.2632359,53.345514]},"properties":{"name":"Flea Market","layer":"marketplaces","note":"OpenStreetMap","osm_id":"node/3077277599","osm_url":"https://www.openstreetmap.org/node/3077277599","source":"OpenStreetMap"}},{"type":"Feature","geometry":{"type":"Point","coordinates":[-3.5286525,50.4673846]},"properties":{"name":"Indoor market","layer":"marketplaces","note":"OpenStreetMap","osm_id":"node/3122352238","osm_url":"https://www.openstreetmap.org/node/3122352238","source":"OpenStreetMap"}},{"type":"Feature","geometry":{"type":"Point","coordinates":[-1.6066965,52.1928032]},"properties":{"name":"Wellesbourne Market","layer":"marketplaces","note":"OpenStreetMap","osm_id":"node/312811682","osm_url":"https://www.openstreetmap.org/node/312811682","source":"OpenStreetMap"}},{"type":"Feature","geometry":{"type":"Point","coordinates":[-7.620605,52.0896762]},"properties":{"name":"Dungarvan Farmers Market","layer":"marketplaces","note":"OpenStreetMap","osm_id":"node/3168139691","osm_url":"https://www.openstreetmap.org/node/3168139691","source":"OpenStreetMap"}},{"type":"Feature","geometry":{"type":"Point","coordinates":[-0.2027401,53.9562252]},"properties":{"name":"Skirlington Sunday Market","layer":"marketplaces","note":"OpenStreetMap","osm_id":"node/3189955600","osm_url":"https://www.openstreetmap.org/node/3189955600","source":"OpenStreetMap"}},{"type":"Feature","geometry":{"type":"Point","coordinates":[-0.0105538,51.4614102]},"properties":{"name":"Lewisham Market","layer":"marketplaces","note":"OpenStreetMap","osm_id":"node/3212447816","osm_url":"https://www.openstreetmap.org/node/3212447816","source":"OpenStreetMap"}},{"type":"Feature","geometry":{"type":"Point","coordinates":[1.3388961,51.2747967]},"properties":{"name":"Sandwich Market (Thursday only)","layer":"marketplaces","note":"OpenStreetMap","osm_id":"node/3338197095","osm_url":"https://www.openstreetmap.org/node/3338197095","source":"OpenStreetMap"}},{"type":"Feature","geometry":{"type":"Point","coordinates":[-0.428666,51.578152]},"properties":{"name":"The Great Barn","layer":"marketplaces","note":"OpenStreetMap","osm_id":"node/336353308","osm_url":"https://www.openstreetmap.org/node/336353308","source":"OpenStreetMap"}},{"type":"Feature","geometry":{"type":"Point","coordinates":[-3.1258078,52.0743772]},"properties":{"name":"Hay Cheese Market","layer":"marketplaces","note":"OpenStreetMap","osm_id":"node/3428758009","osm_url":"https://www.openstreetmap.org/node/3428758009","source":"OpenStreetMap"}},{"type":"Feature","geometry":{"type":"Point","coordinates":[-0.7223548,52.5878184]},"properties":{"name":"Marketplace","layer":"marketplaces","note":"OpenStreetMap","osm_id":"node/3429134895","osm_url":"https://www.openstreetmap.org/node/3429134895","source":"OpenStreetMap"}},{"type":"Feature","geometry":{"type":"Point","coordinates":[-1.2837522,53.0020769]},"properties":{"name":"IKEA Bistro","layer":"marketplaces","note":"IKEA","osm_id":"node/349175391","osm_url":"https://www.openstreetmap.org/node/349175391","source":"OpenStreetMap","brand":"IKEA"}},{"type":"Feature","geometry":{"type":"Point","coordinates":[-0.0903345,51.505697]},"properties":{"name":"Jubilee Market (Borough Market)","layer":"marketplaces","note":"OpenStreetMap","osm_id":"node/3532904213","osm_url":"https://www.openstreetmap.org/node/3532904213","source":"OpenStreetMap"}},{"type":"Feature","geometry":{"type":"Point","coordinates":[0.0689731,51.4911065]},"properties":{"name":"Woolwich Market","layer":"marketplaces","note":"OpenStreetMap","osm_id":"node/353316707","osm_url":"https://www.openstreetmap.org/node/353316707","source":"OpenStreetMap"}},{"type":"Feature","geometry":{"type":"Point","coordinates":[-2.2394569,53.4832358]},"properties":{"name":"Arndale Market","layer":"marketplaces","note":"OpenStreetMap","osm_id":"node/3590482371","osm_url":"https://www.openstreetmap.org/node/3590482371","source":"OpenStreetMap"}},{"type":"Feature","geometry":{"type":"Point","coordinates":[-0.1471949,51.5423781]},"properties":{"name":"Camden Market","layer":"marketplaces","note":"OpenStreetMap","osm_id":"node/3608653828","osm_url":"https://www.openstreetmap.org/node/3608653828","source":"OpenStreetMap"}},{"type":"Feature","geometry":{"type":"Point","coordinates":[-6.1286043,53.2898487]},"properties":{"name":"The People's Park Market","layer":"marketplaces","note":"CoCo Markets","osm_id":"node/3720052965","osm_url":"https://www.openstreetmap.org/node/3720052965","source":"OpenStreetMap","brand":"CoCo Markets"}},{"type":"Feature","geometry":{"type":"Point","coordinates":[-3.6579236,50.2739029]},"properties":{"name":"Stokeley Farm Shop","layer":"marketplaces","note":"OpenStreetMap","osm_id":"node/3728797665","osm_url":"https://www.openstreetmap.org/node/3728797665","source":"OpenStreetMap"}},{"type":"Feature","geometry":{"type":"Point","coordinates":[-1.3836495,54.9062426]},"properties":{"name":"Jacky White's Market","layer":"marketplaces","note":"OpenStreetMap","osm_id":"node/3860754056","osm_url":"https://www.openstreetmap.org/node/3860754056","source":"OpenStreetMap"}},{"type":"Feature","geometry":{"type":"Point","coordinates":[-2.7804536,55.9553314]},"properties":{"name":"Haddington Farmers' Market","layer":"marketplaces","note":"OpenStreetMap","osm_id":"node/3864844591","osm_url":"https://www.openstreetmap.org/node/3864844591","source":"OpenStreetMap"}},{"type":"Feature","geometry":{"type":"Point","coordinates":[0.4737581,50.8405134]},"properties":{"name":"Bexhill Farmers' Market","layer":"marketplaces","note":"OpenStreetMap","osm_id":"node/3966485330","osm_url":"https://www.openstreetmap.org/node/3966485330","source":"OpenStreetMap"}},{"type":"Feature","geometry":{"type":"Point","coordinates":[-0.2051174,51.5160858]},"properties":{"name":"Portobello Market","layer":"marketplaces","note":"OpenStreetMap","osm_id":"node/3976263603","osm_url":"https://www.openstreetmap.org/node/3976263603","source":"OpenStreetMap"}},{"type":"Feature","geometry":{"type":"Point","coordinates":[1.3014628,52.6011122]},"properties":{"name":"Arminghall Carboot","layer":"marketplaces","note":"OpenStreetMap","osm_id":"node/4069708778","osm_url":"https://www.openstreetmap.org/node/4069708778","source":"OpenStreetMap"}},{"type":"Feature","geometry":{"type":"Point","coordinates":[-2.6947531,53.6953993]},"properties":{"name":"Leyland Market","layer":"marketplaces","note":"OpenStreetMap","osm_id":"node/4096964457","osm_url":"https://www.openstreetmap.org/node/4096964457","source":"OpenStreetMap"}},{"type":"Feature","geometry":{"type":"Point","coordinates":[-6.4905994,52.3254832]},"properties":{"name":"Wexford Indoor Market","layer":"marketplaces","note":"OpenStreetMap","osm_id":"node/4225958732","osm_url":"https://www.openstreetmap.org/node/4225958732","source":"OpenStreetMap"}},{"type":"Feature","geometry":{"type":"Point","coordinates":[-7.3565361,53.9680255]},"properties":{"name":"Cavan Town Car Boot Sale","layer":"marketplaces","note":"OpenStreetMap","osm_id":"node/4269677391","osm_url":"https://www.openstreetmap.org/node/4269677391","source":"OpenStreetMap"}},{"type":"Feature","geometry":{"type":"Point","coordinates":[-6.2690574,53.3443999]},"properties":{"name":"Cow's Lane Market","layer":"marketplaces","note":"OpenStreetMap","osm_id":"node/429383562","osm_url":"https://www.openstreetmap.org/node/429383562","source":"OpenStreetMap"}},{"type":"Feature","geometry":{"type":"Point","coordinates":[-2.2345657,53.8281811]},"properties":{"name":"Junction 12","layer":"marketplaces","note":"OpenStreetMap","osm_id":"node/429452555","osm_url":"https://www.openstreetmap.org/node/429452555","source":"OpenStreetMap"}},{"type":"Feature","geometry":{"type":"Point","coordinates":[-6.1795984,53.3019472]},"properties":{"name":"Blackrock Food Market","layer":"marketplaces","note":"OpenStreetMap","osm_id":"node/4298878191","osm_url":"https://www.openstreetmap.org/node/4298878191","source":"OpenStreetMap"}},{"type":"Feature","geometry":{"type":"Point","coordinates":[0.8220887,52.5711496]},"properties":{"name":"Watton Country Market","layer":"marketplaces","note":"OpenStreetMap","osm_id":"node/4439693271","osm_url":"https://www.openstreetmap.org/node/4439693271","source":"OpenStreetMap"}},{"type":"Feature","geometry":{"type":"Point","coordinates":[-2.1649388,50.8560301]},"properties":{"name":"Market Place","layer":"marketplaces","note":"OpenStreetMap","osm_id":"node/4455595059","osm_url":"https://www.openstreetmap.org/node/4455595059","source":"OpenStreetMap"}},{"type":"Feature","geometry":{"type":"Point","coordinates":[1.1572888,52.0576271]},"properties":{"name":"Microshops Ipswich","layer":"marketplaces","note":"OpenStreetMap","osm_id":"node/4500381203","osm_url":"https://www.openstreetmap.org/node/4500381203","source":"OpenStreetMap"}},{"type":"Feature","geometry":{"type":"Point","coordinates":[-2.3827265,51.3525967]},"properties":{"name":"Odd Down Football Club Market","layer":"marketplaces","note":"OpenStreetMap","osm_id":"node/4507225342","osm_url":"https://www.openstreetmap.org/node/4507225342","source":"OpenStreetMap"}},{"type":"Feature","geometry":{"type":"Point","coordinates":[-1.8276084,52.6837647]},"properties":{"name":"Lichfield Weekly Markets","layer":"marketplaces","note":"OpenStreetMap","osm_id":"node/4632176360","osm_url":"https://www.openstreetmap.org/node/4632176360","source":"OpenStreetMap"}},{"type":"Feature","geometry":{"type":"Point","coordinates":[-3.1877367,55.9499844]},"properties":{"name":"Tron Kirk Market","layer":"marketplaces","note":"OpenStreetMap","osm_id":"node/4680041494","osm_url":"https://www.openstreetmap.org/node/4680041494","source":"OpenStreetMap"}},{"type":"Feature","geometry":{"type":"Point","coordinates":[-2.6134949,51.4426584]},"properties":{"name":"Tobacco Factory Market","layer":"marketplaces","note":"OpenStreetMap","osm_id":"node/4749634967","osm_url":"https://www.openstreetmap.org/node/4749634967","source":"OpenStreetMap"}},{"type":"Feature","geometry":{"type":"Point","coordinates":[-2.8032296,53.4285288]},"properties":{"name":"Prescot Indoor Market","layer":"marketplaces","note":"OpenStreetMap","osm_id":"node/4795819560","osm_url":"https://www.openstreetmap.org/node/4795819560","source":"OpenStreetMap"}},{"type":"Feature","geometry":{"type":"Point","coordinates":[-1.4790907,53.5520437]},"properties":{"name":"Meat And Fish Market","layer":"marketplaces","note":"OpenStreetMap","osm_id":"node/4802608160","osm_url":"https://www.openstreetmap.org/node/4802608160","source":"OpenStreetMap"}},{"type":"Feature","geometry":{"type":"Point","coordinates":[-5.6234678,50.0738511]},"properties":{"name":"Farmer's Market","layer":"marketplaces","note":"OpenStreetMap","osm_id":"node/4821505272","osm_url":"https://www.openstreetmap.org/node/4821505272","source":"OpenStreetMap"}},{"type":"Feature","geometry":{"type":"Point","coordinates":[-2.1287767,53.0131564]},"properties":{"name":"Tuesday Market","layer":"marketplaces","note":"OpenStreetMap","osm_id":"node/4839045714","osm_url":"https://www.openstreetmap.org/node/4839045714","source":"OpenStreetMap"}},{"type":"Feature","geometry":{"type":"Point","coordinates":[-1.9353195,52.7607018]},"properties":{"name":"Rugeley Market","layer":"marketplaces","note":"OpenStreetMap","osm_id":"node/4841733842","osm_url":"https://www.openstreetmap.org/node/4841733842","source":"OpenStreetMap"}},{"type":"Feature","geometry":{"type":"Point","coordinates":[-1.1623473,52.2566774]},"properties":{"name":"Daventry Country Markets","layer":"marketplaces","note":"OpenStreetMap","osm_id":"node/4896092308","osm_url":"https://www.openstreetmap.org/node/4896092308","source":"OpenStreetMap"}},{"type":"Feature","geometry":{"type":"Point","coordinates":[-2.1593043,51.6368244]},"properties":{"name":"Marketplace","layer":"marketplaces","note":"OpenStreetMap","osm_id":"node/4944870273","osm_url":"https://www.openstreetmap.org/node/4944870273","source":"OpenStreetMap"}},{"type":"Feature","geometry":{"type":"Point","coordinates":[-8.5661488,52.3950449]},"properties":{"name":"Golden Vale Mart","layer":"marketplaces","note":"Golden Vale","osm_id":"node/4982901222","osm_url":"https://www.openstreetmap.org/node/4982901222","source":"OpenStreetMap","brand":"Golden Vale"}},{"type":"Feature","geometry":{"type":"Point","coordinates":[-0.5732323,51.2366832]},"properties":{"name":"North Street Market","layer":"marketplaces","note":"OpenStreetMap","osm_id":"node/4994393203","osm_url":"https://www.openstreetmap.org/node/4994393203","source":"OpenStreetMap"}},{"type":"Feature","geometry":{"type":"Point","coordinates":[-8.6125291,52.6585916]},"properties":{"name":"TabaccoLand Ltd","layer":"marketplaces","note":"OpenStreetMap","osm_id":"node/5034371642","osm_url":"https://www.openstreetmap.org/node/5034371642","source":"OpenStreetMap"}},{"type":"Feature","geometry":{"type":"Point","coordinates":[-0.0715608,51.5242738]},"properties":{"name":"Brick Lane Market","layer":"marketplaces","note":"OpenStreetMap","osm_id":"node/5039356626","osm_url":"https://www.openstreetmap.org/node/5039356626","source":"OpenStreetMap"}},{"type":"Feature","geometry":{"type":"Point","coordinates":[-1.1327425,53.5243102]},"properties":{"name":"Goose Hill Market","layer":"marketplaces","note":"OpenStreetMap","osm_id":"node/5097720398","osm_url":"https://www.openstreetmap.org/node/5097720398","source":"OpenStreetMap"}},{"type":"Feature","geometry":{"type":"Point","coordinates":[-1.1331087,53.5244577]},"properties":{"name":"Fish Market","layer":"marketplaces","note":"OpenStreetMap","osm_id":"node/5097720400","osm_url":"https://www.openstreetmap.org/node/5097720400","source":"OpenStreetMap"}},{"type":"Feature","geometry":{"type":"Point","coordinates":[-1.1323006,53.5241965]},"properties":{"name":"Outdoor Market","layer":"marketplaces","note":"OpenStreetMap","osm_id":"node/5097720416","osm_url":"https://www.openstreetmap.org/node/5097720416","source":"OpenStreetMap"}},{"type":"Feature","geometry":{"type":"Point","coordinates":[-0.5740584,51.2353671]},"properties":{"name":"Guildford Farmers' Market","layer":"marketplaces","note":"OpenStreetMap","osm_id":"node/5156748113","osm_url":"https://www.openstreetmap.org/node/5156748113","source":"OpenStreetMap"}},{"type":"Feature","geometry":{"type":"Point","coordinates":[-2.9856441,51.5742289]},"properties":{"name":"City Market","layer":"marketplaces","note":"OpenStreetMap","osm_id":"node/518753165","osm_url":"https://www.openstreetmap.org/node/518753165","source":"OpenStreetMap"}},{"type":"Feature","geometry":{"type":"Point","coordinates":[-0.1682472,51.2403796]},"properties":{"name":"Redhill Market","layer":"marketplaces","note":"OpenStreetMap","osm_id":"node/5193993703","osm_url":"https://www.openstreetmap.org/node/5193993703","source":"OpenStreetMap"}},{"type":"Feature","geometry":{"type":"Point","coordinates":[-0.5641786,51.7603609]},"properties":{"name":"Berkhamsted Market","layer":"marketplaces","note":"OpenStreetMap","osm_id":"node/5223552079","osm_url":"https://www.openstreetmap.org/node/5223552079","source":"OpenStreetMap"}},{"type":"Feature","geometry":{"type":"Point","coordinates":[-1.5897666,54.9892394]},"properties":{"name":"Jesmond Food Market","layer":"marketplaces","note":"OpenStreetMap","osm_id":"node/5238001109","osm_url":"https://www.openstreetmap.org/node/5238001109","source":"OpenStreetMap"}},{"type":"Feature","geometry":{"type":"Point","coordinates":[-1.6040674,54.9691512]},"properties":{"name":"Quayside Market","layer":"marketplaces","note":"Newcastle City Council","osm_id":"node/5238001111","osm_url":"https://www.openstreetmap.org/node/5238001111","source":"OpenStreetMap","brand":"Newcastle City Council"}},{"type":"Feature","geometry":{"type":"Point","coordinates":[-1.6131543,54.9736628]},"properties":{"name":"Newcastle Farmers' Market","layer":"marketplaces","note":"Newcastle City Council","osm_id":"node/5238001113","osm_url":"https://www.openstreetmap.org/node/5238001113","source":"OpenStreetMap","brand":"Newcastle City Council"}},{"type":"Feature","geometry":{"type":"Point","coordinates":[-2.5975738,51.4526246]},"properties":{"name":"The Harbourside Market","layer":"marketplaces","note":"OpenStreetMap","osm_id":"node/5254795218","osm_url":"https://www.openstreetmap.org/node/5254795218","source":"OpenStreetMap"}},{"type":"Feature","geometry":{"type":"Point","coordinates":[-7.2403322,57.4866788]},"properties":{"name":"Marketplace","layer":"marketplaces","note":"Ceann na h-Àirigh","osm_id":"node/5254880100","osm_url":"https://www.openstreetmap.org/node/5254880100","source":"OpenStreetMap","brand":"Ceann na h-Àirigh"}},{"type":"Feature","geometry":{"type":"Point","coordinates":[-3.1626746,56.1100845]},"properties":{"name":"Kirkcaldy Farmers Market","layer":"marketplaces","note":"OpenStreetMap","osm_id":"node/5258545764","osm_url":"https://www.openstreetmap.org/node/5258545764","source":"OpenStreetMap"}},{"type":"Feature","geometry":{"type":"Point","coordinates":[-0.7777273,54.2453226]},"properties":{"name":"Flea Market","layer":"marketplaces","note":"OpenStreetMap","osm_id":"node/5263625155","osm_url":"https://www.openstreetmap.org/node/5263625155","source":"OpenStreetMap"}},{"type":"Feature","geometry":{"type":"Point","coordinates":[-2.3778388,52.7691781]},"properties":{"name":"Marketplace","layer":"marketplaces","note":"OpenStreetMap","osm_id":"node/528511294","osm_url":"https://www.openstreetmap.org/node/528511294","source":"OpenStreetMap"}},{"type":"Feature","geometry":{"type":"Point","coordinates":[-3.1715364,55.9768679]},"properties":{"name":"Leith Market","layer":"marketplaces","note":"OpenStreetMap","osm_id":"node/5388332449","osm_url":"https://www.openstreetmap.org/node/5388332449","source":"OpenStreetMap"}},{"type":"Feature","geometry":{"type":"Point","coordinates":[-2.7119452,54.2336505]},"properties":{"name":"Simply Local Farmers Market","layer":"marketplaces","note":"OpenStreetMap","osm_id":"node/5441231965","osm_url":"https://www.openstreetmap.org/node/5441231965","source":"OpenStreetMap"}},{"type":"Feature","geometry":{"type":"Point","coordinates":[-8.438762,52.8070186]},"properties":{"name":"Killaloe Farmer's Market","layer":"marketplaces","note":"OpenStreetMap","osm_id":"node/5485327883","osm_url":"https://www.openstreetmap.org/node/5485327883","source":"OpenStreetMap"}},{"type":"Feature","geometry":{"type":"Point","coordinates":[-8.2001625,52.8607874]},"properties":{"name":"Nenagh Indoor Market","layer":"marketplaces","note":"OpenStreetMap","osm_id":"node/5511571570","osm_url":"https://www.openstreetmap.org/node/5511571570","source":"OpenStreetMap"}},{"type":"Feature","geometry":{"type":"Point","coordinates":[-1.3090628,52.9707132]},"properties":{"name":"Ilkeston Market","layer":"marketplaces","note":"OpenStreetMap","osm_id":"node/5529419110","osm_url":"https://www.openstreetmap.org/node/5529419110","source":"OpenStreetMap"}},{"type":"Feature","geometry":{"type":"Point","coordinates":[-0.1334829,51.5120132]},"properties":{"name":"Soho Vegan Market","layer":"marketplaces","note":"Street Food Union","osm_id":"node/5551916749","osm_url":"https://www.openstreetmap.org/node/5551916749","source":"OpenStreetMap","brand":"Street Food Union"}},{"type":"Feature","geometry":{"type":"Point","coordinates":[0.1410836,52.2333603]},"properties":{"name":"Food Park","layer":"marketplaces","note":"OpenStreetMap","osm_id":"node/5587153353","osm_url":"https://www.openstreetmap.org/node/5587153353","source":"OpenStreetMap"}},{"type":"Feature","geometry":{"type":"Point","coordinates":[-6.0690858,56.622567]},"properties":{"name":"Tobermory Producers Market","layer":"marketplaces","note":"OpenStreetMap","osm_id":"node/5604840704","osm_url":"https://www.openstreetmap.org/node/5604840704","source":"OpenStreetMap"}},{"type":"Feature","geometry":{"type":"Point","coordinates":[-3.1960267,55.9474983]},"properties":{"name":"Grassmarket Market","layer":"marketplaces","note":"Grassmarket Limited","osm_id":"node/5629281877","osm_url":"https://www.openstreetmap.org/node/5629281877","source":"OpenStreetMap","brand":"Grassmarket Limited"}},{"type":"Feature","geometry":{"type":"Point","coordinates":[-0.9745727,51.4542539]},"properties":{"name":"Reading Market","layer":"marketplaces","note":"OpenStreetMap","osm_id":"node/5638077231","osm_url":"https://www.openstreetmap.org/node/5638077231","source":"OpenStreetMap"}},{"type":"Feature","geometry":{"type":"Point","coordinates":[-0.0827307,51.6640771]},"properties":{"name":"The Scratching Post Charity Shop Rescue & Shelter Appeal for Cats","layer":"marketplaces","note":"OpenStreetMap","osm_id":"node/5725680865","osm_url":"https://www.openstreetmap.org/node/5725680865","source":"OpenStreetMap"}},{"type":"Feature","geometry":{"type":"Point","coordinates":[-1.6370373,51.8073034]},"properties":{"name":"The Tolsey","layer":"marketplaces","note":"OpenStreetMap","osm_id":"node/5739975411","osm_url":"https://www.openstreetmap.org/node/5739975411","source":"OpenStreetMap"}},{"type":"Feature","geometry":{"type":"Point","coordinates":[-3.2035527,55.9477632]},"properties":{"name":"Edinburgh Farmers' Market","layer":"marketplaces","note":"OpenStreetMap","osm_id":"node/574304142","osm_url":"https://www.openstreetmap.org/node/574304142","source":"OpenStreetMap"}},{"type":"Feature","geometry":{"type":"Point","coordinates":[-0.8448797,51.2792472]},"properties":{"name":"Fleet Saturday Market","layer":"marketplaces","note":"OpenStreetMap","osm_id":"node/5745001368","osm_url":"https://www.openstreetmap.org/node/5745001368","source":"OpenStreetMap"}},{"type":"Feature","geometry":{"type":"Point","coordinates":[-3.478133,51.2059364]},"properties":{"name":"Market House","layer":"marketplaces","note":"OpenStreetMap","osm_id":"node/5751471807","osm_url":"https://www.openstreetmap.org/node/5751471807","source":"OpenStreetMap"}},{"type":"Feature","geometry":{"type":"Point","coordinates":[-0.9695347,51.4555695]},"properties":{"name":"Blue Collar (Wed) CHOW (Fri)","layer":"marketplaces","note":"OpenStreetMap","osm_id":"node/5874110130","osm_url":"https://www.openstreetmap.org/node/5874110130","source":"OpenStreetMap"}},{"type":"Feature","geometry":{"type":"Point","coordinates":[-6.2945192,53.3264035]},"properties":{"name":"Marketplace","layer":"marketplaces","note":"OpenStreetMap","osm_id":"node/5940656545","osm_url":"https://www.openstreetmap.org/node/5940656545","source":"OpenStreetMap"}},{"type":"Feature","geometry":{"type":"Point","coordinates":[0.0925558,51.7692098]},"properties":{"name":"Harvey Centre Indoor Market","layer":"marketplaces","note":"OpenStreetMap","osm_id":"node/6004899240","osm_url":"https://www.openstreetmap.org/node/6004899240","source":"OpenStreetMap"}},{"type":"Feature","geometry":{"type":"Point","coordinates":[-0.8549264,51.1411512]},"properties":{"name":"Country Market","layer":"marketplaces","note":"OpenStreetMap","osm_id":"node/6051651141","osm_url":"https://www.openstreetmap.org/node/6051651141","source":"OpenStreetMap"}},{"type":"Feature","geometry":{"type":"Point","coordinates":[-1.5796078,53.6796383]},"properties":{"name":"Ossett Outdoor and Flea Market","layer":"marketplaces","note":"Wakefield Council","osm_id":"node/6175277334","osm_url":"https://www.openstreetmap.org/node/6175277334","source":"OpenStreetMap","brand":"Wakefield Council"}},{"type":"Feature","geometry":{"type":"Point","coordinates":[-8.1744291,51.9173622]},"properties":{"name":"Farmers Market","layer":"marketplaces","note":"OpenStreetMap","osm_id":"node/6225904022","osm_url":"https://www.openstreetmap.org/node/6225904022","source":"OpenStreetMap"}},{"type":"Feature","geometry":{"type":"Point","coordinates":[-2.9923355,53.0455443]},"properties":{"name":"Butchers' Market","layer":"marketplaces","note":"OpenStreetMap","osm_id":"node/6238186324","osm_url":"https://www.openstreetmap.org/node/6238186324","source":"OpenStreetMap"}},{"type":"Feature","geometry":{"type":"Point","coordinates":[-0.0327019,51.5817708]},"properties":{"name":"Waltham Forest Vegan Market","layer":"marketplaces","note":"OpenStreetMap","osm_id":"node/6262229658","osm_url":"https://www.openstreetmap.org/node/6262229658","source":"OpenStreetMap"}},{"type":"Feature","geometry":{"type":"Point","coordinates":[-0.1517308,51.5224249]},"properties":{"name":"Cabbages & Frocks Market","layer":"marketplaces","note":"OpenStreetMap","osm_id":"node/6343457693","osm_url":"https://www.openstreetmap.org/node/6343457693","source":"OpenStreetMap"}},{"type":"Feature","geometry":{"type":"Point","coordinates":[-9.2693016,51.5488392]},"properties":{"name":"Skibbereen Farmers Market","layer":"marketplaces","note":"OpenStreetMap","osm_id":"node/6389113285","osm_url":"https://www.openstreetmap.org/node/6389113285","source":"OpenStreetMap"}},{"type":"Feature","geometry":{"type":"Point","coordinates":[-9.4531869,51.6804117]},"properties":{"name":"Bantry Market","layer":"marketplaces","note":"OpenStreetMap","osm_id":"node/6389113286","osm_url":"https://www.openstreetmap.org/node/6389113286","source":"OpenStreetMap"}},{"type":"Feature","geometry":{"type":"Point","coordinates":[-2.715758,52.0569622]},"properties":{"name":"Marketplace","layer":"marketplaces","note":"OpenStreetMap","osm_id":"node/6432615777","osm_url":"https://www.openstreetmap.org/node/6432615777","source":"OpenStreetMap"}},{"type":"Feature","geometry":{"type":"Point","coordinates":[-2.7158385,52.0571337]},"properties":{"name":"Marketplace","layer":"marketplaces","note":"OpenStreetMap","osm_id":"node/6432615778","osm_url":"https://www.openstreetmap.org/node/6432615778","source":"OpenStreetMap"}},{"type":"Feature","geometry":{"type":"Point","coordinates":[-0.2204818,51.7815826]},"properties":{"name":"Birchwood Car Boot Sale","layer":"marketplaces","note":"Countryside Promorions","osm_id":"node/6468292497","osm_url":"https://www.openstreetmap.org/node/6468292497","source":"OpenStreetMap","brand":"Countryside Promorions"}},{"type":"Feature","geometry":{"type":"Point","coordinates":[-2.1592034,51.9908108]},"properties":{"name":"Tewkesbury Farmers' & Craft Market","layer":"marketplaces","note":"OpenStreetMap","osm_id":"node/6540969487","osm_url":"https://www.openstreetmap.org/node/6540969487","source":"OpenStreetMap"}},{"type":"Feature","geometry":{"type":"Point","coordinates":[-0.4948365,51.5631244]},"properties":{"name":"Denham Giant Car Boot","layer":"marketplaces","note":"OpenStreetMap","osm_id":"node/6549484561","osm_url":"https://www.openstreetmap.org/node/6549484561","source":"OpenStreetMap"}},{"type":"Feature","geometry":{"type":"Point","coordinates":[-0.2005391,51.9022298]},"properties":{"name":"Stevenage Indoor Market","layer":"marketplaces","note":"OpenStreetMap","osm_id":"node/6700950147","osm_url":"https://www.openstreetmap.org/node/6700950147","source":"OpenStreetMap"}},{"type":"Feature","geometry":{"type":"Point","coordinates":[-2.2155268,51.7442056]},"properties":{"name":"Cornhill (Farmer's Market)","layer":"marketplaces","note":"OpenStreetMap","osm_id":"node/670103915","osm_url":"https://www.openstreetmap.org/node/670103915","source":"OpenStreetMap"}},{"type":"Feature","geometry":{"type":"Point","coordinates":[-3.0000395,53.3615126]},"properties":{"name":"New Ferry Village Hall","layer":"marketplaces","note":"OpenStreetMap","osm_id":"node/672550312","osm_url":"https://www.openstreetmap.org/node/672550312","source":"OpenStreetMap"}},{"type":"Feature","geometry":{"type":"Point","coordinates":[-1.8988962,52.4354544]},"properties":{"name":"Boundary Sports","layer":"marketplaces","note":"OpenStreetMap","osm_id":"node/673399287","osm_url":"https://www.openstreetmap.org/node/673399287","source":"OpenStreetMap"}},{"type":"Feature","geometry":{"type":"Point","coordinates":[-1.2057989,51.7164483]},"properties":{"name":"Car Boot Sale - The Kassam Stadium","layer":"marketplaces","note":"OpenStreetMap","osm_id":"node/6742314535","osm_url":"https://www.openstreetmap.org/node/6742314535","source":"OpenStreetMap"}},{"type":"Feature","geometry":{"type":"Point","coordinates":[-1.4343585,54.3401411]},"properties":{"name":"Marketplace","layer":"marketplaces","note":"OpenStreetMap","osm_id":"node/6763209650","osm_url":"https://www.openstreetmap.org/node/6763209650","source":"OpenStreetMap"}},{"type":"Feature","geometry":{"type":"Point","coordinates":[-4.2356224,55.854809]},"properties":{"name":"Barras East End Studios","layer":"marketplaces","note":"OpenStreetMap","osm_id":"node/6802064612","osm_url":"https://www.openstreetmap.org/node/6802064612","source":"OpenStreetMap"}},{"type":"Feature","geometry":{"type":"Point","coordinates":[-2.9961693,51.588973]},"properties":{"name":"Newport Market","layer":"marketplaces","note":"Loft Co.","osm_id":"node/6874316119","osm_url":"https://www.openstreetmap.org/node/6874316119","source":"OpenStreetMap","brand":"Loft Co."}},{"type":"Feature","geometry":{"type":"Point","coordinates":[-2.9927693,51.5848421]},"properties":{"name":"The Market at Kingsway","layer":"marketplaces","note":"OpenStreetMap","osm_id":"node/6876208059","osm_url":"https://www.openstreetmap.org/node/6876208059","source":"OpenStreetMap"}},{"type":"Feature","geometry":{"type":"Point","coordinates":[-3.5160448,50.3944252]},"properties":{"name":"Scala Hall","layer":"marketplaces","note":"OpenStreetMap","osm_id":"node/7042213356","osm_url":"https://www.openstreetmap.org/node/7042213356","source":"OpenStreetMap"}},{"type":"Feature","geometry":{"type":"Point","coordinates":[1.1806831,51.0796521]},"properties":{"name":"Petticoat Lane Emporium","layer":"marketplaces","note":"OpenStreetMap","osm_id":"node/7071823252","osm_url":"https://www.openstreetmap.org/node/7071823252","source":"OpenStreetMap"}},{"type":"Feature","geometry":{"type":"Point","coordinates":[-8.5435798,52.8985576]},"properties":{"name":"Indoor Car Boot Sale","layer":"marketplaces","note":"OpenStreetMap","osm_id":"node/7084203670","osm_url":"https://www.openstreetmap.org/node/7084203670","source":"OpenStreetMap"}},{"type":"Feature","geometry":{"type":"Point","coordinates":[-1.7659308,53.8529868]},"properties":{"name":"Farmers Market","layer":"marketplaces","note":"OpenStreetMap","osm_id":"node/7129055787","osm_url":"https://www.openstreetmap.org/node/7129055787","source":"OpenStreetMap"}},{"type":"Feature","geometry":{"type":"Point","coordinates":[-8.4131233,51.8975293]},"properties":{"name":"Blackrock Sunday Market","layer":"marketplaces","note":"OpenStreetMap","osm_id":"node/7205804684","osm_url":"https://www.openstreetmap.org/node/7205804684","source":"OpenStreetMap"}},{"type":"Feature","geometry":{"type":"Point","coordinates":[-0.1258096,51.5141152]},"properties":{"name":"Seven Dials Market","layer":"marketplaces","note":"OpenStreetMap","osm_id":"node/7277566692","osm_url":"https://www.openstreetmap.org/node/7277566692","source":"OpenStreetMap"}},{"type":"Feature","geometry":{"type":"Point","coordinates":[-4.4695268,52.0379427]},"properties":{"name":"Community Market","layer":"marketplaces","note":"OpenStreetMap","osm_id":"node/7442138492","osm_url":"https://www.openstreetmap.org/node/7442138492","source":"OpenStreetMap"}},{"type":"Feature","geometry":{"type":"Point","coordinates":[-0.5861022,51.5075025]},"properties":{"name":"Slough Foods Emporium","layer":"marketplaces","note":"OpenStreetMap","osm_id":"node/7471708682","osm_url":"https://www.openstreetmap.org/node/7471708682","source":"OpenStreetMap"}},{"type":"Feature","geometry":{"type":"Point","coordinates":[-0.519069,51.6680063]},"properties":{"name":"Chorleywood Car Boot","layer":"marketplaces","note":"OpenStreetMap","osm_id":"node/7606917679","osm_url":"https://www.openstreetmap.org/node/7606917679","source":"OpenStreetMap"}},{"type":"Feature","geometry":{"type":"Point","coordinates":[0.4559976,51.5701356]},"properties":{"name":"Basildon Market","layer":"marketplaces","note":"OpenStreetMap","osm_id":"node/7652768611","osm_url":"https://www.openstreetmap.org/node/7652768611","source":"OpenStreetMap"}},{"type":"Feature","geometry":{"type":"Point","coordinates":[-0.0135619,51.5354814]},"properties":{"name":"View Tube Market","layer":"marketplaces","note":"Poplar HARCA","osm_id":"node/7733713658","osm_url":"https://www.openstreetmap.org/node/7733713658","source":"OpenStreetMap","brand":"Poplar HARCA"}},{"type":"Feature","geometry":{"type":"Point","coordinates":[-7.14918,53.0153551]},"properties":{"name":"Country Markets","layer":"marketplaces","note":"OpenStreetMap","osm_id":"node/7779470765","osm_url":"https://www.openstreetmap.org/node/7779470765","source":"OpenStreetMap"}},{"type":"Feature","geometry":{"type":"Point","coordinates":[-7.306112,53.0305188]},"properties":{"name":"The Storeyard","layer":"marketplaces","note":"OpenStreetMap","osm_id":"node/7812075442","osm_url":"https://www.openstreetmap.org/node/7812075442","source":"OpenStreetMap"}},{"type":"Feature","geometry":{"type":"Point","coordinates":[-7.3001865,53.0335142]},"properties":{"name":"Wool Shop","layer":"marketplaces","note":"OpenStreetMap","osm_id":"node/7813467384","osm_url":"https://www.openstreetmap.org/node/7813467384","source":"OpenStreetMap"}},{"type":"Feature","geometry":{"type":"Point","coordinates":[1.3401039,51.2749369]},"properties":{"name":"Marketplace","layer":"marketplaces","note":"OpenStreetMap","osm_id":"node/7878176830","osm_url":"https://www.openstreetmap.org/node/7878176830","source":"OpenStreetMap"}},{"type":"Feature","geometry":{"type":"Point","coordinates":[-0.2058295,51.5367078]},"properties":{"name":"Queen's Park Farmers' Market","layer":"marketplaces","note":"OpenStreetMap","osm_id":"node/792683624","osm_url":"https://www.openstreetmap.org/node/792683624","source":"OpenStreetMap"}},{"type":"Feature","geometry":{"type":"Point","coordinates":[-2.9791633,53.4197663]},"properties":{"name":"Greatie Market","layer":"marketplaces","note":"OpenStreetMap","osm_id":"node/7968927081","osm_url":"https://www.openstreetmap.org/node/7968927081","source":"OpenStreetMap"}},{"type":"Feature","geometry":{"type":"Point","coordinates":[1.4030967,51.2217422]},"properties":{"name":"The Village Community Market","layer":"marketplaces","note":"OpenStreetMap","osm_id":"node/8199623725","osm_url":"https://www.openstreetmap.org/node/8199623725","source":"OpenStreetMap"}},{"type":"Feature","geometry":{"type":"Point","coordinates":[1.3978091,51.3912295]},"properties":{"name":"Cliftonville Farmers Market","layer":"marketplaces","note":"OpenStreetMap","osm_id":"node/8357675954","osm_url":"https://www.openstreetmap.org/node/8357675954","source":"OpenStreetMap"}},{"type":"Feature","geometry":{"type":"Point","coordinates":[-0.1835702,51.4131732]},"properties":{"name":"Marketplace","layer":"marketplaces","note":"OpenStreetMap","osm_id":"node/8474406536","osm_url":"https://www.openstreetmap.org/node/8474406536","source":"OpenStreetMap"}},{"type":"Feature","geometry":{"type":"Point","coordinates":[-0.0481711,51.5345449]},"properties":{"name":"Victoria Park Market","layer":"marketplaces","note":"OpenStreetMap","osm_id":"node/8504276517","osm_url":"https://www.openstreetmap.org/node/8504276517","source":"OpenStreetMap"}},{"type":"Feature","geometry":{"type":"Point","coordinates":[1.129718,51.3719967]},"properties":{"name":"Herne Bay Market","layer":"marketplaces","note":"OpenStreetMap","osm_id":"node/8504839114","osm_url":"https://www.openstreetmap.org/node/8504839114","source":"OpenStreetMap"}},{"type":"Feature","geometry":{"type":"Point","coordinates":[-2.4200478,52.5360156]},"properties":{"name":"Bridgnorth Outdoor Market","layer":"marketplaces","note":"OpenStreetMap","osm_id":"node/8566845752","osm_url":"https://www.openstreetmap.org/node/8566845752","source":"OpenStreetMap"}},{"type":"Feature","geometry":{"type":"Point","coordinates":[0.7318211,50.9518817]},"properties":{"name":"Rye Farmers' Market","layer":"marketplaces","note":"OpenStreetMap","osm_id":"node/8621086861","osm_url":"https://www.openstreetmap.org/node/8621086861","source":"OpenStreetMap"}},{"type":"Feature","geometry":{"type":"Point","coordinates":[-2.9542877,51.6095613]},"properties":{"name":"Bodega at The Priory","layer":"marketplaces","note":"OpenStreetMap","osm_id":"node/8780976933","osm_url":"https://www.openstreetmap.org/node/8780976933","source":"OpenStreetMap"}},{"type":"Feature","geometry":{"type":"Point","coordinates":[-2.9814402,51.6334649]},"properties":{"name":"Farm Shop Ponthir","layer":"marketplaces","note":"OpenStreetMap","osm_id":"node/8780976934","osm_url":"https://www.openstreetmap.org/node/8780976934","source":"OpenStreetMap"}},{"type":"Feature","geometry":{"type":"Point","coordinates":[-0.06501,51.4195638]},"properties":{"name":"Crystal Palace Park Market","layer":"marketplaces","note":"OpenStreetMap","osm_id":"node/8781185579","osm_url":"https://www.openstreetmap.org/node/8781185579","source":"OpenStreetMap"}},{"type":"Feature","geometry":{"type":"Point","coordinates":[0.0288362,51.5005195]},"properties":{"name":"Royal Wharf Market","layer":"marketplaces","note":"Ace Events Ltd.","osm_id":"node/8823992480","osm_url":"https://www.openstreetmap.org/node/8823992480","source":"OpenStreetMap","brand":"Ace Events Ltd."}},{"type":"Feature","geometry":{"type":"Point","coordinates":[-0.0742758,51.5570333]},"properties":{"name":"Growing Communities Farmers' Market","layer":"marketplaces","note":"Growing Communities","osm_id":"node/8842363385","osm_url":"https://www.openstreetmap.org/node/8842363385","source":"OpenStreetMap","brand":"Growing Communities"}},{"type":"Feature","geometry":{"type":"Point","coordinates":[-8.6439622,52.13574]},"properties":{"name":"Mallow Farmers' Market","layer":"marketplaces","note":"OpenStreetMap","osm_id":"node/8866678090","osm_url":"https://www.openstreetmap.org/node/8866678090","source":"OpenStreetMap"}},{"type":"Feature","geometry":{"type":"Point","coordinates":[-4.4969623,55.6054814]},"properties":{"name":"Kilmarnock Indoor Market","layer":"marketplaces","note":"OpenStreetMap","osm_id":"node/8880549203","osm_url":"https://www.openstreetmap.org/node/8880549203","source":"OpenStreetMap"}},{"type":"Feature","geometry":{"type":"Point","coordinates":[-2.8014132,54.0488141]},"properties":{"name":"Charter Market","layer":"marketplaces","note":"Lancaster City Council","osm_id":"node/8914626072","osm_url":"https://www.openstreetmap.org/node/8914626072","source":"OpenStreetMap","brand":"Lancaster City Council"}},{"type":"Feature","geometry":{"type":"Point","coordinates":[1.0884912,51.7726835]},"properties":{"name":"St. Osyth Beach Sunday Market","layer":"marketplaces","note":"OpenStreetMap","osm_id":"node/8925819801","osm_url":"https://www.openstreetmap.org/node/8925819801","source":"OpenStreetMap"}},{"type":"Feature","geometry":{"type":"Point","coordinates":[1.1385125,51.8370769]},"properties":{"name":"Plough Corner Car Boot","layer":"marketplaces","note":"OpenStreetMap","osm_id":"node/8925829801","osm_url":"https://www.openstreetmap.org/node/8925829801","source":"OpenStreetMap"}},{"type":"Feature","geometry":{"type":"Point","coordinates":[0.0693165,51.4939802]},"properties":{"name":"Royal Arsenal Farmers Market","layer":"marketplaces","note":"OpenStreetMap","osm_id":"node/8930552131","osm_url":"https://www.openstreetmap.org/node/8930552131","source":"OpenStreetMap"}},{"type":"Feature","geometry":{"type":"Point","coordinates":[0.2620277,53.3421081]},"properties":{"name":"Mablethorpe Indoor Market","layer":"marketplaces","note":"OpenStreetMap","osm_id":"node/8948115918","osm_url":"https://www.openstreetmap.org/node/8948115918","source":"OpenStreetMap"}},{"type":"Feature","geometry":{"type":"Point","coordinates":[0.1811296,53.2619979]},"properties":{"name":"Alford Country Market","layer":"marketplaces","note":"OpenStreetMap","osm_id":"node/8971397176","osm_url":"https://www.openstreetmap.org/node/8971397176","source":"OpenStreetMap"}},{"type":"Feature","geometry":{"type":"Point","coordinates":[-2.5918746,53.3884406]},"properties":{"name":"Warrington Outdoor Market","layer":"marketplaces","note":"OpenStreetMap","osm_id":"node/9004860697","osm_url":"https://www.openstreetmap.org/node/9004860697","source":"OpenStreetMap"}},{"type":"Feature","geometry":{"type":"Point","coordinates":[-0.1305901,51.5609092]},"properties":{"name":"Yerbury Farmers' Market","layer":"marketplaces","note":"OpenStreetMap","osm_id":"node/9006994333","osm_url":"https://www.openstreetmap.org/node/9006994333","source":"OpenStreetMap"}},{"type":"Feature","geometry":{"type":"Point","coordinates":[0.0072408,51.4658191]},"properties":{"name":"Blackheath Farmers' Market","layer":"marketplaces","note":"London Farmers' Market","osm_id":"node/901200832","osm_url":"https://www.openstreetmap.org/node/901200832","source":"OpenStreetMap","brand":"London Farmers' Market"}},{"type":"Feature","geometry":{"type":"Point","coordinates":[-0.0810574,51.4974511]},"properties":{"name":"Bermondsey Farmers' Market","layer":"marketplaces","note":"OpenStreetMap","osm_id":"node/901200839","osm_url":"https://www.openstreetmap.org/node/901200839","source":"OpenStreetMap"}},{"type":"Feature","geometry":{"type":"Point","coordinates":[-0.1527849,51.4907669]},"properties":{"name":"Pimlico Road Farmers' Market","layer":"marketplaces","note":"London Farmers' Markets","osm_id":"node/901200844","osm_url":"https://www.openstreetmap.org/node/901200844","source":"OpenStreetMap","brand":"London Farmers' Markets"}},{"type":"Feature","geometry":{"type":"Point","coordinates":[-0.1956189,51.4383957]},"properties":{"name":"Wimbledon Farmers' Market","layer":"marketplaces","note":"OpenStreetMap","osm_id":"node/901200849","osm_url":"https://www.openstreetmap.org/node/901200849","source":"OpenStreetMap"}},{"type":"Feature","geometry":{"type":"Point","coordinates":[-0.1786994,51.7123349]},"properties":{"name":"Potters Bar Car Boot Sale","layer":"marketplaces","note":"OpenStreetMap","osm_id":"node/9023090311","osm_url":"https://www.openstreetmap.org/node/9023090311","source":"OpenStreetMap"}},{"type":"Feature","geometry":{"type":"Point","coordinates":[-0.1945393,51.7121786]},"properties":{"name":"Potters Bar Car Boot Sale (Second Site)","layer":"marketplaces","note":"OpenStreetMap","osm_id":"node/9023090312","osm_url":"https://www.openstreetmap.org/node/9023090312","source":"OpenStreetMap"}},{"type":"Feature","geometry":{"type":"Point","coordinates":[-0.323423,51.5098577]},"properties":{"name":"Ealing Farmers' Market","layer":"marketplaces","note":"OpenStreetMap","osm_id":"node/902513070","osm_url":"https://www.openstreetmap.org/node/902513070","source":"OpenStreetMap"}},{"type":"Feature","geometry":{"type":"Point","coordinates":[-0.0218052,51.5843926]},"properties":{"name":"Walthamstow Farmers' Market","layer":"marketplaces","note":"London Farmers' Market","osm_id":"node/902513080","osm_url":"https://www.openstreetmap.org/node/902513080","source":"OpenStreetMap","brand":"London Farmers' Market"}},{"type":"Feature","geometry":{"type":"Point","coordinates":[-0.3311438,51.446345]},"properties":{"name":"Twickenham Farmers' Market","layer":"marketplaces","note":"OpenStreetMap","osm_id":"node/902513126","osm_url":"https://www.openstreetmap.org/node/902513126","source":"OpenStreetMap"}},{"type":"Feature","geometry":{"type":"Point","coordinates":[-0.1508913,51.5591879]},"properties":{"name":"Parliament Hill Farmers' Market","layer":"marketplaces","note":"OpenStreetMap","osm_id":"node/902513132","osm_url":"https://www.openstreetmap.org/node/902513132","source":"OpenStreetMap"}},{"type":"Feature","geometry":{"type":"Point","coordinates":[-0.0845149,51.5194229]},"properties":{"name":"Broadgate Farmers' Market","layer":"marketplaces","note":"OpenStreetMap","osm_id":"node/902513135","osm_url":"https://www.openstreetmap.org/node/902513135","source":"OpenStreetMap"}},{"type":"Feature","geometry":{"type":"Point","coordinates":[-0.1530012,51.5193068]},"properties":{"name":"Marylebone Farmers' Market","layer":"marketplaces","note":"OpenStreetMap","osm_id":"node/902513176","osm_url":"https://www.openstreetmap.org/node/902513176","source":"OpenStreetMap"}},{"type":"Feature","geometry":{"type":"Point","coordinates":[-0.1956314,51.5084879]},"properties":{"name":"Notting Hill Farmers' Market","layer":"marketplaces","note":"OpenStreetMap","osm_id":"node/902513190","osm_url":"https://www.openstreetmap.org/node/902513190","source":"OpenStreetMap"}},{"type":"Feature","geometry":{"type":"Point","coordinates":[1.3822199,51.3893315]},"properties":{"name":"Old Town Market","layer":"marketplaces","note":"OpenStreetMap","osm_id":"node/9043496617","osm_url":"https://www.openstreetmap.org/node/9043496617","source":"OpenStreetMap"}},{"type":"Feature","geometry":{"type":"Point","coordinates":[0.3461601,53.1910541]},"properties":{"name":"Fantasy Island","layer":"marketplaces","note":"OpenStreetMap","osm_id":"node/905880688","osm_url":"https://www.openstreetmap.org/node/905880688","source":"OpenStreetMap"}},{"type":"Feature","geometry":{"type":"Point","coordinates":[-6.879267,53.7252946]},"properties":{"name":"Thau E-Saan Market Ltd","layer":"marketplaces","note":"OpenStreetMap","osm_id":"node/9074410801","osm_url":"https://www.openstreetmap.org/node/9074410801","source":"OpenStreetMap"}},{"type":"Feature","geometry":{"type":"Point","coordinates":[-2.596624,54.2018426]},"properties":{"name":"Kirkby Lonsdale Thursday Market","layer":"marketplaces","note":"OpenStreetMap","osm_id":"node/9077586682","osm_url":"https://www.openstreetmap.org/node/9077586682","source":"OpenStreetMap"}},{"type":"Feature","geometry":{"type":"Point","coordinates":[-6.2717289,53.339999]},"properties":{"name":"Books and Browsables Market","layer":"marketplaces","note":"Dublin City Council","osm_id":"node/9088743167","osm_url":"https://www.openstreetmap.org/node/9088743167","source":"OpenStreetMap","brand":"Dublin City Council"}},{"type":"Feature","geometry":{"type":"Point","coordinates":[-2.6837927,52.9701536]},"properties":{"name":"Marketplace","layer":"marketplaces","note":"OpenStreetMap","osm_id":"node/9122964387","osm_url":"https://www.openstreetmap.org/node/9122964387","source":"OpenStreetMap"}},{"type":"Feature","geometry":{"type":"Point","coordinates":[-7.2511691,52.6507099]},"properties":{"name":"Marketplace","layer":"marketplaces","note":"OpenStreetMap","osm_id":"node/9134551411","osm_url":"https://www.openstreetmap.org/node/9134551411","source":"OpenStreetMap"}},{"type":"Feature","geometry":{"type":"Point","coordinates":[-1.9219744,52.4699736]},"properties":{"name":"Edgbaston Village Artisan Market","layer":"marketplaces","note":"Calthorpe Estates","osm_id":"node/9240654836","osm_url":"https://www.openstreetmap.org/node/9240654836","source":"OpenStreetMap","brand":"Calthorpe Estates"}},{"type":"Feature","geometry":{"type":"Point","coordinates":[-0.2259523,51.4930325]},"properties":{"name":"Thursday and Friday markets","layer":"marketplaces","note":"OpenStreetMap","osm_id":"node/9251984237","osm_url":"https://www.openstreetmap.org/node/9251984237","source":"OpenStreetMap"}},{"type":"Feature","geometry":{"type":"Point","coordinates":[-0.1238176,51.5360452]},"properties":{"name":"Canopy Market","layer":"marketplaces","note":"Real Food Markets","osm_id":"node/9306356217","osm_url":"https://www.openstreetmap.org/node/9306356217","source":"OpenStreetMap","brand":"Real Food Markets"}},{"type":"Feature","geometry":{"type":"Point","coordinates":[-8.4518486,51.8986387]},"properties":{"name":"Marina Market","layer":"marketplaces","note":"OpenStreetMap","osm_id":"node/9350212461","osm_url":"https://www.openstreetmap.org/node/9350212461","source":"OpenStreetMap"}},{"type":"Feature","geometry":{"type":"Point","coordinates":[-1.5566313,53.1393823]},"properties":{"name":"Derbyshire Dales Markets","layer":"marketplaces","note":"OpenStreetMap","osm_id":"node/939591828","osm_url":"https://www.openstreetmap.org/node/939591828","source":"OpenStreetMap"}},{"type":"Feature","geometry":{"type":"Point","coordinates":[-4.2583279,55.8651882]},"properties":{"name":"Savoy Centre","layer":"marketplaces","note":"OpenStreetMap","osm_id":"node/9453472118","osm_url":"https://www.openstreetmap.org/node/9453472118","source":"OpenStreetMap"}},{"type":"Feature","geometry":{"type":"Point","coordinates":[-3.3783581,51.7452724]},"properties":{"name":"Marketplace","layer":"marketplaces","note":"OpenStreetMap","osm_id":"node/9568741991","osm_url":"https://www.openstreetmap.org/node/9568741991","source":"OpenStreetMap"}},{"type":"Feature","geometry":{"type":"Point","coordinates":[-1.1296016,53.0020991]},"properties":{"name":"Marketplace","layer":"marketplaces","note":"OpenStreetMap","osm_id":"node/9611883756","osm_url":"https://www.openstreetmap.org/node/9611883756","source":"OpenStreetMap"}},{"type":"Feature","geometry":{"type":"Point","coordinates":[-0.1230691,51.511991]},"properties":{"name":"Apple Market","layer":"marketplaces","note":"OpenStreetMap","osm_id":"node/968597335","osm_url":"https://www.openstreetmap.org/node/968597335","source":"OpenStreetMap"}},{"type":"Feature","geometry":{"type":"Point","coordinates":[-0.2724507,51.5077876]},"properties":{"name":"Acton Market","layer":"marketplaces","note":"OpenStreetMap","osm_id":"node/9796338138","osm_url":"https://www.openstreetmap.org/node/9796338138","source":"OpenStreetMap"}},{"type":"Feature","geometry":{"type":"Point","coordinates":[-2.5821323,51.4510686]},"properties":{"name":"Temple Quay Market","layer":"marketplaces","note":"OpenStreetMap","osm_id":"node/9858050617","osm_url":"https://www.openstreetmap.org/node/9858050617","source":"OpenStreetMap"}},{"type":"Feature","geometry":{"type":"Point","coordinates":[-3.2379956,50.6786756]},"properties":{"name":"Sidmouth Market","layer":"marketplaces","note":"OpenStreetMap","osm_id":"node/9912693573","osm_url":"https://www.openstreetmap.org/node/9912693573","source":"OpenStreetMap"}},{"type":"Feature","geometry":{"type":"Point","coordinates":[-6.1039031,53.1819157]},"properties":{"name":"Killruddery Farmers Market","layer":"marketplaces","note":"OpenStreetMap","osm_id":"node/9926418502","osm_url":"https://www.openstreetmap.org/node/9926418502","source":"OpenStreetMap"}},{"type":"Feature","geometry":{"type":"Point","coordinates":[-2.2955981,53.2776875]},"properties":{"name":"Chelford Carboot","layer":"marketplaces","note":"OpenStreetMap","osm_id":"node/9941666899","osm_url":"https://www.openstreetmap.org/node/9941666899","source":"OpenStreetMap"}},{"type":"Feature","geometry":{"type":"Point","coordinates":[-0.8221146,52.5300916]},"properties":{"name":"Grimsby Fish","layer":"marketplaces","note":"OpenStreetMap","osm_id":"node/9945913460","osm_url":"https://www.openstreetmap.org/node/9945913460","source":"OpenStreetMap"}},{"type":"Feature","geometry":{"type":"Point","coordinates":[-2.2303561,53.5569054]},"properties":{"name":"Bowlee Car Boot","layer":"marketplaces","note":"OpenStreetMap","osm_id":"relation/10953577","osm_url":"https://www.openstreetmap.org/relation/10953577","source":"OpenStreetMap"}},{"type":"Feature","geometry":{"type":"Point","coordinates":[-0.0272181,51.5831435]},"properties":{"name":"Walthamstow Market","layer":"marketplaces","note":"OpenStreetMap","osm_id":"relation/11370057","osm_url":"https://www.openstreetmap.org/relation/11370057","source":"OpenStreetMap"}},{"type":"Feature","geometry":{"type":"Point","coordinates":[-4.1465129,50.3718522]},"properties":{"name":"Plymouth City Market","layer":"marketplaces","note":"OpenStreetMap","osm_id":"relation/12806557","osm_url":"https://www.openstreetmap.org/relation/12806557","source":"OpenStreetMap"}},{"type":"Feature","geometry":{"type":"Point","coordinates":[-3.1906754,56.4021758]},"properties":{"name":"Errol Sunday Market","layer":"marketplaces","note":"OpenStreetMap","osm_id":"relation/13577512","osm_url":"https://www.openstreetmap.org/relation/13577512","source":"OpenStreetMap"}},{"type":"Feature","geometry":{"type":"Point","coordinates":[-0.184415,52.3304798]},"properties":{"name":"Market Square","layer":"marketplaces","note":"OpenStreetMap","osm_id":"relation/15865819","osm_url":"https://www.openstreetmap.org/relation/15865819","source":"OpenStreetMap"}},{"type":"Feature","geometry":{"type":"Point","coordinates":[-8.6220023,52.6636239]},"properties":{"name":"Milk Market","layer":"marketplaces","note":"OpenStreetMap","osm_id":"relation/1605654","osm_url":"https://www.openstreetmap.org/relation/1605654","source":"OpenStreetMap"}},{"type":"Feature","geometry":{"type":"Point","coordinates":[-4.9490068,51.6923318]},"properties":{"name":"Marketplace","layer":"marketplaces","note":"OpenStreetMap","osm_id":"relation/16184598","osm_url":"https://www.openstreetmap.org/relation/16184598","source":"OpenStreetMap"}},{"type":"Feature","geometry":{"type":"Point","coordinates":[-0.4668763,52.1355156]},"properties":{"name":"St Paul's Square","layer":"marketplaces","note":"OpenStreetMap","osm_id":"relation/16285195","osm_url":"https://www.openstreetmap.org/relation/16285195","source":"OpenStreetMap"}},{"type":"Feature","geometry":{"type":"Point","coordinates":[-0.0598545,51.5192055]},"properties":{"name":"Whitechapel Road Market","layer":"marketplaces","note":"London Borough of Tower Hamlets","osm_id":"relation/17163333","osm_url":"https://www.openstreetmap.org/relation/17163333","source":"OpenStreetMap","brand":"London Borough of Tower Hamlets"}},{"type":"Feature","geometry":{"type":"Point","coordinates":[-0.520561,51.2746555]},"properties":{"name":"Nut Hill Car Boot Sale","layer":"marketplaces","note":"Nut Hill Fruit Farm","osm_id":"relation/17512708","osm_url":"https://www.openstreetmap.org/relation/17512708","source":"OpenStreetMap","brand":"Nut Hill Fruit Farm"}},{"type":"Feature","geometry":{"type":"Point","coordinates":[-2.5954942,52.3106317]},"properties":{"name":"Tenbury Round Market","layer":"marketplaces","note":"OpenStreetMap","osm_id":"relation/18498055","osm_url":"https://www.openstreetmap.org/relation/18498055","source":"OpenStreetMap"}},{"type":"Feature","geometry":{"type":"Point","coordinates":[-1.2123679,51.759804]},"properties":{"name":"Headington Market","layer":"marketplaces","note":"OpenStreetMap","osm_id":"relation/18910281","osm_url":"https://www.openstreetmap.org/relation/18910281","source":"OpenStreetMap"}},{"type":"Feature","geometry":{"type":"Point","coordinates":[-1.2647771,51.7775518]},"properties":{"name":"Summertown Farmers' Market","layer":"marketplaces","note":"OpenStreetMap","osm_id":"relation/18915692","osm_url":"https://www.openstreetmap.org/relation/18915692","source":"OpenStreetMap"}},{"type":"Feature","geometry":{"type":"Point","coordinates":[-0.0294821,51.5332255]},"properties":{"name":"Roman Road Market","layer":"marketplaces","note":"London Borough of Tower Hamlets","osm_id":"relation/20452699","osm_url":"https://www.openstreetmap.org/relation/20452699","source":"OpenStreetMap","brand":"London Borough of Tower Hamlets"}},{"type":"Feature","geometry":{"type":"Point","coordinates":[0.1190661,52.2054178]},"properties":{"name":"Market Square","layer":"marketplaces","note":"OpenStreetMap","osm_id":"relation/8117433","osm_url":"https://www.openstreetmap.org/relation/8117433","source":"OpenStreetMap"}},{"type":"Feature","geometry":{"type":"Point","coordinates":[-1.2153065,54.6850134]},"properties":{"name":"Marketplace","layer":"marketplaces","note":"OpenStreetMap","osm_id":"way/100635423","osm_url":"https://www.openstreetmap.org/way/100635423","source":"OpenStreetMap"}},{"type":"Feature","geometry":{"type":"Point","coordinates":[-1.4663184,53.461609]},"properties":{"name":"Chapeltown Market","layer":"marketplaces","note":"OpenStreetMap","osm_id":"way/101182121","osm_url":"https://www.openstreetmap.org/way/101182121","source":"OpenStreetMap"}},{"type":"Feature","geometry":{"type":"Point","coordinates":[-0.8333027,53.6061719]},"properties":{"name":"Crowle Market Place","layer":"marketplaces","note":"OpenStreetMap","osm_id":"way/1015883642","osm_url":"https://www.openstreetmap.org/way/1015883642","source":"OpenStreetMap"}},{"type":"Feature","geometry":{"type":"Point","coordinates":[-6.4619032,52.3399254]},"properties":{"name":"The Bullring Market","layer":"marketplaces","note":"OpenStreetMap","osm_id":"way/1017245445","osm_url":"https://www.openstreetmap.org/way/1017245445","source":"OpenStreetMap"}},{"type":"Feature","geometry":{"type":"Point","coordinates":[-2.0967358,53.7144935]},"properties":{"name":"Todmorden Market","layer":"marketplaces","note":"Calderdale MBC","osm_id":"way/101928520","osm_url":"https://www.openstreetmap.org/way/101928520","source":"OpenStreetMap","brand":"Calderdale MBC"}},{"type":"Feature","geometry":{"type":"Point","coordinates":[-2.0963911,53.7146541]},"properties":{"name":"Todmorden Market Hall","layer":"marketplaces","note":"OpenStreetMap","osm_id":"way/101928546","osm_url":"https://www.openstreetmap.org/way/101928546","source":"OpenStreetMap"}},{"type":"Feature","geometry":{"type":"Point","coordinates":[1.2973317,52.635417]},"properties":{"name":"St Saviour's Yard","layer":"marketplaces","note":"OpenStreetMap","osm_id":"way/101978505","osm_url":"https://www.openstreetmap.org/way/101978505","source":"OpenStreetMap"}},{"type":"Feature","geometry":{"type":"Point","coordinates":[-1.1491077,52.0267183]},"properties":{"name":"Courtyard Mews","layer":"marketplaces","note":"OpenStreetMap","osm_id":"way/102852104","osm_url":"https://www.openstreetmap.org/way/102852104","source":"OpenStreetMap"}},{"type":"Feature","geometry":{"type":"Point","coordinates":[-1.474093,53.3755545]},"properties":{"name":"The Moor Open Market","layer":"marketplaces","note":"OpenStreetMap","osm_id":"way/1033355223","osm_url":"https://www.openstreetmap.org/way/1033355223","source":"OpenStreetMap"}},{"type":"Feature","geometry":{"type":"Point","coordinates":[-3.3409384,51.6025905]},"properties":{"name":"Pontypridd Indoor Market","layer":"marketplaces","note":"OpenStreetMap","osm_id":"way/1035986974","osm_url":"https://www.openstreetmap.org/way/1035986974","source":"OpenStreetMap"}},{"type":"Feature","geometry":{"type":"Point","coordinates":[-7.9224766,52.3806142]},"properties":{"name":"Marketplace","layer":"marketplaces","note":"OpenStreetMap","osm_id":"way/1036625022","osm_url":"https://www.openstreetmap.org/way/1036625022","source":"OpenStreetMap"}},{"type":"Feature","geometry":{"type":"Point","coordinates":[-7.9222046,52.3803887]},"properties":{"name":"Marketplace","layer":"marketplaces","note":"OpenStreetMap","osm_id":"way/1036625023","osm_url":"https://www.openstreetmap.org/way/1036625023","source":"OpenStreetMap"}},{"type":"Feature","geometry":{"type":"Point","coordinates":[-1.7114427,53.7241331]},"properties":{"name":"Cleckheaton Farmers' Market","layer":"marketplaces","note":"OpenStreetMap","osm_id":"way/1041097952","osm_url":"https://www.openstreetmap.org/way/1041097952","source":"OpenStreetMap"}},{"type":"Feature","geometry":{"type":"Point","coordinates":[-6.6634236,55.1334839]},"properties":{"name":"Indoor Market","layer":"marketplaces","note":"OpenStreetMap","osm_id":"way/1047844549","osm_url":"https://www.openstreetmap.org/way/1047844549","source":"OpenStreetMap"}},{"type":"Feature","geometry":{"type":"Point","coordinates":[-3.4874684,50.9040361]},"properties":{"name":"Marketplace","layer":"marketplaces","note":"OpenStreetMap","osm_id":"way/1054689925","osm_url":"https://www.openstreetmap.org/way/1054689925","source":"OpenStreetMap"}},{"type":"Feature","geometry":{"type":"Point","coordinates":[-1.4787747,53.5521116]},"properties":{"name":"Barnsley Markets","layer":"marketplaces","note":"OpenStreetMap","osm_id":"way/1056328891","osm_url":"https://www.openstreetmap.org/way/1056328891","source":"OpenStreetMap"}},{"type":"Feature","geometry":{"type":"Point","coordinates":[-1.4852436,51.7843351]},"properties":{"name":"Market Square","layer":"marketplaces","note":"OpenStreetMap","osm_id":"way/1058550833","osm_url":"https://www.openstreetmap.org/way/1058550833","source":"OpenStreetMap"}},{"type":"Feature","geometry":{"type":"Point","coordinates":[-7.1676081,54.4170829]},"properties":{"name":"Clogher Mart","layer":"marketplaces","note":"Clogher Valley Livestock Producers Company Limited","osm_id":"way/1059916204","osm_url":"https://www.openstreetmap.org/way/1059916204","source":"OpenStreetMap","brand":"Clogher Valley Livestock Producers Company Limited"}},{"type":"Feature","geometry":{"type":"Point","coordinates":[-1.3523399,53.3418645]},"properties":{"name":"The Market Place","layer":"marketplaces","note":"OpenStreetMap","osm_id":"way/1062673671","osm_url":"https://www.openstreetmap.org/way/1062673671","source":"OpenStreetMap"}},{"type":"Feature","geometry":{"type":"Point","coordinates":[-1.2904355,53.4930708]},"properties":{"name":"Mexborough Market","layer":"marketplaces","note":"OpenStreetMap","osm_id":"way/1064424699","osm_url":"https://www.openstreetmap.org/way/1064424699","source":"OpenStreetMap"}},{"type":"Feature","geometry":{"type":"Point","coordinates":[1.7268516,52.6085325]},"properties":{"name":"Covered Market","layer":"marketplaces","note":"OpenStreetMap","osm_id":"way/1069595331","osm_url":"https://www.openstreetmap.org/way/1069595331","source":"OpenStreetMap"}},{"type":"Feature","geometry":{"type":"Point","coordinates":[-1.0793569,53.4782684]},"properties":{"name":"Marketplace","layer":"marketplaces","note":"OpenStreetMap","osm_id":"way/1071080079","osm_url":"https://www.openstreetmap.org/way/1071080079","source":"OpenStreetMap"}},{"type":"Feature","geometry":{"type":"Point","coordinates":[-1.9467772,52.0933287]},"properties":{"name":"High Street Market Amenity Area","layer":"marketplaces","note":"OpenStreetMap","osm_id":"way/1071606041","osm_url":"https://www.openstreetmap.org/way/1071606041","source":"OpenStreetMap"}},{"type":"Feature","geometry":{"type":"Point","coordinates":[0.0220605,51.5224025]},"properties":{"name":"Kelland Road Market","layer":"marketplaces","note":"London Borough of Newham","osm_id":"way/1073640065","osm_url":"https://www.openstreetmap.org/way/1073640065","source":"OpenStreetMap","brand":"London Borough of Newham"}},{"type":"Feature","geometry":{"type":"Point","coordinates":[-3.0440191,53.4189365]},"properties":{"name":"Marketplace","layer":"marketplaces","note":"OpenStreetMap","osm_id":"way/1075808174","osm_url":"https://www.openstreetmap.org/way/1075808174","source":"OpenStreetMap"}},{"type":"Feature","geometry":{"type":"Point","coordinates":[-1.4374751,53.5003758]},"properties":{"name":"Hoyland Market","layer":"marketplaces","note":"OpenStreetMap","osm_id":"way/1078546042","osm_url":"https://www.openstreetmap.org/way/1078546042","source":"OpenStreetMap"}},{"type":"Feature","geometry":{"type":"Point","coordinates":[-0.0203871,51.5570061]},"properties":{"name":"New Spitalfields Market","layer":"marketplaces","note":"City of London","osm_id":"way/10820141","osm_url":"https://www.openstreetmap.org/way/10820141","source":"OpenStreetMap","brand":"City of London"}},{"type":"Feature","geometry":{"type":"Point","coordinates":[-3.5689841,50.4038871]},"properties":{"name":"Churston Car Boot Sale","layer":"marketplaces","note":"OpenStreetMap","osm_id":"way/1082359270","osm_url":"https://www.openstreetmap.org/way/1082359270","source":"OpenStreetMap"}},{"type":"Feature","geometry":{"type":"Point","coordinates":[-0.1942248,51.5012358]},"properties":{"name":"High Street Kensington Farmers' Market","layer":"marketplaces","note":"London Farmers' Market","osm_id":"way/1086144668","osm_url":"https://www.openstreetmap.org/way/1086144668","source":"OpenStreetMap","brand":"London Farmers' Market"}},{"type":"Feature","geometry":{"type":"Point","coordinates":[1.3377372,51.9528875]},"properties":{"name":"Felixstowe Sunday Market","layer":"marketplaces","note":"Mannings Amusements","osm_id":"way/1090596509","osm_url":"https://www.openstreetmap.org/way/1090596509","source":"OpenStreetMap","brand":"Mannings Amusements"}},{"type":"Feature","geometry":{"type":"Point","coordinates":[-0.1391971,50.8263577]},"properties":{"name":"Upper Gardner Street Saturday Market","layer":"marketplaces","note":"OpenStreetMap","osm_id":"way/1102280728","osm_url":"https://www.openstreetmap.org/way/1102280728","source":"OpenStreetMap"}},{"type":"Feature","geometry":{"type":"Point","coordinates":[-1.4465565,52.4290104]},"properties":{"name":"Wood's Mini Market","layer":"marketplaces","note":"OpenStreetMap","osm_id":"way/1104432356","osm_url":"https://www.openstreetmap.org/way/1104432356","source":"OpenStreetMap"}},{"type":"Feature","geometry":{"type":"Point","coordinates":[0.1122188,52.4995431]},"properties":{"name":"Skylark Car Boot Sale","layer":"marketplaces","note":"OpenStreetMap","osm_id":"way/1113157401","osm_url":"https://www.openstreetmap.org/way/1113157401","source":"OpenStreetMap"}},{"type":"Feature","geometry":{"type":"Point","coordinates":[-0.7541944,52.0431633]},"properties":{"name":"Open Market","layer":"marketplaces","note":"OpenStreetMap","osm_id":"way/111466261","osm_url":"https://www.openstreetmap.org/way/111466261","source":"OpenStreetMap"}},{"type":"Feature","geometry":{"type":"Point","coordinates":[-0.0056757,53.3667918]},"properties":{"name":"New Market Hall","layer":"marketplaces","note":"OpenStreetMap","osm_id":"way/111982057","osm_url":"https://www.openstreetmap.org/way/111982057","source":"OpenStreetMap"}},{"type":"Feature","geometry":{"type":"Point","coordinates":[-0.3060699,51.4096789]},"properties":{"name":"Kingston Market","layer":"marketplaces","note":"OpenStreetMap","osm_id":"way/1121733291","osm_url":"https://www.openstreetmap.org/way/1121733291","source":"OpenStreetMap"}},{"type":"Feature","geometry":{"type":"Point","coordinates":[-2.7204958,52.3674305]},"properties":{"name":"Market Square","layer":"marketplaces","note":"OpenStreetMap","osm_id":"way/112572268","osm_url":"https://www.openstreetmap.org/way/112572268","source":"OpenStreetMap"}},{"type":"Feature","geometry":{"type":"Point","coordinates":[-1.8762288,50.718956]},"properties":{"name":"Marketplace","layer":"marketplaces","note":"OpenStreetMap","osm_id":"way/1126445596","osm_url":"https://www.openstreetmap.org/way/1126445596","source":"OpenStreetMap"}},{"type":"Feature","geometry":{"type":"Point","coordinates":[-2.1750516,53.0273252]},"properties":{"name":"Hanley Indoor Market","layer":"marketplaces","note":"OpenStreetMap","osm_id":"way/1134553996","osm_url":"https://www.openstreetmap.org/way/1134553996","source":"OpenStreetMap"}},{"type":"Feature","geometry":{"type":"Point","coordinates":[-0.3341223,53.742301]},"properties":{"name":"Trinity Market","layer":"marketplaces","note":"OpenStreetMap","osm_id":"way/1136149161","osm_url":"https://www.openstreetmap.org/way/1136149161","source":"OpenStreetMap"}},{"type":"Feature","geometry":{"type":"Point","coordinates":[-4.0595126,51.0805444]},"properties":{"name":"Pannier Market","layer":"marketplaces","note":"OpenStreetMap","osm_id":"way/1137962309","osm_url":"https://www.openstreetmap.org/way/1137962309","source":"OpenStreetMap"}},{"type":"Feature","geometry":{"type":"Point","coordinates":[-0.0730471,53.5715658]},"properties":{"name":"Freeman Street Market","layer":"marketplaces","note":"North East Lincs Council","osm_id":"way/114817898","osm_url":"https://www.openstreetmap.org/way/114817898","source":"OpenStreetMap","brand":"North East Lincs Council"}},{"type":"Feature","geometry":{"type":"Point","coordinates":[-0.0823656,51.6523689]},"properties":{"name":"Marketplace","layer":"marketplaces","note":"The Old Enfield Charitable Trust","osm_id":"way/1149492663","osm_url":"https://www.openstreetmap.org/way/1149492663","source":"OpenStreetMap","brand":"The Old Enfield Charitable Trust"}},{"type":"Feature","geometry":{"type":"Point","coordinates":[-0.2285478,52.3359437]},"properties":{"name":"Car Boot Sale (seasonal)","layer":"marketplaces","note":"OpenStreetMap","osm_id":"way/115146795","osm_url":"https://www.openstreetmap.org/way/115146795","source":"OpenStreetMap"}},{"type":"Feature","geometry":{"type":"Point","coordinates":[-1.2910622,54.6073892]},"properties":{"name":"Billingham Market","layer":"marketplaces","note":"OpenStreetMap","osm_id":"way/1152461167","osm_url":"https://www.openstreetmap.org/way/1152461167","source":"OpenStreetMap"}},{"type":"Feature","geometry":{"type":"Point","coordinates":[-1.7994971,53.5653039]},"properties":{"name":"Holmfirth Attested Auction Market","layer":"marketplaces","note":"OpenStreetMap","osm_id":"way/1158460563","osm_url":"https://www.openstreetmap.org/way/1158460563","source":"OpenStreetMap"}},{"type":"Feature","geometry":{"type":"Point","coordinates":[-1.3888428,53.0965827]},"properties":{"name":"Market Hall","layer":"marketplaces","note":"OpenStreetMap","osm_id":"way/116346220","osm_url":"https://www.openstreetmap.org/way/116346220","source":"OpenStreetMap"}},{"type":"Feature","geometry":{"type":"Point","coordinates":[-0.4684244,52.1360726]},"properties":{"name":"Harpur Square","layer":"marketplaces","note":"OpenStreetMap","osm_id":"way/116402540","osm_url":"https://www.openstreetmap.org/way/116402540","source":"OpenStreetMap"}},{"type":"Feature","geometry":{"type":"Point","coordinates":[-1.8639157,52.898026]},"properties":{"name":"Market Square","layer":"marketplaces","note":"OpenStreetMap","osm_id":"way/1164468570","osm_url":"https://www.openstreetmap.org/way/1164468570","source":"OpenStreetMap"}},{"type":"Feature","geometry":{"type":"Point","coordinates":[-6.2533699,55.781871]},"properties":{"name":"Islay Auction Mart","layer":"marketplaces","note":"United Auctions","osm_id":"way/1165491320","osm_url":"https://www.openstreetmap.org/way/1165491320","source":"OpenStreetMap","brand":"United Auctions"}},{"type":"Feature","geometry":{"type":"Point","coordinates":[-5.9060876,57.2412281]},"properties":{"name":"Skye Market Square","layer":"marketplaces","note":"OpenStreetMap","osm_id":"way/1169320075","osm_url":"https://www.openstreetmap.org/way/1169320075","source":"OpenStreetMap"}},{"type":"Feature","geometry":{"type":"Point","coordinates":[-0.0007095,51.5416306]},"properties":{"name":"Stratford Indoor Market","layer":"marketplaces","note":"OpenStreetMap","osm_id":"way/117363818","osm_url":"https://www.openstreetmap.org/way/117363818","source":"OpenStreetMap"}},{"type":"Feature","geometry":{"type":"Point","coordinates":[0.0020204,51.5414421]},"properties":{"name":"Stratford Outdoor Market","layer":"marketplaces","note":"OpenStreetMap","osm_id":"way/117371880","osm_url":"https://www.openstreetmap.org/way/117371880","source":"OpenStreetMap"}},{"type":"Feature","geometry":{"type":"Point","coordinates":[-1.4714764,53.3714369]},"properties":{"name":"Red Brick Market","layer":"marketplaces","note":"OpenStreetMap","osm_id":"way/117549030","osm_url":"https://www.openstreetmap.org/way/117549030","source":"OpenStreetMap"}},{"type":"Feature","geometry":{"type":"Point","coordinates":[-1.9139145,53.2593302]},"properties":{"name":"Cavendish Arcade","layer":"marketplaces","note":"OpenStreetMap","osm_id":"way/117946899","osm_url":"https://www.openstreetmap.org/way/117946899","source":"OpenStreetMap"}},{"type":"Feature","geometry":{"type":"Point","coordinates":[-1.3841812,54.9063579]},"properties":{"name":"Jackie White's Market","layer":"marketplaces","note":"OpenStreetMap","osm_id":"way/1180658878","osm_url":"https://www.openstreetmap.org/way/1180658878","source":"OpenStreetMap"}},{"type":"Feature","geometry":{"type":"Point","coordinates":[0.9214407,51.3984246]},"properties":{"name":"Leysdown Market","layer":"marketplaces","note":"OpenStreetMap","osm_id":"way/1183025763","osm_url":"https://www.openstreetmap.org/way/1183025763","source":"OpenStreetMap"}},{"type":"Feature","geometry":{"type":"Point","coordinates":[-0.137864,51.4623893]},"properties":{"name":"Marketplace","layer":"marketplaces","note":"OpenStreetMap","osm_id":"way/1184647588","osm_url":"https://www.openstreetmap.org/way/1184647588","source":"OpenStreetMap"}},{"type":"Feature","geometry":{"type":"Point","coordinates":[-2.756176,52.7077023]},"properties":{"name":"Market Hall","layer":"marketplaces","note":"OpenStreetMap","osm_id":"way/118819685","osm_url":"https://www.openstreetmap.org/way/118819685","source":"OpenStreetMap"}},{"type":"Feature","geometry":{"type":"Point","coordinates":[-1.9503871,53.4428048]},"properties":{"name":"Glossop Outdoor Market","layer":"marketplaces","note":"OpenStreetMap","osm_id":"way/1188696262","osm_url":"https://www.openstreetmap.org/way/1188696262","source":"OpenStreetMap"}},{"type":"Feature","geometry":{"type":"Point","coordinates":[-6.7132369,52.9445754]},"properties":{"name":"Baltinglass Mart","layer":"marketplaces","note":"OpenStreetMap","osm_id":"way/1191873852","osm_url":"https://www.openstreetmap.org/way/1191873852","source":"OpenStreetMap"}},{"type":"Feature","geometry":{"type":"Point","coordinates":[-0.338516,51.7529243]},"properties":{"name":"St Albans Market","layer":"marketplaces","note":"St Albans City & District Council","osm_id":"way/1196873181","osm_url":"https://www.openstreetmap.org/way/1196873181","source":"OpenStreetMap","brand":"St Albans City & District Council"}},{"type":"Feature","geometry":{"type":"Point","coordinates":[-2.5793229,51.412211]},"properties":{"name":"Whitchurch Car Boot Sale","layer":"marketplaces","note":"OpenStreetMap","osm_id":"way/1198934251","osm_url":"https://www.openstreetmap.org/way/1198934251","source":"OpenStreetMap"}},{"type":"Feature","geometry":{"type":"Point","coordinates":[-3.0204207,51.6521295]},"properties":{"name":"Cwmbran Marketplace","layer":"marketplaces","note":"OpenStreetMap","osm_id":"way/1202521726","osm_url":"https://www.openstreetmap.org/way/1202521726","source":"OpenStreetMap"}},{"type":"Feature","geometry":{"type":"Point","coordinates":[-4.1373852,50.3678674]},"properties":{"name":"The House That Jack Built","layer":"marketplaces","note":"OpenStreetMap","osm_id":"way/1206224421","osm_url":"https://www.openstreetmap.org/way/1206224421","source":"OpenStreetMap"}},{"type":"Feature","geometry":{"type":"Point","coordinates":[-4.1983784,55.852513]},"properties":{"name":"InShopz","layer":"marketplaces","note":"OpenStreetMap","osm_id":"way/1210119073","osm_url":"https://www.openstreetmap.org/way/1210119073","source":"OpenStreetMap"}},{"type":"Feature","geometry":{"type":"Point","coordinates":[-0.1337998,51.4970742]},"properties":{"name":"Strutton Ground Market","layer":"marketplaces","note":"Westminster City Council","osm_id":"way/1211583962","osm_url":"https://www.openstreetmap.org/way/1211583962","source":"OpenStreetMap","brand":"Westminster City Council"}},{"type":"Feature","geometry":{"type":"Point","coordinates":[-7.7379176,54.9496221]},"properties":{"name":"Market Square","layer":"marketplaces","note":"OpenStreetMap","osm_id":"way/121702269","osm_url":"https://www.openstreetmap.org/way/121702269","source":"OpenStreetMap"}},{"type":"Feature","geometry":{"type":"Point","coordinates":[-0.5793651,53.3984223]},"properties":{"name":"Lincoln Autojumble","layer":"marketplaces","note":"OpenStreetMap","osm_id":"way/122128988","osm_url":"https://www.openstreetmap.org/way/122128988","source":"OpenStreetMap"}},{"type":"Feature","geometry":{"type":"Point","coordinates":[-0.5776862,53.3973523]},"properties":{"name":"Hemswell Sunday Market - Carboot Sale","layer":"marketplaces","note":"OpenStreetMap","osm_id":"way/122128994","osm_url":"https://www.openstreetmap.org/way/122128994","source":"OpenStreetMap"}},{"type":"Feature","geometry":{"type":"Point","coordinates":[-4.1610767,51.6815303]},"properties":{"name":"Llanelli Indoor Market","layer":"marketplaces","note":"OpenStreetMap","osm_id":"way/1225654754","osm_url":"https://www.openstreetmap.org/way/1225654754","source":"OpenStreetMap"}},{"type":"Feature","geometry":{"type":"Point","coordinates":[-6.2702156,53.2777062]},"properties":{"name":"Marlay Market","layer":"marketplaces","note":"OpenStreetMap","osm_id":"way/1228475263","osm_url":"https://www.openstreetmap.org/way/1228475263","source":"OpenStreetMap"}},{"type":"Feature","geometry":{"type":"Point","coordinates":[-1.3117258,54.5642956]},"properties":{"name":"Stockton Flea Market","layer":"marketplaces","note":"OpenStreetMap","osm_id":"way/1238354866","osm_url":"https://www.openstreetmap.org/way/1238354866","source":"OpenStreetMap"}},{"type":"Feature","geometry":{"type":"Point","coordinates":[-4.2381987,55.85453]},"properties":{"name":"McIver's Markets","layer":"marketplaces","note":"OpenStreetMap","osm_id":"way/124034963","osm_url":"https://www.openstreetmap.org/way/124034963","source":"OpenStreetMap"}},{"type":"Feature","geometry":{"type":"Point","coordinates":[-4.2370471,55.8549637]},"properties":{"name":"McIver's Markets","layer":"marketplaces","note":"OpenStreetMap","osm_id":"way/124035973","osm_url":"https://www.openstreetmap.org/way/124035973","source":"OpenStreetMap"}},{"type":"Feature","geometry":{"type":"Point","coordinates":[-4.2380381,55.8551822]},"properties":{"name":"The New Market","layer":"marketplaces","note":"OpenStreetMap","osm_id":"way/124038411","osm_url":"https://www.openstreetmap.org/way/124038411","source":"OpenStreetMap"}},{"type":"Feature","geometry":{"type":"Point","coordinates":[-2.1906503,54.3021337]},"properties":{"name":"Hawes Auction Mart","layer":"marketplaces","note":"OpenStreetMap","osm_id":"way/124095517","osm_url":"https://www.openstreetmap.org/way/124095517","source":"OpenStreetMap"}},{"type":"Feature","geometry":{"type":"Point","coordinates":[-8.2138845,53.091718]},"properties":{"name":"Portumna Co-Op Mart","layer":"marketplaces","note":"Portumna Co-Operative Livestock Mart Limited","osm_id":"way/124123870","osm_url":"https://www.openstreetmap.org/way/124123870","source":"OpenStreetMap","brand":"Portumna Co-Operative Livestock Mart Limited"}},{"type":"Feature","geometry":{"type":"Point","coordinates":[-0.5595535,51.3195305]},"properties":{"name":"Market Walk","layer":"marketplaces","note":"OpenStreetMap","osm_id":"way/1248795505","osm_url":"https://www.openstreetmap.org/way/1248795505","source":"OpenStreetMap"}},{"type":"Feature","geometry":{"type":"Point","coordinates":[-2.7639085,54.653459]},"properties":{"name":"Penrith Auction Market","layer":"marketplaces","note":"OpenStreetMap","osm_id":"way/126401726","osm_url":"https://www.openstreetmap.org/way/126401726","source":"OpenStreetMap"}},{"type":"Feature","geometry":{"type":"Point","coordinates":[-0.7725675,50.8359491]},"properties":{"name":"Draper’s Yard","layer":"marketplaces","note":"Draper's Yard Market and Studios","osm_id":"way/1274853997","osm_url":"https://www.openstreetmap.org/way/1274853997","source":"OpenStreetMap","brand":"Draper's Yard Market and Studios"}},{"type":"Feature","geometry":{"type":"Point","coordinates":[-1.1964704,53.1444286]},"properties":{"name":"Market Place","layer":"marketplaces","note":"OpenStreetMap","osm_id":"way/1284414387","osm_url":"https://www.openstreetmap.org/way/1284414387","source":"OpenStreetMap"}},{"type":"Feature","geometry":{"type":"Point","coordinates":[-3.0546081,53.8105434]},"properties":{"name":"Foxhall Market","layer":"marketplaces","note":"OpenStreetMap","osm_id":"way/1285627815","osm_url":"https://www.openstreetmap.org/way/1285627815","source":"OpenStreetMap"}},{"type":"Feature","geometry":{"type":"Point","coordinates":[-2.9619037,57.6756541]},"properties":{"name":"Marketplace","layer":"marketplaces","note":"OpenStreetMap","osm_id":"way/1287634787","osm_url":"https://www.openstreetmap.org/way/1287634787","source":"OpenStreetMap"}},{"type":"Feature","geometry":{"type":"Point","coordinates":[-2.9618864,57.6756362]},"properties":{"name":"Marketplace","layer":"marketplaces","note":"OpenStreetMap","osm_id":"way/1287634788","osm_url":"https://www.openstreetmap.org/way/1287634788","source":"OpenStreetMap"}},{"type":"Feature","geometry":{"type":"Point","coordinates":[-1.2636057,53.1251053]},"properties":{"name":"Idlewells Indoor Market","layer":"marketplaces","note":"OpenStreetMap","osm_id":"way/1288463790","osm_url":"https://www.openstreetmap.org/way/1288463790","source":"OpenStreetMap"}},{"type":"Feature","geometry":{"type":"Point","coordinates":[-0.6835126,51.5198137]},"properties":{"name":"Taplow Car Boot Sale (Sundays)","layer":"marketplaces","note":"OpenStreetMap","osm_id":"way/1290043865","osm_url":"https://www.openstreetmap.org/way/1290043865","source":"OpenStreetMap"}},{"type":"Feature","geometry":{"type":"Point","coordinates":[-0.1015928,51.3733355]},"properties":{"name":"Surrey Street","layer":"marketplaces","note":"OpenStreetMap","osm_id":"way/1299268950","osm_url":"https://www.openstreetmap.org/way/1299268950","source":"OpenStreetMap"}},{"type":"Feature","geometry":{"type":"Point","coordinates":[-2.0197209,52.5527984]},"properties":{"name":"Union Junction Market","layer":"marketplaces","note":"SMBC","osm_id":"way/1301334619","osm_url":"https://www.openstreetmap.org/way/1301334619","source":"OpenStreetMap","brand":"SMBC"}},{"type":"Feature","geometry":{"type":"Point","coordinates":[-2.0187399,52.5524754]},"properties":{"name":"Market Place","layer":"marketplaces","note":"SMBC","osm_id":"way/1301334620","osm_url":"https://www.openstreetmap.org/way/1301334620","source":"OpenStreetMap","brand":"SMBC"}},{"type":"Feature","geometry":{"type":"Point","coordinates":[-2.2457149,51.8634962]},"properties":{"name":"Eastgate Market Hall","layer":"marketplaces","note":"OpenStreetMap","osm_id":"way/1301634488","osm_url":"https://www.openstreetmap.org/way/1301634488","source":"OpenStreetMap"}},{"type":"Feature","geometry":{"type":"Point","coordinates":[0.0739303,51.5581098]},"properties":{"name":"Mercato Metropolitano Ilford","layer":"marketplaces","note":"Mercato Metropolitano","osm_id":"way/1302682033","osm_url":"https://www.openstreetmap.org/way/1302682033","source":"OpenStreetMap","brand":"Mercato Metropolitano"}},{"type":"Feature","geometry":{"type":"Point","coordinates":[-6.6631029,53.2179251]},"properties":{"name":"Saturday streedfood market (Naas Potato Market)","layer":"marketplaces","note":"OpenStreetMap","osm_id":"way/1302694878","osm_url":"https://www.openstreetmap.org/way/1302694878","source":"OpenStreetMap"}},{"type":"Feature","geometry":{"type":"Point","coordinates":[-1.0318592,50.8801634]},"properties":{"name":"Waterlooville Pop up Shop","layer":"marketplaces","note":"Havant Borough Council","osm_id":"way/1303652931","osm_url":"https://www.openstreetmap.org/way/1303652931","source":"OpenStreetMap","brand":"Havant Borough Council"}},{"type":"Feature","geometry":{"type":"Point","coordinates":[-2.2356101,53.4843793]},"properties":{"name":"Manchester Craft and Design Centre","layer":"marketplaces","note":"OpenStreetMap","osm_id":"way/130421037","osm_url":"https://www.openstreetmap.org/way/130421037","source":"OpenStreetMap"}},{"type":"Feature","geometry":{"type":"Point","coordinates":[-3.8813423,52.745658]},"properties":{"name":"Cattle Market","layer":"marketplaces","note":"OpenStreetMap","osm_id":"way/1312480631","osm_url":"https://www.openstreetmap.org/way/1312480631","source":"OpenStreetMap"}},{"type":"Feature","geometry":{"type":"Point","coordinates":[-1.6978157,52.5471475]},"properties":{"name":"Lea Marston Car Boot Market (Weekends/ Bank Holidays)","layer":"marketplaces","note":"eboot","osm_id":"way/1312643771","osm_url":"https://www.openstreetmap.org/way/1312643771","source":"OpenStreetMap","brand":"eboot"}},{"type":"Feature","geometry":{"type":"Point","coordinates":[-1.7298103,52.4907523]},"properties":{"name":"Chelmsley Wood Car Boot Market (Tuesday/Friday)","layer":"marketplaces","note":"eboot","osm_id":"way/1312643772","osm_url":"https://www.openstreetmap.org/way/1312643772","source":"OpenStreetMap","brand":"eboot"}},{"type":"Feature","geometry":{"type":"Point","coordinates":[-1.9885542,52.4154731]},"properties":{"name":"Hoggs Lane Car Boot Market (Saturdays)","layer":"marketplaces","note":"OpenStreetMap","osm_id":"way/1312643773","osm_url":"https://www.openstreetmap.org/way/1312643773","source":"OpenStreetMap"}},{"type":"Feature","geometry":{"type":"Point","coordinates":[-2.0428956,52.4382125]},"properties":{"name":"Bromsgrove Road Car Boot Market (Sundays)","layer":"marketplaces","note":"OpenStreetMap","osm_id":"way/1312643774","osm_url":"https://www.openstreetmap.org/way/1312643774","source":"OpenStreetMap"}},{"type":"Feature","geometry":{"type":"Point","coordinates":[-2.1083093,52.4315544]},"properties":{"name":"Wassel Grove Car Boot Market (Saturdays/ Bank Holidays)","layer":"marketplaces","note":"OpenStreetMap","osm_id":"way/1312643775","osm_url":"https://www.openstreetmap.org/way/1312643775","source":"OpenStreetMap"}},{"type":"Feature","geometry":{"type":"Point","coordinates":[-1.9925971,52.5178037]},"properties":{"name":"West Bromwich High Street Market","layer":"marketplaces","note":"SMBC","osm_id":"way/1318442594","osm_url":"https://www.openstreetmap.org/way/1318442594","source":"OpenStreetMap","brand":"SMBC"}},{"type":"Feature","geometry":{"type":"Point","coordinates":[-1.9932686,52.5179244]},"properties":{"name":"New West Bromwich Indoor Market","layer":"marketplaces","note":"SMBC","osm_id":"way/1318442890","osm_url":"https://www.openstreetmap.org/way/1318442890","source":"OpenStreetMap","brand":"SMBC"}},{"type":"Feature","geometry":{"type":"Point","coordinates":[-1.8275963,52.683722]},"properties":{"name":"Market Square","layer":"marketplaces","note":"OpenStreetMap","osm_id":"way/132414290","osm_url":"https://www.openstreetmap.org/way/132414290","source":"OpenStreetMap"}},{"type":"Feature","geometry":{"type":"Point","coordinates":[0.1819783,51.5793142]},"properties":{"name":"Romford Market","layer":"marketplaces","note":"OpenStreetMap","osm_id":"way/132564961","osm_url":"https://www.openstreetmap.org/way/132564961","source":"OpenStreetMap"}},{"type":"Feature","geometry":{"type":"Point","coordinates":[0.0018427,53.0833441]},"properties":{"name":"Stickney Car Boot Sale","layer":"marketplaces","note":"OpenStreetMap","osm_id":"way/1327954625","osm_url":"https://www.openstreetmap.org/way/1327954625","source":"OpenStreetMap"}},{"type":"Feature","geometry":{"type":"Point","coordinates":[-0.256159,51.4807318]},"properties":{"name":"Chiswick Food market","layer":"marketplaces","note":"OpenStreetMap","osm_id":"way/1332444857","osm_url":"https://www.openstreetmap.org/way/1332444857","source":"OpenStreetMap"}},{"type":"Feature","geometry":{"type":"Point","coordinates":[-2.1722675,53.4624182]},"properties":{"name":"Gorton Market","layer":"marketplaces","note":"Manchester City Council","osm_id":"way/1343810528","osm_url":"https://www.openstreetmap.org/way/1343810528","source":"OpenStreetMap","brand":"Manchester City Council"}},{"type":"Feature","geometry":{"type":"Point","coordinates":[-1.4758938,53.3927157]},"properties":{"name":"Peddler Warehouse","layer":"marketplaces","note":"OpenStreetMap","osm_id":"way/1355283948","osm_url":"https://www.openstreetmap.org/way/1355283948","source":"OpenStreetMap"}},{"type":"Feature","geometry":{"type":"Point","coordinates":[-0.4112768,51.8796014]},"properties":{"name":"Market Hall","layer":"marketplaces","note":"OpenStreetMap","osm_id":"way/1362375242","osm_url":"https://www.openstreetmap.org/way/1362375242","source":"OpenStreetMap"}},{"type":"Feature","geometry":{"type":"Point","coordinates":[-2.7735224,53.5500843]},"properties":{"name":"Market Hall","layer":"marketplaces","note":"OpenStreetMap","osm_id":"way/1362390104","osm_url":"https://www.openstreetmap.org/way/1362390104","source":"OpenStreetMap"}},{"type":"Feature","geometry":{"type":"Point","coordinates":[-1.2348472,51.7482079]},"properties":{"name":"East Oxford Farmers' and Community Market","layer":"marketplaces","note":"East Oxford Farmers' and Community Market Limited","osm_id":"way/1372672300","osm_url":"https://www.openstreetmap.org/way/1372672300","source":"OpenStreetMap","brand":"East Oxford Farmers' and Community Market Limited"}},{"type":"Feature","geometry":{"type":"Point","coordinates":[-0.0271056,51.4777163]},"properties":{"name":"Douglas Way Market","layer":"marketplaces","note":"Lewisham Council","osm_id":"way/1381655923","osm_url":"https://www.openstreetmap.org/way/1381655923","source":"OpenStreetMap","brand":"Lewisham Council"}},{"type":"Feature","geometry":{"type":"Point","coordinates":[1.1880998,51.0781661]},"properties":{"name":"The Goods Yard","layer":"marketplaces","note":"Folkestone Harbour Arm","osm_id":"way/1383778592","osm_url":"https://www.openstreetmap.org/way/1383778592","source":"OpenStreetMap","brand":"Folkestone Harbour Arm"}},{"type":"Feature","geometry":{"type":"Point","coordinates":[-0.1833092,51.4131815]},"properties":{"name":"Merton Abbey Mills","layer":"marketplaces","note":"OpenStreetMap","osm_id":"way/13869733","osm_url":"https://www.openstreetmap.org/way/13869733","source":"OpenStreetMap"}},{"type":"Feature","geometry":{"type":"Point","coordinates":[-1.6946105,52.6337872]},"properties":{"name":"St Editha's Square","layer":"marketplaces","note":"OpenStreetMap","osm_id":"way/1393994532","osm_url":"https://www.openstreetmap.org/way/1393994532","source":"OpenStreetMap"}},{"type":"Feature","geometry":{"type":"Point","coordinates":[0.8417516,52.8436536]},"properties":{"name":"Cherry Tree Car Boot","layer":"marketplaces","note":"OpenStreetMap","osm_id":"way/1395711480","osm_url":"https://www.openstreetmap.org/way/1395711480","source":"OpenStreetMap"}},{"type":"Feature","geometry":{"type":"Point","coordinates":[-3.3390104,55.8841327]},"properties":{"name":"Balerno Farmer's Market","layer":"marketplaces","note":"Balerno Village Trust","osm_id":"way/140262845","osm_url":"https://www.openstreetmap.org/way/140262845","source":"OpenStreetMap","brand":"Balerno Village Trust"}},{"type":"Feature","geometry":{"type":"Point","coordinates":[-2.2969045,52.1724377]},"properties":{"name":"Marketplace","layer":"marketplaces","note":"OpenStreetMap","osm_id":"way/1412689872","osm_url":"https://www.openstreetmap.org/way/1412689872","source":"OpenStreetMap"}},{"type":"Feature","geometry":{"type":"Point","coordinates":[-1.7539391,53.7955451]},"properties":{"name":"Darley Street Market","layer":"marketplaces","note":"Bradford Markets","osm_id":"way/1414215108","osm_url":"https://www.openstreetmap.org/way/1414215108","source":"OpenStreetMap","brand":"Bradford Markets"}},{"type":"Feature","geometry":{"type":"Point","coordinates":[-0.1236282,51.5307105]},"properties":{"name":"Real Food Market","layer":"marketplaces","note":"OpenStreetMap","osm_id":"way/1421182724","osm_url":"https://www.openstreetmap.org/way/1421182724","source":"OpenStreetMap"}},{"type":"Feature","geometry":{"type":"Point","coordinates":[-0.0924173,51.5014333]},"properties":{"name":"Tabard Street Food Market","layer":"marketplaces","note":"OpenStreetMap","osm_id":"way/1421183502","osm_url":"https://www.openstreetmap.org/way/1421183502","source":"OpenStreetMap"}},{"type":"Feature","geometry":{"type":"Point","coordinates":[-1.6149412,54.9728203]},"properties":{"name":"Grainger Market","layer":"marketplaces","note":"OpenStreetMap","osm_id":"way/142322455","osm_url":"https://www.openstreetmap.org/way/142322455","source":"OpenStreetMap"}},{"type":"Feature","geometry":{"type":"Point","coordinates":[-0.0615166,51.5368612]},"properties":{"name":"Broadway Market","layer":"marketplaces","note":"Hackney Council","osm_id":"way/1426032700","osm_url":"https://www.openstreetmap.org/way/1426032700","source":"OpenStreetMap","brand":"Hackney Council"}},{"type":"Feature","geometry":{"type":"Point","coordinates":[-0.0446587,51.5532437]},"properties":{"name":"Chatsworth Road Market","layer":"marketplaces","note":"Hackney Council","osm_id":"way/1426034582","osm_url":"https://www.openstreetmap.org/way/1426034582","source":"OpenStreetMap","brand":"Hackney Council"}},{"type":"Feature","geometry":{"type":"Point","coordinates":[-1.5370788,53.7972935]},"properties":{"name":"Leeds Kirkgate Market (Outdoor)","layer":"marketplaces","note":"OpenStreetMap","osm_id":"way/142724406","osm_url":"https://www.openstreetmap.org/way/142724406","source":"OpenStreetMap"}},{"type":"Feature","geometry":{"type":"Point","coordinates":[-0.0835691,51.5127295]},"properties":{"name":"Leadenhall Market","layer":"marketplaces","note":"OpenStreetMap","osm_id":"way/143113935","osm_url":"https://www.openstreetmap.org/way/143113935","source":"OpenStreetMap"}},{"type":"Feature","geometry":{"type":"Point","coordinates":[-0.10133,51.519338]},"properties":{"name":"Smithfield Market","layer":"marketplaces","note":"City of London Corporation","osm_id":"way/145477213","osm_url":"https://www.openstreetmap.org/way/145477213","source":"OpenStreetMap","brand":"City of London Corporation"}},{"type":"Feature","geometry":{"type":"Point","coordinates":[-1.6603032,53.7319657]},"properties":{"name":"Birstall Market Place","layer":"marketplaces","note":"OpenStreetMap","osm_id":"way/1455431986","osm_url":"https://www.openstreetmap.org/way/1455431986","source":"OpenStreetMap"}},{"type":"Feature","geometry":{"type":"Point","coordinates":[-4.3105591,53.254975]},"properties":{"name":"Llangefni Market","layer":"marketplaces","note":"OpenStreetMap","osm_id":"way/1457072946","osm_url":"https://www.openstreetmap.org/way/1457072946","source":"OpenStreetMap"}},{"type":"Feature","geometry":{"type":"Point","coordinates":[-6.272659,53.4046782]},"properties":{"name":"Buddy's Farmer Market","layer":"marketplaces","note":"Seed Potato Company","osm_id":"way/1459605537","osm_url":"https://www.openstreetmap.org/way/1459605537","source":"OpenStreetMap","brand":"Seed Potato Company"}},{"type":"Feature","geometry":{"type":"Point","coordinates":[-2.0168534,52.5036252]},"properties":{"name":"Oldbury Market","layer":"marketplaces","note":"SMBC","osm_id":"way/1464476690","osm_url":"https://www.openstreetmap.org/way/1464476690","source":"OpenStreetMap","brand":"SMBC"}},{"type":"Feature","geometry":{"type":"Point","coordinates":[-0.5886126,50.8167038]},"properties":{"name":"Ford Open Air Market","layer":"marketplaces","note":"OpenStreetMap","osm_id":"way/1466120265","osm_url":"https://www.openstreetmap.org/way/1466120265","source":"OpenStreetMap"}},{"type":"Feature","geometry":{"type":"Point","coordinates":[-6.4003781,52.4507977]},"properties":{"name":"Unyoke Market","layer":"marketplaces","note":"OpenStreetMap","osm_id":"way/1467068392","osm_url":"https://www.openstreetmap.org/way/1467068392","source":"OpenStreetMap"}},{"type":"Feature","geometry":{"type":"Point","coordinates":[0.259731,53.1603351]},"properties":{"name":"Burgh Field Carboot","layer":"marketplaces","note":"OpenStreetMap","osm_id":"way/1471462997","osm_url":"https://www.openstreetmap.org/way/1471462997","source":"OpenStreetMap"}},{"type":"Feature","geometry":{"type":"Point","coordinates":[1.0763423,51.2846464]},"properties":{"name":"The Goods Shed","layer":"marketplaces","note":"OpenStreetMap","osm_id":"way/147243560","osm_url":"https://www.openstreetmap.org/way/147243560","source":"OpenStreetMap"}},{"type":"Feature","geometry":{"type":"Point","coordinates":[-1.0869777,51.2625302]},"properties":{"name":"Market Place","layer":"marketplaces","note":"Basingstoke and Deane Borough Council","osm_id":"way/14846471","osm_url":"https://www.openstreetmap.org/way/14846471","source":"OpenStreetMap","brand":"Basingstoke and Deane Borough Council"}},{"type":"Feature","geometry":{"type":"Point","coordinates":[-1.4898347,51.7655992]},"properties":{"name":"Witney Car Boot Sale","layer":"marketplaces","note":"OpenStreetMap","osm_id":"way/1493654864","osm_url":"https://www.openstreetmap.org/way/1493654864","source":"OpenStreetMap"}},{"type":"Feature","geometry":{"type":"Point","coordinates":[-4.0827517,52.5890064]},"properties":{"name":"Tywyn Monday Market","layer":"marketplaces","note":"OpenStreetMap","osm_id":"way/1493703303","osm_url":"https://www.openstreetmap.org/way/1493703303","source":"OpenStreetMap"}},{"type":"Feature","geometry":{"type":"Point","coordinates":[-3.9448838,51.6193472]},"properties":{"name":"Swansea Market","layer":"marketplaces","note":"OpenStreetMap","osm_id":"way/1493808555","osm_url":"https://www.openstreetmap.org/way/1493808555","source":"OpenStreetMap"}},{"type":"Feature","geometry":{"type":"Point","coordinates":[-3.8538015,52.3737965]},"properties":{"name":"Devil's Bridge Livestock Market","layer":"marketplaces","note":"OpenStreetMap","osm_id":"way/1495266805","osm_url":"https://www.openstreetmap.org/way/1495266805","source":"OpenStreetMap"}},{"type":"Feature","geometry":{"type":"Point","coordinates":[-2.8424159,53.6028014]},"properties":{"name":"Burscough Wharf","layer":"marketplaces","note":"OpenStreetMap","osm_id":"way/1508129927","osm_url":"https://www.openstreetmap.org/way/1508129927","source":"OpenStreetMap"}},{"type":"Feature","geometry":{"type":"Point","coordinates":[-8.7438937,53.6179177]},"properties":{"name":"Marketplace","layer":"marketplaces","note":"OpenStreetMap","osm_id":"way/1523107900","osm_url":"https://www.openstreetmap.org/way/1523107900","source":"OpenStreetMap"}},{"type":"Feature","geometry":{"type":"Point","coordinates":[-1.7588363,53.7969167]},"properties":{"name":"The Bazaar","layer":"marketplaces","note":"OpenStreetMap","osm_id":"way/152323092","osm_url":"https://www.openstreetmap.org/way/152323092","source":"OpenStreetMap"}},{"type":"Feature","geometry":{"type":"Point","coordinates":[-4.1658283,50.3617154]},"properties":{"name":"arcade","layer":"marketplaces","note":"OpenStreetMap","osm_id":"way/1546914185","osm_url":"https://www.openstreetmap.org/way/1546914185","source":"OpenStreetMap"}},{"type":"Feature","geometry":{"type":"Point","coordinates":[-4.0743981,50.821872]},"properties":{"name":"Marketplace","layer":"marketplaces","note":"OpenStreetMap","osm_id":"way/1550611654","osm_url":"https://www.openstreetmap.org/way/1550611654","source":"OpenStreetMap"}},{"type":"Feature","geometry":{"type":"Point","coordinates":[-0.1140593,51.4623844]},"properties":{"name":"Electric Avenue","layer":"marketplaces","note":"OpenStreetMap","osm_id":"way/155062256","osm_url":"https://www.openstreetmap.org/way/155062256","source":"OpenStreetMap"}},{"type":"Feature","geometry":{"type":"Point","coordinates":[-5.9363026,54.5948147]},"properties":{"name":"Food Market","layer":"marketplaces","note":"OpenStreetMap","osm_id":"way/1552109474","osm_url":"https://www.openstreetmap.org/way/1552109474","source":"OpenStreetMap"}},{"type":"Feature","geometry":{"type":"Point","coordinates":[-0.0268926,51.4765345]},"properties":{"name":"Deptford Market","layer":"marketplaces","note":"Lewisham Council","osm_id":"way/156397315","osm_url":"https://www.openstreetmap.org/way/156397315","source":"OpenStreetMap","brand":"Lewisham Council"}},{"type":"Feature","geometry":{"type":"Point","coordinates":[-0.6440193,53.5912406]},"properties":{"name":"St Johns Market","layer":"marketplaces","note":"North Lincolnshire Council","osm_id":"way/157922327","osm_url":"https://www.openstreetmap.org/way/157922327","source":"OpenStreetMap","brand":"North Lincolnshire Council"}},{"type":"Feature","geometry":{"type":"Point","coordinates":[-0.4925343,53.552083]},"properties":{"name":"Brigg Farmers Market","layer":"marketplaces","note":"OpenStreetMap","osm_id":"way/158228768","osm_url":"https://www.openstreetmap.org/way/158228768","source":"OpenStreetMap"}},{"type":"Feature","geometry":{"type":"Point","coordinates":[-2.1671573,53.8568968]},"properties":{"name":"Colne Market Hall","layer":"marketplaces","note":"OpenStreetMap","osm_id":"way/158849257","osm_url":"https://www.openstreetmap.org/way/158849257","source":"OpenStreetMap"}},{"type":"Feature","geometry":{"type":"Point","coordinates":[-2.2137886,53.8363648]},"properties":{"name":"Pendle Rise","layer":"marketplaces","note":"OpenStreetMap","osm_id":"way/159511521","osm_url":"https://www.openstreetmap.org/way/159511521","source":"OpenStreetMap"}},{"type":"Feature","geometry":{"type":"Point","coordinates":[-2.5205405,53.0675719]},"properties":{"name":"Nantwich Market","layer":"marketplaces","note":"OpenStreetMap","osm_id":"way/159751025","osm_url":"https://www.openstreetmap.org/way/159751025","source":"OpenStreetMap"}},{"type":"Feature","geometry":{"type":"Point","coordinates":[-3.0065146,53.9239652]},"properties":{"name":"Fleetwood Market","layer":"marketplaces","note":"OpenStreetMap","osm_id":"way/160459195","osm_url":"https://www.openstreetmap.org/way/160459195","source":"OpenStreetMap"}},{"type":"Feature","geometry":{"type":"Point","coordinates":[-1.6315951,53.525503]},"properties":{"name":"Penistone Market","layer":"marketplaces","note":"OpenStreetMap","osm_id":"way/161221785","osm_url":"https://www.openstreetmap.org/way/161221785","source":"OpenStreetMap"}},{"type":"Feature","geometry":{"type":"Point","coordinates":[-7.4936443,53.7745528]},"properties":{"name":"Granard Farmers' Mart","layer":"marketplaces","note":"OpenStreetMap","osm_id":"way/161931504","osm_url":"https://www.openstreetmap.org/way/161931504","source":"OpenStreetMap"}},{"type":"Feature","geometry":{"type":"Point","coordinates":[-0.0753725,51.5195941]},"properties":{"name":"Old Spitalfields Market","layer":"marketplaces","note":"OpenStreetMap","osm_id":"way/16306646","osm_url":"https://www.openstreetmap.org/way/16306646","source":"OpenStreetMap"}},{"type":"Feature","geometry":{"type":"Point","coordinates":[-0.1477397,51.5423409]},"properties":{"name":"Camden Stables","layer":"marketplaces","note":"OpenStreetMap","osm_id":"way/163695685","osm_url":"https://www.openstreetmap.org/way/163695685","source":"OpenStreetMap"}},{"type":"Feature","geometry":{"type":"Point","coordinates":[-0.1160792,51.5054559]},"properties":{"name":"Southbank Centre Food Market","layer":"marketplaces","note":"OpenStreetMap","osm_id":"way/164405550","osm_url":"https://www.openstreetmap.org/way/164405550","source":"OpenStreetMap"}},{"type":"Feature","geometry":{"type":"Point","coordinates":[-4.7369645,50.3447805]},"properties":{"name":"Par Market","layer":"marketplaces","note":"OpenStreetMap","osm_id":"way/164433928","osm_url":"https://www.openstreetmap.org/way/164433928","source":"OpenStreetMap"}},{"type":"Feature","geometry":{"type":"Point","coordinates":[-0.4097197,52.9996142]},"properties":{"name":"Marketplace","layer":"marketplaces","note":"OpenStreetMap","osm_id":"way/165398378","osm_url":"https://www.openstreetmap.org/way/165398378","source":"OpenStreetMap"}},{"type":"Feature","geometry":{"type":"Point","coordinates":[-2.1042599,49.1848466]},"properties":{"name":"Central Market","layer":"marketplaces","note":"Government of Jersey","osm_id":"way/166365707","osm_url":"https://www.openstreetmap.org/way/166365707","source":"OpenStreetMap","brand":"Government of Jersey"}},{"type":"Feature","geometry":{"type":"Point","coordinates":[-2.0777196,51.9029902]},"properties":{"name":"Marketplace","layer":"marketplaces","note":"OpenStreetMap","osm_id":"way/167438835","osm_url":"https://www.openstreetmap.org/way/167438835","source":"OpenStreetMap"}},{"type":"Feature","geometry":{"type":"Point","coordinates":[-8.0390188,52.9443911]},"properties":{"name":"Market Square","layer":"marketplaces","note":"OpenStreetMap","osm_id":"way/168224120","osm_url":"https://www.openstreetmap.org/way/168224120","source":"OpenStreetMap"}},{"type":"Feature","geometry":{"type":"Point","coordinates":[-1.3682397,53.0793376]},"properties":{"name":"Somercotes Market Place","layer":"marketplaces","note":"OpenStreetMap","osm_id":"way/170608990","osm_url":"https://www.openstreetmap.org/way/170608990","source":"OpenStreetMap"}},{"type":"Feature","geometry":{"type":"Point","coordinates":[-3.0948147,54.1954888]},"properties":{"name":"Market Hall","layer":"marketplaces","note":"OpenStreetMap","osm_id":"way/171039387","osm_url":"https://www.openstreetmap.org/way/171039387","source":"OpenStreetMap"}},{"type":"Feature","geometry":{"type":"Point","coordinates":[0.6057999,51.5857141]},"properties":{"name":"Rayleigh Lanes","layer":"marketplaces","note":"OpenStreetMap","osm_id":"way/171471458","osm_url":"https://www.openstreetmap.org/way/171471458","source":"OpenStreetMap"}},{"type":"Feature","geometry":{"type":"Point","coordinates":[-2.1139235,53.5433184]},"properties":{"name":"Tommyfield Market","layer":"marketplaces","note":"OpenStreetMap","osm_id":"way/175766256","osm_url":"https://www.openstreetmap.org/way/175766256","source":"OpenStreetMap"}},{"type":"Feature","geometry":{"type":"Point","coordinates":[-8.7511465,53.2938402]},"properties":{"name":"Athenry Mart","layer":"marketplaces","note":"OpenStreetMap","osm_id":"way/178221956","osm_url":"https://www.openstreetmap.org/way/178221956","source":"OpenStreetMap"}},{"type":"Feature","geometry":{"type":"Point","coordinates":[-0.2260251,51.9799892]},"properties":{"name":"The Green House","layer":"marketplaces","note":"OpenStreetMap","osm_id":"way/178312271","osm_url":"https://www.openstreetmap.org/way/178312271","source":"OpenStreetMap"}},{"type":"Feature","geometry":{"type":"Point","coordinates":[-0.0334298,53.5659697]},"properties":{"name":"Wonderland Market","layer":"marketplaces","note":"OpenStreetMap","osm_id":"way/180432856","osm_url":"https://www.openstreetmap.org/way/180432856","source":"OpenStreetMap"}},{"type":"Feature","geometry":{"type":"Point","coordinates":[-8.2782979,52.1496703]},"properties":{"name":"Fermoy Mart","layer":"marketplaces","note":"OpenStreetMap","osm_id":"way/181998123","osm_url":"https://www.openstreetmap.org/way/181998123","source":"OpenStreetMap"}},{"type":"Feature","geometry":{"type":"Point","coordinates":[0.2280334,51.5056828]},"properties":{"name":"Willow Farm Car Boot Sale","layer":"marketplaces","note":"OpenStreetMap","osm_id":"way/182328723","osm_url":"https://www.openstreetmap.org/way/182328723","source":"OpenStreetMap"}},{"type":"Feature","geometry":{"type":"Point","coordinates":[-8.2210035,53.3296288]},"properties":{"name":"Marketplace","layer":"marketplaces","note":"OpenStreetMap","osm_id":"way/182387480","osm_url":"https://www.openstreetmap.org/way/182387480","source":"OpenStreetMap"}},{"type":"Feature","geometry":{"type":"Point","coordinates":[-2.8846581,53.5663897]},"properties":{"name":"Indoor Market","layer":"marketplaces","note":"OpenStreetMap","osm_id":"way/183437441","osm_url":"https://www.openstreetmap.org/way/183437441","source":"OpenStreetMap"}},{"type":"Feature","geometry":{"type":"Point","coordinates":[-0.1146258,51.4619307]},"properties":{"name":"Reliance Arcade","layer":"marketplaces","note":"OpenStreetMap","osm_id":"way/185764423","osm_url":"https://www.openstreetmap.org/way/185764423","source":"OpenStreetMap"}},{"type":"Feature","geometry":{"type":"Point","coordinates":[-0.1119956,51.4623919]},"properties":{"name":"Brixton Village","layer":"marketplaces","note":"OpenStreetMap","osm_id":"way/185778127","osm_url":"https://www.openstreetmap.org/way/185778127","source":"OpenStreetMap"}},{"type":"Feature","geometry":{"type":"Point","coordinates":[-0.1131849,51.4619708]},"properties":{"name":"Market Row","layer":"marketplaces","note":"OpenStreetMap","osm_id":"way/187715807","osm_url":"https://www.openstreetmap.org/way/187715807","source":"OpenStreetMap"}},{"type":"Feature","geometry":{"type":"Point","coordinates":[-2.7223138,52.8554027]},"properties":{"name":"Jubilee Square","layer":"marketplaces","note":"OpenStreetMap","osm_id":"way/188083487","osm_url":"https://www.openstreetmap.org/way/188083487","source":"OpenStreetMap"}},{"type":"Feature","geometry":{"type":"Point","coordinates":[-0.093296,51.5235459]},"properties":{"name":"Whitecross Street Market","layer":"marketplaces","note":"OpenStreetMap","osm_id":"way/189790343","osm_url":"https://www.openstreetmap.org/way/189790343","source":"OpenStreetMap"}},{"type":"Feature","geometry":{"type":"Point","coordinates":[-0.1092021,51.5257675]},"properties":{"name":"Exmouth Market","layer":"marketplaces","note":"OpenStreetMap","osm_id":"way/189889500","osm_url":"https://www.openstreetmap.org/way/189889500","source":"OpenStreetMap"}},{"type":"Feature","geometry":{"type":"Point","coordinates":[-1.2885054,53.5952441]},"properties":{"name":"South Elmsall Market","layer":"marketplaces","note":"Wakefield Council","osm_id":"way/190631272","osm_url":"https://www.openstreetmap.org/way/190631272","source":"OpenStreetMap","brand":"Wakefield Council"}},{"type":"Feature","geometry":{"type":"Point","coordinates":[-1.8931971,52.4763396]},"properties":{"name":"The Ring Open Market","layer":"marketplaces","note":"Birmingham City Council","osm_id":"way/191725370","osm_url":"https://www.openstreetmap.org/way/191725370","source":"OpenStreetMap","brand":"Birmingham City Council"}},{"type":"Feature","geometry":{"type":"Point","coordinates":[-9.2677924,51.5561549]},"properties":{"name":"Cork Marts Skibbereen","layer":"marketplaces","note":"Cork Co-operative Marts Limited","osm_id":"way/192275337","osm_url":"https://www.openstreetmap.org/way/192275337","source":"OpenStreetMap","brand":"Cork Co-operative Marts Limited"}},{"type":"Feature","geometry":{"type":"Point","coordinates":[1.2799476,51.9373964]},"properties":{"name":"Kingsway Plaza","layer":"marketplaces","note":"OpenStreetMap","osm_id":"way/198763990","osm_url":"https://www.openstreetmap.org/way/198763990","source":"OpenStreetMap"}},{"type":"Feature","geometry":{"type":"Point","coordinates":[-0.1767256,51.555543]},"properties":{"name":"Community Market","layer":"marketplaces","note":"OpenStreetMap","osm_id":"way/199398420","osm_url":"https://www.openstreetmap.org/way/199398420","source":"OpenStreetMap"}},{"type":"Feature","geometry":{"type":"Point","coordinates":[-0.2646693,51.6026838]},"properties":{"name":"Watling Market (disused)","layer":"marketplaces","note":"London Borough of Barnet","osm_id":"way/200034386","osm_url":"https://www.openstreetmap.org/way/200034386","source":"OpenStreetMap","brand":"London Borough of Barnet"}},{"type":"Feature","geometry":{"type":"Point","coordinates":[-7.7705317,54.8016695]},"properties":{"name":"Livestock Mart","layer":"marketplaces","note":"OpenStreetMap","osm_id":"way/200259719","osm_url":"https://www.openstreetmap.org/way/200259719","source":"OpenStreetMap"}},{"type":"Feature","geometry":{"type":"Point","coordinates":[-0.1016752,51.37347]},"properties":{"name":"Surrey Street","layer":"marketplaces","note":"OpenStreetMap","osm_id":"way/200340687","osm_url":"https://www.openstreetmap.org/way/200340687","source":"OpenStreetMap"}},{"type":"Feature","geometry":{"type":"Point","coordinates":[-1.9498305,53.4427945]},"properties":{"name":"Glossop Indoor Market","layer":"marketplaces","note":"OpenStreetMap","osm_id":"way/201272106","osm_url":"https://www.openstreetmap.org/way/201272106","source":"OpenStreetMap"}},{"type":"Feature","geometry":{"type":"Point","coordinates":[-2.0751407,52.1123958]},"properties":{"name":"Pershore Retail Market","layer":"marketplaces","note":"OpenStreetMap","osm_id":"way/202992829","osm_url":"https://www.openstreetmap.org/way/202992829","source":"OpenStreetMap"}},{"type":"Feature","geometry":{"type":"Point","coordinates":[-2.0771266,52.5647635]},"properties":{"name":"Bilston Market Centre","layer":"marketplaces","note":"OpenStreetMap","osm_id":"way/203282494","osm_url":"https://www.openstreetmap.org/way/203282494","source":"OpenStreetMap"}},{"type":"Feature","geometry":{"type":"Point","coordinates":[-0.0046269,51.5884974]},"properties":{"name":"Wood Street Market","layer":"marketplaces","note":"OpenStreetMap","osm_id":"way/205895206","osm_url":"https://www.openstreetmap.org/way/205895206","source":"OpenStreetMap"}},{"type":"Feature","geometry":{"type":"Point","coordinates":[-0.0768233,51.5198504]},"properties":{"name":"Spitalfields Market","layer":"marketplaces","note":"OpenStreetMap","osm_id":"way/208091528","osm_url":"https://www.openstreetmap.org/way/208091528","source":"OpenStreetMap"}},{"type":"Feature","geometry":{"type":"Point","coordinates":[-8.9009399,52.872226]},"properties":{"name":"Fair Green","layer":"marketplaces","note":"OpenStreetMap","osm_id":"way/208527392","osm_url":"https://www.openstreetmap.org/way/208527392","source":"OpenStreetMap"}},{"type":"Feature","geometry":{"type":"Point","coordinates":[-3.0512315,53.8184962]},"properties":{"name":"Abingdon Street Market","layer":"marketplaces","note":"OpenStreetMap","osm_id":"way/212865497","osm_url":"https://www.openstreetmap.org/way/212865497","source":"OpenStreetMap"}},{"type":"Feature","geometry":{"type":"Point","coordinates":[-2.103296,49.1856001]},"properties":{"name":"Fish Market","layer":"marketplaces","note":"OpenStreetMap","osm_id":"way/213213614","osm_url":"https://www.openstreetmap.org/way/213213614","source":"OpenStreetMap"}},{"type":"Feature","geometry":{"type":"Point","coordinates":[-0.5391538,53.227986]},"properties":{"name":"Cornhill Market","layer":"marketplaces","note":"OpenStreetMap","osm_id":"way/214291759","osm_url":"https://www.openstreetmap.org/way/214291759","source":"OpenStreetMap"}},{"type":"Feature","geometry":{"type":"Point","coordinates":[-3.0546827,53.8210102]},"properties":{"name":"Springfield Market","layer":"marketplaces","note":"OpenStreetMap","osm_id":"way/214414884","osm_url":"https://www.openstreetmap.org/way/214414884","source":"OpenStreetMap"}},{"type":"Feature","geometry":{"type":"Point","coordinates":[-1.2515154,52.5429069]},"properties":{"name":"Croft Car Boot Sale","layer":"marketplaces","note":"OpenStreetMap","osm_id":"way/214789487","osm_url":"https://www.openstreetmap.org/way/214789487","source":"OpenStreetMap"}},{"type":"Feature","geometry":{"type":"Point","coordinates":[-1.2707127,52.5988969]},"properties":{"name":"A47 Car Boot Sale","layer":"marketplaces","note":"OpenStreetMap","osm_id":"way/214790943","osm_url":"https://www.openstreetmap.org/way/214790943","source":"OpenStreetMap"}},{"type":"Feature","geometry":{"type":"Point","coordinates":[-1.3705166,52.7238969]},"properties":{"name":"Coalville Market (Closed)","layer":"marketplaces","note":"OpenStreetMap","osm_id":"way/215390219","osm_url":"https://www.openstreetmap.org/way/215390219","source":"OpenStreetMap"}},{"type":"Feature","geometry":{"type":"Point","coordinates":[-1.1326557,53.5245988]},"properties":{"name":"Corn Exchange","layer":"marketplaces","note":"OpenStreetMap","osm_id":"way/215470976","osm_url":"https://www.openstreetmap.org/way/215470976","source":"OpenStreetMap"}},{"type":"Feature","geometry":{"type":"Point","coordinates":[0.3919018,51.588946]},"properties":{"name":"Dunton Boot Sale","layer":"marketplaces","note":"OpenStreetMap","osm_id":"way/215990957","osm_url":"https://www.openstreetmap.org/way/215990957","source":"OpenStreetMap"}},{"type":"Feature","geometry":{"type":"Point","coordinates":[0.9950913,52.1876918]},"properties":{"name":"Marketplace","layer":"marketplaces","note":"OpenStreetMap","osm_id":"way/216993672","osm_url":"https://www.openstreetmap.org/way/216993672","source":"OpenStreetMap"}},{"type":"Feature","geometry":{"type":"Point","coordinates":[-2.2114082,53.5114183]},"properties":{"name":"Harpurhey Market","layer":"marketplaces","note":"OpenStreetMap","osm_id":"way/219091487","osm_url":"https://www.openstreetmap.org/way/219091487","source":"OpenStreetMap"}},{"type":"Feature","geometry":{"type":"Point","coordinates":[-2.2940357,53.5921196]},"properties":{"name":"Bury Indoor Market","layer":"marketplaces","note":"OpenStreetMap","osm_id":"way/219498513","osm_url":"https://www.openstreetmap.org/way/219498513","source":"OpenStreetMap"}},{"type":"Feature","geometry":{"type":"Point","coordinates":[-2.0222209,52.5522595]},"properties":{"name":"Wednesbury Outdoor Market","layer":"marketplaces","note":"Sandwell MBC","osm_id":"way/219869506","osm_url":"https://www.openstreetmap.org/way/219869506","source":"OpenStreetMap","brand":"Sandwell MBC"}},{"type":"Feature","geometry":{"type":"Point","coordinates":[-4.9270983,56.2721878]},"properties":{"name":"Loch Fyne Farm Shop","layer":"marketplaces","note":"OpenStreetMap","osm_id":"way/224247930","osm_url":"https://www.openstreetmap.org/way/224247930","source":"OpenStreetMap"}},{"type":"Feature","geometry":{"type":"Point","coordinates":[-2.2229369,52.1930732]},"properties":{"name":"Angel Place","layer":"marketplaces","note":"OpenStreetMap","osm_id":"way/224991468","osm_url":"https://www.openstreetmap.org/way/224991468","source":"OpenStreetMap"}},{"type":"Feature","geometry":{"type":"Point","coordinates":[0.3353575,53.1942368]},"properties":{"name":"Ingoldmells Market","layer":"marketplaces","note":"OpenStreetMap","osm_id":"way/230900004","osm_url":"https://www.openstreetmap.org/way/230900004","source":"OpenStreetMap"}},{"type":"Feature","geometry":{"type":"Point","coordinates":[-0.2645882,51.4927912]},"properties":{"name":"Marketplace","layer":"marketplaces","note":"OpenStreetMap","osm_id":"way/23123610","osm_url":"https://www.openstreetmap.org/way/23123610","source":"OpenStreetMap"}},{"type":"Feature","geometry":{"type":"Point","coordinates":[-1.5389183,53.7971785]},"properties":{"name":"Leeds Kirkgate Market (Indoor)","layer":"marketplaces","note":"OpenStreetMap","osm_id":"way/23150505","osm_url":"https://www.openstreetmap.org/way/23150505","source":"OpenStreetMap"}},{"type":"Feature","geometry":{"type":"Point","coordinates":[-8.0396747,52.9458392]},"properties":{"name":"An Corran","layer":"marketplaces","note":"OpenStreetMap","osm_id":"way/233728074","osm_url":"https://www.openstreetmap.org/way/233728074","source":"OpenStreetMap"}},{"type":"Feature","geometry":{"type":"Point","coordinates":[0.3706022,51.4433396]},"properties":{"name":"Marketplace","layer":"marketplaces","note":"OpenStreetMap","osm_id":"way/233893162","osm_url":"https://www.openstreetmap.org/way/233893162","source":"OpenStreetMap"}},{"type":"Feature","geometry":{"type":"Point","coordinates":[-0.1087098,51.5335036]},"properties":{"name":"Chapel Market","layer":"marketplaces","note":"OpenStreetMap","osm_id":"way/239435039","osm_url":"https://www.openstreetmap.org/way/239435039","source":"OpenStreetMap"}},{"type":"Feature","geometry":{"type":"Point","coordinates":[-1.8954051,52.4759204]},"properties":{"name":"Birmingham Indoor Market","layer":"marketplaces","note":"Birmingham City Council","osm_id":"way/23975772","osm_url":"https://www.openstreetmap.org/way/23975772","source":"OpenStreetMap","brand":"Birmingham City Council"}},{"type":"Feature","geometry":{"type":"Point","coordinates":[-1.8990368,52.4354802]},"properties":{"name":"Deemas Fashion","layer":"marketplaces","note":"OpenStreetMap","osm_id":"way/239781609","osm_url":"https://www.openstreetmap.org/way/239781609","source":"OpenStreetMap"}},{"type":"Feature","geometry":{"type":"Point","coordinates":[0.470157,51.7335489]},"properties":{"name":"Chelmsford Market","layer":"marketplaces","note":"OpenStreetMap","osm_id":"way/240642779","osm_url":"https://www.openstreetmap.org/way/240642779","source":"OpenStreetMap"}},{"type":"Feature","geometry":{"type":"Point","coordinates":[-4.1530563,50.3700001]},"properties":{"name":"The Plot","layer":"marketplaces","note":"Nudge","osm_id":"way/240949214","osm_url":"https://www.openstreetmap.org/way/240949214","source":"OpenStreetMap","brand":"Nudge"}},{"type":"Feature","geometry":{"type":"Point","coordinates":[-3.031372,52.2032911]},"properties":{"name":"Market Hall","layer":"marketplaces","note":"OpenStreetMap","osm_id":"way/241672860","osm_url":"https://www.openstreetmap.org/way/241672860","source":"OpenStreetMap"}},{"type":"Feature","geometry":{"type":"Point","coordinates":[-1.9692201,52.476381]},"properties":{"name":"Bearwood Indoor Market","layer":"marketplaces","note":"OpenStreetMap","osm_id":"way/242516654","osm_url":"https://www.openstreetmap.org/way/242516654","source":"OpenStreetMap"}},{"type":"Feature","geometry":{"type":"Point","coordinates":[-0.0903102,51.5055884]},"properties":{"name":"Borough Market","layer":"marketplaces","note":"OpenStreetMap","osm_id":"way/24282400","osm_url":"https://www.openstreetmap.org/way/24282400","source":"OpenStreetMap"}},{"type":"Feature","geometry":{"type":"Point","coordinates":[-0.1237328,51.5242502]},"properties":{"name":"Brunswick Saturday Food Market","layer":"marketplaces","note":"OpenStreetMap","osm_id":"way/245207528","osm_url":"https://www.openstreetmap.org/way/245207528","source":"OpenStreetMap"}},{"type":"Feature","geometry":{"type":"Point","coordinates":[-1.6285388,53.693275]},"properties":{"name":"Dewsbury Market","layer":"marketplaces","note":"OpenStreetMap","osm_id":"way/24524766","osm_url":"https://www.openstreetmap.org/way/24524766","source":"OpenStreetMap"}},{"type":"Feature","geometry":{"type":"Point","coordinates":[-1.4729679,53.3753259]},"properties":{"name":"The Moor Market","layer":"marketplaces","note":"OpenStreetMap","osm_id":"way/245813496","osm_url":"https://www.openstreetmap.org/way/245813496","source":"OpenStreetMap"}},{"type":"Feature","geometry":{"type":"Point","coordinates":[-0.2041236,51.6560269]},"properties":{"name":"Barnet Market","layer":"marketplaces","note":"OpenStreetMap","osm_id":"way/24677086","osm_url":"https://www.openstreetmap.org/way/24677086","source":"OpenStreetMap"}},{"type":"Feature","geometry":{"type":"Point","coordinates":[-7.3255638,54.1307944]},"properties":{"name":"Clogher Market (Saturdays Only)","layer":"marketplaces","note":"OpenStreetMap","osm_id":"way/247198168","osm_url":"https://www.openstreetmap.org/way/247198168","source":"OpenStreetMap"}},{"type":"Feature","geometry":{"type":"Point","coordinates":[-7.865133,53.9219966]},"properties":{"name":"Country Market","layer":"marketplaces","note":"OpenStreetMap","osm_id":"way/248347053","osm_url":"https://www.openstreetmap.org/way/248347053","source":"OpenStreetMap"}},{"type":"Feature","geometry":{"type":"Point","coordinates":[-3.235448,53.3032364]},"properties":{"name":"Solitare","layer":"marketplaces","note":"OpenStreetMap","osm_id":"way/249136571","osm_url":"https://www.openstreetmap.org/way/249136571","source":"OpenStreetMap"}},{"type":"Feature","geometry":{"type":"Point","coordinates":[-2.2439364,53.7901993]},"properties":{"name":"Burnley Market Hall","layer":"marketplaces","note":"OpenStreetMap","osm_id":"way/252880977","osm_url":"https://www.openstreetmap.org/way/252880977","source":"OpenStreetMap"}},{"type":"Feature","geometry":{"type":"Point","coordinates":[-2.7240132,53.3685905]},"properties":{"name":"Widnes Market","layer":"marketplaces","note":"OpenStreetMap","osm_id":"way/25515239","osm_url":"https://www.openstreetmap.org/way/25515239","source":"OpenStreetMap"}},{"type":"Feature","geometry":{"type":"Point","coordinates":[-2.2887436,53.4880598]},"properties":{"name":"Salford Market","layer":"marketplaces","note":"OpenStreetMap","osm_id":"way/256508385","osm_url":"https://www.openstreetmap.org/way/256508385","source":"OpenStreetMap"}},{"type":"Feature","geometry":{"type":"Point","coordinates":[-0.0090449,51.4815833]},"properties":{"name":"Greenwich Market","layer":"marketplaces","note":"OpenStreetMap","osm_id":"way/25696035","osm_url":"https://www.openstreetmap.org/way/25696035","source":"OpenStreetMap"}},{"type":"Feature","geometry":{"type":"Point","coordinates":[-2.2097163,53.0585251]},"properties":{"name":"Tunstall Market","layer":"marketplaces","note":"Stoke-on-Trent City Council","osm_id":"way/258575697","osm_url":"https://www.openstreetmap.org/way/258575697","source":"OpenStreetMap","brand":"Stoke-on-Trent City Council"}},{"type":"Feature","geometry":{"type":"Point","coordinates":[-1.4286842,53.2354469]},"properties":{"name":"Market Place","layer":"marketplaces","note":"Chesterfield Borough Council","osm_id":"way/25941104","osm_url":"https://www.openstreetmap.org/way/25941104","source":"OpenStreetMap","brand":"Chesterfield Borough Council"}},{"type":"Feature","geometry":{"type":"Point","coordinates":[-5.9220175,54.5958881]},"properties":{"name":"Saint George's Market","layer":"marketplaces","note":"Belfast City Council","osm_id":"way/26342055","osm_url":"https://www.openstreetmap.org/way/26342055","source":"OpenStreetMap","brand":"Belfast City Council"}},{"type":"Feature","geometry":{"type":"Point","coordinates":[-4.3022205,55.8710508]},"properties":{"name":"Glasgow Farmers Market","layer":"marketplaces","note":"OpenStreetMap","osm_id":"way/265053284","osm_url":"https://www.openstreetmap.org/way/265053284","source":"OpenStreetMap"}},{"type":"Feature","geometry":{"type":"Point","coordinates":[-0.1012933,51.3728859]},"properties":{"name":"Surrey Street","layer":"marketplaces","note":"OpenStreetMap","osm_id":"way/26595774","osm_url":"https://www.openstreetmap.org/way/26595774","source":"OpenStreetMap"}},{"type":"Feature","geometry":{"type":"Point","coordinates":[-2.3667295,51.3815369]},"properties":{"name":"Bath Farmers Market","layer":"marketplaces","note":"OpenStreetMap","osm_id":"way/26751795","osm_url":"https://www.openstreetmap.org/way/26751795","source":"OpenStreetMap"}},{"type":"Feature","geometry":{"type":"Point","coordinates":[-2.9769249,53.393056]},"properties":{"name":"Red Brick Market","layer":"marketplaces","note":"OpenStreetMap","osm_id":"way/269192897","osm_url":"https://www.openstreetmap.org/way/269192897","source":"OpenStreetMap"}},{"type":"Feature","geometry":{"type":"Point","coordinates":[-1.1329502,53.5243882]},"properties":{"name":"Indoor Market","layer":"marketplaces","note":"OpenStreetMap","osm_id":"way/269992729","osm_url":"https://www.openstreetmap.org/way/269992729","source":"OpenStreetMap"}},{"type":"Feature","geometry":{"type":"Point","coordinates":[-0.0713789,51.5212997]},"properties":{"name":"The Tea Rooms","layer":"marketplaces","note":"OpenStreetMap","osm_id":"way/270430223","osm_url":"https://www.openstreetmap.org/way/270430223","source":"OpenStreetMap"}},{"type":"Feature","geometry":{"type":"Point","coordinates":[0.4822707,50.9178419]},"properties":{"name":"Market Square","layer":"marketplaces","note":"OpenStreetMap","osm_id":"way/270591883","osm_url":"https://www.openstreetmap.org/way/270591883","source":"OpenStreetMap"}},{"type":"Feature","geometry":{"type":"Point","coordinates":[-2.8080326,52.5384837]},"properties":{"name":"The Square","layer":"marketplaces","note":"OpenStreetMap","osm_id":"way/27113139","osm_url":"https://www.openstreetmap.org/way/27113139","source":"OpenStreetMap"}},{"type":"Feature","geometry":{"type":"Point","coordinates":[-0.10082,51.3721428]},"properties":{"name":"Surrey Street","layer":"marketplaces","note":"OpenStreetMap","osm_id":"way/271880230","osm_url":"https://www.openstreetmap.org/way/271880230","source":"OpenStreetMap"}},{"type":"Feature","geometry":{"type":"Point","coordinates":[-2.0855782,54.6219912]},"properties":{"name":"Middleton-In-Teesdale Auction Mart","layer":"marketplaces","note":"Hetherington & Hetherington","osm_id":"way/272736150","osm_url":"https://www.openstreetmap.org/way/272736150","source":"OpenStreetMap","brand":"Hetherington & Hetherington"}},{"type":"Feature","geometry":{"type":"Point","coordinates":[1.292856,52.6284396]},"properties":{"name":"Norwich Market","layer":"marketplaces","note":"Norwich City Council","osm_id":"way/27303588","osm_url":"https://www.openstreetmap.org/way/27303588","source":"OpenStreetMap","brand":"Norwich City Council"}},{"type":"Feature","geometry":{"type":"Point","coordinates":[-2.3252488,53.5584649]},"properties":{"name":"Radcliffe Market","layer":"marketplaces","note":"OpenStreetMap","osm_id":"way/274456830","osm_url":"https://www.openstreetmap.org/way/274456830","source":"OpenStreetMap"}},{"type":"Feature","geometry":{"type":"Point","coordinates":[-2.3520439,53.3873334]},"properties":{"name":"Altrincham Market","layer":"marketplaces","note":"OpenStreetMap","osm_id":"way/27599130","osm_url":"https://www.openstreetmap.org/way/27599130","source":"OpenStreetMap"}},{"type":"Feature","geometry":{"type":"Point","coordinates":[-1.3520816,53.7257297]},"properties":{"name":"Castleford Market Hall","layer":"marketplaces","note":"Wakefield Council","osm_id":"way/27845086","osm_url":"https://www.openstreetmap.org/way/27845086","source":"OpenStreetMap","brand":"Wakefield Council"}},{"type":"Feature","geometry":{"type":"Point","coordinates":[-2.1477707,52.4568565]},"properties":{"name":"Smith Fields Market","layer":"marketplaces","note":"OpenStreetMap","osm_id":"way/27853282","osm_url":"https://www.openstreetmap.org/way/27853282","source":"OpenStreetMap"}},{"type":"Feature","geometry":{"type":"Point","coordinates":[-2.1566317,53.4115016]},"properties":{"name":"Stockport Market","layer":"marketplaces","note":"OpenStreetMap","osm_id":"way/28028583","osm_url":"https://www.openstreetmap.org/way/28028583","source":"OpenStreetMap"}},{"type":"Feature","geometry":{"type":"Point","coordinates":[-0.6935948,52.3020022]},"properties":{"name":"Market Square","layer":"marketplaces","note":"OpenStreetMap","osm_id":"way/280309493","osm_url":"https://www.openstreetmap.org/way/280309493","source":"OpenStreetMap"}},{"type":"Feature","geometry":{"type":"Point","coordinates":[-1.4303379,53.235486]},"properties":{"name":"New Square","layer":"marketplaces","note":"Chesterfield Borough Council","osm_id":"way/282681694","osm_url":"https://www.openstreetmap.org/way/282681694","source":"OpenStreetMap","brand":"Chesterfield Borough Council"}},{"type":"Feature","geometry":{"type":"Point","coordinates":[-1.7620257,54.082808]},"properties":{"name":"Pateley Livestock Market","layer":"marketplaces","note":"OpenStreetMap","osm_id":"way/283072120","osm_url":"https://www.openstreetmap.org/way/283072120","source":"OpenStreetMap"}},{"type":"Feature","geometry":{"type":"Point","coordinates":[-1.9396736,52.3056667]},"properties":{"name":"Redditch Market","layer":"marketplaces","note":"OpenStreetMap","osm_id":"way/286776603","osm_url":"https://www.openstreetmap.org/way/286776603","source":"OpenStreetMap"}},{"type":"Feature","geometry":{"type":"Point","coordinates":[0.8735164,52.2301644]},"properties":{"name":"Woolpit Sunday Market","layer":"marketplaces","note":"OpenStreetMap","osm_id":"way/289019440","osm_url":"https://www.openstreetmap.org/way/289019440","source":"OpenStreetMap"}},{"type":"Feature","geometry":{"type":"Point","coordinates":[-3.9779476,55.8665769]},"properties":{"name":"Market Square","layer":"marketplaces","note":"OpenStreetMap","osm_id":"way/290295741","osm_url":"https://www.openstreetmap.org/way/290295741","source":"OpenStreetMap"}},{"type":"Feature","geometry":{"type":"Point","coordinates":[-1.1465147,52.9563795]},"properties":{"name":"Victoria Centre Market","layer":"marketplaces","note":"OpenStreetMap","osm_id":"way/290814195","osm_url":"https://www.openstreetmap.org/way/290814195","source":"OpenStreetMap"}},{"type":"Feature","geometry":{"type":"Point","coordinates":[-1.7961271,51.068712]},"properties":{"name":"Marketplace","layer":"marketplaces","note":"OpenStreetMap","osm_id":"way/291585761","osm_url":"https://www.openstreetmap.org/way/291585761","source":"OpenStreetMap"}},{"type":"Feature","geometry":{"type":"Point","coordinates":[-3.657545,50.791253]},"properties":{"name":"Town Square","layer":"marketplaces","note":"OpenStreetMap","osm_id":"way/29289884","osm_url":"https://www.openstreetmap.org/way/29289884","source":"OpenStreetMap"}},{"type":"Feature","geometry":{"type":"Point","coordinates":[-0.2788147,51.9474327]},"properties":{"name":"Market Place","layer":"marketplaces","note":"OpenStreetMap","osm_id":"way/29424236","osm_url":"https://www.openstreetmap.org/way/29424236","source":"OpenStreetMap"}},{"type":"Feature","geometry":{"type":"Point","coordinates":[-0.3965333,54.2837412]},"properties":{"name":"Market Hall and Market Vaults","layer":"marketplaces","note":"Scarborough Borough Council","osm_id":"way/295655261","osm_url":"https://www.openstreetmap.org/way/295655261","source":"OpenStreetMap","brand":"Scarborough Borough Council"}},{"type":"Feature","geometry":{"type":"Point","coordinates":[-2.1362344,52.9889395]},"properties":{"name":"Longton Indoor Market","layer":"marketplaces","note":"OpenStreetMap","osm_id":"way/296182010","osm_url":"https://www.openstreetmap.org/way/296182010","source":"OpenStreetMap"}},{"type":"Feature","geometry":{"type":"Point","coordinates":[-2.0343846,52.5306697]},"properties":{"name":"Great Bridge Outdoor Market","layer":"marketplaces","note":"OpenStreetMap","osm_id":"way/296476949","osm_url":"https://www.openstreetmap.org/way/296476949","source":"OpenStreetMap"}},{"type":"Feature","geometry":{"type":"Point","coordinates":[-1.1336221,52.6346975]},"properties":{"name":"Leicester Market Food Hall","layer":"marketplaces","note":"OpenStreetMap","osm_id":"way/296525801","osm_url":"https://www.openstreetmap.org/way/296525801","source":"OpenStreetMap"}},{"type":"Feature","geometry":{"type":"Point","coordinates":[-8.4914645,53.76938]},"properties":{"name":"Castlerea Mart","layer":"marketplaces","note":"OpenStreetMap","osm_id":"way/297179981","osm_url":"https://www.openstreetmap.org/way/297179981","source":"OpenStreetMap"}},{"type":"Feature","geometry":{"type":"Point","coordinates":[-1.633745,53.7139025]},"properties":{"name":"Marketplace","layer":"marketplaces","note":"OpenStreetMap","osm_id":"way/300078825","osm_url":"https://www.openstreetmap.org/way/300078825","source":"OpenStreetMap"}},{"type":"Feature","geometry":{"type":"Point","coordinates":[-0.0475254,51.5287154]},"properties":{"name":"Globe Town Market Square","layer":"marketplaces","note":"OpenStreetMap","osm_id":"way/302158533","osm_url":"https://www.openstreetmap.org/way/302158533","source":"OpenStreetMap"}},{"type":"Feature","geometry":{"type":"Point","coordinates":[-1.7817649,53.6493108]},"properties":{"name":"Huddersfield Open Market","layer":"marketplaces","note":"Kirklees Council","osm_id":"way/30322543","osm_url":"https://www.openstreetmap.org/way/30322543","source":"OpenStreetMap","brand":"Kirklees Council"}},{"type":"Feature","geometry":{"type":"Point","coordinates":[-0.1180036,51.5582187]},"properties":{"name":"Nags Head Market","layer":"marketplaces","note":"OpenStreetMap","osm_id":"way/30476618","osm_url":"https://www.openstreetmap.org/way/30476618","source":"OpenStreetMap"}},{"type":"Feature","geometry":{"type":"Point","coordinates":[-4.5743351,50.662776]},"properties":{"name":"Hallworthy Stockyard","layer":"marketplaces","note":"OpenStreetMap","osm_id":"way/305331645","osm_url":"https://www.openstreetmap.org/way/305331645","source":"OpenStreetMap"}},{"type":"Feature","geometry":{"type":"Point","coordinates":[0.0108625,51.5166926]},"properties":{"name":"Rathbone Market","layer":"marketplaces","note":"OpenStreetMap","osm_id":"way/306742433","osm_url":"https://www.openstreetmap.org/way/306742433","source":"OpenStreetMap"}},{"type":"Feature","geometry":{"type":"Point","coordinates":[-0.058638,51.53757]},"properties":{"name":"Netil Market","layer":"marketplaces","note":"Eat Work Art","osm_id":"way/307594674","osm_url":"https://www.openstreetmap.org/way/307594674","source":"OpenStreetMap","brand":"Eat Work Art"}},{"type":"Feature","geometry":{"type":"Point","coordinates":[-6.2270186,53.3519223]},"properties":{"name":"Merchants Market","layer":"marketplaces","note":"OpenStreetMap","osm_id":"way/312033249","osm_url":"https://www.openstreetmap.org/way/312033249","source":"OpenStreetMap"}},{"type":"Feature","geometry":{"type":"Point","coordinates":[0.471431,50.8403514]},"properties":{"name":"Bexhill Indoor Market","layer":"marketplaces","note":"OpenStreetMap","osm_id":"way/313477173","osm_url":"https://www.openstreetmap.org/way/313477173","source":"OpenStreetMap"}},{"type":"Feature","geometry":{"type":"Point","coordinates":[-1.1848178,50.9003335]},"properties":{"name":"Chesapeake Mill","layer":"marketplaces","note":"OpenStreetMap","osm_id":"way/314828808","osm_url":"https://www.openstreetmap.org/way/314828808","source":"OpenStreetMap"}},{"type":"Feature","geometry":{"type":"Point","coordinates":[-2.5285895,53.1908917]},"properties":{"name":"Winsford Indoor Market","layer":"marketplaces","note":"OpenStreetMap","osm_id":"way/317019654","osm_url":"https://www.openstreetmap.org/way/317019654","source":"OpenStreetMap"}},{"type":"Feature","geometry":{"type":"Point","coordinates":[-2.5133887,53.260994]},"properties":{"name":"Northwich Indoor Market","layer":"marketplaces","note":"Cheshire West and Chester Council","osm_id":"way/317070276","osm_url":"https://www.openstreetmap.org/way/317070276","source":"OpenStreetMap","brand":"Cheshire West and Chester Council"}},{"type":"Feature","geometry":{"type":"Point","coordinates":[-0.1986894,53.7410761]},"properties":{"name":"Marketplace","layer":"marketplaces","note":"OpenStreetMap","osm_id":"way/319264040","osm_url":"https://www.openstreetmap.org/way/319264040","source":"OpenStreetMap"}},{"type":"Feature","geometry":{"type":"Point","coordinates":[-2.3935796,53.8725366]},"properties":{"name":"Clitheroe Market","layer":"marketplaces","note":"OpenStreetMap","osm_id":"way/32133883","osm_url":"https://www.openstreetmap.org/way/32133883","source":"OpenStreetMap"}},{"type":"Feature","geometry":{"type":"Point","coordinates":[-0.0730727,51.5481428]},"properties":{"name":"Ridley Road Market","layer":"marketplaces","note":"Hackney Council","osm_id":"way/321722646","osm_url":"https://www.openstreetmap.org/way/321722646","source":"OpenStreetMap","brand":"Hackney Council"}},{"type":"Feature","geometry":{"type":"Point","coordinates":[-0.2766884,51.947289]},"properties":{"name":"Hitchin Market","layer":"marketplaces","note":"OpenStreetMap","osm_id":"way/32205542","osm_url":"https://www.openstreetmap.org/way/32205542","source":"OpenStreetMap"}},{"type":"Feature","geometry":{"type":"Point","coordinates":[-2.4398106,50.7101577]},"properties":{"name":"Dorchester Market","layer":"marketplaces","note":"OpenStreetMap","osm_id":"way/323844998","osm_url":"https://www.openstreetmap.org/way/323844998","source":"OpenStreetMap"}},{"type":"Feature","geometry":{"type":"Point","coordinates":[-2.8988194,53.2785196]},"properties":{"name":"Ellesmere Port Indoor Market","layer":"marketplaces","note":"OpenStreetMap","osm_id":"way/326345677","osm_url":"https://www.openstreetmap.org/way/326345677","source":"OpenStreetMap"}},{"type":"Feature","geometry":{"type":"Point","coordinates":[-3.4878003,50.9036775]},"properties":{"name":"Panier market","layer":"marketplaces","note":"OpenStreetMap","osm_id":"way/330217820","osm_url":"https://www.openstreetmap.org/way/330217820","source":"OpenStreetMap"}},{"type":"Feature","geometry":{"type":"Point","coordinates":[-3.4873313,50.9036107]},"properties":{"name":"Marketplace","layer":"marketplaces","note":"OpenStreetMap","osm_id":"way/330217821","osm_url":"https://www.openstreetmap.org/way/330217821","source":"OpenStreetMap"}},{"type":"Feature","geometry":{"type":"Point","coordinates":[-3.4875713,50.9036447]},"properties":{"name":"Pannier Market","layer":"marketplaces","note":"OpenStreetMap","osm_id":"way/330217822","osm_url":"https://www.openstreetmap.org/way/330217822","source":"OpenStreetMap"}},{"type":"Feature","geometry":{"type":"Point","coordinates":[-1.572802,53.0809805]},"properties":{"name":"Memorial Gardens","layer":"marketplaces","note":"OpenStreetMap","osm_id":"way/330650485","osm_url":"https://www.openstreetmap.org/way/330650485","source":"OpenStreetMap"}},{"type":"Feature","geometry":{"type":"Point","coordinates":[-1.5604702,53.1218868]},"properties":{"name":"Matlock Bath Indoor Market","layer":"marketplaces","note":"OpenStreetMap","osm_id":"way/330684523","osm_url":"https://www.openstreetmap.org/way/330684523","source":"OpenStreetMap"}},{"type":"Feature","geometry":{"type":"Point","coordinates":[-1.4758336,52.9225048]},"properties":{"name":"Market Hall","layer":"marketplaces","note":"Derby City Council","osm_id":"way/33201951","osm_url":"https://www.openstreetmap.org/way/33201951","source":"OpenStreetMap","brand":"Derby City Council"}},{"type":"Feature","geometry":{"type":"Point","coordinates":[-1.4763148,52.9223214]},"properties":{"name":"Fish Market","layer":"marketplaces","note":"Derby City Council","osm_id":"way/33202521","osm_url":"https://www.openstreetmap.org/way/33202521","source":"OpenStreetMap","brand":"Derby City Council"}},{"type":"Feature","geometry":{"type":"Point","coordinates":[-1.6004432,53.7454867]},"properties":{"name":"Morley Market","layer":"marketplaces","note":"OpenStreetMap","osm_id":"way/33504258","osm_url":"https://www.openstreetmap.org/way/33504258","source":"OpenStreetMap"}},{"type":"Feature","geometry":{"type":"Point","coordinates":[-1.1968628,53.0006875]},"properties":{"name":"Market Place","layer":"marketplaces","note":"OpenStreetMap","osm_id":"way/33743964","osm_url":"https://www.openstreetmap.org/way/33743964","source":"OpenStreetMap"}},{"type":"Feature","geometry":{"type":"Point","coordinates":[-4.1437169,50.5502362]},"properties":{"name":"Tavistock Pannier Market","layer":"marketplaces","note":"OpenStreetMap","osm_id":"way/337967834","osm_url":"https://www.openstreetmap.org/way/337967834","source":"OpenStreetMap"}},{"type":"Feature","geometry":{"type":"Point","coordinates":[-1.3466085,54.8518665]},"properties":{"name":"Seaham Car Boot Sale","layer":"marketplaces","note":"OpenStreetMap","osm_id":"way/339568105","osm_url":"https://www.openstreetmap.org/way/339568105","source":"OpenStreetMap"}},{"type":"Feature","geometry":{"type":"Point","coordinates":[-3.1486205,52.6607106]},"properties":{"name":"Welshpool Market","layer":"marketplaces","note":"OpenStreetMap","osm_id":"way/339971596","osm_url":"https://www.openstreetmap.org/way/339971596","source":"OpenStreetMap"}},{"type":"Feature","geometry":{"type":"Point","coordinates":[-4.5026521,52.110333]},"properties":{"name":"Beulah Car Boot","layer":"marketplaces","note":"OpenStreetMap","osm_id":"way/343954860","osm_url":"https://www.openstreetmap.org/way/343954860","source":"OpenStreetMap"}},{"type":"Feature","geometry":{"type":"Point","coordinates":[-1.3538718,53.4325787]},"properties":{"name":"Centenary Markets","layer":"marketplaces","note":"OpenStreetMap","osm_id":"way/34964143","osm_url":"https://www.openstreetmap.org/way/34964143","source":"OpenStreetMap"}},{"type":"Feature","geometry":{"type":"Point","coordinates":[-0.0694277,51.5293544]},"properties":{"name":"Columbia Road Flower Market","layer":"marketplaces","note":"OpenStreetMap","osm_id":"way/350349593","osm_url":"https://www.openstreetmap.org/way/350349593","source":"OpenStreetMap"}},{"type":"Feature","geometry":{"type":"Point","coordinates":[-1.9602036,52.4875569]},"properties":{"name":"Windmills Market","layer":"marketplaces","note":"OpenStreetMap","osm_id":"way/351726898","osm_url":"https://www.openstreetmap.org/way/351726898","source":"OpenStreetMap"}},{"type":"Feature","geometry":{"type":"Point","coordinates":[-2.2386435,53.4830349]},"properties":{"name":"Church Street Market","layer":"marketplaces","note":"OpenStreetMap","osm_id":"way/353267811","osm_url":"https://www.openstreetmap.org/way/353267811","source":"OpenStreetMap"}},{"type":"Feature","geometry":{"type":"Point","coordinates":[-1.1277813,53.0022659]},"properties":{"name":"Arnold Market","layer":"marketplaces","note":"OpenStreetMap","osm_id":"way/353944388","osm_url":"https://www.openstreetmap.org/way/353944388","source":"OpenStreetMap"}},{"type":"Feature","geometry":{"type":"Point","coordinates":[-1.9077697,53.8653846]},"properties":{"name":"Keighley Market Hall","layer":"marketplaces","note":"OpenStreetMap","osm_id":"way/35422176","osm_url":"https://www.openstreetmap.org/way/35422176","source":"OpenStreetMap"}},{"type":"Feature","geometry":{"type":"Point","coordinates":[-7.4436224,54.1002806]},"properties":{"name":"Farmer's Market","layer":"marketplaces","note":"OpenStreetMap","osm_id":"way/356655681","osm_url":"https://www.openstreetmap.org/way/356655681","source":"OpenStreetMap"}},{"type":"Feature","geometry":{"type":"Point","coordinates":[1.3526387,51.9670263]},"properties":{"name":"Great Eastern Square","layer":"marketplaces","note":"OpenStreetMap","osm_id":"way/358426686","osm_url":"https://www.openstreetmap.org/way/358426686","source":"OpenStreetMap"}},{"type":"Feature","geometry":{"type":"Point","coordinates":[-0.9053257,51.5375203]},"properties":{"name":"Falaise Square","layer":"marketplaces","note":"OpenStreetMap","osm_id":"way/35959515","osm_url":"https://www.openstreetmap.org/way/35959515","source":"OpenStreetMap"}},{"type":"Feature","geometry":{"type":"Point","coordinates":[-2.7121283,54.2336394]},"properties":{"name":"Junction 36 Rural Auction Centre","layer":"marketplaces","note":"OpenStreetMap","osm_id":"way/360992511","osm_url":"https://www.openstreetmap.org/way/360992511","source":"OpenStreetMap"}},{"type":"Feature","geometry":{"type":"Point","coordinates":[-2.2848837,53.7046896]},"properties":{"name":"Rawtenstall Market","layer":"marketplaces","note":"OpenStreetMap","osm_id":"way/361748105","osm_url":"https://www.openstreetmap.org/way/361748105","source":"OpenStreetMap"}},{"type":"Feature","geometry":{"type":"Point","coordinates":[-0.9535271,53.0791508]},"properties":{"name":"Market Square","layer":"marketplaces","note":"OpenStreetMap","osm_id":"way/362049918","osm_url":"https://www.openstreetmap.org/way/362049918","source":"OpenStreetMap"}},{"type":"Feature","geometry":{"type":"Point","coordinates":[-0.9070936,51.537166]},"properties":{"name":"Market Place","layer":"marketplaces","note":"OpenStreetMap","osm_id":"way/36372290","osm_url":"https://www.openstreetmap.org/way/36372290","source":"OpenStreetMap"}},{"type":"Feature","geometry":{"type":"Point","coordinates":[-1.7816073,53.7008316]},"properties":{"name":"Brighouse Open Market","layer":"marketplaces","note":"OpenStreetMap","osm_id":"way/36576910","osm_url":"https://www.openstreetmap.org/way/36576910","source":"OpenStreetMap"}},{"type":"Feature","geometry":{"type":"Point","coordinates":[-6.0728924,53.3885394]},"properties":{"name":"Howth Market","layer":"marketplaces","note":"OpenStreetMap","osm_id":"way/365873846","osm_url":"https://www.openstreetmap.org/way/365873846","source":"OpenStreetMap"}},{"type":"Feature","geometry":{"type":"Point","coordinates":[1.3436554,52.2217974]},"properties":{"name":"Framlingham Market","layer":"marketplaces","note":"OpenStreetMap","osm_id":"way/366753346","osm_url":"https://www.openstreetmap.org/way/366753346","source":"OpenStreetMap"}},{"type":"Feature","geometry":{"type":"Point","coordinates":[-3.0177498,51.8220611]},"properties":{"name":"Abergavenny Market","layer":"marketplaces","note":"OpenStreetMap","osm_id":"way/368980602","osm_url":"https://www.openstreetmap.org/way/368980602","source":"OpenStreetMap"}},{"type":"Feature","geometry":{"type":"Point","coordinates":[-2.5931224,51.4540731]},"properties":{"name":"The Covered Market","layer":"marketplaces","note":"OpenStreetMap","osm_id":"way/376275101","osm_url":"https://www.openstreetmap.org/way/376275101","source":"OpenStreetMap"}},{"type":"Feature","geometry":{"type":"Point","coordinates":[1.0300205,52.4439475]},"properties":{"name":"Banham Car Boot","layer":"marketplaces","note":"OpenStreetMap","osm_id":"way/377089637","osm_url":"https://www.openstreetmap.org/way/377089637","source":"OpenStreetMap"}},{"type":"Feature","geometry":{"type":"Point","coordinates":[-1.662835,53.7961757]},"properties":{"name":"Pudsey Market","layer":"marketplaces","note":"OpenStreetMap","osm_id":"way/37887892","osm_url":"https://www.openstreetmap.org/way/37887892","source":"OpenStreetMap"}},{"type":"Feature","geometry":{"type":"Point","coordinates":[-0.7758684,53.3994519]},"properties":{"name":"Market Square","layer":"marketplaces","note":"OpenStreetMap","osm_id":"way/38210221","osm_url":"https://www.openstreetmap.org/way/38210221","source":"OpenStreetMap"}},{"type":"Feature","geometry":{"type":"Point","coordinates":[-3.6114388,50.5309696]},"properties":{"name":"Newton Abbot Indoor Market","layer":"marketplaces","note":"OpenStreetMap","osm_id":"way/38233104","osm_url":"https://www.openstreetmap.org/way/38233104","source":"OpenStreetMap"}},{"type":"Feature","geometry":{"type":"Point","coordinates":[-4.074529,50.822142]},"properties":{"name":"Hatherleigh Market","layer":"marketplaces","note":"OpenStreetMap","osm_id":"way/383307549","osm_url":"https://www.openstreetmap.org/way/383307549","source":"OpenStreetMap"}},{"type":"Feature","geometry":{"type":"Point","coordinates":[0.0043733,51.6312278]},"properties":{"name":"The Village Arcade","layer":"marketplaces","note":"OpenStreetMap","osm_id":"way/38484319","osm_url":"https://www.openstreetmap.org/way/38484319","source":"OpenStreetMap"}},{"type":"Feature","geometry":{"type":"Point","coordinates":[-3.3410928,51.6022229]},"properties":{"name":"Pontypridd Indoor Market","layer":"marketplaces","note":"OpenStreetMap","osm_id":"way/388574398","osm_url":"https://www.openstreetmap.org/way/388574398","source":"OpenStreetMap"}},{"type":"Feature","geometry":{"type":"Point","coordinates":[-2.2941934,53.5916444]},"properties":{"name":"Bury Market","layer":"marketplaces","note":"OpenStreetMap","osm_id":"way/38889744","osm_url":"https://www.openstreetmap.org/way/38889744","source":"OpenStreetMap"}},{"type":"Feature","geometry":{"type":"Point","coordinates":[-1.694539,52.6335746]},"properties":{"name":"Market Place","layer":"marketplaces","note":"OpenStreetMap","osm_id":"way/390543270","osm_url":"https://www.openstreetmap.org/way/390543270","source":"OpenStreetMap"}},{"type":"Feature","geometry":{"type":"Point","coordinates":[-3.3092815,53.1147039]},"properties":{"name":"Ruthin Market Hall","layer":"marketplaces","note":"Ruthin Artisan Markets","osm_id":"way/391473545","osm_url":"https://www.openstreetmap.org/way/391473545","source":"OpenStreetMap","brand":"Ruthin Artisan Markets"}},{"type":"Feature","geometry":{"type":"Point","coordinates":[-2.5715308,51.4452989]},"properties":{"name":"Bristol Fruit Market","layer":"marketplaces","note":"OpenStreetMap","osm_id":"way/393904068","osm_url":"https://www.openstreetmap.org/way/393904068","source":"OpenStreetMap"}},{"type":"Feature","geometry":{"type":"Point","coordinates":[-2.1013177,54.9715117]},"properties":{"name":"Hexham Market","layer":"marketplaces","note":"OpenStreetMap","osm_id":"way/39429816","osm_url":"https://www.openstreetmap.org/way/39429816","source":"OpenStreetMap"}},{"type":"Feature","geometry":{"type":"Point","coordinates":[-6.7983165,53.1817082]},"properties":{"name":"Market Square","layer":"marketplaces","note":"OpenStreetMap","osm_id":"way/39700081","osm_url":"https://www.openstreetmap.org/way/39700081","source":"OpenStreetMap"}},{"type":"Feature","geometry":{"type":"Point","coordinates":[-0.0248535,51.4678904]},"properties":{"name":"Brockley Farmers' Market","layer":"marketplaces","note":"OpenStreetMap","osm_id":"way/397845734","osm_url":"https://www.openstreetmap.org/way/397845734","source":"OpenStreetMap"}},{"type":"Feature","geometry":{"type":"Point","coordinates":[1.2649031,52.7911412]},"properties":{"name":"The Late One - Car Boot Sale","layer":"marketplaces","note":"OpenStreetMap","osm_id":"way/398971609","osm_url":"https://www.openstreetmap.org/way/398971609","source":"OpenStreetMap"}},{"type":"Feature","geometry":{"type":"Point","coordinates":[-0.0922251,51.4885995]},"properties":{"name":"East Street Market","layer":"marketplaces","note":"OpenStreetMap","osm_id":"way/40120623","osm_url":"https://www.openstreetmap.org/way/40120623","source":"OpenStreetMap"}},{"type":"Feature","geometry":{"type":"Point","coordinates":[0.494157,51.3951972]},"properties":{"name":"Marketplace","layer":"marketplaces","note":"OpenStreetMap","osm_id":"way/40792364","osm_url":"https://www.openstreetmap.org/way/40792364","source":"OpenStreetMap"}},{"type":"Feature","geometry":{"type":"Point","coordinates":[-3.0842101,54.1969161]},"properties":{"name":"Ulverston Auction Mart","layer":"marketplaces","note":"OpenStreetMap","osm_id":"way/407977331","osm_url":"https://www.openstreetmap.org/way/407977331","source":"OpenStreetMap"}},{"type":"Feature","geometry":{"type":"Point","coordinates":[-2.5834454,56.5553632]},"properties":{"name":"Fish Market","layer":"marketplaces","note":"OpenStreetMap","osm_id":"way/408075756","osm_url":"https://www.openstreetmap.org/way/408075756","source":"OpenStreetMap"}},{"type":"Feature","geometry":{"type":"Point","coordinates":[-1.006719,53.2033595]},"properties":{"name":"Ollerton Market","layer":"marketplaces","note":"OpenStreetMap","osm_id":"way/411029542","osm_url":"https://www.openstreetmap.org/way/411029542","source":"OpenStreetMap"}},{"type":"Feature","geometry":{"type":"Point","coordinates":[-2.182347,51.2626671]},"properties":{"name":"Marketplace","layer":"marketplaces","note":"OpenStreetMap","osm_id":"way/41275664","osm_url":"https://www.openstreetmap.org/way/41275664","source":"OpenStreetMap"}},{"type":"Feature","geometry":{"type":"Point","coordinates":[-3.0235432,53.3903519]},"properties":{"name":"Birkenhead Market","layer":"marketplaces","note":"Birkenhead Market","osm_id":"way/41332439","osm_url":"https://www.openstreetmap.org/way/41332439","source":"OpenStreetMap","brand":"Birkenhead Market"}},{"type":"Feature","geometry":{"type":"Point","coordinates":[-1.7817174,53.6497592]},"properties":{"name":"Huddersfield Open Market","layer":"marketplaces","note":"OpenStreetMap","osm_id":"way/41419726","osm_url":"https://www.openstreetmap.org/way/41419726","source":"OpenStreetMap"}},{"type":"Feature","geometry":{"type":"Point","coordinates":[-0.2014289,51.5244141]},"properties":{"name":"Maida Hill Market","layer":"marketplaces","note":"OpenStreetMap","osm_id":"way/42066488","osm_url":"https://www.openstreetmap.org/way/42066488","source":"OpenStreetMap"}},{"type":"Feature","geometry":{"type":"Point","coordinates":[-2.3747706,53.3040839]},"properties":{"name":"Knutsford Market","layer":"marketplaces","note":"OpenStreetMap","osm_id":"way/421293684","osm_url":"https://www.openstreetmap.org/way/421293684","source":"OpenStreetMap"}},{"type":"Feature","geometry":{"type":"Point","coordinates":[-0.1351487,50.831463]},"properties":{"name":"The Open Market","layer":"marketplaces","note":"OpenStreetMap","osm_id":"way/42130315","osm_url":"https://www.openstreetmap.org/way/42130315","source":"OpenStreetMap"}},{"type":"Feature","geometry":{"type":"Point","coordinates":[-2.3963812,52.5948361]},"properties":{"name":"Apley Farm Shop","layer":"marketplaces","note":"OpenStreetMap","osm_id":"way/422877131","osm_url":"https://www.openstreetmap.org/way/422877131","source":"OpenStreetMap"}},{"type":"Feature","geometry":{"type":"Point","coordinates":[-0.069767,51.5937561]},"properties":{"name":"Marketplace","layer":"marketplaces","note":"OpenStreetMap","osm_id":"way/42388128","osm_url":"https://www.openstreetmap.org/way/42388128","source":"OpenStreetMap"}},{"type":"Feature","geometry":{"type":"Point","coordinates":[-2.4377308,52.0266086]},"properties":{"name":"Ledbury Car boot sale area","layer":"marketplaces","note":"OpenStreetMap","osm_id":"way/424117676","osm_url":"https://www.openstreetmap.org/way/424117676","source":"OpenStreetMap"}},{"type":"Feature","geometry":{"type":"Point","coordinates":[1.3819063,51.390394]},"properties":{"name":"Old Kent Market","layer":"marketplaces","note":"OpenStreetMap","osm_id":"way/426018097","osm_url":"https://www.openstreetmap.org/way/426018097","source":"OpenStreetMap"}},{"type":"Feature","geometry":{"type":"Point","coordinates":[-0.8962166,52.2380893]},"properties":{"name":"Northampton Market","layer":"marketplaces","note":"West Northamptonshire Council","osm_id":"way/426129036","osm_url":"https://www.openstreetmap.org/way/426129036","source":"OpenStreetMap","brand":"West Northamptonshire Council"}},{"type":"Feature","geometry":{"type":"Point","coordinates":[-1.1704424,52.9662937]},"properties":{"name":"Hyson Green Market","layer":"marketplaces","note":"OpenStreetMap","osm_id":"way/429522115","osm_url":"https://www.openstreetmap.org/way/429522115","source":"OpenStreetMap"}},{"type":"Feature","geometry":{"type":"Point","coordinates":[-8.0408789,54.0491408]},"properties":{"name":"Drumshanbo Mart","layer":"marketplaces","note":"OpenStreetMap","osm_id":"way/440417636","osm_url":"https://www.openstreetmap.org/way/440417636","source":"OpenStreetMap"}},{"type":"Feature","geometry":{"type":"Point","coordinates":[-1.4296364,53.2354699]},"properties":{"name":"Chesterfield Market Hall","layer":"marketplaces","note":"Chesterfield Borough Council","osm_id":"way/44069283","osm_url":"https://www.openstreetmap.org/way/44069283","source":"OpenStreetMap","brand":"Chesterfield Borough Council"}},{"type":"Feature","geometry":{"type":"Point","coordinates":[-2.6310024,53.653216]},"properties":{"name":"Chorley Covered Market","layer":"marketplaces","note":"Chorley Council","osm_id":"way/44081033","osm_url":"https://www.openstreetmap.org/way/44081033","source":"OpenStreetMap","brand":"Chorley Council"}},{"type":"Feature","geometry":{"type":"Point","coordinates":[-0.4804913,52.6519894]},"properties":{"name":"Red Lion Square","layer":"marketplaces","note":"OpenStreetMap","osm_id":"way/440864851","osm_url":"https://www.openstreetmap.org/way/440864851","source":"OpenStreetMap"}},{"type":"Feature","geometry":{"type":"Point","coordinates":[-1.0686237,53.7839228]},"properties":{"name":"Market Place","layer":"marketplaces","note":"OpenStreetMap","osm_id":"way/44624481","osm_url":"https://www.openstreetmap.org/way/44624481","source":"OpenStreetMap"}},{"type":"Feature","geometry":{"type":"Point","coordinates":[-1.5798751,53.679299]},"properties":{"name":"Ossett Market Place","layer":"marketplaces","note":"OpenStreetMap","osm_id":"way/448511258","osm_url":"https://www.openstreetmap.org/way/448511258","source":"OpenStreetMap"}},{"type":"Feature","geometry":{"type":"Point","coordinates":[0.160943,52.6650467]},"properties":{"name":"Wisbech Market Place","layer":"marketplaces","note":"OpenStreetMap","osm_id":"way/44861192","osm_url":"https://www.openstreetmap.org/way/44861192","source":"OpenStreetMap"}},{"type":"Feature","geometry":{"type":"Point","coordinates":[-1.693904,53.9055195]},"properties":{"name":"Otley Market Square","layer":"marketplaces","note":"OpenStreetMap","osm_id":"way/4515769","osm_url":"https://www.openstreetmap.org/way/4515769","source":"OpenStreetMap"}},{"type":"Feature","geometry":{"type":"Point","coordinates":[-6.6569111,54.350721]},"properties":{"name":"Shambles Yard","layer":"marketplaces","note":"OpenStreetMap","osm_id":"way/456945537","osm_url":"https://www.openstreetmap.org/way/456945537","source":"OpenStreetMap"}},{"type":"Feature","geometry":{"type":"Point","coordinates":[0.114492,52.4999461]},"properties":{"name":"Skylark Indoor Car Boot Sale","layer":"marketplaces","note":"OpenStreetMap","osm_id":"way/463388662","osm_url":"https://www.openstreetmap.org/way/463388662","source":"OpenStreetMap"}},{"type":"Feature","geometry":{"type":"Point","coordinates":[-8.4742905,51.8977307]},"properties":{"name":"English Market","layer":"marketplaces","note":"Cork City Council","osm_id":"way/46791600","osm_url":"https://www.openstreetmap.org/way/46791600","source":"OpenStreetMap","brand":"Cork City Council"}},{"type":"Feature","geometry":{"type":"Point","coordinates":[-1.4376985,54.9974306]},"properties":{"name":"South Shields Market","layer":"marketplaces","note":"South Tyneside Council","osm_id":"way/468714226","osm_url":"https://www.openstreetmap.org/way/468714226","source":"OpenStreetMap","brand":"South Tyneside Council"}},{"type":"Feature","geometry":{"type":"Point","coordinates":[-0.2687711,51.3329902]},"properties":{"name":"Epsom Market","layer":"marketplaces","note":"OpenStreetMap","osm_id":"way/469077659","osm_url":"https://www.openstreetmap.org/way/469077659","source":"OpenStreetMap"}},{"type":"Feature","geometry":{"type":"Point","coordinates":[-0.0748629,51.5166182]},"properties":{"name":"Wentworth Street Market","layer":"marketplaces","note":"OpenStreetMap","osm_id":"way/472256766","osm_url":"https://www.openstreetmap.org/way/472256766","source":"OpenStreetMap"}},{"type":"Feature","geometry":{"type":"Point","coordinates":[0.2663583,52.399171]},"properties":{"name":"Ely Markets","layer":"marketplaces","note":"OpenStreetMap","osm_id":"way/47263910","osm_url":"https://www.openstreetmap.org/way/47263910","source":"OpenStreetMap"}},{"type":"Feature","geometry":{"type":"Point","coordinates":[-7.8913291,52.5177209]},"properties":{"name":"Cashel Mart","layer":"marketplaces","note":"OpenStreetMap","osm_id":"way/476306306","osm_url":"https://www.openstreetmap.org/way/476306306","source":"OpenStreetMap"}},{"type":"Feature","geometry":{"type":"Point","coordinates":[-1.2300275,50.7252184]},"properties":{"name":"Bumbles","layer":"marketplaces","note":"OpenStreetMap","osm_id":"way/479046550","osm_url":"https://www.openstreetmap.org/way/479046550","source":"OpenStreetMap"}},{"type":"Feature","geometry":{"type":"Point","coordinates":[-3.3928079,50.8580659]},"properties":{"name":"Marketplace","layer":"marketplaces","note":"OpenStreetMap","osm_id":"way/481207246","osm_url":"https://www.openstreetmap.org/way/481207246","source":"OpenStreetMap"}},{"type":"Feature","geometry":{"type":"Point","coordinates":[-0.7237567,51.5216682]},"properties":{"name":"New Market","layer":"marketplaces","note":"OpenStreetMap","osm_id":"way/48473810","osm_url":"https://www.openstreetmap.org/way/48473810","source":"OpenStreetMap"}},{"type":"Feature","geometry":{"type":"Point","coordinates":[0.4045262,52.2445949]},"properties":{"name":"Newmarket Market","layer":"marketplaces","note":"Newmarket Town Council","osm_id":"way/485676626","osm_url":"https://www.openstreetmap.org/way/485676626","source":"OpenStreetMap","brand":"Newmarket Town Council"}},{"type":"Feature","geometry":{"type":"Point","coordinates":[-2.4814118,53.74847]},"properties":{"name":"Blackburn Market","layer":"marketplaces","note":"OpenStreetMap","osm_id":"way/4886106","osm_url":"https://www.openstreetmap.org/way/4886106","source":"OpenStreetMap"}},{"type":"Feature","geometry":{"type":"Point","coordinates":[-0.1386605,51.4922315]},"properties":{"name":"Tachbrook Street Market","layer":"marketplaces","note":"City of Westminster","osm_id":"way/48865384","osm_url":"https://www.openstreetmap.org/way/48865384","source":"OpenStreetMap","brand":"City of Westminster"}},{"type":"Feature","geometry":{"type":"Point","coordinates":[-0.4924255,51.7443626]},"properties":{"name":"Arts and Craft market (Sundays)","layer":"marketplaces","note":"OpenStreetMap","osm_id":"way/490905326","osm_url":"https://www.openstreetmap.org/way/490905326","source":"OpenStreetMap"}},{"type":"Feature","geometry":{"type":"Point","coordinates":[-2.3519384,53.4489844]},"properties":{"name":"Urmston Market Hall","layer":"marketplaces","note":"OpenStreetMap","osm_id":"way/491981252","osm_url":"https://www.openstreetmap.org/way/491981252","source":"OpenStreetMap"}},{"type":"Feature","geometry":{"type":"Point","coordinates":[-0.1368694,51.5087836]},"properties":{"name":"Piccadilly Market","layer":"marketplaces","note":"OpenStreetMap","osm_id":"way/498220261","osm_url":"https://www.openstreetmap.org/way/498220261","source":"OpenStreetMap"}},{"type":"Feature","geometry":{"type":"Point","coordinates":[0.3386526,53.1422169]},"properties":{"name":"Skegness Town Market","layer":"marketplaces","note":"OpenStreetMap","osm_id":"way/5030554","osm_url":"https://www.openstreetmap.org/way/5030554","source":"OpenStreetMap"}},{"type":"Feature","geometry":{"type":"Point","coordinates":[-0.014515,51.5125069]},"properties":{"name":"Chrisp Street Market","layer":"marketplaces","note":"OpenStreetMap","osm_id":"way/50437784","osm_url":"https://www.openstreetmap.org/way/50437784","source":"OpenStreetMap"}},{"type":"Feature","geometry":{"type":"Point","coordinates":[-0.227037,51.7632328]},"properties":{"name":"Farmer's & Craft Market","layer":"marketplaces","note":"OpenStreetMap","osm_id":"way/50706215","osm_url":"https://www.openstreetmap.org/way/50706215","source":"OpenStreetMap"}},{"type":"Feature","geometry":{"type":"Point","coordinates":[-2.3951281,53.5489469]},"properties":{"name":"Farnworth Indoor Market","layer":"marketplaces","note":"OpenStreetMap","osm_id":"way/507151364","osm_url":"https://www.openstreetmap.org/way/507151364","source":"OpenStreetMap"}},{"type":"Feature","geometry":{"type":"Point","coordinates":[-4.6613584,52.0839912]},"properties":{"name":"Cardigan Guildhall Market","layer":"marketplaces","note":"Menter Aberteifi","osm_id":"way/513338376","osm_url":"https://www.openstreetmap.org/way/513338376","source":"OpenStreetMap","brand":"Menter Aberteifi"}},{"type":"Feature","geometry":{"type":"Point","coordinates":[-1.270545,52.8970141]},"properties":{"name":"Long Eaton Market","layer":"marketplaces","note":"OpenStreetMap","osm_id":"way/51459115","osm_url":"https://www.openstreetmap.org/way/51459115","source":"OpenStreetMap"}},{"type":"Feature","geometry":{"type":"Point","coordinates":[0.4461238,51.601212]},"properties":{"name":"Barleylands Craft Village","layer":"marketplaces","note":"OpenStreetMap","osm_id":"way/515308801","osm_url":"https://www.openstreetmap.org/way/515308801","source":"OpenStreetMap"}},{"type":"Feature","geometry":{"type":"Point","coordinates":[-8.6115691,52.6580866]},"properties":{"name":"Marketplace","layer":"marketplaces","note":"OpenStreetMap","osm_id":"way/515522042","osm_url":"https://www.openstreetmap.org/way/515522042","source":"OpenStreetMap"}},{"type":"Feature","geometry":{"type":"Point","coordinates":[-2.4845013,52.9042422]},"properties":{"name":"Marketplace","layer":"marketplaces","note":"OpenStreetMap","osm_id":"way/530949892","osm_url":"https://www.openstreetmap.org/way/530949892","source":"OpenStreetMap"}},{"type":"Feature","geometry":{"type":"Point","coordinates":[0.6239268,52.4473352]},"properties":{"name":"Market Hill","layer":"marketplaces","note":"OpenStreetMap","osm_id":"way/53141804","osm_url":"https://www.openstreetmap.org/way/53141804","source":"OpenStreetMap"}},{"type":"Feature","geometry":{"type":"Point","coordinates":[-0.1448325,51.5416927]},"properties":{"name":"Waterside Halls West","layer":"marketplaces","note":"OpenStreetMap","osm_id":"way/53372466","osm_url":"https://www.openstreetmap.org/way/53372466","source":"OpenStreetMap"}},{"type":"Feature","geometry":{"type":"Point","coordinates":[0.7507301,52.413265]},"properties":{"name":"Thetford Market","layer":"marketplaces","note":"OpenStreetMap","osm_id":"way/534078673","osm_url":"https://www.openstreetmap.org/way/534078673","source":"OpenStreetMap"}},{"type":"Feature","geometry":{"type":"Point","coordinates":[-2.0053636,52.6167019]},"properties":{"name":"Bloxwich Market","layer":"marketplaces","note":"OpenStreetMap","osm_id":"way/53569670","osm_url":"https://www.openstreetmap.org/way/53569670","source":"OpenStreetMap"}},{"type":"Feature","geometry":{"type":"Point","coordinates":[-3.1253897,52.0743817]},"properties":{"name":"Hay Butter Market","layer":"marketplaces","note":"OpenStreetMap","osm_id":"way/536832899","osm_url":"https://www.openstreetmap.org/way/536832899","source":"OpenStreetMap"}},{"type":"Feature","geometry":{"type":"Point","coordinates":[-3.5326021,50.7224169]},"properties":{"name":"Exeter Farmers Market","layer":"marketplaces","note":"OpenStreetMap","osm_id":"way/539278150","osm_url":"https://www.openstreetmap.org/way/539278150","source":"OpenStreetMap"}},{"type":"Feature","geometry":{"type":"Point","coordinates":[-2.5930507,51.4544029]},"properties":{"name":"Saint Nicholas Market","layer":"marketplaces","note":"OpenStreetMap","osm_id":"way/539513869","osm_url":"https://www.openstreetmap.org/way/539513869","source":"OpenStreetMap"}},{"type":"Feature","geometry":{"type":"Point","coordinates":[-4.0929215,53.2632648]},"properties":{"name":"Market Square Shopping Centre","layer":"marketplaces","note":"OpenStreetMap","osm_id":"way/545037521","osm_url":"https://www.openstreetmap.org/way/545037521","source":"OpenStreetMap"}},{"type":"Feature","geometry":{"type":"Point","coordinates":[-0.1129973,51.4620444]},"properties":{"name":"Brixton Market","layer":"marketplaces","note":"OpenStreetMap","osm_id":"way/550708698","osm_url":"https://www.openstreetmap.org/way/550708698","source":"OpenStreetMap"}},{"type":"Feature","geometry":{"type":"Point","coordinates":[-2.873567,54.0710579]},"properties":{"name":"Festival Market","layer":"marketplaces","note":"Lancaster City Council","osm_id":"way/55139401","osm_url":"https://www.openstreetmap.org/way/55139401","source":"OpenStreetMap","brand":"Lancaster City Council"}},{"type":"Feature","geometry":{"type":"Point","coordinates":[-1.6297278,52.8010999]},"properties":{"name":"Burton Market Hall","layer":"marketplaces","note":"OpenStreetMap","osm_id":"way/55344248","osm_url":"https://www.openstreetmap.org/way/55344248","source":"OpenStreetMap"}},{"type":"Feature","geometry":{"type":"Point","coordinates":[-1.6302551,52.8013567]},"properties":{"name":"Marketplace","layer":"marketplaces","note":"OpenStreetMap","osm_id":"way/55344249","osm_url":"https://www.openstreetmap.org/way/55344249","source":"OpenStreetMap"}},{"type":"Feature","geometry":{"type":"Point","coordinates":[0.8802963,52.3081311]},"properties":{"name":"Farmers' Market","layer":"marketplaces","note":"OpenStreetMap","osm_id":"way/554665677","osm_url":"https://www.openstreetmap.org/way/554665677","source":"OpenStreetMap"}},{"type":"Feature","geometry":{"type":"Point","coordinates":[-2.6995115,53.7605642]},"properties":{"name":"Preston New Markets","layer":"marketplaces","note":"OpenStreetMap","osm_id":"way/5550747","osm_url":"https://www.openstreetmap.org/way/5550747","source":"OpenStreetMap"}},{"type":"Feature","geometry":{"type":"Point","coordinates":[-2.802803,54.0480443]},"properties":{"name":"Assembly Rooms Emporium","layer":"marketplaces","note":"OpenStreetMap","osm_id":"way/566734596","osm_url":"https://www.openstreetmap.org/way/566734596","source":"OpenStreetMap"}},{"type":"Feature","geometry":{"type":"Point","coordinates":[-2.5373749,49.4545312]},"properties":{"name":"Market Square","layer":"marketplaces","note":"OpenStreetMap","osm_id":"way/570299339","osm_url":"https://www.openstreetmap.org/way/570299339","source":"OpenStreetMap"}},{"type":"Feature","geometry":{"type":"Point","coordinates":[-0.1346139,51.5132572]},"properties":{"name":"Berwick Street Market","layer":"marketplaces","note":"OpenStreetMap","osm_id":"way/573803959","osm_url":"https://www.openstreetmap.org/way/573803959","source":"OpenStreetMap"}},{"type":"Feature","geometry":{"type":"Point","coordinates":[-3.0637997,53.2905539]},"properties":{"name":"Market Square","layer":"marketplaces","note":"OpenStreetMap","osm_id":"way/57932755","osm_url":"https://www.openstreetmap.org/way/57932755","source":"OpenStreetMap"}},{"type":"Feature","geometry":{"type":"Point","coordinates":[-0.002674,51.6867075]},"properties":{"name":"Marketplace","layer":"marketplaces","note":"OpenStreetMap","osm_id":"way/584399855","osm_url":"https://www.openstreetmap.org/way/584399855","source":"OpenStreetMap"}},{"type":"Feature","geometry":{"type":"Point","coordinates":[1.7047749,52.4163306]},"properties":{"name":"Kessingland Car Boot","layer":"marketplaces","note":"OpenStreetMap","osm_id":"way/586416894","osm_url":"https://www.openstreetmap.org/way/586416894","source":"OpenStreetMap"}},{"type":"Feature","geometry":{"type":"Point","coordinates":[-0.9184365,52.4768212]},"properties":{"name":"Market Hall","layer":"marketplaces","note":"OpenStreetMap","osm_id":"way/58683209","osm_url":"https://www.openstreetmap.org/way/58683209","source":"OpenStreetMap"}},{"type":"Feature","geometry":{"type":"Point","coordinates":[-4.4789859,54.1479755]},"properties":{"name":"The Market Hall","layer":"marketplaces","note":"OpenStreetMap","osm_id":"way/58706857","osm_url":"https://www.openstreetmap.org/way/58706857","source":"OpenStreetMap"}},{"type":"Feature","geometry":{"type":"Point","coordinates":[-8.1626223,52.4758248]},"properties":{"name":"Tipperary Cattle Mart Ltd.","layer":"marketplaces","note":"OpenStreetMap","osm_id":"way/588415804","osm_url":"https://www.openstreetmap.org/way/588415804","source":"OpenStreetMap"}},{"type":"Feature","geometry":{"type":"Point","coordinates":[-1.0806966,53.959315]},"properties":{"name":"Newgate Market","layer":"marketplaces","note":"OpenStreetMap","osm_id":"way/59338112","osm_url":"https://www.openstreetmap.org/way/59338112","source":"OpenStreetMap"}},{"type":"Feature","geometry":{"type":"Point","coordinates":[-2.523398,53.549149]},"properties":{"name":"Westhoughton Market","layer":"marketplaces","note":"OpenStreetMap","osm_id":"way/593692664","osm_url":"https://www.openstreetmap.org/way/593692664","source":"OpenStreetMap"}},{"type":"Feature","geometry":{"type":"Point","coordinates":[-1.4527216,52.8925447]},"properties":{"name":"Allenton Market","layer":"marketplaces","note":"OpenStreetMap","osm_id":"way/59596887","osm_url":"https://www.openstreetmap.org/way/59596887","source":"OpenStreetMap"}},{"type":"Feature","geometry":{"type":"Point","coordinates":[-1.6359691,51.8092429]},"properties":{"name":"Number 31","layer":"marketplaces","note":"OpenStreetMap","osm_id":"way/603158134","osm_url":"https://www.openstreetmap.org/way/603158134","source":"OpenStreetMap"}},{"type":"Feature","geometry":{"type":"Point","coordinates":[-2.5191918,52.7006751]},"properties":{"name":"Wellington Market","layer":"marketplaces","note":"OpenStreetMap","osm_id":"way/60339221","osm_url":"https://www.openstreetmap.org/way/60339221","source":"OpenStreetMap"}},{"type":"Feature","geometry":{"type":"Point","coordinates":[-4.8155206,51.6903605]},"properties":{"name":"Carew Market","layer":"marketplaces","note":"OpenStreetMap","osm_id":"way/603667713","osm_url":"https://www.openstreetmap.org/way/603667713","source":"OpenStreetMap"}},{"type":"Feature","geometry":{"type":"Point","coordinates":[-6.5161525,55.0685225]},"properties":{"name":"Castlecroft Square","layer":"marketplaces","note":"OpenStreetMap","osm_id":"way/605727093","osm_url":"https://www.openstreetmap.org/way/605727093","source":"OpenStreetMap"}},{"type":"Feature","geometry":{"type":"Point","coordinates":[-0.2642079,51.0912649]},"properties":{"name":"Faygate Car Boot","layer":"marketplaces","note":"OpenStreetMap","osm_id":"way/609724960","osm_url":"https://www.openstreetmap.org/way/609724960","source":"OpenStreetMap"}},{"type":"Feature","geometry":{"type":"Point","coordinates":[-1.5746927,54.858821]},"properties":{"name":"Marketplace","layer":"marketplaces","note":"OpenStreetMap","osm_id":"way/61240156","osm_url":"https://www.openstreetmap.org/way/61240156","source":"OpenStreetMap"}},{"type":"Feature","geometry":{"type":"Point","coordinates":[-2.1267128,52.5826647]},"properties":{"name":"Wolverhampton Market","layer":"marketplaces","note":"OpenStreetMap","osm_id":"way/612845269","osm_url":"https://www.openstreetmap.org/way/612845269","source":"OpenStreetMap"}},{"type":"Feature","geometry":{"type":"Point","coordinates":[-0.0636196,51.4924776]},"properties":{"name":"The Blue Market","layer":"marketplaces","note":"OpenStreetMap","osm_id":"way/613477217","osm_url":"https://www.openstreetmap.org/way/613477217","source":"OpenStreetMap"}},{"type":"Feature","geometry":{"type":"Point","coordinates":[-0.2487919,51.5484448]},"properties":{"name":"Marketplace","layer":"marketplaces","note":"OpenStreetMap","osm_id":"way/617393864","osm_url":"https://www.openstreetmap.org/way/617393864","source":"OpenStreetMap"}},{"type":"Feature","geometry":{"type":"Point","coordinates":[-0.1951477,51.5388883]},"properties":{"name":"Kilburn Market","layer":"marketplaces","note":"OpenStreetMap","osm_id":"way/61977972","osm_url":"https://www.openstreetmap.org/way/61977972","source":"OpenStreetMap"}},{"type":"Feature","geometry":{"type":"Point","coordinates":[0.504135,51.5651745]},"properties":{"name":"Marketplace","layer":"marketplaces","note":"OpenStreetMap","osm_id":"way/620161227","osm_url":"https://www.openstreetmap.org/way/620161227","source":"OpenStreetMap"}},{"type":"Feature","geometry":{"type":"Point","coordinates":[-0.2007279,51.4831889]},"properties":{"name":"North End Road","layer":"marketplaces","note":"OpenStreetMap","osm_id":"way/62047311","osm_url":"https://www.openstreetmap.org/way/62047311","source":"OpenStreetMap"}},{"type":"Feature","geometry":{"type":"Point","coordinates":[-6.1752672,53.3711911]},"properties":{"name":"St. Annes Food Market","layer":"marketplaces","note":"OpenStreetMap","osm_id":"way/626148809","osm_url":"https://www.openstreetmap.org/way/626148809","source":"OpenStreetMap"}},{"type":"Feature","geometry":{"type":"Point","coordinates":[-4.0522834,57.0771496]},"properties":{"name":"The Market Stance","layer":"marketplaces","note":"OpenStreetMap","osm_id":"way/627000058","osm_url":"https://www.openstreetmap.org/way/627000058","source":"OpenStreetMap"}},{"type":"Feature","geometry":{"type":"Point","coordinates":[-4.1620291,52.0744603]},"properties":{"name":"Llanybydder Sheep Mart","layer":"marketplaces","note":"Evans Bros","osm_id":"way/630490786","osm_url":"https://www.openstreetmap.org/way/630490786","source":"OpenStreetMap","brand":"Evans Bros"}},{"type":"Feature","geometry":{"type":"Point","coordinates":[-5.8215443,54.8488282]},"properties":{"name":"Larne Market Yard","layer":"marketplaces","note":"Mid and East Antrim Borough Council","osm_id":"way/637224255","osm_url":"https://www.openstreetmap.org/way/637224255","source":"OpenStreetMap","brand":"Mid and East Antrim Borough Council"}},{"type":"Feature","geometry":{"type":"Point","coordinates":[-1.4786354,53.0232811]},"properties":{"name":"Belper Marketplace","layer":"marketplaces","note":"OpenStreetMap","osm_id":"way/648625963","osm_url":"https://www.openstreetmap.org/way/648625963","source":"OpenStreetMap"}},{"type":"Feature","geometry":{"type":"Point","coordinates":[-2.0827457,52.4711959]},"properties":{"name":"Cradley Heath Market","layer":"marketplaces","note":"OpenStreetMap","osm_id":"way/64940765","osm_url":"https://www.openstreetmap.org/way/64940765","source":"OpenStreetMap"}},{"type":"Feature","geometry":{"type":"Point","coordinates":[-1.4744027,52.4799683]},"properties":{"name":"Bedworth Market","layer":"marketplaces","note":"OpenStreetMap","osm_id":"way/65624184","osm_url":"https://www.openstreetmap.org/way/65624184","source":"OpenStreetMap"}},{"type":"Feature","geometry":{"type":"Point","coordinates":[-5.4818784,50.2114938]},"properties":{"name":"Drill Hall","layer":"marketplaces","note":"OpenStreetMap","osm_id":"way/657415565","osm_url":"https://www.openstreetmap.org/way/657415565","source":"OpenStreetMap"}},{"type":"Feature","geometry":{"type":"Point","coordinates":[-2.2478976,53.4617154]},"properties":{"name":"Hulme Market","layer":"marketplaces","note":"OpenStreetMap","osm_id":"way/662519909","osm_url":"https://www.openstreetmap.org/way/662519909","source":"OpenStreetMap"}},{"type":"Feature","geometry":{"type":"Point","coordinates":[-2.001593,53.3667202]},"properties":{"name":"Marketplace","layer":"marketplaces","note":"OpenStreetMap","osm_id":"way/668890443","osm_url":"https://www.openstreetmap.org/way/668890443","source":"OpenStreetMap"}},{"type":"Feature","geometry":{"type":"Point","coordinates":[-2.0820852,52.5099913]},"properties":{"name":"Plaza Mall","layer":"marketplaces","note":"OpenStreetMap","osm_id":"way/669177585","osm_url":"https://www.openstreetmap.org/way/669177585","source":"OpenStreetMap"}},{"type":"Feature","geometry":{"type":"Point","coordinates":[-2.0831505,52.5106832]},"properties":{"name":"Fountain Arcade","layer":"marketplaces","note":"OpenStreetMap","osm_id":"way/671168374","osm_url":"https://www.openstreetmap.org/way/671168374","source":"OpenStreetMap"}},{"type":"Feature","geometry":{"type":"Point","coordinates":[-2.0822687,52.5105366]},"properties":{"name":"Dudley Market Place","layer":"marketplaces","note":"OpenStreetMap","osm_id":"way/671683228","osm_url":"https://www.openstreetmap.org/way/671683228","source":"OpenStreetMap"}},{"type":"Feature","geometry":{"type":"Point","coordinates":[-3.0413775,51.7024675]},"properties":{"name":"Pontypool Indoor Market","layer":"marketplaces","note":"Torfaen County Borough Council","osm_id":"way/677315621","osm_url":"https://www.openstreetmap.org/way/677315621","source":"OpenStreetMap","brand":"Torfaen County Borough Council"}},{"type":"Feature","geometry":{"type":"Point","coordinates":[-2.184813,53.0028962]},"properties":{"name":"Stoke Indoor Market","layer":"marketplaces","note":"City of Stoke-on-Trent","osm_id":"way/68203820","osm_url":"https://www.openstreetmap.org/way/68203820","source":"OpenStreetMap","brand":"City of Stoke-on-Trent"}},{"type":"Feature","geometry":{"type":"Point","coordinates":[-6.743614,52.7998727]},"properties":{"name":"Tullow Livestock Mart","layer":"marketplaces","note":"OpenStreetMap","osm_id":"way/687572413","osm_url":"https://www.openstreetmap.org/way/687572413","source":"OpenStreetMap"}},{"type":"Feature","geometry":{"type":"Point","coordinates":[0.0344502,51.5345652]},"properties":{"name":"Queen's Market","layer":"marketplaces","note":"OpenStreetMap","osm_id":"way/687775636","osm_url":"https://www.openstreetmap.org/way/687775636","source":"OpenStreetMap"}},{"type":"Feature","geometry":{"type":"Point","coordinates":[1.0163937,52.5190252]},"properties":{"name":"Attleborough Market","layer":"marketplaces","note":"OpenStreetMap","osm_id":"way/690327199","osm_url":"https://www.openstreetmap.org/way/690327199","source":"OpenStreetMap"}},{"type":"Feature","geometry":{"type":"Point","coordinates":[-0.5373189,52.3961128]},"properties":{"name":"Thrapston Livestock Market","layer":"marketplaces","note":"OpenStreetMap","osm_id":"way/697543524","osm_url":"https://www.openstreetmap.org/way/697543524","source":"OpenStreetMap"}},{"type":"Feature","geometry":{"type":"Point","coordinates":[-0.0514674,51.5079071]},"properties":{"name":"Wapping Docklands Market","layer":"marketplaces","note":"OpenStreetMap","osm_id":"way/698565110","osm_url":"https://www.openstreetmap.org/way/698565110","source":"OpenStreetMap"}},{"type":"Feature","geometry":{"type":"Point","coordinates":[-2.7303735,52.2299597]},"properties":{"name":"Brightwells","layer":"marketplaces","note":"OpenStreetMap","osm_id":"way/711835756","osm_url":"https://www.openstreetmap.org/way/711835756","source":"OpenStreetMap"}},{"type":"Feature","geometry":{"type":"Point","coordinates":[-1.3130422,54.5643492]},"properties":{"name":"Marketplace","layer":"marketplaces","note":"OpenStreetMap","osm_id":"way/71190773","osm_url":"https://www.openstreetmap.org/way/71190773","source":"OpenStreetMap"}},{"type":"Feature","geometry":{"type":"Point","coordinates":[-3.3922552,51.9484392]},"properties":{"name":"Brecon Market","layer":"marketplaces","note":"OpenStreetMap","osm_id":"way/713919968","osm_url":"https://www.openstreetmap.org/way/713919968","source":"OpenStreetMap"}},{"type":"Feature","geometry":{"type":"Point","coordinates":[-1.2126535,53.2034899]},"properties":{"name":"Marketplace","layer":"marketplaces","note":"OpenStreetMap","osm_id":"way/716899288","osm_url":"https://www.openstreetmap.org/way/716899288","source":"OpenStreetMap"}},{"type":"Feature","geometry":{"type":"Point","coordinates":[-1.2617262,51.7540588]},"properties":{"name":"Gloucester Green Market","layer":"marketplaces","note":"LSD Promotions on behalf of Oxford City Council","osm_id":"way/717905648","osm_url":"https://www.openstreetmap.org/way/717905648","source":"OpenStreetMap","brand":"LSD Promotions on behalf of Oxford City Council"}},{"type":"Feature","geometry":{"type":"Point","coordinates":[-1.2567085,51.739241]},"properties":{"name":"South Oxford Farmers and Community Market","layer":"marketplaces","note":"OpenStreetMap","osm_id":"way/717905649","osm_url":"https://www.openstreetmap.org/way/717905649","source":"OpenStreetMap"}},{"type":"Feature","geometry":{"type":"Point","coordinates":[-0.0239435,52.9778961]},"properties":{"name":"Boston Marketplace","layer":"marketplaces","note":"OpenStreetMap","osm_id":"way/72127327","osm_url":"https://www.openstreetmap.org/way/72127327","source":"OpenStreetMap"}},{"type":"Feature","geometry":{"type":"Point","coordinates":[-0.0567892,51.513671]},"properties":{"name":"Watney Market","layer":"marketplaces","note":"OpenStreetMap","osm_id":"way/722818340","osm_url":"https://www.openstreetmap.org/way/722818340","source":"OpenStreetMap"}},{"type":"Feature","geometry":{"type":"Point","coordinates":[-1.2610048,53.125355]},"properties":{"name":"Sutton Outdoor Market","layer":"marketplaces","note":"OpenStreetMap","osm_id":"way/725259850","osm_url":"https://www.openstreetmap.org/way/725259850","source":"OpenStreetMap"}},{"type":"Feature","geometry":{"type":"Point","coordinates":[-4.236706,55.8544034]},"properties":{"name":"The Square Yard","layer":"marketplaces","note":"OpenStreetMap","osm_id":"way/725359465","osm_url":"https://www.openstreetmap.org/way/725359465","source":"OpenStreetMap"}},{"type":"Feature","geometry":{"type":"Point","coordinates":[-1.8854856,52.4758769]},"properties":{"name":"Red Brick Market","layer":"marketplaces","note":"OpenStreetMap","osm_id":"way/73158684","osm_url":"https://www.openstreetmap.org/way/73158684","source":"OpenStreetMap"}},{"type":"Feature","geometry":{"type":"Point","coordinates":[-1.4696904,52.7470895]},"properties":{"name":"Marketplace","layer":"marketplaces","note":"OpenStreetMap","osm_id":"way/73237367","osm_url":"https://www.openstreetmap.org/way/73237367","source":"OpenStreetMap"}},{"type":"Feature","geometry":{"type":"Point","coordinates":[-2.6998111,53.7601056]},"properties":{"name":"Small Outdoor Market","layer":"marketplaces","note":"OpenStreetMap","osm_id":"way/73584964","osm_url":"https://www.openstreetmap.org/way/73584964","source":"OpenStreetMap"}},{"type":"Feature","geometry":{"type":"Point","coordinates":[-1.9815426,52.5838151]},"properties":{"name":"Walsall Market","layer":"marketplaces","note":"Walsall Council","osm_id":"way/740592391","osm_url":"https://www.openstreetmap.org/way/740592391","source":"OpenStreetMap","brand":"Walsall Council"}},{"type":"Feature","geometry":{"type":"Point","coordinates":[-2.8850688,53.4818227]},"properties":{"name":"Kirkby Market","layer":"marketplaces","note":"OpenStreetMap","osm_id":"way/744568393","osm_url":"https://www.openstreetmap.org/way/744568393","source":"OpenStreetMap"}},{"type":"Feature","geometry":{"type":"Point","coordinates":[-3.8345103,51.0170978]},"properties":{"name":"South Molton Panier Market","layer":"marketplaces","note":"OpenStreetMap","osm_id":"way/745936370","osm_url":"https://www.openstreetmap.org/way/745936370","source":"OpenStreetMap"}},{"type":"Feature","geometry":{"type":"Point","coordinates":[-6.3387181,54.1728574]},"properties":{"name":"Newry Market","layer":"marketplaces","note":"OpenStreetMap","osm_id":"way/746936433","osm_url":"https://www.openstreetmap.org/way/746936433","source":"OpenStreetMap"}},{"type":"Feature","geometry":{"type":"Point","coordinates":[0.0003653,51.5421211]},"properties":{"name":"Stratford Mall","layer":"marketplaces","note":"62 Mall Management","osm_id":"way/749021591","osm_url":"https://www.openstreetmap.org/way/749021591","source":"OpenStreetMap","brand":"62 Mall Management"}},{"type":"Feature","geometry":{"type":"Point","coordinates":[-4.9686842,51.8081981]},"properties":{"name":"Haverfordwest Mart","layer":"marketplaces","note":"BJP Marts","osm_id":"way/749265762","osm_url":"https://www.openstreetmap.org/way/749265762","source":"OpenStreetMap","brand":"BJP Marts"}},{"type":"Feature","geometry":{"type":"Point","coordinates":[-3.8054746,51.6630864]},"properties":{"name":"Neath Indoor Market","layer":"marketplaces","note":"OpenStreetMap","osm_id":"way/75057573","osm_url":"https://www.openstreetmap.org/way/75057573","source":"OpenStreetMap"}},{"type":"Feature","geometry":{"type":"Point","coordinates":[-5.3178544,50.0850167]},"properties":{"name":"Porthleven Harbour Market","layer":"marketplaces","note":"OpenStreetMap","osm_id":"way/75250158","osm_url":"https://www.openstreetmap.org/way/75250158","source":"OpenStreetMap"}},{"type":"Feature","geometry":{"type":"Point","coordinates":[-2.3631689,53.1446105]},"properties":{"name":"Market Hall","layer":"marketplaces","note":"OpenStreetMap","osm_id":"way/766036770","osm_url":"https://www.openstreetmap.org/way/766036770","source":"OpenStreetMap"}},{"type":"Feature","geometry":{"type":"Point","coordinates":[-0.2089919,51.5182451]},"properties":{"name":"Portobello Green Market","layer":"marketplaces","note":"OpenStreetMap","osm_id":"way/775450856","osm_url":"https://www.openstreetmap.org/way/775450856","source":"OpenStreetMap"}},{"type":"Feature","geometry":{"type":"Point","coordinates":[-0.209521,51.5200764]},"properties":{"name":"Ladbroke Grove Farmers' Market","layer":"marketplaces","note":"OpenStreetMap","osm_id":"way/775657146","osm_url":"https://www.openstreetmap.org/way/775657146","source":"OpenStreetMap"}},{"type":"Feature","geometry":{"type":"Point","coordinates":[-0.6071101,51.6771674]},"properties":{"name":"Amersham Market","layer":"marketplaces","note":"OpenStreetMap","osm_id":"way/776318207","osm_url":"https://www.openstreetmap.org/way/776318207","source":"OpenStreetMap"}},{"type":"Feature","geometry":{"type":"Point","coordinates":[-0.6055293,51.6783914]},"properties":{"name":"Amersham Market","layer":"marketplaces","note":"OpenStreetMap","osm_id":"way/776318208","osm_url":"https://www.openstreetmap.org/way/776318208","source":"OpenStreetMap"}},{"type":"Feature","geometry":{"type":"Point","coordinates":[-7.7169907,54.9561329]},"properties":{"name":"Former Gortlee Livestock Mart","layer":"marketplaces","note":"OpenStreetMap","osm_id":"way/776357893","osm_url":"https://www.openstreetmap.org/way/776357893","source":"OpenStreetMap"}},{"type":"Feature","geometry":{"type":"Point","coordinates":[-4.2073705,51.01693]},"properties":{"name":"Bideford Pannier Market","layer":"marketplaces","note":"OpenStreetMap","osm_id":"way/7817397","osm_url":"https://www.openstreetmap.org/way/7817397","source":"OpenStreetMap"}},{"type":"Feature","geometry":{"type":"Point","coordinates":[-2.6323776,53.548942]},"properties":{"name":"Wigan Market","layer":"marketplaces","note":"OpenStreetMap","osm_id":"way/782427418","osm_url":"https://www.openstreetmap.org/way/782427418","source":"OpenStreetMap"}},{"type":"Feature","geometry":{"type":"Point","coordinates":[-2.4915428,54.5771093]},"properties":{"name":"Market Hall","layer":"marketplaces","note":"Appleby Town Council","osm_id":"way/785682745","osm_url":"https://www.openstreetmap.org/way/785682745","source":"OpenStreetMap","brand":"Appleby Town Council"}},{"type":"Feature","geometry":{"type":"Point","coordinates":[-0.3454731,54.2287546]},"properties":{"name":"Lebberston Sunday Market","layer":"marketplaces","note":"OpenStreetMap","osm_id":"way/797681956","osm_url":"https://www.openstreetmap.org/way/797681956","source":"OpenStreetMap"}},{"type":"Feature","geometry":{"type":"Point","coordinates":[-2.0792178,53.4511871]},"properties":{"name":"Hyde Market","layer":"marketplaces","note":"OpenStreetMap","osm_id":"way/79998810","osm_url":"https://www.openstreetmap.org/way/79998810","source":"OpenStreetMap"}},{"type":"Feature","geometry":{"type":"Point","coordinates":[-3.2263581,54.1123643]},"properties":{"name":"Barrow Outdoor Market","layer":"marketplaces","note":"Barrow Borough Council","osm_id":"way/801928447","osm_url":"https://www.openstreetmap.org/way/801928447","source":"OpenStreetMap","brand":"Barrow Borough Council"}},{"type":"Feature","geometry":{"type":"Point","coordinates":[-1.2111194,53.3688644]},"properties":{"name":"Dinnington Market","layer":"marketplaces","note":"OpenStreetMap","osm_id":"way/803908232","osm_url":"https://www.openstreetmap.org/way/803908232","source":"OpenStreetMap"}},{"type":"Feature","geometry":{"type":"Point","coordinates":[-7.9227611,52.3802665]},"properties":{"name":"Marketplace","layer":"marketplaces","note":"OpenStreetMap","osm_id":"way/822897650","osm_url":"https://www.openstreetmap.org/way/822897650","source":"OpenStreetMap"}},{"type":"Feature","geometry":{"type":"Point","coordinates":[-7.0162414,53.663393]},"properties":{"name":"Market Square","layer":"marketplaces","note":"OpenStreetMap","osm_id":"way/838362940","osm_url":"https://www.openstreetmap.org/way/838362940","source":"OpenStreetMap"}},{"type":"Feature","geometry":{"type":"Point","coordinates":[-2.2698498,51.8433149]},"properties":{"name":"Hempstead Meadows","layer":"marketplaces","note":"OpenStreetMap","osm_id":"way/840071761","osm_url":"https://www.openstreetmap.org/way/840071761","source":"OpenStreetMap"}},{"type":"Feature","geometry":{"type":"Point","coordinates":[-0.1763468,51.4936007]},"properties":{"name":"South Kensington (Saturdays) Farmers' Market","layer":"marketplaces","note":"OpenStreetMap","osm_id":"way/846835522","osm_url":"https://www.openstreetmap.org/way/846835522","source":"OpenStreetMap"}},{"type":"Feature","geometry":{"type":"Point","coordinates":[-0.1439292,51.5418402]},"properties":{"name":"Waterside Halls East","layer":"marketplaces","note":"OpenStreetMap","osm_id":"way/848096304","osm_url":"https://www.openstreetmap.org/way/848096304","source":"OpenStreetMap"}},{"type":"Feature","geometry":{"type":"Point","coordinates":[-0.1430611,51.5400621]},"properties":{"name":"BOXPARK Camden","layer":"marketplaces","note":"BOXPARK","osm_id":"way/849129441","osm_url":"https://www.openstreetmap.org/way/849129441","source":"OpenStreetMap","brand":"BOXPARK"}},{"type":"Feature","geometry":{"type":"Point","coordinates":[-0.1096724,51.5204557]},"properties":{"name":"Leather Lane Market","layer":"marketplaces","note":"The London Borough of Camden","osm_id":"way/85625507","osm_url":"https://www.openstreetmap.org/way/85625507","source":"OpenStreetMap","brand":"The London Borough of Camden"}},{"type":"Feature","geometry":{"type":"Point","coordinates":[-0.1516261,51.5498897]},"properties":{"name":"Queen's Crescent Market","layer":"marketplaces","note":"The London Borough of Camden","osm_id":"way/856793818","osm_url":"https://www.openstreetmap.org/way/856793818","source":"OpenStreetMap","brand":"The London Borough of Camden"}},{"type":"Feature","geometry":{"type":"Point","coordinates":[-0.1363,51.5192865]},"properties":{"name":"Goodge Place Market","layer":"marketplaces","note":"The London Borough of Camden","osm_id":"way/856800875","osm_url":"https://www.openstreetmap.org/way/856800875","source":"OpenStreetMap","brand":"The London Borough of Camden"}},{"type":"Feature","geometry":{"type":"Point","coordinates":[-0.1439843,51.5394921]},"properties":{"name":"Inverness Street Market","layer":"marketplaces","note":"The London Borough of Camden","osm_id":"way/856806600","osm_url":"https://www.openstreetmap.org/way/856806600","source":"OpenStreetMap","brand":"The London Borough of Camden"}},{"type":"Feature","geometry":{"type":"Point","coordinates":[-0.1297036,51.5292788]},"properties":{"name":"Chalton Street Market","layer":"marketplaces","note":"The London Borough of Camden","osm_id":"way/857150993","osm_url":"https://www.openstreetmap.org/way/857150993","source":"OpenStreetMap","brand":"The London Borough of Camden"}},{"type":"Feature","geometry":{"type":"Point","coordinates":[-0.1741416,51.5439238]},"properties":{"name":"Swiss Cottage Farmers’ Market","layer":"marketplaces","note":"London Farmers’ Markets","osm_id":"way/857166570","osm_url":"https://www.openstreetmap.org/way/857166570","source":"OpenStreetMap","brand":"London Farmers’ Markets"}},{"type":"Feature","geometry":{"type":"Point","coordinates":[-0.1278023,51.5136341]},"properties":{"name":"Earlham Street Market","layer":"marketplaces","note":"The London Borough of Camden","osm_id":"way/857170614","osm_url":"https://www.openstreetmap.org/way/857170614","source":"OpenStreetMap","brand":"The London Borough of Camden"}},{"type":"Feature","geometry":{"type":"Point","coordinates":[-1.3110089,53.691823]},"properties":{"name":"Pontefract Market Hall","layer":"marketplaces","note":"OpenStreetMap","osm_id":"way/859918826","osm_url":"https://www.openstreetmap.org/way/859918826","source":"OpenStreetMap"}},{"type":"Feature","geometry":{"type":"Point","coordinates":[1.1442779,51.81887]},"properties":{"name":"Late Riser Car Boot","layer":"marketplaces","note":"OpenStreetMap","osm_id":"way/87349515","osm_url":"https://www.openstreetmap.org/way/87349515","source":"OpenStreetMap"}},{"type":"Feature","geometry":{"type":"Point","coordinates":[-2.3643577,53.7532624]},"properties":{"name":"Accrington Market Hall","layer":"marketplaces","note":"OpenStreetMap","osm_id":"way/8746297","osm_url":"https://www.openstreetmap.org/way/8746297","source":"OpenStreetMap"}},{"type":"Feature","geometry":{"type":"Point","coordinates":[-1.4200074,53.6989855]},"properties":{"name":"Marketplace","layer":"marketplaces","note":"OpenStreetMap","osm_id":"way/874735880","osm_url":"https://www.openstreetmap.org/way/874735880","source":"OpenStreetMap"}},{"type":"Feature","geometry":{"type":"Point","coordinates":[-3.232791,51.9978316]},"properties":{"name":"Talgarth Livestock Market","layer":"marketplaces","note":"OpenStreetMap","osm_id":"way/877284809","osm_url":"https://www.openstreetmap.org/way/877284809","source":"OpenStreetMap"}},{"type":"Feature","geometry":{"type":"Point","coordinates":[-0.2008148,51.4833299]},"properties":{"name":"North End Road Market","layer":"marketplaces","note":"OpenStreetMap","osm_id":"way/880790542","osm_url":"https://www.openstreetmap.org/way/880790542","source":"OpenStreetMap"}},{"type":"Feature","geometry":{"type":"Point","coordinates":[-1.429428,53.2352981]},"properties":{"name":"Marketplace","layer":"marketplaces","note":"Chesterfield Borough Council","osm_id":"way/885529372","osm_url":"https://www.openstreetmap.org/way/885529372","source":"OpenStreetMap","brand":"Chesterfield Borough Council"}},{"type":"Feature","geometry":{"type":"Point","coordinates":[-0.8715945,53.7040128]},"properties":{"name":"Goole Market Hall","layer":"marketplaces","note":"OpenStreetMap","osm_id":"way/886349525","osm_url":"https://www.openstreetmap.org/way/886349525","source":"OpenStreetMap"}},{"type":"Feature","geometry":{"type":"Point","coordinates":[-0.112151,51.4814605]},"properties":{"name":"Oval Farmers' Market","layer":"marketplaces","note":"City and Country Farmers' Markets","osm_id":"way/88813278","osm_url":"https://www.openstreetmap.org/way/88813278","source":"OpenStreetMap","brand":"City and Country Farmers' Markets"}},{"type":"Feature","geometry":{"type":"Point","coordinates":[0.688089,52.647605]},"properties":{"name":"Swaffham Market","layer":"marketplaces","note":"OpenStreetMap","osm_id":"way/889632767","osm_url":"https://www.openstreetmap.org/way/889632767","source":"OpenStreetMap"}},{"type":"Feature","geometry":{"type":"Point","coordinates":[-0.1056624,51.5926729]},"properties":{"name":"Dovecote Avenue","layer":"marketplaces","note":"OpenStreetMap","osm_id":"way/890981079","osm_url":"https://www.openstreetmap.org/way/890981079","source":"OpenStreetMap"}},{"type":"Feature","geometry":{"type":"Point","coordinates":[-0.1698794,51.4881956]},"properties":{"name":"Chelsea Farmers Market","layer":"marketplaces","note":"OpenStreetMap","osm_id":"way/892172557","osm_url":"https://www.openstreetmap.org/way/892172557","source":"OpenStreetMap"}},{"type":"Feature","geometry":{"type":"Point","coordinates":[-0.3059996,51.409835]},"properties":{"name":"Kingston Market","layer":"marketplaces","note":"OpenStreetMap","osm_id":"way/893715504","osm_url":"https://www.openstreetmap.org/way/893715504","source":"OpenStreetMap"}},{"type":"Feature","geometry":{"type":"Point","coordinates":[-0.3064889,51.4098258]},"properties":{"name":"Kingston Market","layer":"marketplaces","note":"OpenStreetMap","osm_id":"way/893715505","osm_url":"https://www.openstreetmap.org/way/893715505","source":"OpenStreetMap"}},{"type":"Feature","geometry":{"type":"Point","coordinates":[-1.7773531,53.8337138]},"properties":{"name":"Shipley Open Market","layer":"marketplaces","note":"OpenStreetMap","osm_id":"way/89632025","osm_url":"https://www.openstreetmap.org/way/89632025","source":"OpenStreetMap"}},{"type":"Feature","geometry":{"type":"Point","coordinates":[-2.0925198,53.48931]},"properties":{"name":"Ashton Indoor Market","layer":"marketplaces","note":"OpenStreetMap","osm_id":"way/89784096","osm_url":"https://www.openstreetmap.org/way/89784096","source":"OpenStreetMap"}},{"type":"Feature","geometry":{"type":"Point","coordinates":[-0.1604196,51.490885]},"properties":{"name":"Duke of York Square Fine Food Market","layer":"marketplaces","note":"OpenStreetMap","osm_id":"way/900260769","osm_url":"https://www.openstreetmap.org/way/900260769","source":"OpenStreetMap"}},{"type":"Feature","geometry":{"type":"Point","coordinates":[-2.592554,53.388294]},"properties":{"name":"Warrington Market","layer":"marketplaces","note":"OpenStreetMap","osm_id":"way/904191851","osm_url":"https://www.openstreetmap.org/way/904191851","source":"OpenStreetMap"}},{"type":"Feature","geometry":{"type":"Point","coordinates":[-2.992138,53.0459599]},"properties":{"name":"General Market","layer":"marketplaces","note":"OpenStreetMap","osm_id":"way/904730607","osm_url":"https://www.openstreetmap.org/way/904730607","source":"OpenStreetMap"}},{"type":"Feature","geometry":{"type":"Point","coordinates":[-1.3359012,52.0623254]},"properties":{"name":"Banbury Charter and Farmer's Markets","layer":"marketplaces","note":"OpenStreetMap","osm_id":"way/906152051","osm_url":"https://www.openstreetmap.org/way/906152051","source":"OpenStreetMap"}},{"type":"Feature","geometry":{"type":"Point","coordinates":[-1.0650137,53.7683708]},"properties":{"name":"Selby Livestock Auction Mart","layer":"marketplaces","note":"Selby Auction Mart Ltd","osm_id":"way/91030681","osm_url":"https://www.openstreetmap.org/way/91030681","source":"OpenStreetMap","brand":"Selby Auction Mart Ltd"}},{"type":"Feature","geometry":{"type":"Point","coordinates":[-2.3264058,53.7055398]},"properties":{"name":"Marketplace","layer":"marketplaces","note":"OpenStreetMap","osm_id":"way/914323481","osm_url":"https://www.openstreetmap.org/way/914323481","source":"OpenStreetMap"}},{"type":"Feature","geometry":{"type":"Point","coordinates":[1.1300521,51.3717413]},"properties":{"name":"Herne Bay Market","layer":"marketplaces","note":"OpenStreetMap","osm_id":"way/915586535","osm_url":"https://www.openstreetmap.org/way/915586535","source":"OpenStreetMap"}},{"type":"Feature","geometry":{"type":"Point","coordinates":[-1.4790875,53.3944214]},"properties":{"name":"Steel Yard Kelham","layer":"marketplaces","note":"OpenStreetMap","osm_id":"way/916926729","osm_url":"https://www.openstreetmap.org/way/916926729","source":"OpenStreetMap"}},{"type":"Feature","geometry":{"type":"Point","coordinates":[-4.1453444,50.5456758]},"properties":{"name":"Tavistock Livestock Market","layer":"marketplaces","note":"OpenStreetMap","osm_id":"way/918870096","osm_url":"https://www.openstreetmap.org/way/918870096","source":"OpenStreetMap"}},{"type":"Feature","geometry":{"type":"Point","coordinates":[-0.1666543,51.4284366]},"properties":{"name":"Broadway Market","layer":"marketplaces","note":"OpenStreetMap","osm_id":"way/921514067","osm_url":"https://www.openstreetmap.org/way/921514067","source":"OpenStreetMap"}},{"type":"Feature","geometry":{"type":"Point","coordinates":[-0.1660218,51.4289958]},"properties":{"name":"Tooting Market","layer":"marketplaces","note":"OpenStreetMap","osm_id":"way/921514069","osm_url":"https://www.openstreetmap.org/way/921514069","source":"OpenStreetMap"}},{"type":"Feature","geometry":{"type":"Point","coordinates":[-1.3112957,53.6913325]},"properties":{"name":"Pontefract Outdoor Market","layer":"marketplaces","note":"Wakefield Markets","osm_id":"way/927452015","osm_url":"https://www.openstreetmap.org/way/927452015","source":"OpenStreetMap","brand":"Wakefield Markets"}},{"type":"Feature","geometry":{"type":"Point","coordinates":[-6.333265,54.4627926]},"properties":{"name":"Marketplace","layer":"marketplaces","note":"OpenStreetMap","osm_id":"way/929003760","osm_url":"https://www.openstreetmap.org/way/929003760","source":"OpenStreetMap"}},{"type":"Feature","geometry":{"type":"Point","coordinates":[-4.1510302,50.3697009]},"properties":{"name":"The Clipper","layer":"marketplaces","note":"Nudge","osm_id":"way/934729707","osm_url":"https://www.openstreetmap.org/way/934729707","source":"OpenStreetMap","brand":"Nudge"}},{"type":"Feature","geometry":{"type":"Point","coordinates":[-0.2261498,51.5039461]},"properties":{"name":"Shepherd's Bush Market","layer":"marketplaces","note":"OpenStreetMap","osm_id":"way/936238932","osm_url":"https://www.openstreetmap.org/way/936238932","source":"OpenStreetMap"}},{"type":"Feature","geometry":{"type":"Point","coordinates":[-0.2267944,51.5047841]},"properties":{"name":"The New Shepherd's Bush Market","layer":"marketplaces","note":"OpenStreetMap","osm_id":"way/936574178","osm_url":"https://www.openstreetmap.org/way/936574178","source":"OpenStreetMap"}},{"type":"Feature","geometry":{"type":"Point","coordinates":[-2.1177079,52.7264262]},"properties":{"name":"Penkridge Market","layer":"marketplaces","note":"OpenStreetMap","osm_id":"way/93719858","osm_url":"https://www.openstreetmap.org/way/93719858","source":"OpenStreetMap"}},{"type":"Feature","geometry":{"type":"Point","coordinates":[-2.1176319,52.7265991]},"properties":{"name":"Penkridge Market","layer":"marketplaces","note":"OpenStreetMap","osm_id":"way/93719887","osm_url":"https://www.openstreetmap.org/way/93719887","source":"OpenStreetMap"}},{"type":"Feature","geometry":{"type":"Point","coordinates":[-2.4193348,52.5356616]},"properties":{"name":"Market Hall","layer":"marketplaces","note":"OpenStreetMap","osm_id":"way/942351042","osm_url":"https://www.openstreetmap.org/way/942351042","source":"OpenStreetMap"}},{"type":"Feature","geometry":{"type":"Point","coordinates":[-0.1222569,51.5114739]},"properties":{"name":"Jubilee Market Hall","layer":"marketplaces","note":"OpenStreetMap","osm_id":"way/95127018","osm_url":"https://www.openstreetmap.org/way/95127018","source":"OpenStreetMap"}},{"type":"Feature","geometry":{"type":"Point","coordinates":[-2.7332844,53.7519115]},"properties":{"name":"Penwortham Farmers Market","layer":"marketplaces","note":"OpenStreetMap","osm_id":"way/952027257","osm_url":"https://www.openstreetmap.org/way/952027257","source":"OpenStreetMap"}},{"type":"Feature","geometry":{"type":"Point","coordinates":[-1.4264265,51.5886134]},"properties":{"name":"Wantage Town Market","layer":"marketplaces","note":"OpenStreetMap","osm_id":"way/95213939","osm_url":"https://www.openstreetmap.org/way/95213939","source":"OpenStreetMap"}},{"type":"Feature","geometry":{"type":"Point","coordinates":[-1.1378777,52.9547167]},"properties":{"name":"Sneinton Market","layer":"marketplaces","note":"OpenStreetMap","osm_id":"way/95657860","osm_url":"https://www.openstreetmap.org/way/95657860","source":"OpenStreetMap"}},{"type":"Feature","geometry":{"type":"Point","coordinates":[-1.214145,54.5718111]},"properties":{"name":"North Ormesby Market","layer":"marketplaces","note":"OpenStreetMap","osm_id":"way/96366792","osm_url":"https://www.openstreetmap.org/way/96366792","source":"OpenStreetMap"}},{"type":"Feature","geometry":{"type":"Point","coordinates":[-2.5966512,53.4239]},"properties":{"name":"Warrington's Favourite Car Boot Sale","layer":"marketplaces","note":"OpenStreetMap","osm_id":"way/963668543","osm_url":"https://www.openstreetmap.org/way/963668543","source":"OpenStreetMap"}},{"type":"Feature","geometry":{"type":"Point","coordinates":[1.1060758,51.8608731]},"properties":{"name":"Weeley Car Boot","layer":"marketplaces","note":"OpenStreetMap","osm_id":"way/964875061","osm_url":"https://www.openstreetmap.org/way/964875061","source":"OpenStreetMap"}},{"type":"Feature","geometry":{"type":"Point","coordinates":[0.4864418,52.9382687]},"properties":{"name":"Hunstanton Market","layer":"marketplaces","note":"OpenStreetMap","osm_id":"way/969801731","osm_url":"https://www.openstreetmap.org/way/969801731","source":"OpenStreetMap"}},{"type":"Feature","geometry":{"type":"Point","coordinates":[-0.0087587,51.4804341]},"properties":{"name":"The Greenwich Vintage Market","layer":"marketplaces","note":"OpenStreetMap","osm_id":"way/973163217","osm_url":"https://www.openstreetmap.org/way/973163217","source":"OpenStreetMap"}},{"type":"Feature","geometry":{"type":"Point","coordinates":[-3.4425266,51.7130365]},"properties":{"name":"Market Hall","layer":"marketplaces","note":"OpenStreetMap","osm_id":"way/97322243","osm_url":"https://www.openstreetmap.org/way/97322243","source":"OpenStreetMap"}},{"type":"Feature","geometry":{"type":"Point","coordinates":[-2.8940106,53.1920211]},"properties":{"name":"Chester Market","layer":"marketplaces","note":"Cheshire West and Chester Council","osm_id":"way/973350844","osm_url":"https://www.openstreetmap.org/way/973350844","source":"OpenStreetMap","brand":"Cheshire West and Chester Council"}},{"type":"Feature","geometry":{"type":"Point","coordinates":[-1.3116906,51.0628914]},"properties":{"name":"Marketplace","layer":"marketplaces","note":"OpenStreetMap","osm_id":"way/97508224","osm_url":"https://www.openstreetmap.org/way/97508224","source":"OpenStreetMap"}},{"type":"Feature","geometry":{"type":"Point","coordinates":[-1.177654,54.580242]},"properties":{"name":"Marketplace","layer":"marketplaces","note":"OpenStreetMap","osm_id":"way/97538811","osm_url":"https://www.openstreetmap.org/way/97538811","source":"OpenStreetMap"}},{"type":"Feature","geometry":{"type":"Point","coordinates":[-1.1325182,53.5248588]},"properties":{"name":"Doncaster Market","layer":"marketplaces","note":"Doncaster Council","osm_id":"way/988999241","osm_url":"https://www.openstreetmap.org/way/988999241","source":"OpenStreetMap","brand":"Doncaster Council"}}]}
