{"type":"FeatureCollection","features":[{"type":"Feature","geometry":{"type":"Point","coordinates":[0.3996518,52.7558553]},"properties":{"name":"One Hundred","layer":"nightclubs","note":"OpenStreetMap","osm_id":"node/10064209017","osm_url":"https://www.openstreetmap.org/node/10064209017","source":"OpenStreetMap"}},{"type":"Feature","geometry":{"type":"Point","coordinates":[-1.4765861,53.3812937]},"properties":{"name":"FEZ","layer":"nightclubs","note":"OpenStreetMap","osm_id":"node/10138024710","osm_url":"https://www.openstreetmap.org/node/10138024710","source":"OpenStreetMap"}},{"type":"Feature","geometry":{"type":"Point","coordinates":[-0.1489185,52.789187]},"properties":{"name":"XO","layer":"nightclubs","note":"OpenStreetMap","osm_id":"node/10169516807","osm_url":"https://www.openstreetmap.org/node/10169516807","source":"OpenStreetMap"}},{"type":"Feature","geometry":{"type":"Point","coordinates":[-2.4270901,53.5774554]},"properties":{"name":"Ikonic","layer":"nightclubs","note":"OpenStreetMap","osm_id":"node/1022070087","osm_url":"https://www.openstreetmap.org/node/1022070087","source":"OpenStreetMap"}},{"type":"Feature","geometry":{"type":"Point","coordinates":[-2.9875339,53.4066973]},"properties":{"name":"Heaven","layer":"nightclubs","note":"OpenStreetMap","osm_id":"node/10234611883","osm_url":"https://www.openstreetmap.org/node/10234611883","source":"OpenStreetMap"}},{"type":"Feature","geometry":{"type":"Point","coordinates":[-2.9877617,53.4062529]},"properties":{"name":"Flares","layer":"nightclubs","note":"Stonegate","osm_id":"node/10234611884","osm_url":"https://www.openstreetmap.org/node/10234611884","source":"OpenStreetMap","brand":"Stonegate"}},{"type":"Feature","geometry":{"type":"Point","coordinates":[0.8747253,51.1447639]},"properties":{"name":"Cameo","layer":"nightclubs","note":"OpenStreetMap","osm_id":"node/1026964751","osm_url":"https://www.openstreetmap.org/node/1026964751","source":"OpenStreetMap"}},{"type":"Feature","geometry":{"type":"Point","coordinates":[-1.6116361,54.9706257]},"properties":{"name":"Flares","layer":"nightclubs","note":"Stonegate","osm_id":"node/102817269","osm_url":"https://www.openstreetmap.org/node/102817269","source":"OpenStreetMap","brand":"Stonegate"}},{"type":"Feature","geometry":{"type":"Point","coordinates":[0.8999378,51.8899231]},"properties":{"name":"Trilogy","layer":"nightclubs","note":"OpenStreetMap","osm_id":"node/1029517623","osm_url":"https://www.openstreetmap.org/node/1029517623","source":"OpenStreetMap"}},{"type":"Feature","geometry":{"type":"Point","coordinates":[-1.968504,51.7158109]},"properties":{"name":"ReVA","layer":"nightclubs","note":"OpenStreetMap","osm_id":"node/10313737260","osm_url":"https://www.openstreetmap.org/node/10313737260","source":"OpenStreetMap"}},{"type":"Feature","geometry":{"type":"Point","coordinates":[-0.0266516,52.9766611]},"properties":{"name":"Inferno","layer":"nightclubs","note":"OpenStreetMap","osm_id":"node/10542905346","osm_url":"https://www.openstreetmap.org/node/10542905346","source":"OpenStreetMap"}},{"type":"Feature","geometry":{"type":"Point","coordinates":[-6.5403284,53.5136952]},"properties":{"name":"Glow","layer":"nightclubs","note":"OpenStreetMap","osm_id":"node/10544259184","osm_url":"https://www.openstreetmap.org/node/10544259184","source":"OpenStreetMap"}},{"type":"Feature","geometry":{"type":"Point","coordinates":[-1.2345502,54.5785066]},"properties":{"name":"Stereo","layer":"nightclubs","note":"OpenStreetMap","osm_id":"node/10554402073","osm_url":"https://www.openstreetmap.org/node/10554402073","source":"OpenStreetMap"}},{"type":"Feature","geometry":{"type":"Point","coordinates":[-1.4708286,53.3768847]},"properties":{"name":"Hazy Club","layer":"nightclubs","note":"OpenStreetMap","osm_id":"node/10581452200","osm_url":"https://www.openstreetmap.org/node/10581452200","source":"OpenStreetMap"}},{"type":"Feature","geometry":{"type":"Point","coordinates":[-7.2997271,53.034038]},"properties":{"name":"The Vault","layer":"nightclubs","note":"OpenStreetMap","osm_id":"node/10617894790","osm_url":"https://www.openstreetmap.org/node/10617894790","source":"OpenStreetMap"}},{"type":"Feature","geometry":{"type":"Point","coordinates":[-1.5759909,54.7782032]},"properties":{"name":"Bohemia","layer":"nightclubs","note":"OpenStreetMap","osm_id":"node/10684040826","osm_url":"https://www.openstreetmap.org/node/10684040826","source":"OpenStreetMap"}},{"type":"Feature","geometry":{"type":"Point","coordinates":[-0.3373532,53.7421715]},"properties":{"name":"Tunnel","layer":"nightclubs","note":"OpenStreetMap","osm_id":"node/10707900335","osm_url":"https://www.openstreetmap.org/node/10707900335","source":"OpenStreetMap"}},{"type":"Feature","geometry":{"type":"Point","coordinates":[-0.3377777,53.7423257]},"properties":{"name":"ATIK","layer":"nightclubs","note":"OpenStreetMap","osm_id":"node/10707900336","osm_url":"https://www.openstreetmap.org/node/10707900336","source":"OpenStreetMap"}},{"type":"Feature","geometry":{"type":"Point","coordinates":[-0.0686499,51.4847275]},"properties":{"name":"Club 701","layer":"nightclubs","note":"OpenStreetMap","osm_id":"node/10713085507","osm_url":"https://www.openstreetmap.org/node/10713085507","source":"OpenStreetMap"}},{"type":"Feature","geometry":{"type":"Point","coordinates":[-2.5169625,52.7009275]},"properties":{"name":"Nightclub","layer":"nightclubs","note":"OpenStreetMap","osm_id":"node/10753550427","osm_url":"https://www.openstreetmap.org/node/10753550427","source":"OpenStreetMap"}},{"type":"Feature","geometry":{"type":"Point","coordinates":[0.0821708,51.5635302]},"properties":{"name":"Smade Lounge","layer":"nightclubs","note":"OpenStreetMap","osm_id":"node/10764706647","osm_url":"https://www.openstreetmap.org/node/10764706647","source":"OpenStreetMap"}},{"type":"Feature","geometry":{"type":"Point","coordinates":[-2.2516302,53.4923872]},"properties":{"name":"The White Hotel","layer":"nightclubs","note":"OpenStreetMap","osm_id":"node/10771217705","osm_url":"https://www.openstreetmap.org/node/10771217705","source":"OpenStreetMap"}},{"type":"Feature","geometry":{"type":"Point","coordinates":[-3.9821296,55.8658386]},"properties":{"name":"Diamonds Nightclub","layer":"nightclubs","note":"OpenStreetMap","osm_id":"node/10780213077","osm_url":"https://www.openstreetmap.org/node/10780213077","source":"OpenStreetMap"}},{"type":"Feature","geometry":{"type":"Point","coordinates":[-2.9814568,53.403009]},"properties":{"name":"54 Liverpool","layer":"nightclubs","note":"OpenStreetMap","osm_id":"node/10799870554","osm_url":"https://www.openstreetmap.org/node/10799870554","source":"OpenStreetMap"}},{"type":"Feature","geometry":{"type":"Point","coordinates":[-0.0252589,51.474703]},"properties":{"name":"The Bunker","layer":"nightclubs","note":"OpenStreetMap","osm_id":"node/10881838311","osm_url":"https://www.openstreetmap.org/node/10881838311","source":"OpenStreetMap"}},{"type":"Feature","geometry":{"type":"Point","coordinates":[-2.2367202,53.4896992]},"properties":{"name":"Arch 12","layer":"nightclubs","note":"OpenStreetMap","osm_id":"node/10887210305","osm_url":"https://www.openstreetmap.org/node/10887210305","source":"OpenStreetMap"}},{"type":"Feature","geometry":{"type":"Point","coordinates":[-1.5573066,54.524293]},"properties":{"name":"Ignite Darlington","layer":"nightclubs","note":"OpenStreetMap","osm_id":"node/10932246080","osm_url":"https://www.openstreetmap.org/node/10932246080","source":"OpenStreetMap"}},{"type":"Feature","geometry":{"type":"Point","coordinates":[-2.9884104,53.4067184]},"properties":{"name":"Jaloux","layer":"nightclubs","note":"OpenStreetMap","osm_id":"node/10933962011","osm_url":"https://www.openstreetmap.org/node/10933962011","source":"OpenStreetMap"}},{"type":"Feature","geometry":{"type":"Point","coordinates":[-2.9883498,53.4067368]},"properties":{"name":"Dorothy's Showbar","layer":"nightclubs","note":"OpenStreetMap","osm_id":"node/10933962012","osm_url":"https://www.openstreetmap.org/node/10933962012","source":"OpenStreetMap"}},{"type":"Feature","geometry":{"type":"Point","coordinates":[-0.7654918,51.2503881]},"properties":{"name":"Vybe Bar & Nightclub","layer":"nightclubs","note":"OpenStreetMap","osm_id":"node/10965364950","osm_url":"https://www.openstreetmap.org/node/10965364950","source":"OpenStreetMap"}},{"type":"Feature","geometry":{"type":"Point","coordinates":[-0.1308993,51.51323]},"properties":{"name":"She Soho","layer":"nightclubs","note":"OpenStreetMap","osm_id":"node/10968314400","osm_url":"https://www.openstreetmap.org/node/10968314400","source":"OpenStreetMap"}},{"type":"Feature","geometry":{"type":"Point","coordinates":[-1.4747694,53.3745718]},"properties":{"name":"RETRO","layer":"nightclubs","note":"OpenStreetMap","osm_id":"node/10978366330","osm_url":"https://www.openstreetmap.org/node/10978366330","source":"OpenStreetMap"}},{"type":"Feature","geometry":{"type":"Point","coordinates":[-4.0862786,52.4142462]},"properties":{"name":"Yokos Nightclub","layer":"nightclubs","note":"SY23","osm_id":"node/10978530169","osm_url":"https://www.openstreetmap.org/node/10978530169","source":"OpenStreetMap","brand":"SY23"}},{"type":"Feature","geometry":{"type":"Point","coordinates":[-4.2691869,55.8659746]},"properties":{"name":"Box","layer":"nightclubs","note":"OpenStreetMap","osm_id":"node/10989027572","osm_url":"https://www.openstreetmap.org/node/10989027572","source":"OpenStreetMap"}},{"type":"Feature","geometry":{"type":"Point","coordinates":[-2.993391,53.4055304]},"properties":{"name":"Noir","layer":"nightclubs","note":"OpenStreetMap","osm_id":"node/10995298825","osm_url":"https://www.openstreetmap.org/node/10995298825","source":"OpenStreetMap"}},{"type":"Feature","geometry":{"type":"Point","coordinates":[-3.1960772,55.9535658]},"properties":{"name":"Shanghai Club","layer":"nightclubs","note":"OpenStreetMap","osm_id":"node/11042738372","osm_url":"https://www.openstreetmap.org/node/11042738372","source":"OpenStreetMap"}},{"type":"Feature","geometry":{"type":"Point","coordinates":[-3.1728511,51.4821981]},"properties":{"name":"Pulse","layer":"nightclubs","note":"OpenStreetMap","osm_id":"node/1104510171","osm_url":"https://www.openstreetmap.org/node/1104510171","source":"OpenStreetMap"}},{"type":"Feature","geometry":{"type":"Point","coordinates":[0.0170313,51.4062232]},"properties":{"name":"Cocktail Academia","layer":"nightclubs","note":"OpenStreetMap","osm_id":"node/11068119080","osm_url":"https://www.openstreetmap.org/node/11068119080","source":"OpenStreetMap"}},{"type":"Feature","geometry":{"type":"Point","coordinates":[-0.0197357,51.4449024]},"properties":{"name":"Club Ice Lounge","layer":"nightclubs","note":"OpenStreetMap","osm_id":"node/11089376886","osm_url":"https://www.openstreetmap.org/node/11089376886","source":"OpenStreetMap"}},{"type":"Feature","geometry":{"type":"Point","coordinates":[-9.9118214,51.6505114]},"properties":{"name":"The Beacon","layer":"nightclubs","note":"OpenStreetMap","osm_id":"node/11104776127","osm_url":"https://www.openstreetmap.org/node/11104776127","source":"OpenStreetMap"}},{"type":"Feature","geometry":{"type":"Point","coordinates":[-3.1757537,51.4832563]},"properties":{"name":"District","layer":"nightclubs","note":"OpenStreetMap","osm_id":"node/11136823955","osm_url":"https://www.openstreetmap.org/node/11136823955","source":"OpenStreetMap"}},{"type":"Feature","geometry":{"type":"Point","coordinates":[-2.4550435,50.6076009]},"properties":{"name":"Popworld","layer":"nightclubs","note":"Stonegate","osm_id":"node/11147296930","osm_url":"https://www.openstreetmap.org/node/11147296930","source":"OpenStreetMap","brand":"Stonegate"}},{"type":"Feature","geometry":{"type":"Point","coordinates":[-3.9743516,55.8665743]},"properties":{"name":"CLB BLK","layer":"nightclubs","note":"OpenStreetMap","osm_id":"node/11158755232","osm_url":"https://www.openstreetmap.org/node/11158755232","source":"OpenStreetMap"}},{"type":"Feature","geometry":{"type":"Point","coordinates":[-0.1413561,50.8196824]},"properties":{"name":"Tide Club","layer":"nightclubs","note":"OpenStreetMap","osm_id":"node/11182160517","osm_url":"https://www.openstreetmap.org/node/11182160517","source":"OpenStreetMap"}},{"type":"Feature","geometry":{"type":"Point","coordinates":[-1.4733883,53.3803671]},"properties":{"name":"ORB","layer":"nightclubs","note":"OpenStreetMap","osm_id":"node/11198611693","osm_url":"https://www.openstreetmap.org/node/11198611693","source":"OpenStreetMap"}},{"type":"Feature","geometry":{"type":"Point","coordinates":[0.7137358,51.5399561]},"properties":{"name":"Hero's Sports Bar & Grill","layer":"nightclubs","note":"OpenStreetMap","osm_id":"node/11236367792","osm_url":"https://www.openstreetmap.org/node/11236367792","source":"OpenStreetMap"}},{"type":"Feature","geometry":{"type":"Point","coordinates":[0.0012734,51.5404309]},"properties":{"name":"Nightclub","layer":"nightclubs","note":"Cococure Haus","osm_id":"node/11266512409","osm_url":"https://www.openstreetmap.org/node/11266512409","source":"OpenStreetMap","brand":"Cococure Haus"}},{"type":"Feature","geometry":{"type":"Point","coordinates":[-0.3001784,51.4114692]},"properties":{"name":"Circuit","layer":"nightclubs","note":"OpenStreetMap","osm_id":"node/11267868904","osm_url":"https://www.openstreetmap.org/node/11267868904","source":"OpenStreetMap"}},{"type":"Feature","geometry":{"type":"Point","coordinates":[-1.2625427,52.3711631]},"properties":{"name":"Zinc","layer":"nightclubs","note":"Stonegate","osm_id":"node/11269955865","osm_url":"https://www.openstreetmap.org/node/11269955865","source":"OpenStreetMap","brand":"Stonegate"}},{"type":"Feature","geometry":{"type":"Point","coordinates":[-7.9107404,53.0957859]},"properties":{"name":"Melba's Nightclub","layer":"nightclubs","note":"OpenStreetMap","osm_id":"node/11280503162","osm_url":"https://www.openstreetmap.org/node/11280503162","source":"OpenStreetMap"}},{"type":"Feature","geometry":{"type":"Point","coordinates":[-1.9025365,52.4854462]},"properties":{"name":"Tunnel Club","layer":"nightclubs","note":"OpenStreetMap","osm_id":"node/1135409071","osm_url":"https://www.openstreetmap.org/node/1135409071","source":"OpenStreetMap"}},{"type":"Feature","geometry":{"type":"Point","coordinates":[-2.1100799,57.1457161]},"properties":{"name":"Venga","layer":"nightclubs","note":"OpenStreetMap","osm_id":"node/11357179482","osm_url":"https://www.openstreetmap.org/node/11357179482","source":"OpenStreetMap"}},{"type":"Feature","geometry":{"type":"Point","coordinates":[0.7109765,51.5396444]},"properties":{"name":"Revolution","layer":"nightclubs","note":"OpenStreetMap","osm_id":"node/11475844544","osm_url":"https://www.openstreetmap.org/node/11475844544","source":"OpenStreetMap"}},{"type":"Feature","geometry":{"type":"Point","coordinates":[-6.9690723,54.2487783]},"properties":{"name":"Spy","layer":"nightclubs","note":"OpenStreetMap","osm_id":"node/11505428748","osm_url":"https://www.openstreetmap.org/node/11505428748","source":"OpenStreetMap"}},{"type":"Feature","geometry":{"type":"Point","coordinates":[-2.9797129,51.3470037]},"properties":{"name":"Popworld","layer":"nightclubs","note":"OpenStreetMap","osm_id":"node/11514647385","osm_url":"https://www.openstreetmap.org/node/11514647385","source":"OpenStreetMap"}},{"type":"Feature","geometry":{"type":"Point","coordinates":[1.155767,51.7879731]},"properties":{"name":"Ocean House","layer":"nightclubs","note":"OpenStreetMap","osm_id":"node/11545647848","osm_url":"https://www.openstreetmap.org/node/11545647848","source":"OpenStreetMap"}},{"type":"Feature","geometry":{"type":"Point","coordinates":[-0.1434176,50.8208544]},"properties":{"name":"Casablanca Jazz Club","layer":"nightclubs","note":"OpenStreetMap","osm_id":"node/1155446685","osm_url":"https://www.openstreetmap.org/node/1155446685","source":"OpenStreetMap"}},{"type":"Feature","geometry":{"type":"Point","coordinates":[-3.1748346,51.4389976]},"properties":{"name":"baroque bar and nightclub","layer":"nightclubs","note":"OpenStreetMap","osm_id":"node/11584120286","osm_url":"https://www.openstreetmap.org/node/11584120286","source":"OpenStreetMap"}},{"type":"Feature","geometry":{"type":"Point","coordinates":[-4.5733407,55.9437748]},"properties":{"name":"G82 The Club","layer":"nightclubs","note":"OpenStreetMap","osm_id":"node/11587675865","osm_url":"https://www.openstreetmap.org/node/11587675865","source":"OpenStreetMap"}},{"type":"Feature","geometry":{"type":"Point","coordinates":[-1.5662661,53.7956472]},"properties":{"name":"Project House","layer":"nightclubs","note":"OpenStreetMap","osm_id":"node/11637605269","osm_url":"https://www.openstreetmap.org/node/11637605269","source":"OpenStreetMap"}},{"type":"Feature","geometry":{"type":"Point","coordinates":[-3.3280021,51.587815]},"properties":{"name":"Eclipse","layer":"nightclubs","note":"OpenStreetMap","osm_id":"node/1167983310","osm_url":"https://www.openstreetmap.org/node/1167983310","source":"OpenStreetMap"}},{"type":"Feature","geometry":{"type":"Point","coordinates":[-0.9716745,51.4568582]},"properties":{"name":"Club Era","layer":"nightclubs","note":"OpenStreetMap","osm_id":"node/11739525866","osm_url":"https://www.openstreetmap.org/node/11739525866","source":"OpenStreetMap"}},{"type":"Feature","geometry":{"type":"Point","coordinates":[-0.0484179,51.4849178]},"properties":{"name":"Venue MOT","layer":"nightclubs","note":"OpenStreetMap","osm_id":"node/11769967565","osm_url":"https://www.openstreetmap.org/node/11769967565","source":"OpenStreetMap"}},{"type":"Feature","geometry":{"type":"Point","coordinates":[-6.2544737,53.3334397]},"properties":{"name":"Angel's","layer":"nightclubs","note":"OpenStreetMap","osm_id":"node/11787346348","osm_url":"https://www.openstreetmap.org/node/11787346348","source":"OpenStreetMap"}},{"type":"Feature","geometry":{"type":"Point","coordinates":[-0.0244027,52.9773887]},"properties":{"name":"Assembly Rooms","layer":"nightclubs","note":"OpenStreetMap","osm_id":"node/1180826566","osm_url":"https://www.openstreetmap.org/node/1180826566","source":"OpenStreetMap"}},{"type":"Feature","geometry":{"type":"Point","coordinates":[-1.2082965,52.7729035]},"properties":{"name":"Firefly","layer":"nightclubs","note":"OpenStreetMap","osm_id":"node/11823005714","osm_url":"https://www.openstreetmap.org/node/11823005714","source":"OpenStreetMap"}},{"type":"Feature","geometry":{"type":"Point","coordinates":[-2.9650424,57.6758839]},"properties":{"name":"Purple Nightclub","layer":"nightclubs","note":"OpenStreetMap","osm_id":"node/11824188836","osm_url":"https://www.openstreetmap.org/node/11824188836","source":"OpenStreetMap"}},{"type":"Feature","geometry":{"type":"Point","coordinates":[-0.7604229,52.0389828]},"properties":{"name":"Bistro Live","layer":"nightclubs","note":"OpenStreetMap","osm_id":"node/11840412559","osm_url":"https://www.openstreetmap.org/node/11840412559","source":"OpenStreetMap"}},{"type":"Feature","geometry":{"type":"Point","coordinates":[-8.9302259,53.267962]},"properties":{"name":"Keanes Music Venue","layer":"nightclubs","note":"OpenStreetMap","osm_id":"node/11871745424","osm_url":"https://www.openstreetmap.org/node/11871745424","source":"OpenStreetMap"}},{"type":"Feature","geometry":{"type":"Point","coordinates":[-0.1110929,51.5038707]},"properties":{"name":"Alaska - Waterloo","layer":"nightclubs","note":"OpenStreetMap","osm_id":"node/11876483273","osm_url":"https://www.openstreetmap.org/node/11876483273","source":"OpenStreetMap"}},{"type":"Feature","geometry":{"type":"Point","coordinates":[-2.4667202,56.7085168]},"properties":{"name":"Utopia","layer":"nightclubs","note":"OpenStreetMap","osm_id":"node/11878785713","osm_url":"https://www.openstreetmap.org/node/11878785713","source":"OpenStreetMap"}},{"type":"Feature","geometry":{"type":"Point","coordinates":[-3.6094088,55.0693093]},"properties":{"name":"Chancer's","layer":"nightclubs","note":"OpenStreetMap","osm_id":"node/11906814114","osm_url":"https://www.openstreetmap.org/node/11906814114","source":"OpenStreetMap"}},{"type":"Feature","geometry":{"type":"Point","coordinates":[-2.2990646,53.5926707]},"properties":{"name":"Club 66","layer":"nightclubs","note":"OpenStreetMap","osm_id":"node/11907076030","osm_url":"https://www.openstreetmap.org/node/11907076030","source":"OpenStreetMap"}},{"type":"Feature","geometry":{"type":"Point","coordinates":[-3.0551594,53.8179327]},"properties":{"name":"Hush","layer":"nightclubs","note":"OpenStreetMap","osm_id":"node/11915781719","osm_url":"https://www.openstreetmap.org/node/11915781719","source":"OpenStreetMap"}},{"type":"Feature","geometry":{"type":"Point","coordinates":[-8.4698116,51.8983433]},"properties":{"name":"Cyprus Avenue","layer":"nightclubs","note":"OpenStreetMap","osm_id":"node/11925173866","osm_url":"https://www.openstreetmap.org/node/11925173866","source":"OpenStreetMap"}},{"type":"Feature","geometry":{"type":"Point","coordinates":[-1.7018148,52.1900248]},"properties":{"name":"The Embankment","layer":"nightclubs","note":"OpenStreetMap","osm_id":"node/11978003402","osm_url":"https://www.openstreetmap.org/node/11978003402","source":"OpenStreetMap"}},{"type":"Feature","geometry":{"type":"Point","coordinates":[-5.0686756,50.1545852]},"properties":{"name":"Club International","layer":"nightclubs","note":"OpenStreetMap","osm_id":"node/11984284462","osm_url":"https://www.openstreetmap.org/node/11984284462","source":"OpenStreetMap"}},{"type":"Feature","geometry":{"type":"Point","coordinates":[-5.0678009,50.1534651]},"properties":{"name":"The Cornish Bank","layer":"nightclubs","note":"OpenStreetMap","osm_id":"node/11984338442","osm_url":"https://www.openstreetmap.org/node/11984338442","source":"OpenStreetMap"}},{"type":"Feature","geometry":{"type":"Point","coordinates":[-6.6094445,54.7548231]},"properties":{"name":"Secrets Nightclub","layer":"nightclubs","note":"OpenStreetMap","osm_id":"node/12021278479","osm_url":"https://www.openstreetmap.org/node/12021278479","source":"OpenStreetMap"}},{"type":"Feature","geometry":{"type":"Point","coordinates":[0.0039193,51.5190727]},"properties":{"name":"FOLD","layer":"nightclubs","note":"OpenStreetMap","osm_id":"node/12043434971","osm_url":"https://www.openstreetmap.org/node/12043434971","source":"OpenStreetMap"}},{"type":"Feature","geometry":{"type":"Point","coordinates":[-3.4091636,51.6122195]},"properties":{"name":"Squares","layer":"nightclubs","note":"OpenStreetMap","osm_id":"node/1205496414","osm_url":"https://www.openstreetmap.org/node/1205496414","source":"OpenStreetMap"}},{"type":"Feature","geometry":{"type":"Point","coordinates":[-2.2259628,53.4849325]},"properties":{"name":"Sankeys","layer":"nightclubs","note":"OpenStreetMap","osm_id":"node/12077070827","osm_url":"https://www.openstreetmap.org/node/12077070827","source":"OpenStreetMap"}},{"type":"Feature","geometry":{"type":"Point","coordinates":[-4.299962,55.8645527]},"properties":{"name":"The Poetry Club","layer":"nightclubs","note":"SWG3","osm_id":"node/12078998627","osm_url":"https://www.openstreetmap.org/node/12078998627","source":"OpenStreetMap","brand":"SWG3"}},{"type":"Feature","geometry":{"type":"Point","coordinates":[-4.0767264,52.1188448]},"properties":{"name":"Minds Eye","layer":"nightclubs","note":"OpenStreetMap","osm_id":"node/12127744794","osm_url":"https://www.openstreetmap.org/node/12127744794","source":"OpenStreetMap"}},{"type":"Feature","geometry":{"type":"Point","coordinates":[-2.0061427,55.7700687]},"properties":{"name":"Green House","layer":"nightclubs","note":"OpenStreetMap","osm_id":"node/12135540216","osm_url":"https://www.openstreetmap.org/node/12135540216","source":"OpenStreetMap"}},{"type":"Feature","geometry":{"type":"Point","coordinates":[-8.6294474,52.6615745]},"properties":{"name":"Opium","layer":"nightclubs","note":"OpenStreetMap","osm_id":"node/12160039052","osm_url":"https://www.openstreetmap.org/node/12160039052","source":"OpenStreetMap"}},{"type":"Feature","geometry":{"type":"Point","coordinates":[-0.0885569,51.5054003]},"properties":{"name":"La Pollera Colora","layer":"nightclubs","note":"OpenStreetMap","osm_id":"node/12177019699","osm_url":"https://www.openstreetmap.org/node/12177019699","source":"OpenStreetMap"}},{"type":"Feature","geometry":{"type":"Point","coordinates":[-3.1928452,56.1907623]},"properties":{"name":"Styx","layer":"nightclubs","note":"OpenStreetMap","osm_id":"node/12196768288","osm_url":"https://www.openstreetmap.org/node/12196768288","source":"OpenStreetMap"}},{"type":"Feature","geometry":{"type":"Point","coordinates":[-3.8289554,57.190227]},"properties":{"name":"The Vault","layer":"nightclubs","note":"OpenStreetMap","osm_id":"node/12228267464","osm_url":"https://www.openstreetmap.org/node/12228267464","source":"OpenStreetMap"}},{"type":"Feature","geometry":{"type":"Point","coordinates":[-0.1040111,51.5467866]},"properties":{"name":"The Grace","layer":"nightclubs","note":"OpenStreetMap","osm_id":"node/12240961536","osm_url":"https://www.openstreetmap.org/node/12240961536","source":"OpenStreetMap"}},{"type":"Feature","geometry":{"type":"Point","coordinates":[-2.8835603,53.1916064]},"properties":{"name":"Co.Co.","layer":"nightclubs","note":"OpenStreetMap","osm_id":"node/12246306913","osm_url":"https://www.openstreetmap.org/node/12246306913","source":"OpenStreetMap"}},{"type":"Feature","geometry":{"type":"Point","coordinates":[0.7479332,52.4137961]},"properties":{"name":"Ice","layer":"nightclubs","note":"OpenStreetMap","osm_id":"node/1233019600","osm_url":"https://www.openstreetmap.org/node/1233019600","source":"OpenStreetMap"}},{"type":"Feature","geometry":{"type":"Point","coordinates":[-4.1359201,50.3682545]},"properties":{"name":"omg","layer":"nightclubs","note":"OpenStreetMap","osm_id":"node/12370702181","osm_url":"https://www.openstreetmap.org/node/12370702181","source":"OpenStreetMap"}},{"type":"Feature","geometry":{"type":"Point","coordinates":[-2.2170018,52.1945961]},"properties":{"name":"The Flag","layer":"nightclubs","note":"OpenStreetMap","osm_id":"node/12374670987","osm_url":"https://www.openstreetmap.org/node/12374670987","source":"OpenStreetMap"}},{"type":"Feature","geometry":{"type":"Point","coordinates":[0.4037677,52.2427963]},"properties":{"name":"The Ark Nightclub","layer":"nightclubs","note":"OpenStreetMap","osm_id":"node/1239809233","osm_url":"https://www.openstreetmap.org/node/1239809233","source":"OpenStreetMap"}},{"type":"Feature","geometry":{"type":"Point","coordinates":[-1.1417698,53.5269228]},"properties":{"name":"Doncaster Warehouse","layer":"nightclubs","note":"OpenStreetMap","osm_id":"node/12449798001","osm_url":"https://www.openstreetmap.org/node/12449798001","source":"OpenStreetMap"}},{"type":"Feature","geometry":{"type":"Point","coordinates":[-3.4337318,56.3971541]},"properties":{"name":"Ego Nightclub","layer":"nightclubs","note":"OpenStreetMap","osm_id":"node/12458900105","osm_url":"https://www.openstreetmap.org/node/12458900105","source":"OpenStreetMap"}},{"type":"Feature","geometry":{"type":"Point","coordinates":[-2.96769,56.4617487]},"properties":{"name":"Rewind","layer":"nightclubs","note":"OpenStreetMap","osm_id":"node/12500697362","osm_url":"https://www.openstreetmap.org/node/12500697362","source":"OpenStreetMap"}},{"type":"Feature","geometry":{"type":"Point","coordinates":[-1.5839826,54.9726722]},"properties":{"name":"The Grove","layer":"nightclubs","note":"OpenStreetMap","osm_id":"node/12645056589","osm_url":"https://www.openstreetmap.org/node/12645056589","source":"OpenStreetMap"}},{"type":"Feature","geometry":{"type":"Point","coordinates":[-2.7571186,52.7091472]},"properties":{"name":"Labyrinth","layer":"nightclubs","note":"OpenStreetMap","osm_id":"node/12672758164","osm_url":"https://www.openstreetmap.org/node/12672758164","source":"OpenStreetMap"}},{"type":"Feature","geometry":{"type":"Point","coordinates":[0.0168778,51.5044185]},"properties":{"name":"The Cause","layer":"nightclubs","note":"OpenStreetMap","osm_id":"node/12681133571","osm_url":"https://www.openstreetmap.org/node/12681133571","source":"OpenStreetMap"}},{"type":"Feature","geometry":{"type":"Point","coordinates":[-2.7515865,54.6650977]},"properties":{"name":"Warehouse Night Club","layer":"nightclubs","note":"OpenStreetMap","osm_id":"node/1270257624","osm_url":"https://www.openstreetmap.org/node/1270257624","source":"OpenStreetMap"}},{"type":"Feature","geometry":{"type":"Point","coordinates":[0.1201122,52.2044035]},"properties":{"name":"KiKi","layer":"nightclubs","note":"OpenStreetMap","osm_id":"node/127059763","osm_url":"https://www.openstreetmap.org/node/127059763","source":"OpenStreetMap"}},{"type":"Feature","geometry":{"type":"Point","coordinates":[-2.9978601,51.5893557]},"properties":{"name":"Mojo’s","layer":"nightclubs","note":"OpenStreetMap","osm_id":"node/12707309095","osm_url":"https://www.openstreetmap.org/node/12707309095","source":"OpenStreetMap"}},{"type":"Feature","geometry":{"type":"Point","coordinates":[1.2976903,52.6304256]},"properties":{"name":"AK","layer":"nightclubs","note":"OpenStreetMap","osm_id":"node/12715411830","osm_url":"https://www.openstreetmap.org/node/12715411830","source":"OpenStreetMap"}},{"type":"Feature","geometry":{"type":"Point","coordinates":[-8.4736517,51.8970825]},"properties":{"name":"Wilde","layer":"nightclubs","note":"OpenStreetMap","osm_id":"node/12718561102","osm_url":"https://www.openstreetmap.org/node/12718561102","source":"OpenStreetMap"}},{"type":"Feature","geometry":{"type":"Point","coordinates":[-0.1184056,51.5142025]},"properties":{"name":"Top Secret Comedy Club (23 Kingsway)","layer":"nightclubs","note":"OpenStreetMap","osm_id":"node/12794460301","osm_url":"https://www.openstreetmap.org/node/12794460301","source":"OpenStreetMap"}},{"type":"Feature","geometry":{"type":"Point","coordinates":[-0.974452,51.4565394]},"properties":{"name":"popworld","layer":"nightclubs","note":"OpenStreetMap","osm_id":"node/12806176434","osm_url":"https://www.openstreetmap.org/node/12806176434","source":"OpenStreetMap"}},{"type":"Feature","geometry":{"type":"Point","coordinates":[0.7185759,51.5334011]},"properties":{"name":"Talk","layer":"nightclubs","note":"OpenStreetMap","osm_id":"node/12855384623","osm_url":"https://www.openstreetmap.org/node/12855384623","source":"OpenStreetMap"}},{"type":"Feature","geometry":{"type":"Point","coordinates":[0.7262758,51.5320563]},"properties":{"name":"Partyland","layer":"nightclubs","note":"OpenStreetMap","osm_id":"node/12875269506","osm_url":"https://www.openstreetmap.org/node/12875269506","source":"OpenStreetMap"}},{"type":"Feature","geometry":{"type":"Point","coordinates":[-0.4661015,52.1382169]},"properties":{"name":"Six's","layer":"nightclubs","note":"OpenStreetMap","osm_id":"node/1288733401","osm_url":"https://www.openstreetmap.org/node/1288733401","source":"OpenStreetMap"}},{"type":"Feature","geometry":{"type":"Point","coordinates":[-0.6758601,50.7811779]},"properties":{"name":"Sheiks","layer":"nightclubs","note":"OpenStreetMap","osm_id":"node/12896184026","osm_url":"https://www.openstreetmap.org/node/12896184026","source":"OpenStreetMap"}},{"type":"Feature","geometry":{"type":"Point","coordinates":[-1.8944214,52.4712323]},"properties":{"name":"The Core","layer":"nightclubs","note":"OpenStreetMap","osm_id":"node/1294250863","osm_url":"https://www.openstreetmap.org/node/1294250863","source":"OpenStreetMap"}},{"type":"Feature","geometry":{"type":"Point","coordinates":[-2.2370625,53.4770393]},"properties":{"name":"Club Tropicana","layer":"nightclubs","note":"OpenStreetMap","osm_id":"node/1295097473","osm_url":"https://www.openstreetmap.org/node/1295097473","source":"OpenStreetMap"}},{"type":"Feature","geometry":{"type":"Point","coordinates":[-1.7771252,51.5513716]},"properties":{"name":"The Pulpit","layer":"nightclubs","note":"OpenStreetMap","osm_id":"node/12952412150","osm_url":"https://www.openstreetmap.org/node/12952412150","source":"OpenStreetMap"}},{"type":"Feature","geometry":{"type":"Point","coordinates":[-1.075918,50.7868097]},"properties":{"name":"Wedgewood Rooms","layer":"nightclubs","note":"OpenStreetMap","osm_id":"node/1299333364","osm_url":"https://www.openstreetmap.org/node/1299333364","source":"OpenStreetMap"}},{"type":"Feature","geometry":{"type":"Point","coordinates":[-2.7864386,55.4242803]},"properties":{"name":"Base","layer":"nightclubs","note":"OpenStreetMap","osm_id":"node/13011384033","osm_url":"https://www.openstreetmap.org/node/13011384033","source":"OpenStreetMap"}},{"type":"Feature","geometry":{"type":"Point","coordinates":[-8.477539,51.8973409]},"properties":{"name":"The Secret Garden","layer":"nightclubs","note":"OpenStreetMap","osm_id":"node/13021692298","osm_url":"https://www.openstreetmap.org/node/13021692298","source":"OpenStreetMap"}},{"type":"Feature","geometry":{"type":"Point","coordinates":[-8.4779718,51.897577]},"properties":{"name":"La Cabaret","layer":"nightclubs","note":"OpenStreetMap","osm_id":"node/13021692300","osm_url":"https://www.openstreetmap.org/node/13021692300","source":"OpenStreetMap"}},{"type":"Feature","geometry":{"type":"Point","coordinates":[-4.2671904,55.8657474]},"properties":{"name":"Mango","layer":"nightclubs","note":"OpenStreetMap","osm_id":"node/1312364676","osm_url":"https://www.openstreetmap.org/node/1312364676","source":"OpenStreetMap"}},{"type":"Feature","geometry":{"type":"Point","coordinates":[-4.2579814,55.8649166]},"properties":{"name":"Savoy","layer":"nightclubs","note":"OpenStreetMap","osm_id":"node/1312364766","osm_url":"https://www.openstreetmap.org/node/1312364766","source":"OpenStreetMap"}},{"type":"Feature","geometry":{"type":"Point","coordinates":[-0.4666541,52.136208]},"properties":{"name":"Astons","layer":"nightclubs","note":"OpenStreetMap","osm_id":"node/1314165877","osm_url":"https://www.openstreetmap.org/node/1314165877","source":"OpenStreetMap"}},{"type":"Feature","geometry":{"type":"Point","coordinates":[-3.5312766,50.7189377]},"properties":{"name":"Bomba","layer":"nightclubs","note":"OpenStreetMap","osm_id":"node/13147580029","osm_url":"https://www.openstreetmap.org/node/13147580029","source":"OpenStreetMap"}},{"type":"Feature","geometry":{"type":"Point","coordinates":[-0.1383822,51.5572911]},"properties":{"name":"Downstairs at The Dome","layer":"nightclubs","note":"Dome London Ltd","osm_id":"node/13162024712","osm_url":"https://www.openstreetmap.org/node/13162024712","source":"OpenStreetMap","brand":"Dome London Ltd"}},{"type":"Feature","geometry":{"type":"Point","coordinates":[-2.2327198,53.4834916]},"properties":{"name":"Off the Square","layer":"nightclubs","note":"OpenStreetMap","osm_id":"node/13168068701","osm_url":"https://www.openstreetmap.org/node/13168068701","source":"OpenStreetMap"}},{"type":"Feature","geometry":{"type":"Point","coordinates":[-2.2494941,53.4903228]},"properties":{"name":"Hidden","layer":"nightclubs","note":"OpenStreetMap","osm_id":"node/13168101801","osm_url":"https://www.openstreetmap.org/node/13168101801","source":"OpenStreetMap"}},{"type":"Feature","geometry":{"type":"Point","coordinates":[-2.2422497,53.4900005]},"properties":{"name":"1520 Studios","layer":"nightclubs","note":"OpenStreetMap","osm_id":"node/13168106201","osm_url":"https://www.openstreetmap.org/node/13168106201","source":"OpenStreetMap"}},{"type":"Feature","geometry":{"type":"Point","coordinates":[-2.2329323,53.4826285]},"properties":{"name":"Aatma","layer":"nightclubs","note":"OpenStreetMap","osm_id":"node/13168115001","osm_url":"https://www.openstreetmap.org/node/13168115001","source":"OpenStreetMap"}},{"type":"Feature","geometry":{"type":"Point","coordinates":[-1.5343321,53.7836525]},"properties":{"name":"Beaver Works","layer":"nightclubs","note":"OpenStreetMap","osm_id":"node/13168124202","osm_url":"https://www.openstreetmap.org/node/13168124202","source":"OpenStreetMap"}},{"type":"Feature","geometry":{"type":"Point","coordinates":[-0.0912465,51.5750212]},"properties":{"name":"Low Profile Studios","layer":"nightclubs","note":"OpenStreetMap","osm_id":"node/13168161702","osm_url":"https://www.openstreetmap.org/node/13168161702","source":"OpenStreetMap"}},{"type":"Feature","geometry":{"type":"Point","coordinates":[1.3860342,52.8211492]},"properties":{"name":"Club KA","layer":"nightclubs","note":"OpenStreetMap","osm_id":"node/13169267488","osm_url":"https://www.openstreetmap.org/node/13169267488","source":"OpenStreetMap"}},{"type":"Feature","geometry":{"type":"Point","coordinates":[-1.5713342,53.8013662]},"properties":{"name":"Freedom Mills","layer":"nightclubs","note":"OpenStreetMap","osm_id":"node/13169328202","osm_url":"https://www.openstreetmap.org/node/13169328202","source":"OpenStreetMap"}},{"type":"Feature","geometry":{"type":"Point","coordinates":[-0.0612435,51.508859]},"properties":{"name":"E1","layer":"nightclubs","note":"OpenStreetMap","osm_id":"node/13169348701","osm_url":"https://www.openstreetmap.org/node/13169348701","source":"OpenStreetMap"}},{"type":"Feature","geometry":{"type":"Point","coordinates":[-0.1301361,51.5110207]},"properties":{"name":"404 Club Not Found","layer":"nightclubs","note":"OpenStreetMap","osm_id":"node/13188879712","osm_url":"https://www.openstreetmap.org/node/13188879712","source":"OpenStreetMap"}},{"type":"Feature","geometry":{"type":"Point","coordinates":[-5.9240515,54.6022521]},"properties":{"name":"Liquid Club & Lava Lounge","layer":"nightclubs","note":"OpenStreetMap","osm_id":"node/13196790349","osm_url":"https://www.openstreetmap.org/node/13196790349","source":"OpenStreetMap"}},{"type":"Feature","geometry":{"type":"Point","coordinates":[-2.6282811,50.9407739]},"properties":{"name":"Club ZarZar","layer":"nightclubs","note":"OpenStreetMap","osm_id":"node/13197980561","osm_url":"https://www.openstreetmap.org/node/13197980561","source":"OpenStreetMap"}},{"type":"Feature","geometry":{"type":"Point","coordinates":[-0.4678013,52.1397214]},"properties":{"name":"Six's","layer":"nightclubs","note":"OpenStreetMap","osm_id":"node/1321574684","osm_url":"https://www.openstreetmap.org/node/1321574684","source":"OpenStreetMap"}},{"type":"Feature","geometry":{"type":"Point","coordinates":[-4.2572004,55.8579776]},"properties":{"name":"The Classic Grand","layer":"nightclubs","note":"OpenStreetMap","osm_id":"node/1322796841","osm_url":"https://www.openstreetmap.org/node/1322796841","source":"OpenStreetMap"}},{"type":"Feature","geometry":{"type":"Point","coordinates":[-4.2570792,55.8586358]},"properties":{"name":"Cathouse","layer":"nightclubs","note":"OpenStreetMap","osm_id":"node/1322796875","osm_url":"https://www.openstreetmap.org/node/1322796875","source":"OpenStreetMap"}},{"type":"Feature","geometry":{"type":"Point","coordinates":[-2.5690104,51.4487188]},"properties":{"name":"Motion","layer":"nightclubs","note":"OpenStreetMap","osm_id":"node/13285867957","osm_url":"https://www.openstreetmap.org/node/13285867957","source":"OpenStreetMap"}},{"type":"Feature","geometry":{"type":"Point","coordinates":[-4.5121663,55.8368367]},"properties":{"name":"Houston's Pool Party Pizza","layer":"nightclubs","note":"OpenStreetMap","osm_id":"node/13288906567","osm_url":"https://www.openstreetmap.org/node/13288906567","source":"OpenStreetMap"}},{"type":"Feature","geometry":{"type":"Point","coordinates":[-2.2141528,53.4847128]},"properties":{"name":"N/OM","layer":"nightclubs","note":"OpenStreetMap","osm_id":"node/13289915701","osm_url":"https://www.openstreetmap.org/node/13289915701","source":"OpenStreetMap"}},{"type":"Feature","geometry":{"type":"Point","coordinates":[-0.0419079,53.5375052]},"properties":{"name":"Wilton Fields","layer":"nightclubs","note":"OpenStreetMap","osm_id":"node/13316148117","osm_url":"https://www.openstreetmap.org/node/13316148117","source":"OpenStreetMap"}},{"type":"Feature","geometry":{"type":"Point","coordinates":[-0.1381847,50.826293]},"properties":{"name":"The Basement","layer":"nightclubs","note":"OpenStreetMap","osm_id":"node/1335016116","osm_url":"https://www.openstreetmap.org/node/1335016116","source":"OpenStreetMap"}},{"type":"Feature","geometry":{"type":"Point","coordinates":[-2.586028,56.5584233]},"properties":{"name":"De Vito’s","layer":"nightclubs","note":"OpenStreetMap","osm_id":"node/13374108265","osm_url":"https://www.openstreetmap.org/node/13374108265","source":"OpenStreetMap"}},{"type":"Feature","geometry":{"type":"Point","coordinates":[1.302761,52.628783]},"properties":{"name":"Kudos","layer":"nightclubs","note":"OpenStreetMap","osm_id":"node/13386552921","osm_url":"https://www.openstreetmap.org/node/13386552921","source":"OpenStreetMap"}},{"type":"Feature","geometry":{"type":"Point","coordinates":[-3.195899,51.6686219]},"properties":{"name":"Zues","layer":"nightclubs","note":"OpenStreetMap","osm_id":"node/13417955146","osm_url":"https://www.openstreetmap.org/node/13417955146","source":"OpenStreetMap"}},{"type":"Feature","geometry":{"type":"Point","coordinates":[-0.0230786,52.0480927]},"properties":{"name":"The Attic","layer":"nightclubs","note":"OpenStreetMap","osm_id":"node/13421556392","osm_url":"https://www.openstreetmap.org/node/13421556392","source":"OpenStreetMap"}},{"type":"Feature","geometry":{"type":"Point","coordinates":[-6.2618522,53.3479863]},"properties":{"name":"Index Dublin","layer":"nightclubs","note":"OpenStreetMap","osm_id":"node/13432368201","osm_url":"https://www.openstreetmap.org/node/13432368201","source":"OpenStreetMap"}},{"type":"Feature","geometry":{"type":"Point","coordinates":[-6.2639103,53.3470057]},"properties":{"name":"Yamamori Tengu","layer":"nightclubs","note":"OpenStreetMap","osm_id":"node/13432378601","osm_url":"https://www.openstreetmap.org/node/13432378601","source":"OpenStreetMap"}},{"type":"Feature","geometry":{"type":"Point","coordinates":[-3.189226,55.946206]},"properties":{"name":"People's Leisure Club","layer":"nightclubs","note":"OpenStreetMap","osm_id":"node/13438278688","osm_url":"https://www.openstreetmap.org/node/13438278688","source":"OpenStreetMap"}},{"type":"Feature","geometry":{"type":"Point","coordinates":[-6.2663419,53.3366741]},"properties":{"name":"Block","layer":"nightclubs","note":"OpenStreetMap","osm_id":"node/13457855285","osm_url":"https://www.openstreetmap.org/node/13457855285","source":"OpenStreetMap"}},{"type":"Feature","geometry":{"type":"Point","coordinates":[-2.0970834,53.7142222]},"properties":{"name":"The Blue Note","layer":"nightclubs","note":"OpenStreetMap","osm_id":"node/13459883919","osm_url":"https://www.openstreetmap.org/node/13459883919","source":"OpenStreetMap"}},{"type":"Feature","geometry":{"type":"Point","coordinates":[-2.236482,53.4706859]},"properties":{"name":"Sankeys","layer":"nightclubs","note":"OpenStreetMap","osm_id":"node/13545965814","osm_url":"https://www.openstreetmap.org/node/13545965814","source":"OpenStreetMap"}},{"type":"Feature","geometry":{"type":"Point","coordinates":[-0.1309992,51.5140269]},"properties":{"name":"Club 49","layer":"nightclubs","note":"OpenStreetMap","osm_id":"node/13571496073","osm_url":"https://www.openstreetmap.org/node/13571496073","source":"OpenStreetMap"}},{"type":"Feature","geometry":{"type":"Point","coordinates":[-0.1390378,51.5280102]},"properties":{"name":"zodiac","layer":"nightclubs","note":"OpenStreetMap","osm_id":"node/13577476901","osm_url":"https://www.openstreetmap.org/node/13577476901","source":"OpenStreetMap"}},{"type":"Feature","geometry":{"type":"Point","coordinates":[-0.1241658,51.484479]},"properties":{"name":"Fire London","layer":"nightclubs","note":"OpenStreetMap","osm_id":"node/13577489801","osm_url":"https://www.openstreetmap.org/node/13577489801","source":"OpenStreetMap"}},{"type":"Feature","geometry":{"type":"Point","coordinates":[-2.2259932,53.480269]},"properties":{"name":"idra","layer":"nightclubs","note":"OpenStreetMap","osm_id":"node/13591101001","osm_url":"https://www.openstreetmap.org/node/13591101001","source":"OpenStreetMap"}},{"type":"Feature","geometry":{"type":"Point","coordinates":[-1.7694771,53.7975714]},"properties":{"name":"TheMill","layer":"nightclubs","note":"OpenStreetMap","osm_id":"node/13605391901","osm_url":"https://www.openstreetmap.org/node/13605391901","source":"OpenStreetMap"}},{"type":"Feature","geometry":{"type":"Point","coordinates":[-2.967259,56.4635999]},"properties":{"name":"Prism","layer":"nightclubs","note":"KISS & TELL LTD","osm_id":"node/13639942228","osm_url":"https://www.openstreetmap.org/node/13639942228","source":"OpenStreetMap","brand":"KISS & TELL LTD"}},{"type":"Feature","geometry":{"type":"Point","coordinates":[-2.9677883,56.4637219]},"properties":{"name":"Pasha","layer":"nightclubs","note":"DEJA VU (SCOTLAND) LTD","osm_id":"node/13639942230","osm_url":"https://www.openstreetmap.org/node/13639942230","source":"OpenStreetMap","brand":"DEJA VU (SCOTLAND) LTD"}},{"type":"Feature","geometry":{"type":"Point","coordinates":[-1.8738009,50.7220969]},"properties":{"name":"Vinyl","layer":"nightclubs","note":"OpenStreetMap","osm_id":"node/13664999090","osm_url":"https://www.openstreetmap.org/node/13664999090","source":"OpenStreetMap"}},{"type":"Feature","geometry":{"type":"Point","coordinates":[-2.0791043,51.8979208]},"properties":{"name":"Under the Prom","layer":"nightclubs","note":"OpenStreetMap","osm_id":"node/13726213987","osm_url":"https://www.openstreetmap.org/node/13726213987","source":"OpenStreetMap"}},{"type":"Feature","geometry":{"type":"Point","coordinates":[-0.1218279,51.5188294]},"properties":{"name":"The London Cabaret Club","layer":"nightclubs","note":"OpenStreetMap","osm_id":"node/13740198601","osm_url":"https://www.openstreetmap.org/node/13740198601","source":"OpenStreetMap"}},{"type":"Feature","geometry":{"type":"Point","coordinates":[-1.4659999,52.5236231]},"properties":{"name":"labyrinth","layer":"nightclubs","note":"OpenStreetMap","osm_id":"node/13801952370","osm_url":"https://www.openstreetmap.org/node/13801952370","source":"OpenStreetMap"}},{"type":"Feature","geometry":{"type":"Point","coordinates":[-2.3784701,52.7690263]},"properties":{"name":"Mainstreet Nightclub","layer":"nightclubs","note":"OpenStreetMap","osm_id":"node/13807190401","osm_url":"https://www.openstreetmap.org/node/13807190401","source":"OpenStreetMap"}},{"type":"Feature","geometry":{"type":"Point","coordinates":[0.7140827,51.5342432]},"properties":{"name":"Royal Cellar Nightclub","layer":"nightclubs","note":"OpenStreetMap","osm_id":"node/1380902465","osm_url":"https://www.openstreetmap.org/node/1380902465","source":"OpenStreetMap"}},{"type":"Feature","geometry":{"type":"Point","coordinates":[-7.2475227,55.2500254]},"properties":{"name":"Tul na Rí","layer":"nightclubs","note":"OpenStreetMap","osm_id":"node/13840435844","osm_url":"https://www.openstreetmap.org/node/13840435844","source":"OpenStreetMap"}},{"type":"Feature","geometry":{"type":"Point","coordinates":[-4.0226654,55.8612647]},"properties":{"name":"Eden","layer":"nightclubs","note":"OpenStreetMap","osm_id":"node/13850956386","osm_url":"https://www.openstreetmap.org/node/13850956386","source":"OpenStreetMap"}},{"type":"Feature","geometry":{"type":"Point","coordinates":[-0.0811836,51.4905646]},"properties":{"name":"Borondo","layer":"nightclubs","note":"OpenStreetMap","osm_id":"node/13859056976","osm_url":"https://www.openstreetmap.org/node/13859056976","source":"OpenStreetMap"}},{"type":"Feature","geometry":{"type":"Point","coordinates":[-0.0807736,51.4902873]},"properties":{"name":"Orangutan Bunker","layer":"nightclubs","note":"OpenStreetMap","osm_id":"node/13859056981","osm_url":"https://www.openstreetmap.org/node/13859056981","source":"OpenStreetMap"}},{"type":"Feature","geometry":{"type":"Point","coordinates":[-1.5474454,53.8018331]},"properties":{"name":"Popworld","layer":"nightclubs","note":"OpenStreetMap","osm_id":"node/13860435210","osm_url":"https://www.openstreetmap.org/node/13860435210","source":"OpenStreetMap"}},{"type":"Feature","geometry":{"type":"Point","coordinates":[-0.0696576,51.4733726]},"properties":{"name":"Palais","layer":"nightclubs","note":"The Night Group","osm_id":"node/13888971664","osm_url":"https://www.openstreetmap.org/node/13888971664","source":"OpenStreetMap","brand":"The Night Group"}},{"type":"Feature","geometry":{"type":"Point","coordinates":[0.3437436,53.1425528]},"properties":{"name":"The Hive","layer":"nightclubs","note":"OpenStreetMap","osm_id":"node/13898365623","osm_url":"https://www.openstreetmap.org/node/13898365623","source":"OpenStreetMap"}},{"type":"Feature","geometry":{"type":"Point","coordinates":[-3.9814962,55.8661158]},"properties":{"name":"Angel","layer":"nightclubs","note":"OpenStreetMap","osm_id":"node/13991144617","osm_url":"https://www.openstreetmap.org/node/13991144617","source":"OpenStreetMap"}},{"type":"Feature","geometry":{"type":"Point","coordinates":[-3.9795007,55.8662375]},"properties":{"name":"Vibe","layer":"nightclubs","note":"OpenStreetMap","osm_id":"node/13998707898","osm_url":"https://www.openstreetmap.org/node/13998707898","source":"OpenStreetMap"}},{"type":"Feature","geometry":{"type":"Point","coordinates":[-0.1780021,51.4923891]},"properties":{"name":"Paloma","layer":"nightclubs","note":"OpenStreetMap","osm_id":"node/14040070075","osm_url":"https://www.openstreetmap.org/node/14040070075","source":"OpenStreetMap"}},{"type":"Feature","geometry":{"type":"Point","coordinates":[-9.5090829,52.0582595]},"properties":{"name":"Social15","layer":"nightclubs","note":"OpenStreetMap","osm_id":"node/14068679725","osm_url":"https://www.openstreetmap.org/node/14068679725","source":"OpenStreetMap"}},{"type":"Feature","geometry":{"type":"Point","coordinates":[-4.9172566,51.6760642]},"properties":{"name":"OUT","layer":"nightclubs","note":"OpenStreetMap","osm_id":"node/14085315297","osm_url":"https://www.openstreetmap.org/node/14085315297","source":"OpenStreetMap"}},{"type":"Feature","geometry":{"type":"Point","coordinates":[-0.099117,51.4975491]},"properties":{"name":"Casa Ultima","layer":"nightclubs","note":"OpenStreetMap","osm_id":"node/14087978628","osm_url":"https://www.openstreetmap.org/node/14087978628","source":"OpenStreetMap"}},{"type":"Feature","geometry":{"type":"Point","coordinates":[-1.5452734,53.8000834]},"properties":{"name":"Home","layer":"nightclubs","note":"OpenStreetMap","osm_id":"node/14115340937","osm_url":"https://www.openstreetmap.org/node/14115340937","source":"OpenStreetMap"}},{"type":"Feature","geometry":{"type":"Point","coordinates":[-3.0512616,53.8213885]},"properties":{"name":"Level 4","layer":"nightclubs","note":"OpenStreetMap","osm_id":"node/1412671403","osm_url":"https://www.openstreetmap.org/node/1412671403","source":"OpenStreetMap"}},{"type":"Feature","geometry":{"type":"Point","coordinates":[-1.1289826,52.6352201]},"properties":{"name":"Quarter25","layer":"nightclubs","note":"OpenStreetMap","osm_id":"node/14155046564","osm_url":"https://www.openstreetmap.org/node/14155046564","source":"OpenStreetMap"}},{"type":"Feature","geometry":{"type":"Point","coordinates":[-9.5067047,52.0590772]},"properties":{"name":"McSorleys","layer":"nightclubs","note":"OpenStreetMap","osm_id":"node/14178185431","osm_url":"https://www.openstreetmap.org/node/14178185431","source":"OpenStreetMap"}},{"type":"Feature","geometry":{"type":"Point","coordinates":[-0.1335333,51.5148558]},"properties":{"name":"Vanity","layer":"nightclubs","note":"OpenStreetMap","osm_id":"node/14178896009","osm_url":"https://www.openstreetmap.org/node/14178896009","source":"OpenStreetMap"}},{"type":"Feature","geometry":{"type":"Point","coordinates":[-0.1315177,51.5134509]},"properties":{"name":"Ronnie Scott's Jazz Club","layer":"nightclubs","note":"OpenStreetMap","osm_id":"node/14178896026","osm_url":"https://www.openstreetmap.org/node/14178896026","source":"OpenStreetMap"}},{"type":"Feature","geometry":{"type":"Point","coordinates":[-0.1365392,51.5137003]},"properties":{"name":"Milk and Honey","layer":"nightclubs","note":"OpenStreetMap","osm_id":"node/14178896068","osm_url":"https://www.openstreetmap.org/node/14178896068","source":"OpenStreetMap"}},{"type":"Feature","geometry":{"type":"Point","coordinates":[-0.143043,51.5396865]},"properties":{"name":"Electric Ballroom","layer":"nightclubs","note":"OpenStreetMap","osm_id":"node/14206898628","osm_url":"https://www.openstreetmap.org/node/14206898628","source":"OpenStreetMap"}},{"type":"Feature","geometry":{"type":"Point","coordinates":[-0.1431,51.5386976]},"properties":{"name":"The Jazz Cafe","layer":"nightclubs","note":"OpenStreetMap","osm_id":"node/14206898659","osm_url":"https://www.openstreetmap.org/node/14206898659","source":"OpenStreetMap"}},{"type":"Feature","geometry":{"type":"Point","coordinates":[-2.6072351,51.4561865]},"properties":{"name":"The Pearl Nightclub","layer":"nightclubs","note":"OpenStreetMap","osm_id":"node/1421820242","osm_url":"https://www.openstreetmap.org/node/1421820242","source":"OpenStreetMap"}},{"type":"Feature","geometry":{"type":"Point","coordinates":[-1.5339701,52.2855415]},"properties":{"name":"The Assembly","layer":"nightclubs","note":"OpenStreetMap","osm_id":"node/1422496562","osm_url":"https://www.openstreetmap.org/node/1422496562","source":"OpenStreetMap"}},{"type":"Feature","geometry":{"type":"Point","coordinates":[-9.4640795,52.2307348]},"properties":{"name":"Nightowls","layer":"nightclubs","note":"OpenStreetMap","osm_id":"node/1423970457","osm_url":"https://www.openstreetmap.org/node/1423970457","source":"OpenStreetMap"}},{"type":"Feature","geometry":{"type":"Point","coordinates":[-1.4785323,52.923392]},"properties":{"name":"The Blue Note Club","layer":"nightclubs","note":"OpenStreetMap","osm_id":"node/1438242149","osm_url":"https://www.openstreetmap.org/node/1438242149","source":"OpenStreetMap"}},{"type":"Feature","geometry":{"type":"Point","coordinates":[-8.623116,52.664289]},"properties":{"name":"Molly's","layer":"nightclubs","note":"OpenStreetMap","osm_id":"node/1440544980","osm_url":"https://www.openstreetmap.org/node/1440544980","source":"OpenStreetMap"}},{"type":"Feature","geometry":{"type":"Point","coordinates":[-0.178399,51.5003896]},"properties":{"name":"Metric","layer":"nightclubs","note":"Imperial College Union","osm_id":"node/1478210433","osm_url":"https://www.openstreetmap.org/node/1478210433","source":"OpenStreetMap","brand":"Imperial College Union"}},{"type":"Feature","geometry":{"type":"Point","coordinates":[-0.1433917,50.8201387]},"properties":{"name":"Coalition","layer":"nightclubs","note":"OpenStreetMap","osm_id":"node/1515288223","osm_url":"https://www.openstreetmap.org/node/1515288223","source":"OpenStreetMap"}},{"type":"Feature","geometry":{"type":"Point","coordinates":[-0.1439719,50.8222527]},"properties":{"name":"Oculist","layer":"nightclubs","note":"OpenStreetMap","osm_id":"node/1528989426","osm_url":"https://www.openstreetmap.org/node/1528989426","source":"OpenStreetMap"}},{"type":"Feature","geometry":{"type":"Point","coordinates":[-4.2496282,55.8589473]},"properties":{"name":"Polo Lounge","layer":"nightclubs","note":"OpenStreetMap","osm_id":"node/1543443657","osm_url":"https://www.openstreetmap.org/node/1543443657","source":"OpenStreetMap"}},{"type":"Feature","geometry":{"type":"Point","coordinates":[-0.0987681,51.4934892]},"properties":{"name":"Corsica Studios","layer":"nightclubs","note":"OpenStreetMap","osm_id":"node/1548849869","osm_url":"https://www.openstreetmap.org/node/1548849869","source":"OpenStreetMap"}},{"type":"Feature","geometry":{"type":"Point","coordinates":[-0.0756115,52.3247073]},"properties":{"name":"The Lounge","layer":"nightclubs","note":"OpenStreetMap","osm_id":"node/1569616531","osm_url":"https://www.openstreetmap.org/node/1569616531","source":"OpenStreetMap"}},{"type":"Feature","geometry":{"type":"Point","coordinates":[-4.2594945,55.8579245]},"properties":{"name":"Ivory Blacks","layer":"nightclubs","note":"OpenStreetMap","osm_id":"node/1583927738","osm_url":"https://www.openstreetmap.org/node/1583927738","source":"OpenStreetMap"}},{"type":"Feature","geometry":{"type":"Point","coordinates":[0.5065673,51.3877615]},"properties":{"name":"Aaron P Stone's Casino Rooms","layer":"nightclubs","note":"Aaron P Stones Group","osm_id":"node/159280620","osm_url":"https://www.openstreetmap.org/node/159280620","source":"OpenStreetMap","brand":"Aaron P Stones Group"}},{"type":"Feature","geometry":{"type":"Point","coordinates":[-1.0874581,53.9582012]},"properties":{"name":"Club Salvation","layer":"nightclubs","note":"OpenStreetMap","osm_id":"node/1613212083","osm_url":"https://www.openstreetmap.org/node/1613212083","source":"OpenStreetMap"}},{"type":"Feature","geometry":{"type":"Point","coordinates":[-0.1580011,51.5222318]},"properties":{"name":"Arizona Lounge","layer":"nightclubs","note":"OpenStreetMap","osm_id":"node/1614146298","osm_url":"https://www.openstreetmap.org/node/1614146298","source":"OpenStreetMap"}},{"type":"Feature","geometry":{"type":"Point","coordinates":[-1.8991419,52.4737964]},"properties":{"name":"Chic","layer":"nightclubs","note":"OpenStreetMap","osm_id":"node/1615320531","osm_url":"https://www.openstreetmap.org/node/1615320531","source":"OpenStreetMap"}},{"type":"Feature","geometry":{"type":"Point","coordinates":[-1.899206,52.4730136]},"properties":{"name":"Honey","layer":"nightclubs","note":"OpenStreetMap","osm_id":"node/1615320532","osm_url":"https://www.openstreetmap.org/node/1615320532","source":"OpenStreetMap"}},{"type":"Feature","geometry":{"type":"Point","coordinates":[-1.8987459,52.4736861]},"properties":{"name":"anjo","layer":"nightclubs","note":"OpenStreetMap","osm_id":"node/1615320535","osm_url":"https://www.openstreetmap.org/node/1615320535","source":"OpenStreetMap"}},{"type":"Feature","geometry":{"type":"Point","coordinates":[-4.0320321,55.7764117]},"properties":{"name":"Hamilton Palace","layer":"nightclubs","note":"OpenStreetMap","osm_id":"node/1628281158","osm_url":"https://www.openstreetmap.org/node/1628281158","source":"OpenStreetMap"}},{"type":"Feature","geometry":{"type":"Point","coordinates":[-2.980767,53.4037166]},"properties":{"name":"K1 Metal Club","layer":"nightclubs","note":"OpenStreetMap","osm_id":"node/1651726816","osm_url":"https://www.openstreetmap.org/node/1651726816","source":"OpenStreetMap"}},{"type":"Feature","geometry":{"type":"Point","coordinates":[-0.0351997,51.4752197]},"properties":{"name":"The Hatch Club","layer":"nightclubs","note":"OpenStreetMap","osm_id":"node/1686457367","osm_url":"https://www.openstreetmap.org/node/1686457367","source":"OpenStreetMap"}},{"type":"Feature","geometry":{"type":"Point","coordinates":[-1.7786508,52.4130848]},"properties":{"name":"Honey Club","layer":"nightclubs","note":"OpenStreetMap","osm_id":"node/1687103197","osm_url":"https://www.openstreetmap.org/node/1687103197","source":"OpenStreetMap"}},{"type":"Feature","geometry":{"type":"Point","coordinates":[-8.4714484,54.27008]},"properties":{"name":"Sixth","layer":"nightclubs","note":"OpenStreetMap","osm_id":"node/1701787909","osm_url":"https://www.openstreetmap.org/node/1701787909","source":"OpenStreetMap"}},{"type":"Feature","geometry":{"type":"Point","coordinates":[-0.3484612,53.7536638]},"properties":{"name":"The Welly Club","layer":"nightclubs","note":"OpenStreetMap","osm_id":"node/1725523974","osm_url":"https://www.openstreetmap.org/node/1725523974","source":"OpenStreetMap"}},{"type":"Feature","geometry":{"type":"Point","coordinates":[-4.2611429,55.8640815]},"properties":{"name":"Buff Club","layer":"nightclubs","note":"OpenStreetMap","osm_id":"node/1734640845","osm_url":"https://www.openstreetmap.org/node/1734640845","source":"OpenStreetMap"}},{"type":"Feature","geometry":{"type":"Point","coordinates":[-1.2345086,51.7469019]},"properties":{"name":"O₂ Academy","layer":"nightclubs","note":"OpenStreetMap","osm_id":"node/175707022","osm_url":"https://www.openstreetmap.org/node/175707022","source":"OpenStreetMap"}},{"type":"Feature","geometry":{"type":"Point","coordinates":[-0.0903711,51.510124]},"properties":{"name":"The Steel Yard","layer":"nightclubs","note":"OpenStreetMap","osm_id":"node/1779091997","osm_url":"https://www.openstreetmap.org/node/1779091997","source":"OpenStreetMap"}},{"type":"Feature","geometry":{"type":"Point","coordinates":[-8.2799809,54.4777527]},"properties":{"name":"Jumpin' Jacks","layer":"nightclubs","note":"OpenStreetMap","osm_id":"node/1787263823","osm_url":"https://www.openstreetmap.org/node/1787263823","source":"OpenStreetMap"}},{"type":"Feature","geometry":{"type":"Point","coordinates":[-8.6408173,52.1348441]},"properties":{"name":"Chasers","layer":"nightclubs","note":"OpenStreetMap","osm_id":"node/1791427915","osm_url":"https://www.openstreetmap.org/node/1791427915","source":"OpenStreetMap"}},{"type":"Feature","geometry":{"type":"Point","coordinates":[-0.1004846,51.3729055]},"properties":{"name":"Luna","layer":"nightclubs","note":"OpenStreetMap","osm_id":"node/1804468520","osm_url":"https://www.openstreetmap.org/node/1804468520","source":"OpenStreetMap"}},{"type":"Feature","geometry":{"type":"Point","coordinates":[-2.1028023,49.1850885]},"properties":{"name":"Rojo","layer":"nightclubs","note":"OpenStreetMap","osm_id":"node/1804838655","osm_url":"https://www.openstreetmap.org/node/1804838655","source":"OpenStreetMap"}},{"type":"Feature","geometry":{"type":"Point","coordinates":[-1.056564,53.1672795]},"properties":{"name":"Nightclub","layer":"nightclubs","note":"OpenStreetMap","osm_id":"node/1833552904","osm_url":"https://www.openstreetmap.org/node/1833552904","source":"OpenStreetMap"}},{"type":"Feature","geometry":{"type":"Point","coordinates":[-2.9973771,51.2356362]},"properties":{"name":"Sky Bar Nightclub","layer":"nightclubs","note":"OpenStreetMap","osm_id":"node/1905134201","osm_url":"https://www.openstreetmap.org/node/1905134201","source":"OpenStreetMap"}},{"type":"Feature","geometry":{"type":"Point","coordinates":[-1.2112043,52.7756277]},"properties":{"name":"Lynroys","layer":"nightclubs","note":"OpenStreetMap","osm_id":"node/1927757507","osm_url":"https://www.openstreetmap.org/node/1927757507","source":"OpenStreetMap"}},{"type":"Feature","geometry":{"type":"Point","coordinates":[-2.5350625,49.4583922]},"properties":{"name":"Fusion","layer":"nightclubs","note":"OpenStreetMap","osm_id":"node/1960361248","osm_url":"https://www.openstreetmap.org/node/1960361248","source":"OpenStreetMap"}},{"type":"Feature","geometry":{"type":"Point","coordinates":[-2.2084262,51.3206702]},"properties":{"name":"Zinc","layer":"nightclubs","note":"OpenStreetMap","osm_id":"node/1972372212","osm_url":"https://www.openstreetmap.org/node/1972372212","source":"OpenStreetMap"}},{"type":"Feature","geometry":{"type":"Point","coordinates":[-0.9728469,51.453908]},"properties":{"name":"Purple Turtle","layer":"nightclubs","note":"OpenStreetMap","osm_id":"node/1991673510","osm_url":"https://www.openstreetmap.org/node/1991673510","source":"OpenStreetMap"}},{"type":"Feature","geometry":{"type":"Point","coordinates":[-8.0760443,53.9653612]},"properties":{"name":"Cartown","layer":"nightclubs","note":"OpenStreetMap","osm_id":"node/2059871836","osm_url":"https://www.openstreetmap.org/node/2059871836","source":"OpenStreetMap"}},{"type":"Feature","geometry":{"type":"Point","coordinates":[-1.1515903,52.9481239]},"properties":{"name":"The Irish","layer":"nightclubs","note":"OpenStreetMap","osm_id":"node/206127596","osm_url":"https://www.openstreetmap.org/node/206127596","source":"OpenStreetMap"}},{"type":"Feature","geometry":{"type":"Point","coordinates":[-3.1821922,55.9398367]},"properties":{"name":"Summerhall","layer":"nightclubs","note":"OpenStreetMap","osm_id":"node/2061581555","osm_url":"https://www.openstreetmap.org/node/2061581555","source":"OpenStreetMap"}},{"type":"Feature","geometry":{"type":"Point","coordinates":[-0.1013627,51.3736952]},"properties":{"name":"Shooshh...","layer":"nightclubs","note":"OpenStreetMap","osm_id":"node/2075477230","osm_url":"https://www.openstreetmap.org/node/2075477230","source":"OpenStreetMap"}},{"type":"Feature","geometry":{"type":"Point","coordinates":[-2.2148878,53.1634651]},"properties":{"name":"Rumba","layer":"nightclubs","note":"OpenStreetMap","osm_id":"node/2088623667","osm_url":"https://www.openstreetmap.org/node/2088623667","source":"OpenStreetMap"}},{"type":"Feature","geometry":{"type":"Point","coordinates":[-8.7343654,51.7452723]},"properties":{"name":"The Hub","layer":"nightclubs","note":"OpenStreetMap","osm_id":"node/2098258316","osm_url":"https://www.openstreetmap.org/node/2098258316","source":"OpenStreetMap"}},{"type":"Feature","geometry":{"type":"Point","coordinates":[-3.1974522,55.9544524]},"properties":{"name":"Garibaldi's","layer":"nightclubs","note":"OpenStreetMap","osm_id":"node/2100295821","osm_url":"https://www.openstreetmap.org/node/2100295821","source":"OpenStreetMap"}},{"type":"Feature","geometry":{"type":"Point","coordinates":[-0.1004915,51.3725795]},"properties":{"name":"Energy","layer":"nightclubs","note":"OpenStreetMap","osm_id":"node/2103297804","osm_url":"https://www.openstreetmap.org/node/2103297804","source":"OpenStreetMap"}},{"type":"Feature","geometry":{"type":"Point","coordinates":[-0.1002135,51.3705115]},"properties":{"name":"Soulful Cellar","layer":"nightclubs","note":"OpenStreetMap","osm_id":"node/2112979621","osm_url":"https://www.openstreetmap.org/node/2112979621","source":"OpenStreetMap"}},{"type":"Feature","geometry":{"type":"Point","coordinates":[-4.0842705,55.8223137]},"properties":{"name":"The Loft","layer":"nightclubs","note":"OpenStreetMap","osm_id":"node/2121640828","osm_url":"https://www.openstreetmap.org/node/2121640828","source":"OpenStreetMap"}},{"type":"Feature","geometry":{"type":"Point","coordinates":[-7.1115074,52.2570865]},"properties":{"name":"Sinnotts","layer":"nightclubs","note":"OpenStreetMap","osm_id":"node/2130191968","osm_url":"https://www.openstreetmap.org/node/2130191968","source":"OpenStreetMap"}},{"type":"Feature","geometry":{"type":"Point","coordinates":[-4.2536836,55.8596675]},"properties":{"name":"2one2","layer":"nightclubs","note":"OpenStreetMap","osm_id":"node/2130814271","osm_url":"https://www.openstreetmap.org/node/2130814271","source":"OpenStreetMap"}},{"type":"Feature","geometry":{"type":"Point","coordinates":[-1.9344464,52.5454088]},"properties":{"name":"Great Barr Conservative Club","layer":"nightclubs","note":"OpenStreetMap","osm_id":"node/2142641275","osm_url":"https://www.openstreetmap.org/node/2142641275","source":"OpenStreetMap"}},{"type":"Feature","geometry":{"type":"Point","coordinates":[-1.5412804,53.7961276]},"properties":{"name":"The HiFi Club","layer":"nightclubs","note":"OpenStreetMap","osm_id":"node/2145331151","osm_url":"https://www.openstreetmap.org/node/2145331151","source":"OpenStreetMap"}},{"type":"Feature","geometry":{"type":"Point","coordinates":[-1.6204908,54.9675002]},"properties":{"name":"Digital","layer":"nightclubs","note":"OpenStreetMap","osm_id":"node/215622716","osm_url":"https://www.openstreetmap.org/node/215622716","source":"OpenStreetMap"}},{"type":"Feature","geometry":{"type":"Point","coordinates":[-1.6082402,54.9725596]},"properties":{"name":"World Headquarters","layer":"nightclubs","note":"OpenStreetMap","osm_id":"node/215654059","osm_url":"https://www.openstreetmap.org/node/215654059","source":"OpenStreetMap"}},{"type":"Feature","geometry":{"type":"Point","coordinates":[-1.5818841,54.9709074]},"properties":{"name":"Nightclub","layer":"nightclubs","note":"OpenStreetMap","osm_id":"node/2162982897","osm_url":"https://www.openstreetmap.org/node/2162982897","source":"OpenStreetMap"}},{"type":"Feature","geometry":{"type":"Point","coordinates":[-0.089136,51.5194649]},"properties":{"name":"Amber Bar","layer":"nightclubs","note":"OpenStreetMap","osm_id":"node/2168949323","osm_url":"https://www.openstreetmap.org/node/2168949323","source":"OpenStreetMap"}},{"type":"Feature","geometry":{"type":"Point","coordinates":[-8.6231706,52.6633237]},"properties":{"name":"Icon","layer":"nightclubs","note":"OpenStreetMap","osm_id":"node/2177640713","osm_url":"https://www.openstreetmap.org/node/2177640713","source":"OpenStreetMap"}},{"type":"Feature","geometry":{"type":"Point","coordinates":[-8.6229652,52.663735]},"properties":{"name":"Angel Lane Night Club","layer":"nightclubs","note":"OpenStreetMap","osm_id":"node/2177640720","osm_url":"https://www.openstreetmap.org/node/2177640720","source":"OpenStreetMap"}},{"type":"Feature","geometry":{"type":"Point","coordinates":[-1.3492518,52.5649477]},"properties":{"name":"Rafters","layer":"nightclubs","note":"OpenStreetMap","osm_id":"node/2195747538","osm_url":"https://www.openstreetmap.org/node/2195747538","source":"OpenStreetMap"}},{"type":"Feature","geometry":{"type":"Point","coordinates":[-1.1504912,52.9560736]},"properties":{"name":"UNIT 13","layer":"nightclubs","note":"OpenStreetMap","osm_id":"node/2204450691","osm_url":"https://www.openstreetmap.org/node/2204450691","source":"OpenStreetMap"}},{"type":"Feature","geometry":{"type":"Point","coordinates":[-1.1526037,52.9529465]},"properties":{"name":"Fusion Sports Bar & Night Club","layer":"nightclubs","note":"OpenStreetMap","osm_id":"node/2204800759","osm_url":"https://www.openstreetmap.org/node/2204800759","source":"OpenStreetMap"}},{"type":"Feature","geometry":{"type":"Point","coordinates":[-1.1527725,52.9528347]},"properties":{"name":"Tunnel Club","layer":"nightclubs","note":"OpenStreetMap","osm_id":"node/2204800766","osm_url":"https://www.openstreetmap.org/node/2204800766","source":"OpenStreetMap"}},{"type":"Feature","geometry":{"type":"Point","coordinates":[-0.1944375,51.5092409]},"properties":{"name":"Notting Hill Arts Club","layer":"nightclubs","note":"OpenStreetMap","osm_id":"node/2244810458","osm_url":"https://www.openstreetmap.org/node/2244810458","source":"OpenStreetMap"}},{"type":"Feature","geometry":{"type":"Point","coordinates":[-0.7665019,51.3343257]},"properties":{"name":"The Agincourt","layer":"nightclubs","note":"OpenStreetMap","osm_id":"node/2251157380","osm_url":"https://www.openstreetmap.org/node/2251157380","source":"OpenStreetMap"}},{"type":"Feature","geometry":{"type":"Point","coordinates":[-2.9812215,53.3951866]},"properties":{"name":"District","layer":"nightclubs","note":"OpenStreetMap","osm_id":"node/2265042278","osm_url":"https://www.openstreetmap.org/node/2265042278","source":"OpenStreetMap"}},{"type":"Feature","geometry":{"type":"Point","coordinates":[-0.1516133,51.5150059]},"properties":{"name":"Blush","layer":"nightclubs","note":"OpenStreetMap","osm_id":"node/2272747707","osm_url":"https://www.openstreetmap.org/node/2272747707","source":"OpenStreetMap"}},{"type":"Feature","geometry":{"type":"Point","coordinates":[-1.1428001,52.9537685]},"properties":{"name":"The Model","layer":"nightclubs","note":"OpenStreetMap","osm_id":"node/2302088681","osm_url":"https://www.openstreetmap.org/node/2302088681","source":"OpenStreetMap"}},{"type":"Feature","geometry":{"type":"Point","coordinates":[-0.1298109,51.5162499]},"properties":{"name":"Apartment 58","layer":"nightclubs","note":"OpenStreetMap","osm_id":"node/2323776027","osm_url":"https://www.openstreetmap.org/node/2323776027","source":"OpenStreetMap"}},{"type":"Feature","geometry":{"type":"Point","coordinates":[-0.7230279,51.5219282]},"properties":{"name":"Smokey Joe's","layer":"nightclubs","note":"OpenStreetMap","osm_id":"node/2364897632","osm_url":"https://www.openstreetmap.org/node/2364897632","source":"OpenStreetMap"}},{"type":"Feature","geometry":{"type":"Point","coordinates":[0.0212215,51.5969663]},"properties":{"name":"funkymojoe","layer":"nightclubs","note":"OpenStreetMap","osm_id":"node/2367507978","osm_url":"https://www.openstreetmap.org/node/2367507978","source":"OpenStreetMap"}},{"type":"Feature","geometry":{"type":"Point","coordinates":[0.1199913,52.2063359]},"properties":{"name":"Mash","layer":"nightclubs","note":"OpenStreetMap","osm_id":"node/2382425586","osm_url":"https://www.openstreetmap.org/node/2382425586","source":"OpenStreetMap"}},{"type":"Feature","geometry":{"type":"Point","coordinates":[0.1206189,52.2064321]},"properties":{"name":"Vinyl","layer":"nightclubs","note":"OpenStreetMap","osm_id":"node/2382441505","osm_url":"https://www.openstreetmap.org/node/2382441505","source":"OpenStreetMap"}},{"type":"Feature","geometry":{"type":"Point","coordinates":[-1.3605824,53.5915636]},"properties":{"name":"Nightclub","layer":"nightclubs","note":"OpenStreetMap","osm_id":"node/2394584766","osm_url":"https://www.openstreetmap.org/node/2394584766","source":"OpenStreetMap"}},{"type":"Feature","geometry":{"type":"Point","coordinates":[-1.7738603,51.5514541]},"properties":{"name":"Kioki","layer":"nightclubs","note":"OpenStreetMap","osm_id":"node/2396355960","osm_url":"https://www.openstreetmap.org/node/2396355960","source":"OpenStreetMap"}},{"type":"Feature","geometry":{"type":"Point","coordinates":[1.717261,52.6182825]},"properties":{"name":"Regency Room","layer":"nightclubs","note":"OpenStreetMap","osm_id":"node/2408062075","osm_url":"https://www.openstreetmap.org/node/2408062075","source":"OpenStreetMap"}},{"type":"Feature","geometry":{"type":"Point","coordinates":[-3.1955773,55.9535853]},"properties":{"name":"Whynot","layer":"nightclubs","note":"OpenStreetMap","osm_id":"node/2415446250","osm_url":"https://www.openstreetmap.org/node/2415446250","source":"OpenStreetMap"}},{"type":"Feature","geometry":{"type":"Point","coordinates":[-2.1315697,52.5844905]},"properties":{"name":"Gorgeous","layer":"nightclubs","note":"OpenStreetMap","osm_id":"node/244561096","osm_url":"https://www.openstreetmap.org/node/244561096","source":"OpenStreetMap"}},{"type":"Feature","geometry":{"type":"Point","coordinates":[-4.1461369,50.3694757]},"properties":{"name":"Labyrith","layer":"nightclubs","note":"Epic Bars and Clubs","osm_id":"node/2487926686","osm_url":"https://www.openstreetmap.org/node/2487926686","source":"OpenStreetMap","brand":"Epic Bars and Clubs"}},{"type":"Feature","geometry":{"type":"Point","coordinates":[-1.7669481,53.7963174]},"properties":{"name":"Ivory","layer":"nightclubs","note":"OpenStreetMap","osm_id":"node/249663020","osm_url":"https://www.openstreetmap.org/node/249663020","source":"OpenStreetMap"}},{"type":"Feature","geometry":{"type":"Point","coordinates":[-2.1236197,53.4148406]},"properties":{"name":"Bedbury Hall","layer":"nightclubs","note":"OpenStreetMap","osm_id":"node/2516437508","osm_url":"https://www.openstreetmap.org/node/2516437508","source":"OpenStreetMap"}},{"type":"Feature","geometry":{"type":"Point","coordinates":[-1.9015235,52.4816252]},"properties":{"name":"Bushwackers","layer":"nightclubs","note":"OpenStreetMap","osm_id":"node/2526028749","osm_url":"https://www.openstreetmap.org/node/2526028749","source":"OpenStreetMap"}},{"type":"Feature","geometry":{"type":"Point","coordinates":[-0.1069231,51.3822567]},"properties":{"name":"Tabu Lounge","layer":"nightclubs","note":"OpenStreetMap","osm_id":"node/2528652088","osm_url":"https://www.openstreetmap.org/node/2528652088","source":"OpenStreetMap"}},{"type":"Feature","geometry":{"type":"Point","coordinates":[-1.4050762,50.9072179]},"properties":{"name":"District","layer":"nightclubs","note":"OpenStreetMap","osm_id":"node/2536218399","osm_url":"https://www.openstreetmap.org/node/2536218399","source":"OpenStreetMap"}},{"type":"Feature","geometry":{"type":"Point","coordinates":[-0.5780128,51.2365254]},"properties":{"name":"Popworld","layer":"nightclubs","note":"Stonegate","osm_id":"node/253847604","osm_url":"https://www.openstreetmap.org/node/253847604","source":"OpenStreetMap","brand":"Stonegate"}},{"type":"Feature","geometry":{"type":"Point","coordinates":[-0.5780557,51.2367227]},"properties":{"name":"Labyrinth","layer":"nightclubs","note":"OpenStreetMap","osm_id":"node/253849545","osm_url":"https://www.openstreetmap.org/node/253849545","source":"OpenStreetMap"}},{"type":"Feature","geometry":{"type":"Point","coordinates":[-0.5774409,51.2371093]},"properties":{"name":"Y Bar","layer":"nightclubs","note":"OpenStreetMap","osm_id":"node/253849709","osm_url":"https://www.openstreetmap.org/node/253849709","source":"OpenStreetMap"}},{"type":"Feature","geometry":{"type":"Point","coordinates":[-0.2660986,51.3331746]},"properties":{"name":"Labyrinth","layer":"nightclubs","note":"OpenStreetMap","osm_id":"node/255136176","osm_url":"https://www.openstreetmap.org/node/255136176","source":"OpenStreetMap"}},{"type":"Feature","geometry":{"type":"Point","coordinates":[-4.2649646,55.862618]},"properties":{"name":"King Tut's Wah Wah Hut","layer":"nightclubs","note":"OpenStreetMap","osm_id":"node/2554824592","osm_url":"https://www.openstreetmap.org/node/2554824592","source":"OpenStreetMap"}},{"type":"Feature","geometry":{"type":"Point","coordinates":[-1.8978226,52.474835]},"properties":{"name":"Glamorous","layer":"nightclubs","note":"OpenStreetMap","osm_id":"node/2556578556","osm_url":"https://www.openstreetmap.org/node/2556578556","source":"OpenStreetMap"}},{"type":"Feature","geometry":{"type":"Point","coordinates":[-1.8984145,52.4753279]},"properties":{"name":"Woo Woo","layer":"nightclubs","note":"OpenStreetMap","osm_id":"node/2556578578","osm_url":"https://www.openstreetmap.org/node/2556578578","source":"OpenStreetMap"}},{"type":"Feature","geometry":{"type":"Point","coordinates":[-1.2390347,54.5690834]},"properties":{"name":"TFM Soundworks","layer":"nightclubs","note":"OpenStreetMap","osm_id":"node/2561966151","osm_url":"https://www.openstreetmap.org/node/2561966151","source":"OpenStreetMap"}},{"type":"Feature","geometry":{"type":"Point","coordinates":[-1.7789798,52.4147875]},"properties":{"name":"Popworld","layer":"nightclubs","note":"Stonegate Pub Company","osm_id":"node/257905960","osm_url":"https://www.openstreetmap.org/node/257905960","source":"OpenStreetMap","brand":"Stonegate Pub Company"}},{"type":"Feature","geometry":{"type":"Point","coordinates":[-1.8770077,52.4869746]},"properties":{"name":"Vauxhall Sports and Social Club","layer":"nightclubs","note":"OpenStreetMap","osm_id":"node/258359920","osm_url":"https://www.openstreetmap.org/node/258359920","source":"OpenStreetMap"}},{"type":"Feature","geometry":{"type":"Point","coordinates":[-1.500455,53.6825767]},"properties":{"name":"Icon","layer":"nightclubs","note":"OpenStreetMap","osm_id":"node/26198184","osm_url":"https://www.openstreetmap.org/node/26198184","source":"OpenStreetMap"}},{"type":"Feature","geometry":{"type":"Point","coordinates":[-3.1839028,53.3696944]},"properties":{"name":"West Kirby Social Club","layer":"nightclubs","note":"OpenStreetMap","osm_id":"node/2627336784","osm_url":"https://www.openstreetmap.org/node/2627336784","source":"OpenStreetMap"}},{"type":"Feature","geometry":{"type":"Point","coordinates":[-0.7446125,51.3382144]},"properties":{"name":"Tru","layer":"nightclubs","note":"OpenStreetMap","osm_id":"node/2642217178","osm_url":"https://www.openstreetmap.org/node/2642217178","source":"OpenStreetMap"}},{"type":"Feature","geometry":{"type":"Point","coordinates":[-0.0854498,51.5260155]},"properties":{"name":"Club Aquarium","layer":"nightclubs","note":"OpenStreetMap","osm_id":"node/264624316","osm_url":"https://www.openstreetmap.org/node/264624316","source":"OpenStreetMap"}},{"type":"Feature","geometry":{"type":"Point","coordinates":[-0.1350041,51.5661443]},"properties":{"name":"Kolis","layer":"nightclubs","note":"OpenStreetMap","osm_id":"node/2659475648","osm_url":"https://www.openstreetmap.org/node/2659475648","source":"OpenStreetMap"}},{"type":"Feature","geometry":{"type":"Point","coordinates":[0.0920042,51.7710127]},"properties":{"name":"The Essex Lounge","layer":"nightclubs","note":"OpenStreetMap","osm_id":"node/2671410599","osm_url":"https://www.openstreetmap.org/node/2671410599","source":"OpenStreetMap"}},{"type":"Feature","geometry":{"type":"Point","coordinates":[-1.7883642,52.4938791]},"properties":{"name":"Yardley and District Sports and Social Club","layer":"nightclubs","note":"OpenStreetMap","osm_id":"node/267731216","osm_url":"https://www.openstreetmap.org/node/267731216","source":"OpenStreetMap"}},{"type":"Feature","geometry":{"type":"Point","coordinates":[-2.2410157,53.4847301]},"properties":{"name":"Cargo","layer":"nightclubs","note":"OpenStreetMap","osm_id":"node/2683693108","osm_url":"https://www.openstreetmap.org/node/2683693108","source":"OpenStreetMap"}},{"type":"Feature","geometry":{"type":"Point","coordinates":[-0.122859,51.487247]},"properties":{"name":"Area","layer":"nightclubs","note":"OpenStreetMap","osm_id":"node/2686842564","osm_url":"https://www.openstreetmap.org/node/2686842564","source":"OpenStreetMap"}},{"type":"Feature","geometry":{"type":"Point","coordinates":[-0.122901,51.487142]},"properties":{"name":"Union","layer":"nightclubs","note":"OpenStreetMap","osm_id":"node/2686843671","osm_url":"https://www.openstreetmap.org/node/2686843671","source":"OpenStreetMap"}},{"type":"Feature","geometry":{"type":"Point","coordinates":[-0.122976,51.486936]},"properties":{"name":"Paradise London","layer":"nightclubs","note":"OpenStreetMap","osm_id":"node/2686845554","osm_url":"https://www.openstreetmap.org/node/2686845554","source":"OpenStreetMap"}},{"type":"Feature","geometry":{"type":"Point","coordinates":[-1.5002049,52.4276724]},"properties":{"name":"Fat Cats Night Club And Bar","layer":"nightclubs","note":"OpenStreetMap","osm_id":"node/2689876145","osm_url":"https://www.openstreetmap.org/node/2689876145","source":"OpenStreetMap"}},{"type":"Feature","geometry":{"type":"Point","coordinates":[-2.0659806,52.4740164]},"properties":{"name":"Platinum Plaza","layer":"nightclubs","note":"OpenStreetMap","osm_id":"node/2694595384","osm_url":"https://www.openstreetmap.org/node/2694595384","source":"OpenStreetMap"}},{"type":"Feature","geometry":{"type":"Point","coordinates":[-2.0696676,52.4778436]},"properties":{"name":"Regis Hall and Resturant","layer":"nightclubs","note":"OpenStreetMap","osm_id":"node/2694709757","osm_url":"https://www.openstreetmap.org/node/2694709757","source":"OpenStreetMap"}},{"type":"Feature","geometry":{"type":"Point","coordinates":[-2.0913544,52.4798294]},"properties":{"name":"Promarco Promotions","layer":"nightclubs","note":"OpenStreetMap","osm_id":"node/2697439993","osm_url":"https://www.openstreetmap.org/node/2697439993","source":"OpenStreetMap"}},{"type":"Feature","geometry":{"type":"Point","coordinates":[-1.6292007,52.8036239]},"properties":{"name":"Fever","layer":"nightclubs","note":"OpenStreetMap","osm_id":"node/2712500398","osm_url":"https://www.openstreetmap.org/node/2712500398","source":"OpenStreetMap"}},{"type":"Feature","geometry":{"type":"Point","coordinates":[1.1543651,52.0560097]},"properties":{"name":"The Revolution","layer":"nightclubs","note":"OpenStreetMap","osm_id":"node/2712641808","osm_url":"https://www.openstreetmap.org/node/2712641808","source":"OpenStreetMap"}},{"type":"Feature","geometry":{"type":"Point","coordinates":[-2.9763784,53.4009386]},"properties":{"name":"Blue Angel","layer":"nightclubs","note":"OpenStreetMap","osm_id":"node/27419484","osm_url":"https://www.openstreetmap.org/node/27419484","source":"OpenStreetMap"}},{"type":"Feature","geometry":{"type":"Point","coordinates":[-2.1008904,57.1441683]},"properties":{"name":"The Mask and Magma","layer":"nightclubs","note":"OpenStreetMap","osm_id":"node/2746495619","osm_url":"https://www.openstreetmap.org/node/2746495619","source":"OpenStreetMap"}},{"type":"Feature","geometry":{"type":"Point","coordinates":[-1.0877969,53.9572378]},"properties":{"name":"Ziggy's","layer":"nightclubs","note":"OpenStreetMap","osm_id":"node/27497685","osm_url":"https://www.openstreetmap.org/node/27497685","source":"OpenStreetMap"}},{"type":"Feature","geometry":{"type":"Point","coordinates":[-0.1446307,51.5235138]},"properties":{"name":"Venue 229","layer":"nightclubs","note":"OpenStreetMap","osm_id":"node/2766493533","osm_url":"https://www.openstreetmap.org/node/2766493533","source":"OpenStreetMap"}},{"type":"Feature","geometry":{"type":"Point","coordinates":[-2.5082054,51.4626811]},"properties":{"name":"Chasers","layer":"nightclubs","note":"OpenStreetMap","osm_id":"node/2783537593","osm_url":"https://www.openstreetmap.org/node/2783537593","source":"OpenStreetMap"}},{"type":"Feature","geometry":{"type":"Point","coordinates":[-6.2623304,53.3448128]},"properties":{"name":"Club M","layer":"nightclubs","note":"OpenStreetMap","osm_id":"node/278857890","osm_url":"https://www.openstreetmap.org/node/278857890","source":"OpenStreetMap"}},{"type":"Feature","geometry":{"type":"Point","coordinates":[-0.32914,53.7516357]},"properties":{"name":"Spiders Nightclub","layer":"nightclubs","note":"OpenStreetMap","osm_id":"node/278979179","osm_url":"https://www.openstreetmap.org/node/278979179","source":"OpenStreetMap"}},{"type":"Feature","geometry":{"type":"Point","coordinates":[-1.9271959,52.4490782]},"properties":{"name":"Underground","layer":"nightclubs","note":"Guild of Students","osm_id":"node/2790573196","osm_url":"https://www.openstreetmap.org/node/2790573196","source":"OpenStreetMap","brand":"Guild of Students"}},{"type":"Feature","geometry":{"type":"Point","coordinates":[-8.5538932,52.6687815]},"properties":{"name":"Nightclub","layer":"nightclubs","note":"OpenStreetMap","osm_id":"node/279366962","osm_url":"https://www.openstreetmap.org/node/279366962","source":"OpenStreetMap"}},{"type":"Feature","geometry":{"type":"Point","coordinates":[-4.2688003,55.8661693]},"properties":{"name":"The Garage","layer":"nightclubs","note":"OpenStreetMap","osm_id":"node/280211892","osm_url":"https://www.openstreetmap.org/node/280211892","source":"OpenStreetMap"}},{"type":"Feature","geometry":{"type":"Point","coordinates":[-1.9465887,52.4869556]},"properties":{"name":"Saint Patricks Private Members Club","layer":"nightclubs","note":"OpenStreetMap","osm_id":"node/2803016618","osm_url":"https://www.openstreetmap.org/node/2803016618","source":"OpenStreetMap"}},{"type":"Feature","geometry":{"type":"Point","coordinates":[-0.7392595,50.8305418]},"properties":{"name":"Thursdays","layer":"nightclubs","note":"OpenStreetMap","osm_id":"node/282698827","osm_url":"https://www.openstreetmap.org/node/282698827","source":"OpenStreetMap"}},{"type":"Feature","geometry":{"type":"Point","coordinates":[-1.7458853,52.4791245]},"properties":{"name":"Chelmsley and District Conservative Club","layer":"nightclubs","note":"OpenStreetMap","osm_id":"node/283112613","osm_url":"https://www.openstreetmap.org/node/283112613","source":"OpenStreetMap"}},{"type":"Feature","geometry":{"type":"Point","coordinates":[-6.2578726,53.3464453]},"properties":{"name":"Soho","layer":"nightclubs","note":"OpenStreetMap","osm_id":"node/2885169530","osm_url":"https://www.openstreetmap.org/node/2885169530","source":"OpenStreetMap"}},{"type":"Feature","geometry":{"type":"Point","coordinates":[-1.9404242,52.306529]},"properties":{"name":"Fever","layer":"nightclubs","note":"OpenStreetMap","osm_id":"node/2902089695","osm_url":"https://www.openstreetmap.org/node/2902089695","source":"OpenStreetMap"}},{"type":"Feature","geometry":{"type":"Point","coordinates":[-6.3468053,53.7163699]},"properties":{"name":"The Venue","layer":"nightclubs","note":"OpenStreetMap","osm_id":"node/290784455","osm_url":"https://www.openstreetmap.org/node/290784455","source":"OpenStreetMap"}},{"type":"Feature","geometry":{"type":"Point","coordinates":[-0.0916939,51.521075]},"properties":{"name":"Parker McMillan","layer":"nightclubs","note":"OpenStreetMap","osm_id":"node/291951100","osm_url":"https://www.openstreetmap.org/node/291951100","source":"OpenStreetMap"}},{"type":"Feature","geometry":{"type":"Point","coordinates":[-1.7865716,51.562105]},"properties":{"name":"Donzai sports bar & cuisine","layer":"nightclubs","note":"OpenStreetMap","osm_id":"node/2934376091","osm_url":"https://www.openstreetmap.org/node/2934376091","source":"OpenStreetMap"}},{"type":"Feature","geometry":{"type":"Point","coordinates":[-2.5895712,51.4616219]},"properties":{"name":"Lakota","layer":"nightclubs","note":"OpenStreetMap","osm_id":"node/293906951","osm_url":"https://www.openstreetmap.org/node/293906951","source":"OpenStreetMap"}},{"type":"Feature","geometry":{"type":"Point","coordinates":[-1.1461339,52.9521627]},"properties":{"name":"The Bowery","layer":"nightclubs","note":"OpenStreetMap","osm_id":"node/2941144862","osm_url":"https://www.openstreetmap.org/node/2941144862","source":"OpenStreetMap"}},{"type":"Feature","geometry":{"type":"Point","coordinates":[-1.978328,52.5861804]},"properties":{"name":"Fever","layer":"nightclubs","note":"OpenStreetMap","osm_id":"node/2946730903","osm_url":"https://www.openstreetmap.org/node/2946730903","source":"OpenStreetMap"}},{"type":"Feature","geometry":{"type":"Point","coordinates":[-1.9841757,52.5828118]},"properties":{"name":"Vogue","layer":"nightclubs","note":"OpenStreetMap","osm_id":"node/2946731042","osm_url":"https://www.openstreetmap.org/node/2946731042","source":"OpenStreetMap"}},{"type":"Feature","geometry":{"type":"Point","coordinates":[0.5222843,51.3818496]},"properties":{"name":"Tap 'n' Tin","layer":"nightclubs","note":"OpenStreetMap","osm_id":"node/29506678","osm_url":"https://www.openstreetmap.org/node/29506678","source":"OpenStreetMap"}},{"type":"Feature","geometry":{"type":"Point","coordinates":[-6.1480491,53.2952488]},"properties":{"name":"The Purty Loft","layer":"nightclubs","note":"OpenStreetMap","osm_id":"node/2951264878","osm_url":"https://www.openstreetmap.org/node/2951264878","source":"OpenStreetMap"}},{"type":"Feature","geometry":{"type":"Point","coordinates":[-4.4252316,55.843156]},"properties":{"name":"NYT","layer":"nightclubs","note":"OpenStreetMap","osm_id":"node/29553510","osm_url":"https://www.openstreetmap.org/node/29553510","source":"OpenStreetMap"}},{"type":"Feature","geometry":{"type":"Point","coordinates":[-1.880836,52.4749876]},"properties":{"name":"The Mill","layer":"nightclubs","note":"OpenStreetMap","osm_id":"node/2963306556","osm_url":"https://www.openstreetmap.org/node/2963306556","source":"OpenStreetMap"}},{"type":"Feature","geometry":{"type":"Point","coordinates":[-0.1421041,51.5400479]},"properties":{"name":"Bar Monsta","layer":"nightclubs","note":"OpenStreetMap","osm_id":"node/296889738","osm_url":"https://www.openstreetmap.org/node/296889738","source":"OpenStreetMap"}},{"type":"Feature","geometry":{"type":"Point","coordinates":[-2.4827865,53.7512315]},"properties":{"name":"Jazzy Kex","layer":"nightclubs","note":"OpenStreetMap","osm_id":"node/2980317798","osm_url":"https://www.openstreetmap.org/node/2980317798","source":"OpenStreetMap"}},{"type":"Feature","geometry":{"type":"Point","coordinates":[-3.816203,53.3212449]},"properties":{"name":"Broadway Boulevard","layer":"nightclubs","note":"OpenStreetMap","osm_id":"node/298776906","osm_url":"https://www.openstreetmap.org/node/298776906","source":"OpenStreetMap"}},{"type":"Feature","geometry":{"type":"Point","coordinates":[-1.5446777,53.8010956]},"properties":{"name":"Mint XL","layer":"nightclubs","note":"OpenStreetMap","osm_id":"node/299171008","osm_url":"https://www.openstreetmap.org/node/299171008","source":"OpenStreetMap"}},{"type":"Feature","geometry":{"type":"Point","coordinates":[-0.1330659,51.5166249]},"properties":{"name":"The Roxy","layer":"nightclubs","note":"OpenStreetMap","osm_id":"node/2993795433","osm_url":"https://www.openstreetmap.org/node/2993795433","source":"OpenStreetMap"}},{"type":"Feature","geometry":{"type":"Point","coordinates":[-2.3569238,51.3806879]},"properties":{"name":"Labyrinth","layer":"nightclubs","note":"OpenStreetMap","osm_id":"node/300010441","osm_url":"https://www.openstreetmap.org/node/300010441","source":"OpenStreetMap"}},{"type":"Feature","geometry":{"type":"Point","coordinates":[-0.5865446,51.2421123]},"properties":{"name":"Rubix","layer":"nightclubs","note":"Surrey Students' Union","osm_id":"node/300430839","osm_url":"https://www.openstreetmap.org/node/300430839","source":"OpenStreetMap","brand":"Surrey Students' Union"}},{"type":"Feature","geometry":{"type":"Point","coordinates":[-7.3444417,53.5243647]},"properties":{"name":"Mojo's","layer":"nightclubs","note":"OpenStreetMap","osm_id":"node/300599692","osm_url":"https://www.openstreetmap.org/node/300599692","source":"OpenStreetMap"}},{"type":"Feature","geometry":{"type":"Point","coordinates":[-3.1937338,55.9485211]},"properties":{"name":"The Liquid Room","layer":"nightclubs","note":"OpenStreetMap","osm_id":"node/3007617849","osm_url":"https://www.openstreetmap.org/node/3007617849","source":"OpenStreetMap"}},{"type":"Feature","geometry":{"type":"Point","coordinates":[-0.3273341,53.7484473]},"properties":{"name":"Polly Esthers","layer":"nightclubs","note":"OpenStreetMap","osm_id":"node/301790795","osm_url":"https://www.openstreetmap.org/node/301790795","source":"OpenStreetMap"}},{"type":"Feature","geometry":{"type":"Point","coordinates":[-6.5653687,52.5028228]},"properties":{"name":"Benedicts","layer":"nightclubs","note":"Treacy's Hotel","osm_id":"node/3045709849","osm_url":"https://www.openstreetmap.org/node/3045709849","source":"OpenStreetMap","brand":"Treacy's Hotel"}},{"type":"Feature","geometry":{"type":"Point","coordinates":[-1.5090703,52.4097038]},"properties":{"name":"Kasi Lounge","layer":"nightclubs","note":"OpenStreetMap","osm_id":"node/3049178161","osm_url":"https://www.openstreetmap.org/node/3049178161","source":"OpenStreetMap"}},{"type":"Feature","geometry":{"type":"Point","coordinates":[-1.5091344,52.4096622]},"properties":{"name":"XO","layer":"nightclubs","note":"OpenStreetMap","osm_id":"node/3049178243","osm_url":"https://www.openstreetmap.org/node/3049178243","source":"OpenStreetMap"}},{"type":"Feature","geometry":{"type":"Point","coordinates":[-1.3227531,51.3994959]},"properties":{"name":"NUX","layer":"nightclubs","note":"OpenStreetMap","osm_id":"node/3052589097","osm_url":"https://www.openstreetmap.org/node/3052589097","source":"OpenStreetMap"}},{"type":"Feature","geometry":{"type":"Point","coordinates":[-2.9873423,53.4072801]},"properties":{"name":"Superstar Boudoir","layer":"nightclubs","note":"OpenStreetMap","osm_id":"node/308766618","osm_url":"https://www.openstreetmap.org/node/308766618","source":"OpenStreetMap"}},{"type":"Feature","geometry":{"type":"Point","coordinates":[-3.2061121,55.9483402]},"properties":{"name":"Club Tropicana","layer":"nightclubs","note":"OpenStreetMap","osm_id":"node/3112300366","osm_url":"https://www.openstreetmap.org/node/3112300366","source":"OpenStreetMap"}},{"type":"Feature","geometry":{"type":"Point","coordinates":[-1.913925,52.4752524]},"properties":{"name":"Snobs","layer":"nightclubs","note":"OpenStreetMap","osm_id":"node/3117288068","osm_url":"https://www.openstreetmap.org/node/3117288068","source":"OpenStreetMap"}},{"type":"Feature","geometry":{"type":"Point","coordinates":[-2.9951431,53.0444969]},"properties":{"name":"ATIK","layer":"nightclubs","note":"OpenStreetMap","osm_id":"node/311778265","osm_url":"https://www.openstreetmap.org/node/311778265","source":"OpenStreetMap"}},{"type":"Feature","geometry":{"type":"Point","coordinates":[-1.9012158,52.477251]},"properties":{"name":"Club Retro","layer":"nightclubs","note":"OpenStreetMap","osm_id":"node/313203126","osm_url":"https://www.openstreetmap.org/node/313203126","source":"OpenStreetMap"}},{"type":"Feature","geometry":{"type":"Point","coordinates":[-2.9958437,53.0457352]},"properties":{"name":"Central Station Venue","layer":"nightclubs","note":"OpenStreetMap","osm_id":"node/31321593","osm_url":"https://www.openstreetmap.org/node/31321593","source":"OpenStreetMap"}},{"type":"Feature","geometry":{"type":"Point","coordinates":[-0.1353568,51.5161082]},"properties":{"name":"100 Club","layer":"nightclubs","note":"OpenStreetMap","osm_id":"node/313349354","osm_url":"https://www.openstreetmap.org/node/313349354","source":"OpenStreetMap"}},{"type":"Feature","geometry":{"type":"Point","coordinates":[-1.7829338,53.6473579]},"properties":{"name":"Camel Club","layer":"nightclubs","note":"OpenStreetMap","osm_id":"node/314446330","osm_url":"https://www.openstreetmap.org/node/314446330","source":"OpenStreetMap"}},{"type":"Feature","geometry":{"type":"Point","coordinates":[-3.9387477,51.6187143]},"properties":{"name":"Eden","layer":"nightclubs","note":"OpenStreetMap","osm_id":"node/314851079","osm_url":"https://www.openstreetmap.org/node/314851079","source":"OpenStreetMap"}},{"type":"Feature","geometry":{"type":"Point","coordinates":[-1.7326185,53.0022274]},"properties":{"name":"The Venue","layer":"nightclubs","note":"OpenStreetMap","osm_id":"node/3153625029","osm_url":"https://www.openstreetmap.org/node/3153625029","source":"OpenStreetMap"}},{"type":"Feature","geometry":{"type":"Point","coordinates":[-1.8972149,52.4751149]},"properties":{"name":"Bambu","layer":"nightclubs","note":"OpenStreetMap","osm_id":"node/315463326","osm_url":"https://www.openstreetmap.org/node/315463326","source":"OpenStreetMap"}},{"type":"Feature","geometry":{"type":"Point","coordinates":[-1.8972386,52.4747679]},"properties":{"name":"101 Nightclub","layer":"nightclubs","note":"OpenStreetMap","osm_id":"node/315463336","osm_url":"https://www.openstreetmap.org/node/315463336","source":"OpenStreetMap"}},{"type":"Feature","geometry":{"type":"Point","coordinates":[-1.8993229,52.4742518]},"properties":{"name":"Scarlets","layer":"nightclubs","note":"OpenStreetMap","osm_id":"node/315465079","osm_url":"https://www.openstreetmap.org/node/315465079","source":"OpenStreetMap"}},{"type":"Feature","geometry":{"type":"Point","coordinates":[-0.400512,54.2818485]},"properties":{"name":"Studio 1 Nightclub","layer":"nightclubs","note":"OpenStreetMap","osm_id":"node/3160907824","osm_url":"https://www.openstreetmap.org/node/3160907824","source":"OpenStreetMap"}},{"type":"Feature","geometry":{"type":"Point","coordinates":[-6.2629196,53.3542745]},"properties":{"name":"The Avenue","layer":"nightclubs","note":"OpenStreetMap","osm_id":"node/3161957210","osm_url":"https://www.openstreetmap.org/node/3161957210","source":"OpenStreetMap"}},{"type":"Feature","geometry":{"type":"Point","coordinates":[-2.0238389,52.3917145]},"properties":{"name":"Rubery & Rednal Royal British Legion Club","layer":"nightclubs","note":"OpenStreetMap","osm_id":"node/317065767","osm_url":"https://www.openstreetmap.org/node/317065767","source":"OpenStreetMap"}},{"type":"Feature","geometry":{"type":"Point","coordinates":[-3.1967211,55.9530736]},"properties":{"name":"El Barrio","layer":"nightclubs","note":"OpenStreetMap","osm_id":"node/3193747654","osm_url":"https://www.openstreetmap.org/node/3193747654","source":"OpenStreetMap"}},{"type":"Feature","geometry":{"type":"Point","coordinates":[-2.0976277,57.1468408]},"properties":{"name":"The Tunnels","layer":"nightclubs","note":"OpenStreetMap","osm_id":"node/3200107591","osm_url":"https://www.openstreetmap.org/node/3200107591","source":"OpenStreetMap"}},{"type":"Feature","geometry":{"type":"Point","coordinates":[-2.10279,57.1448151]},"properties":{"name":"OGV Podium","layer":"nightclubs","note":"OpenStreetMap","osm_id":"node/3200279618","osm_url":"https://www.openstreetmap.org/node/3200279618","source":"OpenStreetMap"}},{"type":"Feature","geometry":{"type":"Point","coordinates":[-1.9908756,52.358618]},"properties":{"name":"Barnt Green Social Club","layer":"nightclubs","note":"OpenStreetMap","osm_id":"node/320045406","osm_url":"https://www.openstreetmap.org/node/320045406","source":"OpenStreetMap"}},{"type":"Feature","geometry":{"type":"Point","coordinates":[-3.1916764,55.9481654]},"properties":{"name":"Subway Cowgate","layer":"nightclubs","note":"Old Town pub Co.","osm_id":"node/3201174955","osm_url":"https://www.openstreetmap.org/node/3201174955","source":"OpenStreetMap","brand":"Old Town pub Co."}},{"type":"Feature","geometry":{"type":"Point","coordinates":[-2.3610474,51.3849997]},"properties":{"name":"Home Botanic","layer":"nightclubs","note":"OpenStreetMap","osm_id":"node/3202760802","osm_url":"https://www.openstreetmap.org/node/3202760802","source":"OpenStreetMap"}},{"type":"Feature","geometry":{"type":"Point","coordinates":[-2.4811215,51.2860233]},"properties":{"name":"Fat Sams","layer":"nightclubs","note":"OpenStreetMap","osm_id":"node/3206852545","osm_url":"https://www.openstreetmap.org/node/3206852545","source":"OpenStreetMap"}},{"type":"Feature","geometry":{"type":"Point","coordinates":[-2.1243993,53.2574519]},"properties":{"name":"Scene","layer":"nightclubs","note":"OpenStreetMap","osm_id":"node/321995479","osm_url":"https://www.openstreetmap.org/node/321995479","source":"OpenStreetMap"}},{"type":"Feature","geometry":{"type":"Point","coordinates":[-2.1247427,53.2579297]},"properties":{"name":"Fever & Boutique Macclesfield","layer":"nightclubs","note":"OpenStreetMap","osm_id":"node/321995480","osm_url":"https://www.openstreetmap.org/node/321995480","source":"OpenStreetMap"}},{"type":"Feature","geometry":{"type":"Point","coordinates":[-0.1142036,51.5010275]},"properties":{"name":"The Vaults","layer":"nightclubs","note":"OpenStreetMap","osm_id":"node/3249860773","osm_url":"https://www.openstreetmap.org/node/3249860773","source":"OpenStreetMap"}},{"type":"Feature","geometry":{"type":"Point","coordinates":[-4.2051454,51.1721021]},"properties":{"name":"Mariscos","layer":"nightclubs","note":"OpenStreetMap","osm_id":"node/325183716","osm_url":"https://www.openstreetmap.org/node/325183716","source":"OpenStreetMap"}},{"type":"Feature","geometry":{"type":"Point","coordinates":[-3.1876403,55.9483678]},"properties":{"name":"The Mash House","layer":"nightclubs","note":"Old Town pub Co.","osm_id":"node/3259772347","osm_url":"https://www.openstreetmap.org/node/3259772347","source":"OpenStreetMap","brand":"Old Town pub Co."}},{"type":"Feature","geometry":{"type":"Point","coordinates":[-3.187389,55.9483771]},"properties":{"name":"La Belle Angèle","layer":"nightclubs","note":"Old Town pub Co.","osm_id":"node/3259778902","osm_url":"https://www.openstreetmap.org/node/3259778902","source":"OpenStreetMap","brand":"Old Town pub Co."}},{"type":"Feature","geometry":{"type":"Point","coordinates":[-0.1030753,51.5414402]},"properties":{"name":"Lucky Voice","layer":"nightclubs","note":"OpenStreetMap","osm_id":"node/331880875","osm_url":"https://www.openstreetmap.org/node/331880875","source":"OpenStreetMap"}},{"type":"Feature","geometry":{"type":"Point","coordinates":[-0.1033857,51.5460046]},"properties":{"name":"The Famous Cocktail Bar","layer":"nightclubs","note":"Stonegate","osm_id":"node/331880921","osm_url":"https://www.openstreetmap.org/node/331880921","source":"OpenStreetMap","brand":"Stonegate"}},{"type":"Feature","geometry":{"type":"Point","coordinates":[-2.2491648,53.47855]},"properties":{"name":"42nd Street","layer":"nightclubs","note":"OpenStreetMap","osm_id":"node/334648541","osm_url":"https://www.openstreetmap.org/node/334648541","source":"OpenStreetMap"}},{"type":"Feature","geometry":{"type":"Point","coordinates":[-0.0104986,51.5270509]},"properties":{"name":"The Bridge London","layer":"nightclubs","note":"OpenStreetMap","osm_id":"node/3352686440","osm_url":"https://www.openstreetmap.org/node/3352686440","source":"OpenStreetMap"}},{"type":"Feature","geometry":{"type":"Point","coordinates":[-0.2403174,51.5329288]},"properties":{"name":"Nightclub","layer":"nightclubs","note":"OpenStreetMap","osm_id":"node/3376488693","osm_url":"https://www.openstreetmap.org/node/3376488693","source":"OpenStreetMap"}},{"type":"Feature","geometry":{"type":"Point","coordinates":[-2.0562413,52.4909225]},"properties":{"name":"Springfield Social Club","layer":"nightclubs","note":"OpenStreetMap","osm_id":"node/337678231","osm_url":"https://www.openstreetmap.org/node/337678231","source":"OpenStreetMap"}},{"type":"Feature","geometry":{"type":"Point","coordinates":[-2.047134,52.4840485]},"properties":{"name":"Rowley & Blackheath Labour Club Ltd","layer":"nightclubs","note":"OpenStreetMap","osm_id":"node/337702942","osm_url":"https://www.openstreetmap.org/node/337702942","source":"OpenStreetMap"}},{"type":"Feature","geometry":{"type":"Point","coordinates":[-2.0494431,52.4855693]},"properties":{"name":"Rowley Regis Conservative Club","layer":"nightclubs","note":"OpenStreetMap","osm_id":"node/337826157","osm_url":"https://www.openstreetmap.org/node/337826157","source":"OpenStreetMap"}},{"type":"Feature","geometry":{"type":"Point","coordinates":[-1.1397082,52.6351984]},"properties":{"name":"Mosh","layer":"nightclubs","note":"OpenStreetMap","osm_id":"node/3392744956","osm_url":"https://www.openstreetmap.org/node/3392744956","source":"OpenStreetMap"}},{"type":"Feature","geometry":{"type":"Point","coordinates":[-2.0442153,52.4743504]},"properties":{"name":"Blackheath Liberal Club","layer":"nightclubs","note":"OpenStreetMap","osm_id":"node/340414784","osm_url":"https://www.openstreetmap.org/node/340414784","source":"OpenStreetMap"}},{"type":"Feature","geometry":{"type":"Point","coordinates":[-1.3519985,50.9686488]},"properties":{"name":"Club Unique","layer":"nightclubs","note":"OpenStreetMap","osm_id":"node/3417288473","osm_url":"https://www.openstreetmap.org/node/3417288473","source":"OpenStreetMap"}},{"type":"Feature","geometry":{"type":"Point","coordinates":[-0.1685905,51.2413021]},"properties":{"name":"Q's Entertainment","layer":"nightclubs","note":"OpenStreetMap","osm_id":"node/3443473438","osm_url":"https://www.openstreetmap.org/node/3443473438","source":"OpenStreetMap"}},{"type":"Feature","geometry":{"type":"Point","coordinates":[-0.1245597,51.507865]},"properties":{"name":"Heaven","layer":"nightclubs","note":"OpenStreetMap","osm_id":"node/345887283","osm_url":"https://www.openstreetmap.org/node/345887283","source":"OpenStreetMap"}},{"type":"Feature","geometry":{"type":"Point","coordinates":[-4.0600329,51.0787794]},"properties":{"name":"Venue","layer":"nightclubs","note":"OpenStreetMap","osm_id":"node/346653567","osm_url":"https://www.openstreetmap.org/node/346653567","source":"OpenStreetMap"}},{"type":"Feature","geometry":{"type":"Point","coordinates":[-8.4722427,51.90353]},"properties":{"name":"Secrets Lapdancing","layer":"nightclubs","note":"OpenStreetMap","osm_id":"node/348942848","osm_url":"https://www.openstreetmap.org/node/348942848","source":"OpenStreetMap"}},{"type":"Feature","geometry":{"type":"Point","coordinates":[-8.4713483,51.9022311]},"properties":{"name":"Angels Lapdancing","layer":"nightclubs","note":"OpenStreetMap","osm_id":"node/348942873","osm_url":"https://www.openstreetmap.org/node/348942873","source":"OpenStreetMap"}},{"type":"Feature","geometry":{"type":"Point","coordinates":[-2.0633201,52.3326168]},"properties":{"name":"Love 2 Love","layer":"nightclubs","note":"OpenStreetMap","osm_id":"node/3505188686","osm_url":"https://www.openstreetmap.org/node/3505188686","source":"OpenStreetMap"}},{"type":"Feature","geometry":{"type":"Point","coordinates":[-1.9039923,52.4737345]},"properties":{"name":"King VN","layer":"nightclubs","note":"OpenStreetMap","osm_id":"node/351768239","osm_url":"https://www.openstreetmap.org/node/351768239","source":"OpenStreetMap"}},{"type":"Feature","geometry":{"type":"Point","coordinates":[-2.2367125,53.4819427]},"properties":{"name":"Wave Bar","layer":"nightclubs","note":"OpenStreetMap","osm_id":"node/357160362","osm_url":"https://www.openstreetmap.org/node/357160362","source":"OpenStreetMap"}},{"type":"Feature","geometry":{"type":"Point","coordinates":[-1.5516648,53.7968671]},"properties":{"name":"The Purple Door","layer":"nightclubs","note":"OpenStreetMap","osm_id":"node/357722130","osm_url":"https://www.openstreetmap.org/node/357722130","source":"OpenStreetMap"}},{"type":"Feature","geometry":{"type":"Point","coordinates":[-0.073993,53.57347]},"properties":{"name":"Yardbirds Rockclub","layer":"nightclubs","note":"OpenStreetMap","osm_id":"node/3580430993","osm_url":"https://www.openstreetmap.org/node/3580430993","source":"OpenStreetMap"}},{"type":"Feature","geometry":{"type":"Point","coordinates":[-1.5017235,53.6819687]},"properties":{"name":"Brick Works Nightclub","layer":"nightclubs","note":"OpenStreetMap","osm_id":"node/360034865","osm_url":"https://www.openstreetmap.org/node/360034865","source":"OpenStreetMap"}},{"type":"Feature","geometry":{"type":"Point","coordinates":[-0.1039603,51.5467543]},"properties":{"name":"The Garage","layer":"nightclubs","note":"OpenStreetMap","osm_id":"node/360043073","osm_url":"https://www.openstreetmap.org/node/360043073","source":"OpenStreetMap"}},{"type":"Feature","geometry":{"type":"Point","coordinates":[-2.0323697,52.4690542]},"properties":{"name":"Hill & Cakemore Conservative Club","layer":"nightclubs","note":"OpenStreetMap","osm_id":"node/361121961","osm_url":"https://www.openstreetmap.org/node/361121961","source":"OpenStreetMap"}},{"type":"Feature","geometry":{"type":"Point","coordinates":[-0.1335521,51.5124247]},"properties":{"name":"SophistiCats","layer":"nightclubs","note":"OpenStreetMap","osm_id":"node/3623405228","osm_url":"https://www.openstreetmap.org/node/3623405228","source":"OpenStreetMap"}},{"type":"Feature","geometry":{"type":"Point","coordinates":[-2.4497339,52.6951537]},"properties":{"name":"The Duke Box","layer":"nightclubs","note":"OpenStreetMap","osm_id":"node/3634927412","osm_url":"https://www.openstreetmap.org/node/3634927412","source":"OpenStreetMap"}},{"type":"Feature","geometry":{"type":"Point","coordinates":[-4.6318475,55.4622557]},"properties":{"name":"Venue 38","layer":"nightclubs","note":"OpenStreetMap","osm_id":"node/3640477729","osm_url":"https://www.openstreetmap.org/node/3640477729","source":"OpenStreetMap"}},{"type":"Feature","geometry":{"type":"Point","coordinates":[-1.8625774,53.723058]},"properties":{"name":"Fusion","layer":"nightclubs","note":"OpenStreetMap","osm_id":"node/3662361234","osm_url":"https://www.openstreetmap.org/node/3662361234","source":"OpenStreetMap"}},{"type":"Feature","geometry":{"type":"Point","coordinates":[-1.8626182,53.7230905]},"properties":{"name":"Panacea","layer":"nightclubs","note":"OpenStreetMap","osm_id":"node/3662361236","osm_url":"https://www.openstreetmap.org/node/3662361236","source":"OpenStreetMap"}},{"type":"Feature","geometry":{"type":"Point","coordinates":[-0.1234761,51.4853592]},"properties":{"name":"Lightbox","layer":"nightclubs","note":"OpenStreetMap","osm_id":"node/368025671","osm_url":"https://www.openstreetmap.org/node/368025671","source":"OpenStreetMap"}},{"type":"Feature","geometry":{"type":"Point","coordinates":[-2.8001519,56.3409779]},"properties":{"name":"Club 601","layer":"nightclubs","note":"University of St Andrews Students' Association","osm_id":"node/3704642523","osm_url":"https://www.openstreetmap.org/node/3704642523","source":"OpenStreetMap","brand":"University of St Andrews Students' Association"}},{"type":"Feature","geometry":{"type":"Point","coordinates":[0.1198087,52.2081029]},"properties":{"name":"University Pitt Club","layer":"nightclubs","note":"OpenStreetMap","osm_id":"node/3710865309","osm_url":"https://www.openstreetmap.org/node/3710865309","source":"OpenStreetMap"}},{"type":"Feature","geometry":{"type":"Point","coordinates":[-0.4029622,54.2740744]},"properties":{"name":"Bacchus","layer":"nightclubs","note":"OpenStreetMap","osm_id":"node/3727419378","osm_url":"https://www.openstreetmap.org/node/3727419378","source":"OpenStreetMap"}},{"type":"Feature","geometry":{"type":"Point","coordinates":[-2.0053491,55.7701844]},"properties":{"name":"Bedrocks","layer":"nightclubs","note":"OpenStreetMap","osm_id":"node/3732117192","osm_url":"https://www.openstreetmap.org/node/3732117192","source":"OpenStreetMap"}},{"type":"Feature","geometry":{"type":"Point","coordinates":[-2.1589081,53.4125921]},"properties":{"name":"Holy Diver","layer":"nightclubs","note":"OpenStreetMap","osm_id":"node/3740008904","osm_url":"https://www.openstreetmap.org/node/3740008904","source":"OpenStreetMap"}},{"type":"Feature","geometry":{"type":"Point","coordinates":[-0.8885686,52.7664035]},"properties":{"name":"The Road House","layer":"nightclubs","note":"OpenStreetMap","osm_id":"node/3752472204","osm_url":"https://www.openstreetmap.org/node/3752472204","source":"OpenStreetMap"}},{"type":"Feature","geometry":{"type":"Point","coordinates":[-1.5388609,53.9944952]},"properties":{"name":"Villa Mercedes","layer":"nightclubs","note":"OpenStreetMap","osm_id":"node/3771034579","osm_url":"https://www.openstreetmap.org/node/3771034579","source":"OpenStreetMap"}},{"type":"Feature","geometry":{"type":"Point","coordinates":[-6.2634856,53.3351615]},"properties":{"name":"Everleigh Garden","layer":"nightclubs","note":"OpenStreetMap","osm_id":"node/3771358965","osm_url":"https://www.openstreetmap.org/node/3771358965","source":"OpenStreetMap"}},{"type":"Feature","geometry":{"type":"Point","coordinates":[-2.3580459,51.3809426]},"properties":{"name":"sleight","layer":"nightclubs","note":"OpenStreetMap","osm_id":"node/3773999026","osm_url":"https://www.openstreetmap.org/node/3773999026","source":"OpenStreetMap"}},{"type":"Feature","geometry":{"type":"Point","coordinates":[-1.5807974,54.7768314]},"properties":{"name":"Loft","layer":"nightclubs","note":"OpenStreetMap","osm_id":"node/3778784120","osm_url":"https://www.openstreetmap.org/node/3778784120","source":"OpenStreetMap"}},{"type":"Feature","geometry":{"type":"Point","coordinates":[-1.5435304,53.8009924]},"properties":{"name":"The Key Club","layer":"nightclubs","note":"OpenStreetMap","osm_id":"node/3817114481","osm_url":"https://www.openstreetmap.org/node/3817114481","source":"OpenStreetMap"}},{"type":"Feature","geometry":{"type":"Point","coordinates":[-3.1877983,55.9485629]},"properties":{"name":"Stramash","layer":"nightclubs","note":"Old Town pub Co.","osm_id":"node/3829574791","osm_url":"https://www.openstreetmap.org/node/3829574791","source":"OpenStreetMap","brand":"Old Town pub Co."}},{"type":"Feature","geometry":{"type":"Point","coordinates":[-4.2572382,55.8579086]},"properties":{"name":"Sub Club","layer":"nightclubs","note":"OpenStreetMap","osm_id":"node/3834521842","osm_url":"https://www.openstreetmap.org/node/3834521842","source":"OpenStreetMap"}},{"type":"Feature","geometry":{"type":"Point","coordinates":[-1.3861426,54.9037349]},"properties":{"name":"7even","layer":"nightclubs","note":"OpenStreetMap","osm_id":"node/3859034970","osm_url":"https://www.openstreetmap.org/node/3859034970","source":"OpenStreetMap"}},{"type":"Feature","geometry":{"type":"Point","coordinates":[-1.6152617,54.9789879]},"properties":{"name":"Venue","layer":"nightclubs","note":"OpenStreetMap","osm_id":"node/3865675507","osm_url":"https://www.openstreetmap.org/node/3865675507","source":"OpenStreetMap"}},{"type":"Feature","geometry":{"type":"Point","coordinates":[-0.1875507,51.5021504]},"properties":{"name":"Jako London","layer":"nightclubs","note":"OpenStreetMap","osm_id":"node/3868765589","osm_url":"https://www.openstreetmap.org/node/3868765589","source":"OpenStreetMap"}},{"type":"Feature","geometry":{"type":"Point","coordinates":[-1.6109906,54.9708044]},"properties":{"name":"Soho Rooms","layer":"nightclubs","note":"OpenStreetMap","osm_id":"node/3871273609","osm_url":"https://www.openstreetmap.org/node/3871273609","source":"OpenStreetMap"}},{"type":"Feature","geometry":{"type":"Point","coordinates":[-1.5597094,54.5255855]},"properties":{"name":"Chambers","layer":"nightclubs","note":"OpenStreetMap","osm_id":"node/3872586261","osm_url":"https://www.openstreetmap.org/node/3872586261","source":"OpenStreetMap"}},{"type":"Feature","geometry":{"type":"Point","coordinates":[-2.9299592,54.8910633]},"properties":{"name":"Club Rock","layer":"nightclubs","note":"OpenStreetMap","osm_id":"node/3874817994","osm_url":"https://www.openstreetmap.org/node/3874817994","source":"OpenStreetMap"}},{"type":"Feature","geometry":{"type":"Point","coordinates":[-2.9303986,54.8914257]},"properties":{"name":"The Venue","layer":"nightclubs","note":"OpenStreetMap","osm_id":"node/3874823033","osm_url":"https://www.openstreetmap.org/node/3874823033","source":"OpenStreetMap"}},{"type":"Feature","geometry":{"type":"Point","coordinates":[-3.0538491,53.8180121]},"properties":{"name":"The Tache","layer":"nightclubs","note":"OpenStreetMap","osm_id":"node/3875874598","osm_url":"https://www.openstreetmap.org/node/3875874598","source":"OpenStreetMap"}},{"type":"Feature","geometry":{"type":"Point","coordinates":[-3.2039477,55.9433649]},"properties":{"name":"Live at Hoots","layer":"nightclubs","note":"OpenStreetMap","osm_id":"node/3946332182","osm_url":"https://www.openstreetmap.org/node/3946332182","source":"OpenStreetMap"}},{"type":"Feature","geometry":{"type":"Point","coordinates":[-1.6973999,52.6328185]},"properties":{"name":"Decadence","layer":"nightclubs","note":"OpenStreetMap","osm_id":"node/3960698977","osm_url":"https://www.openstreetmap.org/node/3960698977","source":"OpenStreetMap"}},{"type":"Feature","geometry":{"type":"Point","coordinates":[-6.39003,58.20801]},"properties":{"name":"Rascals","layer":"nightclubs","note":"OpenStreetMap","osm_id":"node/3977035561","osm_url":"https://www.openstreetmap.org/node/3977035561","source":"OpenStreetMap"}},{"type":"Feature","geometry":{"type":"Point","coordinates":[-7.1112191,52.2572208]},"properties":{"name":"The Factory Nightclub","layer":"nightclubs","note":"OpenStreetMap","osm_id":"node/4001064185","osm_url":"https://www.openstreetmap.org/node/4001064185","source":"OpenStreetMap"}},{"type":"Feature","geometry":{"type":"Point","coordinates":[-7.1117576,52.2572054]},"properties":{"name":"Masons","layer":"nightclubs","note":"OpenStreetMap","osm_id":"node/4001064186","osm_url":"https://www.openstreetmap.org/node/4001064186","source":"OpenStreetMap"}},{"type":"Feature","geometry":{"type":"Point","coordinates":[-8.2763748,52.1383642]},"properties":{"name":"SG1 Nightclub","layer":"nightclubs","note":"OpenStreetMap","osm_id":"node/4020545667","osm_url":"https://www.openstreetmap.org/node/4020545667","source":"OpenStreetMap"}},{"type":"Feature","geometry":{"type":"Point","coordinates":[1.1658295,52.0498718]},"properties":{"name":"The Music Room","layer":"nightclubs","note":"OpenStreetMap","osm_id":"node/4026103923","osm_url":"https://www.openstreetmap.org/node/4026103923","source":"OpenStreetMap"}},{"type":"Feature","geometry":{"type":"Point","coordinates":[-8.6235436,52.6635597]},"properties":{"name":"Smyth’s Bar","layer":"nightclubs","note":"OpenStreetMap","osm_id":"node/4032151935","osm_url":"https://www.openstreetmap.org/node/4032151935","source":"OpenStreetMap"}},{"type":"Feature","geometry":{"type":"Point","coordinates":[-1.1544757,52.9583121]},"properties":{"name":"The Level","layer":"nightclubs","note":"OpenStreetMap","osm_id":"node/4042801182","osm_url":"https://www.openstreetmap.org/node/4042801182","source":"OpenStreetMap"}},{"type":"Feature","geometry":{"type":"Point","coordinates":[-1.8326324,54.8535468]},"properties":{"name":"The Trades","layer":"nightclubs","note":"OpenStreetMap","osm_id":"node/4073651362","osm_url":"https://www.openstreetmap.org/node/4073651362","source":"OpenStreetMap"}},{"type":"Feature","geometry":{"type":"Point","coordinates":[-1.8348747,54.8541658]},"properties":{"name":"Steph's","layer":"nightclubs","note":"OpenStreetMap","osm_id":"node/4074820697","osm_url":"https://www.openstreetmap.org/node/4074820697","source":"OpenStreetMap"}},{"type":"Feature","geometry":{"type":"Point","coordinates":[0.0036549,51.5177982]},"properties":{"name":"Bridge House 2","layer":"nightclubs","note":"OpenStreetMap","osm_id":"node/4095264351","osm_url":"https://www.openstreetmap.org/node/4095264351","source":"OpenStreetMap"}},{"type":"Feature","geometry":{"type":"Point","coordinates":[-0.2088588,51.9114509]},"properties":{"name":"Venue","layer":"nightclubs","note":"OpenStreetMap","osm_id":"node/4100777591","osm_url":"https://www.openstreetmap.org/node/4100777591","source":"OpenStreetMap"}},{"type":"Feature","geometry":{"type":"Point","coordinates":[-1.1947842,53.146097]},"properties":{"name":"QI","layer":"nightclubs","note":"OpenStreetMap","osm_id":"node/4110045138","osm_url":"https://www.openstreetmap.org/node/4110045138","source":"OpenStreetMap"}},{"type":"Feature","geometry":{"type":"Point","coordinates":[-3.2017312,55.9520416]},"properties":{"name":"The Shack","layer":"nightclubs","note":"OpenStreetMap","osm_id":"node/41483851","osm_url":"https://www.openstreetmap.org/node/41483851","source":"OpenStreetMap"}},{"type":"Feature","geometry":{"type":"Point","coordinates":[-3.1921037,55.9482078]},"properties":{"name":"The Bongo Club","layer":"nightclubs","note":"Out of the Blue Arts & Education Trust","osm_id":"node/4166866989","osm_url":"https://www.openstreetmap.org/node/4166866989","source":"OpenStreetMap","brand":"Out of the Blue Arts & Education Trust"}},{"type":"Feature","geometry":{"type":"Point","coordinates":[-9.3457906,52.9315567]},"properties":{"name":"The Claremount","layer":"nightclubs","note":"OpenStreetMap","osm_id":"node/417676777","osm_url":"https://www.openstreetmap.org/node/417676777","source":"OpenStreetMap"}},{"type":"Feature","geometry":{"type":"Point","coordinates":[-0.1877803,51.5025449]},"properties":{"name":"Bodo's Schloss","layer":"nightclubs","note":"OpenStreetMap","osm_id":"node/4177285145","osm_url":"https://www.openstreetmap.org/node/4177285145","source":"OpenStreetMap"}},{"type":"Feature","geometry":{"type":"Point","coordinates":[-0.4190078,51.878366]},"properties":{"name":"Flame","layer":"nightclubs","note":"OpenStreetMap","osm_id":"node/4193618019","osm_url":"https://www.openstreetmap.org/node/4193618019","source":"OpenStreetMap"}},{"type":"Feature","geometry":{"type":"Point","coordinates":[-0.4140236,51.8804123]},"properties":{"name":"Diamond Club","layer":"nightclubs","note":"OpenStreetMap","osm_id":"node/4204643112","osm_url":"https://www.openstreetmap.org/node/4204643112","source":"OpenStreetMap"}},{"type":"Feature","geometry":{"type":"Point","coordinates":[0.0164512,51.4072167]},"properties":{"name":"Copper Ceylon","layer":"nightclubs","note":"OpenStreetMap","osm_id":"node/420771879","osm_url":"https://www.openstreetmap.org/node/420771879","source":"OpenStreetMap"}},{"type":"Feature","geometry":{"type":"Point","coordinates":[-6.2551589,53.3340114]},"properties":{"name":"House Dublin","layer":"nightclubs","note":"OpenStreetMap","osm_id":"node/4209884820","osm_url":"https://www.openstreetmap.org/node/4209884820","source":"OpenStreetMap"}},{"type":"Feature","geometry":{"type":"Point","coordinates":[-1.56057,55.2238998]},"properties":{"name":"Jps Pat Testing","layer":"nightclubs","note":"john patterson","osm_id":"node/4228606991","osm_url":"https://www.openstreetmap.org/node/4228606991","source":"OpenStreetMap","brand":"john patterson"}},{"type":"Feature","geometry":{"type":"Point","coordinates":[-0.1155457,51.5314074]},"properties":{"name":"Surya","layer":"nightclubs","note":"OpenStreetMap","osm_id":"node/425175062","osm_url":"https://www.openstreetmap.org/node/425175062","source":"OpenStreetMap"}},{"type":"Feature","geometry":{"type":"Point","coordinates":[-2.2481359,52.3833782]},"properties":{"name":"Nubu","layer":"nightclubs","note":"OpenStreetMap","osm_id":"node/4271316297","osm_url":"https://www.openstreetmap.org/node/4271316297","source":"OpenStreetMap"}},{"type":"Feature","geometry":{"type":"Point","coordinates":[-2.2447754,53.4738595]},"properties":{"name":"Sixxis","layer":"nightclubs","note":"OpenStreetMap","osm_id":"node/4295880405","osm_url":"https://www.openstreetmap.org/node/4295880405","source":"OpenStreetMap"}},{"type":"Feature","geometry":{"type":"Point","coordinates":[-0.4741602,52.1391212]},"properties":{"name":"Esquires","layer":"nightclubs","note":"OpenStreetMap","osm_id":"node/430794814","osm_url":"https://www.openstreetmap.org/node/430794814","source":"OpenStreetMap"}},{"type":"Feature","geometry":{"type":"Point","coordinates":[-0.1422052,51.5391849]},"properties":{"name":"The Underworld","layer":"nightclubs","note":"OpenStreetMap","osm_id":"node/430832360","osm_url":"https://www.openstreetmap.org/node/430832360","source":"OpenStreetMap"}},{"type":"Feature","geometry":{"type":"Point","coordinates":[-2.8831776,53.5680381]},"properties":{"name":"Alpine","layer":"nightclubs","note":"OpenStreetMap","osm_id":"node/4314971075","osm_url":"https://www.openstreetmap.org/node/4314971075","source":"OpenStreetMap"}},{"type":"Feature","geometry":{"type":"Point","coordinates":[-1.0904566,50.7994695]},"properties":{"name":"Wiggle","layer":"nightclubs","note":"OpenStreetMap","osm_id":"node/4339125585","osm_url":"https://www.openstreetmap.org/node/4339125585","source":"OpenStreetMap"}},{"type":"Feature","geometry":{"type":"Point","coordinates":[-1.4332064,55.0001383]},"properties":{"name":"The Ranch","layer":"nightclubs","note":"OpenStreetMap","osm_id":"node/4347190476","osm_url":"https://www.openstreetmap.org/node/4347190476","source":"OpenStreetMap"}},{"type":"Feature","geometry":{"type":"Point","coordinates":[-1.0932582,50.7958948]},"properties":{"name":"The Astoria","layer":"nightclubs","note":"OpenStreetMap","osm_id":"node/4359426597","osm_url":"https://www.openstreetmap.org/node/4359426597","source":"OpenStreetMap"}},{"type":"Feature","geometry":{"type":"Point","coordinates":[-10.2264042,51.9460854]},"properties":{"name":"Nightclub","layer":"nightclubs","note":"OpenStreetMap","osm_id":"node/4378144693","osm_url":"https://www.openstreetmap.org/node/4378144693","source":"OpenStreetMap"}},{"type":"Feature","geometry":{"type":"Point","coordinates":[-1.8210267,53.7460612]},"properties":{"name":"Stone Chair Variety Club","layer":"nightclubs","note":"OpenStreetMap","osm_id":"node/443730337","osm_url":"https://www.openstreetmap.org/node/443730337","source":"OpenStreetMap"}},{"type":"Feature","geometry":{"type":"Point","coordinates":[-2.0741154,52.3289418]},"properties":{"name":"Millfields Social Club","layer":"nightclubs","note":"OpenStreetMap","osm_id":"node/444578455","osm_url":"https://www.openstreetmap.org/node/444578455","source":"OpenStreetMap"}},{"type":"Feature","geometry":{"type":"Point","coordinates":[-1.5022248,53.6823002]},"properties":{"name":"Nocturno","layer":"nightclubs","note":"OpenStreetMap","osm_id":"node/4468401792","osm_url":"https://www.openstreetmap.org/node/4468401792","source":"OpenStreetMap"}},{"type":"Feature","geometry":{"type":"Point","coordinates":[-0.0850337,51.5260118]},"properties":{"name":"Golden Bee","layer":"nightclubs","note":"OpenStreetMap","osm_id":"node/4492486547","osm_url":"https://www.openstreetmap.org/node/4492486547","source":"OpenStreetMap"}},{"type":"Feature","geometry":{"type":"Point","coordinates":[-1.1757463,52.9531935]},"properties":{"name":"The Marcus Garvey Ballroom","layer":"nightclubs","note":"OpenStreetMap","osm_id":"node/4498968101","osm_url":"https://www.openstreetmap.org/node/4498968101","source":"OpenStreetMap"}},{"type":"Feature","geometry":{"type":"Point","coordinates":[-1.6227544,54.9682978]},"properties":{"name":"Powerhouse","layer":"nightclubs","note":"OpenStreetMap","osm_id":"node/4504609173","osm_url":"https://www.openstreetmap.org/node/4504609173","source":"OpenStreetMap"}},{"type":"Feature","geometry":{"type":"Point","coordinates":[-2.9879004,53.4062724]},"properties":{"name":"Cavern Club","layer":"nightclubs","note":"OpenStreetMap","osm_id":"node/4511184490","osm_url":"https://www.openstreetmap.org/node/4511184490","source":"OpenStreetMap"}},{"type":"Feature","geometry":{"type":"Point","coordinates":[-5.9308422,54.6038956]},"properties":{"name":"The Kremlin","layer":"nightclubs","note":"OpenStreetMap","osm_id":"node/4513738301","osm_url":"https://www.openstreetmap.org/node/4513738301","source":"OpenStreetMap"}},{"type":"Feature","geometry":{"type":"Point","coordinates":[-1.613535,54.9699689]},"properties":{"name":"Howlers","layer":"nightclubs","note":"OpenStreetMap","osm_id":"node/4515143089","osm_url":"https://www.openstreetmap.org/node/4515143089","source":"OpenStreetMap"}},{"type":"Feature","geometry":{"type":"Point","coordinates":[-1.6128694,54.9701318]},"properties":{"name":"Bohemia","layer":"nightclubs","note":"OpenStreetMap","osm_id":"node/4515143091","osm_url":"https://www.openstreetmap.org/node/4515143091","source":"OpenStreetMap"}},{"type":"Feature","geometry":{"type":"Point","coordinates":[-1.5601281,52.3787884]},"properties":{"name":"The Copper Rooms","layer":"nightclubs","note":"OpenStreetMap","osm_id":"node/452905209","osm_url":"https://www.openstreetmap.org/node/452905209","source":"OpenStreetMap"}},{"type":"Feature","geometry":{"type":"Point","coordinates":[-0.1571232,51.4928737]},"properties":{"name":"Tonteria","layer":"nightclubs","note":"OpenStreetMap","osm_id":"node/4547084075","osm_url":"https://www.openstreetmap.org/node/4547084075","source":"OpenStreetMap"}},{"type":"Feature","geometry":{"type":"Point","coordinates":[-3.640627,55.9002402]},"properties":{"name":"Dreadnought Rock","layer":"nightclubs","note":"OpenStreetMap","osm_id":"node/4560260636","osm_url":"https://www.openstreetmap.org/node/4560260636","source":"OpenStreetMap"}},{"type":"Feature","geometry":{"type":"Point","coordinates":[-2.9907059,53.8476884]},"properties":{"name":"Nu Blu","layer":"nightclubs","note":"OpenStreetMap","osm_id":"node/4581012346","osm_url":"https://www.openstreetmap.org/node/4581012346","source":"OpenStreetMap"}},{"type":"Feature","geometry":{"type":"Point","coordinates":[-1.3261986,51.0597598]},"properties":{"name":"The Vault","layer":"nightclubs","note":"OpenStreetMap","osm_id":"node/4591716547","osm_url":"https://www.openstreetmap.org/node/4591716547","source":"OpenStreetMap"}},{"type":"Feature","geometry":{"type":"Point","coordinates":[-0.0945117,51.5130752]},"properties":{"name":"Popworld","layer":"nightclubs","note":"OpenStreetMap","osm_id":"node/4605187783","osm_url":"https://www.openstreetmap.org/node/4605187783","source":"OpenStreetMap"}},{"type":"Feature","geometry":{"type":"Point","coordinates":[-2.4047189,53.8206566]},"properties":{"name":"Rendezvous Nightclub","layer":"nightclubs","note":"OpenStreetMap","osm_id":"node/4611928999","osm_url":"https://www.openstreetmap.org/node/4611928999","source":"OpenStreetMap"}},{"type":"Feature","geometry":{"type":"Point","coordinates":[-0.4222353,53.8411402]},"properties":{"name":"Armstrongs Social Club","layer":"nightclubs","note":"OpenStreetMap","osm_id":"node/4622079180","osm_url":"https://www.openstreetmap.org/node/4622079180","source":"OpenStreetMap"}},{"type":"Feature","geometry":{"type":"Point","coordinates":[-0.3769134,52.7678047]},"properties":{"name":"The Late Bar","layer":"nightclubs","note":"OpenStreetMap","osm_id":"node/4627608235","osm_url":"https://www.openstreetmap.org/node/4627608235","source":"OpenStreetMap"}},{"type":"Feature","geometry":{"type":"Point","coordinates":[-1.1213965,50.7954497]},"properties":{"name":"Emma's","layer":"nightclubs","note":"OpenStreetMap","osm_id":"node/4633679928","osm_url":"https://www.openstreetmap.org/node/4633679928","source":"OpenStreetMap"}},{"type":"Feature","geometry":{"type":"Point","coordinates":[0.8948451,51.8877784]},"properties":{"name":"Rubix","layer":"nightclubs","note":"OpenStreetMap","osm_id":"node/4639541546","osm_url":"https://www.openstreetmap.org/node/4639541546","source":"OpenStreetMap"}},{"type":"Feature","geometry":{"type":"Point","coordinates":[-0.0227773,51.5442333]},"properties":{"name":"Studio 9294","layer":"nightclubs","note":"OpenStreetMap","osm_id":"node/4685886038","osm_url":"https://www.openstreetmap.org/node/4685886038","source":"OpenStreetMap"}},{"type":"Feature","geometry":{"type":"Point","coordinates":[-1.9538529,50.7239049]},"properties":{"name":"Mr Kyps","layer":"nightclubs","note":"OpenStreetMap","osm_id":"node/4691702289","osm_url":"https://www.openstreetmap.org/node/4691702289","source":"OpenStreetMap"}},{"type":"Feature","geometry":{"type":"Point","coordinates":[-0.0746995,51.5524694]},"properties":{"name":"VFD","layer":"nightclubs","note":"OpenStreetMap","osm_id":"node/4691984825","osm_url":"https://www.openstreetmap.org/node/4691984825","source":"OpenStreetMap"}},{"type":"Feature","geometry":{"type":"Point","coordinates":[-4.3326155,52.9050026]},"properties":{"name":"The Boardwalk","layer":"nightclubs","note":"OpenStreetMap","osm_id":"node/471977426","osm_url":"https://www.openstreetmap.org/node/471977426","source":"OpenStreetMap"}},{"type":"Feature","geometry":{"type":"Point","coordinates":[-4.3332573,52.9046242]},"properties":{"name":"The Cove","layer":"nightclubs","note":"Haven","osm_id":"node/471977428","osm_url":"https://www.openstreetmap.org/node/471977428","source":"OpenStreetMap","brand":"Haven"}},{"type":"Feature","geometry":{"type":"Point","coordinates":[-2.3572717,51.3788179]},"properties":{"name":"Second Bridge","layer":"nightclubs","note":"OpenStreetMap","osm_id":"node/472443381","osm_url":"https://www.openstreetmap.org/node/472443381","source":"OpenStreetMap"}},{"type":"Feature","geometry":{"type":"Point","coordinates":[-0.0306081,53.560915]},"properties":{"name":"0° North","layer":"nightclubs","note":"OpenStreetMap","osm_id":"node/4727906241","osm_url":"https://www.openstreetmap.org/node/4727906241","source":"OpenStreetMap"}},{"type":"Feature","geometry":{"type":"Point","coordinates":[-0.7781349,50.8345699]},"properties":{"name":"Chichester Jazz Club","layer":"nightclubs","note":"OpenStreetMap","osm_id":"node/4743414667","osm_url":"https://www.openstreetmap.org/node/4743414667","source":"OpenStreetMap"}},{"type":"Feature","geometry":{"type":"Point","coordinates":[0.4758151,50.8381208]},"properties":{"name":"Milligans Cavern Club","layer":"nightclubs","note":"OpenStreetMap","osm_id":"node/4751015987","osm_url":"https://www.openstreetmap.org/node/4751015987","source":"OpenStreetMap"}},{"type":"Feature","geometry":{"type":"Point","coordinates":[-1.870632,52.2138314]},"properties":{"name":"Alcester Unionist Club","layer":"nightclubs","note":"OpenStreetMap","osm_id":"node/476848506","osm_url":"https://www.openstreetmap.org/node/476848506","source":"OpenStreetMap"}},{"type":"Feature","geometry":{"type":"Point","coordinates":[-0.7530967,51.6285136]},"properties":{"name":"The SU","layer":"nightclubs","note":"OpenStreetMap","osm_id":"node/4789182721","osm_url":"https://www.openstreetmap.org/node/4789182721","source":"OpenStreetMap"}},{"type":"Feature","geometry":{"type":"Point","coordinates":[-1.4652081,52.5223997]},"properties":{"name":"Vibe","layer":"nightclubs","note":"OpenStreetMap","osm_id":"node/4791413621","osm_url":"https://www.openstreetmap.org/node/4791413621","source":"OpenStreetMap"}},{"type":"Feature","geometry":{"type":"Point","coordinates":[-1.0818986,53.9568097]},"properties":{"name":"Circuit","layer":"nightclubs","note":"OpenStreetMap","osm_id":"node/4793183971","osm_url":"https://www.openstreetmap.org/node/4793183971","source":"OpenStreetMap"}},{"type":"Feature","geometry":{"type":"Point","coordinates":[0.7041128,51.5823779]},"properties":{"name":"Nightclub","layer":"nightclubs","note":"OpenStreetMap","osm_id":"node/4795055718","osm_url":"https://www.openstreetmap.org/node/4795055718","source":"OpenStreetMap"}},{"type":"Feature","geometry":{"type":"Point","coordinates":[-0.810053,52.0661502]},"properties":{"name":"Unit Nine","layer":"nightclubs","note":"OpenStreetMap","osm_id":"node/4826992949","osm_url":"https://www.openstreetmap.org/node/4826992949","source":"OpenStreetMap"}},{"type":"Feature","geometry":{"type":"Point","coordinates":[-3.1915845,55.9481834]},"properties":{"name":"Legends","layer":"nightclubs","note":"Old Town pub Co.","osm_id":"node/483043342","osm_url":"https://www.openstreetmap.org/node/483043342","source":"OpenStreetMap","brand":"Old Town pub Co."}},{"type":"Feature","geometry":{"type":"Point","coordinates":[-3.191479,55.9481713]},"properties":{"name":"Sneaky Pete's","layer":"nightclubs","note":"OpenStreetMap","osm_id":"node/483044126","osm_url":"https://www.openstreetmap.org/node/483044126","source":"OpenStreetMap"}},{"type":"Feature","geometry":{"type":"Point","coordinates":[-1.5985349,53.7444393]},"properties":{"name":"JD's Nightclub","layer":"nightclubs","note":"OpenStreetMap","osm_id":"node/4846648942","osm_url":"https://www.openstreetmap.org/node/4846648942","source":"OpenStreetMap"}},{"type":"Feature","geometry":{"type":"Point","coordinates":[-0.9981532,51.457429]},"properties":{"name":"The Curzon Club","layer":"nightclubs","note":"OpenStreetMap","osm_id":"node/4860664636","osm_url":"https://www.openstreetmap.org/node/4860664636","source":"OpenStreetMap"}},{"type":"Feature","geometry":{"type":"Point","coordinates":[-0.134022,51.5104312]},"properties":{"name":"Piccadilly Institute","layer":"nightclubs","note":"OpenStreetMap","osm_id":"node/4879719233","osm_url":"https://www.openstreetmap.org/node/4879719233","source":"OpenStreetMap"}},{"type":"Feature","geometry":{"type":"Point","coordinates":[-1.1633465,52.2563802]},"properties":{"name":"Slim Jim's","layer":"nightclubs","note":"OpenStreetMap","osm_id":"node/4894025427","osm_url":"https://www.openstreetmap.org/node/4894025427","source":"OpenStreetMap"}},{"type":"Feature","geometry":{"type":"Point","coordinates":[-0.9752121,51.4543315]},"properties":{"name":"EVA's","layer":"nightclubs","note":"OpenStreetMap","osm_id":"node/4905298770","osm_url":"https://www.openstreetmap.org/node/4905298770","source":"OpenStreetMap"}},{"type":"Feature","geometry":{"type":"Point","coordinates":[-1.1942941,53.1462372]},"properties":{"name":"Canvas","layer":"nightclubs","note":"OpenStreetMap","osm_id":"node/4932250018","osm_url":"https://www.openstreetmap.org/node/4932250018","source":"OpenStreetMap"}},{"type":"Feature","geometry":{"type":"Point","coordinates":[-3.6118789,55.0701555]},"properties":{"name":"Venue Dumfries","layer":"nightclubs","note":"OpenStreetMap","osm_id":"node/4937970851","osm_url":"https://www.openstreetmap.org/node/4937970851","source":"OpenStreetMap"}},{"type":"Feature","geometry":{"type":"Point","coordinates":[-2.6971145,53.7587049]},"properties":{"name":"Popworld","layer":"nightclubs","note":"Stonegate","osm_id":"node/4997017595","osm_url":"https://www.openstreetmap.org/node/4997017595","source":"OpenStreetMap","brand":"Stonegate"}},{"type":"Feature","geometry":{"type":"Point","coordinates":[-0.1145037,51.4644457]},"properties":{"name":"Phonox","layer":"nightclubs","note":"OpenStreetMap","osm_id":"node/5014666722","osm_url":"https://www.openstreetmap.org/node/5014666722","source":"OpenStreetMap"}},{"type":"Feature","geometry":{"type":"Point","coordinates":[-2.9277769,54.3613648]},"properties":{"name":"The Wheelhouse","layer":"nightclubs","note":"OpenStreetMap","osm_id":"node/5018226580","osm_url":"https://www.openstreetmap.org/node/5018226580","source":"OpenStreetMap"}},{"type":"Feature","geometry":{"type":"Point","coordinates":[-2.9678251,56.4615782]},"properties":{"name":"Firewater","layer":"nightclubs","note":"OpenStreetMap","osm_id":"node/5024107186","osm_url":"https://www.openstreetmap.org/node/5024107186","source":"OpenStreetMap"}},{"type":"Feature","geometry":{"type":"Point","coordinates":[-2.9761394,56.4608594]},"properties":{"name":"Beat Generator Live!","layer":"nightclubs","note":"OpenStreetMap","osm_id":"node/5029459821","osm_url":"https://www.openstreetmap.org/node/5029459821","source":"OpenStreetMap"}},{"type":"Feature","geometry":{"type":"Point","coordinates":[-0.3271655,51.0648027]},"properties":{"name":"The Rec Rooms","layer":"nightclubs","note":"OpenStreetMap","osm_id":"node/506578618","osm_url":"https://www.openstreetmap.org/node/506578618","source":"OpenStreetMap"}},{"type":"Feature","geometry":{"type":"Point","coordinates":[-2.0828005,52.5094969]},"properties":{"name":"Demons","layer":"nightclubs","note":"OpenStreetMap","osm_id":"node/507143548","osm_url":"https://www.openstreetmap.org/node/507143548","source":"OpenStreetMap"}},{"type":"Feature","geometry":{"type":"Point","coordinates":[-2.1575421,53.6159223]},"properties":{"name":"Empire","layer":"nightclubs","note":"OpenStreetMap","osm_id":"node/5084695924","osm_url":"https://www.openstreetmap.org/node/5084695924","source":"OpenStreetMap"}},{"type":"Feature","geometry":{"type":"Point","coordinates":[-2.1576555,53.616049]},"properties":{"name":"Ko-ko Lounge","layer":"nightclubs","note":"OpenStreetMap","osm_id":"node/5084695935","osm_url":"https://www.openstreetmap.org/node/5084695935","source":"OpenStreetMap"}},{"type":"Feature","geometry":{"type":"Point","coordinates":[-1.1314754,53.5233584]},"properties":{"name":"Coco","layer":"nightclubs","note":"OpenStreetMap","osm_id":"node/5101050888","osm_url":"https://www.openstreetmap.org/node/5101050888","source":"OpenStreetMap"}},{"type":"Feature","geometry":{"type":"Point","coordinates":[-1.1315667,53.5232692]},"properties":{"name":"Grand Central","layer":"nightclubs","note":"OpenStreetMap","osm_id":"node/5103939897","osm_url":"https://www.openstreetmap.org/node/5103939897","source":"OpenStreetMap"}},{"type":"Feature","geometry":{"type":"Point","coordinates":[-1.1316659,53.5231784]},"properties":{"name":"Frank & Stein","layer":"nightclubs","note":"OpenStreetMap","osm_id":"node/5103939905","osm_url":"https://www.openstreetmap.org/node/5103939905","source":"OpenStreetMap"}},{"type":"Feature","geometry":{"type":"Point","coordinates":[-4.1458687,50.3694826]},"properties":{"name":"Spirit","layer":"nightclubs","note":"Ryan Chidler","osm_id":"node/514180678","osm_url":"https://www.openstreetmap.org/node/514180678","source":"OpenStreetMap","brand":"Ryan Chidler"}},{"type":"Feature","geometry":{"type":"Point","coordinates":[-0.302511,51.5144616]},"properties":{"name":"The Red Room","layer":"nightclubs","note":"OpenStreetMap","osm_id":"node/5150153023","osm_url":"https://www.openstreetmap.org/node/5150153023","source":"OpenStreetMap"}},{"type":"Feature","geometry":{"type":"Point","coordinates":[-5.9271506,54.5990001]},"properties":{"name":"Love and Death Inc.","layer":"nightclubs","note":"OpenStreetMap","osm_id":"node/5176264372","osm_url":"https://www.openstreetmap.org/node/5176264372","source":"OpenStreetMap"}},{"type":"Feature","geometry":{"type":"Point","coordinates":[-0.1386581,51.5574348]},"properties":{"name":"The Dome","layer":"nightclubs","note":"Dome London Ltd","osm_id":"node/5208012486","osm_url":"https://www.openstreetmap.org/node/5208012486","source":"OpenStreetMap","brand":"Dome London Ltd"}},{"type":"Feature","geometry":{"type":"Point","coordinates":[-2.5354841,49.4573655]},"properties":{"name":"Les Folies d'Amour","layer":"nightclubs","note":"OpenStreetMap","osm_id":"node/5216451781","osm_url":"https://www.openstreetmap.org/node/5216451781","source":"OpenStreetMap"}},{"type":"Feature","geometry":{"type":"Point","coordinates":[-3.1882051,55.9460079]},"properties":{"name":"Hangar 5","layer":"nightclubs","note":"Edinburgh University Student's Association","osm_id":"node/522823456","osm_url":"https://www.openstreetmap.org/node/522823456","source":"OpenStreetMap","brand":"Edinburgh University Student's Association"}},{"type":"Feature","geometry":{"type":"Point","coordinates":[-2.3593844,51.3864135]},"properties":{"name":"Club Lomah","layer":"nightclubs","note":"OpenStreetMap","osm_id":"node/524896167","osm_url":"https://www.openstreetmap.org/node/524896167","source":"OpenStreetMap"}},{"type":"Feature","geometry":{"type":"Point","coordinates":[-3.1597912,56.1087256]},"properties":{"name":"Republic","layer":"nightclubs","note":"OpenStreetMap","osm_id":"node/5309326387","osm_url":"https://www.openstreetmap.org/node/5309326387","source":"OpenStreetMap"}},{"type":"Feature","geometry":{"type":"Point","coordinates":[-4.2644495,55.8470572]},"properties":{"name":"Velvet Lounge","layer":"nightclubs","note":"OpenStreetMap","osm_id":"node/5310603845","osm_url":"https://www.openstreetmap.org/node/5310603845","source":"OpenStreetMap"}},{"type":"Feature","geometry":{"type":"Point","coordinates":[-4.2484725,55.8595223]},"properties":{"name":"AXM","layer":"nightclubs","note":"OpenStreetMap","osm_id":"node/5318342497","osm_url":"https://www.openstreetmap.org/node/5318342497","source":"OpenStreetMap"}},{"type":"Feature","geometry":{"type":"Point","coordinates":[-4.1254057,50.3674944]},"properties":{"name":"Pryzm","layer":"nightclubs","note":"OpenStreetMap","osm_id":"node/533717601","osm_url":"https://www.openstreetmap.org/node/533717601","source":"OpenStreetMap"}},{"type":"Feature","geometry":{"type":"Point","coordinates":[-2.0842373,52.4707614]},"properties":{"name":"Cradley Heath Labour Club","layer":"nightclubs","note":"OpenStreetMap","osm_id":"node/534350710","osm_url":"https://www.openstreetmap.org/node/534350710","source":"OpenStreetMap"}},{"type":"Feature","geometry":{"type":"Point","coordinates":[-2.9977462,56.1952851]},"properties":{"name":"Truth","layer":"nightclubs","note":"OpenStreetMap","osm_id":"node/5370092970","osm_url":"https://www.openstreetmap.org/node/5370092970","source":"OpenStreetMap"}},{"type":"Feature","geometry":{"type":"Point","coordinates":[-2.9977462,56.1952851]},"properties":{"name":"Nightclub","layer":"nightclubs","note":"OpenStreetMap","osm_id":"node/5370095543","osm_url":"https://www.openstreetmap.org/node/5370095543","source":"OpenStreetMap"}},{"type":"Feature","geometry":{"type":"Point","coordinates":[0.182984,51.5754368]},"properties":{"name":"Fiction","layer":"nightclubs","note":"OpenStreetMap","osm_id":"node/5370783367","osm_url":"https://www.openstreetmap.org/node/5370783367","source":"OpenStreetMap"}},{"type":"Feature","geometry":{"type":"Point","coordinates":[0.1825428,51.5753143]},"properties":{"name":"Cameo","layer":"nightclubs","note":"OpenStreetMap","osm_id":"node/5370783368","osm_url":"https://www.openstreetmap.org/node/5370783368","source":"OpenStreetMap"}},{"type":"Feature","geometry":{"type":"Point","coordinates":[-8.6308731,52.6629756]},"properties":{"name":"House","layer":"nightclubs","note":"OpenStreetMap","osm_id":"node/5384227888","osm_url":"https://www.openstreetmap.org/node/5384227888","source":"OpenStreetMap"}},{"type":"Feature","geometry":{"type":"Point","coordinates":[-0.1355884,50.8200223]},"properties":{"name":"Envy","layer":"nightclubs","note":"Stonegate","osm_id":"node/5389814339","osm_url":"https://www.openstreetmap.org/node/5389814339","source":"OpenStreetMap","brand":"Stonegate"}},{"type":"Feature","geometry":{"type":"Point","coordinates":[-3.4694427,55.9349109]},"properties":{"name":"The Club","layer":"nightclubs","note":"OpenStreetMap","osm_id":"node/5398860846","osm_url":"https://www.openstreetmap.org/node/5398860846","source":"OpenStreetMap"}},{"type":"Feature","geometry":{"type":"Point","coordinates":[-6.7360966,54.1198441]},"properties":{"name":"Switch Nightclub","layer":"nightclubs","note":"OpenStreetMap","osm_id":"node/5403857378","osm_url":"https://www.openstreetmap.org/node/5403857378","source":"OpenStreetMap"}},{"type":"Feature","geometry":{"type":"Point","coordinates":[-1.2588897,51.7529101]},"properties":{"name":"Plush","layer":"nightclubs","note":"OpenStreetMap","osm_id":"node/5424554834","osm_url":"https://www.openstreetmap.org/node/5424554834","source":"OpenStreetMap"}},{"type":"Feature","geometry":{"type":"Point","coordinates":[-2.5828975,51.4490936]},"properties":{"name":"Loco Klub","layer":"nightclubs","note":"OpenStreetMap","osm_id":"node/5434139606","osm_url":"https://www.openstreetmap.org/node/5434139606","source":"OpenStreetMap"}},{"type":"Feature","geometry":{"type":"Point","coordinates":[-1.4245918,53.2367285]},"properties":{"name":"Groove","layer":"nightclubs","note":"OpenStreetMap","osm_id":"node/5438601228","osm_url":"https://www.openstreetmap.org/node/5438601228","source":"OpenStreetMap"}},{"type":"Feature","geometry":{"type":"Point","coordinates":[-2.0759885,51.8990093]},"properties":{"name":"Always 21","layer":"nightclubs","note":"OpenStreetMap","osm_id":"node/5465378072","osm_url":"https://www.openstreetmap.org/node/5465378072","source":"OpenStreetMap"}},{"type":"Feature","geometry":{"type":"Point","coordinates":[-0.1022056,51.5196932]},"properties":{"name":"Club Reina","layer":"nightclubs","note":"OpenStreetMap","osm_id":"node/5468301612","osm_url":"https://www.openstreetmap.org/node/5468301612","source":"OpenStreetMap"}},{"type":"Feature","geometry":{"type":"Point","coordinates":[-1.8603373,53.7236879]},"properties":{"name":"Vicky Show Bar","layer":"nightclubs","note":"OpenStreetMap","osm_id":"node/5468321864","osm_url":"https://www.openstreetmap.org/node/5468321864","source":"OpenStreetMap"}},{"type":"Feature","geometry":{"type":"Point","coordinates":[-0.1379619,51.509858]},"properties":{"name":"The Cuckoo Club","layer":"nightclubs","note":"OpenStreetMap","osm_id":"node/5471743323","osm_url":"https://www.openstreetmap.org/node/5471743323","source":"OpenStreetMap"}},{"type":"Feature","geometry":{"type":"Point","coordinates":[-2.6015885,51.4532673]},"properties":{"name":"omg","layer":"nightclubs","note":"OpenStreetMap","osm_id":"node/5492266407","osm_url":"https://www.openstreetmap.org/node/5492266407","source":"OpenStreetMap"}},{"type":"Feature","geometry":{"type":"Point","coordinates":[-6.2429263,53.3258736]},"properties":{"name":"Vanilla","layer":"nightclubs","note":"OpenStreetMap","osm_id":"node/5495191224","osm_url":"https://www.openstreetmap.org/node/5495191224","source":"OpenStreetMap"}},{"type":"Feature","geometry":{"type":"Point","coordinates":[-8.9813128,52.8454843]},"properties":{"name":"Queens NightClub","layer":"nightclubs","note":"OpenStreetMap","osm_id":"node/5533029799","osm_url":"https://www.openstreetmap.org/node/5533029799","source":"OpenStreetMap"}},{"type":"Feature","geometry":{"type":"Point","coordinates":[-1.4774966,52.9225217]},"properties":{"name":"MooMoo","layer":"nightclubs","note":"OpenStreetMap","osm_id":"node/5537591658","osm_url":"https://www.openstreetmap.org/node/5537591658","source":"OpenStreetMap"}},{"type":"Feature","geometry":{"type":"Point","coordinates":[-1.5577231,53.7902642]},"properties":{"name":"Mint Warehouse","layer":"nightclubs","note":"OpenStreetMap","osm_id":"node/5548447017","osm_url":"https://www.openstreetmap.org/node/5548447017","source":"OpenStreetMap"}},{"type":"Feature","geometry":{"type":"Point","coordinates":[-1.9111142,52.4773268]},"properties":{"name":"Rosies","layer":"nightclubs","note":"Stonegate","osm_id":"node/5562950662","osm_url":"https://www.openstreetmap.org/node/5562950662","source":"OpenStreetMap","brand":"Stonegate"}},{"type":"Feature","geometry":{"type":"Point","coordinates":[-2.0649331,52.4742157]},"properties":{"name":"Spring Meadow Social Club","layer":"nightclubs","note":"OpenStreetMap","osm_id":"node/556519658","osm_url":"https://www.openstreetmap.org/node/556519658","source":"OpenStreetMap"}},{"type":"Feature","geometry":{"type":"Point","coordinates":[-0.1389418,51.5129637]},"properties":{"name":"Cirque Le Soir","layer":"nightclubs","note":"OpenStreetMap","osm_id":"node/5568733249","osm_url":"https://www.openstreetmap.org/node/5568733249","source":"OpenStreetMap"}},{"type":"Feature","geometry":{"type":"Point","coordinates":[-2.9872299,53.4064251]},"properties":{"name":"Lennon's Bar","layer":"nightclubs","note":"OpenStreetMap","osm_id":"node/5612243081","osm_url":"https://www.openstreetmap.org/node/5612243081","source":"OpenStreetMap"}},{"type":"Feature","geometry":{"type":"Point","coordinates":[-2.0378172,52.4769276]},"properties":{"name":"Blackheath Coronation Social Club","layer":"nightclubs","note":"OpenStreetMap","osm_id":"node/5612366974","osm_url":"https://www.openstreetmap.org/node/5612366974","source":"OpenStreetMap"}},{"type":"Feature","geometry":{"type":"Point","coordinates":[-0.5397768,53.2306874]},"properties":{"name":"Fever & Boutique","layer":"nightclubs","note":"OpenStreetMap","osm_id":"node/5613320871","osm_url":"https://www.openstreetmap.org/node/5613320871","source":"OpenStreetMap"}},{"type":"Feature","geometry":{"type":"Point","coordinates":[-0.1446751,51.5142957]},"properties":{"name":"Tape London","layer":"nightclubs","note":"OpenStreetMap","osm_id":"node/5618206360","osm_url":"https://www.openstreetmap.org/node/5618206360","source":"OpenStreetMap"}},{"type":"Feature","geometry":{"type":"Point","coordinates":[-0.7516663,51.6287895]},"properties":{"name":"Trilogy Nightclub","layer":"nightclubs","note":"OpenStreetMap","osm_id":"node/5628759302","osm_url":"https://www.openstreetmap.org/node/5628759302","source":"OpenStreetMap"}},{"type":"Feature","geometry":{"type":"Point","coordinates":[-0.14233,51.5124895]},"properties":{"name":"No4 Mayfair","layer":"nightclubs","note":"OpenStreetMap","osm_id":"node/5643033215","osm_url":"https://www.openstreetmap.org/node/5643033215","source":"OpenStreetMap"}},{"type":"Feature","geometry":{"type":"Point","coordinates":[-2.1783229,53.0250504]},"properties":{"name":"Sugarmill","layer":"nightclubs","note":"OpenStreetMap","osm_id":"node/5659414201","osm_url":"https://www.openstreetmap.org/node/5659414201","source":"OpenStreetMap"}},{"type":"Feature","geometry":{"type":"Point","coordinates":[-2.1785108,53.0241166]},"properties":{"name":"Basement","layer":"nightclubs","note":"OpenStreetMap","osm_id":"node/5659414204","osm_url":"https://www.openstreetmap.org/node/5659414204","source":"OpenStreetMap"}},{"type":"Feature","geometry":{"type":"Point","coordinates":[-2.1769839,53.026161]},"properties":{"name":"Reflex","layer":"nightclubs","note":"Stonegate","osm_id":"node/5659431027","osm_url":"https://www.openstreetmap.org/node/5659431027","source":"OpenStreetMap","brand":"Stonegate"}},{"type":"Feature","geometry":{"type":"Point","coordinates":[-2.1781,53.0255349]},"properties":{"name":"JNX","layer":"nightclubs","note":"OpenStreetMap","osm_id":"node/5659431029","osm_url":"https://www.openstreetmap.org/node/5659431029","source":"OpenStreetMap"}},{"type":"Feature","geometry":{"type":"Point","coordinates":[-2.1772878,53.0268843]},"properties":{"name":"Pink!","layer":"nightclubs","note":"OpenStreetMap","osm_id":"node/5659436923","osm_url":"https://www.openstreetmap.org/node/5659436923","source":"OpenStreetMap"}},{"type":"Feature","geometry":{"type":"Point","coordinates":[-1.0683959,53.7841524]},"properties":{"name":"Popworld","layer":"nightclubs","note":"Stonegate Pub Co","osm_id":"node/566833655","osm_url":"https://www.openstreetmap.org/node/566833655","source":"OpenStreetMap","brand":"Stonegate Pub Co"}},{"type":"Feature","geometry":{"type":"Point","coordinates":[-0.8131841,51.8161084]},"properties":{"name":"Pulse51","layer":"nightclubs","note":"OpenStreetMap","osm_id":"node/5676043433","osm_url":"https://www.openstreetmap.org/node/5676043433","source":"OpenStreetMap"}},{"type":"Feature","geometry":{"type":"Point","coordinates":[-0.8133852,51.8183957]},"properties":{"name":"Mirage Club","layer":"nightclubs","note":"OpenStreetMap","osm_id":"node/5676043498","osm_url":"https://www.openstreetmap.org/node/5676043498","source":"OpenStreetMap"}},{"type":"Feature","geometry":{"type":"Point","coordinates":[-0.137594,51.5094293]},"properties":{"name":"Kadie's Club","layer":"nightclubs","note":"OpenStreetMap","osm_id":"node/5683818786","osm_url":"https://www.openstreetmap.org/node/5683818786","source":"OpenStreetMap"}},{"type":"Feature","geometry":{"type":"Point","coordinates":[-3.2092752,55.9503465]},"properties":{"name":"La Vida","layer":"nightclubs","note":"OpenStreetMap","osm_id":"node/5703029425","osm_url":"https://www.openstreetmap.org/node/5703029425","source":"OpenStreetMap"}},{"type":"Feature","geometry":{"type":"Point","coordinates":[-2.6331788,53.6544655]},"properties":{"name":"Applejax","layer":"nightclubs","note":"OpenStreetMap","osm_id":"node/570772923","osm_url":"https://www.openstreetmap.org/node/570772923","source":"OpenStreetMap"}},{"type":"Feature","geometry":{"type":"Point","coordinates":[-4.4257645,55.8441162]},"properties":{"name":"Viennas","layer":"nightclubs","note":"OpenStreetMap","osm_id":"node/571602524","osm_url":"https://www.openstreetmap.org/node/571602524","source":"OpenStreetMap"}},{"type":"Feature","geometry":{"type":"Point","coordinates":[-0.1433611,51.5084728]},"properties":{"name":"Charlie","layer":"nightclubs","note":"OpenStreetMap","osm_id":"node/5724481761","osm_url":"https://www.openstreetmap.org/node/5724481761","source":"OpenStreetMap"}},{"type":"Feature","geometry":{"type":"Point","coordinates":[-3.4677386,51.2070265]},"properties":{"name":"Queens Hall","layer":"nightclubs","note":"OpenStreetMap","osm_id":"node/5756171930","osm_url":"https://www.openstreetmap.org/node/5756171930","source":"OpenStreetMap"}},{"type":"Feature","geometry":{"type":"Point","coordinates":[-8.474138,51.8972959]},"properties":{"name":"Voodoo Rooms","layer":"nightclubs","note":"OpenStreetMap","osm_id":"node/5814718249","osm_url":"https://www.openstreetmap.org/node/5814718249","source":"OpenStreetMap"}},{"type":"Feature","geometry":{"type":"Point","coordinates":[-0.1056969,51.534574]},"properties":{"name":"O2 Academy Islington","layer":"nightclubs","note":"O2 Academy","osm_id":"node/582582173","osm_url":"https://www.openstreetmap.org/node/582582173","source":"OpenStreetMap","brand":"O2 Academy"}},{"type":"Feature","geometry":{"type":"Point","coordinates":[-2.239319,53.4771968]},"properties":{"name":"Cruz 101","layer":"nightclubs","note":"OpenStreetMap","osm_id":"node/5832926287","osm_url":"https://www.openstreetmap.org/node/5832926287","source":"OpenStreetMap"}},{"type":"Feature","geometry":{"type":"Point","coordinates":[-7.7991672,52.9546662]},"properties":{"name":"Nightclub","layer":"nightclubs","note":"OpenStreetMap","osm_id":"node/5839136367","osm_url":"https://www.openstreetmap.org/node/5839136367","source":"OpenStreetMap"}},{"type":"Feature","geometry":{"type":"Point","coordinates":[-2.2165011,53.163479]},"properties":{"name":"V Bar","layer":"nightclubs","note":"OpenStreetMap","osm_id":"node/5905863126","osm_url":"https://www.openstreetmap.org/node/5905863126","source":"OpenStreetMap"}},{"type":"Feature","geometry":{"type":"Point","coordinates":[-2.2326307,53.3260803]},"properties":{"name":"Noir","layer":"nightclubs","note":"OpenStreetMap","osm_id":"node/5915678766","osm_url":"https://www.openstreetmap.org/node/5915678766","source":"OpenStreetMap"}},{"type":"Feature","geometry":{"type":"Point","coordinates":[-3.4621581,56.0728721]},"properties":{"name":"Brasshouse","layer":"nightclubs","note":"OpenStreetMap","osm_id":"node/5935153414","osm_url":"https://www.openstreetmap.org/node/5935153414","source":"OpenStreetMap"}},{"type":"Feature","geometry":{"type":"Point","coordinates":[-7.6160973,52.0921898]},"properties":{"name":"Creation","layer":"nightclubs","note":"OpenStreetMap","osm_id":"node/593976455","osm_url":"https://www.openstreetmap.org/node/593976455","source":"OpenStreetMap"}},{"type":"Feature","geometry":{"type":"Point","coordinates":[-2.2120079,53.162796]},"properties":{"name":"Treble","layer":"nightclubs","note":"OpenStreetMap","osm_id":"node/5948392820","osm_url":"https://www.openstreetmap.org/node/5948392820","source":"OpenStreetMap"}},{"type":"Feature","geometry":{"type":"Point","coordinates":[-1.6121855,54.9698722]},"properties":{"name":"Tup Tup Palace","layer":"nightclubs","note":"OpenStreetMap","osm_id":"node/5961871388","osm_url":"https://www.openstreetmap.org/node/5961871388","source":"OpenStreetMap"}},{"type":"Feature","geometry":{"type":"Point","coordinates":[-2.1019759,57.1451872]},"properties":{"name":"Motion","layer":"nightclubs","note":"OpenStreetMap","osm_id":"node/5970554076","osm_url":"https://www.openstreetmap.org/node/5970554076","source":"OpenStreetMap"}},{"type":"Feature","geometry":{"type":"Point","coordinates":[-1.4048315,50.912324]},"properties":{"name":"Orange Rooms","layer":"nightclubs","note":"OpenStreetMap","osm_id":"node/59740821","osm_url":"https://www.openstreetmap.org/node/59740821","source":"OpenStreetMap"}},{"type":"Feature","geometry":{"type":"Point","coordinates":[-1.914432,53.255498]},"properties":{"name":"Level Two","layer":"nightclubs","note":"OpenStreetMap","osm_id":"node/603562910","osm_url":"https://www.openstreetmap.org/node/603562910","source":"OpenStreetMap"}},{"type":"Feature","geometry":{"type":"Point","coordinates":[-2.1754357,53.0079229]},"properties":{"name":"LRV","layer":"nightclubs","note":"OpenStreetMap","osm_id":"node/6047490281","osm_url":"https://www.openstreetmap.org/node/6047490281","source":"OpenStreetMap"}},{"type":"Feature","geometry":{"type":"Point","coordinates":[-1.5961871,54.9747082]},"properties":{"name":"Little Buildings","layer":"nightclubs","note":"OpenStreetMap","osm_id":"node/6111301458","osm_url":"https://www.openstreetmap.org/node/6111301458","source":"OpenStreetMap"}},{"type":"Feature","geometry":{"type":"Point","coordinates":[-1.4763203,53.3814711]},"properties":{"name":"ONYX","layer":"nightclubs","note":"OpenStreetMap","osm_id":"node/6113377045","osm_url":"https://www.openstreetmap.org/node/6113377045","source":"OpenStreetMap"}},{"type":"Feature","geometry":{"type":"Point","coordinates":[-1.8860704,52.484087]},"properties":{"name":"Eastside Jazz Club","layer":"nightclubs","note":"OpenStreetMap","osm_id":"node/6119396753","osm_url":"https://www.openstreetmap.org/node/6119396753","source":"OpenStreetMap"}},{"type":"Feature","geometry":{"type":"Point","coordinates":[-0.1416838,51.5164703]},"properties":{"name":"BEAT London","layer":"nightclubs","note":"OpenStreetMap","osm_id":"node/6135314065","osm_url":"https://www.openstreetmap.org/node/6135314065","source":"OpenStreetMap"}},{"type":"Feature","geometry":{"type":"Point","coordinates":[0.2987436,51.6194477]},"properties":{"name":"The Vine","layer":"nightclubs","note":"OpenStreetMap","osm_id":"node/6153540135","osm_url":"https://www.openstreetmap.org/node/6153540135","source":"OpenStreetMap"}},{"type":"Feature","geometry":{"type":"Point","coordinates":[-0.9738925,51.4565926]},"properties":{"name":"Lola Lo","layer":"nightclubs","note":"OpenStreetMap","osm_id":"node/6175703417","osm_url":"https://www.openstreetmap.org/node/6175703417","source":"OpenStreetMap"}},{"type":"Feature","geometry":{"type":"Point","coordinates":[-7.4919542,53.2741933]},"properties":{"name":"The Phoenix","layer":"nightclubs","note":"OpenStreetMap","osm_id":"node/6188054746","osm_url":"https://www.openstreetmap.org/node/6188054746","source":"OpenStreetMap"}},{"type":"Feature","geometry":{"type":"Point","coordinates":[-0.2393858,52.5754583]},"properties":{"name":"Solstice","layer":"nightclubs","note":"OpenStreetMap","osm_id":"node/6193565206","osm_url":"https://www.openstreetmap.org/node/6193565206","source":"OpenStreetMap"}},{"type":"Feature","geometry":{"type":"Point","coordinates":[-2.2474459,53.4159013]},"properties":{"name":"Nightclub","layer":"nightclubs","note":"OpenStreetMap","osm_id":"node/6223644271","osm_url":"https://www.openstreetmap.org/node/6223644271","source":"OpenStreetMap"}},{"type":"Feature","geometry":{"type":"Point","coordinates":[-6.2651812,53.3456082]},"properties":{"name":"Fitzsimons","layer":"nightclubs","note":"OpenStreetMap","osm_id":"node/6257799735","osm_url":"https://www.openstreetmap.org/node/6257799735","source":"OpenStreetMap"}},{"type":"Feature","geometry":{"type":"Point","coordinates":[-2.144531,52.455502]},"properties":{"name":"Claptrap","layer":"nightclubs","note":"OpenStreetMap","osm_id":"node/6274879586","osm_url":"https://www.openstreetmap.org/node/6274879586","source":"OpenStreetMap"}},{"type":"Feature","geometry":{"type":"Point","coordinates":[-1.8825622,52.4753735]},"properties":{"name":"Mama Roux’s","layer":"nightclubs","note":"OpenStreetMap","osm_id":"node/6274879587","osm_url":"https://www.openstreetmap.org/node/6274879587","source":"OpenStreetMap"}},{"type":"Feature","geometry":{"type":"Point","coordinates":[-2.1313729,52.5864698]},"properties":{"name":"Wulfrun Hall","layer":"nightclubs","note":"OpenStreetMap","osm_id":"node/6274897085","osm_url":"https://www.openstreetmap.org/node/6274897085","source":"OpenStreetMap"}},{"type":"Feature","geometry":{"type":"Point","coordinates":[-2.4278178,53.5773593]},"properties":{"name":"Level","layer":"nightclubs","note":"OpenStreetMap","osm_id":"node/632694398","osm_url":"https://www.openstreetmap.org/node/632694398","source":"OpenStreetMap"}},{"type":"Feature","geometry":{"type":"Point","coordinates":[-2.1298405,52.5859793]},"properties":{"name":"Blossoms Jungle","layer":"nightclubs","note":"OpenStreetMap","osm_id":"node/6329144092","osm_url":"https://www.openstreetmap.org/node/6329144092","source":"OpenStreetMap"}},{"type":"Feature","geometry":{"type":"Point","coordinates":[-2.2937295,53.594882]},"properties":{"name":"The Triangle","layer":"nightclubs","note":"OpenStreetMap","osm_id":"node/634111075","osm_url":"https://www.openstreetmap.org/node/634111075","source":"OpenStreetMap"}},{"type":"Feature","geometry":{"type":"Point","coordinates":[-8.8907693,51.6222678]},"properties":{"name":"The Clubhouse","layer":"nightclubs","note":"OpenStreetMap","osm_id":"node/6378445475","osm_url":"https://www.openstreetmap.org/node/6378445475","source":"OpenStreetMap"}},{"type":"Feature","geometry":{"type":"Point","coordinates":[-4.272037,55.865848]},"properties":{"name":"The Berkeley Suite","layer":"nightclubs","note":"OpenStreetMap","osm_id":"node/6396532829","osm_url":"https://www.openstreetmap.org/node/6396532829","source":"OpenStreetMap"}},{"type":"Feature","geometry":{"type":"Point","coordinates":[-4.2523038,55.8594613]},"properties":{"name":"La Cheetah Club","layer":"nightclubs","note":"OpenStreetMap","osm_id":"node/6405178902","osm_url":"https://www.openstreetmap.org/node/6405178902","source":"OpenStreetMap"}},{"type":"Feature","geometry":{"type":"Point","coordinates":[-0.142437,50.8232549]},"properties":{"name":"Grace Gentleman's Club","layer":"nightclubs","note":"OpenStreetMap","osm_id":"node/6408554943","osm_url":"https://www.openstreetmap.org/node/6408554943","source":"OpenStreetMap"}},{"type":"Feature","geometry":{"type":"Point","coordinates":[-2.0756867,51.9012516]},"properties":{"name":"2 Pigs","layer":"nightclubs","note":"OpenStreetMap","osm_id":"node/6426693237","osm_url":"https://www.openstreetmap.org/node/6426693237","source":"OpenStreetMap"}},{"type":"Feature","geometry":{"type":"Point","coordinates":[-0.241295,52.575356]},"properties":{"name":"Red Room","layer":"nightclubs","note":"OpenStreetMap","osm_id":"node/6429253601","osm_url":"https://www.openstreetmap.org/node/6429253601","source":"OpenStreetMap"}},{"type":"Feature","geometry":{"type":"Point","coordinates":[-4.2542662,55.8617163]},"properties":{"name":"Room 2","layer":"nightclubs","note":"OpenStreetMap","osm_id":"node/6437947662","osm_url":"https://www.openstreetmap.org/node/6437947662","source":"OpenStreetMap"}},{"type":"Feature","geometry":{"type":"Point","coordinates":[-1.5419148,53.7958182]},"properties":{"name":"Space","layer":"nightclubs","note":"OpenStreetMap","osm_id":"node/6445217595","osm_url":"https://www.openstreetmap.org/node/6445217595","source":"OpenStreetMap"}},{"type":"Feature","geometry":{"type":"Point","coordinates":[-1.5335019,52.2838489]},"properties":{"name":"Shades","layer":"nightclubs","note":"OpenStreetMap","osm_id":"node/6458770166","osm_url":"https://www.openstreetmap.org/node/6458770166","source":"OpenStreetMap"}},{"type":"Feature","geometry":{"type":"Point","coordinates":[-8.4711197,54.2711968]},"properties":{"name":"Toffs","layer":"nightclubs","note":"OpenStreetMap","osm_id":"node/652990799","osm_url":"https://www.openstreetmap.org/node/652990799","source":"OpenStreetMap"}},{"type":"Feature","geometry":{"type":"Point","coordinates":[-8.4706225,54.2719293]},"properties":{"name":"HMV Soundgarden","layer":"nightclubs","note":"OpenStreetMap","osm_id":"node/652990802","osm_url":"https://www.openstreetmap.org/node/652990802","source":"OpenStreetMap"}},{"type":"Feature","geometry":{"type":"Point","coordinates":[-2.9927191,53.8464158]},"properties":{"name":"Joe's","layer":"nightclubs","note":"OpenStreetMap","osm_id":"node/6531876199","osm_url":"https://www.openstreetmap.org/node/6531876199","source":"OpenStreetMap"}},{"type":"Feature","geometry":{"type":"Point","coordinates":[-1.3854965,54.9040014]},"properties":{"name":"Glitter Ball","layer":"nightclubs","note":"OpenStreetMap","osm_id":"node/6532293189","osm_url":"https://www.openstreetmap.org/node/6532293189","source":"OpenStreetMap"}},{"type":"Feature","geometry":{"type":"Point","coordinates":[-3.1785429,51.4786631]},"properties":{"name":"Pop World","layer":"nightclubs","note":"Stonegate","osm_id":"node/6535979845","osm_url":"https://www.openstreetmap.org/node/6535979845","source":"OpenStreetMap","brand":"Stonegate"}},{"type":"Feature","geometry":{"type":"Point","coordinates":[-0.0757268,51.5134732]},"properties":{"name":"Cococure","layer":"nightclubs","note":"OpenStreetMap","osm_id":"node/6548960314","osm_url":"https://www.openstreetmap.org/node/6548960314","source":"OpenStreetMap"}},{"type":"Feature","geometry":{"type":"Point","coordinates":[-2.6323141,53.5448383]},"properties":{"name":"Popworld","layer":"nightclubs","note":"Stonegate","osm_id":"node/6584073300","osm_url":"https://www.openstreetmap.org/node/6584073300","source":"OpenStreetMap","brand":"Stonegate"}},{"type":"Feature","geometry":{"type":"Point","coordinates":[-2.0535858,52.4452391]},"properties":{"name":"Hasbury Conservative Club","layer":"nightclubs","note":"OpenStreetMap","osm_id":"node/659795953","osm_url":"https://www.openstreetmap.org/node/659795953","source":"OpenStreetMap"}},{"type":"Feature","geometry":{"type":"Point","coordinates":[0.7007663,51.5396262]},"properties":{"name":"The Fickle Pickle Club","layer":"nightclubs","note":"OpenStreetMap","osm_id":"node/6603687754","osm_url":"https://www.openstreetmap.org/node/6603687754","source":"OpenStreetMap"}},{"type":"Feature","geometry":{"type":"Point","coordinates":[-0.4003924,51.6594939]},"properties":{"name":"Vinyl","layer":"nightclubs","note":"OpenStreetMap","osm_id":"node/6616378677","osm_url":"https://www.openstreetmap.org/node/6616378677","source":"OpenStreetMap"}},{"type":"Feature","geometry":{"type":"Point","coordinates":[-0.0712782,51.5135378]},"properties":{"name":"Charlie's Angels and Club Oops!","layer":"nightclubs","note":"OpenStreetMap","osm_id":"node/662188966","osm_url":"https://www.openstreetmap.org/node/662188966","source":"OpenStreetMap"}},{"type":"Feature","geometry":{"type":"Point","coordinates":[-1.2659645,51.7532421]},"properties":{"name":"The Bridge","layer":"nightclubs","note":"OpenStreetMap","osm_id":"node/6641341395","osm_url":"https://www.openstreetmap.org/node/6641341395","source":"OpenStreetMap"}},{"type":"Feature","geometry":{"type":"Point","coordinates":[-2.101461,52.4717741]},"properties":{"name":"Quarry Bank Liberal Club","layer":"nightclubs","note":"OpenStreetMap","osm_id":"node/664391430","osm_url":"https://www.openstreetmap.org/node/664391430","source":"OpenStreetMap"}},{"type":"Feature","geometry":{"type":"Point","coordinates":[-2.1010414,52.4714682]},"properties":{"name":"Quarry Bank Labour Club","layer":"nightclubs","note":"OpenStreetMap","osm_id":"node/664391446","osm_url":"https://www.openstreetmap.org/node/664391446","source":"OpenStreetMap"}},{"type":"Feature","geometry":{"type":"Point","coordinates":[-2.1052204,52.4729286]},"properties":{"name":"Quarry Bank Conservative and Unionist Club","layer":"nightclubs","note":"OpenStreetMap","osm_id":"node/664432827","osm_url":"https://www.openstreetmap.org/node/664432827","source":"OpenStreetMap"}},{"type":"Feature","geometry":{"type":"Point","coordinates":[-1.227323,52.7690863]},"properties":{"name":"The Treehouse","layer":"nightclubs","note":"OpenStreetMap","osm_id":"node/674866246","osm_url":"https://www.openstreetmap.org/node/674866246","source":"OpenStreetMap"}},{"type":"Feature","geometry":{"type":"Point","coordinates":[-1.2271454,52.7692438]},"properties":{"name":"The Basement","layer":"nightclubs","note":"OpenStreetMap","osm_id":"node/674867406","osm_url":"https://www.openstreetmap.org/node/674867406","source":"OpenStreetMap"}},{"type":"Feature","geometry":{"type":"Point","coordinates":[-1.8933253,52.4371721]},"properties":{"name":"Royal British Legion Kings Heath Memorial Club","layer":"nightclubs","note":"OpenStreetMap","osm_id":"node/674897090","osm_url":"https://www.openstreetmap.org/node/674897090","source":"OpenStreetMap"}},{"type":"Feature","geometry":{"type":"Point","coordinates":[-9.0504198,53.2739715]},"properties":{"name":"DNA","layer":"nightclubs","note":"OpenStreetMap","osm_id":"node/6763852524","osm_url":"https://www.openstreetmap.org/node/6763852524","source":"OpenStreetMap"}},{"type":"Feature","geometry":{"type":"Point","coordinates":[-0.1247881,51.5418275]},"properties":{"name":"Egg London Nightclub","layer":"nightclubs","note":"OpenStreetMap","osm_id":"node/6772902785","osm_url":"https://www.openstreetmap.org/node/6772902785","source":"OpenStreetMap"}},{"type":"Feature","geometry":{"type":"Point","coordinates":[-0.543359,51.6083645]},"properties":{"name":"Winkers Nightclub","layer":"nightclubs","note":"OpenStreetMap","osm_id":"node/6838225395","osm_url":"https://www.openstreetmap.org/node/6838225395","source":"OpenStreetMap"}},{"type":"Feature","geometry":{"type":"Point","coordinates":[-7.9246034,52.3743961]},"properties":{"name":"Fitzgerald's","layer":"nightclubs","note":"OpenStreetMap","osm_id":"node/6854752789","osm_url":"https://www.openstreetmap.org/node/6854752789","source":"OpenStreetMap"}},{"type":"Feature","geometry":{"type":"Point","coordinates":[-9.5090249,52.0581573]},"properties":{"name":"Paddy Sheehan's Bar","layer":"nightclubs","note":"OpenStreetMap","osm_id":"node/6859936149","osm_url":"https://www.openstreetmap.org/node/6859936149","source":"OpenStreetMap"}},{"type":"Feature","geometry":{"type":"Point","coordinates":[-3.1772218,51.4883806]},"properties":{"name":"Y Plas","layer":"nightclubs","note":"Cardiff Students Union","osm_id":"node/6865047467","osm_url":"https://www.openstreetmap.org/node/6865047467","source":"OpenStreetMap","brand":"Cardiff Students Union"}},{"type":"Feature","geometry":{"type":"Point","coordinates":[-2.9975617,51.5890164]},"properties":{"name":"Legacy Lounge","layer":"nightclubs","note":"OpenStreetMap","osm_id":"node/6871293504","osm_url":"https://www.openstreetmap.org/node/6871293504","source":"OpenStreetMap"}},{"type":"Feature","geometry":{"type":"Point","coordinates":[-2.9963876,51.585904]},"properties":{"name":"200bar","layer":"nightclubs","note":"OpenStreetMap","osm_id":"node/6874316045","osm_url":"https://www.openstreetmap.org/node/6874316045","source":"OpenStreetMap"}},{"type":"Feature","geometry":{"type":"Point","coordinates":[-3.9810759,51.6098732]},"properties":{"name":"Cove","layer":"nightclubs","note":"Students Union","osm_id":"node/688512025","osm_url":"https://www.openstreetmap.org/node/688512025","source":"OpenStreetMap","brand":"Students Union"}},{"type":"Feature","geometry":{"type":"Point","coordinates":[-0.0529246,51.5473319]},"properties":{"name":"Night Tales","layer":"nightclubs","note":"OpenStreetMap","osm_id":"node/6900790809","osm_url":"https://www.openstreetmap.org/node/6900790809","source":"OpenStreetMap"}},{"type":"Feature","geometry":{"type":"Point","coordinates":[-3.4268734,56.3877677]},"properties":{"name":"The Ice Factory","layer":"nightclubs","note":"OpenStreetMap","osm_id":"node/6919042065","osm_url":"https://www.openstreetmap.org/node/6919042065","source":"OpenStreetMap"}},{"type":"Feature","geometry":{"type":"Point","coordinates":[-0.135008,51.509508]},"properties":{"name":"The Pigalle Club","layer":"nightclubs","note":"OpenStreetMap","osm_id":"node/693187812","osm_url":"https://www.openstreetmap.org/node/693187812","source":"OpenStreetMap"}},{"type":"Feature","geometry":{"type":"Point","coordinates":[-0.1312476,51.5227376]},"properties":{"name":"The Venue","layer":"nightclubs","note":"OpenStreetMap","osm_id":"node/6958697924","osm_url":"https://www.openstreetmap.org/node/6958697924","source":"OpenStreetMap"}},{"type":"Feature","geometry":{"type":"Point","coordinates":[-0.1466374,50.8207325]},"properties":{"name":"Brighton Music Hall","layer":"nightclubs","note":"OpenStreetMap","osm_id":"node/6979189202","osm_url":"https://www.openstreetmap.org/node/6979189202","source":"OpenStreetMap"}},{"type":"Feature","geometry":{"type":"Point","coordinates":[-0.1888936,51.5182982]},"properties":{"name":"Ma Dame","layer":"nightclubs","note":"OpenStreetMap","osm_id":"node/6981977191","osm_url":"https://www.openstreetmap.org/node/6981977191","source":"OpenStreetMap"}},{"type":"Feature","geometry":{"type":"Point","coordinates":[-1.417701,52.4471208]},"properties":{"name":"Ansty Club","layer":"nightclubs","note":"OpenStreetMap","osm_id":"node/698476675","osm_url":"https://www.openstreetmap.org/node/698476675","source":"OpenStreetMap"}},{"type":"Feature","geometry":{"type":"Point","coordinates":[-0.1320093,51.5168851]},"properties":{"name":"Troy 22","layer":"nightclubs","note":"OpenStreetMap","osm_id":"node/699782743","osm_url":"https://www.openstreetmap.org/node/699782743","source":"OpenStreetMap"}},{"type":"Feature","geometry":{"type":"Point","coordinates":[-1.4003053,52.384233]},"properties":{"name":"Brandon Club 1885","layer":"nightclubs","note":"OpenStreetMap","osm_id":"node/705074661","osm_url":"https://www.openstreetmap.org/node/705074661","source":"OpenStreetMap"}},{"type":"Feature","geometry":{"type":"Point","coordinates":[-0.1878287,51.5026519]},"properties":{"name":"Bloom","layer":"nightclubs","note":"OpenStreetMap","osm_id":"node/7103266996","osm_url":"https://www.openstreetmap.org/node/7103266996","source":"OpenStreetMap"}},{"type":"Feature","geometry":{"type":"Point","coordinates":[-0.7260633,52.4006965]},"properties":{"name":"Aqua","layer":"nightclubs","note":"OpenStreetMap","osm_id":"node/7124612181","osm_url":"https://www.openstreetmap.org/node/7124612181","source":"OpenStreetMap"}},{"type":"Feature","geometry":{"type":"Point","coordinates":[-2.5200152,51.4866715]},"properties":{"name":"Tazmental Promotions","layer":"nightclubs","note":"OpenStreetMap","osm_id":"node/7152798485","osm_url":"https://www.openstreetmap.org/node/7152798485","source":"OpenStreetMap"}},{"type":"Feature","geometry":{"type":"Point","coordinates":[-1.134912,52.9510478]},"properties":{"name":"The Brickworks","layer":"nightclubs","note":"OpenStreetMap","osm_id":"node/7176563885","osm_url":"https://www.openstreetmap.org/node/7176563885","source":"OpenStreetMap"}},{"type":"Feature","geometry":{"type":"Point","coordinates":[-2.8673729,54.072663]},"properties":{"name":"Popworld","layer":"nightclubs","note":"OpenStreetMap","osm_id":"node/7176727089","osm_url":"https://www.openstreetmap.org/node/7176727089","source":"OpenStreetMap"}},{"type":"Feature","geometry":{"type":"Point","coordinates":[-0.4170567,51.8785691]},"properties":{"name":"The Exchange","layer":"nightclubs","note":"OpenStreetMap","osm_id":"node/7177932564","osm_url":"https://www.openstreetmap.org/node/7177932564","source":"OpenStreetMap"}},{"type":"Feature","geometry":{"type":"Point","coordinates":[-0.4193366,51.8796784]},"properties":{"name":"After 8 Entertainments","layer":"nightclubs","note":"OpenStreetMap","osm_id":"node/7179257721","osm_url":"https://www.openstreetmap.org/node/7179257721","source":"OpenStreetMap"}},{"type":"Feature","geometry":{"type":"Point","coordinates":[-0.2004924,51.5166639]},"properties":{"name":"The Globe","layer":"nightclubs","note":"OpenStreetMap","osm_id":"node/7194787125","osm_url":"https://www.openstreetmap.org/node/7194787125","source":"OpenStreetMap"}},{"type":"Feature","geometry":{"type":"Point","coordinates":[-1.0644973,54.6187]},"properties":{"name":"The Deck","layer":"nightclubs","note":"OpenStreetMap","osm_id":"node/7196579313","osm_url":"https://www.openstreetmap.org/node/7196579313","source":"OpenStreetMap"}},{"type":"Feature","geometry":{"type":"Point","coordinates":[-0.4329246,51.8905158]},"properties":{"name":"Venue Central","layer":"nightclubs","note":"OpenStreetMap","osm_id":"node/7204665888","osm_url":"https://www.openstreetmap.org/node/7204665888","source":"OpenStreetMap"}},{"type":"Feature","geometry":{"type":"Point","coordinates":[-2.7005821,53.7605523]},"properties":{"name":"Switch","layer":"nightclubs","note":"OpenStreetMap","osm_id":"node/7238644713","osm_url":"https://www.openstreetmap.org/node/7238644713","source":"OpenStreetMap"}},{"type":"Feature","geometry":{"type":"Point","coordinates":[-5.472179,56.4139317]},"properties":{"name":"The View","layer":"nightclubs","note":"OpenStreetMap","osm_id":"node/7290055502","osm_url":"https://www.openstreetmap.org/node/7290055502","source":"OpenStreetMap"}},{"type":"Feature","geometry":{"type":"Point","coordinates":[-7.1118377,52.2578697]},"properties":{"name":"Project","layer":"nightclubs","note":"OpenStreetMap","osm_id":"node/7297792675","osm_url":"https://www.openstreetmap.org/node/7297792675","source":"OpenStreetMap"}},{"type":"Feature","geometry":{"type":"Point","coordinates":[-0.0225426,52.9768945]},"properties":{"name":"Pirana Nightclub","layer":"nightclubs","note":"OpenStreetMap","osm_id":"node/7304560651","osm_url":"https://www.openstreetmap.org/node/7304560651","source":"OpenStreetMap"}},{"type":"Feature","geometry":{"type":"Point","coordinates":[-1.0868205,53.957434]},"properties":{"name":"Popworld","layer":"nightclubs","note":"Stonegate","osm_id":"node/735468812","osm_url":"https://www.openstreetmap.org/node/735468812","source":"OpenStreetMap","brand":"Stonegate"}},{"type":"Feature","geometry":{"type":"Point","coordinates":[-0.211026,51.5001549]},"properties":{"name":"blagclub Kensington","layer":"nightclubs","note":"OpenStreetMap","osm_id":"node/7394550611","osm_url":"https://www.openstreetmap.org/node/7394550611","source":"OpenStreetMap"}},{"type":"Feature","geometry":{"type":"Point","coordinates":[-1.6936192,52.6354297]},"properties":{"name":"Vinyl","layer":"nightclubs","note":"OpenStreetMap","osm_id":"node/7395135961","osm_url":"https://www.openstreetmap.org/node/7395135961","source":"OpenStreetMap"}},{"type":"Feature","geometry":{"type":"Point","coordinates":[-6.2635091,53.335436]},"properties":{"name":"Copper Face Jacks","layer":"nightclubs","note":"OpenStreetMap","osm_id":"node/739778199","osm_url":"https://www.openstreetmap.org/node/739778199","source":"OpenStreetMap"}},{"type":"Feature","geometry":{"type":"Point","coordinates":[-6.2507423,55.2007489]},"properties":{"name":"Halo","layer":"nightclubs","note":"OpenStreetMap","osm_id":"node/7460660376","osm_url":"https://www.openstreetmap.org/node/7460660376","source":"OpenStreetMap"}},{"type":"Feature","geometry":{"type":"Point","coordinates":[-8.1976378,52.8615101]},"properties":{"name":"Maximus","layer":"nightclubs","note":"OpenStreetMap","osm_id":"node/752223416","osm_url":"https://www.openstreetmap.org/node/752223416","source":"OpenStreetMap"}},{"type":"Feature","geometry":{"type":"Point","coordinates":[-3.1755908,51.4832081]},"properties":{"name":"CIRCUIT","layer":"nightclubs","note":"OpenStreetMap","osm_id":"node/7590302141","osm_url":"https://www.openstreetmap.org/node/7590302141","source":"OpenStreetMap"}},{"type":"Feature","geometry":{"type":"Point","coordinates":[-4.1351214,50.368677]},"properties":{"name":"Annabel's Cabaret & Discotheque","layer":"nightclubs","note":"OpenStreetMap","osm_id":"node/7696326144","osm_url":"https://www.openstreetmap.org/node/7696326144","source":"OpenStreetMap"}},{"type":"Feature","geometry":{"type":"Point","coordinates":[-0.1288727,51.5108834]},"properties":{"name":"Zoo Bar & Club","layer":"nightclubs","note":"OpenStreetMap","osm_id":"node/7741904802","osm_url":"https://www.openstreetmap.org/node/7741904802","source":"OpenStreetMap"}},{"type":"Feature","geometry":{"type":"Point","coordinates":[-6.2628403,53.334454]},"properties":{"name":"D-Two","layer":"nightclubs","note":"OpenStreetMap","osm_id":"node/775415426","osm_url":"https://www.openstreetmap.org/node/775415426","source":"OpenStreetMap"}},{"type":"Feature","geometry":{"type":"Point","coordinates":[-6.2641124,53.3303997]},"properties":{"name":"Rain","layer":"nightclubs","note":"OpenStreetMap","osm_id":"node/778699198","osm_url":"https://www.openstreetmap.org/node/778699198","source":"OpenStreetMap"}},{"type":"Feature","geometry":{"type":"Point","coordinates":[-0.5455222,53.2272875]},"properties":{"name":"The Engine Shed","layer":"nightclubs","note":"OpenStreetMap","osm_id":"node/7810140829","osm_url":"https://www.openstreetmap.org/node/7810140829","source":"OpenStreetMap"}},{"type":"Feature","geometry":{"type":"Point","coordinates":[-7.2981292,53.0346448]},"properties":{"name":"Nightclub","layer":"nightclubs","note":"OpenStreetMap","osm_id":"node/7813507897","osm_url":"https://www.openstreetmap.org/node/7813507897","source":"OpenStreetMap"}},{"type":"Feature","geometry":{"type":"Point","coordinates":[-6.9300679,52.8372127]},"properties":{"name":"The Tower and Foundry","layer":"nightclubs","note":"OpenStreetMap","osm_id":"node/7850714565","osm_url":"https://www.openstreetmap.org/node/7850714565","source":"OpenStreetMap"}},{"type":"Feature","geometry":{"type":"Point","coordinates":[-2.7988306,54.0479004]},"properties":{"name":"LA1","layer":"nightclubs","note":"OpenStreetMap","osm_id":"node/7865077021","osm_url":"https://www.openstreetmap.org/node/7865077021","source":"OpenStreetMap"}},{"type":"Feature","geometry":{"type":"Point","coordinates":[-2.9802051,56.4605755]},"properties":{"name":"Afrobeats","layer":"nightclubs","note":"OpenStreetMap","osm_id":"node/7873925129","osm_url":"https://www.openstreetmap.org/node/7873925129","source":"OpenStreetMap"}},{"type":"Feature","geometry":{"type":"Point","coordinates":[-0.1757796,51.4939877]},"properties":{"name":"Dolce Kensington Club","layer":"nightclubs","note":"OpenStreetMap","osm_id":"node/7904778383","osm_url":"https://www.openstreetmap.org/node/7904778383","source":"OpenStreetMap"}},{"type":"Feature","geometry":{"type":"Point","coordinates":[-1.9925974,52.5079317]},"properties":{"name":"Pearl Banqueting Suite","layer":"nightclubs","note":"OpenStreetMap","osm_id":"node/7916829552","osm_url":"https://www.openstreetmap.org/node/7916829552","source":"OpenStreetMap"}},{"type":"Feature","geometry":{"type":"Point","coordinates":[-0.1428744,50.8201088]},"properties":{"name":"Quarters","layer":"nightclubs","note":"OpenStreetMap","osm_id":"node/7933849293","osm_url":"https://www.openstreetmap.org/node/7933849293","source":"OpenStreetMap"}},{"type":"Feature","geometry":{"type":"Point","coordinates":[-0.1405708,51.5146613]},"properties":{"name":"Toy Room Club","layer":"nightclubs","note":"OpenStreetMap","osm_id":"node/799284713","osm_url":"https://www.openstreetmap.org/node/799284713","source":"OpenStreetMap"}},{"type":"Feature","geometry":{"type":"Point","coordinates":[-9.0528301,53.2737335]},"properties":{"name":"Electric","layer":"nightclubs","note":"OpenStreetMap","osm_id":"node/8004189199","osm_url":"https://www.openstreetmap.org/node/8004189199","source":"OpenStreetMap"}},{"type":"Feature","geometry":{"type":"Point","coordinates":[-2.1247024,52.5878784]},"properties":{"name":"Planet","layer":"nightclubs","note":"OpenStreetMap","osm_id":"node/8076118696","osm_url":"https://www.openstreetmap.org/node/8076118696","source":"OpenStreetMap"}},{"type":"Feature","geometry":{"type":"Point","coordinates":[-4.428165,55.8444775]},"properties":{"name":"Your Union","layer":"nightclubs","note":"OpenStreetMap","osm_id":"node/8085509723","osm_url":"https://www.openstreetmap.org/node/8085509723","source":"OpenStreetMap"}},{"type":"Feature","geometry":{"type":"Point","coordinates":[-2.1239478,52.5876471]},"properties":{"name":"Little Civic","layer":"nightclubs","note":"OpenStreetMap","osm_id":"node/8158581339","osm_url":"https://www.openstreetmap.org/node/8158581339","source":"OpenStreetMap"}},{"type":"Feature","geometry":{"type":"Point","coordinates":[-4.1470361,50.3700489]},"properties":{"name":"Voxa","layer":"nightclubs","note":"OpenStreetMap","osm_id":"node/8182462806","osm_url":"https://www.openstreetmap.org/node/8182462806","source":"OpenStreetMap"}},{"type":"Feature","geometry":{"type":"Point","coordinates":[-4.0876807,52.4157611]},"properties":{"name":"Pier Pressure","layer":"nightclubs","note":"Royal Pier","osm_id":"node/8192076450","osm_url":"https://www.openstreetmap.org/node/8192076450","source":"OpenStreetMap","brand":"Royal Pier"}},{"type":"Feature","geometry":{"type":"Point","coordinates":[1.38006,51.3873855]},"properties":{"name":"Kabuki","layer":"nightclubs","note":"OpenStreetMap","osm_id":"node/8238671245","osm_url":"https://www.openstreetmap.org/node/8238671245","source":"OpenStreetMap"}},{"type":"Feature","geometry":{"type":"Point","coordinates":[-1.5742052,54.7761232]},"properties":{"name":"Jimmy Allens","layer":"nightclubs","note":"OpenStreetMap","osm_id":"node/8328196399","osm_url":"https://www.openstreetmap.org/node/8328196399","source":"OpenStreetMap"}},{"type":"Feature","geometry":{"type":"Point","coordinates":[-1.2071874,52.7727067]},"properties":{"name":"Echos","layer":"nightclubs","note":"OpenStreetMap","osm_id":"node/840059788","osm_url":"https://www.openstreetmap.org/node/840059788","source":"OpenStreetMap"}},{"type":"Feature","geometry":{"type":"Point","coordinates":[-3.1815231,51.480524]},"properties":{"name":"Clwb Ifor Bach","layer":"nightclubs","note":"OpenStreetMap","osm_id":"node/852071475","osm_url":"https://www.openstreetmap.org/node/852071475","source":"OpenStreetMap"}},{"type":"Feature","geometry":{"type":"Point","coordinates":[-0.1425163,50.8200191]},"properties":{"name":"The Hub","layer":"nightclubs","note":"OpenStreetMap","osm_id":"node/8554174734","osm_url":"https://www.openstreetmap.org/node/8554174734","source":"OpenStreetMap"}},{"type":"Feature","geometry":{"type":"Point","coordinates":[-3.1379472,54.6006781]},"properties":{"name":"The Loft","layer":"nightclubs","note":"OpenStreetMap","osm_id":"node/8626421476","osm_url":"https://www.openstreetmap.org/node/8626421476","source":"OpenStreetMap"}},{"type":"Feature","geometry":{"type":"Point","coordinates":[1.1536865,51.7875148]},"properties":{"name":"The Loft","layer":"nightclubs","note":"OpenStreetMap","osm_id":"node/864704925","osm_url":"https://www.openstreetmap.org/node/864704925","source":"OpenStreetMap"}},{"type":"Feature","geometry":{"type":"Point","coordinates":[-0.2253123,51.5054204]},"properties":{"name":"FM Karaoke and Disco Club","layer":"nightclubs","note":"OpenStreetMap","osm_id":"node/8648598322","osm_url":"https://www.openstreetmap.org/node/8648598322","source":"OpenStreetMap"}},{"type":"Feature","geometry":{"type":"Point","coordinates":[-1.611608,54.9711319]},"properties":{"name":"Greys Club","layer":"nightclubs","note":"OpenStreetMap","osm_id":"node/8735078317","osm_url":"https://www.openstreetmap.org/node/8735078317","source":"OpenStreetMap"}},{"type":"Feature","geometry":{"type":"Point","coordinates":[-1.48747,53.38056]},"properties":{"name":"The Foundry","layer":"nightclubs","note":"OpenStreetMap","osm_id":"node/8755032262","osm_url":"https://www.openstreetmap.org/node/8755032262","source":"OpenStreetMap"}},{"type":"Feature","geometry":{"type":"Point","coordinates":[-0.2166524,51.4608078]},"properties":{"name":"Le Fez","layer":"nightclubs","note":"OpenStreetMap","osm_id":"node/8809964755","osm_url":"https://www.openstreetmap.org/node/8809964755","source":"OpenStreetMap"}},{"type":"Feature","geometry":{"type":"Point","coordinates":[-0.0739898,51.5620691]},"properties":{"name":"The Waiting Room","layer":"nightclubs","note":"OpenStreetMap","osm_id":"node/8811598060","osm_url":"https://www.openstreetmap.org/node/8811598060","source":"OpenStreetMap"}},{"type":"Feature","geometry":{"type":"Point","coordinates":[-2.1671336,53.4070044]},"properties":{"name":"Club Replay","layer":"nightclubs","note":"OpenStreetMap","osm_id":"node/8836587641","osm_url":"https://www.openstreetmap.org/node/8836587641","source":"OpenStreetMap"}},{"type":"Feature","geometry":{"type":"Point","coordinates":[-0.0545582,51.5456817]},"properties":{"name":"MOTH Club","layer":"nightclubs","note":"OpenStreetMap","osm_id":"node/8846263692","osm_url":"https://www.openstreetmap.org/node/8846263692","source":"OpenStreetMap"}},{"type":"Feature","geometry":{"type":"Point","coordinates":[-0.4004556,51.658223]},"properties":{"name":"Popworld","layer":"nightclubs","note":"Stonegate","osm_id":"node/8872309808","osm_url":"https://www.openstreetmap.org/node/8872309808","source":"OpenStreetMap","brand":"Stonegate"}},{"type":"Feature","geometry":{"type":"Point","coordinates":[1.7364809,52.6082787]},"properties":{"name":"Mandarin","layer":"nightclubs","note":"OpenStreetMap","osm_id":"node/8879454630","osm_url":"https://www.openstreetmap.org/node/8879454630","source":"OpenStreetMap"}},{"type":"Feature","geometry":{"type":"Point","coordinates":[-1.8946333,52.4725443]},"properties":{"name":"Village Later","layer":"nightclubs","note":"OpenStreetMap","osm_id":"node/8908514894","osm_url":"https://www.openstreetmap.org/node/8908514894","source":"OpenStreetMap"}},{"type":"Feature","geometry":{"type":"Point","coordinates":[-0.0048146,53.3670294]},"properties":{"name":"Samuels Nightclub","layer":"nightclubs","note":"OpenStreetMap","osm_id":"node/8947213455","osm_url":"https://www.openstreetmap.org/node/8947213455","source":"OpenStreetMap"}},{"type":"Feature","geometry":{"type":"Point","coordinates":[0.9990479,52.1890191]},"properties":{"name":"Carbon Nightclub","layer":"nightclubs","note":"OpenStreetMap","osm_id":"node/8948753930","osm_url":"https://www.openstreetmap.org/node/8948753930","source":"OpenStreetMap"}},{"type":"Feature","geometry":{"type":"Point","coordinates":[-0.1668387,51.5182898]},"properties":{"name":"Konig","layer":"nightclubs","note":"OpenStreetMap","osm_id":"node/8985371023","osm_url":"https://www.openstreetmap.org/node/8985371023","source":"OpenStreetMap"}},{"type":"Feature","geometry":{"type":"Point","coordinates":[-2.9977932,51.5890717]},"properties":{"name":"The Roof Club","layer":"nightclubs","note":"OpenStreetMap","osm_id":"node/9004405354","osm_url":"https://www.openstreetmap.org/node/9004405354","source":"OpenStreetMap"}},{"type":"Feature","geometry":{"type":"Point","coordinates":[-2.2381584,53.4740106]},"properties":{"name":"YES","layer":"nightclubs","note":"OpenStreetMap","osm_id":"node/9062401417","osm_url":"https://www.openstreetmap.org/node/9062401417","source":"OpenStreetMap"}},{"type":"Feature","geometry":{"type":"Point","coordinates":[-2.239422,53.4773653]},"properties":{"name":"Satan's Hollow","layer":"nightclubs","note":"OpenStreetMap","osm_id":"node/9101678262","osm_url":"https://www.openstreetmap.org/node/9101678262","source":"OpenStreetMap"}},{"type":"Feature","geometry":{"type":"Point","coordinates":[-0.0613859,51.5373631]},"properties":{"name":"The Brink","layer":"nightclubs","note":"OpenStreetMap","osm_id":"node/9116743525","osm_url":"https://www.openstreetmap.org/node/9116743525","source":"OpenStreetMap"}},{"type":"Feature","geometry":{"type":"Point","coordinates":[-0.0704991,51.5948935]},"properties":{"name":"Roller Nation","layer":"nightclubs","note":"OpenStreetMap","osm_id":"node/9130356701","osm_url":"https://www.openstreetmap.org/node/9130356701","source":"OpenStreetMap"}},{"type":"Feature","geometry":{"type":"Point","coordinates":[-2.6310696,53.5440985]},"properties":{"name":"Jak's","layer":"nightclubs","note":"OpenStreetMap","osm_id":"node/9137685831","osm_url":"https://www.openstreetmap.org/node/9137685831","source":"OpenStreetMap"}},{"type":"Feature","geometry":{"type":"Point","coordinates":[-2.6317513,53.5445003]},"properties":{"name":"Void","layer":"nightclubs","note":"OpenStreetMap","osm_id":"node/9137685832","osm_url":"https://www.openstreetmap.org/node/9137685832","source":"OpenStreetMap"}},{"type":"Feature","geometry":{"type":"Point","coordinates":[-2.6302962,53.5439781]},"properties":{"name":"Baby Platinum","layer":"nightclubs","note":"OpenStreetMap","osm_id":"node/9137685840","osm_url":"https://www.openstreetmap.org/node/9137685840","source":"OpenStreetMap"}},{"type":"Feature","geometry":{"type":"Point","coordinates":[-1.4041217,50.8961082]},"properties":{"name":"CoCo bar & lounge","layer":"nightclubs","note":"OpenStreetMap","osm_id":"node/919731999","osm_url":"https://www.openstreetmap.org/node/919731999","source":"OpenStreetMap"}},{"type":"Feature","geometry":{"type":"Point","coordinates":[-2.1026278,57.1475952]},"properties":{"name":"Popworld","layer":"nightclubs","note":"Stonegate","osm_id":"node/9209792488","osm_url":"https://www.openstreetmap.org/node/9209792488","source":"OpenStreetMap","brand":"Stonegate"}},{"type":"Feature","geometry":{"type":"Point","coordinates":[-2.1011993,57.1462059]},"properties":{"name":"D2","layer":"nightclubs","note":"Drummonds","osm_id":"node/9209792489","osm_url":"https://www.openstreetmap.org/node/9209792489","source":"OpenStreetMap","brand":"Drummonds"}},{"type":"Feature","geometry":{"type":"Point","coordinates":[-2.0973954,57.146941]},"properties":{"name":"Unit 51","layer":"nightclubs","note":"OpenStreetMap","osm_id":"node/9209792497","osm_url":"https://www.openstreetmap.org/node/9209792497","source":"OpenStreetMap"}},{"type":"Feature","geometry":{"type":"Point","coordinates":[-2.1097788,57.1455805]},"properties":{"name":"Club Tropicana","layer":"nightclubs","note":"OpenStreetMap","osm_id":"node/9209792498","osm_url":"https://www.openstreetmap.org/node/9209792498","source":"OpenStreetMap"}},{"type":"Feature","geometry":{"type":"Point","coordinates":[-0.5785156,51.2352261]},"properties":{"name":"Thirty3Hz","layer":"nightclubs","note":"OpenStreetMap","osm_id":"node/9234111587","osm_url":"https://www.openstreetmap.org/node/9234111587","source":"OpenStreetMap"}},{"type":"Feature","geometry":{"type":"Point","coordinates":[-0.057773,51.5374845]},"properties":{"name":"Night Tales Loft","layer":"nightclubs","note":"OpenStreetMap","osm_id":"node/9286567817","osm_url":"https://www.openstreetmap.org/node/9286567817","source":"OpenStreetMap"}},{"type":"Feature","geometry":{"type":"Point","coordinates":[0.0175868,51.5045617]},"properties":{"name":"LA Hacienda","layer":"nightclubs","note":"OpenStreetMap","osm_id":"node/9370334863","osm_url":"https://www.openstreetmap.org/node/9370334863","source":"OpenStreetMap"}},{"type":"Feature","geometry":{"type":"Point","coordinates":[-1.8401767,50.7268355]},"properties":{"name":"o2 Academy","layer":"nightclubs","note":"OpenStreetMap","osm_id":"node/9370362064","osm_url":"https://www.openstreetmap.org/node/9370362064","source":"OpenStreetMap"}},{"type":"Feature","geometry":{"type":"Point","coordinates":[0.2866472,50.768159]},"properties":{"name":"NME","layer":"nightclubs","note":"OpenStreetMap","osm_id":"node/9423065218","osm_url":"https://www.openstreetmap.org/node/9423065218","source":"OpenStreetMap"}},{"type":"Feature","geometry":{"type":"Point","coordinates":[-6.1239373,53.4353101]},"properties":{"name":"Tamango","layer":"nightclubs","note":"OpenStreetMap","osm_id":"node/943985346","osm_url":"https://www.openstreetmap.org/node/943985346","source":"OpenStreetMap"}},{"type":"Feature","geometry":{"type":"Point","coordinates":[-2.6951861,53.7584391]},"properties":{"name":"The Warehouse","layer":"nightclubs","note":"OpenStreetMap","osm_id":"node/948545403","osm_url":"https://www.openstreetmap.org/node/948545403","source":"OpenStreetMap"}},{"type":"Feature","geometry":{"type":"Point","coordinates":[-5.0499605,50.2640058]},"properties":{"name":"The Office Nightclub","layer":"nightclubs","note":"OpenStreetMap","osm_id":"node/9582933697","osm_url":"https://www.openstreetmap.org/node/9582933697","source":"OpenStreetMap"}},{"type":"Feature","geometry":{"type":"Point","coordinates":[-2.1112635,57.1429416]},"properties":{"name":"491 Union Street","layer":"nightclubs","note":"OpenStreetMap","osm_id":"node/9584818414","osm_url":"https://www.openstreetmap.org/node/9584818414","source":"OpenStreetMap"}},{"type":"Feature","geometry":{"type":"Point","coordinates":[-1.5111688,52.4072636]},"properties":{"name":"HMV Empire","layer":"nightclubs","note":"OpenStreetMap","osm_id":"node/9591746017","osm_url":"https://www.openstreetmap.org/node/9591746017","source":"OpenStreetMap"}},{"type":"Feature","geometry":{"type":"Point","coordinates":[-1.894846,52.4987086]},"properties":{"name":"Elbow Room","layer":"nightclubs","note":"OpenStreetMap","osm_id":"node/965003572","osm_url":"https://www.openstreetmap.org/node/965003572","source":"OpenStreetMap"}},{"type":"Feature","geometry":{"type":"Point","coordinates":[-2.5231139,53.0667658]},"properties":{"name":"Studio","layer":"nightclubs","note":"OpenStreetMap","osm_id":"node/9654467155","osm_url":"https://www.openstreetmap.org/node/9654467155","source":"OpenStreetMap"}},{"type":"Feature","geometry":{"type":"Point","coordinates":[-1.285991,53.4925392]},"properties":{"name":"Mexborough Civic Hall","layer":"nightclubs","note":"OpenStreetMap","osm_id":"node/9668145092","osm_url":"https://www.openstreetmap.org/node/9668145092","source":"OpenStreetMap"}},{"type":"Feature","geometry":{"type":"Point","coordinates":[-1.3128215,50.696416]},"properties":{"name":"Hush Silent Disco","layer":"nightclubs","note":"OpenStreetMap","osm_id":"node/9693317079","osm_url":"https://www.openstreetmap.org/node/9693317079","source":"OpenStreetMap"}},{"type":"Feature","geometry":{"type":"Point","coordinates":[-0.1258399,51.5341894]},"properties":{"name":"Lafayette","layer":"nightclubs","note":"OpenStreetMap","osm_id":"node/9697951364","osm_url":"https://www.openstreetmap.org/node/9697951364","source":"OpenStreetMap"}},{"type":"Feature","geometry":{"type":"Point","coordinates":[-0.1120084,51.5158295]},"properties":{"name":"Lucky Voice","layer":"nightclubs","note":"OpenStreetMap","osm_id":"node/9712566017","osm_url":"https://www.openstreetmap.org/node/9712566017","source":"OpenStreetMap"}},{"type":"Feature","geometry":{"type":"Point","coordinates":[-4.2489968,55.8581267]},"properties":{"name":"Slay","layer":"nightclubs","note":"OpenStreetMap","osm_id":"node/9750981325","osm_url":"https://www.openstreetmap.org/node/9750981325","source":"OpenStreetMap"}},{"type":"Feature","geometry":{"type":"Point","coordinates":[-7.9241562,52.374231]},"properties":{"name":"Rev Discos","layer":"nightclubs","note":"OpenStreetMap","osm_id":"node/9768144869","osm_url":"https://www.openstreetmap.org/node/9768144869","source":"OpenStreetMap"}},{"type":"Feature","geometry":{"type":"Point","coordinates":[-1.6131556,54.9700611]},"properties":{"name":"The Social Club","layer":"nightclubs","note":"OpenStreetMap","osm_id":"node/9783868402","osm_url":"https://www.openstreetmap.org/node/9783868402","source":"OpenStreetMap"}},{"type":"Feature","geometry":{"type":"Point","coordinates":[-2.2346674,53.4710937]},"properties":{"name":"LA Lounge","layer":"nightclubs","note":"OpenStreetMap","osm_id":"node/9811101341","osm_url":"https://www.openstreetmap.org/node/9811101341","source":"OpenStreetMap"}},{"type":"Feature","geometry":{"type":"Point","coordinates":[-3.3405901,51.5993623]},"properties":{"name":"Nightclub","layer":"nightclubs","note":"Club Ice","osm_id":"node/9812347262","osm_url":"https://www.openstreetmap.org/node/9812347262","source":"OpenStreetMap","brand":"Club Ice"}},{"type":"Feature","geometry":{"type":"Point","coordinates":[-1.0934883,50.797191]},"properties":{"name":"Pop World","layer":"nightclubs","note":"Stonegate","osm_id":"node/9838690220","osm_url":"https://www.openstreetmap.org/node/9838690220","source":"OpenStreetMap","brand":"Stonegate"}},{"type":"Feature","geometry":{"type":"Point","coordinates":[-6.8749412,53.7271501]},"properties":{"name":"Vibe The Courtyard","layer":"nightclubs","note":"OpenStreetMap","osm_id":"node/987772944","osm_url":"https://www.openstreetmap.org/node/987772944","source":"OpenStreetMap"}},{"type":"Feature","geometry":{"type":"Point","coordinates":[-4.1215219,51.2088583]},"properties":{"name":"Digz","layer":"nightclubs","note":"OpenStreetMap","osm_id":"node/9907479327","osm_url":"https://www.openstreetmap.org/node/9907479327","source":"OpenStreetMap"}},{"type":"Feature","geometry":{"type":"Point","coordinates":[-1.152714,52.955938]},"properties":{"name":"Ghost Nightclub","layer":"nightclubs","note":"OpenStreetMap","osm_id":"node/993744174","osm_url":"https://www.openstreetmap.org/node/993744174","source":"OpenStreetMap"}},{"type":"Feature","geometry":{"type":"Point","coordinates":[-0.3687613,50.8131079]},"properties":{"name":"Jungle Nightclub","layer":"nightclubs","note":"OpenStreetMap","osm_id":"node/9973004904","osm_url":"https://www.openstreetmap.org/node/9973004904","source":"OpenStreetMap"}},{"type":"Feature","geometry":{"type":"Point","coordinates":[0.5791883,50.8556802]},"properties":{"name":"The Crypt","layer":"nightclubs","note":"OpenStreetMap","osm_id":"node/9993114308","osm_url":"https://www.openstreetmap.org/node/9993114308","source":"OpenStreetMap"}},{"type":"Feature","geometry":{"type":"Point","coordinates":[-2.6003384,51.4545751]},"properties":{"name":"O2 Academy","layer":"nightclubs","note":"OpenStreetMap","osm_id":"relation/18068455","osm_url":"https://www.openstreetmap.org/relation/18068455","source":"OpenStreetMap"}},{"type":"Feature","geometry":{"type":"Point","coordinates":[-1.8884437,52.4782587]},"properties":{"name":"Suki10c","layer":"nightclubs","note":"OpenStreetMap","osm_id":"relation/4295008","osm_url":"https://www.openstreetmap.org/relation/4295008","source":"OpenStreetMap"}},{"type":"Feature","geometry":{"type":"Point","coordinates":[-5.0679597,50.1532794]},"properties":{"name":"The Kings","layer":"nightclubs","note":"OpenStreetMap","osm_id":"way/1000600762","osm_url":"https://www.openstreetmap.org/way/1000600762","source":"OpenStreetMap"}},{"type":"Feature","geometry":{"type":"Point","coordinates":[-1.1540112,52.9560712]},"properties":{"name":"Rock City","layer":"nightclubs","note":"OpenStreetMap","osm_id":"way/100083900","osm_url":"https://www.openstreetmap.org/way/100083900","source":"OpenStreetMap"}},{"type":"Feature","geometry":{"type":"Point","coordinates":[-2.5191974,53.4945325]},"properties":{"name":"The Gallery","layer":"nightclubs","note":"OpenStreetMap","osm_id":"way/1000914414","osm_url":"https://www.openstreetmap.org/way/1000914414","source":"OpenStreetMap"}},{"type":"Feature","geometry":{"type":"Point","coordinates":[-2.5195186,53.4945635]},"properties":{"name":"Hooley's","layer":"nightclubs","note":"OpenStreetMap","osm_id":"way/1000914415","osm_url":"https://www.openstreetmap.org/way/1000914415","source":"OpenStreetMap"}},{"type":"Feature","geometry":{"type":"Point","coordinates":[-0.0771622,51.5356581]},"properties":{"name":"Shelter","layer":"nightclubs","note":"OpenStreetMap","osm_id":"way/1001831573","osm_url":"https://www.openstreetmap.org/way/1001831573","source":"OpenStreetMap"}},{"type":"Feature","geometry":{"type":"Point","coordinates":[-4.1442455,50.3686824]},"properties":{"name":"Club Inferno","layer":"nightclubs","note":"OpenStreetMap","osm_id":"way/1001900261","osm_url":"https://www.openstreetmap.org/way/1001900261","source":"OpenStreetMap"}},{"type":"Feature","geometry":{"type":"Point","coordinates":[-2.2249837,53.0094361]},"properties":{"name":"Suede","layer":"nightclubs","note":"OpenStreetMap","osm_id":"way/102471535","osm_url":"https://www.openstreetmap.org/way/102471535","source":"OpenStreetMap"}},{"type":"Feature","geometry":{"type":"Point","coordinates":[-8.4996384,54.991055]},"properties":{"name":"Smugglers","layer":"nightclubs","note":"OpenStreetMap","osm_id":"way/1024888215","osm_url":"https://www.openstreetmap.org/way/1024888215","source":"OpenStreetMap"}},{"type":"Feature","geometry":{"type":"Point","coordinates":[-1.4051531,53.0508652]},"properties":{"name":"The Association Nightclub","layer":"nightclubs","note":"OpenStreetMap","osm_id":"way/1028123972","osm_url":"https://www.openstreetmap.org/way/1028123972","source":"OpenStreetMap"}},{"type":"Feature","geometry":{"type":"Point","coordinates":[-3.3409977,51.6000213]},"properties":{"name":"Platform 11","layer":"nightclubs","note":"OpenStreetMap","osm_id":"way/1034867741","osm_url":"https://www.openstreetmap.org/way/1034867741","source":"OpenStreetMap"}},{"type":"Feature","geometry":{"type":"Point","coordinates":[-2.1018004,57.14443]},"properties":{"name":"Aura","layer":"nightclubs","note":"OpenStreetMap","osm_id":"way/1039502763","osm_url":"https://www.openstreetmap.org/way/1039502763","source":"OpenStreetMap"}},{"type":"Feature","geometry":{"type":"Point","coordinates":[-1.4745377,53.3743903]},"properties":{"name":"Dempsey's","layer":"nightclubs","note":"OpenStreetMap","osm_id":"way/103977459","osm_url":"https://www.openstreetmap.org/way/103977459","source":"OpenStreetMap"}},{"type":"Feature","geometry":{"type":"Point","coordinates":[-1.4646569,53.3762273]},"properties":{"name":"Electric Studios","layer":"nightclubs","note":"OpenStreetMap","osm_id":"way/104000823","osm_url":"https://www.openstreetmap.org/way/104000823","source":"OpenStreetMap"}},{"type":"Feature","geometry":{"type":"Point","coordinates":[-2.4540851,50.6078532]},"properties":{"name":"The Closet","layer":"nightclubs","note":"OpenStreetMap","osm_id":"way/1041627288","osm_url":"https://www.openstreetmap.org/way/1041627288","source":"OpenStreetMap"}},{"type":"Feature","geometry":{"type":"Point","coordinates":[-1.574003,54.7759927]},"properties":{"name":"Klute","layer":"nightclubs","note":"OpenStreetMap","osm_id":"way/104209661","osm_url":"https://www.openstreetmap.org/way/104209661","source":"OpenStreetMap"}},{"type":"Feature","geometry":{"type":"Point","coordinates":[-1.4735654,53.3803341]},"properties":{"name":"Viper Rooms","layer":"nightclubs","note":"OpenStreetMap","osm_id":"way/105506834","osm_url":"https://www.openstreetmap.org/way/105506834","source":"OpenStreetMap"}},{"type":"Feature","geometry":{"type":"Point","coordinates":[-1.4737064,53.3805726]},"properties":{"name":"Crystal Bar","layer":"nightclubs","note":"OpenStreetMap","osm_id":"way/105506840","osm_url":"https://www.openstreetmap.org/way/105506840","source":"OpenStreetMap"}},{"type":"Feature","geometry":{"type":"Point","coordinates":[-1.8833488,52.4122778]},"properties":{"name":"E57 Social Club","layer":"nightclubs","note":"OpenStreetMap","osm_id":"way/105691664","osm_url":"https://www.openstreetmap.org/way/105691664","source":"OpenStreetMap"}},{"type":"Feature","geometry":{"type":"Point","coordinates":[-1.8609355,50.7270466]},"properties":{"name":"Sound Circus Alternative Bar","layer":"nightclubs","note":"OpenStreetMap","osm_id":"way/1057722443","osm_url":"https://www.openstreetmap.org/way/1057722443","source":"OpenStreetMap"}},{"type":"Feature","geometry":{"type":"Point","coordinates":[-1.9774695,52.5847076]},"properties":{"name":"Lexx Jerkz Bar & Grill","layer":"nightclubs","note":"OpenStreetMap","osm_id":"way/1057965816","osm_url":"https://www.openstreetmap.org/way/1057965816","source":"OpenStreetMap"}},{"type":"Feature","geometry":{"type":"Point","coordinates":[-3.3661083,50.6150933]},"properties":{"name":"Capones","layer":"nightclubs","note":"Haven Holidays","osm_id":"way/106065086","osm_url":"https://www.openstreetmap.org/way/106065086","source":"OpenStreetMap","brand":"Haven Holidays"}},{"type":"Feature","geometry":{"type":"Point","coordinates":[-1.9288394,52.4170252]},"properties":{"name":"Kings Norton Ex-Servicemens Club","layer":"nightclubs","note":"OpenStreetMap","osm_id":"way/106742704","osm_url":"https://www.openstreetmap.org/way/106742704","source":"OpenStreetMap"}},{"type":"Feature","geometry":{"type":"Point","coordinates":[-1.9278083,52.4162119]},"properties":{"name":"Cotteridge Social Club","layer":"nightclubs","note":"OpenStreetMap","osm_id":"way/106742719","osm_url":"https://www.openstreetmap.org/way/106742719","source":"OpenStreetMap"}},{"type":"Feature","geometry":{"type":"Point","coordinates":[-1.5057523,55.1269462]},"properties":{"name":"DEJAVU","layer":"nightclubs","note":"OpenStreetMap","osm_id":"way/1068938591","osm_url":"https://www.openstreetmap.org/way/1068938591","source":"OpenStreetMap"}},{"type":"Feature","geometry":{"type":"Point","coordinates":[-1.4628097,53.3840887]},"properties":{"name":"Plot 22","layer":"nightclubs","note":"OpenStreetMap","osm_id":"way/1104456828","osm_url":"https://www.openstreetmap.org/way/1104456828","source":"OpenStreetMap"}},{"type":"Feature","geometry":{"type":"Point","coordinates":[-1.8679973,50.7352381]},"properties":{"name":"Havanna Club","layer":"nightclubs","note":"OpenStreetMap","osm_id":"way/1104908211","osm_url":"https://www.openstreetmap.org/way/1104908211","source":"OpenStreetMap"}},{"type":"Feature","geometry":{"type":"Point","coordinates":[-3.3182436,57.6487006]},"properties":{"name":"Joanna's Nightclub","layer":"nightclubs","note":"OpenStreetMap","osm_id":"way/1109133347","osm_url":"https://www.openstreetmap.org/way/1109133347","source":"OpenStreetMap"}},{"type":"Feature","geometry":{"type":"Point","coordinates":[-3.3181448,57.6485275]},"properties":{"name":"Downtown USA","layer":"nightclubs","note":"OpenStreetMap","osm_id":"way/1109133348","osm_url":"https://www.openstreetmap.org/way/1109133348","source":"OpenStreetMap"}},{"type":"Feature","geometry":{"type":"Point","coordinates":[-0.0294705,53.560568]},"properties":{"name":"Status Party Rooms","layer":"nightclubs","note":"OpenStreetMap","osm_id":"way/110976156","osm_url":"https://www.openstreetmap.org/way/110976156","source":"OpenStreetMap"}},{"type":"Feature","geometry":{"type":"Point","coordinates":[-1.9221104,50.7270795]},"properties":{"name":"The Night Owl","layer":"nightclubs","note":"OpenStreetMap","osm_id":"way/1114900431","osm_url":"https://www.openstreetmap.org/way/1114900431","source":"OpenStreetMap"}},{"type":"Feature","geometry":{"type":"Point","coordinates":[-2.9898438,53.4080204]},"properties":{"name":"GBar","layer":"nightclubs","note":"OpenStreetMap","osm_id":"way/1115561667","osm_url":"https://www.openstreetmap.org/way/1115561667","source":"OpenStreetMap"}},{"type":"Feature","geometry":{"type":"Point","coordinates":[-7.3596689,53.9913342]},"properties":{"name":"The Farnham Venue","layer":"nightclubs","note":"OpenStreetMap","osm_id":"way/1116061375","osm_url":"https://www.openstreetmap.org/way/1116061375","source":"OpenStreetMap"}},{"type":"Feature","geometry":{"type":"Point","coordinates":[-3.9499416,51.6188073]},"properties":{"name":"Sin City","layer":"nightclubs","note":"OpenStreetMap","osm_id":"way/1116334934","osm_url":"https://www.openstreetmap.org/way/1116334934","source":"OpenStreetMap"}},{"type":"Feature","geometry":{"type":"Point","coordinates":[-1.434555,53.3921999]},"properties":{"name":"Zambezi Lounge","layer":"nightclubs","note":"OpenStreetMap","osm_id":"way/1116344108","osm_url":"https://www.openstreetmap.org/way/1116344108","source":"OpenStreetMap"}},{"type":"Feature","geometry":{"type":"Point","coordinates":[-1.3550064,53.4294193]},"properties":{"name":"Renoirs","layer":"nightclubs","note":"OpenStreetMap","osm_id":"way/1118180606","osm_url":"https://www.openstreetmap.org/way/1118180606","source":"OpenStreetMap"}},{"type":"Feature","geometry":{"type":"Point","coordinates":[-1.8290655,52.4125978]},"properties":{"name":"Shirley Royal British Legion Club","layer":"nightclubs","note":"OpenStreetMap","osm_id":"way/111834548","osm_url":"https://www.openstreetmap.org/way/111834548","source":"OpenStreetMap"}},{"type":"Feature","geometry":{"type":"Point","coordinates":[-2.9877084,53.4064624]},"properties":{"name":"Eric's","layer":"nightclubs","note":"OpenStreetMap","osm_id":"way/1119059461","osm_url":"https://www.openstreetmap.org/way/1119059461","source":"OpenStreetMap"}},{"type":"Feature","geometry":{"type":"Point","coordinates":[-1.4738428,53.3921066]},"properties":{"name":"Yellow Arch Studios","layer":"nightclubs","note":"OpenStreetMap","osm_id":"way/1121462379","osm_url":"https://www.openstreetmap.org/way/1121462379","source":"OpenStreetMap"}},{"type":"Feature","geometry":{"type":"Point","coordinates":[-1.1309164,53.5240279]},"properties":{"name":"La Barraca","layer":"nightclubs","note":"OpenStreetMap","osm_id":"way/1122500679","osm_url":"https://www.openstreetmap.org/way/1122500679","source":"OpenStreetMap"}},{"type":"Feature","geometry":{"type":"Point","coordinates":[-3.0201907,53.3912488]},"properties":{"name":"Red Buddha","layer":"nightclubs","note":"OpenStreetMap","osm_id":"way/1123738810","osm_url":"https://www.openstreetmap.org/way/1123738810","source":"OpenStreetMap"}},{"type":"Feature","geometry":{"type":"Point","coordinates":[-1.2345812,54.5779085]},"properties":{"name":"Flares / Popworld","layer":"nightclubs","note":"Stonegate","osm_id":"way/1125523286","osm_url":"https://www.openstreetmap.org/way/1125523286","source":"OpenStreetMap","brand":"Stonegate"}},{"type":"Feature","geometry":{"type":"Point","coordinates":[-1.2347017,54.5769937]},"properties":{"name":"Club XS","layer":"nightclubs","note":"OpenStreetMap","osm_id":"way/1125523299","osm_url":"https://www.openstreetmap.org/way/1125523299","source":"OpenStreetMap"}},{"type":"Feature","geometry":{"type":"Point","coordinates":[-3.4937702,53.3203446]},"properties":{"name":"Hidden","layer":"nightclubs","note":"OpenStreetMap","osm_id":"way/1131047950","osm_url":"https://www.openstreetmap.org/way/1131047950","source":"OpenStreetMap"}},{"type":"Feature","geometry":{"type":"Point","coordinates":[-1.6919681,52.6329138]},"properties":{"name":"Jynx Bar & Nightclub","layer":"nightclubs","note":"OpenStreetMap","osm_id":"way/113601444","osm_url":"https://www.openstreetmap.org/way/113601444","source":"OpenStreetMap"}},{"type":"Feature","geometry":{"type":"Point","coordinates":[-1.7573772,53.7944487]},"properties":{"name":"Space Club","layer":"nightclubs","note":"OpenStreetMap","osm_id":"way/1148006562","osm_url":"https://www.openstreetmap.org/way/1148006562","source":"OpenStreetMap"}},{"type":"Feature","geometry":{"type":"Point","coordinates":[-1.7572652,53.7945837]},"properties":{"name":"Lagos Lounge","layer":"nightclubs","note":"OpenStreetMap","osm_id":"way/1148006563","osm_url":"https://www.openstreetmap.org/way/1148006563","source":"OpenStreetMap"}},{"type":"Feature","geometry":{"type":"Point","coordinates":[-1.7567877,53.7945513]},"properties":{"name":"Lemonshed","layer":"nightclubs","note":"OpenStreetMap","osm_id":"way/1148006570","osm_url":"https://www.openstreetmap.org/way/1148006570","source":"OpenStreetMap"}},{"type":"Feature","geometry":{"type":"Point","coordinates":[-0.3432485,53.7472693]},"properties":{"name":"Fuel","layer":"nightclubs","note":"OpenStreetMap","osm_id":"way/1151207788","osm_url":"https://www.openstreetmap.org/way/1151207788","source":"OpenStreetMap"}},{"type":"Feature","geometry":{"type":"Point","coordinates":[-1.8962597,53.6774554]},"properties":{"name":"The Venue","layer":"nightclubs","note":"OpenStreetMap","osm_id":"way/115532989","osm_url":"https://www.openstreetmap.org/way/115532989","source":"OpenStreetMap"}},{"type":"Feature","geometry":{"type":"Point","coordinates":[0.0816204,51.5608757]},"properties":{"name":"Discoteca No Problem","layer":"nightclubs","note":"OpenStreetMap","osm_id":"way/1156173826","osm_url":"https://www.openstreetmap.org/way/1156173826","source":"OpenStreetMap"}},{"type":"Feature","geometry":{"type":"Point","coordinates":[-2.4347942,55.5979159]},"properties":{"name":"Gemini","layer":"nightclubs","note":"OpenStreetMap","osm_id":"way/115718887","osm_url":"https://www.openstreetmap.org/way/115718887","source":"OpenStreetMap"}},{"type":"Feature","geometry":{"type":"Point","coordinates":[-1.9199315,52.4293746]},"properties":{"name":"Stirchley United","layer":"nightclubs","note":"OpenStreetMap","osm_id":"way/115953870","osm_url":"https://www.openstreetmap.org/way/115953870","source":"OpenStreetMap"}},{"type":"Feature","geometry":{"type":"Point","coordinates":[-1.8829852,52.4758207]},"properties":{"name":"Birdies","layer":"nightclubs","note":"OpenStreetMap","osm_id":"way/1165341289","osm_url":"https://www.openstreetmap.org/way/1165341289","source":"OpenStreetMap"}},{"type":"Feature","geometry":{"type":"Point","coordinates":[-1.8830388,52.4760944]},"properties":{"name":"Roxy Ballroom Digbeth","layer":"nightclubs","note":"OpenStreetMap","osm_id":"way/1165341290","osm_url":"https://www.openstreetmap.org/way/1165341290","source":"OpenStreetMap"}},{"type":"Feature","geometry":{"type":"Point","coordinates":[-4.0556908,51.0789549]},"properties":{"name":"Fever & Boutique","layer":"nightclubs","note":"Stonegate","osm_id":"way/1172305491","osm_url":"https://www.openstreetmap.org/way/1172305491","source":"OpenStreetMap","brand":"Stonegate"}},{"type":"Feature","geometry":{"type":"Point","coordinates":[-3.018668,53.3920029]},"properties":{"name":"Cotton Club","layer":"nightclubs","note":"OpenStreetMap","osm_id":"way/1172414236","osm_url":"https://www.openstreetmap.org/way/1172414236","source":"OpenStreetMap"}},{"type":"Feature","geometry":{"type":"Point","coordinates":[-2.9790719,53.4031672]},"properties":{"name":"Aura","layer":"nightclubs","note":"OpenStreetMap","osm_id":"way/1175157248","osm_url":"https://www.openstreetmap.org/way/1175157248","source":"OpenStreetMap"}},{"type":"Feature","geometry":{"type":"Point","coordinates":[-4.2051046,51.0186221]},"properties":{"name":"Palace Nightclub","layer":"nightclubs","note":"OpenStreetMap","osm_id":"way/1175187426","osm_url":"https://www.openstreetmap.org/way/1175187426","source":"OpenStreetMap"}},{"type":"Feature","geometry":{"type":"Point","coordinates":[-2.9785027,53.4016235]},"properties":{"name":"EBGBS","layer":"nightclubs","note":"OpenStreetMap","osm_id":"way/1175740069","osm_url":"https://www.openstreetmap.org/way/1175740069","source":"OpenStreetMap"}},{"type":"Feature","geometry":{"type":"Point","coordinates":[-2.9781639,53.4023911]},"properties":{"name":"Ink Bar","layer":"nightclubs","note":"OpenStreetMap","osm_id":"way/1175774673","osm_url":"https://www.openstreetmap.org/way/1175774673","source":"OpenStreetMap"}},{"type":"Feature","geometry":{"type":"Point","coordinates":[-2.9894329,53.4079896]},"properties":{"name":"Haus","layer":"nightclubs","note":"OpenStreetMap","osm_id":"way/1176713705","osm_url":"https://www.openstreetmap.org/way/1176713705","source":"OpenStreetMap"}},{"type":"Feature","geometry":{"type":"Point","coordinates":[-2.9897453,53.4082602]},"properties":{"name":"Elysium","layer":"nightclubs","note":"OpenStreetMap","osm_id":"way/1176713706","osm_url":"https://www.openstreetmap.org/way/1176713706","source":"OpenStreetMap"}},{"type":"Feature","geometry":{"type":"Point","coordinates":[-2.9881445,53.4070346]},"properties":{"name":"Mansion","layer":"nightclubs","note":"OpenStreetMap","osm_id":"way/1176909552","osm_url":"https://www.openstreetmap.org/way/1176909552","source":"OpenStreetMap"}},{"type":"Feature","geometry":{"type":"Point","coordinates":[-2.9884674,53.4068253]},"properties":{"name":"Club Mambo","layer":"nightclubs","note":"OpenStreetMap","osm_id":"way/1176909554","osm_url":"https://www.openstreetmap.org/way/1176909554","source":"OpenStreetMap"}},{"type":"Feature","geometry":{"type":"Point","coordinates":[-6.6340022,55.1974936]},"properties":{"name":"Kellys Complex","layer":"nightclubs","note":"OpenStreetMap","osm_id":"way/1181204806","osm_url":"https://www.openstreetmap.org/way/1181204806","source":"OpenStreetMap"}},{"type":"Feature","geometry":{"type":"Point","coordinates":[-1.4745329,53.3806899]},"properties":{"name":"Popworld","layer":"nightclubs","note":"Stonegate","osm_id":"way/118215170","osm_url":"https://www.openstreetmap.org/way/118215170","source":"OpenStreetMap","brand":"Stonegate"}},{"type":"Feature","geometry":{"type":"Point","coordinates":[-0.7632171,51.2486397]},"properties":{"name":"Power Lounge","layer":"nightclubs","note":"OpenStreetMap","osm_id":"way/1182261735","osm_url":"https://www.openstreetmap.org/way/1182261735","source":"OpenStreetMap"}},{"type":"Feature","geometry":{"type":"Point","coordinates":[0.415966,51.6187078]},"properties":{"name":"Reids","layer":"nightclubs","note":"OpenStreetMap","osm_id":"way/1186515222","osm_url":"https://www.openstreetmap.org/way/1186515222","source":"OpenStreetMap"}},{"type":"Feature","geometry":{"type":"Point","coordinates":[-2.4461004,53.1929669]},"properties":{"name":"The Vaults","layer":"nightclubs","note":"OpenStreetMap","osm_id":"way/1189577791","osm_url":"https://www.openstreetmap.org/way/1189577791","source":"OpenStreetMap"}},{"type":"Feature","geometry":{"type":"Point","coordinates":[-4.1631824,51.680334]},"properties":{"name":"Club Eden","layer":"nightclubs","note":"OpenStreetMap","osm_id":"way/1201562478","osm_url":"https://www.openstreetmap.org/way/1201562478","source":"OpenStreetMap"}},{"type":"Feature","geometry":{"type":"Point","coordinates":[-0.7498737,52.0433592]},"properties":{"name":"PopWorld","layer":"nightclubs","note":"Stonegate","osm_id":"way/120290879","osm_url":"https://www.openstreetmap.org/way/120290879","source":"OpenStreetMap","brand":"Stonegate"}},{"type":"Feature","geometry":{"type":"Point","coordinates":[-1.4761101,53.3810376]},"properties":{"name":"West Street Live","layer":"nightclubs","note":"OpenStreetMap","osm_id":"way/1205293778","osm_url":"https://www.openstreetmap.org/way/1205293778","source":"OpenStreetMap"}},{"type":"Feature","geometry":{"type":"Point","coordinates":[-2.5194637,53.4967508]},"properties":{"name":"Sage","layer":"nightclubs","note":"OpenStreetMap","osm_id":"way/1205706984","osm_url":"https://www.openstreetmap.org/way/1205706984","source":"OpenStreetMap"}},{"type":"Feature","geometry":{"type":"Point","coordinates":[-4.1360018,50.3683511]},"properties":{"name":"Out out Ibiza","layer":"nightclubs","note":"OpenStreetMap","osm_id":"way/1206221413","osm_url":"https://www.openstreetmap.org/way/1206221413","source":"OpenStreetMap"}},{"type":"Feature","geometry":{"type":"Point","coordinates":[1.3023993,52.6289414]},"properties":{"name":"popWorld","layer":"nightclubs","note":"Stonegate Pub Company","osm_id":"way/120680604","osm_url":"https://www.openstreetmap.org/way/120680604","source":"OpenStreetMap","brand":"Stonegate Pub Company"}},{"type":"Feature","geometry":{"type":"Point","coordinates":[-1.9572548,52.4584066]},"properties":{"name":"Harborne Village Social Club","layer":"nightclubs","note":"OpenStreetMap","osm_id":"way/120792945","osm_url":"https://www.openstreetmap.org/way/120792945","source":"OpenStreetMap"}},{"type":"Feature","geometry":{"type":"Point","coordinates":[-1.9507446,52.4586821]},"properties":{"name":"Albany Social Club Ltd","layer":"nightclubs","note":"OpenStreetMap","osm_id":"way/120806664","osm_url":"https://www.openstreetmap.org/way/120806664","source":"OpenStreetMap"}},{"type":"Feature","geometry":{"type":"Point","coordinates":[-0.0480953,51.5470634]},"properties":{"name":"Gloves Off","layer":"nightclubs","note":"OpenStreetMap","osm_id":"way/1208113608","osm_url":"https://www.openstreetmap.org/way/1208113608","source":"OpenStreetMap"}},{"type":"Feature","geometry":{"type":"Point","coordinates":[-2.5198574,53.4954634]},"properties":{"name":"Sky Lounge","layer":"nightclubs","note":"OpenStreetMap","osm_id":"way/1208605587","osm_url":"https://www.openstreetmap.org/way/1208605587","source":"OpenStreetMap"}},{"type":"Feature","geometry":{"type":"Point","coordinates":[-1.8720987,50.7220725]},"properties":{"name":"Bar Republiq","layer":"nightclubs","note":"OpenStreetMap","osm_id":"way/1209358277","osm_url":"https://www.openstreetmap.org/way/1209358277","source":"OpenStreetMap"}},{"type":"Feature","geometry":{"type":"Point","coordinates":[-1.8722003,50.7220958]},"properties":{"name":"Camel Bar","layer":"nightclubs","note":"OpenStreetMap","osm_id":"way/1209358278","osm_url":"https://www.openstreetmap.org/way/1209358278","source":"OpenStreetMap"}},{"type":"Feature","geometry":{"type":"Point","coordinates":[-1.8696469,50.722172]},"properties":{"name":"Sonny's Speakeasy","layer":"nightclubs","note":"OpenStreetMap","osm_id":"way/1209423102","osm_url":"https://www.openstreetmap.org/way/1209423102","source":"OpenStreetMap"}},{"type":"Feature","geometry":{"type":"Point","coordinates":[-1.2363829,54.573316]},"properties":{"name":"Disgraceland","layer":"nightclubs","note":"OpenStreetMap","osm_id":"way/1223337445","osm_url":"https://www.openstreetmap.org/way/1223337445","source":"OpenStreetMap"}},{"type":"Feature","geometry":{"type":"Point","coordinates":[-3.94761,51.6206104]},"properties":{"name":"PlanB","layer":"nightclubs","note":"OpenStreetMap","osm_id":"way/1223809063","osm_url":"https://www.openstreetmap.org/way/1223809063","source":"OpenStreetMap"}},{"type":"Feature","geometry":{"type":"Point","coordinates":[0.4617897,51.5839849]},"properties":{"name":"Unit 7","layer":"nightclubs","note":"REKOM UK","osm_id":"way/122524143","osm_url":"https://www.openstreetmap.org/way/122524143","source":"OpenStreetMap","brand":"REKOM UK"}},{"type":"Feature","geometry":{"type":"Point","coordinates":[-2.5962347,51.4536052]},"properties":{"name":"O'Neill's","layer":"nightclubs","note":"OpenStreetMap","osm_id":"way/123969941","osm_url":"https://www.openstreetmap.org/way/123969941","source":"OpenStreetMap"}},{"type":"Feature","geometry":{"type":"Point","coordinates":[-2.595292,51.4532582]},"properties":{"name":"Popworld","layer":"nightclubs","note":"Stonegate","osm_id":"way/123969955","osm_url":"https://www.openstreetmap.org/way/123969955","source":"OpenStreetMap","brand":"Stonegate"}},{"type":"Feature","geometry":{"type":"Point","coordinates":[-2.4535832,50.6096036]},"properties":{"name":"Chic","layer":"nightclubs","note":"OpenStreetMap","osm_id":"way/1240178905","osm_url":"https://www.openstreetmap.org/way/1240178905","source":"OpenStreetMap"}},{"type":"Feature","geometry":{"type":"Point","coordinates":[-4.086367,52.4138684]},"properties":{"name":"The Academy","layer":"nightclubs","note":"OpenStreetMap","osm_id":"way/1247450610","osm_url":"https://www.openstreetmap.org/way/1247450610","source":"OpenStreetMap"}},{"type":"Feature","geometry":{"type":"Point","coordinates":[-2.9818217,53.404173]},"properties":{"name":"Popworld","layer":"nightclubs","note":"Stonegate","osm_id":"way/1247828043","osm_url":"https://www.openstreetmap.org/way/1247828043","source":"OpenStreetMap","brand":"Stonegate"}},{"type":"Feature","geometry":{"type":"Point","coordinates":[-2.9811948,53.4037858]},"properties":{"name":"ELECTRIK WAREHOUSE","layer":"nightclubs","note":"OpenStreetMap","osm_id":"way/1247828048","osm_url":"https://www.openstreetmap.org/way/1247828048","source":"OpenStreetMap"}},{"type":"Feature","geometry":{"type":"Point","coordinates":[-1.5982293,55.1314306]},"properties":{"name":"Astons Late Bar","layer":"nightclubs","note":"OpenStreetMap","osm_id":"way/125214778","osm_url":"https://www.openstreetmap.org/way/125214778","source":"OpenStreetMap"}},{"type":"Feature","geometry":{"type":"Point","coordinates":[-1.1419366,52.9548198]},"properties":{"name":"NG-ONE","layer":"nightclubs","note":"OpenStreetMap","osm_id":"way/125402781","osm_url":"https://www.openstreetmap.org/way/125402781","source":"OpenStreetMap"}},{"type":"Feature","geometry":{"type":"Point","coordinates":[-0.615547,54.4854869]},"properties":{"name":"Crafty Cove","layer":"nightclubs","note":"OpenStreetMap","osm_id":"way/1257911467","osm_url":"https://www.openstreetmap.org/way/1257911467","source":"OpenStreetMap"}},{"type":"Feature","geometry":{"type":"Point","coordinates":[-2.5827902,51.4555149]},"properties":{"name":"Exchange","layer":"nightclubs","note":"OpenStreetMap","osm_id":"way/126148590","osm_url":"https://www.openstreetmap.org/way/126148590","source":"OpenStreetMap"}},{"type":"Feature","geometry":{"type":"Point","coordinates":[-3.0762094,53.1675209]},"properties":{"name":"The Tivoli","layer":"nightclubs","note":"OpenStreetMap","osm_id":"way/1270381648","osm_url":"https://www.openstreetmap.org/way/1270381648","source":"OpenStreetMap"}},{"type":"Feature","geometry":{"type":"Point","coordinates":[-3.7836409,56.0008468]},"properties":{"name":"XOXO","layer":"nightclubs","note":"OpenStreetMap","osm_id":"way/127386250","osm_url":"https://www.openstreetmap.org/way/127386250","source":"OpenStreetMap"}},{"type":"Feature","geometry":{"type":"Point","coordinates":[-0.4129506,51.8810874]},"properties":{"name":"The Bear Club","layer":"nightclubs","note":"OpenStreetMap","osm_id":"way/1275703898","osm_url":"https://www.openstreetmap.org/way/1275703898","source":"OpenStreetMap"}},{"type":"Feature","geometry":{"type":"Point","coordinates":[-1.4247905,53.237419]},"properties":{"name":"Vibe","layer":"nightclubs","note":"OpenStreetMap","osm_id":"way/1279133970","osm_url":"https://www.openstreetmap.org/way/1279133970","source":"OpenStreetMap"}},{"type":"Feature","geometry":{"type":"Point","coordinates":[-1.4793718,52.9224737]},"properties":{"name":"Nine","layer":"nightclubs","note":"OpenStreetMap","osm_id":"way/127934720","osm_url":"https://www.openstreetmap.org/way/127934720","source":"OpenStreetMap"}},{"type":"Feature","geometry":{"type":"Point","coordinates":[-1.7651706,52.4983139]},"properties":{"name":"Shard End No 1 Royal British Legion Club","layer":"nightclubs","note":"OpenStreetMap","osm_id":"way/128262458","osm_url":"https://www.openstreetmap.org/way/128262458","source":"OpenStreetMap"}},{"type":"Feature","geometry":{"type":"Point","coordinates":[-1.1943919,53.1437555]},"properties":{"name":"Urban","layer":"nightclubs","note":"OpenStreetMap","osm_id":"way/1284397921","osm_url":"https://www.openstreetmap.org/way/1284397921","source":"OpenStreetMap"}},{"type":"Feature","geometry":{"type":"Point","coordinates":[-2.5923802,51.4428934]},"properties":{"name":"Fiddlers Club","layer":"nightclubs","note":"OpenStreetMap","osm_id":"way/128872443","osm_url":"https://www.openstreetmap.org/way/128872443","source":"OpenStreetMap"}},{"type":"Feature","geometry":{"type":"Point","coordinates":[-0.0612509,51.4826378]},"properties":{"name":"Ruby Lounge","layer":"nightclubs","note":"OpenStreetMap","osm_id":"way/1296208910","osm_url":"https://www.openstreetmap.org/way/1296208910","source":"OpenStreetMap"}},{"type":"Feature","geometry":{"type":"Point","coordinates":[-2.2257437,53.0107122]},"properties":{"name":"The Foyer","layer":"nightclubs","note":"OpenStreetMap","osm_id":"way/1303294696","osm_url":"https://www.openstreetmap.org/way/1303294696","source":"OpenStreetMap"}},{"type":"Feature","geometry":{"type":"Point","coordinates":[0.5448158,52.3902674]},"properties":{"name":"Liberty Club (Grill & Bistro)","layer":"nightclubs","note":"OpenStreetMap","osm_id":"way/1303666255","osm_url":"https://www.openstreetmap.org/way/1303666255","source":"OpenStreetMap"}},{"type":"Feature","geometry":{"type":"Point","coordinates":[-1.7697,52.4981487]},"properties":{"name":"Shard End Social Club","layer":"nightclubs","note":"OpenStreetMap","osm_id":"way/130902173","osm_url":"https://www.openstreetmap.org/way/130902173","source":"OpenStreetMap"}},{"type":"Feature","geometry":{"type":"Point","coordinates":[-1.6090277,54.9678933]},"properties":{"name":"Riverside","layer":"nightclubs","note":"OpenStreetMap","osm_id":"way/131661180","osm_url":"https://www.openstreetmap.org/way/131661180","source":"OpenStreetMap"}},{"type":"Feature","geometry":{"type":"Point","coordinates":[-0.244564,51.5362981]},"properties":{"name":"Villa Nightclub","layer":"nightclubs","note":"OpenStreetMap","osm_id":"way/1316869006","osm_url":"https://www.openstreetmap.org/way/1316869006","source":"OpenStreetMap"}},{"type":"Feature","geometry":{"type":"Point","coordinates":[-3.0074894,51.1278344]},"properties":{"name":"BLISS Bridgwater","layer":"nightclubs","note":"OpenStreetMap","osm_id":"way/132976235","osm_url":"https://www.openstreetmap.org/way/132976235","source":"OpenStreetMap"}},{"type":"Feature","geometry":{"type":"Point","coordinates":[-3.0071869,51.1280171]},"properties":{"name":"The Gallery","layer":"nightclubs","note":"OpenStreetMap","osm_id":"way/132976237","osm_url":"https://www.openstreetmap.org/way/132976237","source":"OpenStreetMap"}},{"type":"Feature","geometry":{"type":"Point","coordinates":[-3.0083914,51.1272395]},"properties":{"name":"The Palace","layer":"nightclubs","note":"OpenStreetMap","osm_id":"way/133214248","osm_url":"https://www.openstreetmap.org/way/133214248","source":"OpenStreetMap"}},{"type":"Feature","geometry":{"type":"Point","coordinates":[-0.8131668,51.8181493]},"properties":{"name":"The Emperors Lounge","layer":"nightclubs","note":"OpenStreetMap","osm_id":"way/133868290","osm_url":"https://www.openstreetmap.org/way/133868290","source":"OpenStreetMap"}},{"type":"Feature","geometry":{"type":"Point","coordinates":[-0.896625,52.2362973]},"properties":{"name":"The Platform (UoN Student Union)","layer":"nightclubs","note":"University of Northampton Student Union","osm_id":"way/135154547","osm_url":"https://www.openstreetmap.org/way/135154547","source":"OpenStreetMap","brand":"University of Northampton Student Union"}},{"type":"Feature","geometry":{"type":"Point","coordinates":[-4.790127,50.3384119]},"properties":{"name":"The Club","layer":"nightclubs","note":"OpenStreetMap","osm_id":"way/1370379334","osm_url":"https://www.openstreetmap.org/way/1370379334","source":"OpenStreetMap"}},{"type":"Feature","geometry":{"type":"Point","coordinates":[-1.8833159,52.4759568]},"properties":{"name":"Golf Fang","layer":"nightclubs","note":"OpenStreetMap","osm_id":"way/137322607","osm_url":"https://www.openstreetmap.org/way/137322607","source":"OpenStreetMap"}},{"type":"Feature","geometry":{"type":"Point","coordinates":[-0.1364042,50.8201611]},"properties":{"name":"Club Revenge","layer":"nightclubs","note":"OpenStreetMap","osm_id":"way/137389409","osm_url":"https://www.openstreetmap.org/way/137389409","source":"OpenStreetMap"}},{"type":"Feature","geometry":{"type":"Point","coordinates":[-0.1206616,51.5306106]},"properties":{"name":"Scala","layer":"nightclubs","note":"OpenStreetMap","osm_id":"way/137825939","osm_url":"https://www.openstreetmap.org/way/137825939","source":"OpenStreetMap"}},{"type":"Feature","geometry":{"type":"Point","coordinates":[1.1851968,51.0806508]},"properties":{"name":"Party Bar","layer":"nightclubs","note":"OpenStreetMap","osm_id":"way/1378699984","osm_url":"https://www.openstreetmap.org/way/1378699984","source":"OpenStreetMap"}},{"type":"Feature","geometry":{"type":"Point","coordinates":[-2.1780814,53.0276259]},"properties":{"name":"Gossip","layer":"nightclubs","note":"OpenStreetMap","osm_id":"way/1383650515","osm_url":"https://www.openstreetmap.org/way/1383650515","source":"OpenStreetMap"}},{"type":"Feature","geometry":{"type":"Point","coordinates":[0.3003113,51.6201374]},"properties":{"name":"Sugar Hut","layer":"nightclubs","note":"OpenStreetMap","osm_id":"way/1396481727","osm_url":"https://www.openstreetmap.org/way/1396481727","source":"OpenStreetMap"}},{"type":"Feature","geometry":{"type":"Point","coordinates":[-1.9576745,52.4426806]},"properties":{"name":"Avenue Members Club","layer":"nightclubs","note":"OpenStreetMap","osm_id":"way/140219094","osm_url":"https://www.openstreetmap.org/way/140219094","source":"OpenStreetMap"}},{"type":"Feature","geometry":{"type":"Point","coordinates":[-1.830447,52.4627275]},"properties":{"name":"Hay Mills Social Club","layer":"nightclubs","note":"OpenStreetMap","osm_id":"way/140689294","osm_url":"https://www.openstreetmap.org/way/140689294","source":"OpenStreetMap"}},{"type":"Feature","geometry":{"type":"Point","coordinates":[-2.4668778,56.7085389]},"properties":{"name":"Nightclub","layer":"nightclubs","note":"OpenStreetMap","osm_id":"way/1416065127","osm_url":"https://www.openstreetmap.org/way/1416065127","source":"OpenStreetMap"}},{"type":"Feature","geometry":{"type":"Point","coordinates":[-1.9905561,52.4562423]},"properties":{"name":"Royal British Legion","layer":"nightclubs","note":"OpenStreetMap","osm_id":"way/141671331","osm_url":"https://www.openstreetmap.org/way/141671331","source":"OpenStreetMap"}},{"type":"Feature","geometry":{"type":"Point","coordinates":[-3.7795261,55.9992118]},"properties":{"name":"Maniqui","layer":"nightclubs","note":"OpenStreetMap","osm_id":"way/142410908","osm_url":"https://www.openstreetmap.org/way/142410908","source":"OpenStreetMap"}},{"type":"Feature","geometry":{"type":"Point","coordinates":[-1.3546312,54.508905]},"properties":{"name":"The Keys Nightclub","layer":"nightclubs","note":"OpenStreetMap","osm_id":"way/1433584573","osm_url":"https://www.openstreetmap.org/way/1433584573","source":"OpenStreetMap"}},{"type":"Feature","geometry":{"type":"Point","coordinates":[1.076881,51.2744158]},"properties":{"name":"Club Chemistry","layer":"nightclubs","note":"OpenStreetMap","osm_id":"way/145609322","osm_url":"https://www.openstreetmap.org/way/145609322","source":"OpenStreetMap"}},{"type":"Feature","geometry":{"type":"Point","coordinates":[-1.7378313,52.6442797]},"properties":{"name":"Coton & Hopwas Social Club","layer":"nightclubs","note":"OpenStreetMap","osm_id":"way/145796666","osm_url":"https://www.openstreetmap.org/way/145796666","source":"OpenStreetMap"}},{"type":"Feature","geometry":{"type":"Point","coordinates":[-3.0545983,53.8193251]},"properties":{"name":"Trilogy","layer":"nightclubs","note":"OpenStreetMap","osm_id":"way/146610673","osm_url":"https://www.openstreetmap.org/way/146610673","source":"OpenStreetMap"}},{"type":"Feature","geometry":{"type":"Point","coordinates":[-3.0552538,53.8179563]},"properties":{"name":"Brannigans","layer":"nightclubs","note":"OpenStreetMap","osm_id":"way/146610678","osm_url":"https://www.openstreetmap.org/way/146610678","source":"OpenStreetMap"}},{"type":"Feature","geometry":{"type":"Point","coordinates":[-3.0551856,53.8194429]},"properties":{"name":"Popworld","layer":"nightclubs","note":"Stonegate","osm_id":"way/146615133","osm_url":"https://www.openstreetmap.org/way/146615133","source":"OpenStreetMap","brand":"Stonegate"}},{"type":"Feature","geometry":{"type":"Point","coordinates":[-1.2674022,52.8963603]},"properties":{"name":"Manhattans","layer":"nightclubs","note":"OpenStreetMap","osm_id":"way/147097792","osm_url":"https://www.openstreetmap.org/way/147097792","source":"OpenStreetMap"}},{"type":"Feature","geometry":{"type":"Point","coordinates":[-1.7574235,53.7947097]},"properties":{"name":"Cheekiez","layer":"nightclubs","note":"OpenStreetMap","osm_id":"way/1474907147","osm_url":"https://www.openstreetmap.org/way/1474907147","source":"OpenStreetMap"}},{"type":"Feature","geometry":{"type":"Point","coordinates":[-1.9418073,52.3081225]},"properties":{"name":"Area","layer":"nightclubs","note":"OpenStreetMap","osm_id":"way/148532116","osm_url":"https://www.openstreetmap.org/way/148532116","source":"OpenStreetMap"}},{"type":"Feature","geometry":{"type":"Point","coordinates":[-1.4697375,52.4795556]},"properties":{"name":"Jacks Club","layer":"nightclubs","note":"OpenStreetMap","osm_id":"way/150628518","osm_url":"https://www.openstreetmap.org/way/150628518","source":"OpenStreetMap"}},{"type":"Feature","geometry":{"type":"Point","coordinates":[-2.0174718,53.9594473]},"properties":{"name":"Kooky Nightclub","layer":"nightclubs","note":"OpenStreetMap","osm_id":"way/153811310","osm_url":"https://www.openstreetmap.org/way/153811310","source":"OpenStreetMap"}},{"type":"Feature","geometry":{"type":"Point","coordinates":[-1.9098911,53.8655292]},"properties":{"name":"K2","layer":"nightclubs","note":"OpenStreetMap","osm_id":"way/154045693","osm_url":"https://www.openstreetmap.org/way/154045693","source":"OpenStreetMap"}},{"type":"Feature","geometry":{"type":"Point","coordinates":[-6.6838334,53.6524428]},"properties":{"name":"The Palace","layer":"nightclubs","note":"OpenStreetMap","osm_id":"way/154859683","osm_url":"https://www.openstreetmap.org/way/154859683","source":"OpenStreetMap"}},{"type":"Feature","geometry":{"type":"Point","coordinates":[-2.9810234,53.4036461]},"properties":{"name":"Fusion","layer":"nightclubs","note":"OpenStreetMap","osm_id":"way/1553553217","osm_url":"https://www.openstreetmap.org/way/1553553217","source":"OpenStreetMap"}},{"type":"Feature","geometry":{"type":"Point","coordinates":[-0.0858325,51.5254793]},"properties":{"name":"XOYO","layer":"nightclubs","note":"OpenStreetMap","osm_id":"way/155362965","osm_url":"https://www.openstreetmap.org/way/155362965","source":"OpenStreetMap"}},{"type":"Feature","geometry":{"type":"Point","coordinates":[-2.0034281,52.4341333]},"properties":{"name":"Bartley Green Social Club","layer":"nightclubs","note":"OpenStreetMap","osm_id":"way/156358442","osm_url":"https://www.openstreetmap.org/way/156358442","source":"OpenStreetMap"}},{"type":"Feature","geometry":{"type":"Point","coordinates":[-0.0833391,51.5257101]},"properties":{"name":"Basement Club","layer":"nightclubs","note":"OpenStreetMap","osm_id":"way/157236271","osm_url":"https://www.openstreetmap.org/way/157236271","source":"OpenStreetMap"}},{"type":"Feature","geometry":{"type":"Point","coordinates":[-1.7383455,52.3916976]},"properties":{"name":"Royal British Legion","layer":"nightclubs","note":"OpenStreetMap","osm_id":"way/157725096","osm_url":"https://www.openstreetmap.org/way/157725096","source":"OpenStreetMap"}},{"type":"Feature","geometry":{"type":"Point","coordinates":[-1.3960754,50.9160904]},"properties":{"name":"5 Rivers","layer":"nightclubs","note":"OpenStreetMap","osm_id":"way/159255399","osm_url":"https://www.openstreetmap.org/way/159255399","source":"OpenStreetMap"}},{"type":"Feature","geometry":{"type":"Point","coordinates":[-1.9602768,52.3941053]},"properties":{"name":"West Heath Snooker Club","layer":"nightclubs","note":"OpenStreetMap","osm_id":"way/160935854","osm_url":"https://www.openstreetmap.org/way/160935854","source":"OpenStreetMap"}},{"type":"Feature","geometry":{"type":"Point","coordinates":[-1.7890147,52.5054321]},"properties":{"name":"The Remembrance Club Ltd","layer":"nightclubs","note":"OpenStreetMap","osm_id":"way/162544479","osm_url":"https://www.openstreetmap.org/way/162544479","source":"OpenStreetMap"}},{"type":"Feature","geometry":{"type":"Point","coordinates":[-2.0264963,52.4838694]},"properties":{"name":"York Road Sport & Social Club","layer":"nightclubs","note":"OpenStreetMap","osm_id":"way/162903497","osm_url":"https://www.openstreetmap.org/way/162903497","source":"OpenStreetMap"}},{"type":"Feature","geometry":{"type":"Point","coordinates":[-1.8015854,52.5009312]},"properties":{"name":"The Firs Members Club","layer":"nightclubs","note":"OpenStreetMap","osm_id":"way/162997583","osm_url":"https://www.openstreetmap.org/way/162997583","source":"OpenStreetMap"}},{"type":"Feature","geometry":{"type":"Point","coordinates":[-1.8188349,52.5067287]},"properties":{"name":"Bromford Residents Club","layer":"nightclubs","note":"OpenStreetMap","osm_id":"way/163190998","osm_url":"https://www.openstreetmap.org/way/163190998","source":"OpenStreetMap"}},{"type":"Feature","geometry":{"type":"Point","coordinates":[-1.8179192,52.5064682]},"properties":{"name":"Bromford Bridge Members Club","layer":"nightclubs","note":"OpenStreetMap","osm_id":"way/163191000","osm_url":"https://www.openstreetmap.org/way/163191000","source":"OpenStreetMap"}},{"type":"Feature","geometry":{"type":"Point","coordinates":[-0.3369831,51.7546921]},"properties":{"name":"Club Veeda","layer":"nightclubs","note":"OpenStreetMap","osm_id":"way/163992997","osm_url":"https://www.openstreetmap.org/way/163992997","source":"OpenStreetMap"}},{"type":"Feature","geometry":{"type":"Point","coordinates":[-0.3358872,51.751267]},"properties":{"name":"Havana","layer":"nightclubs","note":"OpenStreetMap","osm_id":"way/164165377","osm_url":"https://www.openstreetmap.org/way/164165377","source":"OpenStreetMap"}},{"type":"Feature","geometry":{"type":"Point","coordinates":[-0.0781053,51.5289008]},"properties":{"name":"Basing House","layer":"nightclubs","note":"OpenStreetMap","osm_id":"way/164483488","osm_url":"https://www.openstreetmap.org/way/164483488","source":"OpenStreetMap"}},{"type":"Feature","geometry":{"type":"Point","coordinates":[-4.2966057,55.8698229]},"properties":{"name":"Wunderbar","layer":"nightclubs","note":"OpenStreetMap","osm_id":"way/165771361","osm_url":"https://www.openstreetmap.org/way/165771361","source":"OpenStreetMap"}},{"type":"Feature","geometry":{"type":"Point","coordinates":[-1.3951651,50.918298]},"properties":{"name":"Jesters","layer":"nightclubs","note":"OpenStreetMap","osm_id":"way/165825954","osm_url":"https://www.openstreetmap.org/way/165825954","source":"OpenStreetMap"}},{"type":"Feature","geometry":{"type":"Point","coordinates":[-2.0796055,51.8988784]},"properties":{"name":"Home & Botanic","layer":"nightclubs","note":"OpenStreetMap","osm_id":"way/165964352","osm_url":"https://www.openstreetmap.org/way/165964352","source":"OpenStreetMap"}},{"type":"Feature","geometry":{"type":"Point","coordinates":[-2.0770544,51.8980967]},"properties":{"name":"Maggie's","layer":"nightclubs","note":"OpenStreetMap","osm_id":"way/166116468","osm_url":"https://www.openstreetmap.org/way/166116468","source":"OpenStreetMap"}},{"type":"Feature","geometry":{"type":"Point","coordinates":[-2.0767136,51.8979447]},"properties":{"name":"MooMoo","layer":"nightclubs","note":"OpenStreetMap","osm_id":"way/166116502","osm_url":"https://www.openstreetmap.org/way/166116502","source":"OpenStreetMap"}},{"type":"Feature","geometry":{"type":"Point","coordinates":[-1.5810004,54.9714776]},"properties":{"name":"Warehouse 34","layer":"nightclubs","note":"OpenStreetMap","osm_id":"way/166850022","osm_url":"https://www.openstreetmap.org/way/166850022","source":"OpenStreetMap"}},{"type":"Feature","geometry":{"type":"Point","coordinates":[-1.4044999,50.9090951]},"properties":{"name":"Cafe Parfait","layer":"nightclubs","note":"OpenStreetMap","osm_id":"way/168802132","osm_url":"https://www.openstreetmap.org/way/168802132","source":"OpenStreetMap"}},{"type":"Feature","geometry":{"type":"Point","coordinates":[-1.4040619,50.9121944]},"properties":{"name":"Trilogy Nightclub","layer":"nightclubs","note":"OpenStreetMap","osm_id":"way/168802779","osm_url":"https://www.openstreetmap.org/way/168802779","source":"OpenStreetMap"}},{"type":"Feature","geometry":{"type":"Point","coordinates":[-1.4045336,50.9123672]},"properties":{"name":"Budda Lounge","layer":"nightclubs","note":"OpenStreetMap","osm_id":"way/168803968","osm_url":"https://www.openstreetmap.org/way/168803968","source":"OpenStreetMap"}},{"type":"Feature","geometry":{"type":"Point","coordinates":[-1.4052868,50.9124324]},"properties":{"name":"Pop World","layer":"nightclubs","note":"Stonegate","osm_id":"way/168803972","osm_url":"https://www.openstreetmap.org/way/168803972","source":"OpenStreetMap","brand":"Stonegate"}},{"type":"Feature","geometry":{"type":"Point","coordinates":[-1.1499827,52.954684]},"properties":{"name":"Ink","layer":"nightclubs","note":"OpenStreetMap","osm_id":"way/169735440","osm_url":"https://www.openstreetmap.org/way/169735440","source":"OpenStreetMap"}},{"type":"Feature","geometry":{"type":"Point","coordinates":[1.3001883,52.6298008]},"properties":{"name":"Bar & Beyond","layer":"nightclubs","note":"OpenStreetMap","osm_id":"way/170316357","osm_url":"https://www.openstreetmap.org/way/170316357","source":"OpenStreetMap"}},{"type":"Feature","geometry":{"type":"Point","coordinates":[0.7326263,52.0396056]},"properties":{"name":"Infinity","layer":"nightclubs","note":"OpenStreetMap","osm_id":"way/170919800","osm_url":"https://www.openstreetmap.org/way/170919800","source":"OpenStreetMap"}},{"type":"Feature","geometry":{"type":"Point","coordinates":[-3.056122,52.8598583]},"properties":{"name":"Gibsons","layer":"nightclubs","note":"OpenStreetMap","osm_id":"way/171501259","osm_url":"https://www.openstreetmap.org/way/171501259","source":"OpenStreetMap"}},{"type":"Feature","geometry":{"type":"Point","coordinates":[-0.0845771,51.5230208]},"properties":{"name":"Shoreditch Townhouse","layer":"nightclubs","note":"OpenStreetMap","osm_id":"way/173037429","osm_url":"https://www.openstreetmap.org/way/173037429","source":"OpenStreetMap"}},{"type":"Feature","geometry":{"type":"Point","coordinates":[-1.7066701,52.4975166]},"properties":{"name":"Coleshill & District Social Club","layer":"nightclubs","note":"OpenStreetMap","osm_id":"way/173956210","osm_url":"https://www.openstreetmap.org/way/173956210","source":"OpenStreetMap"}},{"type":"Feature","geometry":{"type":"Point","coordinates":[-1.860269,52.520395]},"properties":{"name":"Brookvale Social Club","layer":"nightclubs","note":"OpenStreetMap","osm_id":"way/176359686","osm_url":"https://www.openstreetmap.org/way/176359686","source":"OpenStreetMap"}},{"type":"Feature","geometry":{"type":"Point","coordinates":[-3.0538985,52.8596323]},"properties":{"name":"Desire Nightclub","layer":"nightclubs","note":"OpenStreetMap","osm_id":"way/176664171","osm_url":"https://www.openstreetmap.org/way/176664171","source":"OpenStreetMap"}},{"type":"Feature","geometry":{"type":"Point","coordinates":[0.6973746,51.2427297]},"properties":{"name":"Nightclub","layer":"nightclubs","note":"OpenStreetMap","osm_id":"way/179041395","osm_url":"https://www.openstreetmap.org/way/179041395","source":"OpenStreetMap"}},{"type":"Feature","geometry":{"type":"Point","coordinates":[-2.884938,53.5661724]},"properties":{"name":"The Loft","layer":"nightclubs","note":"OpenStreetMap","osm_id":"way/183437435","osm_url":"https://www.openstreetmap.org/way/183437435","source":"OpenStreetMap"}},{"type":"Feature","geometry":{"type":"Point","coordinates":[-0.4080962,52.995963]},"properties":{"name":"Reel Nightclub","layer":"nightclubs","note":"OpenStreetMap","osm_id":"way/185782231","osm_url":"https://www.openstreetmap.org/way/185782231","source":"OpenStreetMap"}},{"type":"Feature","geometry":{"type":"Point","coordinates":[-1.3992662,50.9135053]},"properties":{"name":"Suburbia","layer":"nightclubs","note":"OpenStreetMap","osm_id":"way/189877365","osm_url":"https://www.openstreetmap.org/way/189877365","source":"OpenStreetMap"}},{"type":"Feature","geometry":{"type":"Point","coordinates":[-1.3196448,52.2442728]},"properties":{"name":"Victory Club","layer":"nightclubs","note":"OpenStreetMap","osm_id":"way/190209580","osm_url":"https://www.openstreetmap.org/way/190209580","source":"OpenStreetMap"}},{"type":"Feature","geometry":{"type":"Point","coordinates":[-0.041071,51.5125386]},"properties":{"name":"The White Swan","layer":"nightclubs","note":"OpenStreetMap","osm_id":"way/190701335","osm_url":"https://www.openstreetmap.org/way/190701335","source":"OpenStreetMap"}},{"type":"Feature","geometry":{"type":"Point","coordinates":[-0.0439969,51.5127339]},"properties":{"name":"Troxy","layer":"nightclubs","note":"OpenStreetMap","osm_id":"way/190715113","osm_url":"https://www.openstreetmap.org/way/190715113","source":"OpenStreetMap"}},{"type":"Feature","geometry":{"type":"Point","coordinates":[-3.5285621,50.7257013]},"properties":{"name":"Timepiece","layer":"nightclubs","note":"OpenStreetMap","osm_id":"way/191449760","osm_url":"https://www.openstreetmap.org/way/191449760","source":"OpenStreetMap"}},{"type":"Feature","geometry":{"type":"Point","coordinates":[-1.0883582,51.2622298]},"properties":{"name":"Labyrinth","layer":"nightclubs","note":"OpenStreetMap","osm_id":"way/192500777","osm_url":"https://www.openstreetmap.org/way/192500777","source":"OpenStreetMap"}},{"type":"Feature","geometry":{"type":"Point","coordinates":[-1.6273767,53.7115417]},"properties":{"name":"Deco","layer":"nightclubs","note":"OpenStreetMap","osm_id":"way/192621591","osm_url":"https://www.openstreetmap.org/way/192621591","source":"OpenStreetMap"}},{"type":"Feature","geometry":{"type":"Point","coordinates":[-1.7350452,52.4890578]},"properties":{"name":"Chelmsley Wood Royal British Legion Club","layer":"nightclubs","note":"OpenStreetMap","osm_id":"way/193546060","osm_url":"https://www.openstreetmap.org/way/193546060","source":"OpenStreetMap"}},{"type":"Feature","geometry":{"type":"Point","coordinates":[-2.9804124,53.3943872]},"properties":{"name":"Camp and Furnace","layer":"nightclubs","note":"OpenStreetMap","osm_id":"way/196782622","osm_url":"https://www.openstreetmap.org/way/196782622","source":"OpenStreetMap"}},{"type":"Feature","geometry":{"type":"Point","coordinates":[-0.1023232,51.372733]},"properties":{"name":"The Granaries","layer":"nightclubs","note":"OpenStreetMap","osm_id":"way/198354802","osm_url":"https://www.openstreetmap.org/way/198354802","source":"OpenStreetMap"}},{"type":"Feature","geometry":{"type":"Point","coordinates":[-0.0993325,51.3734705]},"properties":{"name":"Palm Beach Club","layer":"nightclubs","note":"OpenStreetMap","osm_id":"way/198678844","osm_url":"https://www.openstreetmap.org/way/198678844","source":"OpenStreetMap"}},{"type":"Feature","geometry":{"type":"Point","coordinates":[-2.7491611,52.7122713]},"properties":{"name":"The Buttermarket","layer":"nightclubs","note":"OpenStreetMap","osm_id":"way/202776503","osm_url":"https://www.openstreetmap.org/way/202776503","source":"OpenStreetMap"}},{"type":"Feature","geometry":{"type":"Point","coordinates":[-0.0786315,51.5235608]},"properties":{"name":"Village Underground","layer":"nightclubs","note":"OpenStreetMap","osm_id":"way/205296759","osm_url":"https://www.openstreetmap.org/way/205296759","source":"OpenStreetMap"}},{"type":"Feature","geometry":{"type":"Point","coordinates":[-0.2677302,51.4926248]},"properties":{"name":"Living Room (At the Chiswick)","layer":"nightclubs","note":"OpenStreetMap","osm_id":"way/205697246","osm_url":"https://www.openstreetmap.org/way/205697246","source":"OpenStreetMap"}},{"type":"Feature","geometry":{"type":"Point","coordinates":[-1.5034436,52.412977]},"properties":{"name":"Kasbah","layer":"nightclubs","note":"OpenStreetMap","osm_id":"way/209355096","osm_url":"https://www.openstreetmap.org/way/209355096","source":"OpenStreetMap"}},{"type":"Feature","geometry":{"type":"Point","coordinates":[-1.1534024,52.9562753]},"properties":{"name":"Stealth","layer":"nightclubs","note":"OpenStreetMap","osm_id":"way/210366077","osm_url":"https://www.openstreetmap.org/way/210366077","source":"OpenStreetMap"}},{"type":"Feature","geometry":{"type":"Point","coordinates":[-3.5445145,55.9016715]},"properties":{"name":"Grand Central","layer":"nightclubs","note":"OpenStreetMap","osm_id":"way/215306337","osm_url":"https://www.openstreetmap.org/way/215306337","source":"OpenStreetMap"}},{"type":"Feature","geometry":{"type":"Point","coordinates":[-3.0579003,53.3280968]},"properties":{"name":"Nightclub","layer":"nightclubs","note":"OpenStreetMap","osm_id":"way/216542770","osm_url":"https://www.openstreetmap.org/way/216542770","source":"OpenStreetMap"}},{"type":"Feature","geometry":{"type":"Point","coordinates":[-3.5343894,50.7222085]},"properties":{"name":"Fever & Boutique","layer":"nightclubs","note":"OpenStreetMap","osm_id":"way/222032187","osm_url":"https://www.openstreetmap.org/way/222032187","source":"OpenStreetMap"}},{"type":"Feature","geometry":{"type":"Point","coordinates":[-3.8320517,53.3266004]},"properties":{"name":"Club 147","layer":"nightclubs","note":"OpenStreetMap","osm_id":"way/223308907","osm_url":"https://www.openstreetmap.org/way/223308907","source":"OpenStreetMap"}},{"type":"Feature","geometry":{"type":"Point","coordinates":[-1.7770862,52.3496904]},"properties":{"name":"King George VI Memorial Hall and Hockley Heath Social Club","layer":"nightclubs","note":"OpenStreetMap","osm_id":"way/223409801","osm_url":"https://www.openstreetmap.org/way/223409801","source":"OpenStreetMap"}},{"type":"Feature","geometry":{"type":"Point","coordinates":[-1.9587872,52.3514325]},"properties":{"name":"Alvechurch Sports & Social Club","layer":"nightclubs","note":"OpenStreetMap","osm_id":"way/224759633","osm_url":"https://www.openstreetmap.org/way/224759633","source":"OpenStreetMap"}},{"type":"Feature","geometry":{"type":"Point","coordinates":[-0.1381721,51.5347428]},"properties":{"name":"KOKO","layer":"nightclubs","note":"OpenStreetMap","osm_id":"way/225465155","osm_url":"https://www.openstreetmap.org/way/225465155","source":"OpenStreetMap"}},{"type":"Feature","geometry":{"type":"Point","coordinates":[0.3344365,53.2160725]},"properties":{"name":"Club Tropicana","layer":"nightclubs","note":"OpenStreetMap","osm_id":"way/230896009","osm_url":"https://www.openstreetmap.org/way/230896009","source":"OpenStreetMap"}},{"type":"Feature","geometry":{"type":"Point","coordinates":[-6.6505044,55.2058133]},"properties":{"name":"The Arcadia","layer":"nightclubs","note":"OpenStreetMap","osm_id":"way/231997173","osm_url":"https://www.openstreetmap.org/way/231997173","source":"OpenStreetMap"}},{"type":"Feature","geometry":{"type":"Point","coordinates":[-0.5382213,53.2301999]},"properties":{"name":"Moka and Shack","layer":"nightclubs","note":"OpenStreetMap","osm_id":"way/234185519","osm_url":"https://www.openstreetmap.org/way/234185519","source":"OpenStreetMap"}},{"type":"Feature","geometry":{"type":"Point","coordinates":[-0.1189007,50.8177788]},"properties":{"name":"The Hanbury","layer":"nightclubs","note":"OpenStreetMap","osm_id":"way/234321326","osm_url":"https://www.openstreetmap.org/way/234321326","source":"OpenStreetMap"}},{"type":"Feature","geometry":{"type":"Point","coordinates":[-1.515673,53.7971258]},"properties":{"name":"The Irish Centre","layer":"nightclubs","note":"OpenStreetMap","osm_id":"way/240007976","osm_url":"https://www.openstreetmap.org/way/240007976","source":"OpenStreetMap"}},{"type":"Feature","geometry":{"type":"Point","coordinates":[-0.3257327,53.7475955]},"properties":{"name":"Old School House","layer":"nightclubs","note":"OpenStreetMap","osm_id":"way/240521543","osm_url":"https://www.openstreetmap.org/way/240521543","source":"OpenStreetMap"}},{"type":"Feature","geometry":{"type":"Point","coordinates":[-0.3251673,53.7480611]},"properties":{"name":"Shakers","layer":"nightclubs","note":"OpenStreetMap","osm_id":"way/240521550","osm_url":"https://www.openstreetmap.org/way/240521550","source":"OpenStreetMap"}},{"type":"Feature","geometry":{"type":"Point","coordinates":[-4.1501953,50.3695494]},"properties":{"name":"Level 33","layer":"nightclubs","note":"OpenStreetMap","osm_id":"way/241096887","osm_url":"https://www.openstreetmap.org/way/241096887","source":"OpenStreetMap"}},{"type":"Feature","geometry":{"type":"Point","coordinates":[-4.1499599,50.3696229]},"properties":{"name":"The Depo","layer":"nightclubs","note":"OpenStreetMap","osm_id":"way/241096893","osm_url":"https://www.openstreetmap.org/way/241096893","source":"OpenStreetMap"}},{"type":"Feature","geometry":{"type":"Point","coordinates":[1.3030436,52.6286251]},"properties":{"name":"Qube","layer":"nightclubs","note":"OpenStreetMap","osm_id":"way/242049088","osm_url":"https://www.openstreetmap.org/way/242049088","source":"OpenStreetMap"}},{"type":"Feature","geometry":{"type":"Point","coordinates":[1.3031143,52.6285288]},"properties":{"name":"Loft","layer":"nightclubs","note":"OpenStreetMap","osm_id":"way/242049091","osm_url":"https://www.openstreetmap.org/way/242049091","source":"OpenStreetMap"}},{"type":"Feature","geometry":{"type":"Point","coordinates":[-1.5894622,52.2812619]},"properties":{"name":"Warwick Conservative Club","layer":"nightclubs","note":"OpenStreetMap","osm_id":"way/244092623","osm_url":"https://www.openstreetmap.org/way/244092623","source":"OpenStreetMap"}},{"type":"Feature","geometry":{"type":"Point","coordinates":[-1.5890923,52.4817234]},"properties":{"name":"Fillongley Social Club","layer":"nightclubs","note":"OpenStreetMap","osm_id":"way/244662497","osm_url":"https://www.openstreetmap.org/way/244662497","source":"OpenStreetMap"}},{"type":"Feature","geometry":{"type":"Point","coordinates":[-2.6072998,51.4561611]},"properties":{"name":"La Rocca","layer":"nightclubs","note":"OpenStreetMap","osm_id":"way/249628891","osm_url":"https://www.openstreetmap.org/way/249628891","source":"OpenStreetMap"}},{"type":"Feature","geometry":{"type":"Point","coordinates":[-2.6072459,51.4565043]},"properties":{"name":"Lola Lo","layer":"nightclubs","note":"OpenStreetMap","osm_id":"way/252983544","osm_url":"https://www.openstreetmap.org/way/252983544","source":"OpenStreetMap"}},{"type":"Feature","geometry":{"type":"Point","coordinates":[-1.510148,52.4117439]},"properties":{"name":"Nightclub","layer":"nightclubs","note":"OpenStreetMap","osm_id":"way/25372978","osm_url":"https://www.openstreetmap.org/way/25372978","source":"OpenStreetMap"}},{"type":"Feature","geometry":{"type":"Point","coordinates":[-3.0197141,53.3905865]},"properties":{"name":"Club LQD","layer":"nightclubs","note":"OpenStreetMap","osm_id":"way/254467869","osm_url":"https://www.openstreetmap.org/way/254467869","source":"OpenStreetMap"}},{"type":"Feature","geometry":{"type":"Point","coordinates":[-6.7506716,54.6339028]},"properties":{"name":"Sense Nightclub","layer":"nightclubs","note":"OpenStreetMap","osm_id":"way/255015732","osm_url":"https://www.openstreetmap.org/way/255015732","source":"OpenStreetMap"}},{"type":"Feature","geometry":{"type":"Point","coordinates":[-5.9285433,54.5928635]},"properties":{"name":"The Limelight","layer":"nightclubs","note":"MCD / Shine Productions","osm_id":"way/256651844","osm_url":"https://www.openstreetmap.org/way/256651844","source":"OpenStreetMap","brand":"MCD / Shine Productions"}},{"type":"Feature","geometry":{"type":"Point","coordinates":[1.3020967,52.6294113]},"properties":{"name":"mojo's","layer":"nightclubs","note":"OpenStreetMap","osm_id":"way/257360112","osm_url":"https://www.openstreetmap.org/way/257360112","source":"OpenStreetMap"}},{"type":"Feature","geometry":{"type":"Point","coordinates":[-7.8613469,53.9215733]},"properties":{"name":"Planxty Maguires","layer":"nightclubs","note":"OpenStreetMap","osm_id":"way/257565708","osm_url":"https://www.openstreetmap.org/way/257565708","source":"OpenStreetMap"}},{"type":"Feature","geometry":{"type":"Point","coordinates":[-1.9785104,52.5846252]},"properties":{"name":"WS1","layer":"nightclubs","note":"OpenStreetMap","osm_id":"way/260070337","osm_url":"https://www.openstreetmap.org/way/260070337","source":"OpenStreetMap"}},{"type":"Feature","geometry":{"type":"Point","coordinates":[-2.607288,51.4570637]},"properties":{"name":"Lizard Lounge","layer":"nightclubs","note":"OpenStreetMap","osm_id":"way/261007867","osm_url":"https://www.openstreetmap.org/way/261007867","source":"OpenStreetMap"}},{"type":"Feature","geometry":{"type":"Point","coordinates":[-6.4014061,54.0029076]},"properties":{"name":"Silent","layer":"nightclubs","note":"OpenStreetMap","osm_id":"way/264895839","osm_url":"https://www.openstreetmap.org/way/264895839","source":"OpenStreetMap"}},{"type":"Feature","geometry":{"type":"Point","coordinates":[0.6076496,51.5871851]},"properties":{"name":"Pink Toothbrush","layer":"nightclubs","note":"OpenStreetMap","osm_id":"way/268476810","osm_url":"https://www.openstreetmap.org/way/268476810","source":"OpenStreetMap"}},{"type":"Feature","geometry":{"type":"Point","coordinates":[-2.9819286,53.3973824]},"properties":{"name":"24 Kitchen Street","layer":"nightclubs","note":"OpenStreetMap","osm_id":"way/268974293","osm_url":"https://www.openstreetmap.org/way/268974293","source":"OpenStreetMap"}},{"type":"Feature","geometry":{"type":"Point","coordinates":[-0.0720755,51.5207908]},"properties":{"name":"Café 1001","layer":"nightclubs","note":"OpenStreetMap","osm_id":"way/270424942","osm_url":"https://www.openstreetmap.org/way/270424942","source":"OpenStreetMap"}},{"type":"Feature","geometry":{"type":"Point","coordinates":[-2.6112566,51.4686712]},"properties":{"name":"Redland Club","layer":"nightclubs","note":"OpenStreetMap","osm_id":"way/277783065","osm_url":"https://www.openstreetmap.org/way/277783065","source":"OpenStreetMap"}},{"type":"Feature","geometry":{"type":"Point","coordinates":[-2.6349663,53.5456625]},"properties":{"name":"Independence","layer":"nightclubs","note":"OpenStreetMap","osm_id":"way/278355089","osm_url":"https://www.openstreetmap.org/way/278355089","source":"OpenStreetMap"}},{"type":"Feature","geometry":{"type":"Point","coordinates":[-2.1445424,52.4543944]},"properties":{"name":"Moochers","layer":"nightclubs","note":"OpenStreetMap","osm_id":"way/278769515","osm_url":"https://www.openstreetmap.org/way/278769515","source":"OpenStreetMap"}},{"type":"Feature","geometry":{"type":"Point","coordinates":[-2.1452074,52.4557675]},"properties":{"name":"Chicago's","layer":"nightclubs","note":"OpenStreetMap","osm_id":"way/27924758","osm_url":"https://www.openstreetmap.org/way/27924758","source":"OpenStreetMap"}},{"type":"Feature","geometry":{"type":"Point","coordinates":[-2.8882113,53.1902108]},"properties":{"name":"Red Door","layer":"nightclubs","note":"OpenStreetMap","osm_id":"way/279299103","osm_url":"https://www.openstreetmap.org/way/279299103","source":"OpenStreetMap"}},{"type":"Feature","geometry":{"type":"Point","coordinates":[1.0671514,51.2958197]},"properties":{"name":"The Venue","layer":"nightclubs","note":"OpenStreetMap","osm_id":"way/27939697","osm_url":"https://www.openstreetmap.org/way/27939697","source":"OpenStreetMap"}},{"type":"Feature","geometry":{"type":"Point","coordinates":[-2.9809826,53.4032545]},"properties":{"name":"Level","layer":"nightclubs","note":"OpenStreetMap","osm_id":"way/279397331","osm_url":"https://www.openstreetmap.org/way/279397331","source":"OpenStreetMap"}},{"type":"Feature","geometry":{"type":"Point","coordinates":[-1.8870242,52.4713246]},"properties":{"name":"PST","layer":"nightclubs","note":"OpenStreetMap","osm_id":"way/287980076","osm_url":"https://www.openstreetmap.org/way/287980076","source":"OpenStreetMap"}},{"type":"Feature","geometry":{"type":"Point","coordinates":[-0.141643,51.5076504]},"properties":{"name":"The Mayfair Club","layer":"nightclubs","note":"OpenStreetMap","osm_id":"way/289953462","osm_url":"https://www.openstreetmap.org/way/289953462","source":"OpenStreetMap"}},{"type":"Feature","geometry":{"type":"Point","coordinates":[-0.1412782,51.5077469]},"properties":{"name":"Mahiki","layer":"nightclubs","note":"OpenStreetMap","osm_id":"way/289954045","osm_url":"https://www.openstreetmap.org/way/289954045","source":"OpenStreetMap"}},{"type":"Feature","geometry":{"type":"Point","coordinates":[-2.5943907,51.4549325]},"properties":{"name":"Blame Gloria","layer":"nightclubs","note":"OpenStreetMap","osm_id":"way/290602736","osm_url":"https://www.openstreetmap.org/way/290602736","source":"OpenStreetMap"}},{"type":"Feature","geometry":{"type":"Point","coordinates":[-1.9450542,52.0916419]},"properties":{"name":"Marilyns","layer":"nightclubs","note":"OpenStreetMap","osm_id":"way/291910594","osm_url":"https://www.openstreetmap.org/way/291910594","source":"OpenStreetMap"}},{"type":"Feature","geometry":{"type":"Point","coordinates":[-1.7918969,51.0684193]},"properties":{"name":"The Chapel","layer":"nightclubs","note":"OpenStreetMap","osm_id":"way/291910624","osm_url":"https://www.openstreetmap.org/way/291910624","source":"OpenStreetMap"}},{"type":"Feature","geometry":{"type":"Point","coordinates":[-2.6007624,51.4535466]},"properties":{"name":"Basement 45","layer":"nightclubs","note":"OpenStreetMap","osm_id":"way/292008227","osm_url":"https://www.openstreetmap.org/way/292008227","source":"OpenStreetMap"}},{"type":"Feature","geometry":{"type":"Point","coordinates":[-1.7939608,51.0674032]},"properties":{"name":"The Music Box","layer":"nightclubs","note":"OpenStreetMap","osm_id":"way/292059437","osm_url":"https://www.openstreetmap.org/way/292059437","source":"OpenStreetMap"}},{"type":"Feature","geometry":{"type":"Point","coordinates":[-2.6005708,51.4553223]},"properties":{"name":"Qube","layer":"nightclubs","note":"OpenStreetMap","osm_id":"way/292125356","osm_url":"https://www.openstreetmap.org/way/292125356","source":"OpenStreetMap"}},{"type":"Feature","geometry":{"type":"Point","coordinates":[-2.1382597,52.5841102]},"properties":{"name":"The Electric Club","layer":"nightclubs","note":"OpenStreetMap","osm_id":"way/294544600","osm_url":"https://www.openstreetmap.org/way/294544600","source":"OpenStreetMap"}},{"type":"Feature","geometry":{"type":"Point","coordinates":[-2.1313407,52.6031042]},"properties":{"name":"Jones Road WMC","layer":"nightclubs","note":"OpenStreetMap","osm_id":"way/297360979","osm_url":"https://www.openstreetmap.org/way/297360979","source":"OpenStreetMap"}},{"type":"Feature","geometry":{"type":"Point","coordinates":[-4.1351512,50.3707464]},"properties":{"name":"Kayote Bar","layer":"nightclubs","note":"OpenStreetMap","osm_id":"way/298299254","osm_url":"https://www.openstreetmap.org/way/298299254","source":"OpenStreetMap"}},{"type":"Feature","geometry":{"type":"Point","coordinates":[-1.0690698,53.7843529]},"properties":{"name":"The Finkle","layer":"nightclubs","note":"OpenStreetMap","osm_id":"way/300353233","osm_url":"https://www.openstreetmap.org/way/300353233","source":"OpenStreetMap"}},{"type":"Feature","geometry":{"type":"Point","coordinates":[-1.0692671,53.7844204]},"properties":{"name":"Club Atomic","layer":"nightclubs","note":"OpenStreetMap","osm_id":"way/300360825","osm_url":"https://www.openstreetmap.org/way/300360825","source":"OpenStreetMap"}},{"type":"Feature","geometry":{"type":"Point","coordinates":[-2.5989129,51.4501061]},"properties":{"name":"Circuit","layer":"nightclubs","note":"OpenStreetMap","osm_id":"way/300376782","osm_url":"https://www.openstreetmap.org/way/300376782","source":"OpenStreetMap"}},{"type":"Feature","geometry":{"type":"Point","coordinates":[-3.1439568,51.5959263]},"properties":{"name":"Machen Workingmen's Club","layer":"nightclubs","note":"OpenStreetMap","osm_id":"way/300944282","osm_url":"https://www.openstreetmap.org/way/300944282","source":"OpenStreetMap"}},{"type":"Feature","geometry":{"type":"Point","coordinates":[-1.3234528,51.4005717]},"properties":{"name":"kukui","layer":"nightclubs","note":"OpenStreetMap","osm_id":"way/301849763","osm_url":"https://www.openstreetmap.org/way/301849763","source":"OpenStreetMap"}},{"type":"Feature","geometry":{"type":"Point","coordinates":[-2.0605398,53.484503]},"properties":{"name":"Nightclub","layer":"nightclubs","note":"OpenStreetMap","osm_id":"way/303553374","osm_url":"https://www.openstreetmap.org/way/303553374","source":"OpenStreetMap"}},{"type":"Feature","geometry":{"type":"Point","coordinates":[-7.3434542,53.5247752]},"properties":{"name":"The Lane Club","layer":"nightclubs","note":"OpenStreetMap","osm_id":"way/304523392","osm_url":"https://www.openstreetmap.org/way/304523392","source":"OpenStreetMap"}},{"type":"Feature","geometry":{"type":"Point","coordinates":[-2.1697403,52.4970285]},"properties":{"name":"Kingswinford Royal British Legion Club Ltd","layer":"nightclubs","note":"OpenStreetMap","osm_id":"way/305890362","osm_url":"https://www.openstreetmap.org/way/305890362","source":"OpenStreetMap"}},{"type":"Feature","geometry":{"type":"Point","coordinates":[-5.0453064,50.4307197]},"properties":{"name":"Waves Cabaret Club","layer":"nightclubs","note":"OpenStreetMap","osm_id":"way/308667333","osm_url":"https://www.openstreetmap.org/way/308667333","source":"OpenStreetMap"}},{"type":"Feature","geometry":{"type":"Point","coordinates":[-5.0454951,50.4305332]},"properties":{"name":"Waves Cabaret Club","layer":"nightclubs","note":"OpenStreetMap","osm_id":"way/308667334","osm_url":"https://www.openstreetmap.org/way/308667334","source":"OpenStreetMap"}},{"type":"Feature","geometry":{"type":"Point","coordinates":[-1.3770931,54.9127818]},"properties":{"name":"North Shore","layer":"nightclubs","note":"OpenStreetMap","osm_id":"way/310282591","osm_url":"https://www.openstreetmap.org/way/310282591","source":"OpenStreetMap"}},{"type":"Feature","geometry":{"type":"Point","coordinates":[-0.4002368,54.281756]},"properties":{"name":"Level 2 Nightclub","layer":"nightclubs","note":"OpenStreetMap","osm_id":"way/310601556","osm_url":"https://www.openstreetmap.org/way/310601556","source":"OpenStreetMap"}},{"type":"Feature","geometry":{"type":"Point","coordinates":[-0.4005547,54.2819409]},"properties":{"name":"Vivaz","layer":"nightclubs","note":"OpenStreetMap","osm_id":"way/310636579","osm_url":"https://www.openstreetmap.org/way/310636579","source":"OpenStreetMap"}},{"type":"Feature","geometry":{"type":"Point","coordinates":[-1.1968335,53.1459032]},"properties":{"name":"Lexis","layer":"nightclubs","note":"OpenStreetMap","osm_id":"way/310891779","osm_url":"https://www.openstreetmap.org/way/310891779","source":"OpenStreetMap"}},{"type":"Feature","geometry":{"type":"Point","coordinates":[-1.9022402,52.4882571]},"properties":{"name":"The Asylum","layer":"nightclubs","note":"OpenStreetMap","osm_id":"way/311994290","osm_url":"https://www.openstreetmap.org/way/311994290","source":"OpenStreetMap"}},{"type":"Feature","geometry":{"type":"Point","coordinates":[-2.1018727,57.1469149]},"properties":{"name":"Priory","layer":"nightclubs","note":"Epic Group","osm_id":"way/314725963","osm_url":"https://www.openstreetmap.org/way/314725963","source":"OpenStreetMap","brand":"Epic Group"}},{"type":"Feature","geometry":{"type":"Point","coordinates":[-1.9002674,52.4731058]},"properties":{"name":"O2 Academy","layer":"nightclubs","note":"OpenStreetMap","osm_id":"way/31476170","osm_url":"https://www.openstreetmap.org/way/31476170","source":"OpenStreetMap"}},{"type":"Feature","geometry":{"type":"Point","coordinates":[-3.2869284,54.1979614]},"properties":{"name":"Pavilion","layer":"nightclubs","note":"OpenStreetMap","osm_id":"way/314839421","osm_url":"https://www.openstreetmap.org/way/314839421","source":"OpenStreetMap"}},{"type":"Feature","geometry":{"type":"Point","coordinates":[-3.2644512,54.2110376]},"properties":{"name":"The Knights","layer":"nightclubs","note":"OpenStreetMap","osm_id":"way/316474585","osm_url":"https://www.openstreetmap.org/way/316474585","source":"OpenStreetMap"}},{"type":"Feature","geometry":{"type":"Point","coordinates":[-2.0530372,52.4513678]},"properties":{"name":"Townsend Social Club","layer":"nightclubs","note":"OpenStreetMap","osm_id":"way/316529773","osm_url":"https://www.openstreetmap.org/way/316529773","source":"OpenStreetMap"}},{"type":"Feature","geometry":{"type":"Point","coordinates":[-3.3707178,54.2779195]},"properties":{"name":"Pavilion","layer":"nightclubs","note":"OpenStreetMap","osm_id":"way/319301142","osm_url":"https://www.openstreetmap.org/way/319301142","source":"OpenStreetMap"}},{"type":"Feature","geometry":{"type":"Point","coordinates":[-1.9122631,52.4771219]},"properties":{"name":"Pop World","layer":"nightclubs","note":"Stonegate","osm_id":"way/32005713","osm_url":"https://www.openstreetmap.org/way/32005713","source":"OpenStreetMap","brand":"Stonegate"}},{"type":"Feature","geometry":{"type":"Point","coordinates":[-3.1587438,56.108323]},"properties":{"name":"The Venue","layer":"nightclubs","note":"OpenStreetMap","osm_id":"way/320367119","osm_url":"https://www.openstreetmap.org/way/320367119","source":"OpenStreetMap"}},{"type":"Feature","geometry":{"type":"Point","coordinates":[-1.4828016,53.5520866]},"properties":{"name":"Bar Boujie","layer":"nightclubs","note":"OpenStreetMap","osm_id":"way/320426213","osm_url":"https://www.openstreetmap.org/way/320426213","source":"OpenStreetMap"}},{"type":"Feature","geometry":{"type":"Point","coordinates":[-1.4817292,53.5517386]},"properties":{"name":"Digital","layer":"nightclubs","note":"OpenStreetMap","osm_id":"way/320427243","osm_url":"https://www.openstreetmap.org/way/320427243","source":"OpenStreetMap"}},{"type":"Feature","geometry":{"type":"Point","coordinates":[-1.4820298,53.5514547]},"properties":{"name":"Volt","layer":"nightclubs","note":"OpenStreetMap","osm_id":"way/320427249","osm_url":"https://www.openstreetmap.org/way/320427249","source":"OpenStreetMap"}},{"type":"Feature","geometry":{"type":"Point","coordinates":[-1.4840746,53.552163]},"properties":{"name":"CoCo Che Bar","layer":"nightclubs","note":"OpenStreetMap","osm_id":"way/320431274","osm_url":"https://www.openstreetmap.org/way/320431274","source":"OpenStreetMap"}},{"type":"Feature","geometry":{"type":"Point","coordinates":[-1.4833722,53.5522616]},"properties":{"name":"Obsession Club","layer":"nightclubs","note":"OpenStreetMap","osm_id":"way/320432331","osm_url":"https://www.openstreetmap.org/way/320432331","source":"OpenStreetMap"}},{"type":"Feature","geometry":{"type":"Point","coordinates":[-3.5263527,53.3078019]},"properties":{"name":"Sandy Cove Club","layer":"nightclubs","note":"OpenStreetMap","osm_id":"way/323881368","osm_url":"https://www.openstreetmap.org/way/323881368","source":"OpenStreetMap"}},{"type":"Feature","geometry":{"type":"Point","coordinates":[0.7107842,52.2448439]},"properties":{"name":"Natitude","layer":"nightclubs","note":"OpenStreetMap","osm_id":"way/325694874","osm_url":"https://www.openstreetmap.org/way/325694874","source":"OpenStreetMap"}},{"type":"Feature","geometry":{"type":"Point","coordinates":[-0.3807568,51.5034205]},"properties":{"name":"Tudor Rose","layer":"nightclubs","note":"OpenStreetMap","osm_id":"way/326142584","osm_url":"https://www.openstreetmap.org/way/326142584","source":"OpenStreetMap"}},{"type":"Feature","geometry":{"type":"Point","coordinates":[-0.1131938,51.4631457]},"properties":{"name":"La Sureña","layer":"nightclubs","note":"OpenStreetMap","osm_id":"way/326914177","osm_url":"https://www.openstreetmap.org/way/326914177","source":"OpenStreetMap"}},{"type":"Feature","geometry":{"type":"Point","coordinates":[-3.2796917,54.1976265]},"properties":{"name":"Ski Bar","layer":"nightclubs","note":"OpenStreetMap","osm_id":"way/327339806","osm_url":"https://www.openstreetmap.org/way/327339806","source":"OpenStreetMap"}},{"type":"Feature","geometry":{"type":"Point","coordinates":[-0.1235484,51.4849159]},"properties":{"name":"Fire","layer":"nightclubs","note":"OpenStreetMap","osm_id":"way/331438863","osm_url":"https://www.openstreetmap.org/way/331438863","source":"OpenStreetMap"}},{"type":"Feature","geometry":{"type":"Point","coordinates":[-1.48115,53.5083609]},"properties":{"name":"Nightclub","layer":"nightclubs","note":"OpenStreetMap","osm_id":"way/331599189","osm_url":"https://www.openstreetmap.org/way/331599189","source":"OpenStreetMap"}},{"type":"Feature","geometry":{"type":"Point","coordinates":[-1.1316583,53.522814]},"properties":{"name":"Flares","layer":"nightclubs","note":"Stonegate","osm_id":"way/33201032","osm_url":"https://www.openstreetmap.org/way/33201032","source":"OpenStreetMap","brand":"Stonegate"}},{"type":"Feature","geometry":{"type":"Point","coordinates":[-3.2292156,54.1104319]},"properties":{"name":"Scorpio","layer":"nightclubs","note":"OpenStreetMap","osm_id":"way/332681760","osm_url":"https://www.openstreetmap.org/way/332681760","source":"OpenStreetMap"}},{"type":"Feature","geometry":{"type":"Point","coordinates":[-0.6899813,52.3016372]},"properties":{"name":"Silk","layer":"nightclubs","note":"OpenStreetMap","osm_id":"way/334000458","osm_url":"https://www.openstreetmap.org/way/334000458","source":"OpenStreetMap"}},{"type":"Feature","geometry":{"type":"Point","coordinates":[-1.0797144,50.7814463]},"properties":{"name":"Elegance","layer":"nightclubs","note":"OpenStreetMap","osm_id":"way/334753304","osm_url":"https://www.openstreetmap.org/way/334753304","source":"OpenStreetMap"}},{"type":"Feature","geometry":{"type":"Point","coordinates":[-2.9304045,54.8908402]},"properties":{"name":"The Glasshouse","layer":"nightclubs","note":"OpenStreetMap","osm_id":"way/339754853","osm_url":"https://www.openstreetmap.org/way/339754853","source":"OpenStreetMap"}},{"type":"Feature","geometry":{"type":"Point","coordinates":[1.3029633,52.6246728]},"properties":{"name":"The Waterfront","layer":"nightclubs","note":"OpenStreetMap","osm_id":"way/343888773","osm_url":"https://www.openstreetmap.org/way/343888773","source":"OpenStreetMap"}},{"type":"Feature","geometry":{"type":"Point","coordinates":[-0.1417206,51.5169801]},"properties":{"name":"The Portland Club","layer":"nightclubs","note":"OpenStreetMap","osm_id":"way/344376769","osm_url":"https://www.openstreetmap.org/way/344376769","source":"OpenStreetMap"}},{"type":"Feature","geometry":{"type":"Point","coordinates":[-1.2332371,54.5759424]},"properties":{"name":"Middlesbrough Empire","layer":"nightclubs","note":"OpenStreetMap","osm_id":"way/348786091","osm_url":"https://www.openstreetmap.org/way/348786091","source":"OpenStreetMap"}},{"type":"Feature","geometry":{"type":"Point","coordinates":[-2.6016021,51.4532928]},"properties":{"name":"Illuminati","layer":"nightclubs","note":"OpenStreetMap","osm_id":"way/352139899","osm_url":"https://www.openstreetmap.org/way/352139899","source":"OpenStreetMap"}},{"type":"Feature","geometry":{"type":"Point","coordinates":[-2.4510147,52.6946035]},"properties":{"name":"industry","layer":"nightclubs","note":"OpenStreetMap","osm_id":"way/358192015","osm_url":"https://www.openstreetmap.org/way/358192015","source":"OpenStreetMap"}},{"type":"Feature","geometry":{"type":"Point","coordinates":[-1.4227132,53.2368516]},"properties":{"name":"The Association","layer":"nightclubs","note":"OpenStreetMap","osm_id":"way/361774375","osm_url":"https://www.openstreetmap.org/way/361774375","source":"OpenStreetMap"}},{"type":"Feature","geometry":{"type":"Point","coordinates":[-5.9351786,54.5889331]},"properties":{"name":"Alibi","layer":"nightclubs","note":"OpenStreetMap","osm_id":"way/364180385","osm_url":"https://www.openstreetmap.org/way/364180385","source":"OpenStreetMap"}},{"type":"Feature","geometry":{"type":"Point","coordinates":[-2.1011054,52.5323535]},"properties":{"name":"Parkes Hall Social Club","layer":"nightclubs","note":"OpenStreetMap","osm_id":"way/368349254","osm_url":"https://www.openstreetmap.org/way/368349254","source":"OpenStreetMap"}},{"type":"Feature","geometry":{"type":"Point","coordinates":[-1.3738062,52.7234577]},"properties":{"name":"The Emporium","layer":"nightclubs","note":"OpenStreetMap","osm_id":"way/368451908","osm_url":"https://www.openstreetmap.org/way/368451908","source":"OpenStreetMap"}},{"type":"Feature","geometry":{"type":"Point","coordinates":[-0.8859704,52.7656645]},"properties":{"name":"Tubes","layer":"nightclubs","note":"OpenStreetMap","osm_id":"way/371698657","osm_url":"https://www.openstreetmap.org/way/371698657","source":"OpenStreetMap"}},{"type":"Feature","geometry":{"type":"Point","coordinates":[-2.7967161,54.0508397]},"properties":{"name":"The Sugarhouse","layer":"nightclubs","note":"Lancaster University Students' Union","osm_id":"way/374409734","osm_url":"https://www.openstreetmap.org/way/374409734","source":"OpenStreetMap","brand":"Lancaster University Students' Union"}},{"type":"Feature","geometry":{"type":"Point","coordinates":[-3.103909,51.0179285]},"properties":{"name":"Labyrinth Nightclub","layer":"nightclubs","note":"OpenStreetMap","osm_id":"way/374794857","osm_url":"https://www.openstreetmap.org/way/374794857","source":"OpenStreetMap"}},{"type":"Feature","geometry":{"type":"Point","coordinates":[-0.0994957,51.4977677]},"properties":{"name":"Ministry of Sound","layer":"nightclubs","note":"OpenStreetMap","osm_id":"way/380605745","osm_url":"https://www.openstreetmap.org/way/380605745","source":"OpenStreetMap"}},{"type":"Feature","geometry":{"type":"Point","coordinates":[-2.6009804,51.4536916]},"properties":{"name":"Queenshilling","layer":"nightclubs","note":"OpenStreetMap","osm_id":"way/380874326","osm_url":"https://www.openstreetmap.org/way/380874326","source":"OpenStreetMap"}},{"type":"Feature","geometry":{"type":"Point","coordinates":[-1.7800279,52.266132]},"properties":{"name":"Wootton Wawen Social Club","layer":"nightclubs","note":"OpenStreetMap","osm_id":"way/392121951","osm_url":"https://www.openstreetmap.org/way/392121951","source":"OpenStreetMap"}},{"type":"Feature","geometry":{"type":"Point","coordinates":[-2.5924723,51.457555]},"properties":{"name":"Clock Factory","layer":"nightclubs","note":"OpenStreetMap","osm_id":"way/392174320","osm_url":"https://www.openstreetmap.org/way/392174320","source":"OpenStreetMap"}},{"type":"Feature","geometry":{"type":"Point","coordinates":[-1.6933944,52.6355389]},"properties":{"name":"Atik","layer":"nightclubs","note":"OpenStreetMap","osm_id":"way/393498753","osm_url":"https://www.openstreetmap.org/way/393498753","source":"OpenStreetMap"}},{"type":"Feature","geometry":{"type":"Point","coordinates":[-1.6965116,52.6334282]},"properties":{"name":"Decades Bar & Club","layer":"nightclubs","note":"OpenStreetMap","osm_id":"way/393502255","osm_url":"https://www.openstreetmap.org/way/393502255","source":"OpenStreetMap"}},{"type":"Feature","geometry":{"type":"Point","coordinates":[-0.0754909,51.5500999]},"properties":{"name":"Dalston Superstore","layer":"nightclubs","note":"OpenStreetMap","osm_id":"way/395184529","osm_url":"https://www.openstreetmap.org/way/395184529","source":"OpenStreetMap"}},{"type":"Feature","geometry":{"type":"Point","coordinates":[-7.4659841,54.8279124]},"properties":{"name":"Ruby's Bar and Nightclub","layer":"nightclubs","note":"OpenStreetMap","osm_id":"way/395308643","osm_url":"https://www.openstreetmap.org/way/395308643","source":"OpenStreetMap"}},{"type":"Feature","geometry":{"type":"Point","coordinates":[-1.4115392,50.90112]},"properties":{"name":"Engine Rooms","layer":"nightclubs","note":"OpenStreetMap","osm_id":"way/397547291","osm_url":"https://www.openstreetmap.org/way/397547291","source":"OpenStreetMap"}},{"type":"Feature","geometry":{"type":"Point","coordinates":[-4.2749486,53.1420789]},"properties":{"name":"Apollo Bingo","layer":"nightclubs","note":"OpenStreetMap","osm_id":"way/403350443","osm_url":"https://www.openstreetmap.org/way/403350443","source":"OpenStreetMap"}},{"type":"Feature","geometry":{"type":"Point","coordinates":[-0.1351222,50.8200724]},"properties":{"name":"Patterns","layer":"nightclubs","note":"OpenStreetMap","osm_id":"way/406602065","osm_url":"https://www.openstreetmap.org/way/406602065","source":"OpenStreetMap"}},{"type":"Feature","geometry":{"type":"Point","coordinates":[-2.0609394,52.5612601]},"properties":{"name":"The Foxy","layer":"nightclubs","note":"OpenStreetMap","osm_id":"way/407982080","osm_url":"https://www.openstreetmap.org/way/407982080","source":"OpenStreetMap"}},{"type":"Feature","geometry":{"type":"Point","coordinates":[0.1566972,52.6657095]},"properties":{"name":"H2O","layer":"nightclubs","note":"OpenStreetMap","osm_id":"way/411114016","osm_url":"https://www.openstreetmap.org/way/411114016","source":"OpenStreetMap"}},{"type":"Feature","geometry":{"type":"Point","coordinates":[-1.2558475,52.3750073]},"properties":{"name":"West Indian Club","layer":"nightclubs","note":"OpenStreetMap","osm_id":"way/415703988","osm_url":"https://www.openstreetmap.org/way/415703988","source":"OpenStreetMap"}},{"type":"Feature","geometry":{"type":"Point","coordinates":[-2.7347528,53.3410901]},"properties":{"name":"Chambers","layer":"nightclubs","note":"OpenStreetMap","osm_id":"way/42177131","osm_url":"https://www.openstreetmap.org/way/42177131","source":"OpenStreetMap"}},{"type":"Feature","geometry":{"type":"Point","coordinates":[-5.9259227,54.602258]},"properties":{"name":"Lux","layer":"nightclubs","note":"OpenStreetMap","osm_id":"way/422423676","osm_url":"https://www.openstreetmap.org/way/422423676","source":"OpenStreetMap"}},{"type":"Feature","geometry":{"type":"Point","coordinates":[-2.5823479,51.4489097]},"properties":{"name":"The Tunnels","layer":"nightclubs","note":"OpenStreetMap","osm_id":"way/422527968","osm_url":"https://www.openstreetmap.org/way/422527968","source":"OpenStreetMap"}},{"type":"Feature","geometry":{"type":"Point","coordinates":[0.0975788,50.9739898]},"properties":{"name":"The Broadway","layer":"nightclubs","note":"OpenStreetMap","osm_id":"way/424143496","osm_url":"https://www.openstreetmap.org/way/424143496","source":"OpenStreetMap"}},{"type":"Feature","geometry":{"type":"Point","coordinates":[-3.1295021,57.4472251]},"properties":{"name":"Royal British Legion","layer":"nightclubs","note":"OpenStreetMap","osm_id":"way/425913013","osm_url":"https://www.openstreetmap.org/way/425913013","source":"OpenStreetMap"}},{"type":"Feature","geometry":{"type":"Point","coordinates":[-0.1025161,51.5196077]},"properties":{"name":"Fabric","layer":"nightclubs","note":"OpenStreetMap","osm_id":"way/42935885","osm_url":"https://www.openstreetmap.org/way/42935885","source":"OpenStreetMap"}},{"type":"Feature","geometry":{"type":"Point","coordinates":[-0.1384526,50.8198926]},"properties":{"name":"Chalk","layer":"nightclubs","note":"OpenStreetMap","osm_id":"way/430540312","osm_url":"https://www.openstreetmap.org/way/430540312","source":"OpenStreetMap"}},{"type":"Feature","geometry":{"type":"Point","coordinates":[-0.1389383,50.8198374]},"properties":{"name":"Lola Lo","layer":"nightclubs","note":"OpenStreetMap","osm_id":"way/430540313","osm_url":"https://www.openstreetmap.org/way/430540313","source":"OpenStreetMap"}},{"type":"Feature","geometry":{"type":"Point","coordinates":[-0.1450545,50.8210652]},"properties":{"name":"PRYZM","layer":"nightclubs","note":"OpenStreetMap","osm_id":"way/431503257","osm_url":"https://www.openstreetmap.org/way/431503257","source":"OpenStreetMap"}},{"type":"Feature","geometry":{"type":"Point","coordinates":[-0.3055796,51.4580172]},"properties":{"name":"Viva","layer":"nightclubs","note":"OpenStreetMap","osm_id":"way/432788111","osm_url":"https://www.openstreetmap.org/way/432788111","source":"OpenStreetMap"}},{"type":"Feature","geometry":{"type":"Point","coordinates":[0.0048002,51.4954939]},"properties":{"name":"Studio 338","layer":"nightclubs","note":"OpenStreetMap","osm_id":"way/436262038","osm_url":"https://www.openstreetmap.org/way/436262038","source":"OpenStreetMap"}},{"type":"Feature","geometry":{"type":"Point","coordinates":[-3.0566866,53.3248771]},"properties":{"name":"Nightclub","layer":"nightclubs","note":"OpenStreetMap","osm_id":"way/446800552","osm_url":"https://www.openstreetmap.org/way/446800552","source":"OpenStreetMap"}},{"type":"Feature","geometry":{"type":"Point","coordinates":[-2.9766218,53.4049002]},"properties":{"name":"Club 051","layer":"nightclubs","note":"OpenStreetMap","osm_id":"way/44722936","osm_url":"https://www.openstreetmap.org/way/44722936","source":"OpenStreetMap"}},{"type":"Feature","geometry":{"type":"Point","coordinates":[-1.4971982,52.4073083]},"properties":{"name":"Scholars","layer":"nightclubs","note":"OpenStreetMap","osm_id":"way/448174534","osm_url":"https://www.openstreetmap.org/way/448174534","source":"OpenStreetMap"}},{"type":"Feature","geometry":{"type":"Point","coordinates":[-2.2029758,51.2770888]},"properties":{"name":"Venom","layer":"nightclubs","note":"OpenStreetMap","osm_id":"way/44840024","osm_url":"https://www.openstreetmap.org/way/44840024","source":"OpenStreetMap"}},{"type":"Feature","geometry":{"type":"Point","coordinates":[-5.9311517,54.6038166]},"properties":{"name":"Kremlin","layer":"nightclubs","note":"OpenStreetMap","osm_id":"way/450903704","osm_url":"https://www.openstreetmap.org/way/450903704","source":"OpenStreetMap"}},{"type":"Feature","geometry":{"type":"Point","coordinates":[-5.9312854,54.6042485]},"properties":{"name":"Boom Box","layer":"nightclubs","note":"OpenStreetMap","osm_id":"way/454883951","osm_url":"https://www.openstreetmap.org/way/454883951","source":"OpenStreetMap"}},{"type":"Feature","geometry":{"type":"Point","coordinates":[-2.5920507,51.456578]},"properties":{"name":"Electric","layer":"nightclubs","note":"OpenStreetMap","osm_id":"way/466509541","osm_url":"https://www.openstreetmap.org/way/466509541","source":"OpenStreetMap"}},{"type":"Feature","geometry":{"type":"Point","coordinates":[-2.7555257,53.3730084]},"properties":{"name":"United Services Club","layer":"nightclubs","note":"OpenStreetMap","osm_id":"way/466579789","osm_url":"https://www.openstreetmap.org/way/466579789","source":"OpenStreetMap"}},{"type":"Feature","geometry":{"type":"Point","coordinates":[-2.5958406,51.4545296]},"properties":{"name":"Afterdark","layer":"nightclubs","note":"OpenStreetMap","osm_id":"way/468150392","osm_url":"https://www.openstreetmap.org/way/468150392","source":"OpenStreetMap"}},{"type":"Feature","geometry":{"type":"Point","coordinates":[-1.425463,51.5882676]},"properties":{"name":"Delaney's","layer":"nightclubs","note":"OpenStreetMap","osm_id":"way/478160472","osm_url":"https://www.openstreetmap.org/way/478160472","source":"OpenStreetMap"}},{"type":"Feature","geometry":{"type":"Point","coordinates":[-2.5923474,51.4563003]},"properties":{"name":"Strange Brew","layer":"nightclubs","note":"OpenStreetMap","osm_id":"way/479616156","osm_url":"https://www.openstreetmap.org/way/479616156","source":"OpenStreetMap"}},{"type":"Feature","geometry":{"type":"Point","coordinates":[-0.2011149,51.419206]},"properties":{"name":"CMYK","layer":"nightclubs","note":"OpenStreetMap","osm_id":"way/480477253","osm_url":"https://www.openstreetmap.org/way/480477253","source":"OpenStreetMap"}},{"type":"Feature","geometry":{"type":"Point","coordinates":[-4.1234044,53.2290133]},"properties":{"name":"Trilogy Nightclub","layer":"nightclubs","note":"OpenStreetMap","osm_id":"way/48826968","osm_url":"https://www.openstreetmap.org/way/48826968","source":"OpenStreetMap"}},{"type":"Feature","geometry":{"type":"Point","coordinates":[-5.9310861,54.5922126]},"properties":{"name":"Foundry","layer":"nightclubs","note":"OpenStreetMap","osm_id":"way/492283294","osm_url":"https://www.openstreetmap.org/way/492283294","source":"OpenStreetMap"}},{"type":"Feature","geometry":{"type":"Point","coordinates":[-3.0876366,58.4429691]},"properties":{"name":"Waterfront","layer":"nightclubs","note":"OpenStreetMap","osm_id":"way/506461055","osm_url":"https://www.openstreetmap.org/way/506461055","source":"OpenStreetMap"}},{"type":"Feature","geometry":{"type":"Point","coordinates":[-3.1474993,52.6589107]},"properties":{"name":"Molto","layer":"nightclubs","note":"OpenStreetMap","osm_id":"way/509577878","osm_url":"https://www.openstreetmap.org/way/509577878","source":"OpenStreetMap"}},{"type":"Feature","geometry":{"type":"Point","coordinates":[-1.1182882,53.1193822]},"properties":{"name":"The Venue","layer":"nightclubs","note":"OpenStreetMap","osm_id":"way/515330181","osm_url":"https://www.openstreetmap.org/way/515330181","source":"OpenStreetMap"}},{"type":"Feature","geometry":{"type":"Point","coordinates":[-2.2172509,51.744248]},"properties":{"name":"Warehouse","layer":"nightclubs","note":"OpenStreetMap","osm_id":"way/516916716","osm_url":"https://www.openstreetmap.org/way/516916716","source":"OpenStreetMap"}},{"type":"Feature","geometry":{"type":"Point","coordinates":[-2.5739384,51.4537226]},"properties":{"name":"Dare To","layer":"nightclubs","note":"OpenStreetMap","osm_id":"way/529808756","osm_url":"https://www.openstreetmap.org/way/529808756","source":"OpenStreetMap"}},{"type":"Feature","geometry":{"type":"Point","coordinates":[-6.7442158,54.645475]},"properties":{"name":"TIME Bar & Venue","layer":"nightclubs","note":"OpenStreetMap","osm_id":"way/543725765","osm_url":"https://www.openstreetmap.org/way/543725765","source":"OpenStreetMap"}},{"type":"Feature","geometry":{"type":"Point","coordinates":[-0.5367283,53.2303191]},"properties":{"name":"Toyko Lincoln","layer":"nightclubs","note":"OpenStreetMap","osm_id":"way/543891503","osm_url":"https://www.openstreetmap.org/way/543891503","source":"OpenStreetMap"}},{"type":"Feature","geometry":{"type":"Point","coordinates":[-4.6589894,52.0820225]},"properties":{"name":"Gabs","layer":"nightclubs","note":"Angel Hotel","osm_id":"way/550723885","osm_url":"https://www.openstreetmap.org/way/550723885","source":"OpenStreetMap","brand":"Angel Hotel"}},{"type":"Feature","geometry":{"type":"Point","coordinates":[-2.5972134,51.4555468]},"properties":{"name":"Zed Alley","layer":"nightclubs","note":"OpenStreetMap","osm_id":"way/555547380","osm_url":"https://www.openstreetmap.org/way/555547380","source":"OpenStreetMap"}},{"type":"Feature","geometry":{"type":"Point","coordinates":[-1.9342401,52.4439896]},"properties":{"name":"Bournbrook and Selly Oak Social Club","layer":"nightclubs","note":"OpenStreetMap","osm_id":"way/55685231","osm_url":"https://www.openstreetmap.org/way/55685231","source":"OpenStreetMap"}},{"type":"Feature","geometry":{"type":"Point","coordinates":[-1.8615332,53.7235371]},"properties":{"name":"Twilight","layer":"nightclubs","note":"OpenStreetMap","osm_id":"way/565964304","osm_url":"https://www.openstreetmap.org/way/565964304","source":"OpenStreetMap"}},{"type":"Feature","geometry":{"type":"Point","coordinates":[-1.8620274,53.7237196]},"properties":{"name":"Acapulco","layer":"nightclubs","note":"OpenStreetMap","osm_id":"way/566220179","osm_url":"https://www.openstreetmap.org/way/566220179","source":"OpenStreetMap"}},{"type":"Feature","geometry":{"type":"Point","coordinates":[-2.6331219,53.5452385]},"properties":{"name":"Nightclub","layer":"nightclubs","note":"OpenStreetMap","osm_id":"way/568831882","osm_url":"https://www.openstreetmap.org/way/568831882","source":"OpenStreetMap"}},{"type":"Feature","geometry":{"type":"Point","coordinates":[-1.8226664,52.4282202]},"properties":{"name":"Langley Hall Social Club","layer":"nightclubs","note":"OpenStreetMap","osm_id":"way/57042920","osm_url":"https://www.openstreetmap.org/way/57042920","source":"OpenStreetMap"}},{"type":"Feature","geometry":{"type":"Point","coordinates":[-1.8282141,52.4471489]},"properties":{"name":"Grange Social Club","layer":"nightclubs","note":"OpenStreetMap","osm_id":"way/57935318","osm_url":"https://www.openstreetmap.org/way/57935318","source":"OpenStreetMap"}},{"type":"Feature","geometry":{"type":"Point","coordinates":[0.2883353,50.7687251]},"properties":{"name":"Cameo","layer":"nightclubs","note":"OpenStreetMap","osm_id":"way/579729159","osm_url":"https://www.openstreetmap.org/way/579729159","source":"OpenStreetMap"}},{"type":"Feature","geometry":{"type":"Point","coordinates":[-0.0570343,51.5315841]},"properties":{"name":"Redon","layer":"nightclubs","note":"OpenStreetMap","osm_id":"way/586029190","osm_url":"https://www.openstreetmap.org/way/586029190","source":"OpenStreetMap"}},{"type":"Feature","geometry":{"type":"Point","coordinates":[-1.7831835,52.4787697]},"properties":{"name":"Lea Hall Sports and Social Club","layer":"nightclubs","note":"OpenStreetMap","osm_id":"way/60213849","osm_url":"https://www.openstreetmap.org/way/60213849","source":"OpenStreetMap"}},{"type":"Feature","geometry":{"type":"Point","coordinates":[-2.5171671,52.6998603]},"properties":{"name":"Pussycat Nightclub","layer":"nightclubs","note":"OpenStreetMap","osm_id":"way/60342506","osm_url":"https://www.openstreetmap.org/way/60342506","source":"OpenStreetMap"}},{"type":"Feature","geometry":{"type":"Point","coordinates":[-0.0479927,51.5469219]},"properties":{"name":"The Glove That Fits","layer":"nightclubs","note":"OpenStreetMap","osm_id":"way/603966829","osm_url":"https://www.openstreetmap.org/way/603966829","source":"OpenStreetMap"}},{"type":"Feature","geometry":{"type":"Point","coordinates":[-2.2881312,57.2037565]},"properties":{"name":"Adam's Lounge","layer":"nightclubs","note":"OpenStreetMap","osm_id":"way/604753582","osm_url":"https://www.openstreetmap.org/way/604753582","source":"OpenStreetMap"}},{"type":"Feature","geometry":{"type":"Point","coordinates":[-3.5216128,58.5930059]},"properties":{"name":"Skinandi's","layer":"nightclubs","note":"OpenStreetMap","osm_id":"way/604981357","osm_url":"https://www.openstreetmap.org/way/604981357","source":"OpenStreetMap"}},{"type":"Feature","geometry":{"type":"Point","coordinates":[-3.9407677,51.6200863]},"properties":{"name":"Rivals","layer":"nightclubs","note":"OpenStreetMap","osm_id":"way/625263598","osm_url":"https://www.openstreetmap.org/way/625263598","source":"OpenStreetMap"}},{"type":"Feature","geometry":{"type":"Point","coordinates":[-3.9409382,51.6198912]},"properties":{"name":"Heaven","layer":"nightclubs","note":"OpenStreetMap","osm_id":"way/625263603","osm_url":"https://www.openstreetmap.org/way/625263603","source":"OpenStreetMap"}},{"type":"Feature","geometry":{"type":"Point","coordinates":[-3.9407163,51.6198036]},"properties":{"name":"Popworld","layer":"nightclubs","note":"Stonegate","osm_id":"way/625263604","osm_url":"https://www.openstreetmap.org/way/625263604","source":"OpenStreetMap","brand":"Stonegate"}},{"type":"Feature","geometry":{"type":"Point","coordinates":[-1.4716024,53.3764013]},"properties":{"name":"Network","layer":"nightclubs","note":"OpenStreetMap","osm_id":"way/63409001","osm_url":"https://www.openstreetmap.org/way/63409001","source":"OpenStreetMap"}},{"type":"Feature","geometry":{"type":"Point","coordinates":[-1.8829892,52.4467427]},"properties":{"name":"Moseley All Services Club","layer":"nightclubs","note":"OpenStreetMap","osm_id":"way/63940369","osm_url":"https://www.openstreetmap.org/way/63940369","source":"OpenStreetMap"}},{"type":"Feature","geometry":{"type":"Point","coordinates":[1.1297588,51.3715714]},"properties":{"name":"ViViD Nightclub","layer":"nightclubs","note":"OpenStreetMap","osm_id":"way/640893981","osm_url":"https://www.openstreetmap.org/way/640893981","source":"OpenStreetMap"}},{"type":"Feature","geometry":{"type":"Point","coordinates":[-1.4519684,52.2376467]},"properties":{"name":"Harbury Village Club","layer":"nightclubs","note":"OpenStreetMap","osm_id":"way/645016637","osm_url":"https://www.openstreetmap.org/way/645016637","source":"OpenStreetMap"}},{"type":"Feature","geometry":{"type":"Point","coordinates":[-7.7333147,54.9520136]},"properties":{"name":"The Grill Nightclub","layer":"nightclubs","note":"OpenStreetMap","osm_id":"way/64714925","osm_url":"https://www.openstreetmap.org/way/64714925","source":"OpenStreetMap"}},{"type":"Feature","geometry":{"type":"Point","coordinates":[-2.353562,51.6819614]},"properties":{"name":"Capone's","layer":"nightclubs","note":"OpenStreetMap","osm_id":"way/653781523","osm_url":"https://www.openstreetmap.org/way/653781523","source":"OpenStreetMap"}},{"type":"Feature","geometry":{"type":"Point","coordinates":[-2.0818982,52.5096305]},"properties":{"name":"Bar Diva","layer":"nightclubs","note":"OpenStreetMap","osm_id":"way/669177587","osm_url":"https://www.openstreetmap.org/way/669177587","source":"OpenStreetMap"}},{"type":"Feature","geometry":{"type":"Point","coordinates":[-0.9679483,51.4508499]},"properties":{"name":"After Dark","layer":"nightclubs","note":"OpenStreetMap","osm_id":"way/670269163","osm_url":"https://www.openstreetmap.org/way/670269163","source":"OpenStreetMap"}},{"type":"Feature","geometry":{"type":"Point","coordinates":[-0.2674093,51.3335388]},"properties":{"name":"The Boogie Lounge","layer":"nightclubs","note":"OpenStreetMap","osm_id":"way/671451634","osm_url":"https://www.openstreetmap.org/way/671451634","source":"OpenStreetMap"}},{"type":"Feature","geometry":{"type":"Point","coordinates":[-7.7304788,54.9535427]},"properties":{"name":"The Pulse Niteclub","layer":"nightclubs","note":"OpenStreetMap","osm_id":"way/67195099","osm_url":"https://www.openstreetmap.org/way/67195099","source":"OpenStreetMap"}},{"type":"Feature","geometry":{"type":"Point","coordinates":[-0.4742409,51.5333942]},"properties":{"name":"The Venue","layer":"nightclubs","note":"Brunel Student Union","osm_id":"way/701595246","osm_url":"https://www.openstreetmap.org/way/701595246","source":"OpenStreetMap","brand":"Brunel Student Union"}},{"type":"Feature","geometry":{"type":"Point","coordinates":[-1.7017639,52.1899955]},"properties":{"name":"The Embankment","layer":"nightclubs","note":"OpenStreetMap","osm_id":"way/705385224","osm_url":"https://www.openstreetmap.org/way/705385224","source":"OpenStreetMap"}},{"type":"Feature","geometry":{"type":"Point","coordinates":[-1.7767511,52.4518286]},"properties":{"name":"Ivy Leaf Sports & Social Club","layer":"nightclubs","note":"OpenStreetMap","osm_id":"way/72225359","osm_url":"https://www.openstreetmap.org/way/72225359","source":"OpenStreetMap"}},{"type":"Feature","geometry":{"type":"Point","coordinates":[-4.5436532,50.8271707]},"properties":{"name":"Nightclub","layer":"nightclubs","note":"OpenStreetMap","osm_id":"way/722879829","osm_url":"https://www.openstreetmap.org/way/722879829","source":"OpenStreetMap"}},{"type":"Feature","geometry":{"type":"Point","coordinates":[-0.5412404,53.2306581]},"properties":{"name":"Sugarcubes","layer":"nightclubs","note":"OpenStreetMap","osm_id":"way/723249705","osm_url":"https://www.openstreetmap.org/way/723249705","source":"OpenStreetMap"}},{"type":"Feature","geometry":{"type":"Point","coordinates":[-0.5405328,53.230401]},"properties":{"name":"Desire Gentlemens Club","layer":"nightclubs","note":"OpenStreetMap","osm_id":"way/723250778","osm_url":"https://www.openstreetmap.org/way/723250778","source":"OpenStreetMap"}},{"type":"Feature","geometry":{"type":"Point","coordinates":[-0.5411272,53.2301936]},"properties":{"name":"Home","layer":"nightclubs","note":"Home","osm_id":"way/723257241","osm_url":"https://www.openstreetmap.org/way/723257241","source":"OpenStreetMap","brand":"Home"}},{"type":"Feature","geometry":{"type":"Point","coordinates":[-4.1349876,50.3703476]},"properties":{"name":"Club Cassius","layer":"nightclubs","note":"OpenStreetMap","osm_id":"way/725888252","osm_url":"https://www.openstreetmap.org/way/725888252","source":"OpenStreetMap"}},{"type":"Feature","geometry":{"type":"Point","coordinates":[-0.5395821,53.229309]},"properties":{"name":"Trebles","layer":"nightclubs","note":"OpenStreetMap","osm_id":"way/725977162","osm_url":"https://www.openstreetmap.org/way/725977162","source":"OpenStreetMap"}},{"type":"Feature","geometry":{"type":"Point","coordinates":[-1.8872922,52.4767512]},"properties":{"name":"The Embassy","layer":"nightclubs","note":"OpenStreetMap","osm_id":"way/73158361","osm_url":"https://www.openstreetmap.org/way/73158361","source":"OpenStreetMap"}},{"type":"Feature","geometry":{"type":"Point","coordinates":[-1.9016382,52.4739521]},"properties":{"name":"Exit","layer":"nightclubs","note":"OpenStreetMap","osm_id":"way/73282507","osm_url":"https://www.openstreetmap.org/way/73282507","source":"OpenStreetMap"}},{"type":"Feature","geometry":{"type":"Point","coordinates":[-2.0844441,52.4592236]},"properties":{"name":"The Laurels","layer":"nightclubs","note":"OpenStreetMap","osm_id":"way/73402614","osm_url":"https://www.openstreetmap.org/way/73402614","source":"OpenStreetMap"}},{"type":"Feature","geometry":{"type":"Point","coordinates":[-2.7089048,53.7644168]},"properties":{"name":"53 Degrees","layer":"nightclubs","note":"GS Promotions;University of Lancashire Students Union","osm_id":"way/73839568","osm_url":"https://www.openstreetmap.org/way/73839568","source":"OpenStreetMap","brand":"GS Promotions;University of Lancashire Students Union"}},{"type":"Feature","geometry":{"type":"Point","coordinates":[-1.8825007,52.4755885]},"properties":{"name":"Air","layer":"nightclubs","note":"OpenStreetMap","osm_id":"way/73990181","osm_url":"https://www.openstreetmap.org/way/73990181","source":"OpenStreetMap"}},{"type":"Feature","geometry":{"type":"Point","coordinates":[-2.9801678,56.4605659]},"properties":{"name":"Afrobeats Bar Nightclub","layer":"nightclubs","note":"OpenStreetMap","osm_id":"way/740484183","osm_url":"https://www.openstreetmap.org/way/740484183","source":"OpenStreetMap"}},{"type":"Feature","geometry":{"type":"Point","coordinates":[-1.8818452,52.4751411]},"properties":{"name":"The Night Owl","layer":"nightclubs","note":"OpenStreetMap","osm_id":"way/75087920","osm_url":"https://www.openstreetmap.org/way/75087920","source":"OpenStreetMap"}},{"type":"Feature","geometry":{"type":"Point","coordinates":[-2.9803382,51.3464843]},"properties":{"name":"Legends","layer":"nightclubs","note":"OpenStreetMap","osm_id":"way/751428719","osm_url":"https://www.openstreetmap.org/way/751428719","source":"OpenStreetMap"}},{"type":"Feature","geometry":{"type":"Point","coordinates":[-2.9744772,51.3500444]},"properties":{"name":"Tabu","layer":"nightclubs","note":"OpenStreetMap","osm_id":"way/752854450","osm_url":"https://www.openstreetmap.org/way/752854450","source":"OpenStreetMap"}},{"type":"Feature","geometry":{"type":"Point","coordinates":[-0.5444694,53.2303257]},"properties":{"name":"The Scene","layer":"nightclubs","note":"The Scene","osm_id":"way/764677362","osm_url":"https://www.openstreetmap.org/way/764677362","source":"OpenStreetMap","brand":"The Scene"}},{"type":"Feature","geometry":{"type":"Point","coordinates":[-1.9167185,52.4836477]},"properties":{"name":"Libra Gentlemen's Retreat","layer":"nightclubs","note":"OpenStreetMap","osm_id":"way/76821593","osm_url":"https://www.openstreetmap.org/way/76821593","source":"OpenStreetMap"}},{"type":"Feature","geometry":{"type":"Point","coordinates":[-1.8360173,52.4950352]},"properties":{"name":"Maitland Hall","layer":"nightclubs","note":"OpenStreetMap","osm_id":"way/77893138","osm_url":"https://www.openstreetmap.org/way/77893138","source":"OpenStreetMap"}},{"type":"Feature","geometry":{"type":"Point","coordinates":[-1.4042291,50.8960338]},"properties":{"name":"Playhouse Gentlmens Club","layer":"nightclubs","note":"OpenStreetMap","osm_id":"way/78306579","osm_url":"https://www.openstreetmap.org/way/78306579","source":"OpenStreetMap"}},{"type":"Feature","geometry":{"type":"Point","coordinates":[-2.5933953,53.3874687]},"properties":{"name":"TRUTH","layer":"nightclubs","note":"OpenStreetMap","osm_id":"way/785910582","osm_url":"https://www.openstreetmap.org/way/785910582","source":"OpenStreetMap"}},{"type":"Feature","geometry":{"type":"Point","coordinates":[-1.8915993,52.4228511]},"properties":{"name":"Kings Heath Cricket and Sports Club","layer":"nightclubs","note":"OpenStreetMap","osm_id":"way/79501067","osm_url":"https://www.openstreetmap.org/way/79501067","source":"OpenStreetMap"}},{"type":"Feature","geometry":{"type":"Point","coordinates":[-1.8623004,52.4703131]},"properties":{"name":"Bordesley Labour Club","layer":"nightclubs","note":"OpenStreetMap","osm_id":"way/79861646","osm_url":"https://www.openstreetmap.org/way/79861646","source":"OpenStreetMap"}},{"type":"Feature","geometry":{"type":"Point","coordinates":[-4.4648981,54.1663767]},"properties":{"name":"Paramount City","layer":"nightclubs","note":"OpenStreetMap","osm_id":"way/80822446","osm_url":"https://www.openstreetmap.org/way/80822446","source":"OpenStreetMap"}},{"type":"Feature","geometry":{"type":"Point","coordinates":[0.2463712,51.4858597]},"properties":{"name":"Circus Tavern","layer":"nightclubs","note":"OpenStreetMap","osm_id":"way/83523764","osm_url":"https://www.openstreetmap.org/way/83523764","source":"OpenStreetMap"}},{"type":"Feature","geometry":{"type":"Point","coordinates":[-6.9193705,53.6212108]},"properties":{"name":"Tabu Nightclub and Venue","layer":"nightclubs","note":"Darnley Hotel","osm_id":"way/842150478","osm_url":"https://www.openstreetmap.org/way/842150478","source":"OpenStreetMap","brand":"Darnley Hotel"}},{"type":"Feature","geometry":{"type":"Point","coordinates":[-1.1271104,52.6364063]},"properties":{"name":"Helsinki","layer":"nightclubs","note":"OpenStreetMap","osm_id":"way/842345593","osm_url":"https://www.openstreetmap.org/way/842345593","source":"OpenStreetMap"}},{"type":"Feature","geometry":{"type":"Point","coordinates":[-1.3372243,54.7592812]},"properties":{"name":"Vibe","layer":"nightclubs","note":"OpenStreetMap","osm_id":"way/845409138","osm_url":"https://www.openstreetmap.org/way/845409138","source":"OpenStreetMap"}},{"type":"Feature","geometry":{"type":"Point","coordinates":[-3.6115639,55.9760524]},"properties":{"name":"Code","layer":"nightclubs","note":"West Port Hotel","osm_id":"way/846379414","osm_url":"https://www.openstreetmap.org/way/846379414","source":"OpenStreetMap","brand":"West Port Hotel"}},{"type":"Feature","geometry":{"type":"Point","coordinates":[-1.9434558,52.4712783]},"properties":{"name":"Genting Casino","layer":"nightclubs","note":"OpenStreetMap","osm_id":"way/85489782","osm_url":"https://www.openstreetmap.org/way/85489782","source":"OpenStreetMap"}},{"type":"Feature","geometry":{"type":"Point","coordinates":[-1.8458423,52.4325405]},"properties":{"name":"HGCC Social Club","layer":"nightclubs","note":"OpenStreetMap","osm_id":"way/85607911","osm_url":"https://www.openstreetmap.org/way/85607911","source":"OpenStreetMap"}},{"type":"Feature","geometry":{"type":"Point","coordinates":[-1.8461438,52.4328329]},"properties":{"name":"Vaughan's Private Members Club","layer":"nightclubs","note":"OpenStreetMap","osm_id":"way/85607912","osm_url":"https://www.openstreetmap.org/way/85607912","source":"OpenStreetMap"}},{"type":"Feature","geometry":{"type":"Point","coordinates":[-1.1494737,52.9492056]},"properties":{"name":"Ocean","layer":"nightclubs","note":"OpenStreetMap","osm_id":"way/85644334","osm_url":"https://www.openstreetmap.org/way/85644334","source":"OpenStreetMap"}},{"type":"Feature","geometry":{"type":"Point","coordinates":[0.3973987,52.755056]},"properties":{"name":"Mojito","layer":"nightclubs","note":"OpenStreetMap","osm_id":"way/865403225","osm_url":"https://www.openstreetmap.org/way/865403225","source":"OpenStreetMap"}},{"type":"Feature","geometry":{"type":"Point","coordinates":[0.3996446,52.7556134]},"properties":{"name":"Rewind","layer":"nightclubs","note":"OpenStreetMap","osm_id":"way/865416113","osm_url":"https://www.openstreetmap.org/way/865416113","source":"OpenStreetMap"}},{"type":"Feature","geometry":{"type":"Point","coordinates":[-1.3127414,53.6909991]},"properties":{"name":"Bigfellas","layer":"nightclubs","note":"OpenStreetMap","osm_id":"way/875699581","osm_url":"https://www.openstreetmap.org/way/875699581","source":"OpenStreetMap"}},{"type":"Feature","geometry":{"type":"Point","coordinates":[-1.5534703,53.7988426]},"properties":{"name":"The Warehouse","layer":"nightclubs","note":"OpenStreetMap","osm_id":"way/876597486","osm_url":"https://www.openstreetmap.org/way/876597486","source":"OpenStreetMap"}},{"type":"Feature","geometry":{"type":"Point","coordinates":[1.4009368,51.2231297]},"properties":{"name":"Ocean Rooms","layer":"nightclubs","note":"OpenStreetMap","osm_id":"way/879792798","osm_url":"https://www.openstreetmap.org/way/879792798","source":"OpenStreetMap"}},{"type":"Feature","geometry":{"type":"Point","coordinates":[-1.8667908,52.4408173]},"properties":{"name":"Windermere (Moseley) United Services Club","layer":"nightclubs","note":"OpenStreetMap","osm_id":"way/87989507","osm_url":"https://www.openstreetmap.org/way/87989507","source":"OpenStreetMap"}},{"type":"Feature","geometry":{"type":"Point","coordinates":[-1.8102433,52.483233]},"properties":{"name":"Station Inn","layer":"nightclubs","note":"OpenStreetMap","osm_id":"way/88515822","osm_url":"https://www.openstreetmap.org/way/88515822","source":"OpenStreetMap"}},{"type":"Feature","geometry":{"type":"Point","coordinates":[-2.9780485,53.4013513]},"properties":{"name":"Arts Club","layer":"nightclubs","note":"Academy Music Group","osm_id":"way/887378944","osm_url":"https://www.openstreetmap.org/way/887378944","source":"OpenStreetMap","brand":"Academy Music Group"}},{"type":"Feature","geometry":{"type":"Point","coordinates":[-0.6626367,51.9467128]},"properties":{"name":"Royal British Legion","layer":"nightclubs","note":"OpenStreetMap","osm_id":"way/89350520","osm_url":"https://www.openstreetmap.org/way/89350520","source":"OpenStreetMap"}},{"type":"Feature","geometry":{"type":"Point","coordinates":[-0.1654722,51.4890953]},"properties":{"name":"The Pheasantry","layer":"nightclubs","note":"OpenStreetMap","osm_id":"way/894981162","osm_url":"https://www.openstreetmap.org/way/894981162","source":"OpenStreetMap"}},{"type":"Feature","geometry":{"type":"Point","coordinates":[-0.1736786,51.4852624]},"properties":{"name":"Raffles Chelsea","layer":"nightclubs","note":"OpenStreetMap","osm_id":"way/906775252","osm_url":"https://www.openstreetmap.org/way/906775252","source":"OpenStreetMap"}},{"type":"Feature","geometry":{"type":"Point","coordinates":[0.5857744,51.989708]},"properties":{"name":"Memories","layer":"nightclubs","note":"OpenStreetMap","osm_id":"way/90802314","osm_url":"https://www.openstreetmap.org/way/90802314","source":"OpenStreetMap"}},{"type":"Feature","geometry":{"type":"Point","coordinates":[-2.5941946,51.4489761]},"properties":{"name":"Thekla","layer":"nightclubs","note":"OpenStreetMap","osm_id":"way/90958156","osm_url":"https://www.openstreetmap.org/way/90958156","source":"OpenStreetMap"}},{"type":"Feature","geometry":{"type":"Point","coordinates":[-1.8394363,53.6875785]},"properties":{"name":"Fluid","layer":"nightclubs","note":"OpenStreetMap","osm_id":"way/909596985","osm_url":"https://www.openstreetmap.org/way/909596985","source":"OpenStreetMap"}},{"type":"Feature","geometry":{"type":"Point","coordinates":[-4.1367579,50.3752019]},"properties":{"name":"Switch","layer":"nightclubs","note":"OpenStreetMap","osm_id":"way/918617865","osm_url":"https://www.openstreetmap.org/way/918617865","source":"OpenStreetMap"}},{"type":"Feature","geometry":{"type":"Point","coordinates":[-4.148086,50.370155]},"properties":{"name":"Popworld","layer":"nightclubs","note":"Stonegate","osm_id":"way/927363063","osm_url":"https://www.openstreetmap.org/way/927363063","source":"OpenStreetMap","brand":"Stonegate"}},{"type":"Feature","geometry":{"type":"Point","coordinates":[-4.1473583,50.3701134]},"properties":{"name":"Sync Nghtclub","layer":"nightclubs","note":"OpenStreetMap","osm_id":"way/927363067","osm_url":"https://www.openstreetmap.org/way/927363067","source":"OpenStreetMap"}},{"type":"Feature","geometry":{"type":"Point","coordinates":[-4.147423,50.3700714]},"properties":{"name":"Temptations","layer":"nightclubs","note":"OpenStreetMap","osm_id":"way/927363068","osm_url":"https://www.openstreetmap.org/way/927363068","source":"OpenStreetMap"}},{"type":"Feature","geometry":{"type":"Point","coordinates":[1.1281846,51.3727925]},"properties":{"name":"Vibe","layer":"nightclubs","note":"OpenStreetMap","osm_id":"way/936525253","osm_url":"https://www.openstreetmap.org/way/936525253","source":"OpenStreetMap"}},{"type":"Feature","geometry":{"type":"Point","coordinates":[-1.3354532,52.059967]},"properties":{"name":"Mirage","layer":"nightclubs","note":"OpenStreetMap","osm_id":"way/937106879","osm_url":"https://www.openstreetmap.org/way/937106879","source":"OpenStreetMap"}},{"type":"Feature","geometry":{"type":"Point","coordinates":[-1.3388102,52.060949]},"properties":{"name":"Fever","layer":"nightclubs","note":"Stonegate","osm_id":"way/938780789","osm_url":"https://www.openstreetmap.org/way/938780789","source":"OpenStreetMap","brand":"Stonegate"}},{"type":"Feature","geometry":{"type":"Point","coordinates":[-1.3389298,52.0607015]},"properties":{"name":"Aria's Nightclub","layer":"nightclubs","note":"Stonegate","osm_id":"way/938780790","osm_url":"https://www.openstreetmap.org/way/938780790","source":"OpenStreetMap","brand":"Stonegate"}},{"type":"Feature","geometry":{"type":"Point","coordinates":[-3.2826544,51.3992779]},"properties":{"name":"Cocoa","layer":"nightclubs","note":"OpenStreetMap","osm_id":"way/945823068","osm_url":"https://www.openstreetmap.org/way/945823068","source":"OpenStreetMap"}},{"type":"Feature","geometry":{"type":"Point","coordinates":[-4.1450043,50.3722296]},"properties":{"name":"Images","layer":"nightclubs","note":"OpenStreetMap","osm_id":"way/950375812","osm_url":"https://www.openstreetmap.org/way/950375812","source":"OpenStreetMap"}},{"type":"Feature","geometry":{"type":"Point","coordinates":[-1.8961098,52.472714]},"properties":{"name":"Nightingale Club","layer":"nightclubs","note":"OpenStreetMap","osm_id":"way/963200524","osm_url":"https://www.openstreetmap.org/way/963200524","source":"OpenStreetMap"}},{"type":"Feature","geometry":{"type":"Point","coordinates":[-1.8965976,52.4725279]},"properties":{"name":"Boltz","layer":"nightclubs","note":"OpenStreetMap","osm_id":"way/963985128","osm_url":"https://www.openstreetmap.org/way/963985128","source":"OpenStreetMap"}},{"type":"Feature","geometry":{"type":"Point","coordinates":[-1.4759602,53.377483]},"properties":{"name":"Corporation","layer":"nightclubs","note":"OpenStreetMap","osm_id":"way/96402566","osm_url":"https://www.openstreetmap.org/way/96402566","source":"OpenStreetMap"}},{"type":"Feature","geometry":{"type":"Point","coordinates":[-7.93746,53.4231248]},"properties":{"name":"Viva","layer":"nightclubs","note":"OpenStreetMap","osm_id":"way/964703040","osm_url":"https://www.openstreetmap.org/way/964703040","source":"OpenStreetMap"}},{"type":"Feature","geometry":{"type":"Point","coordinates":[0.1381465,51.4571018]},"properties":{"name":"Pure Lounge Club","layer":"nightclubs","note":"OpenStreetMap","osm_id":"way/966309614","osm_url":"https://www.openstreetmap.org/way/966309614","source":"OpenStreetMap"}},{"type":"Feature","geometry":{"type":"Point","coordinates":[-0.2312847,51.4946561]},"properties":{"name":"Secrets","layer":"nightclubs","note":"OpenStreetMap","osm_id":"way/971050396","osm_url":"https://www.openstreetmap.org/way/971050396","source":"OpenStreetMap"}},{"type":"Feature","geometry":{"type":"Point","coordinates":[-2.5927046,53.387163]},"properties":{"name":"PJ's","layer":"nightclubs","note":"OpenStreetMap","osm_id":"way/973102984","osm_url":"https://www.openstreetmap.org/way/973102984","source":"OpenStreetMap"}},{"type":"Feature","geometry":{"type":"Point","coordinates":[-1.9046937,52.4849674]},"properties":{"name":"The Jam House","layer":"nightclubs","note":"OpenStreetMap","osm_id":"way/97572297","osm_url":"https://www.openstreetmap.org/way/97572297","source":"OpenStreetMap"}},{"type":"Feature","geometry":{"type":"Point","coordinates":[-0.3752748,50.8180318]},"properties":{"name":"Studio 27","layer":"nightclubs","note":"OpenStreetMap","osm_id":"way/987108700","osm_url":"https://www.openstreetmap.org/way/987108700","source":"OpenStreetMap"}},{"type":"Feature","geometry":{"type":"Point","coordinates":[-1.2436713,51.7503509]},"properties":{"name":"Glamorous","layer":"nightclubs","note":"Glamorous","osm_id":"way/988834884","osm_url":"https://www.openstreetmap.org/way/988834884","source":"OpenStreetMap","brand":"Glamorous"}},{"type":"Feature","geometry":{"type":"Point","coordinates":[-1.3134746,54.5607993]},"properties":{"name":"The Wobbly Goblin","layer":"nightclubs","note":"OpenStreetMap","osm_id":"way/99275494","osm_url":"https://www.openstreetmap.org/way/99275494","source":"OpenStreetMap"}},{"type":"Feature","geometry":{"type":"Point","coordinates":[-1.8875687,50.7195948]},"properties":{"name":"The Vault","layer":"nightclubs","note":"OpenStreetMap","osm_id":"way/994976287","osm_url":"https://www.openstreetmap.org/way/994976287","source":"OpenStreetMap"}},{"type":"Feature","geometry":{"type":"Point","coordinates":[-1.3153508,54.5637804]},"properties":{"name":"Ku Bar","layer":"nightclubs","note":"OpenStreetMap","osm_id":"way/99804987","osm_url":"https://www.openstreetmap.org/way/99804987","source":"OpenStreetMap"}}]}
