{"type":"FeatureCollection","features":[{"type":"Feature","geometry":{"type":"Point","coordinates":[-0.4130459,52.1288345]},"properties":{"name":"Bedford Town FC - The Eyrie Stadium","layer":"stadiums","note":"OpenStreetMap","osm_id":"node/10059623491","osm_url":"https://www.openstreetmap.org/node/10059623491","source":"OpenStreetMap"}},{"type":"Feature","geometry":{"type":"Point","coordinates":[-0.5502123,50.8547326]},"properties":{"name":"Arundel Football Club","layer":"stadiums","note":"OpenStreetMap","osm_id":"node/11040338682","osm_url":"https://www.openstreetmap.org/node/11040338682","source":"OpenStreetMap"}},{"type":"Feature","geometry":{"type":"Point","coordinates":[0.4321446,51.3329969]},"properties":{"name":"Snodland Town Football Club","layer":"stadiums","note":"OpenStreetMap","osm_id":"node/11361850916","osm_url":"https://www.openstreetmap.org/node/11361850916","source":"OpenStreetMap"}},{"type":"Feature","geometry":{"type":"Point","coordinates":[-6.2267428,53.3346172]},"properties":{"name":"Aviva Stadium Entrance M - O","layer":"stadiums","note":"Aviva Stadium","osm_id":"node/11816365456","osm_url":"https://www.openstreetmap.org/node/11816365456","source":"OpenStreetMap","brand":"Aviva Stadium"}},{"type":"Feature","geometry":{"type":"Point","coordinates":[0.1136269,52.2424218]},"properties":{"name":"Histon Football Club","layer":"stadiums","note":"OpenStreetMap","osm_id":"node/25611797","osm_url":"https://www.openstreetmap.org/node/25611797","source":"OpenStreetMap"}},{"type":"Feature","geometry":{"type":"Point","coordinates":[0.2948441,51.3828284]},"properties":{"name":"Corinthians Sports Club","layer":"stadiums","note":"OpenStreetMap","osm_id":"node/257374553","osm_url":"https://www.openstreetmap.org/node/257374553","source":"OpenStreetMap"}},{"type":"Feature","geometry":{"type":"Point","coordinates":[-2.395035,53.5737269]},"properties":{"name":"Leverhulme Athletics Stadium","layer":"stadiums","note":"OpenStreetMap","osm_id":"node/471409032","osm_url":"https://www.openstreetmap.org/node/471409032","source":"OpenStreetMap"}},{"type":"Feature","geometry":{"type":"Point","coordinates":[0.7668189,51.421322]},"properties":{"name":"Sheppey United Football Club","layer":"stadiums","note":"OpenStreetMap","osm_id":"node/4894276872","osm_url":"https://www.openstreetmap.org/node/4894276872","source":"OpenStreetMap"}},{"type":"Feature","geometry":{"type":"Point","coordinates":[-3.0545077,53.7912081]},"properties":{"name":"Pleasure Beach Arena","layer":"stadiums","note":"OpenStreetMap","osm_id":"node/5456886016","osm_url":"https://www.openstreetmap.org/node/5456886016","source":"OpenStreetMap"}},{"type":"Feature","geometry":{"type":"Point","coordinates":[-1.5821217,53.8163397]},"properties":{"name":"AMT Headingley Rugby Stadium","layer":"stadiums","note":"OpenStreetMap","osm_id":"node/6178648083","osm_url":"https://www.openstreetmap.org/node/6178648083","source":"OpenStreetMap"}},{"type":"Feature","geometry":{"type":"Point","coordinates":[-3.0785034,53.2250082]},"properties":{"name":"North Wales Indoor Athletics Centre","layer":"stadiums","note":"OpenStreetMap","osm_id":"node/7086815987","osm_url":"https://www.openstreetmap.org/node/7086815987","source":"OpenStreetMap"}},{"type":"Feature","geometry":{"type":"Point","coordinates":[-1.5820048,53.8176677]},"properties":{"name":"Headingley Cricket Ground","layer":"stadiums","note":"OpenStreetMap","osm_id":"node/9817208844","osm_url":"https://www.openstreetmap.org/node/9817208844","source":"OpenStreetMap"}},{"type":"Feature","geometry":{"type":"Point","coordinates":[-3.0343877,51.7015383]},"properties":{"name":"Parc Pont-y-pŵl","layer":"stadiums","note":"OpenStreetMap","osm_id":"relation/10441335","osm_url":"https://www.openstreetmap.org/relation/10441335","source":"OpenStreetMap"}},{"type":"Feature","geometry":{"type":"Point","coordinates":[-0.2796038,51.5560663]},"properties":{"name":"Wembley Stadium","layer":"stadiums","note":"OpenStreetMap","osm_id":"relation/12942436","osm_url":"https://www.openstreetmap.org/relation/12942436","source":"OpenStreetMap"}},{"type":"Feature","geometry":{"type":"Point","coordinates":[-0.1947861,51.0996495]},"properties":{"name":"Broadfield Stadium","layer":"stadiums","note":"Crawley Town Football Club","osm_id":"relation/13346215","osm_url":"https://www.openstreetmap.org/relation/13346215","source":"OpenStreetMap","brand":"Crawley Town Football Club"}},{"type":"Feature","geometry":{"type":"Point","coordinates":[-2.2430094,51.8715337]},"properties":{"name":"Kingsholm Stadium","layer":"stadiums","note":"OpenStreetMap","osm_id":"relation/13845427","osm_url":"https://www.openstreetmap.org/relation/13845427","source":"OpenStreetMap"}},{"type":"Feature","geometry":{"type":"Point","coordinates":[-1.905101,52.5312332]},"properties":{"name":"Alexander Stadium","layer":"stadiums","note":"OpenStreetMap","osm_id":"relation/15644617","osm_url":"https://www.openstreetmap.org/relation/15644617","source":"OpenStreetMap"}},{"type":"Feature","geometry":{"type":"Point","coordinates":[-2.1041311,53.4308861]},"properties":{"name":"Neil Rourke Memorial Stadium","layer":"stadiums","note":"OpenStreetMap","osm_id":"relation/1831073","osm_url":"https://www.openstreetmap.org/relation/1831073","source":"OpenStreetMap"}},{"type":"Feature","geometry":{"type":"Point","coordinates":[-2.6647147,53.5037924]},"properties":{"name":"Brocstedes Park","layer":"stadiums","note":"OpenStreetMap","osm_id":"relation/1831077","osm_url":"https://www.openstreetmap.org/relation/1831077","source":"OpenStreetMap"}},{"type":"Feature","geometry":{"type":"Point","coordinates":[-2.3983445,53.4544796]},"properties":{"name":"Valley Road","layer":"stadiums","note":"OpenStreetMap","osm_id":"relation/1831082","osm_url":"https://www.openstreetmap.org/relation/1831082","source":"OpenStreetMap"}},{"type":"Feature","geometry":{"type":"Point","coordinates":[-2.4839924,53.5310099]},"properties":{"name":"Crilly Park","layer":"stadiums","note":"OpenStreetMap","osm_id":"relation/1831084","osm_url":"https://www.openstreetmap.org/relation/1831084","source":"OpenStreetMap"}},{"type":"Feature","geometry":{"type":"Point","coordinates":[-2.6242412,53.4919998]},"properties":{"name":"Edge Green Street Stadium","layer":"stadiums","note":"OpenStreetMap","osm_id":"relation/1831091","osm_url":"https://www.openstreetmap.org/relation/1831091","source":"OpenStreetMap"}},{"type":"Feature","geometry":{"type":"Point","coordinates":[-2.4137763,53.4574478]},"properties":{"name":"Silver Street","layer":"stadiums","note":"OpenStreetMap","osm_id":"relation/1831095","osm_url":"https://www.openstreetmap.org/relation/1831095","source":"OpenStreetMap"}},{"type":"Feature","geometry":{"type":"Point","coordinates":[-2.5181539,53.5320811]},"properties":{"name":"New Sirs","layer":"stadiums","note":"OpenStreetMap","osm_id":"relation/1831096","osm_url":"https://www.openstreetmap.org/relation/1831096","source":"OpenStreetMap"}},{"type":"Feature","geometry":{"type":"Point","coordinates":[-2.1219291,53.5187315]},"properties":{"name":"Vestacare Stadium","layer":"stadiums","note":"OpenStreetMap","osm_id":"relation/1831097","osm_url":"https://www.openstreetmap.org/relation/1831097","source":"OpenStreetMap"}},{"type":"Feature","geometry":{"type":"Point","coordinates":[-2.1891864,53.5919517]},"properties":{"name":"Stadium","layer":"stadiums","note":"OpenStreetMap","osm_id":"relation/1831102","osm_url":"https://www.openstreetmap.org/relation/1831102","source":"OpenStreetMap"}},{"type":"Feature","geometry":{"type":"Point","coordinates":[-2.6515305,53.5464056]},"properties":{"name":"Robin Park Arena","layer":"stadiums","note":"OpenStreetMap","osm_id":"relation/1831103","osm_url":"https://www.openstreetmap.org/relation/1831103","source":"OpenStreetMap"}},{"type":"Feature","geometry":{"type":"Point","coordinates":[-2.3721915,53.4464924]},"properties":{"name":"Shawe View","layer":"stadiums","note":"Trafford Football Club","osm_id":"relation/1831122","osm_url":"https://www.openstreetmap.org/relation/1831122","source":"OpenStreetMap","brand":"Trafford Football Club"}},{"type":"Feature","geometry":{"type":"Point","coordinates":[-2.0445578,53.5163377]},"properties":{"name":"Seel Park","layer":"stadiums","note":"OpenStreetMap","osm_id":"relation/1831130","osm_url":"https://www.openstreetmap.org/relation/1831130","source":"OpenStreetMap"}},{"type":"Feature","geometry":{"type":"Point","coordinates":[-2.1160938,53.4941895]},"properties":{"name":"Tameside Stadium","layer":"stadiums","note":"OpenStreetMap","osm_id":"relation/1831145","osm_url":"https://www.openstreetmap.org/relation/1831145","source":"OpenStreetMap"}},{"type":"Feature","geometry":{"type":"Point","coordinates":[-2.0797045,53.5013006]},"properties":{"name":"Hurst Cross","layer":"stadiums","note":"OpenStreetMap","osm_id":"relation/1831149","osm_url":"https://www.openstreetmap.org/relation/1831149","source":"OpenStreetMap"}},{"type":"Feature","geometry":{"type":"Point","coordinates":[-1.9931294,53.3664427]},"properties":{"name":"Church Lane","layer":"stadiums","note":"OpenStreetMap","osm_id":"relation/1836809","osm_url":"https://www.openstreetmap.org/relation/1836809","source":"OpenStreetMap"}},{"type":"Feature","geometry":{"type":"Point","coordinates":[-2.0397972,53.1097269]},"properties":{"name":"Leek Town FC","layer":"stadiums","note":"OpenStreetMap","osm_id":"relation/1883813","osm_url":"https://www.openstreetmap.org/relation/1883813","source":"OpenStreetMap"}},{"type":"Feature","geometry":{"type":"Point","coordinates":[0.0032044,51.5029354]},"properties":{"name":"The O2","layer":"stadiums","note":"OpenStreetMap","osm_id":"relation/1895281","osm_url":"https://www.openstreetmap.org/relation/1895281","source":"OpenStreetMap"}},{"type":"Feature","geometry":{"type":"Point","coordinates":[-6.4759193,52.3324814]},"properties":{"name":"Chadwicks Wexford Park","layer":"stadiums","note":"OpenStreetMap","osm_id":"relation/3327481","osm_url":"https://www.openstreetmap.org/relation/3327481","source":"OpenStreetMap"}},{"type":"Feature","geometry":{"type":"Point","coordinates":[-9.5087893,52.0663134]},"properties":{"name":"Fitzgerald Stadium","layer":"stadiums","note":"OpenStreetMap","osm_id":"relation/3357082","osm_url":"https://www.openstreetmap.org/relation/3357082","source":"OpenStreetMap"}},{"type":"Feature","geometry":{"type":"Point","coordinates":[-8.435189,51.899716]},"properties":{"name":"SuperValu Páirc Uí Chaoimh","layer":"stadiums","note":"Cork County Board","osm_id":"relation/3357154","osm_url":"https://www.openstreetmap.org/relation/3357154","source":"OpenStreetMap","brand":"Cork County Board"}},{"type":"Feature","geometry":{"type":"Point","coordinates":[-8.6425332,52.6742119]},"properties":{"name":"Thomond Park","layer":"stadiums","note":"OpenStreetMap","osm_id":"relation/3357191","osm_url":"https://www.openstreetmap.org/relation/3357191","source":"OpenStreetMap"}},{"type":"Feature","geometry":{"type":"Point","coordinates":[-2.1803783,53.5166013]},"properties":{"name":"Broadhurst Park","layer":"stadiums","note":"F.C. United of Manchester","osm_id":"relation/5162838","osm_url":"https://www.openstreetmap.org/relation/5162838","source":"OpenStreetMap","brand":"F.C. United of Manchester"}},{"type":"Feature","geometry":{"type":"Point","coordinates":[-8.1823339,53.625179]},"properties":{"name":"Doctor Hyde Park","layer":"stadiums","note":"Roscommon GAA","osm_id":"relation/5239042","osm_url":"https://www.openstreetmap.org/relation/5239042","source":"OpenStreetMap","brand":"Roscommon GAA"}},{"type":"Feature","geometry":{"type":"Point","coordinates":[-1.6721816,52.6360562]},"properties":{"name":"Bolehall Swifts","layer":"stadiums","note":"OpenStreetMap","osm_id":"relation/5721735","osm_url":"https://www.openstreetmap.org/relation/5721735","source":"OpenStreetMap"}},{"type":"Feature","geometry":{"type":"Point","coordinates":[-3.4677025,50.7092986]},"properties":{"name":"Sandy Park Stadium","layer":"stadiums","note":"OpenStreetMap","osm_id":"relation/7565560","osm_url":"https://www.openstreetmap.org/relation/7565560","source":"OpenStreetMap"}},{"type":"Feature","geometry":{"type":"Point","coordinates":[-1.2168686,54.5782073]},"properties":{"name":"Stadium","layer":"stadiums","note":"OpenStreetMap","osm_id":"relation/7915882","osm_url":"https://www.openstreetmap.org/relation/7915882","source":"OpenStreetMap"}},{"type":"Feature","geometry":{"type":"Point","coordinates":[-3.4913498,50.7376551]},"properties":{"name":"Exeter Arena","layer":"stadiums","note":"OpenStreetMap","osm_id":"relation/7944845","osm_url":"https://www.openstreetmap.org/relation/7944845","source":"OpenStreetMap"}},{"type":"Feature","geometry":{"type":"Point","coordinates":[-2.2869564,53.4564185]},"properties":{"name":"Emirates Old Trafford","layer":"stadiums","note":"OpenStreetMap","osm_id":"relation/8005784","osm_url":"https://www.openstreetmap.org/relation/8005784","source":"OpenStreetMap"}},{"type":"Feature","geometry":{"type":"Point","coordinates":[-0.1722484,51.5297048]},"properties":{"name":"Lord's Cricket Ground","layer":"stadiums","note":"Marylebone Cricket Club","osm_id":"relation/9653407","osm_url":"https://www.openstreetmap.org/relation/9653407","source":"OpenStreetMap","brand":"Marylebone Cricket Club"}},{"type":"Feature","geometry":{"type":"Point","coordinates":[-1.3908797,50.905792]},"properties":{"name":"St. Mary's Stadium","layer":"stadiums","note":"Southampton Football Club","osm_id":"relation/976258","osm_url":"https://www.openstreetmap.org/relation/976258","source":"OpenStreetMap","brand":"Southampton Football Club"}},{"type":"Feature","geometry":{"type":"Point","coordinates":[-7.2331113,54.1854647]},"properties":{"name":"St. Tiernach’s Park","layer":"stadiums","note":"OpenStreetMap","osm_id":"way/1006440355","osm_url":"https://www.openstreetmap.org/way/1006440355","source":"OpenStreetMap"}},{"type":"Feature","geometry":{"type":"Point","coordinates":[-4.1500889,53.2254457]},"properties":{"name":"Nantporth","layer":"stadiums","note":"OpenStreetMap","osm_id":"way/1006454261","osm_url":"https://www.openstreetmap.org/way/1006454261","source":"OpenStreetMap"}},{"type":"Feature","geometry":{"type":"Point","coordinates":[-6.3167204,53.3408485]},"properties":{"name":"Richmond Park","layer":"stadiums","note":"OpenStreetMap","osm_id":"way/1006461993","osm_url":"https://www.openstreetmap.org/way/1006461993","source":"OpenStreetMap"}},{"type":"Feature","geometry":{"type":"Point","coordinates":[-6.3369051,54.4541897]},"properties":{"name":"Mourneview Park","layer":"stadiums","note":"OpenStreetMap","osm_id":"way/1006498723","osm_url":"https://www.openstreetmap.org/way/1006498723","source":"OpenStreetMap"}},{"type":"Feature","geometry":{"type":"Point","coordinates":[-1.829109,54.8595876]},"properties":{"name":"Amethyst Park","layer":"stadiums","note":"Consett Rugby Club","osm_id":"way/1006786528","osm_url":"https://www.openstreetmap.org/way/1006786528","source":"OpenStreetMap","brand":"Consett Rugby Club"}},{"type":"Feature","geometry":{"type":"Point","coordinates":[-1.8241248,54.8501332]},"properties":{"name":"Belle View Stadium","layer":"stadiums","note":"Consett AFC","osm_id":"way/1006786534","osm_url":"https://www.openstreetmap.org/way/1006786534","source":"OpenStreetMap","brand":"Consett AFC"}},{"type":"Feature","geometry":{"type":"Point","coordinates":[-5.1019998,56.8232263]},"properties":{"name":"An Aird","layer":"stadiums","note":"OpenStreetMap","osm_id":"way/100833159","osm_url":"https://www.openstreetmap.org/way/100833159","source":"OpenStreetMap"}},{"type":"Feature","geometry":{"type":"Point","coordinates":[0.2399794,52.0273853]},"properties":{"name":"Catons Lane","layer":"stadiums","note":"Saffron Walden Town Football Club","osm_id":"way/1021509724","osm_url":"https://www.openstreetmap.org/way/1021509724","source":"OpenStreetMap","brand":"Saffron Walden Town Football Club"}},{"type":"Feature","geometry":{"type":"Point","coordinates":[-0.371665,52.7666669]},"properties":{"name":"Bourne Town FC (The Wakes)","layer":"stadiums","note":"OpenStreetMap","osm_id":"way/1021662910","osm_url":"https://www.openstreetmap.org/way/1021662910","source":"OpenStreetMap"}},{"type":"Feature","geometry":{"type":"Point","coordinates":[-2.1998211,53.7081663]},"properties":{"name":"Stadium","layer":"stadiums","note":"Bacup Borough Football Club","osm_id":"way/1024514901","osm_url":"https://www.openstreetmap.org/way/1024514901","source":"OpenStreetMap","brand":"Bacup Borough Football Club"}},{"type":"Feature","geometry":{"type":"Point","coordinates":[-3.0290433,53.8146332]},"properties":{"name":"Blackpool Cricket Club","layer":"stadiums","note":"OpenStreetMap","osm_id":"way/102777466","osm_url":"https://www.openstreetmap.org/way/102777466","source":"OpenStreetMap"}},{"type":"Feature","geometry":{"type":"Point","coordinates":[-5.8784433,54.5993886]},"properties":{"name":"Wilgar Park","layer":"stadiums","note":"OpenStreetMap","osm_id":"way/10292119","osm_url":"https://www.openstreetmap.org/way/10292119","source":"OpenStreetMap"}},{"type":"Feature","geometry":{"type":"Point","coordinates":[-4.3649855,55.8767085]},"properties":{"name":"Braehead Arena","layer":"stadiums","note":"OpenStreetMap","osm_id":"way/1032004889","osm_url":"https://www.openstreetmap.org/way/1032004889","source":"OpenStreetMap"}},{"type":"Feature","geometry":{"type":"Point","coordinates":[-3.6116094,56.0094895]},"properties":{"name":"Newtown Park","layer":"stadiums","note":"OpenStreetMap","osm_id":"way/103636328","osm_url":"https://www.openstreetmap.org/way/103636328","source":"OpenStreetMap"}},{"type":"Feature","geometry":{"type":"Point","coordinates":[-0.2147903,51.4353046]},"properties":{"name":"No. 1 Court","layer":"stadiums","note":"OpenStreetMap","osm_id":"way/10364073","osm_url":"https://www.openstreetmap.org/way/10364073","source":"OpenStreetMap"}},{"type":"Feature","geometry":{"type":"Point","coordinates":[-3.1688894,56.1901995]},"properties":{"name":"Warout Stadium","layer":"stadiums","note":"OpenStreetMap","osm_id":"way/1042953869","osm_url":"https://www.openstreetmap.org/way/1042953869","source":"OpenStreetMap"}},{"type":"Feature","geometry":{"type":"Point","coordinates":[-0.8062736,51.2116175]},"properties":{"name":"Memorial Ground","layer":"stadiums","note":"OpenStreetMap","osm_id":"way/1047956802","osm_url":"https://www.openstreetmap.org/way/1047956802","source":"OpenStreetMap"}},{"type":"Feature","geometry":{"type":"Point","coordinates":[-4.0831364,50.3907223]},"properties":{"name":"Plymouth Coliseum","layer":"stadiums","note":"OpenStreetMap","osm_id":"way/1052445092","osm_url":"https://www.openstreetmap.org/way/1052445092","source":"OpenStreetMap"}},{"type":"Feature","geometry":{"type":"Point","coordinates":[-6.7948346,53.1797208]},"properties":{"name":"St. Conleth's Park","layer":"stadiums","note":"OpenStreetMap","osm_id":"way/105320174","osm_url":"https://www.openstreetmap.org/way/105320174","source":"OpenStreetMap"}},{"type":"Feature","geometry":{"type":"Point","coordinates":[-6.8108861,53.1847826]},"properties":{"name":"Newbridge Town Football Club","layer":"stadiums","note":"OpenStreetMap","osm_id":"way/105320190","osm_url":"https://www.openstreetmap.org/way/105320190","source":"OpenStreetMap"}},{"type":"Feature","geometry":{"type":"Point","coordinates":[-0.0126577,51.5601073]},"properties":{"name":"Brisbane Road","layer":"stadiums","note":"Leyton Orient Football Club","osm_id":"way/10604113","osm_url":"https://www.openstreetmap.org/way/10604113","source":"OpenStreetMap","brand":"Leyton Orient Football Club"}},{"type":"Feature","geometry":{"type":"Point","coordinates":[-3.8712333,51.8074671]},"properties":{"name":"Stadium","layer":"stadiums","note":"OpenStreetMap","osm_id":"way/106164367","osm_url":"https://www.openstreetmap.org/way/106164367","source":"OpenStreetMap"}},{"type":"Feature","geometry":{"type":"Point","coordinates":[-6.2291811,53.3257938]},"properties":{"name":"RDS Arena","layer":"stadiums","note":"OpenStreetMap","osm_id":"way/1066758508","osm_url":"https://www.openstreetmap.org/way/1066758508","source":"OpenStreetMap"}},{"type":"Feature","geometry":{"type":"Point","coordinates":[-1.461071,52.9274918]},"properties":{"name":"Derbyshire County Cricket Club","layer":"stadiums","note":"OpenStreetMap","osm_id":"way/107385079","osm_url":"https://www.openstreetmap.org/way/107385079","source":"OpenStreetMap"}},{"type":"Feature","geometry":{"type":"Point","coordinates":[-3.9424119,51.6160857]},"properties":{"name":"Swansea Arena","layer":"stadiums","note":"OpenStreetMap","osm_id":"way/1077476775","osm_url":"https://www.openstreetmap.org/way/1077476775","source":"OpenStreetMap"}},{"type":"Feature","geometry":{"type":"Point","coordinates":[-6.2749321,53.3619924]},"properties":{"name":"Dalymount Park","layer":"stadiums","note":"Bohemian Football Club","osm_id":"way/1081934900","osm_url":"https://www.openstreetmap.org/way/1081934900","source":"OpenStreetMap","brand":"Bohemian Football Club"}},{"type":"Feature","geometry":{"type":"Point","coordinates":[-0.1760961,50.8421468]},"properties":{"name":"Coral Brighton & Hove Greyhound Stadium","layer":"stadiums","note":"OpenStreetMap","osm_id":"way/1086041098","osm_url":"https://www.openstreetmap.org/way/1086041098","source":"OpenStreetMap"}},{"type":"Feature","geometry":{"type":"Point","coordinates":[-3.1681726,56.0997926]},"properties":{"name":"Stark's Park","layer":"stadiums","note":"Raith Rovers FC","osm_id":"way/109654683","osm_url":"https://www.openstreetmap.org/way/109654683","source":"OpenStreetMap","brand":"Raith Rovers FC"}},{"type":"Feature","geometry":{"type":"Point","coordinates":[-3.026413,52.8756142]},"properties":{"name":"Park Hall Stadium","layer":"stadiums","note":"OpenStreetMap","osm_id":"way/1118978821","osm_url":"https://www.openstreetmap.org/way/1118978821","source":"OpenStreetMap"}},{"type":"Feature","geometry":{"type":"Point","coordinates":[-6.3348992,54.1631256]},"properties":{"name":"Páirc Esler (Down GAA & Newry Shamrocks GAC)","layer":"stadiums","note":"OpenStreetMap","osm_id":"way/113523274","osm_url":"https://www.openstreetmap.org/way/113523274","source":"OpenStreetMap"}},{"type":"Feature","geometry":{"type":"Point","coordinates":[-6.4577538,54.4130589]},"properties":{"name":"Portadown Football Club","layer":"stadiums","note":"OpenStreetMap","osm_id":"way/1136152281","osm_url":"https://www.openstreetmap.org/way/1136152281","source":"OpenStreetMap"}},{"type":"Feature","geometry":{"type":"Point","coordinates":[-6.9601239,54.249488]},"properties":{"name":"Monaghan Harps GAA","layer":"stadiums","note":"OpenStreetMap","osm_id":"way/1141065032","osm_url":"https://www.openstreetmap.org/way/1141065032","source":"OpenStreetMap"}},{"type":"Feature","geometry":{"type":"Point","coordinates":[-4.2675242,53.1347916]},"properties":{"name":"Yr Oval","layer":"stadiums","note":"Caernarfon Town FC","osm_id":"way/114140083","osm_url":"https://www.openstreetmap.org/way/114140083","source":"OpenStreetMap","brand":"Caernarfon Town FC"}},{"type":"Feature","geometry":{"type":"Point","coordinates":[-0.6953229,53.5867184]},"properties":{"name":"Glanford Park","layer":"stadiums","note":"Scunthorpe United Football Club","osm_id":"way/114443726","osm_url":"https://www.openstreetmap.org/way/114443726","source":"OpenStreetMap","brand":"Scunthorpe United Football Club"}},{"type":"Feature","geometry":{"type":"Point","coordinates":[-6.9568851,54.3376163]},"properties":{"name":"Stadium","layer":"stadiums","note":"OpenStreetMap","osm_id":"way/1146577713","osm_url":"https://www.openstreetmap.org/way/1146577713","source":"OpenStreetMap"}},{"type":"Feature","geometry":{"type":"Point","coordinates":[-2.5629598,49.4646738]},"properties":{"name":"Footes Lane Sports Stadium","layer":"stadiums","note":"OpenStreetMap","osm_id":"way/115109408","osm_url":"https://www.openstreetmap.org/way/115109408","source":"OpenStreetMap"}},{"type":"Feature","geometry":{"type":"Point","coordinates":[-2.5624608,49.46377]},"properties":{"name":"The Hockey Club","layer":"stadiums","note":"OpenStreetMap","osm_id":"way/115112309","osm_url":"https://www.openstreetmap.org/way/115112309","source":"OpenStreetMap"}},{"type":"Feature","geometry":{"type":"Point","coordinates":[-2.4850695,50.6202129]},"properties":{"name":"Bob Lucas Stadium","layer":"stadiums","note":"Weymouth F.C.","osm_id":"way/115244592","osm_url":"https://www.openstreetmap.org/way/115244592","source":"OpenStreetMap","brand":"Weymouth F.C."}},{"type":"Feature","geometry":{"type":"Point","coordinates":[-4.5092951,55.6042049]},"properties":{"name":"Rugby Park","layer":"stadiums","note":"OpenStreetMap","osm_id":"way/116475823","osm_url":"https://www.openstreetmap.org/way/116475823","source":"OpenStreetMap"}},{"type":"Feature","geometry":{"type":"Point","coordinates":[-1.795924,57.5111385]},"properties":{"name":"Balmoor Stadium","layer":"stadiums","note":"Peterhead Football Club","osm_id":"way/116586977","osm_url":"https://www.openstreetmap.org/way/116586977","source":"OpenStreetMap","brand":"Peterhead Football Club"}},{"type":"Feature","geometry":{"type":"Point","coordinates":[-3.2055942,55.9688283]},"properties":{"name":"Goldenacre","layer":"stadiums","note":"OpenStreetMap","osm_id":"way/1165893665","osm_url":"https://www.openstreetmap.org/way/1165893665","source":"OpenStreetMap"}},{"type":"Feature","geometry":{"type":"Point","coordinates":[-0.0105674,51.5401511]},"properties":{"name":"London Aquatics Centre","layer":"stadiums","note":"Everyone Active","osm_id":"way/1169737833","osm_url":"https://www.openstreetmap.org/way/1169737833","source":"OpenStreetMap","brand":"Everyone Active"}},{"type":"Feature","geometry":{"type":"Point","coordinates":[-0.6906241,53.0465999]},"properties":{"name":"Stadium","layer":"stadiums","note":"OpenStreetMap","osm_id":"way/1177107722","osm_url":"https://www.openstreetmap.org/way/1177107722","source":"OpenStreetMap"}},{"type":"Feature","geometry":{"type":"Point","coordinates":[1.1452875,52.0549319]},"properties":{"name":"Portman Road Stadium","layer":"stadiums","note":"OpenStreetMap","osm_id":"way/117953386","osm_url":"https://www.openstreetmap.org/way/117953386","source":"OpenStreetMap"}},{"type":"Feature","geometry":{"type":"Point","coordinates":[-0.2145948,51.4327208]},"properties":{"name":"No. 3 Court","layer":"stadiums","note":"OpenStreetMap","osm_id":"way/118182256","osm_url":"https://www.openstreetmap.org/way/118182256","source":"OpenStreetMap"}},{"type":"Feature","geometry":{"type":"Point","coordinates":[-0.2129276,51.4323526]},"properties":{"name":"No. 2 Court","layer":"stadiums","note":"OpenStreetMap","osm_id":"way/118182264","osm_url":"https://www.openstreetmap.org/way/118182264","source":"OpenStreetMap"}},{"type":"Feature","geometry":{"type":"Point","coordinates":[-3.4586789,51.1936581]},"properties":{"name":"Minehead Barbarians RFC","layer":"stadiums","note":"OpenStreetMap","osm_id":"way/118930861","osm_url":"https://www.openstreetmap.org/way/118930861","source":"OpenStreetMap"}},{"type":"Feature","geometry":{"type":"Point","coordinates":[-2.3213113,53.4161021]},"properties":{"name":"Heywood Road","layer":"stadiums","note":"OpenStreetMap","osm_id":"way/1194100853","osm_url":"https://www.openstreetmap.org/way/1194100853","source":"OpenStreetMap"}},{"type":"Feature","geometry":{"type":"Point","coordinates":[-2.4456255,50.7005039]},"properties":{"name":"Dorchester Town FC","layer":"stadiums","note":"OpenStreetMap","osm_id":"way/119451718","osm_url":"https://www.openstreetmap.org/way/119451718","source":"OpenStreetMap"}},{"type":"Feature","geometry":{"type":"Point","coordinates":[-4.1280861,51.6801193]},"properties":{"name":"Stadium","layer":"stadiums","note":"Parc y Scarlets","osm_id":"way/1194831025","osm_url":"https://www.openstreetmap.org/way/1194831025","source":"OpenStreetMap","brand":"Parc y Scarlets"}},{"type":"Feature","geometry":{"type":"Point","coordinates":[-0.2140638,51.4338527]},"properties":{"name":"Centre Court","layer":"stadiums","note":"OpenStreetMap","osm_id":"way/119502509","osm_url":"https://www.openstreetmap.org/way/119502509","source":"OpenStreetMap"}},{"type":"Feature","geometry":{"type":"Point","coordinates":[-3.0852297,51.016626]},"properties":{"name":"Taunton Town FC","layer":"stadiums","note":"OpenStreetMap","osm_id":"way/120022778","osm_url":"https://www.openstreetmap.org/way/120022778","source":"OpenStreetMap"}},{"type":"Feature","geometry":{"type":"Point","coordinates":[-6.6047269,53.9930753]},"properties":{"name":"Stadium","layer":"stadiums","note":"OpenStreetMap","osm_id":"way/1210349785","osm_url":"https://www.openstreetmap.org/way/1210349785","source":"OpenStreetMap"}},{"type":"Feature","geometry":{"type":"Point","coordinates":[-6.6049634,53.9922996]},"properties":{"name":"Stadium","layer":"stadiums","note":"OpenStreetMap","osm_id":"way/1210349786","osm_url":"https://www.openstreetmap.org/way/1210349786","source":"OpenStreetMap"}},{"type":"Feature","geometry":{"type":"Point","coordinates":[-6.6043472,53.9921104]},"properties":{"name":"Stadium","layer":"stadiums","note":"OpenStreetMap","osm_id":"way/1210349787","osm_url":"https://www.openstreetmap.org/way/1210349787","source":"OpenStreetMap"}},{"type":"Feature","geometry":{"type":"Point","coordinates":[-6.601565,53.9928894]},"properties":{"name":"Stadium","layer":"stadiums","note":"OpenStreetMap","osm_id":"way/1210349817","osm_url":"https://www.openstreetmap.org/way/1210349817","source":"OpenStreetMap"}},{"type":"Feature","geometry":{"type":"Point","coordinates":[-6.6033805,53.9935229]},"properties":{"name":"Stadium","layer":"stadiums","note":"OpenStreetMap","osm_id":"way/1210349824","osm_url":"https://www.openstreetmap.org/way/1210349824","source":"OpenStreetMap"}},{"type":"Feature","geometry":{"type":"Point","coordinates":[-0.0334299,51.5190119]},"properties":{"name":"Mile End Stadium","layer":"stadiums","note":"OpenStreetMap","osm_id":"way/1214813993","osm_url":"https://www.openstreetmap.org/way/1214813993","source":"OpenStreetMap"}},{"type":"Feature","geometry":{"type":"Point","coordinates":[-2.1999378,53.4863874]},"properties":{"name":"Co-op Live","layer":"stadiums","note":"OpenStreetMap","osm_id":"way/1216848400","osm_url":"https://www.openstreetmap.org/way/1216848400","source":"OpenStreetMap"}},{"type":"Feature","geometry":{"type":"Point","coordinates":[-3.4418205,56.0756645]},"properties":{"name":"KDM Group East End Park","layer":"stadiums","note":"Dunfermline Athletic Football Club","osm_id":"way/122229455","osm_url":"https://www.openstreetmap.org/way/122229455","source":"OpenStreetMap","brand":"Dunfermline Athletic Football Club"}},{"type":"Feature","geometry":{"type":"Point","coordinates":[-0.2187305,52.3681103]},"properties":{"name":"Stadium","layer":"stadiums","note":"OpenStreetMap","osm_id":"way/122361618","osm_url":"https://www.openstreetmap.org/way/122361618","source":"OpenStreetMap"}},{"type":"Feature","geometry":{"type":"Point","coordinates":[-6.7461824,54.4893831]},"properties":{"name":"Stangmore Park","layer":"stadiums","note":"Dungannon Swifts Football Club","osm_id":"way/1230104580","osm_url":"https://www.openstreetmap.org/way/1230104580","source":"OpenStreetMap","brand":"Dungannon Swifts Football Club"}},{"type":"Feature","geometry":{"type":"Point","coordinates":[-3.5557811,54.6479298]},"properties":{"name":"Derwent Park","layer":"stadiums","note":"Workington Town Rugby League Football Club","osm_id":"way/123129638","osm_url":"https://www.openstreetmap.org/way/123129638","source":"OpenStreetMap","brand":"Workington Town Rugby League Football Club"}},{"type":"Feature","geometry":{"type":"Point","coordinates":[-7.1120294,52.2495511]},"properties":{"name":"Ozier Park","layer":"stadiums","note":"OpenStreetMap","osm_id":"way/1231698413","osm_url":"https://www.openstreetmap.org/way/1231698413","source":"OpenStreetMap"}},{"type":"Feature","geometry":{"type":"Point","coordinates":[-1.0638751,50.79637]},"properties":{"name":"Fratton Park","layer":"stadiums","note":"Portsmouth Football Club","osm_id":"way/12357544","osm_url":"https://www.openstreetmap.org/way/12357544","source":"OpenStreetMap","brand":"Portsmouth Football Club"}},{"type":"Feature","geometry":{"type":"Point","coordinates":[-3.1257998,53.2492171]},"properties":{"name":"Cae-y-Castell","layer":"stadiums","note":"OpenStreetMap","osm_id":"way/1238802314","osm_url":"https://www.openstreetmap.org/way/1238802314","source":"OpenStreetMap"}},{"type":"Feature","geometry":{"type":"Point","coordinates":[-1.8680419,52.4756017]},"properties":{"name":"St. Andrew's","layer":"stadiums","note":"Birmingham City Football Club","osm_id":"way/124424185","osm_url":"https://www.openstreetmap.org/way/124424185","source":"OpenStreetMap","brand":"Birmingham City Football Club"}},{"type":"Feature","geometry":{"type":"Point","coordinates":[-3.0482471,53.8048708]},"properties":{"name":"Bloomfield Road Stadium","layer":"stadiums","note":"Blackpool Football Club","osm_id":"way/124427534","osm_url":"https://www.openstreetmap.org/way/124427534","source":"OpenStreetMap","brand":"Blackpool Football Club"}},{"type":"Feature","geometry":{"type":"Point","coordinates":[-3.6089855,51.5119765]},"properties":{"name":"Stadium","layer":"stadiums","note":"OpenStreetMap","osm_id":"way/1244549267","osm_url":"https://www.openstreetmap.org/way/1244549267","source":"OpenStreetMap"}},{"type":"Feature","geometry":{"type":"Point","coordinates":[-2.1755447,52.9882895]},"properties":{"name":"bet365 Stadium","layer":"stadiums","note":"Stoke City Football Club","osm_id":"way/124603901","osm_url":"https://www.openstreetmap.org/way/124603901","source":"OpenStreetMap","brand":"Stoke City Football Club"}},{"type":"Feature","geometry":{"type":"Point","coordinates":[-2.130406,52.5902444]},"properties":{"name":"Molineux Stadium","layer":"stadiums","note":"Wolverhampton Wanderers Football Club","osm_id":"way/124646599","osm_url":"https://www.openstreetmap.org/way/124646599","source":"OpenStreetMap","brand":"Wolverhampton Wanderers Football Club"}},{"type":"Feature","geometry":{"type":"Point","coordinates":[-3.7151268,53.2901006]},"properties":{"name":"Stadium","layer":"stadiums","note":"OpenStreetMap","osm_id":"way/124874273","osm_url":"https://www.openstreetmap.org/way/124874273","source":"OpenStreetMap"}},{"type":"Feature","geometry":{"type":"Point","coordinates":[-1.7858472,51.1043492]},"properties":{"name":"Raymond McEnhill Stadium","layer":"stadiums","note":"OpenStreetMap","osm_id":"way/125005987","osm_url":"https://www.openstreetmap.org/way/125005987","source":"OpenStreetMap"}},{"type":"Feature","geometry":{"type":"Point","coordinates":[-1.2150782,53.0257461]},"properties":{"name":"Hucknall Town Football Club","layer":"stadiums","note":"Hucknall Town Football Club","osm_id":"way/1255311968","osm_url":"https://www.openstreetmap.org/way/1255311968","source":"OpenStreetMap","brand":"Hucknall Town Football Club"}},{"type":"Feature","geometry":{"type":"Point","coordinates":[-4.9675272,51.8091545]},"properties":{"name":"Bridge Meadow Stadium","layer":"stadiums","note":"Haverfordwest County A.F.C.","osm_id":"way/1267087155","osm_url":"https://www.openstreetmap.org/way/1267087155","source":"OpenStreetMap","brand":"Haverfordwest County A.F.C."}},{"type":"Feature","geometry":{"type":"Point","coordinates":[-2.5914361,56.5523371]},"properties":{"name":"Gayfield Park","layer":"stadiums","note":"Arbroath Football Club","osm_id":"way/126776229","osm_url":"https://www.openstreetmap.org/way/126776229","source":"OpenStreetMap","brand":"Arbroath Football Club"}},{"type":"Feature","geometry":{"type":"Point","coordinates":[-3.6997459,53.2818908]},"properties":{"name":"Stadium","layer":"stadiums","note":"OpenStreetMap","osm_id":"way/1274599538","osm_url":"https://www.openstreetmap.org/way/1274599538","source":"OpenStreetMap"}},{"type":"Feature","geometry":{"type":"Point","coordinates":[-4.2055615,55.8500692]},"properties":{"name":"Celtic Park","layer":"stadiums","note":"Celtic Football Club","osm_id":"way/1279407593","osm_url":"https://www.openstreetmap.org/way/1279407593","source":"OpenStreetMap","brand":"Celtic Football Club"}},{"type":"Feature","geometry":{"type":"Point","coordinates":[-4.2516425,55.8257957]},"properties":{"name":"Hampden Park","layer":"stadiums","note":"Scottish Football Association","osm_id":"way/1279414019","osm_url":"https://www.openstreetmap.org/way/1279414019","source":"OpenStreetMap","brand":"Scottish Football Association"}},{"type":"Feature","geometry":{"type":"Point","coordinates":[-1.9025502,52.4558656]},"properties":{"name":"Edgbaston Stadium","layer":"stadiums","note":"OpenStreetMap","osm_id":"way/1279414943","osm_url":"https://www.openstreetmap.org/way/1279414943","source":"OpenStreetMap"}},{"type":"Feature","geometry":{"type":"Point","coordinates":[-6.2282396,53.3352397]},"properties":{"name":"Aviva Stadium","layer":"stadiums","note":"OpenStreetMap","osm_id":"way/128521419","osm_url":"https://www.openstreetmap.org/way/128521419","source":"OpenStreetMap"}},{"type":"Feature","geometry":{"type":"Point","coordinates":[-6.3341378,53.2923742]},"properties":{"name":"National Basketball Arena","layer":"stadiums","note":"OpenStreetMap","osm_id":"way/128621281","osm_url":"https://www.openstreetmap.org/way/128621281","source":"OpenStreetMap"}},{"type":"Feature","geometry":{"type":"Point","coordinates":[-3.1826283,51.4782603]},"properties":{"name":"Principality Stadium","layer":"stadiums","note":"Welsh Rugby Union","osm_id":"way/1287329038","osm_url":"https://www.openstreetmap.org/way/1287329038","source":"OpenStreetMap","brand":"Welsh Rugby Union"}},{"type":"Feature","geometry":{"type":"Point","coordinates":[-3.2409706,55.942248]},"properties":{"name":"Murrayfield Stadium","layer":"stadiums","note":"OpenStreetMap","osm_id":"way/1290487669","osm_url":"https://www.openstreetmap.org/way/1290487669","source":"OpenStreetMap"}},{"type":"Feature","geometry":{"type":"Point","coordinates":[-2.493882,51.8269697]},"properties":{"name":"Stadium","layer":"stadiums","note":"OpenStreetMap","osm_id":"way/1299861749","osm_url":"https://www.openstreetmap.org/way/1299861749","source":"OpenStreetMap"}},{"type":"Feature","geometry":{"type":"Point","coordinates":[-1.2277978,51.7739115]},"properties":{"name":"The MGroup Stadium","layer":"stadiums","note":"Oxford City F.C.","osm_id":"way/130432115","osm_url":"https://www.openstreetmap.org/way/130432115","source":"OpenStreetMap","brand":"Oxford City F.C."}},{"type":"Feature","geometry":{"type":"Point","coordinates":[-8.2292473,53.3309506]},"properties":{"name":"Duggan Park","layer":"stadiums","note":"OpenStreetMap","osm_id":"way/1304460211","osm_url":"https://www.openstreetmap.org/way/1304460211","source":"OpenStreetMap"}},{"type":"Feature","geometry":{"type":"Point","coordinates":[-0.0927113,51.6055782]},"properties":{"name":"Coles Park Stadium","layer":"stadiums","note":"OpenStreetMap","osm_id":"way/1308431771","osm_url":"https://www.openstreetmap.org/way/1308431771","source":"OpenStreetMap"}},{"type":"Feature","geometry":{"type":"Point","coordinates":[-8.4717198,51.8808452]},"properties":{"name":"Musgrave Park","layer":"stadiums","note":"OpenStreetMap","osm_id":"way/130996815","osm_url":"https://www.openstreetmap.org/way/130996815","source":"OpenStreetMap"}},{"type":"Feature","geometry":{"type":"Point","coordinates":[-9.0844315,53.2632166]},"properties":{"name":"Pearse Stadium","layer":"stadiums","note":"Gaelic Athletic Association","osm_id":"way/131056992","osm_url":"https://www.openstreetmap.org/way/131056992","source":"OpenStreetMap","brand":"Gaelic Athletic Association"}},{"type":"Feature","geometry":{"type":"Point","coordinates":[-2.1438024,53.5475133]},"properties":{"name":"The Falcon Fire Stadium","layer":"stadiums","note":"Chadderton FC","osm_id":"way/1331108200","osm_url":"https://www.openstreetmap.org/way/1331108200","source":"OpenStreetMap","brand":"Chadderton FC"}},{"type":"Feature","geometry":{"type":"Point","coordinates":[-2.1627231,52.2153428]},"properties":{"name":"Sixways Stadium","layer":"stadiums","note":"OpenStreetMap","osm_id":"way/1331401432","osm_url":"https://www.openstreetmap.org/way/1331401432","source":"OpenStreetMap"}},{"type":"Feature","geometry":{"type":"Point","coordinates":[-1.4257977,53.2535785]},"properties":{"name":"SMH Group Stadium","layer":"stadiums","note":"Chesterfield Football Club","osm_id":"way/133493605","osm_url":"https://www.openstreetmap.org/way/133493605","source":"OpenStreetMap","brand":"Chesterfield Football Club"}},{"type":"Feature","geometry":{"type":"Point","coordinates":[-2.115614,51.3657066]},"properties":{"name":"Oakfield Stadium","layer":"stadiums","note":"OpenStreetMap","osm_id":"way/1341263313","osm_url":"https://www.openstreetmap.org/way/1341263313","source":"OpenStreetMap"}},{"type":"Feature","geometry":{"type":"Point","coordinates":[0.5361409,51.3901155]},"properties":{"name":"Garrison Stadium","layer":"stadiums","note":"OpenStreetMap","osm_id":"way/1352535733","osm_url":"https://www.openstreetmap.org/way/1352535733","source":"OpenStreetMap"}},{"type":"Feature","geometry":{"type":"Point","coordinates":[-1.0781514,53.5337002]},"properties":{"name":"Castle Park Stadium","layer":"stadiums","note":"OpenStreetMap","osm_id":"way/1359151238","osm_url":"https://www.openstreetmap.org/way/1359151238","source":"OpenStreetMap"}},{"type":"Feature","geometry":{"type":"Point","coordinates":[-2.3133828,53.6448391]},"properties":{"name":"The Harry Williams Riverside Stadium","layer":"stadiums","note":"OpenStreetMap","osm_id":"way/135988603","osm_url":"https://www.openstreetmap.org/way/135988603","source":"OpenStreetMap"}},{"type":"Feature","geometry":{"type":"Point","coordinates":[-2.8367834,51.4234524]},"properties":{"name":"Hand Stadium","layer":"stadiums","note":"OpenStreetMap","osm_id":"way/136278004","osm_url":"https://www.openstreetmap.org/way/136278004","source":"OpenStreetMap"}},{"type":"Feature","geometry":{"type":"Point","coordinates":[-4.217608,57.495018]},"properties":{"name":"Caledonian Stadium","layer":"stadiums","note":"Inverness Caledonian Thistle F.C.","osm_id":"way/1365845993","osm_url":"https://www.openstreetmap.org/way/1365845993","source":"OpenStreetMap","brand":"Inverness Caledonian Thistle F.C."}},{"type":"Feature","geometry":{"type":"Point","coordinates":[-3.0027116,53.4249042]},"properties":{"name":"Hill Dickinson Stadium","layer":"stadiums","note":"OpenStreetMap","osm_id":"way/1367633428","osm_url":"https://www.openstreetmap.org/way/1367633428","source":"OpenStreetMap"}},{"type":"Feature","geometry":{"type":"Point","coordinates":[-8.4462681,52.8034447]},"properties":{"name":"Smith-O' Brien GAA Field","layer":"stadiums","note":"OpenStreetMap","osm_id":"way/1388762396","osm_url":"https://www.openstreetmap.org/way/1388762396","source":"OpenStreetMap"}},{"type":"Feature","geometry":{"type":"Point","coordinates":[-3.206408,51.7843494]},"properties":{"name":"Eugene Cross Park","layer":"stadiums","note":"OpenStreetMap","osm_id":"way/1393071001","osm_url":"https://www.openstreetmap.org/way/1393071001","source":"OpenStreetMap"}},{"type":"Feature","geometry":{"type":"Point","coordinates":[-6.2519216,53.3675226]},"properties":{"name":"Tolka Park","layer":"stadiums","note":"OpenStreetMap","osm_id":"way/140574813","osm_url":"https://www.openstreetmap.org/way/140574813","source":"OpenStreetMap"}},{"type":"Feature","geometry":{"type":"Point","coordinates":[-3.3478315,51.6014253]},"properties":{"name":"Pontypridd RFC","layer":"stadiums","note":"OpenStreetMap","osm_id":"way/1409791642","osm_url":"https://www.openstreetmap.org/way/1409791642","source":"OpenStreetMap"}},{"type":"Feature","geometry":{"type":"Point","coordinates":[-0.3252095,51.7542524]},"properties":{"name":"St Albans City Football Club","layer":"stadiums","note":"OpenStreetMap","osm_id":"way/141570835","osm_url":"https://www.openstreetmap.org/way/141570835","source":"OpenStreetMap"}},{"type":"Feature","geometry":{"type":"Point","coordinates":[-1.3817723,52.7230335]},"properties":{"name":"Owen Street Sports Ground","layer":"stadiums","note":"OpenStreetMap","osm_id":"way/141648673","osm_url":"https://www.openstreetmap.org/way/141648673","source":"OpenStreetMap"}},{"type":"Feature","geometry":{"type":"Point","coordinates":[-4.1477785,51.6837822]},"properties":{"name":"Stebonheath Park","layer":"stadiums","note":"Llanelli Town AFC","osm_id":"way/1424250965","osm_url":"https://www.openstreetmap.org/way/1424250965","source":"OpenStreetMap","brand":"Llanelli Town AFC"}},{"type":"Feature","geometry":{"type":"Point","coordinates":[-2.2377931,51.6989761]},"properties":{"name":"The New Lawn","layer":"stadiums","note":"Forest Green Rovers","osm_id":"way/142590938","osm_url":"https://www.openstreetmap.org/way/142590938","source":"OpenStreetMap","brand":"Forest Green Rovers"}},{"type":"Feature","geometry":{"type":"Point","coordinates":[-3.5082121,50.3909249]},"properties":{"name":"Brixham Rugby Club - Astley Park","layer":"stadiums","note":"OpenStreetMap","osm_id":"way/142681280","osm_url":"https://www.openstreetmap.org/way/142681280","source":"OpenStreetMap"}},{"type":"Feature","geometry":{"type":"Point","coordinates":[-1.7571286,53.7649491]},"properties":{"name":"Odsal Stadium","layer":"stadiums","note":"OpenStreetMap","osm_id":"way/142846461","osm_url":"https://www.openstreetmap.org/way/142846461","source":"OpenStreetMap"}},{"type":"Feature","geometry":{"type":"Point","coordinates":[-1.6319136,53.6126907]},"properties":{"name":"AFC Emley","layer":"stadiums","note":"OpenStreetMap","osm_id":"way/143299628","osm_url":"https://www.openstreetmap.org/way/143299628","source":"OpenStreetMap"}},{"type":"Feature","geometry":{"type":"Point","coordinates":[-1.0293172,53.5889294]},"properties":{"name":"Stadium","layer":"stadiums","note":"OpenStreetMap","osm_id":"way/1434056282","osm_url":"https://www.openstreetmap.org/way/1434056282","source":"OpenStreetMap"}},{"type":"Feature","geometry":{"type":"Point","coordinates":[-1.2563293,52.8963976]},"properties":{"name":"Long Eaton United Football Club","layer":"stadiums","note":"OpenStreetMap","osm_id":"way/145436719","osm_url":"https://www.openstreetmap.org/way/145436719","source":"OpenStreetMap"}},{"type":"Feature","geometry":{"type":"Point","coordinates":[-0.8806872,53.7031804]},"properties":{"name":"Victoria Pleasure Grounds","layer":"stadiums","note":"Goole Town Council","osm_id":"way/146389768","osm_url":"https://www.openstreetmap.org/way/146389768","source":"OpenStreetMap","brand":"Goole Town Council"}},{"type":"Feature","geometry":{"type":"Point","coordinates":[-2.5832099,51.4862607]},"properties":{"name":"Memorial Stadium","layer":"stadiums","note":"Bristol Rovers F.C.;Bristol Rugby Club","osm_id":"way/146461714","osm_url":"https://www.openstreetmap.org/way/146461714","source":"OpenStreetMap","brand":"Bristol Rovers F.C.;Bristol Rugby Club"}},{"type":"Feature","geometry":{"type":"Point","coordinates":[-2.9595363,51.5736911]},"properties":{"name":"Newport Stadium","layer":"stadiums","note":"Newport City Football Club","osm_id":"way/1465166452","osm_url":"https://www.openstreetmap.org/way/1465166452","source":"OpenStreetMap","brand":"Newport City Football Club"}},{"type":"Feature","geometry":{"type":"Point","coordinates":[-2.6740571,50.9502072]},"properties":{"name":"Huish Park","layer":"stadiums","note":"Yeovil Town Football Club","osm_id":"way/146631430","osm_url":"https://www.openstreetmap.org/way/146631430","source":"OpenStreetMap","brand":"Yeovil Town Football Club"}},{"type":"Feature","geometry":{"type":"Point","coordinates":[-7.3401322,53.5211875]},"properties":{"name":"Mullingar Greyhound Track","layer":"stadiums","note":"OpenStreetMap","osm_id":"way/147600010","osm_url":"https://www.openstreetmap.org/way/147600010","source":"OpenStreetMap"}},{"type":"Feature","geometry":{"type":"Point","coordinates":[-2.6695927,53.3167934]},"properties":{"name":"APEC Taxis Stadium","layer":"stadiums","note":"OpenStreetMap","osm_id":"way/147608725","osm_url":"https://www.openstreetmap.org/way/147608725","source":"OpenStreetMap"}},{"type":"Feature","geometry":{"type":"Point","coordinates":[-7.7123491,52.35328]},"properties":{"name":"Clonmel St. Mary's GAA","layer":"stadiums","note":"Tipperary GAA","osm_id":"way/1481451519","osm_url":"https://www.openstreetmap.org/way/1481451519","source":"OpenStreetMap","brand":"Tipperary GAA"}},{"type":"Feature","geometry":{"type":"Point","coordinates":[-5.9840464,54.5733569]},"properties":{"name":"Casement Park","layer":"stadiums","note":"OpenStreetMap","osm_id":"way/148543725","osm_url":"https://www.openstreetmap.org/way/148543725","source":"OpenStreetMap"}},{"type":"Feature","geometry":{"type":"Point","coordinates":[-7.2169177,53.1660782]},"properties":{"name":"Gracefield GAA","layer":"stadiums","note":"OpenStreetMap","osm_id":"way/148708733","osm_url":"https://www.openstreetmap.org/way/148708733","source":"OpenStreetMap"}},{"type":"Feature","geometry":{"type":"Point","coordinates":[-3.9660938,51.6125749]},"properties":{"name":"St Helen's Ground","layer":"stadiums","note":"OpenStreetMap","osm_id":"way/1493808516","osm_url":"https://www.openstreetmap.org/way/1493808516","source":"OpenStreetMap"}},{"type":"Feature","geometry":{"type":"Point","coordinates":[0.6156272,51.5164823]},"properties":{"name":"The Brockwell Stadium","layer":"stadiums","note":"OpenStreetMap","osm_id":"way/149494725","osm_url":"https://www.openstreetmap.org/way/149494725","source":"OpenStreetMap"}},{"type":"Feature","geometry":{"type":"Point","coordinates":[0.5754428,51.5125601]},"properties":{"name":"Concord Rangers Football Club","layer":"stadiums","note":"OpenStreetMap","osm_id":"way/149495269","osm_url":"https://www.openstreetmap.org/way/149495269","source":"OpenStreetMap"}},{"type":"Feature","geometry":{"type":"Point","coordinates":[-1.4472924,52.9148686]},"properties":{"name":"Pride Park Stadium","layer":"stadiums","note":"Derby Football Club","osm_id":"way/149497085","osm_url":"https://www.openstreetmap.org/way/149497085","source":"OpenStreetMap","brand":"Derby Football Club"}},{"type":"Feature","geometry":{"type":"Point","coordinates":[-3.490132,50.9091547]},"properties":{"name":"Ian Moorcroft Stadium","layer":"stadiums","note":"Tiverton Town Football Club","osm_id":"way/149852754","osm_url":"https://www.openstreetmap.org/way/149852754","source":"OpenStreetMap","brand":"Tiverton Town Football Club"}},{"type":"Feature","geometry":{"type":"Point","coordinates":[-0.5079414,51.3926681]},"properties":{"name":"Chertsey Town FC","layer":"stadiums","note":"OpenStreetMap","osm_id":"way/1498767981","osm_url":"https://www.openstreetmap.org/way/1498767981","source":"OpenStreetMap"}},{"type":"Feature","geometry":{"type":"Point","coordinates":[-2.6624139,51.2116932]},"properties":{"name":"Wells Rugby Club","layer":"stadiums","note":"OpenStreetMap","osm_id":"way/150194805","osm_url":"https://www.openstreetmap.org/way/150194805","source":"OpenStreetMap"}},{"type":"Feature","geometry":{"type":"Point","coordinates":[-2.3751921,53.4692917]},"properties":{"name":"CorpAcq Stadium","layer":"stadiums","note":"City of Salford Community Stadium Ltd","osm_id":"way/150569911","osm_url":"https://www.openstreetmap.org/way/150569911","source":"OpenStreetMap","brand":"City of Salford Community Stadium Ltd"}},{"type":"Feature","geometry":{"type":"Point","coordinates":[-4.3086516,55.8532658]},"properties":{"name":"Ibrox Stadium","layer":"stadiums","note":"Rangers Football Club","osm_id":"way/15090854","osm_url":"https://www.openstreetmap.org/way/15090854","source":"OpenStreetMap","brand":"Rangers Football Club"}},{"type":"Feature","geometry":{"type":"Point","coordinates":[-2.9402686,53.2964059]},"properties":{"name":"Rivacre Park - Vauxhall Motors Football Club","layer":"stadiums","note":"OpenStreetMap","osm_id":"way/151089971","osm_url":"https://www.openstreetmap.org/way/151089971","source":"OpenStreetMap"}},{"type":"Feature","geometry":{"type":"Point","coordinates":[-3.0036606,53.0518231]},"properties":{"name":"Racecourse Ground","layer":"stadiums","note":"Wrexham Association Football Club","osm_id":"way/152050533","osm_url":"https://www.openstreetmap.org/way/152050533","source":"OpenStreetMap","brand":"Wrexham Association Football Club"}},{"type":"Feature","geometry":{"type":"Point","coordinates":[-7.8262132,52.6822662]},"properties":{"name":"FBD Semple Stadium","layer":"stadiums","note":"Tipperary GAA","osm_id":"way/153101670","osm_url":"https://www.openstreetmap.org/way/153101670","source":"OpenStreetMap","brand":"Tipperary GAA"}},{"type":"Feature","geometry":{"type":"Point","coordinates":[-8.6035116,54.2712035]},"properties":{"name":"Strandhill Community Park","layer":"stadiums","note":"OpenStreetMap","osm_id":"way/1533710080","osm_url":"https://www.openstreetmap.org/way/1533710080","source":"OpenStreetMap"}},{"type":"Feature","geometry":{"type":"Point","coordinates":[-8.4658503,54.2572955]},"properties":{"name":"Markievicz Park","layer":"stadiums","note":"OpenStreetMap","osm_id":"way/1533710109","osm_url":"https://www.openstreetmap.org/way/1533710109","source":"OpenStreetMap"}},{"type":"Feature","geometry":{"type":"Point","coordinates":[-8.5420527,54.2447633]},"properties":{"name":"Stadium","layer":"stadiums","note":"OpenStreetMap","osm_id":"way/1533711007","osm_url":"https://www.openstreetmap.org/way/1533711007","source":"OpenStreetMap"}},{"type":"Feature","geometry":{"type":"Point","coordinates":[-8.4641298,54.2377054]},"properties":{"name":"St. Johns","layer":"stadiums","note":"OpenStreetMap","osm_id":"way/1533711543","osm_url":"https://www.openstreetmap.org/way/1533711543","source":"OpenStreetMap"}},{"type":"Feature","geometry":{"type":"Point","coordinates":[-1.6886428,52.6286372]},"properties":{"name":"Tamworth FC","layer":"stadiums","note":"OpenStreetMap","osm_id":"way/153653957","osm_url":"https://www.openstreetmap.org/way/153653957","source":"OpenStreetMap"}},{"type":"Feature","geometry":{"type":"Point","coordinates":[-7.2399347,52.6563582]},"properties":{"name":"UPMC Nowlan Park","layer":"stadiums","note":"Kilkenny County Board of the Gaelic Athletic Association","osm_id":"way/153999465","osm_url":"https://www.openstreetmap.org/way/153999465","source":"OpenStreetMap","brand":"Kilkenny County Board of the Gaelic Athletic Association"}},{"type":"Feature","geometry":{"type":"Point","coordinates":[-2.9662474,53.4388132]},"properties":{"name":"Goodison Park","layer":"stadiums","note":"Everton Football Club","osm_id":"way/154716043","osm_url":"https://www.openstreetmap.org/way/154716043","source":"OpenStreetMap","brand":"Everton Football Club"}},{"type":"Feature","geometry":{"type":"Point","coordinates":[-2.7362655,54.3204953]},"properties":{"name":"Parkside Road","layer":"stadiums","note":"Kendal Town Football Club","osm_id":"way/155297367","osm_url":"https://www.openstreetmap.org/way/155297367","source":"OpenStreetMap","brand":"Kendal Town Football Club"}},{"type":"Feature","geometry":{"type":"Point","coordinates":[-7.8569491,51.9400505]},"properties":{"name":"Youghal Greyhound Stadium","layer":"stadiums","note":"Youghal Greyhound Race Co. Ltd","osm_id":"way/1557433306","osm_url":"https://www.openstreetmap.org/way/1557433306","source":"OpenStreetMap","brand":"Youghal Greyhound Race Co. Ltd"}},{"type":"Feature","geometry":{"type":"Point","coordinates":[-4.2079788,55.8473762]},"properties":{"name":"Sir Chris Hoy Velodrome","layer":"stadiums","note":"OpenStreetMap","osm_id":"way/156831896","osm_url":"https://www.openstreetmap.org/way/156831896","source":"OpenStreetMap"}},{"type":"Feature","geometry":{"type":"Point","coordinates":[-9.693428,52.269902]},"properties":{"name":"Austin Stack Park","layer":"stadiums","note":"OpenStreetMap","osm_id":"way/157914146","osm_url":"https://www.openstreetmap.org/way/157914146","source":"OpenStreetMap"}},{"type":"Feature","geometry":{"type":"Point","coordinates":[0.5609677,51.3842121]},"properties":{"name":"MEMS Priestfield Stadium","layer":"stadiums","note":"OpenStreetMap","osm_id":"way/15807803","osm_url":"https://www.openstreetmap.org/way/15807803","source":"OpenStreetMap"}},{"type":"Feature","geometry":{"type":"Point","coordinates":[-9.0393839,53.2793627]},"properties":{"name":"Dexcom Stadium","layer":"stadiums","note":"OpenStreetMap","osm_id":"way/159896536","osm_url":"https://www.openstreetmap.org/way/159896536","source":"OpenStreetMap"}},{"type":"Feature","geometry":{"type":"Point","coordinates":[-3.0247309,53.9164897]},"properties":{"name":"Highbury Stadium","layer":"stadiums","note":"Fleetwood Town Football Cub","osm_id":"way/160320378","osm_url":"https://www.openstreetmap.org/way/160320378","source":"OpenStreetMap","brand":"Fleetwood Town Football Cub"}},{"type":"Feature","geometry":{"type":"Point","coordinates":[-4.3218039,51.8442671]},"properties":{"name":"Carmarthen Harriers Stadium","layer":"stadiums","note":"OpenStreetMap","osm_id":"way/161308559","osm_url":"https://www.openstreetmap.org/way/161308559","source":"OpenStreetMap"}},{"type":"Feature","geometry":{"type":"Point","coordinates":[0.8033333,51.6358228]},"properties":{"name":"Ramblers FC","layer":"stadiums","note":"OpenStreetMap","osm_id":"way/161681200","osm_url":"https://www.openstreetmap.org/way/161681200","source":"OpenStreetMap"}},{"type":"Feature","geometry":{"type":"Point","coordinates":[-7.8537689,53.7242721]},"properties":{"name":"City Calling Stadium","layer":"stadiums","note":"OpenStreetMap","osm_id":"way/161920546","osm_url":"https://www.openstreetmap.org/way/161920546","source":"OpenStreetMap"}},{"type":"Feature","geometry":{"type":"Point","coordinates":[0.3223057,51.4495333]},"properties":{"name":"Ebbsfleet United FC","layer":"stadiums","note":"OpenStreetMap","osm_id":"way/16360283","osm_url":"https://www.openstreetmap.org/way/16360283","source":"OpenStreetMap"}},{"type":"Feature","geometry":{"type":"Point","coordinates":[-2.6505501,51.48168]},"properties":{"name":"Bristol Manor Farm Football Club","layer":"stadiums","note":"Bristol Manor Farm","osm_id":"way/164058455","osm_url":"https://www.openstreetmap.org/way/164058455","source":"OpenStreetMap","brand":"Bristol Manor Farm"}},{"type":"Feature","geometry":{"type":"Point","coordinates":[-1.2795734,51.6654231]},"properties":{"name":"Abingdon Town FC","layer":"stadiums","note":"OpenStreetMap","osm_id":"way/164111960","osm_url":"https://www.openstreetmap.org/way/164111960","source":"OpenStreetMap"}},{"type":"Feature","geometry":{"type":"Point","coordinates":[-3.8288363,51.0267939]},"properties":{"name":"South Molton Rugby Club","layer":"stadiums","note":"OpenStreetMap","osm_id":"way/164574854","osm_url":"https://www.openstreetmap.org/way/164574854","source":"OpenStreetMap"}},{"type":"Feature","geometry":{"type":"Point","coordinates":[-2.0797132,51.9109735]},"properties":{"name":"Prince of Wales Stadium","layer":"stadiums","note":"OpenStreetMap","osm_id":"way/166266056","osm_url":"https://www.openstreetmap.org/way/166266056","source":"OpenStreetMap"}},{"type":"Feature","geometry":{"type":"Point","coordinates":[-2.0808601,51.9110005]},"properties":{"name":"Prince of Wales Stadium","layer":"stadiums","note":"The Cheltenham Trust","osm_id":"way/167685622","osm_url":"https://www.openstreetmap.org/way/167685622","source":"OpenStreetMap","brand":"The Cheltenham Trust"}},{"type":"Feature","geometry":{"type":"Point","coordinates":[-2.1919433,53.4855718]},"properties":{"name":"Manchester Velodrome","layer":"stadiums","note":"OpenStreetMap","osm_id":"way/167790342","osm_url":"https://www.openstreetmap.org/way/167790342","source":"OpenStreetMap"}},{"type":"Feature","geometry":{"type":"Point","coordinates":[-2.1900237,53.4854053]},"properties":{"name":"National Indoor BMX Arena","layer":"stadiums","note":"OpenStreetMap","osm_id":"way/167790343","osm_url":"https://www.openstreetmap.org/way/167790343","source":"OpenStreetMap"}},{"type":"Feature","geometry":{"type":"Point","coordinates":[-2.0601895,51.9061746]},"properties":{"name":"Completely-Suzuki Stadium","layer":"stadiums","note":"Cheltenham Town FC","osm_id":"way/168256330","osm_url":"https://www.openstreetmap.org/way/168256330","source":"OpenStreetMap","brand":"Cheltenham Town FC"}},{"type":"Feature","geometry":{"type":"Point","coordinates":[-1.1324333,52.9368754]},"properties":{"name":"Trent Bridge Cricket Ground","layer":"stadiums","note":"OpenStreetMap","osm_id":"way/16901172","osm_url":"https://www.openstreetmap.org/way/16901172","source":"OpenStreetMap"}},{"type":"Feature","geometry":{"type":"Point","coordinates":[-0.3903233,53.0135435]},"properties":{"name":"Sleaford Rugby Club","layer":"stadiums","note":"OpenStreetMap","osm_id":"way/173207475","osm_url":"https://www.openstreetmap.org/way/173207475","source":"OpenStreetMap"}},{"type":"Feature","geometry":{"type":"Point","coordinates":[1.2735034,51.9348723]},"properties":{"name":"Harwich and Parkeston Football Club","layer":"stadiums","note":"OpenStreetMap","osm_id":"way/173433299","osm_url":"https://www.openstreetmap.org/way/173433299","source":"OpenStreetMap"}},{"type":"Feature","geometry":{"type":"Point","coordinates":[-7.8224674,52.6842941]},"properties":{"name":"Thurles Greyhound Stadium","layer":"stadiums","note":"OpenStreetMap","osm_id":"way/174915505","osm_url":"https://www.openstreetmap.org/way/174915505","source":"OpenStreetMap"}},{"type":"Feature","geometry":{"type":"Point","coordinates":[-1.1999983,51.7264658]},"properties":{"name":"Oxford Stadium","layer":"stadiums","note":"OpenStreetMap","osm_id":"way/175408666","osm_url":"https://www.openstreetmap.org/way/175408666","source":"OpenStreetMap"}},{"type":"Feature","geometry":{"type":"Point","coordinates":[-3.6122372,55.9727038]},"properties":{"name":"Prestonfield","layer":"stadiums","note":"OpenStreetMap","osm_id":"way/177555385","osm_url":"https://www.openstreetmap.org/way/177555385","source":"OpenStreetMap"}},{"type":"Feature","geometry":{"type":"Point","coordinates":[-7.7934225,53.7203765]},"properties":{"name":"Longford Greyhound Track","layer":"stadiums","note":"OpenStreetMap","osm_id":"way/177842295","osm_url":"https://www.openstreetmap.org/way/177842295","source":"OpenStreetMap"}},{"type":"Feature","geometry":{"type":"Point","coordinates":[0.3052167,50.7810391]},"properties":{"name":"Eastbourne United Football","layer":"stadiums","note":"OpenStreetMap","osm_id":"way/178319365","osm_url":"https://www.openstreetmap.org/way/178319365","source":"OpenStreetMap"}},{"type":"Feature","geometry":{"type":"Point","coordinates":[-0.2321235,51.5093617]},"properties":{"name":"MATRADE Loftus Road Stadium","layer":"stadiums","note":"Queens Park Rangers Football Club","osm_id":"way/17940814","osm_url":"https://www.openstreetmap.org/way/17940814","source":"OpenStreetMap","brand":"Queens Park Rangers Football Club"}},{"type":"Feature","geometry":{"type":"Point","coordinates":[1.7371505,52.6126184]},"properties":{"name":"EastStand","layer":"stadiums","note":"OpenStreetMap","osm_id":"way/179576029","osm_url":"https://www.openstreetmap.org/way/179576029","source":"OpenStreetMap"}},{"type":"Feature","geometry":{"type":"Point","coordinates":[-2.7385104,53.3657275]},"properties":{"name":"Halton Stadium","layer":"stadiums","note":"OpenStreetMap","osm_id":"way/179970880","osm_url":"https://www.openstreetmap.org/way/179970880","source":"OpenStreetMap"}},{"type":"Feature","geometry":{"type":"Point","coordinates":[-3.8146099,56.0282823]},"properties":{"name":"Ochilview","layer":"stadiums","note":"OpenStreetMap","osm_id":"way/180146758","osm_url":"https://www.openstreetmap.org/way/180146758","source":"OpenStreetMap"}},{"type":"Feature","geometry":{"type":"Point","coordinates":[-2.1000765,49.1916715]},"properties":{"name":"Springfield Stadium","layer":"stadiums","note":"OpenStreetMap","osm_id":"way/182196435","osm_url":"https://www.openstreetmap.org/way/182196435","source":"OpenStreetMap"}},{"type":"Feature","geometry":{"type":"Point","coordinates":[-4.0378432,55.944588]},"properties":{"name":"Broadwood Stadium","layer":"stadiums","note":"North Lanarkshire Council","osm_id":"way/182440795","osm_url":"https://www.openstreetmap.org/way/182440795","source":"OpenStreetMap","brand":"North Lanarkshire Council"}},{"type":"Feature","geometry":{"type":"Point","coordinates":[-7.3604364,53.9817142]},"properties":{"name":"Breffni Park","layer":"stadiums","note":"OpenStreetMap","osm_id":"way/182944834","osm_url":"https://www.openstreetmap.org/way/182944834","source":"OpenStreetMap"}},{"type":"Feature","geometry":{"type":"Point","coordinates":[-4.0112829,55.8601656]},"properties":{"name":"Cliftonhill Stadium","layer":"stadiums","note":"Albion Rovers Football Club","osm_id":"way/183418767","osm_url":"https://www.openstreetmap.org/way/183418767","source":"OpenStreetMap","brand":"Albion Rovers Football Club"}},{"type":"Feature","geometry":{"type":"Point","coordinates":[-1.7919789,51.6072148]},"properties":{"name":"Blunsdon Abbey Stadium","layer":"stadiums","note":"OpenStreetMap","osm_id":"way/184883737","osm_url":"https://www.openstreetmap.org/way/184883737","source":"OpenStreetMap"}},{"type":"Feature","geometry":{"type":"Point","coordinates":[-1.9888077,52.6976893]},"properties":{"name":"Hednesford Town Football Club","layer":"stadiums","note":"OpenStreetMap","osm_id":"way/185115828","osm_url":"https://www.openstreetmap.org/way/185115828","source":"OpenStreetMap"}},{"type":"Feature","geometry":{"type":"Point","coordinates":[-1.3255689,52.0572018]},"properties":{"name":"John Nicholls Stand","layer":"stadiums","note":"OpenStreetMap","osm_id":"way/185559743","osm_url":"https://www.openstreetmap.org/way/185559743","source":"OpenStreetMap"}},{"type":"Feature","geometry":{"type":"Point","coordinates":[-1.9821411,50.7229976]},"properties":{"name":"Poole Stadium","layer":"stadiums","note":"OpenStreetMap","osm_id":"way/188508303","osm_url":"https://www.openstreetmap.org/way/188508303","source":"OpenStreetMap"}},{"type":"Feature","geometry":{"type":"Point","coordinates":[-2.6205907,51.4398719]},"properties":{"name":"Ashton Gate Stadium","layer":"stadiums","note":"Bristol Sport","osm_id":"way/188698415","osm_url":"https://www.openstreetmap.org/way/188698415","source":"OpenStreetMap","brand":"Bristol Sport"}},{"type":"Feature","geometry":{"type":"Point","coordinates":[-2.9991904,56.188862]},"properties":{"name":"Bayview Stadium","layer":"stadiums","note":"East Fife Football Club","osm_id":"way/188763500","osm_url":"https://www.openstreetmap.org/way/188763500","source":"OpenStreetMap","brand":"East Fife Football Club"}},{"type":"Feature","geometry":{"type":"Point","coordinates":[-1.3625212,53.4268737]},"properties":{"name":"AESSEAL New York Stadium","layer":"stadiums","note":"Rotherham United Football Club","osm_id":"way/188840229","osm_url":"https://www.openstreetmap.org/way/188840229","source":"OpenStreetMap","brand":"Rotherham United Football Club"}},{"type":"Feature","geometry":{"type":"Point","coordinates":[-0.1718127,51.3936377]},"properties":{"name":"Tooting and Mitcham United FC","layer":"stadiums","note":"OpenStreetMap","osm_id":"way/18926807","osm_url":"https://www.openstreetmap.org/way/18926807","source":"OpenStreetMap"}},{"type":"Feature","geometry":{"type":"Point","coordinates":[-1.1448921,51.5745113]},"properties":{"name":"Stadium","layer":"stadiums","note":"OpenStreetMap","osm_id":"way/190274676","osm_url":"https://www.openstreetmap.org/way/190274676","source":"OpenStreetMap"}},{"type":"Feature","geometry":{"type":"Point","coordinates":[-3.2021026,51.588522]},"properties":{"name":"Bedwas RFC","layer":"stadiums","note":"OpenStreetMap","osm_id":"way/192341579","osm_url":"https://www.openstreetmap.org/way/192341579","source":"OpenStreetMap"}},{"type":"Feature","geometry":{"type":"Point","coordinates":[-3.3471186,56.1088912]},"properties":{"name":"Central Park","layer":"stadiums","note":"Cowdenbeath Football Club","osm_id":"way/193186459","osm_url":"https://www.openstreetmap.org/way/193186459","source":"OpenStreetMap","brand":"Cowdenbeath Football Club"}},{"type":"Feature","geometry":{"type":"Point","coordinates":[-2.6885232,53.7721949]},"properties":{"name":"Deepdale Stadium","layer":"stadiums","note":"Preston North End Football Club","osm_id":"way/193207310","osm_url":"https://www.openstreetmap.org/way/193207310","source":"OpenStreetMap","brand":"Preston North End Football Club"}},{"type":"Feature","geometry":{"type":"Point","coordinates":[-2.9691107,56.4746027]},"properties":{"name":"Tannadice Park","layer":"stadiums","note":"Dundee United Football Club","osm_id":"way/193218104","osm_url":"https://www.openstreetmap.org/way/193218104","source":"OpenStreetMap","brand":"Dundee United Football Club"}},{"type":"Feature","geometry":{"type":"Point","coordinates":[-4.5616622,55.9382835]},"properties":{"name":"Dumbarton Football Stadium","layer":"stadiums","note":"Dumbarton Football Club","osm_id":"way/193228835","osm_url":"https://www.openstreetmap.org/way/193228835","source":"OpenStreetMap","brand":"Dumbarton Football Club"}},{"type":"Feature","geometry":{"type":"Point","coordinates":[-0.5407308,51.4164144]},"properties":{"name":"Stadium","layer":"stadiums","note":"OpenStreetMap","osm_id":"way/193466910","osm_url":"https://www.openstreetmap.org/way/193466910","source":"OpenStreetMap"}},{"type":"Feature","geometry":{"type":"Point","coordinates":[-2.7177723,52.0606796]},"properties":{"name":"Edgar Street","layer":"stadiums","note":"Hereford United Football Club","osm_id":"way/193760939","osm_url":"https://www.openstreetmap.org/way/193760939","source":"OpenStreetMap","brand":"Hereford United Football Club"}},{"type":"Feature","geometry":{"type":"Point","coordinates":[-3.7527444,56.005417]},"properties":{"name":"Stadium","layer":"stadiums","note":"Falkirk Football Club","osm_id":"way/193873761","osm_url":"https://www.openstreetmap.org/way/193873761","source":"OpenStreetMap","brand":"Falkirk Football Club"}},{"type":"Feature","geometry":{"type":"Point","coordinates":[-3.9802414,55.780283]},"properties":{"name":"Fir Park Stadium","layer":"stadiums","note":"Motherwell Football Club","osm_id":"way/193879599","osm_url":"https://www.openstreetmap.org/way/193879599","source":"OpenStreetMap","brand":"Motherwell Football Club"}},{"type":"Feature","geometry":{"type":"Point","coordinates":[-4.2694904,55.8814799]},"properties":{"name":"Firhill Stadium","layer":"stadiums","note":"Partick Thistle Football Club","osm_id":"way/193882835","osm_url":"https://www.openstreetmap.org/way/193882835","source":"OpenStreetMap","brand":"Partick Thistle Football Club"}},{"type":"Feature","geometry":{"type":"Point","coordinates":[-3.9120241,56.1191118]},"properties":{"name":"Forthbank Stadium","layer":"stadiums","note":"Sterling Albion Football Club","osm_id":"way/193890744","osm_url":"https://www.openstreetmap.org/way/193890744","source":"OpenStreetMap","brand":"Sterling Albion Football Club"}},{"type":"Feature","geometry":{"type":"Point","coordinates":[-3.2613011,54.9947382]},"properties":{"name":"Galabank","layer":"stadiums","note":"Annan Athletic","osm_id":"way/194030238","osm_url":"https://www.openstreetmap.org/way/194030238","source":"OpenStreetMap","brand":"Annan Athletic"}},{"type":"Feature","geometry":{"type":"Point","coordinates":[-3.1652835,55.9618151]},"properties":{"name":"Easter Road Stadium","layer":"stadiums","note":"Hibernian Football Club","osm_id":"way/19754330","osm_url":"https://www.openstreetmap.org/way/19754330","source":"OpenStreetMap","brand":"Hibernian Football Club"}},{"type":"Feature","geometry":{"type":"Point","coordinates":[-2.8672653,54.0614114]},"properties":{"name":"The Halo Aerospace Stadium","layer":"stadiums","note":"Morecambe Football Club","osm_id":"way/197725679","osm_url":"https://www.openstreetmap.org/way/197725679","source":"OpenStreetMap","brand":"Morecambe Football Club"}},{"type":"Feature","geometry":{"type":"Point","coordinates":[-1.7761572,53.7590273]},"properties":{"name":"Horsfall Stadium","layer":"stadiums","note":"OpenStreetMap","osm_id":"way/200689114","osm_url":"https://www.openstreetmap.org/way/200689114","source":"OpenStreetMap"}},{"type":"Feature","geometry":{"type":"Point","coordinates":[-2.0660704,52.0991864]},"properties":{"name":"Stadium","layer":"stadiums","note":"OpenStreetMap","osm_id":"way/200945476","osm_url":"https://www.openstreetmap.org/way/200945476","source":"OpenStreetMap"}},{"type":"Feature","geometry":{"type":"Point","coordinates":[-2.4356943,53.0873925]},"properties":{"name":"Mornflake Stadium","layer":"stadiums","note":"Crewe Alexandra Football Club","osm_id":"way/202305268","osm_url":"https://www.openstreetmap.org/way/202305268","source":"OpenStreetMap","brand":"Crewe Alexandra Football Club"}},{"type":"Feature","geometry":{"type":"Point","coordinates":[0.1946964,51.5874642]},"properties":{"name":"Gidea Park Lawn Tennis Club","layer":"stadiums","note":"OpenStreetMap","osm_id":"way/202827861","osm_url":"https://www.openstreetmap.org/way/202827861","source":"OpenStreetMap"}},{"type":"Feature","geometry":{"type":"Point","coordinates":[-2.8048483,53.4318289]},"properties":{"name":"Valerie Park (Prescot Cables FC)","layer":"stadiums","note":"OpenStreetMap","osm_id":"way/204162114","osm_url":"https://www.openstreetmap.org/way/204162114","source":"OpenStreetMap"}},{"type":"Feature","geometry":{"type":"Point","coordinates":[-2.1450338,53.4817807]},"properties":{"name":"Droylsden Football Club","layer":"stadiums","note":"OpenStreetMap","osm_id":"way/205106886","osm_url":"https://www.openstreetmap.org/way/205106886","source":"OpenStreetMap"}},{"type":"Feature","geometry":{"type":"Point","coordinates":[-2.5015272,52.6973179]},"properties":{"name":"New Bucks Head","layer":"stadiums","note":"OpenStreetMap","osm_id":"way/205404801","osm_url":"https://www.openstreetmap.org/way/205404801","source":"OpenStreetMap"}},{"type":"Feature","geometry":{"type":"Point","coordinates":[1.7279126,52.6371996]},"properties":{"name":"Great Yarmouth Stadium","layer":"stadiums","note":"OpenStreetMap","osm_id":"way/207467577","osm_url":"https://www.openstreetmap.org/way/207467577","source":"OpenStreetMap"}},{"type":"Feature","geometry":{"type":"Point","coordinates":[0.0677486,51.7710222]},"properties":{"name":"Harlow Arena","layer":"stadiums","note":"OpenStreetMap","osm_id":"way/208406953","osm_url":"https://www.openstreetmap.org/way/208406953","source":"OpenStreetMap"}},{"type":"Feature","geometry":{"type":"Point","coordinates":[0.063732,51.7719956]},"properties":{"name":"Harlow Greyhound Stadium","layer":"stadiums","note":"OpenStreetMap","osm_id":"way/208406982","osm_url":"https://www.openstreetmap.org/way/208406982","source":"OpenStreetMap"}},{"type":"Feature","geometry":{"type":"Point","coordinates":[-2.0582475,51.9372483]},"properties":{"name":"Cleeve FC","layer":"stadiums","note":"OpenStreetMap","osm_id":"way/208892126","osm_url":"https://www.openstreetmap.org/way/208892126","source":"OpenStreetMap"}},{"type":"Feature","geometry":{"type":"Point","coordinates":[0.5213229,51.3687252]},"properties":{"name":"The Bauvill Stadium","layer":"stadiums","note":"OpenStreetMap","osm_id":"way/210296823","osm_url":"https://www.openstreetmap.org/way/210296823","source":"OpenStreetMap"}},{"type":"Feature","geometry":{"type":"Point","coordinates":[-1.9549823,52.0726095]},"properties":{"name":"Spiers & Hartwell Jubilee Stadium","layer":"stadiums","note":"OpenStreetMap","osm_id":"way/214812494","osm_url":"https://www.openstreetmap.org/way/214812494","source":"OpenStreetMap"}},{"type":"Feature","geometry":{"type":"Point","coordinates":[-1.9556067,52.0731488]},"properties":{"name":"Stadium","layer":"stadiums","note":"OpenStreetMap","osm_id":"way/215269614","osm_url":"https://www.openstreetmap.org/way/215269614","source":"OpenStreetMap"}},{"type":"Feature","geometry":{"type":"Point","coordinates":[-1.3404063,52.5590963]},"properties":{"name":"Leicester Road Stadium","layer":"stadiums","note":"OpenStreetMap","osm_id":"way/215494970","osm_url":"https://www.openstreetmap.org/way/215494970","source":"OpenStreetMap"}},{"type":"Feature","geometry":{"type":"Point","coordinates":[-1.3893175,52.910596]},"properties":{"name":"Anderson Electrical Arena","layer":"stadiums","note":"Borrowash Victoria AFC","osm_id":"way/216905213","osm_url":"https://www.openstreetmap.org/way/216905213","source":"OpenStreetMap","brand":"Borrowash Victoria AFC"}},{"type":"Feature","geometry":{"type":"Point","coordinates":[-0.04651,53.5701931]},"properties":{"name":"Blundell Park","layer":"stadiums","note":"Grimsby Town Football Club","osm_id":"way/217858059","osm_url":"https://www.openstreetmap.org/way/217858059","source":"OpenStreetMap","brand":"Grimsby Town Football Club"}},{"type":"Feature","geometry":{"type":"Point","coordinates":[-1.1137717,53.5098086]},"properties":{"name":"Stadium","layer":"stadiums","note":"OpenStreetMap","osm_id":"way/217858612","osm_url":"https://www.openstreetmap.org/way/217858612","source":"OpenStreetMap"}},{"type":"Feature","geometry":{"type":"Point","coordinates":[-1.7681025,53.6542951]},"properties":{"name":"Accu Stadium","layer":"stadiums","note":"OpenStreetMap","osm_id":"way/217861110","osm_url":"https://www.openstreetmap.org/way/217861110","source":"OpenStreetMap"}},{"type":"Feature","geometry":{"type":"Point","coordinates":[-3.0204361,53.7785854]},"properties":{"name":"AFC Blackpool Football Club","layer":"stadiums","note":"OpenStreetMap","osm_id":"way/218540041","osm_url":"https://www.openstreetmap.org/way/218540041","source":"OpenStreetMap"}},{"type":"Feature","geometry":{"type":"Point","coordinates":[0.1793156,52.6789161]},"properties":{"name":"The Fenland Stadium","layer":"stadiums","note":"OpenStreetMap","osm_id":"way/218975465","osm_url":"https://www.openstreetmap.org/way/218975465","source":"OpenStreetMap"}},{"type":"Feature","geometry":{"type":"Point","coordinates":[-0.3678195,53.7462219]},"properties":{"name":"MKM Stadium","layer":"stadiums","note":"Superstadium Management Company","osm_id":"way/219432070","osm_url":"https://www.openstreetmap.org/way/219432070","source":"OpenStreetMap","brand":"Superstadium Management Company"}},{"type":"Feature","geometry":{"type":"Point","coordinates":[-1.3233803,50.9236451]},"properties":{"name":"Utilita Bowl","layer":"stadiums","note":"OpenStreetMap","osm_id":"way/220131301","osm_url":"https://www.openstreetmap.org/way/220131301","source":"OpenStreetMap"}},{"type":"Feature","geometry":{"type":"Point","coordinates":[-3.2348785,55.9229856]},"properties":{"name":"Centre Court","layer":"stadiums","note":"OpenStreetMap","osm_id":"way/220274539","osm_url":"https://www.openstreetmap.org/way/220274539","source":"OpenStreetMap"}},{"type":"Feature","geometry":{"type":"Point","coordinates":[-8.9782677,52.8467051]},"properties":{"name":"Cusack Park","layer":"stadiums","note":"OpenStreetMap","osm_id":"way/220313394","osm_url":"https://www.openstreetmap.org/way/220313394","source":"OpenStreetMap"}},{"type":"Feature","geometry":{"type":"Point","coordinates":[-0.666839,51.5378996]},"properties":{"name":"The 1878 Stadium","layer":"stadiums","note":"OpenStreetMap","osm_id":"way/221467458","osm_url":"https://www.openstreetmap.org/way/221467458","source":"OpenStreetMap"}},{"type":"Feature","geometry":{"type":"Point","coordinates":[-0.6229524,51.4695168]},"properties":{"name":"Stag Meadow","layer":"stadiums","note":"OpenStreetMap","osm_id":"way/223255449","osm_url":"https://www.openstreetmap.org/way/223255449","source":"OpenStreetMap"}},{"type":"Feature","geometry":{"type":"Point","coordinates":[0.407349,52.7500221]},"properties":{"name":"The Walks Stadium","layer":"stadiums","note":"OpenStreetMap","osm_id":"way/224994299","osm_url":"https://www.openstreetmap.org/way/224994299","source":"OpenStreetMap"}},{"type":"Feature","geometry":{"type":"Point","coordinates":[-2.1886767,52.1864079]},"properties":{"name":"Stadium","layer":"stadiums","note":"OpenStreetMap","osm_id":"way/227215744","osm_url":"https://www.openstreetmap.org/way/227215744","source":"OpenStreetMap"}},{"type":"Feature","geometry":{"type":"Point","coordinates":[-1.5815682,53.8170157]},"properties":{"name":"Headingley Stadium","layer":"stadiums","note":"OpenStreetMap","osm_id":"way/22752894","osm_url":"https://www.openstreetmap.org/way/22752894","source":"OpenStreetMap"}},{"type":"Feature","geometry":{"type":"Point","coordinates":[-1.9149182,52.4797241]},"properties":{"name":"Utilita Arena Birmingham","layer":"stadiums","note":"OpenStreetMap","osm_id":"way/22821438","osm_url":"https://www.openstreetmap.org/way/22821438","source":"OpenStreetMap"}},{"type":"Feature","geometry":{"type":"Point","coordinates":[-1.3343444,53.4409223]},"properties":{"name":"Simply Skate Arena","layer":"stadiums","note":"OpenStreetMap","osm_id":"way/228659911","osm_url":"https://www.openstreetmap.org/way/228659911","source":"OpenStreetMap"}},{"type":"Feature","geometry":{"type":"Point","coordinates":[-0.1004995,51.6051693]},"properties":{"name":"New River Stadium","layer":"stadiums","note":"OpenStreetMap","osm_id":"way/22869048","osm_url":"https://www.openstreetmap.org/way/22869048","source":"OpenStreetMap"}},{"type":"Feature","geometry":{"type":"Point","coordinates":[0.2383136,51.5565697]},"properties":{"name":"Hornchurch Stadium","layer":"stadiums","note":"OpenStreetMap","osm_id":"way/23042163","osm_url":"https://www.openstreetmap.org/way/23042163","source":"OpenStreetMap"}},{"type":"Feature","geometry":{"type":"Point","coordinates":[-1.5004793,53.4114146]},"properties":{"name":"Hillsborough Stadium","layer":"stadiums","note":"Sheffield Wednesday Football Club","osm_id":"way/23049323","osm_url":"https://www.openstreetmap.org/way/23049323","source":"OpenStreetMap","brand":"Sheffield Wednesday Football Club"}},{"type":"Feature","geometry":{"type":"Point","coordinates":[-1.4925434,53.4062303]},"properties":{"name":"Owlerton Stadium","layer":"stadiums","note":"OpenStreetMap","osm_id":"way/23049344","osm_url":"https://www.openstreetmap.org/way/23049344","source":"OpenStreetMap"}},{"type":"Feature","geometry":{"type":"Point","coordinates":[-1.4188158,53.3998934]},"properties":{"name":"Utilita Arena Sheffield","layer":"stadiums","note":"OpenStreetMap","osm_id":"way/23049454","osm_url":"https://www.openstreetmap.org/way/23049454","source":"OpenStreetMap"}},{"type":"Feature","geometry":{"type":"Point","coordinates":[-1.4227354,53.4001875]},"properties":{"name":"iceSheffield","layer":"stadiums","note":"OpenStreetMap","osm_id":"way/23049513","osm_url":"https://www.openstreetmap.org/way/23049513","source":"OpenStreetMap"}},{"type":"Feature","geometry":{"type":"Point","coordinates":[-1.8848193,52.5091043]},"properties":{"name":"Villa Park","layer":"stadiums","note":"Aston Villa Football Club","osm_id":"way/23136743","osm_url":"https://www.openstreetmap.org/way/23136743","source":"OpenStreetMap","brand":"Aston Villa Football Club"}},{"type":"Feature","geometry":{"type":"Point","coordinates":[0.1598952,51.5476644]},"properties":{"name":"Victoria Road","layer":"stadiums","note":"Dagenham & Redbridge","osm_id":"way/23143068","osm_url":"https://www.openstreetmap.org/way/23143068","source":"OpenStreetMap","brand":"Dagenham & Redbridge"}},{"type":"Feature","geometry":{"type":"Point","coordinates":[-3.9347033,51.6427161]},"properties":{"name":"Swansea.com Stadium","layer":"stadiums","note":"Swansea City A.F.C.","osm_id":"way/23211181","osm_url":"https://www.openstreetmap.org/way/23211181","source":"OpenStreetMap","brand":"Swansea City A.F.C."}},{"type":"Feature","geometry":{"type":"Point","coordinates":[-1.6219222,54.9756047]},"properties":{"name":"St. James' Park","layer":"stadiums","note":"Newcastle United Football Club","osm_id":"way/23381655","osm_url":"https://www.openstreetmap.org/way/23381655","source":"OpenStreetMap","brand":"Newcastle United Football Club"}},{"type":"Feature","geometry":{"type":"Point","coordinates":[-0.5408745,53.2183083]},"properties":{"name":"LNER Stadium","layer":"stadiums","note":"OpenStreetMap","osm_id":"way/23432862","osm_url":"https://www.openstreetmap.org/way/23432862","source":"OpenStreetMap"}},{"type":"Feature","geometry":{"type":"Point","coordinates":[-8.2098128,53.7011445]},"properties":{"name":"Stadium","layer":"stadiums","note":"OpenStreetMap","osm_id":"way/234414744","osm_url":"https://www.openstreetmap.org/way/234414744","source":"OpenStreetMap"}},{"type":"Feature","geometry":{"type":"Point","coordinates":[-1.207751,51.7163987]},"properties":{"name":"Kassam Stadium","layer":"stadiums","note":"Oxford United Football Club","osm_id":"way/23604325","osm_url":"https://www.openstreetmap.org/way/23604325","source":"OpenStreetMap","brand":"Oxford United Football Club"}},{"type":"Feature","geometry":{"type":"Point","coordinates":[-1.9026751,52.4559516]},"properties":{"name":"Edgbaston Cricket Ground","layer":"stadiums","note":"OpenStreetMap","osm_id":"way/23653607","osm_url":"https://www.openstreetmap.org/way/23653607","source":"OpenStreetMap"}},{"type":"Feature","geometry":{"type":"Point","coordinates":[-0.409962,53.7374443]},"properties":{"name":"Costello Athletics Stadium","layer":"stadiums","note":"OpenStreetMap","osm_id":"way/23697148","osm_url":"https://www.openstreetmap.org/way/23697148","source":"OpenStreetMap"}},{"type":"Feature","geometry":{"type":"Point","coordinates":[-9.2865702,53.853485]},"properties":{"name":"MacHale Park","layer":"stadiums","note":"OpenStreetMap","osm_id":"way/237148419","osm_url":"https://www.openstreetmap.org/way/237148419","source":"OpenStreetMap"}},{"type":"Feature","geometry":{"type":"Point","coordinates":[-0.1149823,51.4837742]},"properties":{"name":"Kia Oval","layer":"stadiums","note":"Surrey County Cricket Club","osm_id":"way/23940674","osm_url":"https://www.openstreetmap.org/way/23940674","source":"OpenStreetMap","brand":"Surrey County Cricket Club"}},{"type":"Feature","geometry":{"type":"Point","coordinates":[0.2307333,51.436588]},"properties":{"name":"Princes Park","layer":"stadiums","note":"OpenStreetMap","osm_id":"way/239789728","osm_url":"https://www.openstreetmap.org/way/239789728","source":"OpenStreetMap"}},{"type":"Feature","geometry":{"type":"Point","coordinates":[-1.1788261,53.1286727]},"properties":{"name":"Stadium","layer":"stadiums","note":"OpenStreetMap","osm_id":"way/241903348","osm_url":"https://www.openstreetmap.org/way/241903348","source":"OpenStreetMap"}},{"type":"Feature","geometry":{"type":"Point","coordinates":[-2.1506599,52.6055006]},"properties":{"name":"Aldersley Stadium","layer":"stadiums","note":"OpenStreetMap","osm_id":"way/242360179","osm_url":"https://www.openstreetmap.org/way/242360179","source":"OpenStreetMap"}},{"type":"Feature","geometry":{"type":"Point","coordinates":[-1.6268844,52.821867]},"properties":{"name":"Pirelli Stadium","layer":"stadiums","note":"Burton Albion","osm_id":"way/24252075","osm_url":"https://www.openstreetmap.org/way/24252075","source":"OpenStreetMap","brand":"Burton Albion"}},{"type":"Feature","geometry":{"type":"Point","coordinates":[0.191966,51.8727259]},"properties":{"name":"Woodside Park","layer":"stadiums","note":"Bishop's Stortford Football Club","osm_id":"way/24381050","osm_url":"https://www.openstreetmap.org/way/24381050","source":"OpenStreetMap","brand":"Bishop's Stortford Football Club"}},{"type":"Feature","geometry":{"type":"Point","coordinates":[-1.1137713,53.5098207]},"properties":{"name":"Eco-Power Stadium","layer":"stadiums","note":"Doncaster Rovers Football Club","osm_id":"way/24414401","osm_url":"https://www.openstreetmap.org/way/24414401","source":"OpenStreetMap","brand":"Doncaster Rovers Football Club"}},{"type":"Feature","geometry":{"type":"Point","coordinates":[-3.3244212,50.666214]},"properties":{"name":"Bicton Arena","layer":"stadiums","note":"OpenStreetMap","osm_id":"way/246171091","osm_url":"https://www.openstreetmap.org/way/246171091","source":"OpenStreetMap"}},{"type":"Feature","geometry":{"type":"Point","coordinates":[1.2250892,52.0544565]},"properties":{"name":"Foxhall Stadium","layer":"stadiums","note":"OpenStreetMap","osm_id":"way/246222897","osm_url":"https://www.openstreetmap.org/way/246222897","source":"OpenStreetMap"}},{"type":"Feature","geometry":{"type":"Point","coordinates":[-0.5589014,51.3062522]},"properties":{"name":"The Laithwaite Community Stadium","layer":"stadiums","note":"Woking Football Club","osm_id":"way/24630340","osm_url":"https://www.openstreetmap.org/way/24630340","source":"OpenStreetMap","brand":"Woking Football Club"}},{"type":"Feature","geometry":{"type":"Point","coordinates":[-3.5510972,54.6486791]},"properties":{"name":"Borough Park","layer":"stadiums","note":"Workington Reds Football Club","osm_id":"way/247193873","osm_url":"https://www.openstreetmap.org/way/247193873","source":"OpenStreetMap","brand":"Workington Reds Football Club"}},{"type":"Feature","geometry":{"type":"Point","coordinates":[-1.1329333,52.9399155]},"properties":{"name":"The City Ground","layer":"stadiums","note":"Nottingham Forest Football Club","osm_id":"way/24724754","osm_url":"https://www.openstreetmap.org/way/24724754","source":"OpenStreetMap","brand":"Nottingham Forest Football Club"}},{"type":"Feature","geometry":{"type":"Point","coordinates":[-1.1371815,52.9426812]},"properties":{"name":"Meadow Lane Stadium","layer":"stadiums","note":"Notts County Football Club","osm_id":"way/24724780","osm_url":"https://www.openstreetmap.org/way/24724780","source":"OpenStreetMap","brand":"Notts County Football Club"}},{"type":"Feature","geometry":{"type":"Point","coordinates":[-6.2193417,53.3406782]},"properties":{"name":"Irishtown Stadium","layer":"stadiums","note":"OpenStreetMap","osm_id":"way/24753827","osm_url":"https://www.openstreetmap.org/way/24753827","source":"OpenStreetMap"}},{"type":"Feature","geometry":{"type":"Point","coordinates":[-3.0267627,53.8130114]},"properties":{"name":"Stanley Park Athletics Track","layer":"stadiums","note":"OpenStreetMap","osm_id":"way/250006319","osm_url":"https://www.openstreetmap.org/way/250006319","source":"OpenStreetMap"}},{"type":"Feature","geometry":{"type":"Point","coordinates":[0.1699725,51.4558762]},"properties":{"name":"VCD Athletic","layer":"stadiums","note":"OpenStreetMap","osm_id":"way/250683443","osm_url":"https://www.openstreetmap.org/way/250683443","source":"OpenStreetMap"}},{"type":"Feature","geometry":{"type":"Point","coordinates":[-3.0104821,53.357564]},"properties":{"name":"Stadium","layer":"stadiums","note":"OpenStreetMap","osm_id":"way/253051394","osm_url":"https://www.openstreetmap.org/way/253051394","source":"OpenStreetMap"}},{"type":"Feature","geometry":{"type":"Point","coordinates":[-0.1083998,51.5550448]},"properties":{"name":"Emirates Stadium","layer":"stadiums","note":"Arsenal Football Club","osm_id":"way/25651711","osm_url":"https://www.openstreetmap.org/way/25651711","source":"OpenStreetMap","brand":"Arsenal Football Club"}},{"type":"Feature","geometry":{"type":"Point","coordinates":[-0.2819571,51.405111]},"properties":{"name":"Kingsmeadow","layer":"stadiums","note":"AFC Wimbledon","osm_id":"way/256659708","osm_url":"https://www.openstreetmap.org/way/256659708","source":"OpenStreetMap","brand":"AFC Wimbledon"}},{"type":"Feature","geometry":{"type":"Point","coordinates":[-2.4591513,56.7138577]},"properties":{"name":"Links Park","layer":"stadiums","note":"Montrose Football Club","osm_id":"way/256703800","osm_url":"https://www.openstreetmap.org/way/256703800","source":"OpenStreetMap","brand":"Montrose Football Club"}},{"type":"Feature","geometry":{"type":"Point","coordinates":[-0.9831557,51.4223416]},"properties":{"name":"Select Car Leasing Stadium","layer":"stadiums","note":"Reading Football Club","osm_id":"way/256756004","osm_url":"https://www.openstreetmap.org/way/256756004","source":"OpenStreetMap","brand":"Reading Football Club"}},{"type":"Feature","geometry":{"type":"Point","coordinates":[-1.6939732,54.6380027]},"properties":{"name":"Heritage Park","layer":"stadiums","note":"Bishop Auckland Football Club","osm_id":"way/256888383","osm_url":"https://www.openstreetmap.org/way/256888383","source":"OpenStreetMap","brand":"Bishop Auckland Football Club"}},{"type":"Feature","geometry":{"type":"Point","coordinates":[0.5162252,51.2798089]},"properties":{"name":"Maidstone United FC - Gallagher Stadium","layer":"stadiums","note":"OpenStreetMap","osm_id":"way/257710454","osm_url":"https://www.openstreetmap.org/way/257710454","source":"OpenStreetMap"}},{"type":"Feature","geometry":{"type":"Point","coordinates":[-2.0934092,51.898394]},"properties":{"name":"Stadium","layer":"stadiums","note":"OpenStreetMap","osm_id":"way/261824886","osm_url":"https://www.openstreetmap.org/way/261824886","source":"OpenStreetMap"}},{"type":"Feature","geometry":{"type":"Point","coordinates":[-2.0954489,51.908932]},"properties":{"name":"Petersfield Stadium","layer":"stadiums","note":"Cheltenham Saracens AFC","osm_id":"way/262812575","osm_url":"https://www.openstreetmap.org/way/262812575","source":"OpenStreetMap","brand":"Cheltenham Saracens AFC"}},{"type":"Feature","geometry":{"type":"Point","coordinates":[-2.0881323,57.15869]},"properties":{"name":"Pittodrie Stadium","layer":"stadiums","note":"Aberdeen Football Club","osm_id":"way/263291554","osm_url":"https://www.openstreetmap.org/way/263291554","source":"OpenStreetMap","brand":"Aberdeen Football Club"}},{"type":"Feature","geometry":{"type":"Point","coordinates":[-2.2003986,53.4831448]},"properties":{"name":"Etihad Stadium","layer":"stadiums","note":"Manchester City Football Club","osm_id":"way/26329734","osm_url":"https://www.openstreetmap.org/way/26329734","source":"OpenStreetMap","brand":"Manchester City Football Club"}},{"type":"Feature","geometry":{"type":"Point","coordinates":[-1.1311864,52.6080043]},"properties":{"name":"Friar Lane and Epworth Football Club","layer":"stadiums","note":"OpenStreetMap","osm_id":"way/263801169","osm_url":"https://www.openstreetmap.org/way/263801169","source":"OpenStreetMap"}},{"type":"Feature","geometry":{"type":"Point","coordinates":[-2.9735449,56.474616]},"properties":{"name":"Dens Park","layer":"stadiums","note":"Dundee Football Club","osm_id":"way/26476777","osm_url":"https://www.openstreetmap.org/way/26476777","source":"OpenStreetMap","brand":"Dundee Football Club"}},{"type":"Feature","geometry":{"type":"Point","coordinates":[0.0347435,51.4505937]},"properties":{"name":"Artic Stadium (Cray Valley Paper Mills FC and Stansfeld FC)","layer":"stadiums","note":"OpenStreetMap","osm_id":"way/265081582","osm_url":"https://www.openstreetmap.org/way/265081582","source":"OpenStreetMap"}},{"type":"Feature","geometry":{"type":"Point","coordinates":[-6.3573622,53.7234545]},"properties":{"name":"United Park","layer":"stadiums","note":"Drogheda United FC","osm_id":"way/26528570","osm_url":"https://www.openstreetmap.org/way/26528570","source":"OpenStreetMap","brand":"Drogheda United FC"}},{"type":"Feature","geometry":{"type":"Point","coordinates":[-3.68304,55.8982039]},"properties":{"name":"Armadale Stadium","layer":"stadiums","note":"OpenStreetMap","osm_id":"way/266695360","osm_url":"https://www.openstreetmap.org/way/266695360","source":"OpenStreetMap"}},{"type":"Feature","geometry":{"type":"Point","coordinates":[-6.2450205,53.4008129]},"properties":{"name":"Morton Stadium","layer":"stadiums","note":"OpenStreetMap","osm_id":"way/26778663","osm_url":"https://www.openstreetmap.org/way/26778663","source":"OpenStreetMap"}},{"type":"Feature","geometry":{"type":"Point","coordinates":[-4.0578644,55.7821838]},"properties":{"name":"New Douglas Park","layer":"stadiums","note":"Hamilton Academical Football Club","osm_id":"way/26793990","osm_url":"https://www.openstreetmap.org/way/26793990","source":"OpenStreetMap","brand":"Hamilton Academical Football Club"}},{"type":"Feature","geometry":{"type":"Point","coordinates":[-1.2350163,52.3731183]},"properties":{"name":"Rugby Town FC","layer":"stadiums","note":"OpenStreetMap","osm_id":"way/26803969","osm_url":"https://www.openstreetmap.org/way/26803969","source":"OpenStreetMap"}},{"type":"Feature","geometry":{"type":"Point","coordinates":[-1.9636708,52.5091079]},"properties":{"name":"The Hawthorns","layer":"stadiums","note":"West Bromwich Albion Football Club","osm_id":"way/26986235","osm_url":"https://www.openstreetmap.org/way/26986235","source":"OpenStreetMap","brand":"West Bromwich Albion Football Club"}},{"type":"Feature","geometry":{"type":"Point","coordinates":[-1.2007323,53.1380647]},"properties":{"name":"Field Mill","layer":"stadiums","note":"OpenStreetMap","osm_id":"way/27369292","osm_url":"https://www.openstreetmap.org/way/27369292","source":"OpenStreetMap"}},{"type":"Feature","geometry":{"type":"Point","coordinates":[-1.4447851,55.0173035]},"properties":{"name":"Percy Park Rugby Club","layer":"stadiums","note":"OpenStreetMap","osm_id":"way/27384810","osm_url":"https://www.openstreetmap.org/way/27384810","source":"OpenStreetMap"}},{"type":"Feature","geometry":{"type":"Point","coordinates":[-3.1599531,51.5110965]},"properties":{"name":"National Indoor Athletics Centre","layer":"stadiums","note":"OpenStreetMap","osm_id":"way/27766378","osm_url":"https://www.openstreetmap.org/way/27766378","source":"OpenStreetMap"}},{"type":"Feature","geometry":{"type":"Point","coordinates":[-1.6122965,53.7432466]},"properties":{"name":"Morley Rugby Football Club","layer":"stadiums","note":"OpenStreetMap","osm_id":"way/27790203","osm_url":"https://www.openstreetmap.org/way/27790203","source":"OpenStreetMap"}},{"type":"Feature","geometry":{"type":"Point","coordinates":[-8.8537336,53.5093528]},"properties":{"name":"Saint Jarlath's Park","layer":"stadiums","note":"OpenStreetMap","osm_id":"way/278221733","osm_url":"https://www.openstreetmap.org/way/278221733","source":"OpenStreetMap"}},{"type":"Feature","geometry":{"type":"Point","coordinates":[-2.488742,53.2704971]},"properties":{"name":"Witton Albion Football Club","layer":"stadiums","note":"OpenStreetMap","osm_id":"way/279524978","osm_url":"https://www.openstreetmap.org/way/279524978","source":"OpenStreetMap"}},{"type":"Feature","geometry":{"type":"Point","coordinates":[-0.0687541,51.4191477]},"properties":{"name":"Athletics Stadium","layer":"stadiums","note":"OpenStreetMap","osm_id":"way/279950204","osm_url":"https://www.openstreetmap.org/way/279950204","source":"OpenStreetMap"}},{"type":"Feature","geometry":{"type":"Point","coordinates":[-9.0560579,53.2845919]},"properties":{"name":"Eamonn Deacy Park","layer":"stadiums","note":"Galway United","osm_id":"way/28033627","osm_url":"https://www.openstreetmap.org/way/28033627","source":"OpenStreetMap","brand":"Galway United"}},{"type":"Feature","geometry":{"type":"Point","coordinates":[0.6326744,51.9464843]},"properties":{"name":"Halstead Town Football Club","layer":"stadiums","note":"OpenStreetMap","osm_id":"way/28075179","osm_url":"https://www.openstreetmap.org/way/28075179","source":"OpenStreetMap"}},{"type":"Feature","geometry":{"type":"Point","coordinates":[-0.9335305,52.2351403]},"properties":{"name":"Sixfields Stadium","layer":"stadiums","note":"Northampton Town Football Club","osm_id":"way/28321988","osm_url":"https://www.openstreetmap.org/way/28321988","source":"OpenStreetMap","brand":"Northampton Town Football Club"}},{"type":"Feature","geometry":{"type":"Point","coordinates":[-3.9599979,55.8601264]},"properties":{"name":"The Albert Bartlett Stadium","layer":"stadiums","note":"Airdrieonians Football Club","osm_id":"way/283883514","osm_url":"https://www.openstreetmap.org/way/283883514","source":"OpenStreetMap","brand":"Airdrieonians Football Club"}},{"type":"Feature","geometry":{"type":"Point","coordinates":[-1.4691259,53.4629324]},"properties":{"name":"Thorncliffe Cricket & Social Club","layer":"stadiums","note":"OpenStreetMap","osm_id":"way/28460662","osm_url":"https://www.openstreetmap.org/way/28460662","source":"OpenStreetMap"}},{"type":"Feature","geometry":{"type":"Point","coordinates":[-8.6574619,52.6489516]},"properties":{"name":"Limerick Greyhound Stadium","layer":"stadiums","note":"OpenStreetMap","osm_id":"way/284619233","osm_url":"https://www.openstreetmap.org/way/284619233","source":"OpenStreetMap"}},{"type":"Feature","geometry":{"type":"Point","coordinates":[0.021108,51.390086]},"properties":{"name":"Bromley Football Club","layer":"stadiums","note":"OpenStreetMap","osm_id":"way/28477036","osm_url":"https://www.openstreetmap.org/way/28477036","source":"OpenStreetMap"}},{"type":"Feature","geometry":{"type":"Point","coordinates":[-0.0837087,50.8615369]},"properties":{"name":"American Express Stadium","layer":"stadiums","note":"Brighton and Hove Albion FC","osm_id":"way/28537290","osm_url":"https://www.openstreetmap.org/way/28537290","source":"OpenStreetMap","brand":"Brighton and Hove Albion FC"}},{"type":"Feature","geometry":{"type":"Point","coordinates":[-2.1271718,53.2428133]},"properties":{"name":"Moss Rose","layer":"stadiums","note":"Macclesfield Football Club","osm_id":"way/28613069","osm_url":"https://www.openstreetmap.org/way/28613069","source":"OpenStreetMap","brand":"Macclesfield Football Club"}},{"type":"Feature","geometry":{"type":"Point","coordinates":[-3.1007059,51.0188592]},"properties":{"name":"County Ground","layer":"stadiums","note":"OpenStreetMap","osm_id":"way/28655137","osm_url":"https://www.openstreetmap.org/way/28655137","source":"OpenStreetMap"}},{"type":"Feature","geometry":{"type":"Point","coordinates":[-0.3241184,50.8297862]},"properties":{"name":"Lancing FC","layer":"stadiums","note":"OpenStreetMap","osm_id":"way/287687783","osm_url":"https://www.openstreetmap.org/way/287687783","source":"OpenStreetMap"}},{"type":"Feature","geometry":{"type":"Point","coordinates":[-6.2300725,53.3404614]},"properties":{"name":"Shelbourne Park","layer":"stadiums","note":"OpenStreetMap","osm_id":"way/28769109","osm_url":"https://www.openstreetmap.org/way/28769109","source":"OpenStreetMap"}},{"type":"Feature","geometry":{"type":"Point","coordinates":[-8.6541878,52.6700452]},"properties":{"name":"TUS Gaelic Grounds","layer":"stadiums","note":"Limerick GAA","osm_id":"way/288780384","osm_url":"https://www.openstreetmap.org/way/288780384","source":"OpenStreetMap","brand":"Limerick GAA"}},{"type":"Feature","geometry":{"type":"Point","coordinates":[-2.3952684,51.3790659]},"properties":{"name":"Twerton Park","layer":"stadiums","note":"OpenStreetMap","osm_id":"way/291442380","osm_url":"https://www.openstreetmap.org/way/291442380","source":"OpenStreetMap"}},{"type":"Feature","geometry":{"type":"Point","coordinates":[-0.2648032,53.7540499]},"properties":{"name":"Sewell Group Craven Park Stadium","layer":"stadiums","note":"OpenStreetMap","osm_id":"way/29208535","osm_url":"https://www.openstreetmap.org/way/29208535","source":"OpenStreetMap"}},{"type":"Feature","geometry":{"type":"Point","coordinates":[-9.700182,52.2748957]},"properties":{"name":"Kingdom Greyhound Racing","layer":"stadiums","note":"OpenStreetMap","osm_id":"way/292316338","osm_url":"https://www.openstreetmap.org/way/292316338","source":"OpenStreetMap"}},{"type":"Feature","geometry":{"type":"Point","coordinates":[-2.149498,52.6076569]},"properties":{"name":"Wolves Indoor Football Academy","layer":"stadiums","note":"OpenStreetMap","osm_id":"way/296316673","osm_url":"https://www.openstreetmap.org/way/296316673","source":"OpenStreetMap"}},{"type":"Feature","geometry":{"type":"Point","coordinates":[-1.314862,53.5364448]},"properties":{"name":"Highgate Greyhound Stadium","layer":"stadiums","note":"OpenStreetMap","osm_id":"way/298198745","osm_url":"https://www.openstreetmap.org/way/298198745","source":"OpenStreetMap"}},{"type":"Feature","geometry":{"type":"Point","coordinates":[-1.3960421,53.5253922]},"properties":{"name":"Stadium","layer":"stadiums","note":"OpenStreetMap","osm_id":"way/298311848","osm_url":"https://www.openstreetmap.org/way/298311848","source":"OpenStreetMap"}},{"type":"Feature","geometry":{"type":"Point","coordinates":[-1.1868663,51.737544]},"properties":{"name":"Oxford City Athletics Club","layer":"stadiums","note":"OpenStreetMap","osm_id":"way/298761958","osm_url":"https://www.openstreetmap.org/way/298761958","source":"OpenStreetMap"}},{"type":"Feature","geometry":{"type":"Point","coordinates":[-1.1541699,53.6251481]},"properties":{"name":"Askern Greyhound Stadium","layer":"stadiums","note":"OpenStreetMap","osm_id":"way/305231220","osm_url":"https://www.openstreetmap.org/way/305231220","source":"OpenStreetMap"}},{"type":"Feature","geometry":{"type":"Point","coordinates":[-6.416674,53.9982722]},"properties":{"name":"Oriel Park - Dundalk FC","layer":"stadiums","note":"OpenStreetMap","osm_id":"way/305678172","osm_url":"https://www.openstreetmap.org/way/305678172","source":"OpenStreetMap"}},{"type":"Feature","geometry":{"type":"Point","coordinates":[-1.0297439,53.5888566]},"properties":{"name":"Doncaster Greyhound Stadium","layer":"stadiums","note":"OpenStreetMap","osm_id":"way/306690791","osm_url":"https://www.openstreetmap.org/way/306690791","source":"OpenStreetMap"}},{"type":"Feature","geometry":{"type":"Point","coordinates":[-3.5955777,50.5132]},"properties":{"name":"Buckland Athletic Football Club","layer":"stadiums","note":"OpenStreetMap","osm_id":"way/310029679","osm_url":"https://www.openstreetmap.org/way/310029679","source":"OpenStreetMap"}},{"type":"Feature","geometry":{"type":"Point","coordinates":[-0.4575807,52.1407128]},"properties":{"name":"Bedford Blues Rugby Club","layer":"stadiums","note":"OpenStreetMap","osm_id":"way/3103273","osm_url":"https://www.openstreetmap.org/way/3103273","source":"OpenStreetMap"}},{"type":"Feature","geometry":{"type":"Point","coordinates":[-1.2163951,52.9679825]},"properties":{"name":"Harvey Hadden Stadium","layer":"stadiums","note":"OpenStreetMap","osm_id":"way/31133441","osm_url":"https://www.openstreetmap.org/way/31133441","source":"OpenStreetMap"}},{"type":"Feature","geometry":{"type":"Point","coordinates":[-2.9553325,51.3308206]},"properties":{"name":"Weston-Super-Mare Football Club","layer":"stadiums","note":"OpenStreetMap","osm_id":"way/313138466","osm_url":"https://www.openstreetmap.org/way/313138466","source":"OpenStreetMap"}},{"type":"Feature","geometry":{"type":"Point","coordinates":[-8.4681739,51.8855485]},"properties":{"name":"Turner's Cross Stadium","layer":"stadiums","note":"Munster Football Association","osm_id":"way/31326890","osm_url":"https://www.openstreetmap.org/way/31326890","source":"OpenStreetMap","brand":"Munster Football Association"}},{"type":"Feature","geometry":{"type":"Point","coordinates":[-8.3016053,51.8522191]},"properties":{"name":"Saint Colman's Park","layer":"stadiums","note":"OpenStreetMap","osm_id":"way/31344833","osm_url":"https://www.openstreetmap.org/way/31344833","source":"OpenStreetMap"}},{"type":"Feature","geometry":{"type":"Point","coordinates":[-8.5481366,51.8746189]},"properties":{"name":"FAI Bishopstown","layer":"stadiums","note":"OpenStreetMap","osm_id":"way/31345427","osm_url":"https://www.openstreetmap.org/way/31345427","source":"OpenStreetMap"}},{"type":"Feature","geometry":{"type":"Point","coordinates":[-1.6663203,52.6191048]},"properties":{"name":"Tamworth Sports Stadium","layer":"stadiums","note":"OpenStreetMap","osm_id":"way/313666968","osm_url":"https://www.openstreetmap.org/way/313666968","source":"OpenStreetMap"}},{"type":"Feature","geometry":{"type":"Point","coordinates":[-1.3547593,53.6786354]},"properties":{"name":"Post Office Road","layer":"stadiums","note":"Featherstone Rovers RLFC","osm_id":"way/314890784","osm_url":"https://www.openstreetmap.org/way/314890784","source":"OpenStreetMap","brand":"Featherstone Rovers RLFC"}},{"type":"Feature","geometry":{"type":"Point","coordinates":[-1.5033668,52.2444177]},"properties":{"name":"Leamington Football Club","layer":"stadiums","note":"OpenStreetMap","osm_id":"way/314904406","osm_url":"https://www.openstreetmap.org/way/314904406","source":"OpenStreetMap"}},{"type":"Feature","geometry":{"type":"Point","coordinates":[-2.2427322,52.3804746]},"properties":{"name":"Aggborough Stadium","layer":"stadiums","note":"Kidderminster Harriers Football Club","osm_id":"way/314907430","osm_url":"https://www.openstreetmap.org/way/314907430","source":"OpenStreetMap","brand":"Kidderminster Harriers Football Club"}},{"type":"Feature","geometry":{"type":"Point","coordinates":[0.4615805,51.5223181]},"properties":{"name":"Rookery Hill Stadium","layer":"stadiums","note":"OpenStreetMap","osm_id":"way/315546596","osm_url":"https://www.openstreetmap.org/way/315546596","source":"OpenStreetMap"}},{"type":"Feature","geometry":{"type":"Point","coordinates":[-3.5080626,50.5471675]},"properties":{"name":"Teignmouth Rugby Football Club","layer":"stadiums","note":"OpenStreetMap","osm_id":"way/316186217","osm_url":"https://www.openstreetmap.org/way/316186217","source":"OpenStreetMap"}},{"type":"Feature","geometry":{"type":"Point","coordinates":[-2.5122859,53.1924001]},"properties":{"name":"Barton Stadium","layer":"stadiums","note":"OpenStreetMap","osm_id":"way/317114765","osm_url":"https://www.openstreetmap.org/way/317114765","source":"OpenStreetMap"}},{"type":"Feature","geometry":{"type":"Point","coordinates":[-3.2350078,55.9278243]},"properties":{"name":"Meggetland Sports Pavilion","layer":"stadiums","note":"Edinburgh Leisure","osm_id":"way/317665953","osm_url":"https://www.openstreetmap.org/way/317665953","source":"OpenStreetMap","brand":"Edinburgh Leisure"}},{"type":"Feature","geometry":{"type":"Point","coordinates":[-3.8219109,55.7355223]},"properties":{"name":"John Cumming Stadium","layer":"stadiums","note":"OpenStreetMap","osm_id":"way/319027133","osm_url":"https://www.openstreetmap.org/way/319027133","source":"OpenStreetMap"}},{"type":"Feature","geometry":{"type":"Point","coordinates":[-0.6144418,52.9209833]},"properties":{"name":"The Environcom Stadium (Harrowby United FC)","layer":"stadiums","note":"OpenStreetMap","osm_id":"way/319787103","osm_url":"https://www.openstreetmap.org/way/319787103","source":"OpenStreetMap"}},{"type":"Feature","geometry":{"type":"Point","coordinates":[-0.6668219,52.9056976]},"properties":{"name":"South Kesteven Sports Stadium","layer":"stadiums","note":"OpenStreetMap","osm_id":"way/319938617","osm_url":"https://www.openstreetmap.org/way/319938617","source":"OpenStreetMap"}},{"type":"Feature","geometry":{"type":"Point","coordinates":[-0.9759923,51.7557985]},"properties":{"name":"The ASM Stadium","layer":"stadiums","note":"OpenStreetMap","osm_id":"way/320264113","osm_url":"https://www.openstreetmap.org/way/320264113","source":"OpenStreetMap"}},{"type":"Feature","geometry":{"type":"Point","coordinates":[-6.0037221,54.5359648]},"properties":{"name":"Drumbo Park","layer":"stadiums","note":"OpenStreetMap","osm_id":"way/323831298","osm_url":"https://www.openstreetmap.org/way/323831298","source":"OpenStreetMap"}},{"type":"Feature","geometry":{"type":"Point","coordinates":[-1.3709225,53.428594]},"properties":{"name":"Millmoor","layer":"stadiums","note":"OpenStreetMap","osm_id":"way/32451975","osm_url":"https://www.openstreetmap.org/way/32451975","source":"OpenStreetMap"}},{"type":"Feature","geometry":{"type":"Point","coordinates":[-4.1508516,50.3881308]},"properties":{"name":"Home Park","layer":"stadiums","note":"Plymouth Argyle Football Club","osm_id":"way/32571113","osm_url":"https://www.openstreetmap.org/way/32571113","source":"OpenStreetMap","brand":"Plymouth Argyle Football Club"}},{"type":"Feature","geometry":{"type":"Point","coordinates":[0.8976513,51.9233276]},"properties":{"name":"JobServe Community Stadium","layer":"stadiums","note":"OpenStreetMap","osm_id":"way/32688201","osm_url":"https://www.openstreetmap.org/way/32688201","source":"OpenStreetMap"}},{"type":"Feature","geometry":{"type":"Point","coordinates":[-0.7442887,51.4133001]},"properties":{"name":"Larges Lane","layer":"stadiums","note":"Bracknell Town Football Club","osm_id":"way/329363837","osm_url":"https://www.openstreetmap.org/way/329363837","source":"OpenStreetMap","brand":"Bracknell Town Football Club"}},{"type":"Feature","geometry":{"type":"Point","coordinates":[-3.8297432,53.315759]},"properties":{"name":"Parc Maesdu","layer":"stadiums","note":"OpenStreetMap","osm_id":"way/329586556","osm_url":"https://www.openstreetmap.org/way/329586556","source":"OpenStreetMap"}},{"type":"Feature","geometry":{"type":"Point","coordinates":[-1.3882676,54.9144333]},"properties":{"name":"Stadium of Light","layer":"stadiums","note":"OpenStreetMap","osm_id":"way/33003560","osm_url":"https://www.openstreetmap.org/way/33003560","source":"OpenStreetMap"}},{"type":"Feature","geometry":{"type":"Point","coordinates":[-7.067561,54.592338]},"properties":{"name":"Páirc Cholmcille","layer":"stadiums","note":"OpenStreetMap","osm_id":"way/330823584","osm_url":"https://www.openstreetmap.org/way/330823584","source":"OpenStreetMap"}},{"type":"Feature","geometry":{"type":"Point","coordinates":[-3.1841955,51.0674503]},"properties":{"name":"Bishops Lydeard Association Football Club","layer":"stadiums","note":"OpenStreetMap","osm_id":"way/332438370","osm_url":"https://www.openstreetmap.org/way/332438370","source":"OpenStreetMap"}},{"type":"Feature","geometry":{"type":"Point","coordinates":[-1.1281092,53.0343309]},"properties":{"name":"Stadium","layer":"stadiums","note":"OpenStreetMap","osm_id":"way/333235271","osm_url":"https://www.openstreetmap.org/way/333235271","source":"OpenStreetMap"}},{"type":"Feature","geometry":{"type":"Point","coordinates":[-2.9169494,54.8768702]},"properties":{"name":"Gilllford Park","layer":"stadiums","note":"OpenStreetMap","osm_id":"way/333587343","osm_url":"https://www.openstreetmap.org/way/333587343","source":"OpenStreetMap"}},{"type":"Feature","geometry":{"type":"Point","coordinates":[-0.5004443,52.0159539]},"properties":{"name":"Flitwick Football Centre","layer":"stadiums","note":"OpenStreetMap","osm_id":"way/339587148","osm_url":"https://www.openstreetmap.org/way/339587148","source":"OpenStreetMap"}},{"type":"Feature","geometry":{"type":"Point","coordinates":[-1.6316884,53.7071193]},"properties":{"name":"Mount Pleasant - Batley RLFC","layer":"stadiums","note":"OpenStreetMap","osm_id":"way/34076279","osm_url":"https://www.openstreetmap.org/way/34076279","source":"OpenStreetMap"}},{"type":"Feature","geometry":{"type":"Point","coordinates":[-3.7762459,51.59389]},"properties":{"name":"Talbot Athletic Ground","layer":"stadiums","note":"OpenStreetMap","osm_id":"way/34126396","osm_url":"https://www.openstreetmap.org/way/34126396","source":"OpenStreetMap"}},{"type":"Feature","geometry":{"type":"Point","coordinates":[-1.2126678,54.6892999]},"properties":{"name":"Victoria Park","layer":"stadiums","note":"OpenStreetMap","osm_id":"way/34258560","osm_url":"https://www.openstreetmap.org/way/34258560","source":"OpenStreetMap"}},{"type":"Feature","geometry":{"type":"Point","coordinates":[-6.3969975,54.0241786]},"properties":{"name":"Dowdallshill Gaelic and Athletics Club","layer":"stadiums","note":"OpenStreetMap","osm_id":"way/345210973","osm_url":"https://www.openstreetmap.org/way/345210973","source":"OpenStreetMap"}},{"type":"Feature","geometry":{"type":"Point","coordinates":[-0.1242233,50.9672242]},"properties":{"name":"Burgess Hill Town FC","layer":"stadiums","note":"OpenStreetMap","osm_id":"way/345627686","osm_url":"https://www.openstreetmap.org/way/345627686","source":"OpenStreetMap"}},{"type":"Feature","geometry":{"type":"Point","coordinates":[-3.5240195,50.4763565]},"properties":{"name":"Plainmoor","layer":"stadiums","note":"OpenStreetMap","osm_id":"way/34886331","osm_url":"https://www.openstreetmap.org/way/34886331","source":"OpenStreetMap"}},{"type":"Feature","geometry":{"type":"Point","coordinates":[-2.1287706,51.4655977]},"properties":{"name":"Chippenham Town Football Club","layer":"stadiums","note":"OpenStreetMap","osm_id":"way/35041275","osm_url":"https://www.openstreetmap.org/way/35041275","source":"OpenStreetMap"}},{"type":"Feature","geometry":{"type":"Point","coordinates":[-2.3709958,53.765403]},"properties":{"name":"Crown Ground","layer":"stadiums","note":"Accrington Stanley Football Club","osm_id":"way/35155939","osm_url":"https://www.openstreetmap.org/way/35155939","source":"OpenStreetMap","brand":"Accrington Stanley Football Club"}},{"type":"Feature","geometry":{"type":"Point","coordinates":[0.4684149,51.7315785]},"properties":{"name":"Ambassador Cruise Line Ground","layer":"stadiums","note":"OpenStreetMap","osm_id":"way/353267911","osm_url":"https://www.openstreetmap.org/way/353267911","source":"OpenStreetMap"}},{"type":"Feature","geometry":{"type":"Point","coordinates":[-3.2644313,54.9919402]},"properties":{"name":"Everholm Stadium","layer":"stadiums","note":"OpenStreetMap","osm_id":"way/353314810","osm_url":"https://www.openstreetmap.org/way/353314810","source":"OpenStreetMap"}},{"type":"Feature","geometry":{"type":"Point","coordinates":[-2.244086,53.4881053]},"properties":{"name":"AO Arena","layer":"stadiums","note":"AO","osm_id":"way/354135390","osm_url":"https://www.openstreetmap.org/way/354135390","source":"OpenStreetMap","brand":"AO"}},{"type":"Feature","geometry":{"type":"Point","coordinates":[-2.5284278,53.0726442]},"properties":{"name":"Nantwich Town Weaver Stadium","layer":"stadiums","note":"OpenStreetMap","osm_id":"way/35478163","osm_url":"https://www.openstreetmap.org/way/35478163","source":"OpenStreetMap"}},{"type":"Feature","geometry":{"type":"Point","coordinates":[-3.584088,54.5397969]},"properties":{"name":"Recreation Ground","layer":"stadiums","note":"Whitehaven RLFC","osm_id":"way/357142282","osm_url":"https://www.openstreetmap.org/way/357142282","source":"OpenStreetMap","brand":"Whitehaven RLFC"}},{"type":"Feature","geometry":{"type":"Point","coordinates":[-2.6719941,53.727874]},"properties":{"name":"Sir Tom Finney Stadium","layer":"stadiums","note":"Bamber Bridge Football Club","osm_id":"way/366510876","osm_url":"https://www.openstreetmap.org/way/366510876","source":"OpenStreetMap","brand":"Bamber Bridge Football Club"}},{"type":"Feature","geometry":{"type":"Point","coordinates":[-3.8022438,51.5903082]},"properties":{"name":"Port Talbot Town F.C.","layer":"stadiums","note":"OpenStreetMap","osm_id":"way/36820721","osm_url":"https://www.openstreetmap.org/way/36820721","source":"OpenStreetMap"}},{"type":"Feature","geometry":{"type":"Point","coordinates":[-2.057641,52.4538818]},"properties":{"name":"The Grove","layer":"stadiums","note":"OpenStreetMap","osm_id":"way/368932746","osm_url":"https://www.openstreetmap.org/way/368932746","source":"OpenStreetMap"}},{"type":"Feature","geometry":{"type":"Point","coordinates":[-6.4108474,53.5100791]},"properties":{"name":"Ashbourne Stadium","layer":"stadiums","note":"OpenStreetMap","osm_id":"way/373684040","osm_url":"https://www.openstreetmap.org/way/373684040","source":"OpenStreetMap"}},{"type":"Feature","geometry":{"type":"Point","coordinates":[0.1541888,52.2120369]},"properties":{"name":"Cledara Abbey Stadium","layer":"stadiums","note":"Cambridge United Football Club","osm_id":"way/3752661","osm_url":"https://www.openstreetmap.org/way/3752661","source":"OpenStreetMap","brand":"Cambridge United Football Club"}},{"type":"Feature","geometry":{"type":"Point","coordinates":[-2.2533316,51.4154267]},"properties":{"name":"Box Cricket Club","layer":"stadiums","note":"OpenStreetMap","osm_id":"way/377064444","osm_url":"https://www.openstreetmap.org/way/377064444","source":"OpenStreetMap"}},{"type":"Feature","geometry":{"type":"Point","coordinates":[-2.1799109,53.6207887]},"properties":{"name":"Crown Oil Arena","layer":"stadiums","note":"OpenStreetMap","osm_id":"way/37764621","osm_url":"https://www.openstreetmap.org/way/37764621","source":"OpenStreetMap"}},{"type":"Feature","geometry":{"type":"Point","coordinates":[-0.7549196,51.2483074]},"properties":{"name":"The Recreation Ground","layer":"stadiums","note":"Aldershot Town FC","osm_id":"way/37797469","osm_url":"https://www.openstreetmap.org/way/37797469","source":"OpenStreetMap","brand":"Aldershot Town FC"}},{"type":"Feature","geometry":{"type":"Point","coordinates":[-0.4575282,51.5139559]},"properties":{"name":"Uxbridge F.C.","layer":"stadiums","note":"Uxbridge Football Club","osm_id":"way/38165891","osm_url":"https://www.openstreetmap.org/way/38165891","source":"OpenStreetMap","brand":"Uxbridge Football Club"}},{"type":"Feature","geometry":{"type":"Point","coordinates":[0.3203883,50.8042606]},"properties":{"name":"Priory Lane","layer":"stadiums","note":"OpenStreetMap","osm_id":"way/38508132","osm_url":"https://www.openstreetmap.org/way/38508132","source":"OpenStreetMap"}},{"type":"Feature","geometry":{"type":"Point","coordinates":[-6.3735441,53.2833155]},"properties":{"name":"Tallaght Stadium","layer":"stadiums","note":"South Dublin County Council","osm_id":"way/38626330","osm_url":"https://www.openstreetmap.org/way/38626330","source":"OpenStreetMap","brand":"South Dublin County Council"}},{"type":"Feature","geometry":{"type":"Point","coordinates":[-6.2802817,53.3308012]},"properties":{"name":"National Stadium","layer":"stadiums","note":"OpenStreetMap","osm_id":"way/38669200","osm_url":"https://www.openstreetmap.org/way/38669200","source":"OpenStreetMap"}},{"type":"Feature","geometry":{"type":"Point","coordinates":[-3.2350642,54.1232465]},"properties":{"name":"Furness Building Society Stadium","layer":"stadiums","note":"Barrow Bluebirds Ltd","osm_id":"way/386844694","osm_url":"https://www.openstreetmap.org/way/386844694","source":"OpenStreetMap","brand":"Barrow Bluebirds Ltd"}},{"type":"Feature","geometry":{"type":"Point","coordinates":[-5.6843535,54.6515732]},"properties":{"name":"Clandeboye Park","layer":"stadiums","note":"OpenStreetMap","osm_id":"way/38705687","osm_url":"https://www.openstreetmap.org/way/38705687","source":"OpenStreetMap"}},{"type":"Feature","geometry":{"type":"Point","coordinates":[-0.6821755,52.2930877]},"properties":{"name":"Dog & Duck Stadium","layer":"stadiums","note":"OpenStreetMap","osm_id":"way/388335452","osm_url":"https://www.openstreetmap.org/way/388335452","source":"OpenStreetMap"}},{"type":"Feature","geometry":{"type":"Point","coordinates":[-0.6801679,52.2936528]},"properties":{"name":"The Victoria Mill Ground","layer":"stadiums","note":"OpenStreetMap","osm_id":"way/388335456","osm_url":"https://www.openstreetmap.org/way/388335456","source":"OpenStreetMap"}},{"type":"Feature","geometry":{"type":"Point","coordinates":[-1.5113515,55.1207584]},"properties":{"name":"Croft Park","layer":"stadiums","note":"OpenStreetMap","osm_id":"way/38894709","osm_url":"https://www.openstreetmap.org/way/38894709","source":"OpenStreetMap"}},{"type":"Feature","geometry":{"type":"Point","coordinates":[-7.1249028,52.2462187]},"properties":{"name":"Waterford Regional Sports Centre","layer":"stadiums","note":"OpenStreetMap","osm_id":"way/39076878","osm_url":"https://www.openstreetmap.org/way/39076878","source":"OpenStreetMap"}},{"type":"Feature","geometry":{"type":"Point","coordinates":[-3.3189979,53.111074]},"properties":{"name":"Clwb Rygbi Rhuthun","layer":"stadiums","note":"OpenStreetMap","osm_id":"way/391470288","osm_url":"https://www.openstreetmap.org/way/391470288","source":"OpenStreetMap"}},{"type":"Feature","geometry":{"type":"Point","coordinates":[-7.1285032,52.2546782]},"properties":{"name":"Páirc an Bhreatnaigh GAA","layer":"stadiums","note":"OpenStreetMap","osm_id":"way/39236986","osm_url":"https://www.openstreetmap.org/way/39236986","source":"OpenStreetMap"}},{"type":"Feature","geometry":{"type":"Point","coordinates":[-1.6249396,53.5236795]},"properties":{"name":"Penistone Church Football Ground","layer":"stadiums","note":"OpenStreetMap","osm_id":"way/392371442","osm_url":"https://www.openstreetmap.org/way/392371442","source":"OpenStreetMap"}},{"type":"Feature","geometry":{"type":"Point","coordinates":[-0.1122357,50.8297515]},"properties":{"name":"Brighton Racecourse","layer":"stadiums","note":"OpenStreetMap","osm_id":"way/392435017","osm_url":"https://www.openstreetmap.org/way/392435017","source":"OpenStreetMap"}},{"type":"Feature","geometry":{"type":"Point","coordinates":[-0.7744867,53.4033485]},"properties":{"name":"KAL Group Stadium","layer":"stadiums","note":"Gainsborough Trinity Football Club","osm_id":"way/39256141","osm_url":"https://www.openstreetmap.org/way/39256141","source":"OpenStreetMap","brand":"Gainsborough Trinity Football Club"}},{"type":"Feature","geometry":{"type":"Point","coordinates":[-1.3811614,53.0944631]},"properties":{"name":"Impact Arena","layer":"stadiums","note":"OpenStreetMap","osm_id":"way/39354797","osm_url":"https://www.openstreetmap.org/way/39354797","source":"OpenStreetMap"}},{"type":"Feature","geometry":{"type":"Point","coordinates":[0.2271919,50.8573604]},"properties":{"name":"Arlington Stadium","layer":"stadiums","note":"OpenStreetMap","osm_id":"way/394659855","osm_url":"https://www.openstreetmap.org/way/394659855","source":"OpenStreetMap"}},{"type":"Feature","geometry":{"type":"Point","coordinates":[0.758832,51.3483028]},"properties":{"name":"Central Park Stadium","layer":"stadiums","note":"OpenStreetMap","osm_id":"way/394693529","osm_url":"https://www.openstreetmap.org/way/394693529","source":"OpenStreetMap"}},{"type":"Feature","geometry":{"type":"Point","coordinates":[-2.9558677,51.2304422]},"properties":{"name":"Oak Tree Arena","layer":"stadiums","note":"OpenStreetMap","osm_id":"way/394756256","osm_url":"https://www.openstreetmap.org/way/394756256","source":"OpenStreetMap"}},{"type":"Feature","geometry":{"type":"Point","coordinates":[-5.921931,54.6242444]},"properties":{"name":"Seaview","layer":"stadiums","note":"OpenStreetMap","osm_id":"way/396750041","osm_url":"https://www.openstreetmap.org/way/396750041","source":"OpenStreetMap"}},{"type":"Feature","geometry":{"type":"Point","coordinates":[0.0972165,52.1942337]},"properties":{"name":"Cambridge Rugby Union Football Club","layer":"stadiums","note":"OpenStreetMap","osm_id":"way/3997835","osm_url":"https://www.openstreetmap.org/way/3997835","source":"OpenStreetMap"}},{"type":"Feature","geometry":{"type":"Point","coordinates":[-0.6275678,54.4900132]},"properties":{"name":"Turnbull Ground","layer":"stadiums","note":"Whitby Town FC","osm_id":"way/39987878","osm_url":"https://www.openstreetmap.org/way/39987878","source":"OpenStreetMap","brand":"Whitby Town FC"}},{"type":"Feature","geometry":{"type":"Point","coordinates":[-0.4426485,51.5869678]},"properties":{"name":"The Middlesex Stadium","layer":"stadiums","note":"OpenStreetMap","osm_id":"way/39998009","osm_url":"https://www.openstreetmap.org/way/39998009","source":"OpenStreetMap"}},{"type":"Feature","geometry":{"type":"Point","coordinates":[-1.6251236,52.7802723]},"properties":{"name":"Stapenhill FC","layer":"stadiums","note":"OpenStreetMap","osm_id":"way/40023607","osm_url":"https://www.openstreetmap.org/way/40023607","source":"OpenStreetMap"}},{"type":"Feature","geometry":{"type":"Point","coordinates":[-4.2554966,55.8256205]},"properties":{"name":"Lesser Hampden","layer":"stadiums","note":"OpenStreetMap","osm_id":"way/402361301","osm_url":"https://www.openstreetmap.org/way/402361301","source":"OpenStreetMap"}},{"type":"Feature","geometry":{"type":"Point","coordinates":[-0.7335493,52.0096317]},"properties":{"name":"Stadium MK","layer":"stadiums","note":"OpenStreetMap","osm_id":"way/404410358","osm_url":"https://www.openstreetmap.org/way/404410358","source":"OpenStreetMap"}},{"type":"Feature","geometry":{"type":"Point","coordinates":[-6.22811,53.3104509]},"properties":{"name":"UCD Bowl","layer":"stadiums","note":"OpenStreetMap","osm_id":"way/40585926","osm_url":"https://www.openstreetmap.org/way/40585926","source":"OpenStreetMap"}},{"type":"Feature","geometry":{"type":"Point","coordinates":[-2.1892394,52.5748706]},"properties":{"name":"Castlecroft Stadium","layer":"stadiums","note":"OpenStreetMap","osm_id":"way/406276848","osm_url":"https://www.openstreetmap.org/way/406276848","source":"OpenStreetMap"}},{"type":"Feature","geometry":{"type":"Point","coordinates":[-5.228934,50.2393008]},"properties":{"name":"Redruth Rugby Football Club","layer":"stadiums","note":"OpenStreetMap","osm_id":"way/408843959","osm_url":"https://www.openstreetmap.org/way/408843959","source":"OpenStreetMap"}},{"type":"Feature","geometry":{"type":"Point","coordinates":[0.3892175,52.7301814]},"properties":{"name":"Adrian Flux Arena","layer":"stadiums","note":"OpenStreetMap","osm_id":"way/411070394","osm_url":"https://www.openstreetmap.org/way/411070394","source":"OpenStreetMap"}},{"type":"Feature","geometry":{"type":"Point","coordinates":[-7.3379372,53.5282122]},"properties":{"name":"Cusack Park GAA Grounds","layer":"stadiums","note":"GAA","osm_id":"way/411793025","osm_url":"https://www.openstreetmap.org/way/411793025","source":"OpenStreetMap","brand":"GAA"}},{"type":"Feature","geometry":{"type":"Point","coordinates":[-0.2723725,51.661967]},"properties":{"name":"Meadow Park","layer":"stadiums","note":"OpenStreetMap","osm_id":"way/41384012","osm_url":"https://www.openstreetmap.org/way/41384012","source":"OpenStreetMap"}},{"type":"Feature","geometry":{"type":"Point","coordinates":[-2.1664509,53.3996727]},"properties":{"name":"Edgeley Park Stadium","layer":"stadiums","note":"OpenStreetMap","osm_id":"way/41405722","osm_url":"https://www.openstreetmap.org/way/41405722","source":"OpenStreetMap"}},{"type":"Feature","geometry":{"type":"Point","coordinates":[-1.5721342,53.7778606]},"properties":{"name":"Elland Road Stadium","layer":"stadiums","note":"Leeds United Football Club","osm_id":"way/41438140","osm_url":"https://www.openstreetmap.org/way/41438140","source":"OpenStreetMap","brand":"Leeds United Football Club"}},{"type":"Feature","geometry":{"type":"Point","coordinates":[-1.6722066,55.0187412]},"properties":{"name":"Kingston Park","layer":"stadiums","note":"OpenStreetMap","osm_id":"way/41723768","osm_url":"https://www.openstreetmap.org/way/41723768","source":"OpenStreetMap"}},{"type":"Feature","geometry":{"type":"Point","coordinates":[-3.5220422,55.8859873]},"properties":{"name":"Almondvale Stadium","layer":"stadiums","note":"Livingston F.C.","osm_id":"way/41913377","osm_url":"https://www.openstreetmap.org/way/41913377","source":"OpenStreetMap","brand":"Livingston F.C."}},{"type":"Feature","geometry":{"type":"Point","coordinates":[-3.2322686,55.938957]},"properties":{"name":"Tynecastle Park","layer":"stadiums","note":"Heart of Midlothian FC","osm_id":"way/4223856","osm_url":"https://www.openstreetmap.org/way/4223856","source":"OpenStreetMap","brand":"Heart of Midlothian FC"}},{"type":"Feature","geometry":{"type":"Point","coordinates":[-0.3415271,51.456052]},"properties":{"name":"Allianz Stadium","layer":"stadiums","note":"OpenStreetMap","osm_id":"way/4253555","osm_url":"https://www.openstreetmap.org/way/4253555","source":"OpenStreetMap"}},{"type":"Feature","geometry":{"type":"Point","coordinates":[-7.3360373,54.9905161]},"properties":{"name":"Brandywell Stadium","layer":"stadiums","note":"OpenStreetMap","osm_id":"way/428489640","osm_url":"https://www.openstreetmap.org/way/428489640","source":"OpenStreetMap"}},{"type":"Feature","geometry":{"type":"Point","coordinates":[-7.2973121,54.6140248]},"properties":{"name":"Healy Park","layer":"stadiums","note":"OpenStreetMap","osm_id":"way/428490897","osm_url":"https://www.openstreetmap.org/way/428490897","source":"OpenStreetMap"}},{"type":"Feature","geometry":{"type":"Point","coordinates":[-5.9045141,54.5765413]},"properties":{"name":"Affidea Stadium","layer":"stadiums","note":"OpenStreetMap","osm_id":"way/428492574","osm_url":"https://www.openstreetmap.org/way/428492574","source":"OpenStreetMap"}},{"type":"Feature","geometry":{"type":"Point","coordinates":[-2.3352229,53.3833921]},"properties":{"name":"Moss Lane","layer":"stadiums","note":"OpenStreetMap","osm_id":"way/4313090","osm_url":"https://www.openstreetmap.org/way/4313090","source":"OpenStreetMap"}},{"type":"Feature","geometry":{"type":"Point","coordinates":[-2.101064,52.577263]},"properties":{"name":"Monmore Greyhound Stadium","layer":"stadiums","note":"OpenStreetMap","osm_id":"way/43157630","osm_url":"https://www.openstreetmap.org/way/43157630","source":"OpenStreetMap"}},{"type":"Feature","geometry":{"type":"Point","coordinates":[-7.3407286,55.0269651]},"properties":{"name":"Swilly Stadium","layer":"stadiums","note":"OpenStreetMap","osm_id":"way/437613177","osm_url":"https://www.openstreetmap.org/way/437613177","source":"OpenStreetMap"}},{"type":"Feature","geometry":{"type":"Point","coordinates":[-0.2215318,51.4748994]},"properties":{"name":"Craven Cottage","layer":"stadiums","note":"Fulham Football Club","osm_id":"way/4380344","osm_url":"https://www.openstreetmap.org/way/4380344","source":"OpenStreetMap","brand":"Fulham Football Club"}},{"type":"Feature","geometry":{"type":"Point","coordinates":[-0.0638739,51.6592669]},"properties":{"name":"The Queen Elizabeth Stadium","layer":"stadiums","note":"OpenStreetMap","osm_id":"way/4402122","osm_url":"https://www.openstreetmap.org/way/4402122","source":"OpenStreetMap"}},{"type":"Feature","geometry":{"type":"Point","coordinates":[-1.1330116,52.6242348]},"properties":{"name":"Mattioli Woods Welford Road","layer":"stadiums","note":"OpenStreetMap","osm_id":"way/4426355","osm_url":"https://www.openstreetmap.org/way/4426355","source":"OpenStreetMap"}},{"type":"Feature","geometry":{"type":"Point","coordinates":[-1.1422964,52.6204255]},"properties":{"name":"King Power Stadium","layer":"stadiums","note":"Leicester City Football Club","osm_id":"way/4426440","osm_url":"https://www.openstreetmap.org/way/4426440","source":"OpenStreetMap","brand":"Leicester City Football Club"}},{"type":"Feature","geometry":{"type":"Point","coordinates":[-2.1928129,53.481268]},"properties":{"name":"Joie Stadium","layer":"stadiums","note":"OpenStreetMap","osm_id":"way/445486239","osm_url":"https://www.openstreetmap.org/way/445486239","source":"OpenStreetMap"}},{"type":"Feature","geometry":{"type":"Point","coordinates":[-1.4448953,52.9782686]},"properties":{"name":"Campfire Circle","layer":"stadiums","note":"OpenStreetMap","osm_id":"way/446534412","osm_url":"https://www.openstreetmap.org/way/446534412","source":"OpenStreetMap"}},{"type":"Feature","geometry":{"type":"Point","coordinates":[-3.1864698,51.066654]},"properties":{"name":"Bishops Lydeard Association Football Club","layer":"stadiums","note":"OpenStreetMap","osm_id":"way/452068357","osm_url":"https://www.openstreetmap.org/way/452068357","source":"OpenStreetMap"}},{"type":"Feature","geometry":{"type":"Point","coordinates":[-0.0962621,50.8214232]},"properties":{"name":"The Enclosed Ground","layer":"stadiums","note":"OpenStreetMap","osm_id":"way/4564533","osm_url":"https://www.openstreetmap.org/way/4564533","source":"OpenStreetMap"}},{"type":"Feature","geometry":{"type":"Point","coordinates":[-6.6262221,54.3392741]},"properties":{"name":"Holm Park","layer":"stadiums","note":"OpenStreetMap","osm_id":"way/456564738","osm_url":"https://www.openstreetmap.org/way/456564738","source":"OpenStreetMap"}},{"type":"Feature","geometry":{"type":"Point","coordinates":[-2.489234,53.7285857]},"properties":{"name":"Ewood Park","layer":"stadiums","note":"Blackburn Rovers Football Club","osm_id":"way/4597739","osm_url":"https://www.openstreetmap.org/way/4597739","source":"OpenStreetMap","brand":"Blackburn Rovers Football Club"}},{"type":"Feature","geometry":{"type":"Point","coordinates":[0.5740677,51.3704388]},"properties":{"name":"Avenue Tennis","layer":"stadiums","note":"OpenStreetMap","osm_id":"way/466085191","osm_url":"https://www.openstreetmap.org/way/466085191","source":"OpenStreetMap"}},{"type":"Feature","geometry":{"type":"Point","coordinates":[-1.513455,51.4089954]},"properties":{"name":"Bulpit Lane","layer":"stadiums","note":"Hungerford Town FC","osm_id":"way/466157403","osm_url":"https://www.openstreetmap.org/way/466157403","source":"OpenStreetMap","brand":"Hungerford Town FC"}},{"type":"Feature","geometry":{"type":"Point","coordinates":[-1.1428571,52.6076144]},"properties":{"name":"Uptonsteel County Ground","layer":"stadiums","note":"OpenStreetMap","osm_id":"way/4672968","osm_url":"https://www.openstreetmap.org/way/4672968","source":"OpenStreetMap"}},{"type":"Feature","geometry":{"type":"Point","coordinates":[-3.6015103,50.5471496]},"properties":{"name":"Kingsteignton Athletic and Football Club","layer":"stadiums","note":"OpenStreetMap","osm_id":"way/47047716","osm_url":"https://www.openstreetmap.org/way/47047716","source":"OpenStreetMap"}},{"type":"Feature","geometry":{"type":"Point","coordinates":[-0.7179428,51.5198295]},"properties":{"name":"York Road","layer":"stadiums","note":"OpenStreetMap","osm_id":"way/47126651","osm_url":"https://www.openstreetmap.org/way/47126651","source":"OpenStreetMap"}},{"type":"Feature","geometry":{"type":"Point","coordinates":[-2.5356233,53.5805366]},"properties":{"name":"Toughsheet Community Stadium","layer":"stadiums","note":"Bolton Wanderers Football Club","osm_id":"way/4729749","osm_url":"https://www.openstreetmap.org/way/4729749","source":"OpenStreetMap","brand":"Bolton Wanderers Football Club"}},{"type":"Feature","geometry":{"type":"Point","coordinates":[-2.7666797,55.4322088]},"properties":{"name":"Mansfield Park","layer":"stadiums","note":"OpenStreetMap","osm_id":"way/473176484","osm_url":"https://www.openstreetmap.org/way/473176484","source":"OpenStreetMap"}},{"type":"Feature","geometry":{"type":"Point","coordinates":[-2.9136147,54.895483]},"properties":{"name":"Brunton Park","layer":"stadiums","note":"Carlisle United Football Club","osm_id":"way/47484057","osm_url":"https://www.openstreetmap.org/way/47484057","source":"OpenStreetMap","brand":"Carlisle United Football Club"}},{"type":"Feature","geometry":{"type":"Point","coordinates":[-2.6360795,51.3694982]},"properties":{"name":"Winford","layer":"stadiums","note":"OpenStreetMap","osm_id":"way/478448026","osm_url":"https://www.openstreetmap.org/way/478448026","source":"OpenStreetMap"}},{"type":"Feature","geometry":{"type":"Point","coordinates":[-2.2318098,52.1926826]},"properties":{"name":"University of Worcester Arena","layer":"stadiums","note":"OpenStreetMap","osm_id":"way/480051495","osm_url":"https://www.openstreetmap.org/way/480051495","source":"OpenStreetMap"}},{"type":"Feature","geometry":{"type":"Point","coordinates":[-2.9608027,53.4308909]},"properties":{"name":"Anfield","layer":"stadiums","note":"Liverpool Football Club","osm_id":"way/4830206","osm_url":"https://www.openstreetmap.org/way/4830206","source":"OpenStreetMap","brand":"Liverpool Football Club"}},{"type":"Feature","geometry":{"type":"Point","coordinates":[-0.0166233,51.53867]},"properties":{"name":"London Stadium","layer":"stadiums","note":"London Legacy Development Corporation","osm_id":"way/486297861","osm_url":"https://www.openstreetmap.org/way/486297861","source":"OpenStreetMap","brand":"London Legacy Development Corporation"}},{"type":"Feature","geometry":{"type":"Point","coordinates":[-1.1338371,52.6137252]},"properties":{"name":"Saffron Lane Stadium","layer":"stadiums","note":"OpenStreetMap","osm_id":"way/490585345","osm_url":"https://www.openstreetmap.org/way/490585345","source":"OpenStreetMap"}},{"type":"Feature","geometry":{"type":"Point","coordinates":[-1.3429183,52.7138725]},"properties":{"name":"Bardon Hill Football Club","layer":"stadiums","note":"OpenStreetMap","osm_id":"way/493691993","osm_url":"https://www.openstreetmap.org/way/493691993","source":"OpenStreetMap"}},{"type":"Feature","geometry":{"type":"Point","coordinates":[-2.2949167,53.580496]},"properties":{"name":"Gigg Lane","layer":"stadiums","note":"Bury Football Club","osm_id":"way/4946900","osm_url":"https://www.openstreetmap.org/way/4946900","source":"OpenStreetMap","brand":"Bury Football Club"}},{"type":"Feature","geometry":{"type":"Point","coordinates":[-3.2228136,55.9278703]},"properties":{"name":"Myreside Stadium","layer":"stadiums","note":"OpenStreetMap","osm_id":"way/495905005","osm_url":"https://www.openstreetmap.org/way/495905005","source":"OpenStreetMap"}},{"type":"Feature","geometry":{"type":"Point","coordinates":[-1.1896189,52.2572635]},"properties":{"name":"Daventry Town Football Club","layer":"stadiums","note":"OpenStreetMap","osm_id":"way/498383862","osm_url":"https://www.openstreetmap.org/way/498383862","source":"OpenStreetMap"}},{"type":"Feature","geometry":{"type":"Point","coordinates":[-0.3944484,51.6959249]},"properties":{"name":"Woodside Stadium","layer":"stadiums","note":"OpenStreetMap","osm_id":"way/5045299","osm_url":"https://www.openstreetmap.org/way/5045299","source":"OpenStreetMap"}},{"type":"Feature","geometry":{"type":"Point","coordinates":[-0.2917008,51.6026331]},"properties":{"name":"The Hive Stadium","layer":"stadiums","note":"OpenStreetMap","osm_id":"way/508227304","osm_url":"https://www.openstreetmap.org/way/508227304","source":"OpenStreetMap"}},{"type":"Feature","geometry":{"type":"Point","coordinates":[-0.2242307,51.6034092]},"properties":{"name":"StoneX Stadium","layer":"stadiums","note":"OpenStreetMap","osm_id":"way/508908971","osm_url":"https://www.openstreetmap.org/way/508908971","source":"OpenStreetMap"}},{"type":"Feature","geometry":{"type":"Point","coordinates":[-0.169979,51.6068546]},"properties":{"name":"Finchley Rugby Football Club","layer":"stadiums","note":"OpenStreetMap","osm_id":"way/510474264","osm_url":"https://www.openstreetmap.org/way/510474264","source":"OpenStreetMap"}},{"type":"Feature","geometry":{"type":"Point","coordinates":[-0.1714751,51.606863]},"properties":{"name":"The Maurice Rebak Stadium","layer":"stadiums","note":"OpenStreetMap","osm_id":"way/510475285","osm_url":"https://www.openstreetmap.org/way/510475285","source":"OpenStreetMap"}},{"type":"Feature","geometry":{"type":"Point","coordinates":[-0.5872921,52.2908575]},"properties":{"name":"Stadium","layer":"stadiums","note":"OpenStreetMap","osm_id":"way/515308940","osm_url":"https://www.openstreetmap.org/way/515308940","source":"OpenStreetMap"}},{"type":"Feature","geometry":{"type":"Point","coordinates":[-0.1934762,51.8897118]},"properties":{"name":"Stevenage Football Club","layer":"stadiums","note":"Stavenge Football Club","osm_id":"way/51578931","osm_url":"https://www.openstreetmap.org/way/51578931","source":"OpenStreetMap","brand":"Stavenge Football Club"}},{"type":"Feature","geometry":{"type":"Point","coordinates":[-0.9650212,51.1581953]},"properties":{"name":"Alton Football Club","layer":"stadiums","note":"OpenStreetMap","osm_id":"way/519761872","osm_url":"https://www.openstreetmap.org/way/519761872","source":"OpenStreetMap"}},{"type":"Feature","geometry":{"type":"Point","coordinates":[-4.6199655,55.4696512]},"properties":{"name":"Somerset Park","layer":"stadiums","note":"Ayr United FC","osm_id":"way/521556578","osm_url":"https://www.openstreetmap.org/way/521556578","source":"OpenStreetMap","brand":"Ayr United FC"}},{"type":"Feature","geometry":{"type":"Point","coordinates":[-4.4442049,55.8505183]},"properties":{"name":"St Mirren Park","layer":"stadiums","note":"St Mirren FC","osm_id":"way/521570813","osm_url":"https://www.openstreetmap.org/way/521570813","source":"OpenStreetMap","brand":"St Mirren FC"}},{"type":"Feature","geometry":{"type":"Point","coordinates":[-2.7493245,52.6886194]},"properties":{"name":"New Meadow","layer":"stadiums","note":"Shrewsbury Town Football Club","osm_id":"way/52463324","osm_url":"https://www.openstreetmap.org/way/52463324","source":"OpenStreetMap","brand":"Shrewsbury Town Football Club"}},{"type":"Feature","geometry":{"type":"Point","coordinates":[-3.4475529,51.617533]},"properties":{"name":"Graig Park","layer":"stadiums","note":"OpenStreetMap","osm_id":"way/526866781","osm_url":"https://www.openstreetmap.org/way/526866781","source":"OpenStreetMap"}},{"type":"Feature","geometry":{"type":"Point","coordinates":[-6.9139141,53.1609085]},"properties":{"name":"Round Towers - Kildare Town GAA","layer":"stadiums","note":"OpenStreetMap","osm_id":"way/531039316","osm_url":"https://www.openstreetmap.org/way/531039316","source":"OpenStreetMap"}},{"type":"Feature","geometry":{"type":"Point","coordinates":[-5.9552705,54.5826512]},"properties":{"name":"National Football Stadium","layer":"stadiums","note":"OpenStreetMap","osm_id":"way/531704460","osm_url":"https://www.openstreetmap.org/way/531704460","source":"OpenStreetMap"}},{"type":"Feature","geometry":{"type":"Point","coordinates":[-6.9509573,54.9235822]},"properties":{"name":"Stadium","layer":"stadiums","note":"OpenStreetMap","osm_id":"way/536951437","osm_url":"https://www.openstreetmap.org/way/536951437","source":"OpenStreetMap"}},{"type":"Feature","geometry":{"type":"Point","coordinates":[-0.0662665,51.6041462]},"properties":{"name":"Tottenham Hotspur Stadium","layer":"stadiums","note":"Tottenham Hotspur","osm_id":"way/538300255","osm_url":"https://www.openstreetmap.org/way/538300255","source":"OpenStreetMap","brand":"Tottenham Hotspur"}},{"type":"Feature","geometry":{"type":"Point","coordinates":[-3.581752,51.5098395]},"properties":{"name":"Brewery Field","layer":"stadiums","note":"OpenStreetMap","osm_id":"way/54419576","osm_url":"https://www.openstreetmap.org/way/54419576","source":"OpenStreetMap"}},{"type":"Feature","geometry":{"type":"Point","coordinates":[-3.3777004,51.7511855]},"properties":{"name":"Merthyr Town F.C.","layer":"stadiums","note":"OpenStreetMap","osm_id":"way/546544394","osm_url":"https://www.openstreetmap.org/way/546544394","source":"OpenStreetMap"}},{"type":"Feature","geometry":{"type":"Point","coordinates":[-0.038101,52.9916413]},"properties":{"name":"Tattershall Road (Boston Town FC)","layer":"stadiums","note":"OpenStreetMap","osm_id":"way/54828777","osm_url":"https://www.openstreetmap.org/way/54828777","source":"OpenStreetMap"}},{"type":"Feature","geometry":{"type":"Point","coordinates":[1.2851252,51.1377853]},"properties":{"name":"Crabble","layer":"stadiums","note":"OpenStreetMap","osm_id":"way/54913381","osm_url":"https://www.openstreetmap.org/way/54913381","source":"OpenStreetMap"}},{"type":"Feature","geometry":{"type":"Point","coordinates":[-5.0124651,54.9020871]},"properties":{"name":"Stair Park","layer":"stadiums","note":"OpenStreetMap","osm_id":"way/551980188","osm_url":"https://www.openstreetmap.org/way/551980188","source":"OpenStreetMap"}},{"type":"Feature","geometry":{"type":"Point","coordinates":[-1.7593285,53.8043311]},"properties":{"name":"Valley Parade","layer":"stadiums","note":"OpenStreetMap","osm_id":"way/553222377","osm_url":"https://www.openstreetmap.org/way/553222377","source":"OpenStreetMap"}},{"type":"Feature","geometry":{"type":"Point","coordinates":[-2.1925984,53.049975]},"properties":{"name":"Vale Park","layer":"stadiums","note":"OpenStreetMap","osm_id":"way/553506535","osm_url":"https://www.openstreetmap.org/way/553506535","source":"OpenStreetMap"}},{"type":"Feature","geometry":{"type":"Point","coordinates":[-2.9787965,53.6381244]},"properties":{"name":"Haig Avenue","layer":"stadiums","note":"OpenStreetMap","osm_id":"way/553726626","osm_url":"https://www.openstreetmap.org/way/553726626","source":"OpenStreetMap"}},{"type":"Feature","geometry":{"type":"Point","coordinates":[-1.4792627,53.6698538]},"properties":{"name":"Belle Vue Stadium","layer":"stadiums","note":"Wakefield Trinity","osm_id":"way/553986731","osm_url":"https://www.openstreetmap.org/way/553986731","source":"OpenStreetMap","brand":"Wakefield Trinity"}},{"type":"Feature","geometry":{"type":"Point","coordinates":[-3.0326283,53.3736818]},"properties":{"name":"Prenton Park","layer":"stadiums","note":"OpenStreetMap","osm_id":"way/553987585","osm_url":"https://www.openstreetmap.org/way/553987585","source":"OpenStreetMap"}},{"type":"Feature","geometry":{"type":"Point","coordinates":[-2.9234934,53.1892112]},"properties":{"name":"Deva Stadium","layer":"stadiums","note":"OpenStreetMap","osm_id":"way/554215456","osm_url":"https://www.openstreetmap.org/way/554215456","source":"OpenStreetMap"}},{"type":"Feature","geometry":{"type":"Point","coordinates":[-1.2168686,54.5782073]},"properties":{"name":"Riverside stadium","layer":"stadiums","note":"OpenStreetMap","osm_id":"way/554223290","osm_url":"https://www.openstreetmap.org/way/554223290","source":"OpenStreetMap"}},{"type":"Feature","geometry":{"type":"Point","coordinates":[-2.5698456,53.3770337]},"properties":{"name":"Cantilever Park","layer":"stadiums","note":"OpenStreetMap","osm_id":"way/554230790","osm_url":"https://www.openstreetmap.org/way/554230790","source":"OpenStreetMap"}},{"type":"Feature","geometry":{"type":"Point","coordinates":[-2.8108999,54.0510563]},"properties":{"name":"Giant Axe","layer":"stadiums","note":"Lancaster City Football Club","osm_id":"way/554246628","osm_url":"https://www.openstreetmap.org/way/554246628","source":"OpenStreetMap","brand":"Lancaster City Football Club"}},{"type":"Feature","geometry":{"type":"Point","coordinates":[-1.3410005,53.729652]},"properties":{"name":"OneBore Stadium","layer":"stadiums","note":"OpenStreetMap","osm_id":"way/554256656","osm_url":"https://www.openstreetmap.org/way/554256656","source":"OpenStreetMap"}},{"type":"Feature","geometry":{"type":"Point","coordinates":[-1.1313963,53.3115614]},"properties":{"name":"Sandy Lane - Worksop Town FC","layer":"stadiums","note":"OpenStreetMap","osm_id":"way/554274475","osm_url":"https://www.openstreetmap.org/way/554274475","source":"OpenStreetMap"}},{"type":"Feature","geometry":{"type":"Point","coordinates":[-2.1168271,52.8186207]},"properties":{"name":"The Stan Robinson Stadium","layer":"stadiums","note":"OpenStreetMap","osm_id":"way/55440947","osm_url":"https://www.openstreetmap.org/way/55440947","source":"OpenStreetMap"}},{"type":"Feature","geometry":{"type":"Point","coordinates":[-2.5955264,53.3950148]},"properties":{"name":"The Halliwell Jones Stadium","layer":"stadiums","note":"Warrington Wolves RLFC","osm_id":"way/556255737","osm_url":"https://www.openstreetmap.org/way/556255737","source":"OpenStreetMap","brand":"Warrington Wolves RLFC"}},{"type":"Feature","geometry":{"type":"Point","coordinates":[-2.0438464,53.4753135]},"properties":{"name":"Bower Fold","layer":"stadiums","note":"OpenStreetMap","osm_id":"way/557290068","osm_url":"https://www.openstreetmap.org/way/557290068","source":"OpenStreetMap"}},{"type":"Feature","geometry":{"type":"Point","coordinates":[-3.1485044,51.7370215]},"properties":{"name":"Abertillery RFC","layer":"stadiums","note":"OpenStreetMap","osm_id":"way/559181377","osm_url":"https://www.openstreetmap.org/way/559181377","source":"OpenStreetMap"}},{"type":"Feature","geometry":{"type":"Point","coordinates":[-6.2162075,53.3730025]},"properties":{"name":"Parnell Park","layer":"stadiums","note":"Dublin GAA County Board","osm_id":"way/562581062","osm_url":"https://www.openstreetmap.org/way/562581062","source":"OpenStreetMap","brand":"Dublin GAA County Board"}},{"type":"Feature","geometry":{"type":"Point","coordinates":[-0.6728874,51.3943895]},"properties":{"name":"Stadium","layer":"stadiums","note":"OpenStreetMap","osm_id":"way/562908846","osm_url":"https://www.openstreetmap.org/way/562908846","source":"OpenStreetMap"}},{"type":"Feature","geometry":{"type":"Point","coordinates":[-3.47689,56.4098656]},"properties":{"name":"McDiarmid Park","layer":"stadiums","note":"St Johnstone Football Club","osm_id":"way/56291030","osm_url":"https://www.openstreetmap.org/way/56291030","source":"OpenStreetMap","brand":"St Johnstone Football Club"}},{"type":"Feature","geometry":{"type":"Point","coordinates":[-6.251033,53.360318]},"properties":{"name":"Croke Park","layer":"stadiums","note":"GAA","osm_id":"way/564099741","osm_url":"https://www.openstreetmap.org/way/564099741","source":"OpenStreetMap","brand":"GAA"}},{"type":"Feature","geometry":{"type":"Point","coordinates":[-2.6292766,53.645842]},"properties":{"name":"Victory Park","layer":"stadiums","note":"OpenStreetMap","osm_id":"way/566980797","osm_url":"https://www.openstreetmap.org/way/566980797","source":"OpenStreetMap"}},{"type":"Feature","geometry":{"type":"Point","coordinates":[-3.7073294,56.0056743]},"properties":{"name":"Grangemouth Stadium","layer":"stadiums","note":"OpenStreetMap","osm_id":"way/57204527","osm_url":"https://www.openstreetmap.org/way/57204527","source":"OpenStreetMap"}},{"type":"Feature","geometry":{"type":"Point","coordinates":[-3.3793363,56.1361985]},"properties":{"name":"New Central Park","layer":"stadiums","note":"OpenStreetMap","osm_id":"way/574782576","osm_url":"https://www.openstreetmap.org/way/574782576","source":"OpenStreetMap"}},{"type":"Feature","geometry":{"type":"Point","coordinates":[-6.6623349,54.3437431]},"properties":{"name":"Armagh GAA Athletic Grounds","layer":"stadiums","note":"OpenStreetMap","osm_id":"way/575037774","osm_url":"https://www.openstreetmap.org/way/575037774","source":"OpenStreetMap"}},{"type":"Feature","geometry":{"type":"Point","coordinates":[-1.3676796,53.6259243]},"properties":{"name":"Kinsley Greyhound Stadium","layer":"stadiums","note":"OpenStreetMap","osm_id":"way/57870368","osm_url":"https://www.openstreetmap.org/way/57870368","source":"OpenStreetMap"}},{"type":"Feature","geometry":{"type":"Point","coordinates":[-7.4895194,53.2803264]},"properties":{"name":"O'Connor Park","layer":"stadiums","note":"Offaly County Board","osm_id":"way/57978618","osm_url":"https://www.openstreetmap.org/way/57978618","source":"OpenStreetMap","brand":"Offaly County Board"}},{"type":"Feature","geometry":{"type":"Point","coordinates":[-7.9090218,53.0914646]},"properties":{"name":"Saint Brendan's Park","layer":"stadiums","note":"OpenStreetMap","osm_id":"way/58463378","osm_url":"https://www.openstreetmap.org/way/58463378","source":"OpenStreetMap"}},{"type":"Feature","geometry":{"type":"Point","coordinates":[-0.0696914,52.9768902]},"properties":{"name":"Princess Royal Sports Arena","layer":"stadiums","note":"OpenStreetMap","osm_id":"way/585256950","osm_url":"https://www.openstreetmap.org/way/585256950","source":"OpenStreetMap"}},{"type":"Feature","geometry":{"type":"Point","coordinates":[-6.2332789,53.3209025]},"properties":{"name":"Energia Park","layer":"stadiums","note":"OpenStreetMap","osm_id":"way/587898467","osm_url":"https://www.openstreetmap.org/way/587898467","source":"OpenStreetMap"}},{"type":"Feature","geometry":{"type":"Point","coordinates":[-4.127581,51.6787786]},"properties":{"name":"Parc y Scarlets","layer":"stadiums","note":"Parc y Scarlets","osm_id":"way/59150306","osm_url":"https://www.openstreetmap.org/way/59150306","source":"OpenStreetMap","brand":"Parc y Scarlets"}},{"type":"Feature","geometry":{"type":"Point","coordinates":[-2.2149003,52.9976324]},"properties":{"name":"Lyme Valley Stadium","layer":"stadiums","note":"OpenStreetMap","osm_id":"way/59637011","osm_url":"https://www.openstreetmap.org/way/59637011","source":"OpenStreetMap"}},{"type":"Feature","geometry":{"type":"Point","coordinates":[-0.1910294,51.4816957]},"properties":{"name":"Stamford Bridge","layer":"stadiums","note":"Chelsea Football Club","osm_id":"way/5986169","osm_url":"https://www.openstreetmap.org/way/5986169","source":"OpenStreetMap","brand":"Chelsea Football Club"}},{"type":"Feature","geometry":{"type":"Point","coordinates":[-1.4253574,53.3960341]},"properties":{"name":"Steel City Stadium","layer":"stadiums","note":"Olympic Legacy Park","osm_id":"way/599315985","osm_url":"https://www.openstreetmap.org/way/599315985","source":"OpenStreetMap","brand":"Olympic Legacy Park"}},{"type":"Feature","geometry":{"type":"Point","coordinates":[-1.4253272,53.3948357]},"properties":{"name":"Canon Medical Arena","layer":"stadiums","note":"OpenStreetMap","osm_id":"way/599315988","osm_url":"https://www.openstreetmap.org/way/599315988","source":"OpenStreetMap"}},{"type":"Feature","geometry":{"type":"Point","coordinates":[-0.629694,51.5934863]},"properties":{"name":"Holloway Park","layer":"stadiums","note":"OpenStreetMap","osm_id":"way/600818499","osm_url":"https://www.openstreetmap.org/way/600818499","source":"OpenStreetMap"}},{"type":"Feature","geometry":{"type":"Point","coordinates":[-7.6348854,54.3510847]},"properties":{"name":"Stadium","layer":"stadiums","note":"OpenStreetMap","osm_id":"way/602925639","osm_url":"https://www.openstreetmap.org/way/602925639","source":"OpenStreetMap"}},{"type":"Feature","geometry":{"type":"Point","coordinates":[-2.5767422,51.5374824]},"properties":{"name":"Tumps BMX Track","layer":"stadiums","note":"OpenStreetMap","osm_id":"way/603518761","osm_url":"https://www.openstreetmap.org/way/603518761","source":"OpenStreetMap"}},{"type":"Feature","geometry":{"type":"Point","coordinates":[-2.0969717,57.1125636]},"properties":{"name":"Balmoral Stadium","layer":"stadiums","note":"Cove Rangers Football Club","osm_id":"way/606795246","osm_url":"https://www.openstreetmap.org/way/606795246","source":"OpenStreetMap","brand":"Cove Rangers Football Club"}},{"type":"Feature","geometry":{"type":"Point","coordinates":[-7.7799029,54.801386]},"properties":{"name":"MacCumhaill Park","layer":"stadiums","note":"OpenStreetMap","osm_id":"way/609851612","osm_url":"https://www.openstreetmap.org/way/609851612","source":"OpenStreetMap"}},{"type":"Feature","geometry":{"type":"Point","coordinates":[-0.9197319,52.2394979]},"properties":{"name":"cinch Stadium","layer":"stadiums","note":"OpenStreetMap","osm_id":"way/61186872","osm_url":"https://www.openstreetmap.org/way/61186872","source":"OpenStreetMap"}},{"type":"Feature","geometry":{"type":"Point","coordinates":[-1.8383244,50.7352008]},"properties":{"name":"Vitality Stadium","layer":"stadiums","note":"OpenStreetMap","osm_id":"way/612208694","osm_url":"https://www.openstreetmap.org/way/612208694","source":"OpenStreetMap"}},{"type":"Feature","geometry":{"type":"Point","coordinates":[-4.7271341,55.9412507]},"properties":{"name":"Cappielow Park","layer":"stadiums","note":"OpenStreetMap","osm_id":"way/613446291","osm_url":"https://www.openstreetmap.org/way/613446291","source":"OpenStreetMap"}},{"type":"Feature","geometry":{"type":"Point","coordinates":[-0.8710075,52.2480353]},"properties":{"name":"County Ground","layer":"stadiums","note":"Northamptonshire County Cricket Club","osm_id":"way/61600204","osm_url":"https://www.openstreetmap.org/way/61600204","source":"OpenStreetMap","brand":"Northamptonshire County Cricket Club"}},{"type":"Feature","geometry":{"type":"Point","coordinates":[-1.495469,52.4481469]},"properties":{"name":"Stadium Bowl","layer":"stadiums","note":"OpenStreetMap","osm_id":"way/619257076","osm_url":"https://www.openstreetmap.org/way/619257076","source":"OpenStreetMap"}},{"type":"Feature","geometry":{"type":"Point","coordinates":[-3.6245746,55.0702687]},"properties":{"name":"Palmerston Park","layer":"stadiums","note":"OpenStreetMap","osm_id":"way/619287248","osm_url":"https://www.openstreetmap.org/way/619287248","source":"OpenStreetMap"}},{"type":"Feature","geometry":{"type":"Point","coordinates":[-1.6025584,53.6999338]},"properties":{"name":"Dewsbury Rams","layer":"stadiums","note":"OpenStreetMap","osm_id":"way/62055685","osm_url":"https://www.openstreetmap.org/way/62055685","source":"OpenStreetMap"}},{"type":"Feature","geometry":{"type":"Point","coordinates":[-0.4316681,51.8842133]},"properties":{"name":"Kenilworth Road Stadium","layer":"stadiums","note":"Luton Town FC","osm_id":"way/62330138","osm_url":"https://www.openstreetmap.org/way/62330138","source":"OpenStreetMap","brand":"Luton Town FC"}},{"type":"Feature","geometry":{"type":"Point","coordinates":[-6.6057485,54.4649913]},"properties":{"name":"Annaghmore Raceway","layer":"stadiums","note":"OpenStreetMap","osm_id":"way/623888346","osm_url":"https://www.openstreetmap.org/way/623888346","source":"OpenStreetMap"}},{"type":"Feature","geometry":{"type":"Point","coordinates":[-6.6182102,54.454001]},"properties":{"name":"Tullyroan Oval","layer":"stadiums","note":"OpenStreetMap","osm_id":"way/623888348","osm_url":"https://www.openstreetmap.org/way/623888348","source":"OpenStreetMap"}},{"type":"Feature","geometry":{"type":"Point","coordinates":[-0.8001993,51.6307661]},"properties":{"name":"Adams Park","layer":"stadiums","note":"Wycombe Wanderers F.C.","osm_id":"way/627438334","osm_url":"https://www.openstreetmap.org/way/627438334","source":"OpenStreetMap","brand":"Wycombe Wanderers F.C."}},{"type":"Feature","geometry":{"type":"Point","coordinates":[-2.1283458,53.5552042]},"properties":{"name":"Boundary Park","layer":"stadiums","note":"Oldham Athletic Football Club","osm_id":"way/63113573","osm_url":"https://www.openstreetmap.org/way/63113573","source":"OpenStreetMap","brand":"Oldham Athletic Football Club"}},{"type":"Feature","geometry":{"type":"Point","coordinates":[-2.5843806,51.4770637]},"properties":{"name":"Bristol County Ground","layer":"stadiums","note":"Seat Unique Stadium","osm_id":"way/632267350","osm_url":"https://www.openstreetmap.org/way/632267350","source":"OpenStreetMap","brand":"Seat Unique Stadium"}},{"type":"Feature","geometry":{"type":"Point","coordinates":[-4.288018,55.8909801]},"properties":{"name":"Lochburn Park","layer":"stadiums","note":"OpenStreetMap","osm_id":"way/632677642","osm_url":"https://www.openstreetmap.org/way/632677642","source":"OpenStreetMap"}},{"type":"Feature","geometry":{"type":"Point","coordinates":[-2.6566408,56.7352796]},"properties":{"name":"Glebe Park","layer":"stadiums","note":"Brechin City Football Club","osm_id":"way/63358762","osm_url":"https://www.openstreetmap.org/way/63358762","source":"OpenStreetMap","brand":"Brechin City Football Club"}},{"type":"Feature","geometry":{"type":"Point","coordinates":[-5.8274283,54.84987]},"properties":{"name":"Inver Park Stadium","layer":"stadiums","note":"OpenStreetMap","osm_id":"way/637224257","osm_url":"https://www.openstreetmap.org/way/637224257","source":"OpenStreetMap"}},{"type":"Feature","geometry":{"type":"Point","coordinates":[-2.0157949,55.7600156]},"properties":{"name":"Shielfield Park","layer":"stadiums","note":"OpenStreetMap","osm_id":"way/639511134","osm_url":"https://www.openstreetmap.org/way/639511134","source":"OpenStreetMap"}},{"type":"Feature","geometry":{"type":"Point","coordinates":[-8.0760637,53.948047]},"properties":{"name":"Páirc Seán Mac Diarmada","layer":"stadiums","note":"Leitrim GAA","osm_id":"way/641097746","osm_url":"https://www.openstreetmap.org/way/641097746","source":"OpenStreetMap","brand":"Leitrim GAA"}},{"type":"Feature","geometry":{"type":"Point","coordinates":[-1.534407,54.5084481]},"properties":{"name":"The Darlington Arena","layer":"stadiums","note":"OpenStreetMap","osm_id":"way/64309512","osm_url":"https://www.openstreetmap.org/way/64309512","source":"OpenStreetMap"}},{"type":"Feature","geometry":{"type":"Point","coordinates":[-0.0152263,51.5503853]},"properties":{"name":"Lee Valley VeloPark","layer":"stadiums","note":"OpenStreetMap","osm_id":"way/645435271","osm_url":"https://www.openstreetmap.org/way/645435271","source":"OpenStreetMap"}},{"type":"Feature","geometry":{"type":"Point","coordinates":[-2.0053127,57.689343]},"properties":{"name":"Bellslea Park","layer":"stadiums","note":"OpenStreetMap","osm_id":"way/65011360","osm_url":"https://www.openstreetmap.org/way/65011360","source":"OpenStreetMap"}},{"type":"Feature","geometry":{"type":"Point","coordinates":[-4.4190827,57.5958911]},"properties":{"name":"Global Energy Stadium","layer":"stadiums","note":"OpenStreetMap","osm_id":"way/652521632","osm_url":"https://www.openstreetmap.org/way/652521632","source":"OpenStreetMap"}},{"type":"Feature","geometry":{"type":"Point","coordinates":[-3.3206899,57.6518102]},"properties":{"name":"Borough Briggs","layer":"stadiums","note":"Elgin City Football Club","osm_id":"way/65601462","osm_url":"https://www.openstreetmap.org/way/65601462","source":"OpenStreetMap","brand":"Elgin City Football Club"}},{"type":"Feature","geometry":{"type":"Point","coordinates":[-7.3334468,54.993149]},"properties":{"name":"Celtic Park","layer":"stadiums","note":"Derry GAA","osm_id":"way/656475469","osm_url":"https://www.openstreetmap.org/way/656475469","source":"OpenStreetMap","brand":"Derry GAA"}},{"type":"Feature","geometry":{"type":"Point","coordinates":[-4.2439445,55.8860051]},"properties":{"name":"Ashfield Stadium","layer":"stadiums","note":"OpenStreetMap","osm_id":"way/660545305","osm_url":"https://www.openstreetmap.org/way/660545305","source":"OpenStreetMap"}},{"type":"Feature","geometry":{"type":"Point","coordinates":[1.3092837,52.622027]},"properties":{"name":"Carrow Road Stadium","layer":"stadiums","note":"OpenStreetMap","osm_id":"way/662365383","osm_url":"https://www.openstreetmap.org/way/662365383","source":"OpenStreetMap"}},{"type":"Feature","geometry":{"type":"Point","coordinates":[-0.4050478,54.2882159]},"properties":{"name":"North Marine Road Ground","layer":"stadiums","note":"OpenStreetMap","osm_id":"way/662997470","osm_url":"https://www.openstreetmap.org/way/662997470","source":"OpenStreetMap"}},{"type":"Feature","geometry":{"type":"Point","coordinates":[-2.23,53.7892005]},"properties":{"name":"Turf Moor","layer":"stadiums","note":"OpenStreetMap","osm_id":"way/663006865","osm_url":"https://www.openstreetmap.org/way/663006865","source":"OpenStreetMap"}},{"type":"Feature","geometry":{"type":"Point","coordinates":[-2.5301747,53.4897723]},"properties":{"name":"Leigh Sports Village Stadium","layer":"stadiums","note":"OpenStreetMap","osm_id":"way/663009864","osm_url":"https://www.openstreetmap.org/way/663009864","source":"OpenStreetMap"}},{"type":"Feature","geometry":{"type":"Point","coordinates":[-2.7259236,53.4475227]},"properties":{"name":"BrewDog Stadium","layer":"stadiums","note":"St. Helens RLFC","osm_id":"way/663013755","osm_url":"https://www.openstreetmap.org/way/663013755","source":"OpenStreetMap","brand":"St. Helens RLFC"}},{"type":"Feature","geometry":{"type":"Point","coordinates":[-1.770991,51.5645062]},"properties":{"name":"The Nigel Eady County Ground","layer":"stadiums","note":"Swindon Town Football Club","osm_id":"way/663050383","osm_url":"https://www.openstreetmap.org/way/663050383","source":"OpenStreetMap","brand":"Swindon Town Football Club"}},{"type":"Feature","geometry":{"type":"Point","coordinates":[-0.083975,51.4613155]},"properties":{"name":"Champion Hill","layer":"stadiums","note":"Dulwich Hamlet FC","osm_id":"way/663055373","osm_url":"https://www.openstreetmap.org/way/663055373","source":"OpenStreetMap","brand":"Dulwich Hamlet FC"}},{"type":"Feature","geometry":{"type":"Point","coordinates":[-0.3443168,51.4502796]},"properties":{"name":"Twickenham Stoop Stadium","layer":"stadiums","note":"OpenStreetMap","osm_id":"way/663056293","osm_url":"https://www.openstreetmap.org/way/663056293","source":"OpenStreetMap"}},{"type":"Feature","geometry":{"type":"Point","coordinates":[-4.3424326,55.8817196]},"properties":{"name":"Scotstoun Stadium","layer":"stadiums","note":"Glasgow Warriors","osm_id":"way/665713166","osm_url":"https://www.openstreetmap.org/way/665713166","source":"OpenStreetMap","brand":"Glasgow Warriors"}},{"type":"Feature","geometry":{"type":"Point","coordinates":[-2.8848887,56.6522423]},"properties":{"name":"Station Park","layer":"stadiums","note":"Forfar Athletic F.C.","osm_id":"way/665716777","osm_url":"https://www.openstreetmap.org/way/665716777","source":"OpenStreetMap","brand":"Forfar Athletic F.C."}},{"type":"Feature","geometry":{"type":"Point","coordinates":[-0.5462465,52.3522311]},"properties":{"name":"Raunds Town Football Club","layer":"stadiums","note":"OpenStreetMap","osm_id":"way/670965137","osm_url":"https://www.openstreetmap.org/way/670965137","source":"OpenStreetMap"}},{"type":"Feature","geometry":{"type":"Point","coordinates":[-2.3407232,53.5674838]},"properties":{"name":"Neuven Stadium","layer":"stadiums","note":"OpenStreetMap","osm_id":"way/681347766","osm_url":"https://www.openstreetmap.org/way/681347766","source":"OpenStreetMap"}},{"type":"Feature","geometry":{"type":"Point","coordinates":[-1.4676198,53.5522379]},"properties":{"name":"Oakwell Stadium","layer":"stadiums","note":"Barnsley Football Club","osm_id":"way/68417916","osm_url":"https://www.openstreetmap.org/way/68417916","source":"OpenStreetMap","brand":"Barnsley Football Club"}},{"type":"Feature","geometry":{"type":"Point","coordinates":[-3.2029452,51.4728259]},"properties":{"name":"Cardiff City Stadium","layer":"stadiums","note":"Cardiff City Football Club","osm_id":"way/68424396","osm_url":"https://www.openstreetmap.org/way/68424396","source":"OpenStreetMap","brand":"Cardiff City Football Club"}},{"type":"Feature","geometry":{"type":"Point","coordinates":[-0.4689301,52.6655526]},"properties":{"name":"Borderville","layer":"stadiums","note":"OpenStreetMap","osm_id":"way/696251730","osm_url":"https://www.openstreetmap.org/way/696251730","source":"OpenStreetMap"}},{"type":"Feature","geometry":{"type":"Point","coordinates":[-0.288994,51.4907736]},"properties":{"name":"Gtech Community Stadium","layer":"stadiums","note":"Brentford Football Club","osm_id":"way/703196592","osm_url":"https://www.openstreetmap.org/way/703196592","source":"OpenStreetMap","brand":"Brentford Football Club"}},{"type":"Feature","geometry":{"type":"Point","coordinates":[-0.0851524,51.3982826]},"properties":{"name":"Selhurst Park","layer":"stadiums","note":"OpenStreetMap","osm_id":"way/704819406","osm_url":"https://www.openstreetmap.org/way/704819406","source":"OpenStreetMap"}},{"type":"Feature","geometry":{"type":"Point","coordinates":[0.0361485,51.4864041]},"properties":{"name":"The Valley","layer":"stadiums","note":"Charlton Athletic Football Club","osm_id":"way/704823227","osm_url":"https://www.openstreetmap.org/way/704823227","source":"OpenStreetMap","brand":"Charlton Athletic Football Club"}},{"type":"Feature","geometry":{"type":"Point","coordinates":[-1.2360143,52.7873783]},"properties":{"name":"Stadium","layer":"stadiums","note":"OpenStreetMap","osm_id":"way/707890038","osm_url":"https://www.openstreetmap.org/way/707890038","source":"OpenStreetMap"}},{"type":"Feature","geometry":{"type":"Point","coordinates":[-7.6243482,52.0965348]},"properties":{"name":"Fraher Field","layer":"stadiums","note":"OpenStreetMap","osm_id":"way/71801722","osm_url":"https://www.openstreetmap.org/way/71801722","source":"OpenStreetMap"}},{"type":"Feature","geometry":{"type":"Point","coordinates":[-2.189026,53.4602668]},"properties":{"name":"National Speedway Stadium","layer":"stadiums","note":"OpenStreetMap","osm_id":"way/721321775","osm_url":"https://www.openstreetmap.org/way/721321775","source":"OpenStreetMap"}},{"type":"Feature","geometry":{"type":"Point","coordinates":[-1.4707614,53.370373]},"properties":{"name":"Bramall Lane","layer":"stadiums","note":"Sheffield United Football Club","osm_id":"way/731980938","osm_url":"https://www.openstreetmap.org/way/731980938","source":"OpenStreetMap","brand":"Sheffield United Football Club"}},{"type":"Feature","geometry":{"type":"Point","coordinates":[1.7471509,52.4806581]},"properties":{"name":"Lowestoft Town FC","layer":"stadiums","note":"OpenStreetMap","osm_id":"way/75102368","osm_url":"https://www.openstreetmap.org/way/75102368","source":"OpenStreetMap"}},{"type":"Feature","geometry":{"type":"Point","coordinates":[-3.601476,52.912441]},"properties":{"name":"Maes Tegid","layer":"stadiums","note":"OpenStreetMap","osm_id":"way/758783247","osm_url":"https://www.openstreetmap.org/way/758783247","source":"OpenStreetMap"}},{"type":"Feature","geometry":{"type":"Point","coordinates":[-3.0766426,53.2251284]},"properties":{"name":"Deeside Stadium","layer":"stadiums","note":"OpenStreetMap","osm_id":"way/758783257","osm_url":"https://www.openstreetmap.org/way/758783257","source":"OpenStreetMap"}},{"type":"Feature","geometry":{"type":"Point","coordinates":[-3.2159572,55.9598038]},"properties":{"name":"Edinburgh Academical Football Club","layer":"stadiums","note":"OpenStreetMap","osm_id":"way/759353754","osm_url":"https://www.openstreetmap.org/way/759353754","source":"OpenStreetMap"}},{"type":"Feature","geometry":{"type":"Point","coordinates":[0.2692602,51.2114876]},"properties":{"name":"Longmead Stadium","layer":"stadiums","note":"OpenStreetMap","osm_id":"way/764844991","osm_url":"https://www.openstreetmap.org/way/764844991","source":"OpenStreetMap"}},{"type":"Feature","geometry":{"type":"Point","coordinates":[-2.1913132,52.8915964]},"properties":{"name":"Stadium","layer":"stadiums","note":"OpenStreetMap","osm_id":"way/765469223","osm_url":"https://www.openstreetmap.org/way/765469223","source":"OpenStreetMap"}},{"type":"Feature","geometry":{"type":"Point","coordinates":[-2.7705902,51.2976308]},"properties":{"name":"Mendip Raceway","layer":"stadiums","note":"OpenStreetMap","osm_id":"way/76978347","osm_url":"https://www.openstreetmap.org/way/76978347","source":"OpenStreetMap"}},{"type":"Feature","geometry":{"type":"Point","coordinates":[-4.8134276,55.9400831]},"properties":{"name":"Ravenscraig Stadium","layer":"stadiums","note":"OpenStreetMap","osm_id":"way/769966943","osm_url":"https://www.openstreetmap.org/way/769966943","source":"OpenStreetMap"}},{"type":"Feature","geometry":{"type":"Point","coordinates":[-2.8403137,53.7040525]},"properties":{"name":"Hesketh Bank AFC","layer":"stadiums","note":"OpenStreetMap","osm_id":"way/77011267","osm_url":"https://www.openstreetmap.org/way/77011267","source":"OpenStreetMap"}},{"type":"Feature","geometry":{"type":"Point","coordinates":[-0.7185283,52.5066714]},"properties":{"name":"Stadium","layer":"stadiums","note":"OpenStreetMap","osm_id":"way/77015692","osm_url":"https://www.openstreetmap.org/way/77015692","source":"OpenStreetMap"}},{"type":"Feature","geometry":{"type":"Point","coordinates":[-0.7545834,51.2647333]},"properties":{"name":"Aldershot Military Stadium","layer":"stadiums","note":"OpenStreetMap","osm_id":"way/77738622","osm_url":"https://www.openstreetmap.org/way/77738622","source":"OpenStreetMap"}},{"type":"Feature","geometry":{"type":"Point","coordinates":[-0.7623043,51.3104155]},"properties":{"name":"Cherrywood Road","layer":"stadiums","note":"Farnborough Football Club","osm_id":"way/77739615","osm_url":"https://www.openstreetmap.org/way/77739615","source":"OpenStreetMap","brand":"Farnborough Football Club"}},{"type":"Feature","geometry":{"type":"Point","coordinates":[-0.7527763,51.2662489]},"properties":{"name":"Rugby Stadium","layer":"stadiums","note":"OpenStreetMap","osm_id":"way/77865803","osm_url":"https://www.openstreetmap.org/way/77865803","source":"OpenStreetMap"}},{"type":"Feature","geometry":{"type":"Point","coordinates":[-3.1918809,51.4874729]},"properties":{"name":"Cardiff Wales Stadium","layer":"stadiums","note":"Cardiff City Council","osm_id":"way/779005346","osm_url":"https://www.openstreetmap.org/way/779005346","source":"OpenStreetMap","brand":"Cardiff City Council"}},{"type":"Feature","geometry":{"type":"Point","coordinates":[-0.028707,52.9562217]},"properties":{"name":"The Jakemans Community Stadium","layer":"stadiums","note":"OpenStreetMap","osm_id":"way/795936880","osm_url":"https://www.openstreetmap.org/way/795936880","source":"OpenStreetMap"}},{"type":"Feature","geometry":{"type":"Point","coordinates":[-6.3320579,54.1608891]},"properties":{"name":"The Showgrounds","layer":"stadiums","note":"Newry City Supporters","osm_id":"way/798545336","osm_url":"https://www.openstreetmap.org/way/798545336","source":"OpenStreetMap","brand":"Newry City Supporters"}},{"type":"Feature","geometry":{"type":"Point","coordinates":[-0.4014717,51.6498187]},"properties":{"name":"Vicarage Road Stadium","layer":"stadiums","note":"OpenStreetMap","osm_id":"way/7989344","osm_url":"https://www.openstreetmap.org/way/7989344","source":"OpenStreetMap"}},{"type":"Feature","geometry":{"type":"Point","coordinates":[-0.7666767,51.3004444]},"properties":{"name":"Stadium","layer":"stadiums","note":"OpenStreetMap","osm_id":"way/80347004","osm_url":"https://www.openstreetmap.org/way/80347004","source":"OpenStreetMap"}},{"type":"Feature","geometry":{"type":"Point","coordinates":[-8.4368256,51.8913983]},"properties":{"name":"Páirc Uí Rinn","layer":"stadiums","note":"Cork County Board","osm_id":"way/80457142","osm_url":"https://www.openstreetmap.org/way/80457142","source":"OpenStreetMap","brand":"Cork County Board"}},{"type":"Feature","geometry":{"type":"Point","coordinates":[-3.0333612,53.4852638]},"properties":{"name":"Rossett Park","layer":"stadiums","note":"OpenStreetMap","osm_id":"way/80671971","osm_url":"https://www.openstreetmap.org/way/80671971","source":"OpenStreetMap"}},{"type":"Feature","geometry":{"type":"Point","coordinates":[-2.8897079,53.7973346]},"properties":{"name":"Mill Farm","layer":"stadiums","note":"AFC Fylde","osm_id":"way/812813504","osm_url":"https://www.openstreetmap.org/way/812813504","source":"OpenStreetMap","brand":"AFC Fylde"}},{"type":"Feature","geometry":{"type":"Point","coordinates":[-1.2441077,50.687264]},"properties":{"name":"Stadium","layer":"stadiums","note":"OpenStreetMap","osm_id":"way/828781656","osm_url":"https://www.openstreetmap.org/way/828781656","source":"OpenStreetMap"}},{"type":"Feature","geometry":{"type":"Point","coordinates":[-2.6540048,53.5477307]},"properties":{"name":"The Brick Community Stadium","layer":"stadiums","note":"Wigan Athletic Football Club","osm_id":"way/830867936","osm_url":"https://www.openstreetmap.org/way/830867936","source":"OpenStreetMap","brand":"Wigan Athletic Football Club"}},{"type":"Feature","geometry":{"type":"Point","coordinates":[-1.7193033,53.8772625]},"properties":{"name":"Nethermoor Park","layer":"stadiums","note":"OpenStreetMap","osm_id":"way/833172668","osm_url":"https://www.openstreetmap.org/way/833172668","source":"OpenStreetMap"}},{"type":"Feature","geometry":{"type":"Point","coordinates":[-1.9904372,52.5654699]},"properties":{"name":"Pallet-Track Bescot Stadium","layer":"stadiums","note":"Walsall Football Club","osm_id":"way/83716777","osm_url":"https://www.openstreetmap.org/way/83716777","source":"OpenStreetMap","brand":"Walsall Football Club"}},{"type":"Feature","geometry":{"type":"Point","coordinates":[-7.3022459,53.0260907]},"properties":{"name":"O'Moore Park","layer":"stadiums","note":"OpenStreetMap","osm_id":"way/83939606","osm_url":"https://www.openstreetmap.org/way/83939606","source":"OpenStreetMap"}},{"type":"Feature","geometry":{"type":"Point","coordinates":[-1.8590173,53.7160653]},"properties":{"name":"The Shay","layer":"stadiums","note":"Calderdale Council","osm_id":"way/841340149","osm_url":"https://www.openstreetmap.org/way/841340149","source":"OpenStreetMap","brand":"Calderdale Council"}},{"type":"Feature","geometry":{"type":"Point","coordinates":[-0.1868534,51.431247]},"properties":{"name":"Cherry Red Records Stadium","layer":"stadiums","note":"AFC Wimbledon","osm_id":"way/845872683","osm_url":"https://www.openstreetmap.org/way/845872683","source":"OpenStreetMap","brand":"AFC Wimbledon"}},{"type":"Feature","geometry":{"type":"Point","coordinates":[-1.5651372,54.9778508]},"properties":{"name":"Newcastle Stadium","layer":"stadiums","note":"OpenStreetMap","osm_id":"way/852200114","osm_url":"https://www.openstreetmap.org/way/852200114","source":"OpenStreetMap"}},{"type":"Feature","geometry":{"type":"Point","coordinates":[-1.5607197,54.8495567]},"properties":{"name":"Riverside Ground","layer":"stadiums","note":"Durham County Cricket Club","osm_id":"way/854709268","osm_url":"https://www.openstreetmap.org/way/854709268","source":"OpenStreetMap","brand":"Durham County Cricket Club"}},{"type":"Feature","geometry":{"type":"Point","coordinates":[-1.371897,50.9523415]},"properties":{"name":"Silverlake Stadium","layer":"stadiums","note":"OpenStreetMap","osm_id":"way/854932752","osm_url":"https://www.openstreetmap.org/way/854932752","source":"OpenStreetMap"}},{"type":"Feature","geometry":{"type":"Point","coordinates":[-7.1116671,52.2430803]},"properties":{"name":"Kilcohan Park Greyhound Stadium","layer":"stadiums","note":"OpenStreetMap","osm_id":"way/863520347","osm_url":"https://www.openstreetmap.org/way/863520347","source":"OpenStreetMap"}},{"type":"Feature","geometry":{"type":"Point","coordinates":[-3.2447109,55.9416896]},"properties":{"name":"Edinburgh Rugby Stadium","layer":"stadiums","note":"Edinburgh Rugby","osm_id":"way/867724832","osm_url":"https://www.openstreetmap.org/way/867724832","source":"OpenStreetMap","brand":"Edinburgh Rugby"}},{"type":"Feature","geometry":{"type":"Point","coordinates":[-6.1025901,53.205948]},"properties":{"name":"Carlisle Grounds","layer":"stadiums","note":"OpenStreetMap","osm_id":"way/87061174","osm_url":"https://www.openstreetmap.org/way/87061174","source":"OpenStreetMap"}},{"type":"Feature","geometry":{"type":"Point","coordinates":[-3.4680687,51.6232491]},"properties":{"name":"The M&P Group 3G","layer":"stadiums","note":"Cambrian and Clydach Vale BCG","osm_id":"way/871386323","osm_url":"https://www.openstreetmap.org/way/871386323","source":"OpenStreetMap","brand":"Cambrian and Clydach Vale BCG"}},{"type":"Feature","geometry":{"type":"Point","coordinates":[-8.4868055,54.2700947]},"properties":{"name":"East Stand","layer":"stadiums","note":"OpenStreetMap","osm_id":"way/87519767","osm_url":"https://www.openstreetmap.org/way/87519767","source":"OpenStreetMap"}},{"type":"Feature","geometry":{"type":"Point","coordinates":[-3.6619806,51.6114078]},"properties":{"name":"Old Parish","layer":"stadiums","note":"Maesteg RFC","osm_id":"way/877656890","osm_url":"https://www.openstreetmap.org/way/877656890","source":"OpenStreetMap","brand":"Maesteg RFC"}},{"type":"Feature","geometry":{"type":"Point","coordinates":[-0.0508945,51.485961]},"properties":{"name":"The Den","layer":"stadiums","note":"OpenStreetMap","osm_id":"way/8783648","osm_url":"https://www.openstreetmap.org/way/8783648","source":"OpenStreetMap"}},{"type":"Feature","geometry":{"type":"Point","coordinates":[-3.0197296,53.8279703]},"properties":{"name":"Stadium","layer":"stadiums","note":"OpenStreetMap","osm_id":"way/881970345","osm_url":"https://www.openstreetmap.org/way/881970345","source":"OpenStreetMap"}},{"type":"Feature","geometry":{"type":"Point","coordinates":[0.9011307,51.1559536]},"properties":{"name":"Julie Rose Stadium","layer":"stadiums","note":"OpenStreetMap","osm_id":"way/88387702","osm_url":"https://www.openstreetmap.org/way/88387702","source":"OpenStreetMap"}},{"type":"Feature","geometry":{"type":"Point","coordinates":[1.3997115,51.3327142]},"properties":{"name":"Southwood Stadium","layer":"stadiums","note":"OpenStreetMap","osm_id":"way/885713660","osm_url":"https://www.openstreetmap.org/way/885713660","source":"OpenStreetMap"}},{"type":"Feature","geometry":{"type":"Point","coordinates":[-6.6993162,53.6415284]},"properties":{"name":"Claremont Stadium","layer":"stadiums","note":"OpenStreetMap","osm_id":"way/88599464","osm_url":"https://www.openstreetmap.org/way/88599464","source":"OpenStreetMap"}},{"type":"Feature","geometry":{"type":"Point","coordinates":[-2.2768971,53.5136667]},"properties":{"name":"Moor Lane","layer":"stadiums","note":"OpenStreetMap","osm_id":"way/886134716","osm_url":"https://www.openstreetmap.org/way/886134716","source":"OpenStreetMap"}},{"type":"Feature","geometry":{"type":"Point","coordinates":[-3.0207713,51.6431478]},"properties":{"name":"Cwmbran Stadium","layer":"stadiums","note":"OpenStreetMap","osm_id":"way/887359459","osm_url":"https://www.openstreetmap.org/way/887359459","source":"OpenStreetMap"}},{"type":"Feature","geometry":{"type":"Point","coordinates":[-6.6930184,53.6496899]},"properties":{"name":"Páirc Tailteann","layer":"stadiums","note":"OpenStreetMap","osm_id":"way/88740945","osm_url":"https://www.openstreetmap.org/way/88740945","source":"OpenStreetMap"}},{"type":"Feature","geometry":{"type":"Point","coordinates":[-2.4847562,53.5235553]},"properties":{"name":"Alder Street Stadium","layer":"stadiums","note":"OpenStreetMap","osm_id":"way/892634429","osm_url":"https://www.openstreetmap.org/way/892634429","source":"OpenStreetMap"}},{"type":"Feature","geometry":{"type":"Point","coordinates":[0.8559307,51.1049613]},"properties":{"name":"Homelands","layer":"stadiums","note":"Ashford Football Club","osm_id":"way/89808172","osm_url":"https://www.openstreetmap.org/way/89808172","source":"OpenStreetMap","brand":"Ashford Football Club"}},{"type":"Feature","geometry":{"type":"Point","coordinates":[-3.2105366,51.4726821]},"properties":{"name":"Cardiff International Sports Stadium","layer":"stadiums","note":"OpenStreetMap","osm_id":"way/90034011","osm_url":"https://www.openstreetmap.org/way/90034011","source":"OpenStreetMap"}},{"type":"Feature","geometry":{"type":"Point","coordinates":[-0.9740792,50.8671205]},"properties":{"name":"West Leigh Park","layer":"stadiums","note":"OpenStreetMap","osm_id":"way/90068888","osm_url":"https://www.openstreetmap.org/way/90068888","source":"OpenStreetMap"}},{"type":"Feature","geometry":{"type":"Point","coordinates":[-6.9165535,52.8468789]},"properties":{"name":"Netwatch Cullen Park","layer":"stadiums","note":"OpenStreetMap","osm_id":"way/90185033","osm_url":"https://www.openstreetmap.org/way/90185033","source":"OpenStreetMap"}},{"type":"Feature","geometry":{"type":"Point","coordinates":[-2.9766978,53.0443073]},"properties":{"name":"Queensway Stadium","layer":"stadiums","note":"OpenStreetMap","osm_id":"way/902488813","osm_url":"https://www.openstreetmap.org/way/902488813","source":"OpenStreetMap"}},{"type":"Feature","geometry":{"type":"Point","coordinates":[0.7015049,51.5490454]},"properties":{"name":"Roots Hall Stadium","layer":"stadiums","note":"Southend United FC","osm_id":"way/90439495","osm_url":"https://www.openstreetmap.org/way/90439495","source":"OpenStreetMap","brand":"Southend United FC"}},{"type":"Feature","geometry":{"type":"Point","coordinates":[-6.730056,54.1130447]},"properties":{"name":"Saint Mary's Park","layer":"stadiums","note":"Castleblayney Faughs GAC","osm_id":"way/907662674","osm_url":"https://www.openstreetmap.org/way/907662674","source":"OpenStreetMap","brand":"Castleblayney Faughs GAC"}},{"type":"Feature","geometry":{"type":"Point","coordinates":[-0.9371069,51.4519609]},"properties":{"name":"Palmer Park Stadium","layer":"stadiums","note":"OpenStreetMap","osm_id":"way/91791488","osm_url":"https://www.openstreetmap.org/way/91791488","source":"OpenStreetMap"}},{"type":"Feature","geometry":{"type":"Point","coordinates":[-3.7786384,56.1167178]},"properties":{"name":"Indodrill Stadium","layer":"stadiums","note":"Alloa Athletic Football Club","osm_id":"way/92350469","osm_url":"https://www.openstreetmap.org/way/92350469","source":"OpenStreetMap","brand":"Alloa Athletic Football Club"}},{"type":"Feature","geometry":{"type":"Point","coordinates":[-2.2040654,53.4838769]},"properties":{"name":"Manchester Regional Arena","layer":"stadiums","note":"OpenStreetMap","osm_id":"way/923916078","osm_url":"https://www.openstreetmap.org/way/923916078","source":"OpenStreetMap"}},{"type":"Feature","geometry":{"type":"Point","coordinates":[-0.2841603,51.9545624]},"properties":{"name":"Hitchin Town Football Club","layer":"stadiums","note":"OpenStreetMap","osm_id":"way/93211731","osm_url":"https://www.openstreetmap.org/way/93211731","source":"OpenStreetMap"}},{"type":"Feature","geometry":{"type":"Point","coordinates":[-1.579919,54.9609861]},"properties":{"name":"Gateshead International Stadium","layer":"stadiums","note":"OpenStreetMap","osm_id":"way/93459787","osm_url":"https://www.openstreetmap.org/way/93459787","source":"OpenStreetMap"}},{"type":"Feature","geometry":{"type":"Point","coordinates":[-0.5883682,51.5198558]},"properties":{"name":"Arbour Park","layer":"stadiums","note":"OpenStreetMap","osm_id":"way/935164075","osm_url":"https://www.openstreetmap.org/way/935164075","source":"OpenStreetMap"}},{"type":"Feature","geometry":{"type":"Point","coordinates":[-1.3153843,53.6962228]},"properties":{"name":"Hunters Stadium","layer":"stadiums","note":"OpenStreetMap","osm_id":"way/940272822","osm_url":"https://www.openstreetmap.org/way/940272822","source":"OpenStreetMap"}},{"type":"Feature","geometry":{"type":"Point","coordinates":[-1.2307303,52.7689469]},"properties":{"name":"Paula Radcliffe Athletic Stadium","layer":"stadiums","note":"OpenStreetMap","osm_id":"way/946026159","osm_url":"https://www.openstreetmap.org/way/946026159","source":"OpenStreetMap"}},{"type":"Feature","geometry":{"type":"Point","coordinates":[-1.0527329,53.9843532]},"properties":{"name":"LNER Community Stadium","layer":"stadiums","note":"OpenStreetMap","osm_id":"way/952291708","osm_url":"https://www.openstreetmap.org/way/952291708","source":"OpenStreetMap"}},{"type":"Feature","geometry":{"type":"Point","coordinates":[-1.906712,53.2566369]},"properties":{"name":"Tarmac Silverlands Stadium","layer":"stadiums","note":"Buxton FC","osm_id":"way/95507076","osm_url":"https://www.openstreetmap.org/way/95507076","source":"OpenStreetMap","brand":"Buxton FC"}},{"type":"Feature","geometry":{"type":"Point","coordinates":[-2.0678982,53.4506037]},"properties":{"name":"Ewen Fields","layer":"stadiums","note":"OpenStreetMap","osm_id":"way/95921891","osm_url":"https://www.openstreetmap.org/way/95921891","source":"OpenStreetMap"}},{"type":"Feature","geometry":{"type":"Point","coordinates":[-3.5210514,50.7307158]},"properties":{"name":"St James' Park","layer":"stadiums","note":"OpenStreetMap","osm_id":"way/967684376","osm_url":"https://www.openstreetmap.org/way/967684376","source":"OpenStreetMap"}},{"type":"Feature","geometry":{"type":"Point","coordinates":[-2.10351,52.8023965]},"properties":{"name":"Evans Park","layer":"stadiums","note":"Stafford Town FC","osm_id":"way/97011286","osm_url":"https://www.openstreetmap.org/way/97011286","source":"OpenStreetMap","brand":"Stafford Town FC"}},{"type":"Feature","geometry":{"type":"Point","coordinates":[-1.2922712,53.5880005]},"properties":{"name":"Frickley AFC","layer":"stadiums","note":"OpenStreetMap","osm_id":"way/971871551","osm_url":"https://www.openstreetmap.org/way/971871551","source":"OpenStreetMap"}},{"type":"Feature","geometry":{"type":"Point","coordinates":[-3.1835239,51.4795946]},"properties":{"name":"Cardiff Arms Park","layer":"stadiums","note":"OpenStreetMap","osm_id":"way/973627106","osm_url":"https://www.openstreetmap.org/way/973627106","source":"OpenStreetMap"}},{"type":"Feature","geometry":{"type":"Point","coordinates":[-0.3405945,51.0468565]},"properties":{"name":"The Camping World Community Stadium","layer":"stadiums","note":"OpenStreetMap","osm_id":"way/983348193","osm_url":"https://www.openstreetmap.org/way/983348193","source":"OpenStreetMap"}},{"type":"Feature","geometry":{"type":"Point","coordinates":[-1.2398095,51.6141013]},"properties":{"name":"Loop Meadow Stadium","layer":"stadiums","note":"Didcot Town F.C.","osm_id":"way/988760783","osm_url":"https://www.openstreetmap.org/way/988760783","source":"OpenStreetMap","brand":"Didcot Town F.C."}},{"type":"Feature","geometry":{"type":"Point","coordinates":[-0.0870261,51.0003653]},"properties":{"name":"Hanbury Stadium","layer":"stadiums","note":"OpenStreetMap","osm_id":"way/99157499","osm_url":"https://www.openstreetmap.org/way/99157499","source":"OpenStreetMap"}},{"type":"Feature","geometry":{"type":"Point","coordinates":[-2.2913922,53.4631325]},"properties":{"name":"Old Trafford","layer":"stadiums","note":"Manchester United Football Club","osm_id":"way/99403577","osm_url":"https://www.openstreetmap.org/way/99403577","source":"OpenStreetMap","brand":"Manchester United Football Club"}},{"type":"Feature","geometry":{"type":"Point","coordinates":[-0.5170354,51.1080166]},"properties":{"name":"Elliot Scott Stadium","layer":"stadiums","note":"Alfold FC","osm_id":"way/998794846","osm_url":"https://www.openstreetmap.org/way/998794846","source":"OpenStreetMap","brand":"Alfold FC"}}]}
