{"type":"FeatureCollection","features":[{"type":"Feature","geometry":{"type":"Point","coordinates":[-2.6829859,51.0016203]},"properties":{"name":"Ilchester Town Hall","layer":"townhalls","note":"OpenStreetMap","osm_id":"node/10029911006","osm_url":"https://www.openstreetmap.org/node/10029911006","source":"OpenStreetMap"}},{"type":"Feature","geometry":{"type":"Point","coordinates":[-2.9893676,53.850881]},"properties":{"name":"Wyre Civic Centre","layer":"townhalls","note":"OpenStreetMap","osm_id":"node/1013318219","osm_url":"https://www.openstreetmap.org/node/1013318219","source":"OpenStreetMap"}},{"type":"Feature","geometry":{"type":"Point","coordinates":[-3.1570136,51.150966]},"properties":{"name":"Nether Stowey Parish Council","layer":"townhalls","note":"OpenStreetMap","osm_id":"node/10568233240","osm_url":"https://www.openstreetmap.org/node/10568233240","source":"OpenStreetMap"}},{"type":"Feature","geometry":{"type":"Point","coordinates":[-2.729353,53.2943737]},"properties":{"name":"Frodsham Town Council","layer":"townhalls","note":"OpenStreetMap","osm_id":"node/10572501070","osm_url":"https://www.openstreetmap.org/node/10572501070","source":"OpenStreetMap"}},{"type":"Feature","geometry":{"type":"Point","coordinates":[-2.1223042,53.5662839]},"properties":{"name":"Royton Town Hall","layer":"townhalls","note":"Oldham Council","osm_id":"node/10616343088","osm_url":"https://www.openstreetmap.org/node/10616343088","source":"OpenStreetMap","brand":"Oldham Council"}},{"type":"Feature","geometry":{"type":"Point","coordinates":[-4.0033565,50.7391157]},"properties":{"name":"Town Hall","layer":"townhalls","note":"Okehampton Town Council","osm_id":"node/10740109081","osm_url":"https://www.openstreetmap.org/node/10740109081","source":"OpenStreetMap","brand":"Okehampton Town Council"}},{"type":"Feature","geometry":{"type":"Point","coordinates":[-4.8996395,50.2984324]},"properties":{"name":"Grampound Town Hall","layer":"townhalls","note":"Grampound with Creed Parish Council","osm_id":"node/10859952307","osm_url":"https://www.openstreetmap.org/node/10859952307","source":"OpenStreetMap","brand":"Grampound with Creed Parish Council"}},{"type":"Feature","geometry":{"type":"Point","coordinates":[-2.2491331,51.3470936]},"properties":{"name":"Bradford on Avon Town Council","layer":"townhalls","note":"OpenStreetMap","osm_id":"node/10919502109","osm_url":"https://www.openstreetmap.org/node/10919502109","source":"OpenStreetMap"}},{"type":"Feature","geometry":{"type":"Point","coordinates":[-0.5357598,52.3967724]},"properties":{"name":"Thrapston Town Council","layer":"townhalls","note":"OpenStreetMap","osm_id":"node/11081101205","osm_url":"https://www.openstreetmap.org/node/11081101205","source":"OpenStreetMap"}},{"type":"Feature","geometry":{"type":"Point","coordinates":[-5.9538688,54.9675612]},"properties":{"name":"Glenarm Town Hall","layer":"townhalls","note":"OpenStreetMap","osm_id":"node/11115665706","osm_url":"https://www.openstreetmap.org/node/11115665706","source":"OpenStreetMap"}},{"type":"Feature","geometry":{"type":"Point","coordinates":[-4.2823825,55.6098]},"properties":{"name":"Darvel Town Hall","layer":"townhalls","note":"OpenStreetMap","osm_id":"node/11128560516","osm_url":"https://www.openstreetmap.org/node/11128560516","source":"OpenStreetMap"}},{"type":"Feature","geometry":{"type":"Point","coordinates":[-2.1371308,53.5444658]},"properties":{"name":"Chadderton Town Hall","layer":"townhalls","note":"OpenStreetMap","osm_id":"node/11194898319","osm_url":"https://www.openstreetmap.org/node/11194898319","source":"OpenStreetMap"}},{"type":"Feature","geometry":{"type":"Point","coordinates":[-2.7153459,51.8118958]},"properties":{"name":"Monmouth Town Council","layer":"townhalls","note":"OpenStreetMap","osm_id":"node/11283236289","osm_url":"https://www.openstreetmap.org/node/11283236289","source":"OpenStreetMap"}},{"type":"Feature","geometry":{"type":"Point","coordinates":[1.0909312,52.9062405]},"properties":{"name":"Holt Town Council","layer":"townhalls","note":"OpenStreetMap","osm_id":"node/11615988201","osm_url":"https://www.openstreetmap.org/node/11615988201","source":"OpenStreetMap"}},{"type":"Feature","geometry":{"type":"Point","coordinates":[-0.6958677,52.0494194]},"properties":{"name":"Broughton & Milton Keynes Parish Council","layer":"townhalls","note":"OpenStreetMap","osm_id":"node/11637528448","osm_url":"https://www.openstreetmap.org/node/11637528448","source":"OpenStreetMap"}},{"type":"Feature","geometry":{"type":"Point","coordinates":[-1.654135,50.7531532]},"properties":{"name":"New Milton Town Council","layer":"townhalls","note":"OpenStreetMap","osm_id":"node/1175557498","osm_url":"https://www.openstreetmap.org/node/1175557498","source":"OpenStreetMap"}},{"type":"Feature","geometry":{"type":"Point","coordinates":[-0.0272592,52.9761402]},"properties":{"name":"Boston Borough Council","layer":"townhalls","note":"OpenStreetMap","osm_id":"node/1180824822","osm_url":"https://www.openstreetmap.org/node/1180824822","source":"OpenStreetMap"}},{"type":"Feature","geometry":{"type":"Point","coordinates":[-1.7779576,51.5649667]},"properties":{"name":"South Swindon Parish Council","layer":"townhalls","note":"South Swindon Parish Council","osm_id":"node/11809552173","osm_url":"https://www.openstreetmap.org/node/11809552173","source":"OpenStreetMap","brand":"South Swindon Parish Council"}},{"type":"Feature","geometry":{"type":"Point","coordinates":[-4.2487742,55.8609898]},"properties":{"name":"Glasgow City Chambers","layer":"townhalls","note":"OpenStreetMap","osm_id":"node/11964734024","osm_url":"https://www.openstreetmap.org/node/11964734024","source":"OpenStreetMap"}},{"type":"Feature","geometry":{"type":"Point","coordinates":[-3.7051174,51.4773781]},"properties":{"name":"Porthcawl Town Council","layer":"townhalls","note":"OpenStreetMap","osm_id":"node/11985492663","osm_url":"https://www.openstreetmap.org/node/11985492663","source":"OpenStreetMap"}},{"type":"Feature","geometry":{"type":"Point","coordinates":[-6.5425461,53.8616456]},"properties":{"name":"Mid Louth Civic Service Centre","layer":"townhalls","note":"Louth County Council","osm_id":"node/12025669555","osm_url":"https://www.openstreetmap.org/node/12025669555","source":"OpenStreetMap","brand":"Louth County Council"}},{"type":"Feature","geometry":{"type":"Point","coordinates":[-1.3186476,53.0923905]},"properties":{"name":"Pinxton Village Hall and Parish Council Offices","layer":"townhalls","note":"OpenStreetMap","osm_id":"node/1223157817","osm_url":"https://www.openstreetmap.org/node/1223157817","source":"OpenStreetMap"}},{"type":"Feature","geometry":{"type":"Point","coordinates":[-3.2024639,52.7744427]},"properties":{"name":"Llanfechain Memorial Hall","layer":"townhalls","note":"OpenStreetMap","osm_id":"node/1255692246","osm_url":"https://www.openstreetmap.org/node/1255692246","source":"OpenStreetMap"}},{"type":"Feature","geometry":{"type":"Point","coordinates":[0.6851519,51.8721852]},"properties":{"name":"Coggeshall Parish Hall","layer":"townhalls","note":"OpenStreetMap","osm_id":"node/1258851517","osm_url":"https://www.openstreetmap.org/node/1258851517","source":"OpenStreetMap"}},{"type":"Feature","geometry":{"type":"Point","coordinates":[-0.85848,51.5005684]},"properties":{"name":"Parish Council Office","layer":"townhalls","note":"OpenStreetMap","osm_id":"node/1278432394","osm_url":"https://www.openstreetmap.org/node/1278432394","source":"OpenStreetMap"}},{"type":"Feature","geometry":{"type":"Point","coordinates":[-0.3316272,51.0636704]},"properties":{"name":"Horsham District Council","layer":"townhalls","note":"OpenStreetMap","osm_id":"node/12833549502","osm_url":"https://www.openstreetmap.org/node/12833549502","source":"OpenStreetMap"}},{"type":"Feature","geometry":{"type":"Point","coordinates":[-3.2023168,51.7772684]},"properties":{"name":"Blaenau Gwent County Borough Council","layer":"townhalls","note":"Blaenau Gwent County Borough Council","osm_id":"node/12895266612","osm_url":"https://www.openstreetmap.org/node/12895266612","source":"OpenStreetMap","brand":"Blaenau Gwent County Borough Council"}},{"type":"Feature","geometry":{"type":"Point","coordinates":[-2.2442706,53.4785613]},"properties":{"name":"Manchester City Council Service Centre","layer":"townhalls","note":"OpenStreetMap","osm_id":"node/1295894914","osm_url":"https://www.openstreetmap.org/node/1295894914","source":"OpenStreetMap"}},{"type":"Feature","geometry":{"type":"Point","coordinates":[-6.9680826,54.2482562]},"properties":{"name":"Monaghan County Council","layer":"townhalls","note":"OpenStreetMap","osm_id":"node/12972146524","osm_url":"https://www.openstreetmap.org/node/12972146524","source":"OpenStreetMap"}},{"type":"Feature","geometry":{"type":"Point","coordinates":[-0.1959821,51.4013467]},"properties":{"name":"Merton Civic Centre","layer":"townhalls","note":"OpenStreetMap","osm_id":"node/130240786","osm_url":"https://www.openstreetmap.org/node/130240786","source":"OpenStreetMap"}},{"type":"Feature","geometry":{"type":"Point","coordinates":[-2.8552195,52.1874512]},"properties":{"name":"Dilwyn Cedar Hall","layer":"townhalls","note":"OpenStreetMap","osm_id":"node/1311637563","osm_url":"https://www.openstreetmap.org/node/1311637563","source":"OpenStreetMap"}},{"type":"Feature","geometry":{"type":"Point","coordinates":[-3.2878996,51.6503558]},"properties":{"name":"Nelson Community Centre","layer":"townhalls","note":"OpenStreetMap","osm_id":"node/1312678073","osm_url":"https://www.openstreetmap.org/node/1312678073","source":"OpenStreetMap"}},{"type":"Feature","geometry":{"type":"Point","coordinates":[-0.9843386,50.8574938]},"properties":{"name":"Public Service Plaza","layer":"townhalls","note":"OpenStreetMap","osm_id":"node/1326283515","osm_url":"https://www.openstreetmap.org/node/1326283515","source":"OpenStreetMap"}},{"type":"Feature","geometry":{"type":"Point","coordinates":[-1.0872968,52.5910502]},"properties":{"name":"Oadby and Wigston Borough Council","layer":"townhalls","note":"Oadby and Wigston Borough Council","osm_id":"node/13270970761","osm_url":"https://www.openstreetmap.org/node/13270970761","source":"OpenStreetMap","brand":"Oadby and Wigston Borough Council"}},{"type":"Feature","geometry":{"type":"Point","coordinates":[-1.1636247,52.5768609]},"properties":{"name":"Blaby Civic Centre","layer":"townhalls","note":"OpenStreetMap","osm_id":"node/13306603943","osm_url":"https://www.openstreetmap.org/node/13306603943","source":"OpenStreetMap"}},{"type":"Feature","geometry":{"type":"Point","coordinates":[-8.4246755,52.9318023]},"properties":{"name":"Watersidehomes Office","layer":"townhalls","note":"OpenStreetMap","osm_id":"node/1331071158","osm_url":"https://www.openstreetmap.org/node/1331071158","source":"OpenStreetMap"}},{"type":"Feature","geometry":{"type":"Point","coordinates":[-4.6321493,55.464252]},"properties":{"name":"Ayr Town Hall","layer":"townhalls","note":"OpenStreetMap","osm_id":"node/13444009712","osm_url":"https://www.openstreetmap.org/node/13444009712","source":"OpenStreetMap"}},{"type":"Feature","geometry":{"type":"Point","coordinates":[-0.2421011,52.5714757]},"properties":{"name":"Peterborough City Council","layer":"townhalls","note":"OpenStreetMap","osm_id":"node/1345037025","osm_url":"https://www.openstreetmap.org/node/1345037025","source":"OpenStreetMap"}},{"type":"Feature","geometry":{"type":"Point","coordinates":[-4.2909271,55.8907884]},"properties":{"name":"Maryhill Burgh Halls","layer":"townhalls","note":"OpenStreetMap","osm_id":"node/1353868847","osm_url":"https://www.openstreetmap.org/node/1353868847","source":"OpenStreetMap"}},{"type":"Feature","geometry":{"type":"Point","coordinates":[-2.4492193,52.6367532]},"properties":{"name":"Jubilee House","layer":"townhalls","note":"Madeley Town Council","osm_id":"node/1354105394","osm_url":"https://www.openstreetmap.org/node/1354105394","source":"OpenStreetMap","brand":"Madeley Town Council"}},{"type":"Feature","geometry":{"type":"Point","coordinates":[-0.1130443,51.7082689]},"properties":{"name":"Northaw & Cuffley Parish Council","layer":"townhalls","note":"OpenStreetMap","osm_id":"node/13615872274","osm_url":"https://www.openstreetmap.org/node/13615872274","source":"OpenStreetMap"}},{"type":"Feature","geometry":{"type":"Point","coordinates":[-2.7130237,52.0554737]},"properties":{"name":"Hereford City Council","layer":"townhalls","note":"OpenStreetMap","osm_id":"node/13649616166","osm_url":"https://www.openstreetmap.org/node/13649616166","source":"OpenStreetMap"}},{"type":"Feature","geometry":{"type":"Point","coordinates":[-8.1667749,51.9119899]},"properties":{"name":"Midleton Town Council","layer":"townhalls","note":"OpenStreetMap","osm_id":"node/1367674489","osm_url":"https://www.openstreetmap.org/node/1367674489","source":"OpenStreetMap"}},{"type":"Feature","geometry":{"type":"Point","coordinates":[-2.6764615,51.6409162]},"properties":{"name":"Chepstow Town Council","layer":"townhalls","note":"OpenStreetMap","osm_id":"node/1376549057","osm_url":"https://www.openstreetmap.org/node/1376549057","source":"OpenStreetMap"}},{"type":"Feature","geometry":{"type":"Point","coordinates":[-9.2658039,51.5493003]},"properties":{"name":"Skibbereen Town Hall","layer":"townhalls","note":"OpenStreetMap","osm_id":"node/1376624650","osm_url":"https://www.openstreetmap.org/node/1376624650","source":"OpenStreetMap"}},{"type":"Feature","geometry":{"type":"Point","coordinates":[-1.9005005,51.5452112]},"properties":{"name":"Royal Wootton Bassett Town Council","layer":"townhalls","note":"OpenStreetMap","osm_id":"node/13798769389","osm_url":"https://www.openstreetmap.org/node/13798769389","source":"OpenStreetMap"}},{"type":"Feature","geometry":{"type":"Point","coordinates":[-4.9926175,50.2819628]},"properties":{"name":"Tresillian Village Hall","layer":"townhalls","note":"OpenStreetMap","osm_id":"node/13845384401","osm_url":"https://www.openstreetmap.org/node/13845384401","source":"OpenStreetMap"}},{"type":"Feature","geometry":{"type":"Point","coordinates":[-1.7825302,53.2358526]},"properties":{"name":"The Bramwell Memorial Institute","layer":"townhalls","note":"OpenStreetMap","osm_id":"node/1391704612","osm_url":"https://www.openstreetmap.org/node/1391704612","source":"OpenStreetMap"}},{"type":"Feature","geometry":{"type":"Point","coordinates":[-3.9836033,55.8653929]},"properties":{"name":"Airdrie Town Hall","layer":"townhalls","note":"North Lanarkshire Council","osm_id":"node/13991144604","osm_url":"https://www.openstreetmap.org/node/13991144604","source":"OpenStreetMap","brand":"North Lanarkshire Council"}},{"type":"Feature","geometry":{"type":"Point","coordinates":[-1.4391284,54.3330257]},"properties":{"name":"County Hall","layer":"townhalls","note":"OpenStreetMap","osm_id":"node/14009381053","osm_url":"https://www.openstreetmap.org/node/14009381053","source":"OpenStreetMap"}},{"type":"Feature","geometry":{"type":"Point","coordinates":[-1.5666108,54.0406532]},"properties":{"name":"Town hall","layer":"townhalls","note":"OpenStreetMap","osm_id":"node/1402838755","osm_url":"https://www.openstreetmap.org/node/1402838755","source":"OpenStreetMap"}},{"type":"Feature","geometry":{"type":"Point","coordinates":[-1.064346,60.5016476]},"properties":{"name":"Burravoe Public Hall","layer":"townhalls","note":"OpenStreetMap","osm_id":"node/14097655158","osm_url":"https://www.openstreetmap.org/node/14097655158","source":"OpenStreetMap"}},{"type":"Feature","geometry":{"type":"Point","coordinates":[-1.1656533,51.6448494]},"properties":{"name":"Town hall","layer":"townhalls","note":"OpenStreetMap","osm_id":"node/1420509405","osm_url":"https://www.openstreetmap.org/node/1420509405","source":"OpenStreetMap"}},{"type":"Feature","geometry":{"type":"Point","coordinates":[-5.9476619,54.6956515]},"properties":{"name":"Antrim and Newtownabbey Borough Council - Mossley Mill","layer":"townhalls","note":"OpenStreetMap","osm_id":"node/14244477781","osm_url":"https://www.openstreetmap.org/node/14244477781","source":"OpenStreetMap"}},{"type":"Feature","geometry":{"type":"Point","coordinates":[-4.1744306,50.4515006]},"properties":{"name":"Bere Ferrers Social Club","layer":"townhalls","note":"OpenStreetMap","osm_id":"node/1450163027","osm_url":"https://www.openstreetmap.org/node/1450163027","source":"OpenStreetMap"}},{"type":"Feature","geometry":{"type":"Point","coordinates":[-7.9915879,53.6736631]},"properties":{"name":"Lanesborough Hall","layer":"townhalls","note":"OpenStreetMap","osm_id":"node/1469732396","osm_url":"https://www.openstreetmap.org/node/1469732396","source":"OpenStreetMap"}},{"type":"Feature","geometry":{"type":"Point","coordinates":[-7.9906703,53.6733836]},"properties":{"name":"Lanesboro Co-Op Hall","layer":"townhalls","note":"OpenStreetMap","osm_id":"node/1469735617","osm_url":"https://www.openstreetmap.org/node/1469735617","source":"OpenStreetMap"}},{"type":"Feature","geometry":{"type":"Point","coordinates":[-3.4415261,55.1290074]},"properties":{"name":"Town hall","layer":"townhalls","note":"OpenStreetMap","osm_id":"node/1480445043","osm_url":"https://www.openstreetmap.org/node/1480445043","source":"OpenStreetMap"}},{"type":"Feature","geometry":{"type":"Point","coordinates":[-2.6313267,50.9405901]},"properties":{"name":"Yeovil Town Council","layer":"townhalls","note":"OpenStreetMap","osm_id":"node/1500068735","osm_url":"https://www.openstreetmap.org/node/1500068735","source":"OpenStreetMap"}},{"type":"Feature","geometry":{"type":"Point","coordinates":[-4.0740634,50.8191454]},"properties":{"name":"Hatherleigh Community Centre","layer":"townhalls","note":"OpenStreetMap","osm_id":"node/1523178976","osm_url":"https://www.openstreetmap.org/node/1523178976","source":"OpenStreetMap"}},{"type":"Feature","geometry":{"type":"Point","coordinates":[-3.3787946,51.6840942]},"properties":{"name":"Mountain Ash Town Hall","layer":"townhalls","note":"OpenStreetMap","osm_id":"node/1566548415","osm_url":"https://www.openstreetmap.org/node/1566548415","source":"OpenStreetMap"}},{"type":"Feature","geometry":{"type":"Point","coordinates":[-0.0813948,51.7907805]},"properties":{"name":"County Hall","layer":"townhalls","note":"OpenStreetMap","osm_id":"node/1588736500","osm_url":"https://www.openstreetmap.org/node/1588736500","source":"OpenStreetMap"}},{"type":"Feature","geometry":{"type":"Point","coordinates":[-2.485804,52.9039795]},"properties":{"name":"Market Drayton Town Council","layer":"townhalls","note":"OpenStreetMap","osm_id":"node/1599891893","osm_url":"https://www.openstreetmap.org/node/1599891893","source":"OpenStreetMap"}},{"type":"Feature","geometry":{"type":"Point","coordinates":[-1.2930151,52.7697511]},"properties":{"name":"Shepshed Town Council","layer":"townhalls","note":"OpenStreetMap","osm_id":"node/1600666354","osm_url":"https://www.openstreetmap.org/node/1600666354","source":"OpenStreetMap"}},{"type":"Feature","geometry":{"type":"Point","coordinates":[-2.808571,52.5372417]},"properties":{"name":"Church Stretton Town Council","layer":"townhalls","note":"OpenStreetMap","osm_id":"node/1654687384","osm_url":"https://www.openstreetmap.org/node/1654687384","source":"OpenStreetMap"}},{"type":"Feature","geometry":{"type":"Point","coordinates":[-6.3003431,54.4350828]},"properties":{"name":"Town hall","layer":"townhalls","note":"OpenStreetMap","osm_id":"node/1666524415","osm_url":"https://www.openstreetmap.org/node/1666524415","source":"OpenStreetMap"}},{"type":"Feature","geometry":{"type":"Point","coordinates":[-2.8402192,52.1054773]},"properties":{"name":"Town hall","layer":"townhalls","note":"OpenStreetMap","osm_id":"node/1684799722","osm_url":"https://www.openstreetmap.org/node/1684799722","source":"OpenStreetMap"}},{"type":"Feature","geometry":{"type":"Point","coordinates":[-4.0844956,52.1141249]},"properties":{"name":"Town hall","layer":"townhalls","note":"OpenStreetMap","osm_id":"node/1708885955","osm_url":"https://www.openstreetmap.org/node/1708885955","source":"OpenStreetMap"}},{"type":"Feature","geometry":{"type":"Point","coordinates":[0.2632196,51.9780603]},"properties":{"name":"Town hall","layer":"townhalls","note":"OpenStreetMap","osm_id":"node/1736455029","osm_url":"https://www.openstreetmap.org/node/1736455029","source":"OpenStreetMap"}},{"type":"Feature","geometry":{"type":"Point","coordinates":[-7.4999106,53.2689242]},"properties":{"name":"Offaly County Council","layer":"townhalls","note":"OpenStreetMap","osm_id":"node/1759056309","osm_url":"https://www.openstreetmap.org/node/1759056309","source":"OpenStreetMap"}},{"type":"Feature","geometry":{"type":"Point","coordinates":[-0.4057716,52.9996896]},"properties":{"name":"Town hall","layer":"townhalls","note":"OpenStreetMap","osm_id":"node/1769558760","osm_url":"https://www.openstreetmap.org/node/1769558760","source":"OpenStreetMap"}},{"type":"Feature","geometry":{"type":"Point","coordinates":[-0.8243743,51.2949397]},"properties":{"name":"Community Centre","layer":"townhalls","note":"OpenStreetMap","osm_id":"node/1770689460","osm_url":"https://www.openstreetmap.org/node/1770689460","source":"OpenStreetMap"}},{"type":"Feature","geometry":{"type":"Point","coordinates":[-2.0522922,49.183988]},"properties":{"name":"Parish Hall","layer":"townhalls","note":"OpenStreetMap","osm_id":"node/1783493217","osm_url":"https://www.openstreetmap.org/node/1783493217","source":"OpenStreetMap"}},{"type":"Feature","geometry":{"type":"Point","coordinates":[-2.1414085,49.215183]},"properties":{"name":"Parish Hall","layer":"townhalls","note":"OpenStreetMap","osm_id":"node/1783498736","osm_url":"https://www.openstreetmap.org/node/1783498736","source":"OpenStreetMap"}},{"type":"Feature","geometry":{"type":"Point","coordinates":[-2.2018147,49.2325902]},"properties":{"name":"St Ouen's Parish Hall","layer":"townhalls","note":"OpenStreetMap","osm_id":"node/1783518077","osm_url":"https://www.openstreetmap.org/node/1783518077","source":"OpenStreetMap"}},{"type":"Feature","geometry":{"type":"Point","coordinates":[-1.0787123,53.7770007]},"properties":{"name":"Selby District Council","layer":"townhalls","note":"OpenStreetMap","osm_id":"node/1802477659","osm_url":"https://www.openstreetmap.org/node/1802477659","source":"OpenStreetMap"}},{"type":"Feature","geometry":{"type":"Point","coordinates":[-3.4199226,56.2269341]},"properties":{"name":"Milnathort Town Hall","layer":"townhalls","note":"OpenStreetMap","osm_id":"node/1816264256","osm_url":"https://www.openstreetmap.org/node/1816264256","source":"OpenStreetMap"}},{"type":"Feature","geometry":{"type":"Point","coordinates":[-5.0829422,55.859622]},"properties":{"name":"Port Bannatyne Village Hall","layer":"townhalls","note":"OpenStreetMap","osm_id":"node/1880559695","osm_url":"https://www.openstreetmap.org/node/1880559695","source":"OpenStreetMap"}},{"type":"Feature","geometry":{"type":"Point","coordinates":[-0.4781161,52.6510913]},"properties":{"name":"Stamford Town Hall","layer":"townhalls","note":"OpenStreetMap","osm_id":"node/1914190194","osm_url":"https://www.openstreetmap.org/node/1914190194","source":"OpenStreetMap"}},{"type":"Feature","geometry":{"type":"Point","coordinates":[-8.6430642,52.1362898]},"properties":{"name":"Mallow Town Council","layer":"townhalls","note":"OpenStreetMap","osm_id":"node/1918598206","osm_url":"https://www.openstreetmap.org/node/1918598206","source":"OpenStreetMap"}},{"type":"Feature","geometry":{"type":"Point","coordinates":[-7.5295148,54.0134552]},"properties":{"name":"Town hall","layer":"townhalls","note":"OpenStreetMap","osm_id":"node/1929907488","osm_url":"https://www.openstreetmap.org/node/1929907488","source":"OpenStreetMap"}},{"type":"Feature","geometry":{"type":"Point","coordinates":[-1.9451598,54.9762957]},"properties":{"name":"Newton Village Hall","layer":"townhalls","note":"OpenStreetMap","osm_id":"node/1941488876","osm_url":"https://www.openstreetmap.org/node/1941488876","source":"OpenStreetMap"}},{"type":"Feature","geometry":{"type":"Point","coordinates":[-0.429096,53.8411296]},"properties":{"name":"East Riding of Yorkshire Council","layer":"townhalls","note":"OpenStreetMap","osm_id":"node/1955053009","osm_url":"https://www.openstreetmap.org/node/1955053009","source":"OpenStreetMap"}},{"type":"Feature","geometry":{"type":"Point","coordinates":[1.2842057,52.4105389]},"properties":{"name":"Jubilee Hall","layer":"townhalls","note":"OpenStreetMap","osm_id":"node/2003844549","osm_url":"https://www.openstreetmap.org/node/2003844549","source":"OpenStreetMap"}},{"type":"Feature","geometry":{"type":"Point","coordinates":[-2.9451315,53.5072694]},"properties":{"name":"Town hall","layer":"townhalls","note":"OpenStreetMap","osm_id":"node/2004776273","osm_url":"https://www.openstreetmap.org/node/2004776273","source":"OpenStreetMap"}},{"type":"Feature","geometry":{"type":"Point","coordinates":[-7.1658759,55.2870676]},"properties":{"name":"The Wee Hall","layer":"townhalls","note":"OpenStreetMap","osm_id":"node/2005237065","osm_url":"https://www.openstreetmap.org/node/2005237065","source":"OpenStreetMap"}},{"type":"Feature","geometry":{"type":"Point","coordinates":[-5.6693978,54.6563995]},"properties":{"name":"Bangor Castle","layer":"townhalls","note":"Ards and North Down Borough Council","osm_id":"node/2019444470","osm_url":"https://www.openstreetmap.org/node/2019444470","source":"OpenStreetMap","brand":"Ards and North Down Borough Council"}},{"type":"Feature","geometry":{"type":"Point","coordinates":[-1.5270127,52.2696168]},"properties":{"name":"Whitnash Town Council","layer":"townhalls","note":"OpenStreetMap","osm_id":"node/2032349239","osm_url":"https://www.openstreetmap.org/node/2032349239","source":"OpenStreetMap"}},{"type":"Feature","geometry":{"type":"Point","coordinates":[-1.5391903,53.3650032]},"properties":{"name":"142nd Fulwood Scout Group","layer":"townhalls","note":"OpenStreetMap","osm_id":"node/2097172928","osm_url":"https://www.openstreetmap.org/node/2097172928","source":"OpenStreetMap"}},{"type":"Feature","geometry":{"type":"Point","coordinates":[-0.4686984,51.6395846]},"properties":{"name":"Three Rivers Distict Council Offices","layer":"townhalls","note":"OpenStreetMap","osm_id":"node/212520245","osm_url":"https://www.openstreetmap.org/node/212520245","source":"OpenStreetMap"}},{"type":"Feature","geometry":{"type":"Point","coordinates":[-7.0918302,53.611362]},"properties":{"name":"Delvin Parish Hall","layer":"townhalls","note":"OpenStreetMap","osm_id":"node/2133885075","osm_url":"https://www.openstreetmap.org/node/2133885075","source":"OpenStreetMap"}},{"type":"Feature","geometry":{"type":"Point","coordinates":[-7.1067699,52.2591728]},"properties":{"name":"City of Waterford","layer":"townhalls","note":"OpenStreetMap","osm_id":"node/2170338608","osm_url":"https://www.openstreetmap.org/node/2170338608","source":"OpenStreetMap"}},{"type":"Feature","geometry":{"type":"Point","coordinates":[-1.7419841,53.3289103]},"properties":{"name":"Bradwell Memorial Hall","layer":"townhalls","note":"OpenStreetMap","osm_id":"node/2191189558","osm_url":"https://www.openstreetmap.org/node/2191189558","source":"OpenStreetMap"}},{"type":"Feature","geometry":{"type":"Point","coordinates":[-4.4897397,57.2531393]},"properties":{"name":"Town hall","layer":"townhalls","note":"OpenStreetMap","osm_id":"node/2193571960","osm_url":"https://www.openstreetmap.org/node/2193571960","source":"OpenStreetMap"}},{"type":"Feature","geometry":{"type":"Point","coordinates":[0.0938712,51.7675189]},"properties":{"name":"Harlow Council","layer":"townhalls","note":"OpenStreetMap","osm_id":"node/2203329766","osm_url":"https://www.openstreetmap.org/node/2203329766","source":"OpenStreetMap"}},{"type":"Feature","geometry":{"type":"Point","coordinates":[-0.595944,52.2891966]},"properties":{"name":"Rushden Town Council Buildings","layer":"townhalls","note":"OpenStreetMap","osm_id":"node/2267824976","osm_url":"https://www.openstreetmap.org/node/2267824976","source":"OpenStreetMap"}},{"type":"Feature","geometry":{"type":"Point","coordinates":[-0.7952372,51.3681143]},"properties":{"name":"Parish Hall","layer":"townhalls","note":"OpenStreetMap","osm_id":"node/2281807912","osm_url":"https://www.openstreetmap.org/node/2281807912","source":"OpenStreetMap"}},{"type":"Feature","geometry":{"type":"Point","coordinates":[-8.8282017,52.9546055]},"properties":{"name":"hall","layer":"townhalls","note":"OpenStreetMap","osm_id":"node/2284072549","osm_url":"https://www.openstreetmap.org/node/2284072549","source":"OpenStreetMap"}},{"type":"Feature","geometry":{"type":"Point","coordinates":[-8.8927379,52.9362581]},"properties":{"name":"Town hall","layer":"townhalls","note":"OpenStreetMap","osm_id":"node/2286175993","osm_url":"https://www.openstreetmap.org/node/2286175993","source":"OpenStreetMap"}},{"type":"Feature","geometry":{"type":"Point","coordinates":[-0.8621117,60.7588248]},"properties":{"name":"Baltasound Hall","layer":"townhalls","note":"OpenStreetMap","osm_id":"node/2302376571","osm_url":"https://www.openstreetmap.org/node/2302376571","source":"OpenStreetMap"}},{"type":"Feature","geometry":{"type":"Point","coordinates":[-2.9346372,54.8975072]},"properties":{"name":"Carlisle Civic Centre","layer":"townhalls","note":"Carlisle City Council","osm_id":"node/2320508359","osm_url":"https://www.openstreetmap.org/node/2320508359","source":"OpenStreetMap","brand":"Carlisle City Council"}},{"type":"Feature","geometry":{"type":"Point","coordinates":[-7.3927758,52.8428296]},"properties":{"name":"CYMS Hall","layer":"townhalls","note":"OpenStreetMap","osm_id":"node/2342120541","osm_url":"https://www.openstreetmap.org/node/2342120541","source":"OpenStreetMap"}},{"type":"Feature","geometry":{"type":"Point","coordinates":[-4.3085826,55.8713805]},"properties":{"name":"Partick Burgh Hall","layer":"townhalls","note":"OpenStreetMap","osm_id":"node/2371584115","osm_url":"https://www.openstreetmap.org/node/2371584115","source":"OpenStreetMap"}},{"type":"Feature","geometry":{"type":"Point","coordinates":[-1.554276,53.1394374]},"properties":{"name":"Matlock Town Hall","layer":"townhalls","note":"OpenStreetMap","osm_id":"node/2399159580","osm_url":"https://www.openstreetmap.org/node/2399159580","source":"OpenStreetMap"}},{"type":"Feature","geometry":{"type":"Point","coordinates":[-1.7816159,51.5585979]},"properties":{"name":"Swindon Town Hall","layer":"townhalls","note":"OpenStreetMap","osm_id":"node/2401896138","osm_url":"https://www.openstreetmap.org/node/2401896138","source":"OpenStreetMap"}},{"type":"Feature","geometry":{"type":"Point","coordinates":[-8.3530881,52.4642145]},"properties":{"name":"Town hall","layer":"townhalls","note":"OpenStreetMap","osm_id":"node/2415851606","osm_url":"https://www.openstreetmap.org/node/2415851606","source":"OpenStreetMap"}},{"type":"Feature","geometry":{"type":"Point","coordinates":[0.6382832,51.3461106]},"properties":{"name":"Town hall","layer":"townhalls","note":"OpenStreetMap","osm_id":"node/2421574459","osm_url":"https://www.openstreetmap.org/node/2421574459","source":"OpenStreetMap"}},{"type":"Feature","geometry":{"type":"Point","coordinates":[-0.4910288,51.3708395]},"properties":{"name":"Runnymede Borough Council","layer":"townhalls","note":"OpenStreetMap","osm_id":"node/2430946850","osm_url":"https://www.openstreetmap.org/node/2430946850","source":"OpenStreetMap"}},{"type":"Feature","geometry":{"type":"Point","coordinates":[-2.5142091,50.9503075]},"properties":{"name":"Manor House","layer":"townhalls","note":"Sherborne Town Council","osm_id":"node/2437677559","osm_url":"https://www.openstreetmap.org/node/2437677559","source":"OpenStreetMap","brand":"Sherborne Town Council"}},{"type":"Feature","geometry":{"type":"Point","coordinates":[-3.0229707,53.4158719]},"properties":{"name":"Wallasey Town Hall","layer":"townhalls","note":"OpenStreetMap","osm_id":"node/2440557311","osm_url":"https://www.openstreetmap.org/node/2440557311","source":"OpenStreetMap"}},{"type":"Feature","geometry":{"type":"Point","coordinates":[-0.6092902,51.1867971]},"properties":{"name":"Godalming Borough Hall","layer":"townhalls","note":"OpenStreetMap","osm_id":"node/248825452","osm_url":"https://www.openstreetmap.org/node/248825452","source":"OpenStreetMap"}},{"type":"Feature","geometry":{"type":"Point","coordinates":[-2.1971026,51.005643]},"properties":{"name":"Shaftesbury Town Hall","layer":"townhalls","note":"OpenStreetMap","osm_id":"node/2549223488","osm_url":"https://www.openstreetmap.org/node/2549223488","source":"OpenStreetMap"}},{"type":"Feature","geometry":{"type":"Point","coordinates":[-0.6003873,53.7695442]},"properties":{"name":"Town hall","layer":"townhalls","note":"OpenStreetMap","osm_id":"node/259456454","osm_url":"https://www.openstreetmap.org/node/259456454","source":"OpenStreetMap"}},{"type":"Feature","geometry":{"type":"Point","coordinates":[-0.4988334,51.4297725]},"properties":{"name":"Spelthorne Borough Council","layer":"townhalls","note":"OpenStreetMap","osm_id":"node/2622152976","osm_url":"https://www.openstreetmap.org/node/2622152976","source":"OpenStreetMap"}},{"type":"Feature","geometry":{"type":"Point","coordinates":[-1.4970566,52.4268056]},"properties":{"name":"Broad Street Meeting Hall","layer":"townhalls","note":"OpenStreetMap","osm_id":"node/2689845233","osm_url":"https://www.openstreetmap.org/node/2689845233","source":"OpenStreetMap"}},{"type":"Feature","geometry":{"type":"Point","coordinates":[-1.4991635,52.4271187]},"properties":{"name":"Pioneer Hall","layer":"townhalls","note":"OpenStreetMap","osm_id":"node/2689853575","osm_url":"https://www.openstreetmap.org/node/2689853575","source":"OpenStreetMap"}},{"type":"Feature","geometry":{"type":"Point","coordinates":[-1.1493118,52.7512621]},"properties":{"name":"Barrow upon Soar Parish Council","layer":"townhalls","note":"OpenStreetMap","osm_id":"node/2691737954","osm_url":"https://www.openstreetmap.org/node/2691737954","source":"OpenStreetMap"}},{"type":"Feature","geometry":{"type":"Point","coordinates":[-1.4729811,52.4366449]},"properties":{"name":"Whitefriars Housing","layer":"townhalls","note":"OpenStreetMap","osm_id":"node/2698351034","osm_url":"https://www.openstreetmap.org/node/2698351034","source":"OpenStreetMap"}},{"type":"Feature","geometry":{"type":"Point","coordinates":[0.2824531,51.8700451]},"properties":{"name":"Priors Green Community Centre","layer":"townhalls","note":"OpenStreetMap","osm_id":"node/2725318200","osm_url":"https://www.openstreetmap.org/node/2725318200","source":"OpenStreetMap"}},{"type":"Feature","geometry":{"type":"Point","coordinates":[-0.8117222,51.814747]},"properties":{"name":"Buckinghamshire County Council","layer":"townhalls","note":"OpenStreetMap","osm_id":"node/27512047","osm_url":"https://www.openstreetmap.org/node/27512047","source":"OpenStreetMap"}},{"type":"Feature","geometry":{"type":"Point","coordinates":[-0.5065465,50.8141099]},"properties":{"name":"Woodlands Centre","layer":"townhalls","note":"OpenStreetMap","osm_id":"node/279035852","osm_url":"https://www.openstreetmap.org/node/279035852","source":"OpenStreetMap"}},{"type":"Feature","geometry":{"type":"Point","coordinates":[-1.7744333,52.5058317]},"properties":{"name":"Arden Hall - Castle Bromwich Parish Council","layer":"townhalls","note":"OpenStreetMap","osm_id":"node/287922997","osm_url":"https://www.openstreetmap.org/node/287922997","source":"OpenStreetMap"}},{"type":"Feature","geometry":{"type":"Point","coordinates":[-2.6738698,51.6971419]},"properties":{"name":"Town hall","layer":"townhalls","note":"OpenStreetMap","osm_id":"node/2888364471","osm_url":"https://www.openstreetmap.org/node/2888364471","source":"OpenStreetMap"}},{"type":"Feature","geometry":{"type":"Point","coordinates":[-0.8098722,53.0763493]},"properties":{"name":"Town hall","layer":"townhalls","note":"OpenStreetMap","osm_id":"node/289248451","osm_url":"https://www.openstreetmap.org/node/289248451","source":"OpenStreetMap"}},{"type":"Feature","geometry":{"type":"Point","coordinates":[-1.8657068,52.8991921]},"properties":{"name":"Uttoxeter Town Hall","layer":"townhalls","note":"OpenStreetMap","osm_id":"node/289446208","osm_url":"https://www.openstreetmap.org/node/289446208","source":"OpenStreetMap"}},{"type":"Feature","geometry":{"type":"Point","coordinates":[0.9418363,51.947468]},"properties":{"name":"Langham Community Hall","layer":"townhalls","note":"OpenStreetMap","osm_id":"node/290945035","osm_url":"https://www.openstreetmap.org/node/290945035","source":"OpenStreetMap"}},{"type":"Feature","geometry":{"type":"Point","coordinates":[-0.7953167,51.2140116]},"properties":{"name":"Town Council Office","layer":"townhalls","note":"OpenStreetMap","osm_id":"node/296595812","osm_url":"https://www.openstreetmap.org/node/296595812","source":"OpenStreetMap"}},{"type":"Feature","geometry":{"type":"Point","coordinates":[-0.5639894,51.7600781]},"properties":{"name":"Civic Centre","layer":"townhalls","note":"OpenStreetMap","osm_id":"node/297361585","osm_url":"https://www.openstreetmap.org/node/297361585","source":"OpenStreetMap"}},{"type":"Feature","geometry":{"type":"Point","coordinates":[-3.6007133,50.605367]},"properties":{"name":"Chudleigh Town Hall","layer":"townhalls","note":"OpenStreetMap","osm_id":"node/301410760","osm_url":"https://www.openstreetmap.org/node/301410760","source":"OpenStreetMap"}},{"type":"Feature","geometry":{"type":"Point","coordinates":[-6.4007993,54.004865]},"properties":{"name":"Town Council","layer":"townhalls","note":"OpenStreetMap","osm_id":"node/3054993028","osm_url":"https://www.openstreetmap.org/node/3054993028","source":"OpenStreetMap"}},{"type":"Feature","geometry":{"type":"Point","coordinates":[-3.8940918,55.5327061]},"properties":{"name":"Glespin Hall","layer":"townhalls","note":"OpenStreetMap","osm_id":"node/3067710691","osm_url":"https://www.openstreetmap.org/node/3067710691","source":"OpenStreetMap"}},{"type":"Feature","geometry":{"type":"Point","coordinates":[-2.0052859,51.4376737]},"properties":{"name":"Calne Town Hall","layer":"townhalls","note":"Wiltshire Council","osm_id":"node/309363513","osm_url":"https://www.openstreetmap.org/node/309363513","source":"OpenStreetMap","brand":"Wiltshire Council"}},{"type":"Feature","geometry":{"type":"Point","coordinates":[-2.6064034,53.3622625]},"properties":{"name":"Walton Parish Room","layer":"townhalls","note":"OpenStreetMap","osm_id":"node/315060674","osm_url":"https://www.openstreetmap.org/node/315060674","source":"OpenStreetMap"}},{"type":"Feature","geometry":{"type":"Point","coordinates":[0.2640073,51.1325962]},"properties":{"name":"Tunbridge Wells Town Hall","layer":"townhalls","note":"OpenStreetMap","osm_id":"node/317841842","osm_url":"https://www.openstreetmap.org/node/317841842","source":"OpenStreetMap"}},{"type":"Feature","geometry":{"type":"Point","coordinates":[-2.7041222,53.6904047]},"properties":{"name":"South Ribble Borough Council","layer":"townhalls","note":"OpenStreetMap","osm_id":"node/319290257","osm_url":"https://www.openstreetmap.org/node/319290257","source":"OpenStreetMap"}},{"type":"Feature","geometry":{"type":"Point","coordinates":[-0.778046,51.3312883]},"properties":{"name":"Blackwater and Hawley Town Council","layer":"townhalls","note":"OpenStreetMap","osm_id":"node/3203566761","osm_url":"https://www.openstreetmap.org/node/3203566761","source":"OpenStreetMap"}},{"type":"Feature","geometry":{"type":"Point","coordinates":[-4.4656328,50.4556518]},"properties":{"name":"Liskeard Town Hall","layer":"townhalls","note":"OpenStreetMap","osm_id":"node/3205185560","osm_url":"https://www.openstreetmap.org/node/3205185560","source":"OpenStreetMap"}},{"type":"Feature","geometry":{"type":"Point","coordinates":[-3.6571308,50.7910107]},"properties":{"name":"Crediton Town Hall","layer":"townhalls","note":"OpenStreetMap","osm_id":"node/322087591","osm_url":"https://www.openstreetmap.org/node/322087591","source":"OpenStreetMap"}},{"type":"Feature","geometry":{"type":"Point","coordinates":[-1.4701085,52.7474337]},"properties":{"name":"Ashby de la Zouch Town Hall and Market","layer":"townhalls","note":"OpenStreetMap","osm_id":"node/322930745","osm_url":"https://www.openstreetmap.org/node/322930745","source":"OpenStreetMap"}},{"type":"Feature","geometry":{"type":"Point","coordinates":[-3.630895,50.5324037]},"properties":{"name":"Community Centre","layer":"townhalls","note":"OpenStreetMap","osm_id":"node/3242999478","osm_url":"https://www.openstreetmap.org/node/3242999478","source":"OpenStreetMap"}},{"type":"Feature","geometry":{"type":"Point","coordinates":[-3.7800173,50.4806378]},"properties":{"name":"Buckfastleigh Town Hall","layer":"townhalls","note":"OpenStreetMap","osm_id":"node/325202380","osm_url":"https://www.openstreetmap.org/node/325202380","source":"OpenStreetMap"}},{"type":"Feature","geometry":{"type":"Point","coordinates":[-3.5908435,50.5300698]},"properties":{"name":"Buckland Community Centre","layer":"townhalls","note":"OpenStreetMap","osm_id":"node/3270964729","osm_url":"https://www.openstreetmap.org/node/3270964729","source":"OpenStreetMap"}},{"type":"Feature","geometry":{"type":"Point","coordinates":[-7.3620642,53.993023]},"properties":{"name":"Cavan County Council","layer":"townhalls","note":"OpenStreetMap","osm_id":"node/3336945529","osm_url":"https://www.openstreetmap.org/node/3336945529","source":"OpenStreetMap"}},{"type":"Feature","geometry":{"type":"Point","coordinates":[-3.5047255,50.5474771]},"properties":{"name":"Bitton House","layer":"townhalls","note":"OpenStreetMap","osm_id":"node/33397560","osm_url":"https://www.openstreetmap.org/node/33397560","source":"OpenStreetMap"}},{"type":"Feature","geometry":{"type":"Point","coordinates":[-3.4845288,50.9889088]},"properties":{"name":"Riverside Hall","layer":"townhalls","note":"OpenStreetMap","osm_id":"node/3350483024","osm_url":"https://www.openstreetmap.org/node/3350483024","source":"OpenStreetMap"}},{"type":"Feature","geometry":{"type":"Point","coordinates":[-6.4169833,53.7358398]},"properties":{"name":"Mellifont Parish Centre","layer":"townhalls","note":"OpenStreetMap","osm_id":"node/337867773","osm_url":"https://www.openstreetmap.org/node/337867773","source":"OpenStreetMap"}},{"type":"Feature","geometry":{"type":"Point","coordinates":[-1.2345098,54.5760886]},"properties":{"name":"Town hall","layer":"townhalls","note":"OpenStreetMap","osm_id":"node/34070355","osm_url":"https://www.openstreetmap.org/node/34070355","source":"OpenStreetMap"}},{"type":"Feature","geometry":{"type":"Point","coordinates":[-4.1442557,50.5500113]},"properties":{"name":"Tavistock Town Hall","layer":"townhalls","note":"OpenStreetMap","osm_id":"node/3450397131","osm_url":"https://www.openstreetmap.org/node/3450397131","source":"OpenStreetMap"}},{"type":"Feature","geometry":{"type":"Point","coordinates":[-1.339032,51.2301369]},"properties":{"name":"Whitchurch Town Hall","layer":"townhalls","note":"OpenStreetMap","osm_id":"node/347527442","osm_url":"https://www.openstreetmap.org/node/347527442","source":"OpenStreetMap"}},{"type":"Feature","geometry":{"type":"Point","coordinates":[-1.3198596,50.8590765]},"properties":{"name":"Hamble Village Memorial Hall","layer":"townhalls","note":"OpenStreetMap","osm_id":"node/3478506286","osm_url":"https://www.openstreetmap.org/node/3478506286","source":"OpenStreetMap"}},{"type":"Feature","geometry":{"type":"Point","coordinates":[-5.8215277,54.8516652]},"properties":{"name":"Larne Town Hall","layer":"townhalls","note":"OpenStreetMap","osm_id":"node/3522227940","osm_url":"https://www.openstreetmap.org/node/3522227940","source":"OpenStreetMap"}},{"type":"Feature","geometry":{"type":"Point","coordinates":[-5.5403372,50.1188437]},"properties":{"name":"Penzance Town Hall","layer":"townhalls","note":"OpenStreetMap","osm_id":"node/354468784","osm_url":"https://www.openstreetmap.org/node/354468784","source":"OpenStreetMap"}},{"type":"Feature","geometry":{"type":"Point","coordinates":[-3.8219846,54.9328228]},"properties":{"name":"Town hall","layer":"townhalls","note":"OpenStreetMap","osm_id":"node/36168578","osm_url":"https://www.openstreetmap.org/node/36168578","source":"OpenStreetMap"}},{"type":"Feature","geometry":{"type":"Point","coordinates":[-2.5988371,51.7972405]},"properties":{"name":"Broadwell Memorial","layer":"townhalls","note":"OpenStreetMap","osm_id":"node/3630566749","osm_url":"https://www.openstreetmap.org/node/3630566749","source":"OpenStreetMap"}},{"type":"Feature","geometry":{"type":"Point","coordinates":[-3.5149912,55.8870785]},"properties":{"name":"West Lothian Civic Centre","layer":"townhalls","note":"OpenStreetMap","osm_id":"node/3673197232","osm_url":"https://www.openstreetmap.org/node/3673197232","source":"OpenStreetMap"}},{"type":"Feature","geometry":{"type":"Point","coordinates":[-0.777079,51.5676707]},"properties":{"name":"Marlow Town Council Offices","layer":"townhalls","note":"OpenStreetMap","osm_id":"node/3773147010","osm_url":"https://www.openstreetmap.org/node/3773147010","source":"OpenStreetMap"}},{"type":"Feature","geometry":{"type":"Point","coordinates":[-4.5467888,50.8245163]},"properties":{"name":"Bude Town Band Hall","layer":"townhalls","note":"OpenStreetMap","osm_id":"node/38420583","osm_url":"https://www.openstreetmap.org/node/38420583","source":"OpenStreetMap"}},{"type":"Feature","geometry":{"type":"Point","coordinates":[-3.4687917,50.63945]},"properties":{"name":"Victory Hall","layer":"townhalls","note":"OpenStreetMap","osm_id":"node/393971504","osm_url":"https://www.openstreetmap.org/node/393971504","source":"OpenStreetMap"}},{"type":"Feature","geometry":{"type":"Point","coordinates":[-1.737565,54.4028061]},"properties":{"name":"Richmond Town Hall","layer":"townhalls","note":"OpenStreetMap","osm_id":"node/3949560790","osm_url":"https://www.openstreetmap.org/node/3949560790","source":"OpenStreetMap"}},{"type":"Feature","geometry":{"type":"Point","coordinates":[-10.0261916,53.4883099]},"properties":{"name":"Clifden Town Hall","layer":"townhalls","note":"OpenStreetMap","osm_id":"node/3958720090","osm_url":"https://www.openstreetmap.org/node/3958720090","source":"OpenStreetMap"}},{"type":"Feature","geometry":{"type":"Point","coordinates":[-2.7287151,51.054061]},"properties":{"name":"Parish Rooms","layer":"townhalls","note":"OpenStreetMap","osm_id":"node/3994341874","osm_url":"https://www.openstreetmap.org/node/3994341874","source":"OpenStreetMap"}},{"type":"Feature","geometry":{"type":"Point","coordinates":[-2.7282931,51.0537891]},"properties":{"name":"The Old Town Hall","layer":"townhalls","note":"OpenStreetMap","osm_id":"node/3994341875","osm_url":"https://www.openstreetmap.org/node/3994341875","source":"OpenStreetMap"}},{"type":"Feature","geometry":{"type":"Point","coordinates":[-8.4378168,52.8107333]},"properties":{"name":"Parish Hall","layer":"townhalls","note":"OpenStreetMap","osm_id":"node/400903114","osm_url":"https://www.openstreetmap.org/node/400903114","source":"OpenStreetMap"}},{"type":"Feature","geometry":{"type":"Point","coordinates":[0.1779575,51.4808337]},"properties":{"name":"Erith Town Hall","layer":"townhalls","note":"OpenStreetMap","osm_id":"node/401789696","osm_url":"https://www.openstreetmap.org/node/401789696","source":"OpenStreetMap"}},{"type":"Feature","geometry":{"type":"Point","coordinates":[-0.0004538,51.2570932]},"properties":{"name":"Tandridge Council Offices","layer":"townhalls","note":"OpenStreetMap","osm_id":"node/4072908489","osm_url":"https://www.openstreetmap.org/node/4072908489","source":"OpenStreetMap"}},{"type":"Feature","geometry":{"type":"Point","coordinates":[-2.8294096,51.0374954]},"properties":{"name":"Langport Town Council","layer":"townhalls","note":"OpenStreetMap","osm_id":"node/4077353031","osm_url":"https://www.openstreetmap.org/node/4077353031","source":"OpenStreetMap"}},{"type":"Feature","geometry":{"type":"Point","coordinates":[-2.5039829,53.2591051]},"properties":{"name":"Northwich Town Council","layer":"townhalls","note":"OpenStreetMap","osm_id":"node/4088673084","osm_url":"https://www.openstreetmap.org/node/4088673084","source":"OpenStreetMap"}},{"type":"Feature","geometry":{"type":"Point","coordinates":[-1.6028932,54.6983967]},"properties":{"name":"Spennymoor Town Council","layer":"townhalls","note":"OpenStreetMap","osm_id":"node/4147012805","osm_url":"https://www.openstreetmap.org/node/4147012805","source":"OpenStreetMap"}},{"type":"Feature","geometry":{"type":"Point","coordinates":[-2.1490989,52.9035799]},"properties":{"name":"Stone Town Council","layer":"townhalls","note":"OpenStreetMap","osm_id":"node/4167911203","osm_url":"https://www.openstreetmap.org/node/4167911203","source":"OpenStreetMap"}},{"type":"Feature","geometry":{"type":"Point","coordinates":[-1.3442455,54.2311201]},"properties":{"name":"Thirsk & Sowerby Town Hall","layer":"townhalls","note":"OpenStreetMap","osm_id":"node/4213001611","osm_url":"https://www.openstreetmap.org/node/4213001611","source":"OpenStreetMap"}},{"type":"Feature","geometry":{"type":"Point","coordinates":[-1.5892169,51.7121059]},"properties":{"name":"Carter House","layer":"townhalls","note":"OpenStreetMap","osm_id":"node/4294940693","osm_url":"https://www.openstreetmap.org/node/4294940693","source":"OpenStreetMap"}},{"type":"Feature","geometry":{"type":"Point","coordinates":[-1.7794851,53.8335986]},"properties":{"name":"Shipley Town Hall","layer":"townhalls","note":"OpenStreetMap","osm_id":"node/430980774","osm_url":"https://www.openstreetmap.org/node/430980774","source":"OpenStreetMap"}},{"type":"Feature","geometry":{"type":"Point","coordinates":[-1.779557,53.8338371]},"properties":{"name":"Kirkgate Community Centre","layer":"townhalls","note":"OpenStreetMap","osm_id":"node/430980775","osm_url":"https://www.openstreetmap.org/node/430980775","source":"OpenStreetMap"}},{"type":"Feature","geometry":{"type":"Point","coordinates":[-0.9847173,52.0008037]},"properties":{"name":"Buckingham Town Council","layer":"townhalls","note":"OpenStreetMap","osm_id":"node/4347797792","osm_url":"https://www.openstreetmap.org/node/4347797792","source":"OpenStreetMap"}},{"type":"Feature","geometry":{"type":"Point","coordinates":[-4.1431595,50.9519907]},"properties":{"name":"The Old Town Hall","layer":"townhalls","note":"OpenStreetMap","osm_id":"node/435198113","osm_url":"https://www.openstreetmap.org/node/435198113","source":"OpenStreetMap"}},{"type":"Feature","geometry":{"type":"Point","coordinates":[-4.1150237,50.8655567]},"properties":{"name":"Baxter Hall","layer":"townhalls","note":"OpenStreetMap","osm_id":"node/437499004","osm_url":"https://www.openstreetmap.org/node/437499004","source":"OpenStreetMap"}},{"type":"Feature","geometry":{"type":"Point","coordinates":[-3.5525164,54.6435279]},"properties":{"name":"Workington Town Hall Community Hub","layer":"townhalls","note":"OpenStreetMap","osm_id":"node/4420212354","osm_url":"https://www.openstreetmap.org/node/4420212354","source":"OpenStreetMap"}},{"type":"Feature","geometry":{"type":"Point","coordinates":[-0.954739,51.2836929]},"properties":{"name":"Hook Parish Council","layer":"townhalls","note":"OpenStreetMap","osm_id":"node/4436074642","osm_url":"https://www.openstreetmap.org/node/4436074642","source":"OpenStreetMap"}},{"type":"Feature","geometry":{"type":"Point","coordinates":[-6.7187995,55.1832709]},"properties":{"name":"Portstewart Town Hall","layer":"townhalls","note":"Causeway Coast and Glens Borough Council","osm_id":"node/4440582079","osm_url":"https://www.openstreetmap.org/node/4440582079","source":"OpenStreetMap","brand":"Causeway Coast and Glens Borough Council"}},{"type":"Feature","geometry":{"type":"Point","coordinates":[-1.2876422,50.7572095]},"properties":{"name":"East Cowes Town Hall","layer":"townhalls","note":"OpenStreetMap","osm_id":"node/4546144473","osm_url":"https://www.openstreetmap.org/node/4546144473","source":"OpenStreetMap"}},{"type":"Feature","geometry":{"type":"Point","coordinates":[-5.0464904,57.7919216]},"properties":{"name":"Braemore Hall","layer":"townhalls","note":"OpenStreetMap","osm_id":"node/4577265932","osm_url":"https://www.openstreetmap.org/node/4577265932","source":"OpenStreetMap"}},{"type":"Feature","geometry":{"type":"Point","coordinates":[-1.1457262,52.9232524]},"properties":{"name":"Rushcliffe Borough Council","layer":"townhalls","note":"OpenStreetMap","osm_id":"node/4604584493","osm_url":"https://www.openstreetmap.org/node/4604584493","source":"OpenStreetMap"}},{"type":"Feature","geometry":{"type":"Point","coordinates":[-2.4872017,53.5257247]},"properties":{"name":"Town hall","layer":"townhalls","note":"OpenStreetMap","osm_id":"node/4737240573","osm_url":"https://www.openstreetmap.org/node/4737240573","source":"OpenStreetMap"}},{"type":"Feature","geometry":{"type":"Point","coordinates":[-8.7575449,52.8677006]},"properties":{"name":"Tulla Courthouse","layer":"townhalls","note":"OpenStreetMap","osm_id":"node/4762702070","osm_url":"https://www.openstreetmap.org/node/4762702070","source":"OpenStreetMap"}},{"type":"Feature","geometry":{"type":"Point","coordinates":[0.706127,51.5821542]},"properties":{"name":"Rochford Town hall","layer":"townhalls","note":"OpenStreetMap","osm_id":"node/4795095283","osm_url":"https://www.openstreetmap.org/node/4795095283","source":"OpenStreetMap"}},{"type":"Feature","geometry":{"type":"Point","coordinates":[-3.229262,51.6888426]},"properties":{"name":"Bargoed Town Council","layer":"townhalls","note":"OpenStreetMap","osm_id":"node/4838858119","osm_url":"https://www.openstreetmap.org/node/4838858119","source":"OpenStreetMap"}},{"type":"Feature","geometry":{"type":"Point","coordinates":[-3.5784489,51.5071452]},"properties":{"name":"Ty Carnegie","layer":"townhalls","note":"OpenStreetMap","osm_id":"node/4842050231","osm_url":"https://www.openstreetmap.org/node/4842050231","source":"OpenStreetMap"}},{"type":"Feature","geometry":{"type":"Point","coordinates":[-1.9958392,54.073913]},"properties":{"name":"Devonshire Institute","layer":"townhalls","note":"OpenStreetMap","osm_id":"node/4909158447","osm_url":"https://www.openstreetmap.org/node/4909158447","source":"OpenStreetMap"}},{"type":"Feature","geometry":{"type":"Point","coordinates":[-1.1242494,50.7946508]},"properties":{"name":"Gosport Town Hall","layer":"townhalls","note":"OpenStreetMap","osm_id":"node/49341294","osm_url":"https://www.openstreetmap.org/node/49341294","source":"OpenStreetMap"}},{"type":"Feature","geometry":{"type":"Point","coordinates":[-6.7420178,53.1317174]},"properties":{"name":"Kilcullen Town Hall","layer":"townhalls","note":"OpenStreetMap","osm_id":"node/4983961645","osm_url":"https://www.openstreetmap.org/node/4983961645","source":"OpenStreetMap"}},{"type":"Feature","geometry":{"type":"Point","coordinates":[0.5531168,51.1627261]},"properties":{"name":"Staplehurst Village Centre","layer":"townhalls","note":"OpenStreetMap","osm_id":"node/5030801059","osm_url":"https://www.openstreetmap.org/node/5030801059","source":"OpenStreetMap"}},{"type":"Feature","geometry":{"type":"Point","coordinates":[-0.3249096,51.0638963]},"properties":{"name":"West Sussex County Council","layer":"townhalls","note":"OpenStreetMap","osm_id":"node/5032197705","osm_url":"https://www.openstreetmap.org/node/5032197705","source":"OpenStreetMap"}},{"type":"Feature","geometry":{"type":"Point","coordinates":[-3.9132776,50.7265896]},"properties":{"name":"Victory Hall","layer":"townhalls","note":"OpenStreetMap","osm_id":"node/507691201","osm_url":"https://www.openstreetmap.org/node/507691201","source":"OpenStreetMap"}},{"type":"Feature","geometry":{"type":"Point","coordinates":[-3.9100014,50.7339906]},"properties":{"name":"Church House","layer":"townhalls","note":"OpenStreetMap","osm_id":"node/507695811","osm_url":"https://www.openstreetmap.org/node/507695811","source":"OpenStreetMap"}},{"type":"Feature","geometry":{"type":"Point","coordinates":[-6.7374542,52.8019085]},"properties":{"name":"Tullow Civic Offices","layer":"townhalls","note":"OpenStreetMap","osm_id":"node/5140303861","osm_url":"https://www.openstreetmap.org/node/5140303861","source":"OpenStreetMap"}},{"type":"Feature","geometry":{"type":"Point","coordinates":[-3.9351739,52.9944099]},"properties":{"name":"Cyngor Tref Ffestiniog","layer":"townhalls","note":"OpenStreetMap","osm_id":"node/5143530607","osm_url":"https://www.openstreetmap.org/node/5143530607","source":"OpenStreetMap"}},{"type":"Feature","geometry":{"type":"Point","coordinates":[-9.0009792,53.7238141]},"properties":{"name":"Mayo County Council: Claremorris","layer":"townhalls","note":"Mayo County Council","osm_id":"node/5160770631","osm_url":"https://www.openstreetmap.org/node/5160770631","source":"OpenStreetMap","brand":"Mayo County Council"}},{"type":"Feature","geometry":{"type":"Point","coordinates":[-1.4995446,50.7059612]},"properties":{"name":"Yarmouth Town Hall","layer":"townhalls","note":"OpenStreetMap","osm_id":"node/5171058607","osm_url":"https://www.openstreetmap.org/node/5171058607","source":"OpenStreetMap"}},{"type":"Feature","geometry":{"type":"Point","coordinates":[-0.6134719,53.2339543]},"properties":{"name":"Skellingthorpe Village Office","layer":"townhalls","note":"OpenStreetMap","osm_id":"node/523081981","osm_url":"https://www.openstreetmap.org/node/523081981","source":"OpenStreetMap"}},{"type":"Feature","geometry":{"type":"Point","coordinates":[-5.0300643,51.7114047]},"properties":{"name":"Milford Haven Town Hall","layer":"townhalls","note":"OpenStreetMap","osm_id":"node/5260858444","osm_url":"https://www.openstreetmap.org/node/5260858444","source":"OpenStreetMap"}},{"type":"Feature","geometry":{"type":"Point","coordinates":[0.0651938,51.4891548]},"properties":{"name":"Greenwich Council (Woolwich Centre)","layer":"townhalls","note":"OpenStreetMap","osm_id":"node/5261637323","osm_url":"https://www.openstreetmap.org/node/5261637323","source":"OpenStreetMap"}},{"type":"Feature","geometry":{"type":"Point","coordinates":[-1.2778809,52.8365549]},"properties":{"name":"Old Town Hall","layer":"townhalls","note":"OpenStreetMap","osm_id":"node/5354309650","osm_url":"https://www.openstreetmap.org/node/5354309650","source":"OpenStreetMap"}},{"type":"Feature","geometry":{"type":"Point","coordinates":[-3.6724133,50.5949273]},"properties":{"name":"Town hall","layer":"townhalls","note":"OpenStreetMap","osm_id":"node/540742953","osm_url":"https://www.openstreetmap.org/node/540742953","source":"OpenStreetMap"}},{"type":"Feature","geometry":{"type":"Point","coordinates":[-1.1430395,50.6822052]},"properties":{"name":"Old Town Hall","layer":"townhalls","note":"OpenStreetMap","osm_id":"node/5466879400","osm_url":"https://www.openstreetmap.org/node/5466879400","source":"OpenStreetMap"}},{"type":"Feature","geometry":{"type":"Point","coordinates":[-2.3043201,50.9275881]},"properties":{"name":"The Exchange","layer":"townhalls","note":"OpenStreetMap","osm_id":"node/554174875","osm_url":"https://www.openstreetmap.org/node/554174875","source":"OpenStreetMap"}},{"type":"Feature","geometry":{"type":"Point","coordinates":[-2.0945612,53.4901385]},"properties":{"name":"Tameside MB Council Offices","layer":"townhalls","note":"OpenStreetMap","osm_id":"node/563324933","osm_url":"https://www.openstreetmap.org/node/563324933","source":"OpenStreetMap"}},{"type":"Feature","geometry":{"type":"Point","coordinates":[-1.206481,52.770816]},"properties":{"name":"Loughborough Town Hall","layer":"townhalls","note":"OpenStreetMap","osm_id":"node/565391272","osm_url":"https://www.openstreetmap.org/node/565391272","source":"OpenStreetMap"}},{"type":"Feature","geometry":{"type":"Point","coordinates":[-2.5140319,51.0895747]},"properties":{"name":"Market house","layer":"townhalls","note":"Castle Cary Town Council","osm_id":"node/5658633055","osm_url":"https://www.openstreetmap.org/node/5658633055","source":"OpenStreetMap","brand":"Castle Cary Town Council"}},{"type":"Feature","geometry":{"type":"Point","coordinates":[-0.654667,53.5516927]},"properties":{"name":"Town hall","layer":"townhalls","note":"OpenStreetMap","osm_id":"node/5659478500","osm_url":"https://www.openstreetmap.org/node/5659478500","source":"OpenStreetMap"}},{"type":"Feature","geometry":{"type":"Point","coordinates":[0.2792328,50.7684901]},"properties":{"name":"Eastbourne Borough Council","layer":"townhalls","note":"OpenStreetMap","osm_id":"node/5705804746","osm_url":"https://www.openstreetmap.org/node/5705804746","source":"OpenStreetMap"}},{"type":"Feature","geometry":{"type":"Point","coordinates":[-0.3977907,53.3491415]},"properties":{"name":"Faldingworth Memorial Hall","layer":"townhalls","note":"OpenStreetMap","osm_id":"node/5714114453","osm_url":"https://www.openstreetmap.org/node/5714114453","source":"OpenStreetMap"}},{"type":"Feature","geometry":{"type":"Point","coordinates":[-3.7262707,53.293468]},"properties":{"name":"Bay of Colwyn Town Council","layer":"townhalls","note":"OpenStreetMap","osm_id":"node/571656030","osm_url":"https://www.openstreetmap.org/node/571656030","source":"OpenStreetMap"}},{"type":"Feature","geometry":{"type":"Point","coordinates":[-1.8566115,51.6403877]},"properties":{"name":"Cricklade Town Council","layer":"townhalls","note":"OpenStreetMap","osm_id":"node/5755655813","osm_url":"https://www.openstreetmap.org/node/5755655813","source":"OpenStreetMap"}},{"type":"Feature","geometry":{"type":"Point","coordinates":[-0.7605213,52.0430621]},"properties":{"name":"Council Offices","layer":"townhalls","note":"OpenStreetMap","osm_id":"node/576811082","osm_url":"https://www.openstreetmap.org/node/576811082","source":"OpenStreetMap"}},{"type":"Feature","geometry":{"type":"Point","coordinates":[-1.280006,54.4503668]},"properties":{"name":"Church House (church hall)","layer":"townhalls","note":"Church of England","osm_id":"node/5875481865","osm_url":"https://www.openstreetmap.org/node/5875481865","source":"OpenStreetMap","brand":"Church of England"}},{"type":"Feature","geometry":{"type":"Point","coordinates":[-8.3688246,52.8015705]},"properties":{"name":"Boher Parish Hall","layer":"townhalls","note":"OpenStreetMap","osm_id":"node/592642463","osm_url":"https://www.openstreetmap.org/node/592642463","source":"OpenStreetMap"}},{"type":"Feature","geometry":{"type":"Point","coordinates":[-3.897414,50.7998149]},"properties":{"name":"North Tawton Town Hall","layer":"townhalls","note":"OpenStreetMap","osm_id":"node/600038160","osm_url":"https://www.openstreetmap.org/node/600038160","source":"OpenStreetMap"}},{"type":"Feature","geometry":{"type":"Point","coordinates":[-4.0020999,50.7406912]},"properties":{"name":"Okehampton Community Centre","layer":"townhalls","note":"OpenStreetMap","osm_id":"node/603234620","osm_url":"https://www.openstreetmap.org/node/603234620","source":"OpenStreetMap"}},{"type":"Feature","geometry":{"type":"Point","coordinates":[0.36236,51.8728948]},"properties":{"name":"Town hall","layer":"townhalls","note":"OpenStreetMap","osm_id":"node/611452823","osm_url":"https://www.openstreetmap.org/node/611452823","source":"OpenStreetMap"}},{"type":"Feature","geometry":{"type":"Point","coordinates":[-2.7568222,50.7347269]},"properties":{"name":"Town Council Offices","layer":"townhalls","note":"OpenStreetMap","osm_id":"node/614353465","osm_url":"https://www.openstreetmap.org/node/614353465","source":"OpenStreetMap"}},{"type":"Feature","geometry":{"type":"Point","coordinates":[-8.2435722,52.8910798]},"properties":{"name":"Monsea Muintir Na Tire Hall","layer":"townhalls","note":"OpenStreetMap","osm_id":"node/619545290","osm_url":"https://www.openstreetmap.org/node/619545290","source":"OpenStreetMap"}},{"type":"Feature","geometry":{"type":"Point","coordinates":[-0.783293,54.1324831]},"properties":{"name":"Norton-on-Derwent Town Council","layer":"townhalls","note":"OpenStreetMap","osm_id":"node/6206634261","osm_url":"https://www.openstreetmap.org/node/6206634261","source":"OpenStreetMap"}},{"type":"Feature","geometry":{"type":"Point","coordinates":[-2.2068953,51.3201745]},"properties":{"name":"Trowbridge Town Hall","layer":"townhalls","note":"OpenStreetMap","osm_id":"node/622597310","osm_url":"https://www.openstreetmap.org/node/622597310","source":"OpenStreetMap"}},{"type":"Feature","geometry":{"type":"Point","coordinates":[-3.6378628,50.5187279]},"properties":{"name":"Memorial Hall","layer":"townhalls","note":"OpenStreetMap","osm_id":"node/624253619","osm_url":"https://www.openstreetmap.org/node/624253619","source":"OpenStreetMap"}},{"type":"Feature","geometry":{"type":"Point","coordinates":[-1.2381155,53.9554712]},"properties":{"name":"Old Long Marston Town Hall","layer":"townhalls","note":"OpenStreetMap","osm_id":"node/6286866144","osm_url":"https://www.openstreetmap.org/node/6286866144","source":"OpenStreetMap"}},{"type":"Feature","geometry":{"type":"Point","coordinates":[-3.7471837,50.7867122]},"properties":{"name":"Colebrooke Parish Hall","layer":"townhalls","note":"OpenStreetMap","osm_id":"node/630946603","osm_url":"https://www.openstreetmap.org/node/630946603","source":"OpenStreetMap"}},{"type":"Feature","geometry":{"type":"Point","coordinates":[-1.5624202,51.2808783]},"properties":{"name":"Town hall","layer":"townhalls","note":"OpenStreetMap","osm_id":"node/645346080","osm_url":"https://www.openstreetmap.org/node/645346080","source":"OpenStreetMap"}},{"type":"Feature","geometry":{"type":"Point","coordinates":[-7.3186676,52.2877948]},"properties":{"name":"Waterford City and County Council, Suir Area Office","layer":"townhalls","note":"Waterford City and County Council","osm_id":"node/655391712","osm_url":"https://www.openstreetmap.org/node/655391712","source":"OpenStreetMap","brand":"Waterford City and County Council"}},{"type":"Feature","geometry":{"type":"Point","coordinates":[-6.4627944,52.3397963]},"properties":{"name":"Borough District of Wexford Office","layer":"townhalls","note":"Wexford County Council","osm_id":"node/6616442795","osm_url":"https://www.openstreetmap.org/node/6616442795","source":"OpenStreetMap","brand":"Wexford County Council"}},{"type":"Feature","geometry":{"type":"Point","coordinates":[-3.8685277,50.9122997]},"properties":{"name":"Town Hall","layer":"townhalls","note":"OpenStreetMap","osm_id":"node/6682260295","osm_url":"https://www.openstreetmap.org/node/6682260295","source":"OpenStreetMap"}},{"type":"Feature","geometry":{"type":"Point","coordinates":[-6.6637868,53.2182889]},"properties":{"name":"Town hall","layer":"townhalls","note":"OpenStreetMap","osm_id":"node/668428767","osm_url":"https://www.openstreetmap.org/node/668428767","source":"OpenStreetMap"}},{"type":"Feature","geometry":{"type":"Point","coordinates":[-0.3347759,52.0381764]},"properties":{"name":"Shefford Town Council","layer":"townhalls","note":"OpenStreetMap","osm_id":"node/6754368336","osm_url":"https://www.openstreetmap.org/node/6754368336","source":"OpenStreetMap"}},{"type":"Feature","geometry":{"type":"Point","coordinates":[-2.3250604,51.2293779]},"properties":{"name":"Frome Town Council","layer":"townhalls","note":"OpenStreetMap","osm_id":"node/6797393512","osm_url":"https://www.openstreetmap.org/node/6797393512","source":"OpenStreetMap"}},{"type":"Feature","geometry":{"type":"Point","coordinates":[-5.0529551,50.2644375]},"properties":{"name":"Municipal Buildings","layer":"townhalls","note":"OpenStreetMap","osm_id":"node/688548368","osm_url":"https://www.openstreetmap.org/node/688548368","source":"OpenStreetMap"}},{"type":"Feature","geometry":{"type":"Point","coordinates":[-2.9570218,51.611469]},"properties":{"name":"Caerleon Town Hall","layer":"townhalls","note":"Newport City Council","osm_id":"node/6899099904","osm_url":"https://www.openstreetmap.org/node/6899099904","source":"OpenStreetMap","brand":"Newport City Council"}},{"type":"Feature","geometry":{"type":"Point","coordinates":[0.6395028,51.7988949]},"properties":{"name":"Town hall","layer":"townhalls","note":"OpenStreetMap","osm_id":"node/692771097","osm_url":"https://www.openstreetmap.org/node/692771097","source":"OpenStreetMap"}},{"type":"Feature","geometry":{"type":"Point","coordinates":[-0.1525875,52.7851726]},"properties":{"name":"South Holland District Council","layer":"townhalls","note":"OpenStreetMap","osm_id":"node/7262230736","osm_url":"https://www.openstreetmap.org/node/7262230736","source":"OpenStreetMap"}},{"type":"Feature","geometry":{"type":"Point","coordinates":[-4.2102857,55.9406676]},"properties":{"name":"Caldwell Halls","layer":"townhalls","note":"OpenStreetMap","osm_id":"node/7316898454","osm_url":"https://www.openstreetmap.org/node/7316898454","source":"OpenStreetMap"}},{"type":"Feature","geometry":{"type":"Point","coordinates":[-1.1444087,51.3568263]},"properties":{"name":"Tadley Town Council","layer":"townhalls","note":"OpenStreetMap","osm_id":"node/7511771565","osm_url":"https://www.openstreetmap.org/node/7511771565","source":"OpenStreetMap"}},{"type":"Feature","geometry":{"type":"Point","coordinates":[-0.7197802,52.5884909]},"properties":{"name":"Uppingham Town Hall","layer":"townhalls","note":"OpenStreetMap","osm_id":"node/7567249766","osm_url":"https://www.openstreetmap.org/node/7567249766","source":"OpenStreetMap"}},{"type":"Feature","geometry":{"type":"Point","coordinates":[-1.5452346,52.5768077]},"properties":{"name":"Old Bank House","layer":"townhalls","note":"OpenStreetMap","osm_id":"node/770267839","osm_url":"https://www.openstreetmap.org/node/770267839","source":"OpenStreetMap"}},{"type":"Feature","geometry":{"type":"Point","coordinates":[-6.0374477,52.9797915]},"properties":{"name":"Wicklow Town Hall","layer":"townhalls","note":"OpenStreetMap","osm_id":"node/7800919523","osm_url":"https://www.openstreetmap.org/node/7800919523","source":"OpenStreetMap"}},{"type":"Feature","geometry":{"type":"Point","coordinates":[-3.4032885,53.3352495]},"properties":{"name":"Prestatyn Town Council","layer":"townhalls","note":"OpenStreetMap","osm_id":"node/7823895107","osm_url":"https://www.openstreetmap.org/node/7823895107","source":"OpenStreetMap"}},{"type":"Feature","geometry":{"type":"Point","coordinates":[-0.2826841,52.4359725]},"properties":{"name":"Sawtry Parish Council","layer":"townhalls","note":"OpenStreetMap","osm_id":"node/7863096291","osm_url":"https://www.openstreetmap.org/node/7863096291","source":"OpenStreetMap"}},{"type":"Feature","geometry":{"type":"Point","coordinates":[-3.9914683,51.7944467]},"properties":{"name":"Ammanford Town Hall","layer":"townhalls","note":"Carmarthenshire County Council","osm_id":"node/7935421555","osm_url":"https://www.openstreetmap.org/node/7935421555","source":"OpenStreetMap","brand":"Carmarthenshire County Council"}},{"type":"Feature","geometry":{"type":"Point","coordinates":[0.0512787,50.7911527]},"properties":{"name":"Newhaven Town Council","layer":"townhalls","note":"OpenStreetMap","osm_id":"node/7967286092","osm_url":"https://www.openstreetmap.org/node/7967286092","source":"OpenStreetMap"}},{"type":"Feature","geometry":{"type":"Point","coordinates":[-0.1278078,52.5569542]},"properties":{"name":"Whittlesey Town Council","layer":"townhalls","note":"OpenStreetMap","osm_id":"node/8019062193","osm_url":"https://www.openstreetmap.org/node/8019062193","source":"OpenStreetMap"}},{"type":"Feature","geometry":{"type":"Point","coordinates":[-3.4730442,51.6241418]},"properties":{"name":"Rhondda Cynon Taf CBC","layer":"townhalls","note":"OpenStreetMap","osm_id":"node/8116588413","osm_url":"https://www.openstreetmap.org/node/8116588413","source":"OpenStreetMap"}},{"type":"Feature","geometry":{"type":"Point","coordinates":[-0.7976663,54.1350019]},"properties":{"name":"Malton Town Council","layer":"townhalls","note":"OpenStreetMap","osm_id":"node/8161935090","osm_url":"https://www.openstreetmap.org/node/8161935090","source":"OpenStreetMap"}},{"type":"Feature","geometry":{"type":"Point","coordinates":[1.4024751,51.2257988]},"properties":{"name":"Deal Town Hall","layer":"townhalls","note":"OpenStreetMap","osm_id":"node/8164956888","osm_url":"https://www.openstreetmap.org/node/8164956888","source":"OpenStreetMap"}},{"type":"Feature","geometry":{"type":"Point","coordinates":[-1.692783,53.9051612]},"properties":{"name":"Otley Town Council – The Core","layer":"townhalls","note":"OpenStreetMap","osm_id":"node/8402862144","osm_url":"https://www.openstreetmap.org/node/8402862144","source":"OpenStreetMap"}},{"type":"Feature","geometry":{"type":"Point","coordinates":[-0.6139046,51.7048887]},"properties":{"name":"Chesham Town Council","layer":"townhalls","note":"OpenStreetMap","osm_id":"node/84920207","osm_url":"https://www.openstreetmap.org/node/84920207","source":"OpenStreetMap"}},{"type":"Feature","geometry":{"type":"Point","coordinates":[-6.9240596,52.6000409]},"properties":{"name":"Borris Town Hall","layer":"townhalls","note":"OpenStreetMap","osm_id":"node/8719916903","osm_url":"https://www.openstreetmap.org/node/8719916903","source":"OpenStreetMap"}},{"type":"Feature","geometry":{"type":"Point","coordinates":[0.5110193,51.0472195]},"properties":{"name":"Village Hall","layer":"townhalls","note":"OpenStreetMap","osm_id":"node/871994441","osm_url":"https://www.openstreetmap.org/node/871994441","source":"OpenStreetMap"}},{"type":"Feature","geometry":{"type":"Point","coordinates":[-2.0046928,55.7707665]},"properties":{"name":"Berwick upon Tweed Town Council","layer":"townhalls","note":"Berwick upon Tweed Town Council","osm_id":"node/8791850792","osm_url":"https://www.openstreetmap.org/node/8791850792","source":"OpenStreetMap","brand":"Berwick upon Tweed Town Council"}},{"type":"Feature","geometry":{"type":"Point","coordinates":[-3.0495385,53.2151716]},"properties":{"name":"Connah's Quay Town Council","layer":"townhalls","note":"OpenStreetMap","osm_id":"node/8821337228","osm_url":"https://www.openstreetmap.org/node/8821337228","source":"OpenStreetMap"}},{"type":"Feature","geometry":{"type":"Point","coordinates":[-6.9443178,52.3955619]},"properties":{"name":"The Tholsel","layer":"townhalls","note":"New Ross Municipal District","osm_id":"node/884332405","osm_url":"https://www.openstreetmap.org/node/884332405","source":"OpenStreetMap","brand":"New Ross Municipal District"}},{"type":"Feature","geometry":{"type":"Point","coordinates":[-3.4662026,50.6845148]},"properties":{"name":"Matthews Hall","layer":"townhalls","note":"OpenStreetMap","osm_id":"node/8866579261","osm_url":"https://www.openstreetmap.org/node/8866579261","source":"OpenStreetMap"}},{"type":"Feature","geometry":{"type":"Point","coordinates":[-2.8179675,51.3864782]},"properties":{"name":"Yatton Parish Council office","layer":"townhalls","note":"OpenStreetMap","osm_id":"node/900598008","osm_url":"https://www.openstreetmap.org/node/900598008","source":"OpenStreetMap"}},{"type":"Feature","geometry":{"type":"Point","coordinates":[-2.7627277,52.6736631]},"properties":{"name":"Bayston Hill Parish Office","layer":"townhalls","note":"Bayston Hill Parish Counciil","osm_id":"node/9034983035","osm_url":"https://www.openstreetmap.org/node/9034983035","source":"OpenStreetMap","brand":"Bayston Hill Parish Counciil"}},{"type":"Feature","geometry":{"type":"Point","coordinates":[0.3453478,53.149468]},"properties":{"name":"Skegness Town Hall","layer":"townhalls","note":"OpenStreetMap","osm_id":"node/9044119683","osm_url":"https://www.openstreetmap.org/node/9044119683","source":"OpenStreetMap"}},{"type":"Feature","geometry":{"type":"Point","coordinates":[0.334965,53.1929447]},"properties":{"name":"Ingoldmells Parish Council","layer":"townhalls","note":"OpenStreetMap","osm_id":"node/9048327828","osm_url":"https://www.openstreetmap.org/node/9048327828","source":"OpenStreetMap"}},{"type":"Feature","geometry":{"type":"Point","coordinates":[-0.1064918,52.4488795]},"properties":{"name":"Ramsey Town Council","layer":"townhalls","note":"OpenStreetMap","osm_id":"node/9139917922","osm_url":"https://www.openstreetmap.org/node/9139917922","source":"OpenStreetMap"}},{"type":"Feature","geometry":{"type":"Point","coordinates":[-4.9177022,51.6759594]},"properties":{"name":"Pembroke Town Hall","layer":"townhalls","note":"OpenStreetMap","osm_id":"node/9311593939","osm_url":"https://www.openstreetmap.org/node/9311593939","source":"OpenStreetMap"}},{"type":"Feature","geometry":{"type":"Point","coordinates":[-0.8391235,51.411639]},"properties":{"name":"Wokingham Borough Council, Civic Offices","layer":"townhalls","note":"OpenStreetMap","osm_id":"node/931662525","osm_url":"https://www.openstreetmap.org/node/931662525","source":"OpenStreetMap"}},{"type":"Feature","geometry":{"type":"Point","coordinates":[-7.2098988,52.8024667]},"properties":{"name":"Kilkenny County Council Area Office","layer":"townhalls","note":"OpenStreetMap","osm_id":"node/942746481","osm_url":"https://www.openstreetmap.org/node/942746481","source":"OpenStreetMap"}},{"type":"Feature","geometry":{"type":"Point","coordinates":[-2.4264967,53.4185817]},"properties":{"name":"Partington Town Council","layer":"townhalls","note":"OpenStreetMap","osm_id":"node/946073303","osm_url":"https://www.openstreetmap.org/node/946073303","source":"OpenStreetMap"}},{"type":"Feature","geometry":{"type":"Point","coordinates":[0.0646386,51.196129]},"properties":{"name":"Edenbridge Town Council","layer":"townhalls","note":"Edenbridge Town Council","osm_id":"node/9509980160","osm_url":"https://www.openstreetmap.org/node/9509980160","source":"OpenStreetMap","brand":"Edenbridge Town Council"}},{"type":"Feature","geometry":{"type":"Point","coordinates":[-2.1014794,52.9613054]},"properties":{"name":"Fulford Parish Council","layer":"townhalls","note":"OpenStreetMap","osm_id":"node/9714432165","osm_url":"https://www.openstreetmap.org/node/9714432165","source":"OpenStreetMap"}},{"type":"Feature","geometry":{"type":"Point","coordinates":[-0.6472919,52.0110241]},"properties":{"name":"Woburn Sands Town Council","layer":"townhalls","note":"OpenStreetMap","osm_id":"node/9786496402","osm_url":"https://www.openstreetmap.org/node/9786496402","source":"OpenStreetMap"}},{"type":"Feature","geometry":{"type":"Point","coordinates":[-1.2911839,54.6067698]},"properties":{"name":"Billingham Town Council","layer":"townhalls","note":"OpenStreetMap","osm_id":"node/9907789110","osm_url":"https://www.openstreetmap.org/node/9907789110","source":"OpenStreetMap"}},{"type":"Feature","geometry":{"type":"Point","coordinates":[-1.3252408,54.5224585]},"properties":{"name":"Ingleby Barwick Town Council","layer":"townhalls","note":"OpenStreetMap","osm_id":"node/9907798323","osm_url":"https://www.openstreetmap.org/node/9907798323","source":"OpenStreetMap"}},{"type":"Feature","geometry":{"type":"Point","coordinates":[-2.1984758,55.0054792]},"properties":{"name":"Town hall","layer":"townhalls","note":"OpenStreetMap","osm_id":"node/9909770637","osm_url":"https://www.openstreetmap.org/node/9909770637","source":"OpenStreetMap"}},{"type":"Feature","geometry":{"type":"Point","coordinates":[-1.9659581,51.7169086]},"properties":{"name":"Cirencester Town Council","layer":"townhalls","note":"Cirencester Town Council","osm_id":"node/9919965483","osm_url":"https://www.openstreetmap.org/node/9919965483","source":"OpenStreetMap","brand":"Cirencester Town Council"}},{"type":"Feature","geometry":{"type":"Point","coordinates":[-3.1903813,55.9501836]},"properties":{"name":"Edinburgh City Chambers","layer":"townhalls","note":"OpenStreetMap","osm_id":"relation/1013995","osm_url":"https://www.openstreetmap.org/relation/1013995","source":"OpenStreetMap"}},{"type":"Feature","geometry":{"type":"Point","coordinates":[-3.1787882,51.4852723]},"properties":{"name":"Cardiff City Hall","layer":"townhalls","note":"OpenStreetMap","osm_id":"relation/11222910","osm_url":"https://www.openstreetmap.org/relation/11222910","source":"OpenStreetMap"}},{"type":"Feature","geometry":{"type":"Point","coordinates":[-0.1951896,51.5021038]},"properties":{"name":"Kensington Town Hall","layer":"townhalls","note":"OpenStreetMap","osm_id":"relation/1153187","osm_url":"https://www.openstreetmap.org/relation/1153187","source":"OpenStreetMap"}},{"type":"Feature","geometry":{"type":"Point","coordinates":[-0.1123287,51.600101]},"properties":{"name":"Haringey Civic Centre","layer":"townhalls","note":"OpenStreetMap","osm_id":"relation/11562227","osm_url":"https://www.openstreetmap.org/relation/11562227","source":"OpenStreetMap"}},{"type":"Feature","geometry":{"type":"Point","coordinates":[-3.7840996,51.5976885]},"properties":{"name":"Port Talbot Civic Centre","layer":"townhalls","note":"Neath Port Talbot Council","osm_id":"relation/11664513","osm_url":"https://www.openstreetmap.org/relation/11664513","source":"OpenStreetMap","brand":"Neath Port Talbot Council"}},{"type":"Feature","geometry":{"type":"Point","coordinates":[-1.2341285,54.5756961]},"properties":{"name":"Middlesbrough Town Hall","layer":"townhalls","note":"OpenStreetMap","osm_id":"relation/12439081","osm_url":"https://www.openstreetmap.org/relation/12439081","source":"OpenStreetMap"}},{"type":"Feature","geometry":{"type":"Point","coordinates":[-1.2568698,51.7515498]},"properties":{"name":"Oxford Town Hall","layer":"townhalls","note":"OpenStreetMap","osm_id":"relation/12885061","osm_url":"https://www.openstreetmap.org/relation/12885061","source":"OpenStreetMap"}},{"type":"Feature","geometry":{"type":"Point","coordinates":[-1.501346,53.6837981]},"properties":{"name":"Wakefield Town Hall","layer":"townhalls","note":"OpenStreetMap","osm_id":"relation/1298768","osm_url":"https://www.openstreetmap.org/relation/1298768","source":"OpenStreetMap"}},{"type":"Feature","geometry":{"type":"Point","coordinates":[-2.2491413,51.8663078]},"properties":{"name":"Town hall","layer":"townhalls","note":"OpenStreetMap","osm_id":"relation/13765359","osm_url":"https://www.openstreetmap.org/relation/13765359","source":"OpenStreetMap"}},{"type":"Feature","geometry":{"type":"Point","coordinates":[-1.4827308,53.5542298]},"properties":{"name":"Barnsley Town Hall","layer":"townhalls","note":"OpenStreetMap","osm_id":"relation/13871577","osm_url":"https://www.openstreetmap.org/relation/13871577","source":"OpenStreetMap"}},{"type":"Feature","geometry":{"type":"Point","coordinates":[-4.4788222,55.6056471]},"properties":{"name":"East Ayrshire Council Headquarters","layer":"townhalls","note":"OpenStreetMap","osm_id":"relation/15689826","osm_url":"https://www.openstreetmap.org/relation/15689826","source":"OpenStreetMap"}},{"type":"Feature","geometry":{"type":"Point","coordinates":[-0.1702896,50.8283068]},"properties":{"name":"Hove Town Hall","layer":"townhalls","note":"OpenStreetMap","osm_id":"relation/15746991","osm_url":"https://www.openstreetmap.org/relation/15746991","source":"OpenStreetMap"}},{"type":"Feature","geometry":{"type":"Point","coordinates":[-1.7826161,53.6439091]},"properties":{"name":"Huddersfield Town Hall","layer":"townhalls","note":"Kirklees Council","osm_id":"relation/15934107","osm_url":"https://www.openstreetmap.org/relation/15934107","source":"OpenStreetMap","brand":"Kirklees Council"}},{"type":"Feature","geometry":{"type":"Point","coordinates":[1.2916245,52.6286073]},"properties":{"name":"City Hall","layer":"townhalls","note":"OpenStreetMap","osm_id":"relation/1644090","osm_url":"https://www.openstreetmap.org/relation/1644090","source":"OpenStreetMap"}},{"type":"Feature","geometry":{"type":"Point","coordinates":[-1.7924662,50.8474773]},"properties":{"name":"Ringwood Gateway","layer":"townhalls","note":"OpenStreetMap","osm_id":"relation/16502497","osm_url":"https://www.openstreetmap.org/relation/16502497","source":"OpenStreetMap"}},{"type":"Feature","geometry":{"type":"Point","coordinates":[-2.0212611,50.9018893]},"properties":{"name":"Vale of Allen Parish Council","layer":"townhalls","note":"OpenStreetMap","osm_id":"relation/16555078","osm_url":"https://www.openstreetmap.org/relation/16555078","source":"OpenStreetMap"}},{"type":"Feature","geometry":{"type":"Point","coordinates":[-3.0400055,57.0499427]},"properties":{"name":"Albert Memorial Hall, Victoria Halls and Gordon Institute","layer":"townhalls","note":"OpenStreetMap","osm_id":"relation/16792897","osm_url":"https://www.openstreetmap.org/relation/16792897","source":"OpenStreetMap"}},{"type":"Feature","geometry":{"type":"Point","coordinates":[-1.5601007,52.7741556]},"properties":{"name":"Civil Offices & District Council","layer":"townhalls","note":"South Derbyshire District Council","osm_id":"relation/17191565","osm_url":"https://www.openstreetmap.org/relation/17191565","source":"OpenStreetMap","brand":"South Derbyshire District Council"}},{"type":"Feature","geometry":{"type":"Point","coordinates":[-0.30604,51.4083585]},"properties":{"name":"Kingston upon Thames Guildhall","layer":"townhalls","note":"OpenStreetMap","osm_id":"relation/1720432","osm_url":"https://www.openstreetmap.org/relation/1720432","source":"OpenStreetMap"}},{"type":"Feature","geometry":{"type":"Point","coordinates":[-1.6843643,55.1533432]},"properties":{"name":"Northumberland County Hall","layer":"townhalls","note":"Northumberland County Council","osm_id":"relation/1733560","osm_url":"https://www.openstreetmap.org/relation/1733560","source":"OpenStreetMap","brand":"Northumberland County Council"}},{"type":"Feature","geometry":{"type":"Point","coordinates":[-1.9980912,52.5205142]},"properties":{"name":"West Bromwich Town Hall","layer":"townhalls","note":"SMBC","osm_id":"relation/18102640","osm_url":"https://www.openstreetmap.org/relation/18102640","source":"OpenStreetMap","brand":"SMBC"}},{"type":"Feature","geometry":{"type":"Point","coordinates":[-1.4694572,53.3803627]},"properties":{"name":"Sheffield Town Hall","layer":"townhalls","note":"OpenStreetMap","osm_id":"relation/1995564","osm_url":"https://www.openstreetmap.org/relation/1995564","source":"OpenStreetMap"}},{"type":"Feature","geometry":{"type":"Point","coordinates":[-1.507927,52.4073698]},"properties":{"name":"Coventry City Council","layer":"townhalls","note":"OpenStreetMap","osm_id":"relation/2071021","osm_url":"https://www.openstreetmap.org/relation/2071021","source":"OpenStreetMap"}},{"type":"Feature","geometry":{"type":"Point","coordinates":[0.5806757,50.8563967]},"properties":{"name":"Hastings Town Hall","layer":"townhalls","note":"OpenStreetMap","osm_id":"relation/21235423","osm_url":"https://www.openstreetmap.org/relation/21235423","source":"OpenStreetMap"}},{"type":"Feature","geometry":{"type":"Point","coordinates":[1.7250159,52.6059925]},"properties":{"name":"Great Yarmouth Town Hall","layer":"townhalls","note":"Great Yarmouth Borough Council","osm_id":"relation/2344635","osm_url":"https://www.openstreetmap.org/relation/2344635","source":"OpenStreetMap","brand":"Great Yarmouth Borough Council"}},{"type":"Feature","geometry":{"type":"Point","coordinates":[-1.610956,54.9789837]},"properties":{"name":"Civic Centre","layer":"townhalls","note":"OpenStreetMap","osm_id":"relation/2364042","osm_url":"https://www.openstreetmap.org/relation/2364042","source":"OpenStreetMap"}},{"type":"Feature","geometry":{"type":"Point","coordinates":[-1.1880888,52.6559053]},"properties":{"name":"County Hall - Leicestershire County Council","layer":"townhalls","note":"OpenStreetMap","osm_id":"relation/2388381","osm_url":"https://www.openstreetmap.org/relation/2388381","source":"OpenStreetMap"}},{"type":"Feature","geometry":{"type":"Point","coordinates":[-2.2876893,53.4587303]},"properties":{"name":"Trafford Town Hall","layer":"townhalls","note":"Trafford Council","osm_id":"relation/2701398","osm_url":"https://www.openstreetmap.org/relation/2701398","source":"OpenStreetMap","brand":"Trafford Council"}},{"type":"Feature","geometry":{"type":"Point","coordinates":[-1.2048068,53.1512787]},"properties":{"name":"Mansfield District Council","layer":"townhalls","note":"Mansfield District Council","osm_id":"relation/2738707","osm_url":"https://www.openstreetmap.org/relation/2738707","source":"OpenStreetMap","brand":"Mansfield District Council"}},{"type":"Feature","geometry":{"type":"Point","coordinates":[-0.1909799,51.4573125]},"properties":{"name":"Wandsworth Town Hall","layer":"townhalls","note":"Wandsworth Council","osm_id":"relation/2740901","osm_url":"https://www.openstreetmap.org/relation/2740901","source":"OpenStreetMap","brand":"Wandsworth Council"}},{"type":"Feature","geometry":{"type":"Point","coordinates":[-8.4627411,54.270583]},"properties":{"name":"Sligo County Hall","layer":"townhalls","note":"Sligo County Council","osm_id":"relation/2777331","osm_url":"https://www.openstreetmap.org/relation/2777331","source":"OpenStreetMap","brand":"Sligo County Council"}},{"type":"Feature","geometry":{"type":"Point","coordinates":[-2.1248672,53.2608388]},"properties":{"name":"Macclesfield Town Hall","layer":"townhalls","note":"OpenStreetMap","osm_id":"relation/3179177","osm_url":"https://www.openstreetmap.org/relation/3179177","source":"OpenStreetMap"}},{"type":"Feature","geometry":{"type":"Point","coordinates":[-1.4064911,50.9080062]},"properties":{"name":"Southampton Civic Centre","layer":"townhalls","note":"OpenStreetMap","osm_id":"relation/3369797","osm_url":"https://www.openstreetmap.org/relation/3369797","source":"OpenStreetMap"}},{"type":"Feature","geometry":{"type":"Point","coordinates":[-0.0563798,51.5450584]},"properties":{"name":"Hackney Town Hall","layer":"townhalls","note":"OpenStreetMap","osm_id":"relation/3641032","osm_url":"https://www.openstreetmap.org/relation/3641032","source":"OpenStreetMap"}},{"type":"Feature","geometry":{"type":"Point","coordinates":[-2.4837729,53.7498717]},"properties":{"name":"Blackburn Town Hall","layer":"townhalls","note":"Blackburn with Darwen Borough Council","osm_id":"relation/3913364","osm_url":"https://www.openstreetmap.org/relation/3913364","source":"OpenStreetMap","brand":"Blackburn with Darwen Borough Council"}},{"type":"Feature","geometry":{"type":"Point","coordinates":[-2.2441328,53.4792578]},"properties":{"name":"Manchester Town Hall","layer":"townhalls","note":"OpenStreetMap","osm_id":"relation/5409378","osm_url":"https://www.openstreetmap.org/relation/5409378","source":"OpenStreetMap"}},{"type":"Feature","geometry":{"type":"Point","coordinates":[-2.5041722,53.2590863]},"properties":{"name":"The Council Offices","layer":"townhalls","note":"Northwich Town Council","osm_id":"relation/6096328","osm_url":"https://www.openstreetmap.org/relation/6096328","source":"OpenStreetMap","brand":"Northwich Town Council"}},{"type":"Feature","geometry":{"type":"Point","coordinates":[-0.2340387,51.4918366]},"properties":{"name":"Hammersmith Town Hall","layer":"townhalls","note":"OpenStreetMap","osm_id":"relation/6543238","osm_url":"https://www.openstreetmap.org/relation/6543238","source":"OpenStreetMap"}},{"type":"Feature","geometry":{"type":"Point","coordinates":[-1.6021561,53.7457612]},"properties":{"name":"Morley Town Hall","layer":"townhalls","note":"OpenStreetMap","osm_id":"relation/6553864","osm_url":"https://www.openstreetmap.org/relation/6553864","source":"OpenStreetMap"}},{"type":"Feature","geometry":{"type":"Point","coordinates":[-1.1328018,52.6334088]},"properties":{"name":"Leicester Town Hall","layer":"townhalls","note":"Leicester City Council","osm_id":"relation/6867945","osm_url":"https://www.openstreetmap.org/relation/6867945","source":"OpenStreetMap","brand":"Leicester City Council"}},{"type":"Feature","geometry":{"type":"Point","coordinates":[-1.2498647,53.1003764]},"properties":{"name":"Ashfield District Council","layer":"townhalls","note":"OpenStreetMap","osm_id":"relation/7225977","osm_url":"https://www.openstreetmap.org/relation/7225977","source":"OpenStreetMap"}},{"type":"Feature","geometry":{"type":"Point","coordinates":[-1.5027907,53.6845067]},"properties":{"name":"County Hall","layer":"townhalls","note":"OpenStreetMap","osm_id":"relation/7412802","osm_url":"https://www.openstreetmap.org/relation/7412802","source":"OpenStreetMap"}},{"type":"Feature","geometry":{"type":"Point","coordinates":[-0.0835259,51.5615665]},"properties":{"name":"Stoke Newington Town Hall","layer":"townhalls","note":"OpenStreetMap","osm_id":"relation/906541","osm_url":"https://www.openstreetmap.org/relation/906541","source":"OpenStreetMap"}},{"type":"Feature","geometry":{"type":"Point","coordinates":[-5.0672457,50.262934]},"properties":{"name":"Old County Hall","layer":"townhalls","note":"Cornwall Council","osm_id":"relation/9122710","osm_url":"https://www.openstreetmap.org/relation/9122710","source":"OpenStreetMap","brand":"Cornwall Council"}},{"type":"Feature","geometry":{"type":"Point","coordinates":[-0.8944477,52.2374359]},"properties":{"name":"The Guildhall","layer":"townhalls","note":"OpenStreetMap","osm_id":"relation/913348","osm_url":"https://www.openstreetmap.org/relation/913348","source":"OpenStreetMap"}},{"type":"Feature","geometry":{"type":"Point","coordinates":[-2.7977302,54.0470807]},"properties":{"name":"Lancaster Town Hall","layer":"townhalls","note":"OpenStreetMap","osm_id":"relation/9422929","osm_url":"https://www.openstreetmap.org/relation/9422929","source":"OpenStreetMap"}},{"type":"Feature","geometry":{"type":"Point","coordinates":[-0.1722932,51.5260767]},"properties":{"name":"Westminster City Council - Lisson Grove","layer":"townhalls","note":"OpenStreetMap","osm_id":"relation/9627041","osm_url":"https://www.openstreetmap.org/relation/9627041","source":"OpenStreetMap"}},{"type":"Feature","geometry":{"type":"Point","coordinates":[-6.1347852,53.294345]},"properties":{"name":"Dún Laoghaire-Rathdown County Hall","layer":"townhalls","note":"Dun Laoghaire-Rathdown County Council","osm_id":"way/10057687","osm_url":"https://www.openstreetmap.org/way/10057687","source":"OpenStreetMap","brand":"Dun Laoghaire-Rathdown County Council"}},{"type":"Feature","geometry":{"type":"Point","coordinates":[-3.266679,51.4067498]},"properties":{"name":"Barry Town Hall","layer":"townhalls","note":"OpenStreetMap","osm_id":"way/100602225","osm_url":"https://www.openstreetmap.org/way/100602225","source":"OpenStreetMap"}},{"type":"Feature","geometry":{"type":"Point","coordinates":[-2.0389989,57.5196876]},"properties":{"name":"Kemp Hall","layer":"townhalls","note":"OpenStreetMap","osm_id":"way/100661488","osm_url":"https://www.openstreetmap.org/way/100661488","source":"OpenStreetMap"}},{"type":"Feature","geometry":{"type":"Point","coordinates":[-2.4983179,57.6695862]},"properties":{"name":"Macduff Town Hall","layer":"townhalls","note":"OpenStreetMap","osm_id":"way/100783626","osm_url":"https://www.openstreetmap.org/way/100783626","source":"OpenStreetMap"}},{"type":"Feature","geometry":{"type":"Point","coordinates":[-2.7086267,56.501595]},"properties":{"name":"Carnoustie Municipal Buildings","layer":"townhalls","note":"OpenStreetMap","osm_id":"way/1013541253","osm_url":"https://www.openstreetmap.org/way/1013541253","source":"OpenStreetMap"}},{"type":"Feature","geometry":{"type":"Point","coordinates":[-1.4792994,51.2077999]},"properties":{"name":"Andover Guildhall","layer":"townhalls","note":"OpenStreetMap","osm_id":"way/101482625","osm_url":"https://www.openstreetmap.org/way/101482625","source":"OpenStreetMap"}},{"type":"Feature","geometry":{"type":"Point","coordinates":[-0.8954626,53.2306167]},"properties":{"name":"Tuxford Town Hall","layer":"townhalls","note":"OpenStreetMap","osm_id":"way/1014924851","osm_url":"https://www.openstreetmap.org/way/1014924851","source":"OpenStreetMap"}},{"type":"Feature","geometry":{"type":"Point","coordinates":[-2.3521376,53.387958]},"properties":{"name":"Altrincham Town Hall","layer":"townhalls","note":"OpenStreetMap","osm_id":"way/1018220493","osm_url":"https://www.openstreetmap.org/way/1018220493","source":"OpenStreetMap"}},{"type":"Feature","geometry":{"type":"Point","coordinates":[1.4374887,51.3590449]},"properties":{"name":"Pierremont Hall","layer":"townhalls","note":"OpenStreetMap","osm_id":"way/101835111","osm_url":"https://www.openstreetmap.org/way/101835111","source":"OpenStreetMap"}},{"type":"Feature","geometry":{"type":"Point","coordinates":[-2.0974654,53.7139176]},"properties":{"name":"Todmorden Town Hall","layer":"townhalls","note":"OpenStreetMap","osm_id":"way/101928908","osm_url":"https://www.openstreetmap.org/way/101928908","source":"OpenStreetMap"}},{"type":"Feature","geometry":{"type":"Point","coordinates":[-1.690559,55.1672902]},"properties":{"name":"Morpeth Town Hall","layer":"townhalls","note":"OpenStreetMap","osm_id":"way/101933518","osm_url":"https://www.openstreetmap.org/way/101933518","source":"OpenStreetMap"}},{"type":"Feature","geometry":{"type":"Point","coordinates":[-1.149726,52.0266244]},"properties":{"name":"Brackley Town Hall","layer":"townhalls","note":"OpenStreetMap","osm_id":"way/102132556","osm_url":"https://www.openstreetmap.org/way/102132556","source":"OpenStreetMap"}},{"type":"Feature","geometry":{"type":"Point","coordinates":[1.4920648,52.2147707]},"properties":{"name":"Saxmundham Town Council","layer":"townhalls","note":"OpenStreetMap","osm_id":"way/1022263922","osm_url":"https://www.openstreetmap.org/way/1022263922","source":"OpenStreetMap"}},{"type":"Feature","geometry":{"type":"Point","coordinates":[-4.7853804,55.6332712]},"properties":{"name":"Saltcoats Town Hall","layer":"townhalls","note":"North Ayrshire Council","osm_id":"way/1023672370","osm_url":"https://www.openstreetmap.org/way/1023672370","source":"OpenStreetMap","brand":"North Ayrshire Council"}},{"type":"Feature","geometry":{"type":"Point","coordinates":[-0.1838432,51.1168324]},"properties":{"name":"Crawley Town Hall","layer":"townhalls","note":"OpenStreetMap","osm_id":"way/1023995517","osm_url":"https://www.openstreetmap.org/way/1023995517","source":"OpenStreetMap"}},{"type":"Feature","geometry":{"type":"Point","coordinates":[-2.6897851,56.2231716]},"properties":{"name":"Cellardyke Town Hall","layer":"townhalls","note":"OpenStreetMap","osm_id":"way/1024223232","osm_url":"https://www.openstreetmap.org/way/1024223232","source":"OpenStreetMap"}},{"type":"Feature","geometry":{"type":"Point","coordinates":[-1.0514241,54.5356873]},"properties":{"name":"Town hall","layer":"townhalls","note":"OpenStreetMap","osm_id":"way/102571258","osm_url":"https://www.openstreetmap.org/way/102571258","source":"OpenStreetMap"}},{"type":"Feature","geometry":{"type":"Point","coordinates":[-1.5742247,55.1835928]},"properties":{"name":"Ashington Town Hall","layer":"townhalls","note":"Northumberland County Council","osm_id":"way/102616700","osm_url":"https://www.openstreetmap.org/way/102616700","source":"OpenStreetMap","brand":"Northumberland County Council"}},{"type":"Feature","geometry":{"type":"Point","coordinates":[0.3251916,52.2785414]},"properties":{"name":"Jubilee Reading Room","layer":"townhalls","note":"OpenStreetMap","osm_id":"way/1028621882","osm_url":"https://www.openstreetmap.org/way/1028621882","source":"OpenStreetMap"}},{"type":"Feature","geometry":{"type":"Point","coordinates":[-1.4076686,53.0505601]},"properties":{"name":"Ripley Town Hall","layer":"townhalls","note":"OpenStreetMap","osm_id":"way/1030283866","osm_url":"https://www.openstreetmap.org/way/1030283866","source":"OpenStreetMap"}},{"type":"Feature","geometry":{"type":"Point","coordinates":[-1.6908966,51.1617081]},"properties":{"name":"Newton Toney Memorial Hall","layer":"townhalls","note":"OpenStreetMap","osm_id":"way/1030728934","osm_url":"https://www.openstreetmap.org/way/1030728934","source":"OpenStreetMap"}},{"type":"Feature","geometry":{"type":"Point","coordinates":[1.2957566,52.6310827]},"properties":{"name":"Saint Andrews Hall","layer":"townhalls","note":"OpenStreetMap","osm_id":"way/103327553","osm_url":"https://www.openstreetmap.org/way/103327553","source":"OpenStreetMap"}},{"type":"Feature","geometry":{"type":"Point","coordinates":[-3.170662,52.970215]},"properties":{"name":"Llangollen Town Hall","layer":"townhalls","note":"OpenStreetMap","osm_id":"way/103517465","osm_url":"https://www.openstreetmap.org/way/103517465","source":"OpenStreetMap"}},{"type":"Feature","geometry":{"type":"Point","coordinates":[-1.3169298,52.5754194]},"properties":{"name":"Earl Shilton Town Council","layer":"townhalls","note":"OpenStreetMap","osm_id":"way/1035842606","osm_url":"https://www.openstreetmap.org/way/1035842606","source":"OpenStreetMap"}},{"type":"Feature","geometry":{"type":"Point","coordinates":[-8.1568464,52.4791527]},"properties":{"name":"Town hall","layer":"townhalls","note":"OpenStreetMap","osm_id":"way/1040874474","osm_url":"https://www.openstreetmap.org/way/1040874474","source":"OpenStreetMap"}},{"type":"Feature","geometry":{"type":"Point","coordinates":[-8.1581126,52.4792488]},"properties":{"name":"Town hall","layer":"townhalls","note":"OpenStreetMap","osm_id":"way/1040886722","osm_url":"https://www.openstreetmap.org/way/1040886722","source":"OpenStreetMap"}},{"type":"Feature","geometry":{"type":"Point","coordinates":[-0.6101053,50.9862471]},"properties":{"name":"Petworth Town Hall","layer":"townhalls","note":"OpenStreetMap","osm_id":"way/104137823","osm_url":"https://www.openstreetmap.org/way/104137823","source":"OpenStreetMap"}},{"type":"Feature","geometry":{"type":"Point","coordinates":[-7.2476008,52.6524129]},"properties":{"name":"County Hall","layer":"townhalls","note":"Kilkenny County Council","osm_id":"way/1042414848","osm_url":"https://www.openstreetmap.org/way/1042414848","source":"OpenStreetMap","brand":"Kilkenny County Council"}},{"type":"Feature","geometry":{"type":"Point","coordinates":[-0.2996827,51.7228525]},"properties":{"name":"London Colney Community Centre","layer":"townhalls","note":"London Colney Parish Council","osm_id":"way/1042431855","osm_url":"https://www.openstreetmap.org/way/1042431855","source":"OpenStreetMap","brand":"London Colney Parish Council"}},{"type":"Feature","geometry":{"type":"Point","coordinates":[-0.3569364,51.7064394]},"properties":{"name":"St Stephen Parish Centre","layer":"townhalls","note":"St Stephen Parish Council","osm_id":"way/1042431856","osm_url":"https://www.openstreetmap.org/way/1042431856","source":"OpenStreetMap","brand":"St Stephen Parish Council"}},{"type":"Feature","geometry":{"type":"Point","coordinates":[-2.374449,57.2845116]},"properties":{"name":"Inverurie Town Hall","layer":"townhalls","note":"OpenStreetMap","osm_id":"way/104374636","osm_url":"https://www.openstreetmap.org/way/104374636","source":"OpenStreetMap"}},{"type":"Feature","geometry":{"type":"Point","coordinates":[-2.739279,51.1262956]},"properties":{"name":"Street Parish Rooms","layer":"townhalls","note":"Street Parish Council","osm_id":"way/1043779473","osm_url":"https://www.openstreetmap.org/way/1043779473","source":"OpenStreetMap","brand":"Street Parish Council"}},{"type":"Feature","geometry":{"type":"Point","coordinates":[-8.8213944,53.0662568]},"properties":{"name":"Town hall","layer":"townhalls","note":"OpenStreetMap","osm_id":"way/1044551710","osm_url":"https://www.openstreetmap.org/way/1044551710","source":"OpenStreetMap"}},{"type":"Feature","geometry":{"type":"Point","coordinates":[0.059247,51.6489392]},"properties":{"name":"Loughton Town Hall","layer":"townhalls","note":"OpenStreetMap","osm_id":"way/1045351199","osm_url":"https://www.openstreetmap.org/way/1045351199","source":"OpenStreetMap"}},{"type":"Feature","geometry":{"type":"Point","coordinates":[0.2911658,50.817243]},"properties":{"name":"Stone Cross Memorial Hall","layer":"townhalls","note":"OpenStreetMap","osm_id":"way/1047154782","osm_url":"https://www.openstreetmap.org/way/1047154782","source":"OpenStreetMap"}},{"type":"Feature","geometry":{"type":"Point","coordinates":[-1.8950047,53.8016023]},"properties":{"name":"Mechanics Institute","layer":"townhalls","note":"OpenStreetMap","osm_id":"way/104736021","osm_url":"https://www.openstreetmap.org/way/104736021","source":"OpenStreetMap"}},{"type":"Feature","geometry":{"type":"Point","coordinates":[-5.6059306,55.4238967]},"properties":{"name":"Campbeltown Town Hall","layer":"townhalls","note":"OpenStreetMap","osm_id":"way/104804786","osm_url":"https://www.openstreetmap.org/way/104804786","source":"OpenStreetMap"}},{"type":"Feature","geometry":{"type":"Point","coordinates":[-2.5192458,53.4972091]},"properties":{"name":"Leigh Town Hall","layer":"townhalls","note":"Wigan Council","osm_id":"way/1049135074","osm_url":"https://www.openstreetmap.org/way/1049135074","source":"OpenStreetMap","brand":"Wigan Council"}},{"type":"Feature","geometry":{"type":"Point","coordinates":[-4.8107402,51.6555304]},"properties":{"name":"Jameston Community Hall","layer":"townhalls","note":"Jameston Community Hall","osm_id":"way/1050461912","osm_url":"https://www.openstreetmap.org/way/1050461912","source":"OpenStreetMap","brand":"Jameston Community Hall"}},{"type":"Feature","geometry":{"type":"Point","coordinates":[-0.6902051,51.7309641]},"properties":{"name":"Town hall","layer":"townhalls","note":"OpenStreetMap","osm_id":"way/1056994972","osm_url":"https://www.openstreetmap.org/way/1056994972","source":"OpenStreetMap"}},{"type":"Feature","geometry":{"type":"Point","coordinates":[-0.2718213,51.6593644]},"properties":{"name":"Fairway Hall","layer":"townhalls","note":"Elstree And Borehamwood Town Council","osm_id":"way/1058333969","osm_url":"https://www.openstreetmap.org/way/1058333969","source":"OpenStreetMap","brand":"Elstree And Borehamwood Town Council"}},{"type":"Feature","geometry":{"type":"Point","coordinates":[-3.4146515,50.6184071]},"properties":{"name":"Exmouth Town Council","layer":"townhalls","note":"OpenStreetMap","osm_id":"way/105928623","osm_url":"https://www.openstreetmap.org/way/105928623","source":"OpenStreetMap"}},{"type":"Feature","geometry":{"type":"Point","coordinates":[-2.3778287,52.7670476]},"properties":{"name":"Newport Guildhall","layer":"townhalls","note":"Newport Tow Council","osm_id":"way/1061110152","osm_url":"https://www.openstreetmap.org/way/1061110152","source":"OpenStreetMap","brand":"Newport Tow Council"}},{"type":"Feature","geometry":{"type":"Point","coordinates":[-2.5008906,51.4625714]},"properties":{"name":"Kingswood Civic Centre","layer":"townhalls","note":"OpenStreetMap","osm_id":"way/106231210","osm_url":"https://www.openstreetmap.org/way/106231210","source":"OpenStreetMap"}},{"type":"Feature","geometry":{"type":"Point","coordinates":[-6.758261,53.710128]},"properties":{"name":"Halla Bhaile Ghib","layer":"townhalls","note":"OpenStreetMap","osm_id":"way/1062877149","osm_url":"https://www.openstreetmap.org/way/1062877149","source":"OpenStreetMap"}},{"type":"Feature","geometry":{"type":"Point","coordinates":[-3.35479,55.1216201]},"properties":{"name":"Lockerbie Town Hall","layer":"townhalls","note":"OpenStreetMap","osm_id":"way/1063222142","osm_url":"https://www.openstreetmap.org/way/1063222142","source":"OpenStreetMap"}},{"type":"Feature","geometry":{"type":"Point","coordinates":[-0.7216857,51.987889]},"properties":{"name":"Bletchley & Fenny Stratford Town Council","layer":"townhalls","note":"OpenStreetMap","osm_id":"way/1065671684","osm_url":"https://www.openstreetmap.org/way/1065671684","source":"OpenStreetMap"}},{"type":"Feature","geometry":{"type":"Point","coordinates":[-0.7243519,52.086596]},"properties":{"name":"Newport Pagnell Town Council","layer":"townhalls","note":"OpenStreetMap","osm_id":"way/1066696001","osm_url":"https://www.openstreetmap.org/way/1066696001","source":"OpenStreetMap"}},{"type":"Feature","geometry":{"type":"Point","coordinates":[-0.1987045,53.7403827]},"properties":{"name":"Hedon Town Hall","layer":"townhalls","note":"OpenStreetMap","osm_id":"way/1066941882","osm_url":"https://www.openstreetmap.org/way/1066941882","source":"OpenStreetMap"}},{"type":"Feature","geometry":{"type":"Point","coordinates":[-0.1253595,51.5290734]},"properties":{"name":"Camden Town Hall","layer":"townhalls","note":"OpenStreetMap","osm_id":"way/107005592","osm_url":"https://www.openstreetmap.org/way/107005592","source":"OpenStreetMap"}},{"type":"Feature","geometry":{"type":"Point","coordinates":[-3.7336785,56.7047264]},"properties":{"name":"Pitlochry Town Hall","layer":"townhalls","note":"OpenStreetMap","osm_id":"way/107108835","osm_url":"https://www.openstreetmap.org/way/107108835","source":"OpenStreetMap"}},{"type":"Feature","geometry":{"type":"Point","coordinates":[0.267503,50.7572761]},"properties":{"name":"St John's Parish Hall","layer":"townhalls","note":"OpenStreetMap","osm_id":"way/1073124437","osm_url":"https://www.openstreetmap.org/way/1073124437","source":"OpenStreetMap"}},{"type":"Feature","geometry":{"type":"Point","coordinates":[0.6509441,50.9404027]},"properties":{"name":"Town hall","layer":"townhalls","note":"OpenStreetMap","osm_id":"way/1078455044","osm_url":"https://www.openstreetmap.org/way/1078455044","source":"OpenStreetMap"}},{"type":"Feature","geometry":{"type":"Point","coordinates":[-1.3824086,54.6051615]},"properties":{"name":"Grindon Parish Hall","layer":"townhalls","note":"Grindon and Thorpe Thewles Parish Council","osm_id":"way/1080963200","osm_url":"https://www.openstreetmap.org/way/1080963200","source":"OpenStreetMap","brand":"Grindon and Thorpe Thewles Parish Council"}},{"type":"Feature","geometry":{"type":"Point","coordinates":[-2.2197514,51.694577]},"properties":{"name":"Mortimer Room","layer":"townhalls","note":"OpenStreetMap","osm_id":"way/1081592770","osm_url":"https://www.openstreetmap.org/way/1081592770","source":"OpenStreetMap"}},{"type":"Feature","geometry":{"type":"Point","coordinates":[-1.8606677,53.7243422]},"properties":{"name":"Halifax Town Hall","layer":"townhalls","note":"OpenStreetMap","osm_id":"way/108258750","osm_url":"https://www.openstreetmap.org/way/108258750","source":"OpenStreetMap"}},{"type":"Feature","geometry":{"type":"Point","coordinates":[-2.2196494,51.6926732]},"properties":{"name":"Nailsworth Town Hall","layer":"townhalls","note":"Nailsworth Town Council","osm_id":"way/1084487066","osm_url":"https://www.openstreetmap.org/way/1084487066","source":"OpenStreetMap","brand":"Nailsworth Town Council"}},{"type":"Feature","geometry":{"type":"Point","coordinates":[-2.5295428,53.4225482]},"properties":{"name":"Birchwood Town Council","layer":"townhalls","note":"OpenStreetMap","osm_id":"way/1086309308","osm_url":"https://www.openstreetmap.org/way/1086309308","source":"OpenStreetMap"}},{"type":"Feature","geometry":{"type":"Point","coordinates":[-3.0011766,50.7814812]},"properties":{"name":"Axminster Guildhall","layer":"townhalls","note":"OpenStreetMap","osm_id":"way/1087518261","osm_url":"https://www.openstreetmap.org/way/1087518261","source":"OpenStreetMap"}},{"type":"Feature","geometry":{"type":"Point","coordinates":[-6.3313397,54.4612412]},"properties":{"name":"Lurgan Town Hall","layer":"townhalls","note":"OpenStreetMap","osm_id":"way/1089251581","osm_url":"https://www.openstreetmap.org/way/1089251581","source":"OpenStreetMap"}},{"type":"Feature","geometry":{"type":"Point","coordinates":[0.9395118,50.9854564]},"properties":{"name":"New Romney Town Council","layer":"townhalls","note":"OpenStreetMap","osm_id":"way/1090348059","osm_url":"https://www.openstreetmap.org/way/1090348059","source":"OpenStreetMap"}},{"type":"Feature","geometry":{"type":"Point","coordinates":[-4.3438203,53.4095482]},"properties":{"name":"Cyngor Tref Amlwch","layer":"townhalls","note":"OpenStreetMap","osm_id":"way/1090461450","osm_url":"https://www.openstreetmap.org/way/1090461450","source":"OpenStreetMap"}},{"type":"Feature","geometry":{"type":"Point","coordinates":[-2.3614507,57.1397814]},"properties":{"name":"Garlogie Hall","layer":"townhalls","note":"Garlogie Hall","osm_id":"way/1092651143","osm_url":"https://www.openstreetmap.org/way/1092651143","source":"OpenStreetMap","brand":"Garlogie Hall"}},{"type":"Feature","geometry":{"type":"Point","coordinates":[-1.2019829,52.4563797]},"properties":{"name":"Lutterworth Town Council","layer":"townhalls","note":"OpenStreetMap","osm_id":"way/1095899331","osm_url":"https://www.openstreetmap.org/way/1095899331","source":"OpenStreetMap"}},{"type":"Feature","geometry":{"type":"Point","coordinates":[-0.3168509,51.6004092]},"properties":{"name":"Belmont Hall","layer":"townhalls","note":"OpenStreetMap","osm_id":"way/1104381612","osm_url":"https://www.openstreetmap.org/way/1104381612","source":"OpenStreetMap"}},{"type":"Feature","geometry":{"type":"Point","coordinates":[-3.2774005,51.9228619]},"properties":{"name":"Town hall","layer":"townhalls","note":"OpenStreetMap","osm_id":"way/1107940486","osm_url":"https://www.openstreetmap.org/way/1107940486","source":"OpenStreetMap"}},{"type":"Feature","geometry":{"type":"Point","coordinates":[-1.1234019,53.3017567]},"properties":{"name":"Bassetlaw District Council","layer":"townhalls","note":"Bassetlaw District Council","osm_id":"way/1108836875","osm_url":"https://www.openstreetmap.org/way/1108836875","source":"OpenStreetMap","brand":"Bassetlaw District Council"}},{"type":"Feature","geometry":{"type":"Point","coordinates":[-0.0275087,53.5577601]},"properties":{"name":"Cleethorpes Town Hall","layer":"townhalls","note":"North East Lincolnshire Council","osm_id":"way/110893794","osm_url":"https://www.openstreetmap.org/way/110893794","source":"OpenStreetMap","brand":"North East Lincolnshire Council"}},{"type":"Feature","geometry":{"type":"Point","coordinates":[-1.3863334,54.908283]},"properties":{"name":"Sunderland City Hall","layer":"townhalls","note":"Sunderland City Council","osm_id":"way/1111596988","osm_url":"https://www.openstreetmap.org/way/1111596988","source":"OpenStreetMap","brand":"Sunderland City Council"}},{"type":"Feature","geometry":{"type":"Point","coordinates":[-1.3537107,53.0140213]},"properties":{"name":"Heanor and Loscoe Town Hall","layer":"townhalls","note":"Heanor and Loscoe Town Council","osm_id":"way/111471178","osm_url":"https://www.openstreetmap.org/way/111471178","source":"OpenStreetMap","brand":"Heanor and Loscoe Town Council"}},{"type":"Feature","geometry":{"type":"Point","coordinates":[-6.8039604,53.9031044]},"properties":{"name":"Saint Ernan's Hall","layer":"townhalls","note":"OpenStreetMap","osm_id":"way/1116437192","osm_url":"https://www.openstreetmap.org/way/1116437192","source":"OpenStreetMap"}},{"type":"Feature","geometry":{"type":"Point","coordinates":[-1.2910104,50.7006547]},"properties":{"name":"County Hall","layer":"townhalls","note":"OpenStreetMap","osm_id":"way/111718682","osm_url":"https://www.openstreetmap.org/way/111718682","source":"OpenStreetMap"}},{"type":"Feature","geometry":{"type":"Point","coordinates":[-7.4081646,53.9314767]},"properties":{"name":"Town hall","layer":"townhalls","note":"OpenStreetMap","osm_id":"way/1118962923","osm_url":"https://www.openstreetmap.org/way/1118962923","source":"OpenStreetMap"}},{"type":"Feature","geometry":{"type":"Point","coordinates":[-0.0048798,53.3672591]},"properties":{"name":"Louth Town Hall","layer":"townhalls","note":"OpenStreetMap","osm_id":"way/111982062","osm_url":"https://www.openstreetmap.org/way/111982062","source":"OpenStreetMap"}},{"type":"Feature","geometry":{"type":"Point","coordinates":[-3.1461814,56.1653226]},"properties":{"name":"Thornton Town Hall","layer":"townhalls","note":"OpenStreetMap","osm_id":"way/1125636303","osm_url":"https://www.openstreetmap.org/way/1125636303","source":"OpenStreetMap"}},{"type":"Feature","geometry":{"type":"Point","coordinates":[-4.8106131,54.8785049]},"properties":{"name":"Glenluce Public Hall","layer":"townhalls","note":"Old Luce Development Trust","osm_id":"way/1127533388","osm_url":"https://www.openstreetmap.org/way/1127533388","source":"OpenStreetMap","brand":"Old Luce Development Trust"}},{"type":"Feature","geometry":{"type":"Point","coordinates":[-4.083701,52.4155059]},"properties":{"name":"Aberystwyth Town Council","layer":"townhalls","note":"OpenStreetMap","osm_id":"way/1133547799","osm_url":"https://www.openstreetmap.org/way/1133547799","source":"OpenStreetMap"}},{"type":"Feature","geometry":{"type":"Point","coordinates":[-5.073919,56.2302644]},"properties":{"name":"Community Hall","layer":"townhalls","note":"OpenStreetMap","osm_id":"way/113694046","osm_url":"https://www.openstreetmap.org/way/113694046","source":"OpenStreetMap"}},{"type":"Feature","geometry":{"type":"Point","coordinates":[-0.4706035,52.1323761]},"properties":{"name":"Bedford Borough Council","layer":"townhalls","note":"OpenStreetMap","osm_id":"way/114304741","osm_url":"https://www.openstreetmap.org/way/114304741","source":"OpenStreetMap"}},{"type":"Feature","geometry":{"type":"Point","coordinates":[-3.0363797,57.2327022]},"properties":{"name":"Glenbuchat Hall and Bothy","layer":"townhalls","note":"OpenStreetMap","osm_id":"way/1153619874","osm_url":"https://www.openstreetmap.org/way/1153619874","source":"OpenStreetMap"}},{"type":"Feature","geometry":{"type":"Point","coordinates":[-2.4667578,52.6627487]},"properties":{"name":"Dawley Town Hall","layer":"townhalls","note":"OpenStreetMap","osm_id":"way/1156469409","osm_url":"https://www.openstreetmap.org/way/1156469409","source":"OpenStreetMap"}},{"type":"Feature","geometry":{"type":"Point","coordinates":[-2.4335584,55.5984956]},"properties":{"name":"Kelso Town Hall","layer":"townhalls","note":"OpenStreetMap","osm_id":"way/115648859","osm_url":"https://www.openstreetmap.org/way/115648859","source":"OpenStreetMap"}},{"type":"Feature","geometry":{"type":"Point","coordinates":[-2.2227173,57.3708753]},"properties":{"name":"Melvin Hall","layer":"townhalls","note":"OpenStreetMap","osm_id":"way/1157742001","osm_url":"https://www.openstreetmap.org/way/1157742001","source":"OpenStreetMap"}},{"type":"Feature","geometry":{"type":"Point","coordinates":[-2.7679177,51.4808475]},"properties":{"name":"Portishead Town Council Offices and Folk Hall","layer":"townhalls","note":"OpenStreetMap","osm_id":"way/116862457","osm_url":"https://www.openstreetmap.org/way/116862457","source":"OpenStreetMap"}},{"type":"Feature","geometry":{"type":"Point","coordinates":[-4.5515599,55.8361134]},"properties":{"name":"The Steeple","layer":"townhalls","note":"OpenStreetMap","osm_id":"way/116932305","osm_url":"https://www.openstreetmap.org/way/116932305","source":"OpenStreetMap"}},{"type":"Feature","geometry":{"type":"Point","coordinates":[-1.3642331,52.6810514]},"properties":{"name":"Battram Access Centre","layer":"townhalls","note":"OpenStreetMap","osm_id":"way/1171252445","osm_url":"https://www.openstreetmap.org/way/1171252445","source":"OpenStreetMap"}},{"type":"Feature","geometry":{"type":"Point","coordinates":[-1.6297892,52.0663007]},"properties":{"name":"Town hall","layer":"townhalls","note":"OpenStreetMap","osm_id":"way/1175214570","osm_url":"https://www.openstreetmap.org/way/1175214570","source":"OpenStreetMap"}},{"type":"Feature","geometry":{"type":"Point","coordinates":[-2.1635319,52.8013533]},"properties":{"name":"Town hall","layer":"townhalls","note":"OpenStreetMap","osm_id":"way/1176356353","osm_url":"https://www.openstreetmap.org/way/1176356353","source":"OpenStreetMap"}},{"type":"Feature","geometry":{"type":"Point","coordinates":[-1.6331739,53.7139045]},"properties":{"name":"Batley Town Hall","layer":"townhalls","note":"Kirklees Council","osm_id":"way/1178423721","osm_url":"https://www.openstreetmap.org/way/1178423721","source":"OpenStreetMap","brand":"Kirklees Council"}},{"type":"Feature","geometry":{"type":"Point","coordinates":[-2.0782551,52.1146468]},"properties":{"name":"Civic Centre","layer":"townhalls","note":"OpenStreetMap","osm_id":"way/117937217","osm_url":"https://www.openstreetmap.org/way/117937217","source":"OpenStreetMap"}},{"type":"Feature","geometry":{"type":"Point","coordinates":[-4.6827171,55.353298]},"properties":{"name":"Maybole Town Hall","layer":"townhalls","note":"OpenStreetMap","osm_id":"way/118152497","osm_url":"https://www.openstreetmap.org/way/118152497","source":"OpenStreetMap"}},{"type":"Feature","geometry":{"type":"Point","coordinates":[-1.1681694,52.4485875]},"properties":{"name":"Walcote Memorial Hall","layer":"townhalls","note":"OpenStreetMap","osm_id":"way/1187190387","osm_url":"https://www.openstreetmap.org/way/1187190387","source":"OpenStreetMap"}},{"type":"Feature","geometry":{"type":"Point","coordinates":[-2.754355,54.6667406]},"properties":{"name":"Penrith Town Hall","layer":"townhalls","note":"OpenStreetMap","osm_id":"way/118738001","osm_url":"https://www.openstreetmap.org/way/118738001","source":"OpenStreetMap"}},{"type":"Feature","geometry":{"type":"Point","coordinates":[-3.2998102,58.9622474]},"properties":{"name":"Stromness Town Hall","layer":"townhalls","note":"OpenStreetMap","osm_id":"way/118920882","osm_url":"https://www.openstreetmap.org/way/118920882","source":"OpenStreetMap"}},{"type":"Feature","geometry":{"type":"Point","coordinates":[0.0554679,51.5326876]},"properties":{"name":"Newham Town Hall","layer":"townhalls","note":"OpenStreetMap","osm_id":"way/118968996","osm_url":"https://www.openstreetmap.org/way/118968996","source":"OpenStreetMap"}},{"type":"Feature","geometry":{"type":"Point","coordinates":[-3.932639,54.9395452]},"properties":{"name":"Castle Douglas Town Hall","layer":"townhalls","note":"OpenStreetMap","osm_id":"way/119049910","osm_url":"https://www.openstreetmap.org/way/119049910","source":"OpenStreetMap"}},{"type":"Feature","geometry":{"type":"Point","coordinates":[-2.1752503,53.116631]},"properties":{"name":"Biddulph Town Hall","layer":"townhalls","note":"OpenStreetMap","osm_id":"way/119143502","osm_url":"https://www.openstreetmap.org/way/119143502","source":"OpenStreetMap"}},{"type":"Feature","geometry":{"type":"Point","coordinates":[-2.4407755,54.8123077]},"properties":{"name":"Alston Town Hall","layer":"townhalls","note":"OpenStreetMap","osm_id":"way/119379283","osm_url":"https://www.openstreetmap.org/way/119379283","source":"OpenStreetMap"}},{"type":"Feature","geometry":{"type":"Point","coordinates":[-1.8821843,50.7222991]},"properties":{"name":"Bournemouth Town Hall","layer":"townhalls","note":"OpenStreetMap","osm_id":"way/119687505","osm_url":"https://www.openstreetmap.org/way/119687505","source":"OpenStreetMap"}},{"type":"Feature","geometry":{"type":"Point","coordinates":[-8.4652862,51.896891]},"properties":{"name":"City Hall","layer":"townhalls","note":"Cork City Council","osm_id":"way/120291202","osm_url":"https://www.openstreetmap.org/way/120291202","source":"OpenStreetMap","brand":"Cork City Council"}},{"type":"Feature","geometry":{"type":"Point","coordinates":[-1.212247,53.2040312]},"properties":{"name":"Shirebrook Town Hall","layer":"townhalls","note":"OpenStreetMap","osm_id":"way/1203053289","osm_url":"https://www.openstreetmap.org/way/1203053289","source":"OpenStreetMap"}},{"type":"Feature","geometry":{"type":"Point","coordinates":[-2.8338367,56.1890838]},"properties":{"name":"Earlsferry Town Hall","layer":"townhalls","note":"OpenStreetMap","osm_id":"way/1205311178","osm_url":"https://www.openstreetmap.org/way/1205311178","source":"OpenStreetMap"}},{"type":"Feature","geometry":{"type":"Point","coordinates":[-0.5437278,50.8184707]},"properties":{"name":"Wick Hall","layer":"townhalls","note":"OpenStreetMap","osm_id":"way/1206219116","osm_url":"https://www.openstreetmap.org/way/1206219116","source":"OpenStreetMap"}},{"type":"Feature","geometry":{"type":"Point","coordinates":[-0.4804115,50.8096556]},"properties":{"name":"Conservative Hall","layer":"townhalls","note":"OpenStreetMap","osm_id":"way/1206968930","osm_url":"https://www.openstreetmap.org/way/1206968930","source":"OpenStreetMap"}},{"type":"Feature","geometry":{"type":"Point","coordinates":[-7.3193957,54.9976027]},"properties":{"name":"Guildhall","layer":"townhalls","note":"OpenStreetMap","osm_id":"way/120877503","osm_url":"https://www.openstreetmap.org/way/120877503","source":"OpenStreetMap"}},{"type":"Feature","geometry":{"type":"Point","coordinates":[-2.3932506,51.5386195]},"properties":{"name":"Chipping Sodbury Town Hall","layer":"townhalls","note":"OpenStreetMap","osm_id":"way/120917354","osm_url":"https://www.openstreetmap.org/way/120917354","source":"OpenStreetMap"}},{"type":"Feature","geometry":{"type":"Point","coordinates":[-3.6206964,51.7468739]},"properties":{"name":"Town hall","layer":"townhalls","note":"OpenStreetMap","osm_id":"way/1210933127","osm_url":"https://www.openstreetmap.org/way/1210933127","source":"OpenStreetMap"}},{"type":"Feature","geometry":{"type":"Point","coordinates":[-4.396986,52.0040953]},"properties":{"name":"Town hall","layer":"townhalls","note":"OpenStreetMap","osm_id":"way/1212976427","osm_url":"https://www.openstreetmap.org/way/1212976427","source":"OpenStreetMap"}},{"type":"Feature","geometry":{"type":"Point","coordinates":[-0.0135249,51.5911956]},"properties":{"name":"Waltham Forest Town Hall","layer":"townhalls","note":"OpenStreetMap","osm_id":"way/12164834","osm_url":"https://www.openstreetmap.org/way/12164834","source":"OpenStreetMap"}},{"type":"Feature","geometry":{"type":"Point","coordinates":[-7.3208911,55.0050701]},"properties":{"name":"Derry City Council","layer":"townhalls","note":"Derry City and Strabane District Council","osm_id":"way/121768971","osm_url":"https://www.openstreetmap.org/way/121768971","source":"OpenStreetMap","brand":"Derry City and Strabane District Council"}},{"type":"Feature","geometry":{"type":"Point","coordinates":[-0.7044474,52.4872523]},"properties":{"name":"Corby Cube","layer":"townhalls","note":"OpenStreetMap","osm_id":"way/121845926","osm_url":"https://www.openstreetmap.org/way/121845926","source":"OpenStreetMap"}},{"type":"Feature","geometry":{"type":"Point","coordinates":[-7.6384654,54.3448085]},"properties":{"name":"Town Hall","layer":"townhalls","note":"Fermanagh and Omagh District Council","osm_id":"way/122080207","osm_url":"https://www.openstreetmap.org/way/122080207","source":"OpenStreetMap","brand":"Fermanagh and Omagh District Council"}},{"type":"Feature","geometry":{"type":"Point","coordinates":[-2.3586893,51.3820966]},"properties":{"name":"Guildhall","layer":"townhalls","note":"OpenStreetMap","osm_id":"way/122519644","osm_url":"https://www.openstreetmap.org/way/122519644","source":"OpenStreetMap"}},{"type":"Feature","geometry":{"type":"Point","coordinates":[-2.8883162,53.5698486]},"properties":{"name":"Ormskirk Civic Hall","layer":"townhalls","note":"OpenStreetMap","osm_id":"way/1236265550","osm_url":"https://www.openstreetmap.org/way/1236265550","source":"OpenStreetMap"}},{"type":"Feature","geometry":{"type":"Point","coordinates":[-8.6454262,52.6389224]},"properties":{"name":"Limerick County Hall","layer":"townhalls","note":"Limerick City and County Council","osm_id":"way/123705837","osm_url":"https://www.openstreetmap.org/way/123705837","source":"OpenStreetMap","brand":"Limerick City and County Council"}},{"type":"Feature","geometry":{"type":"Point","coordinates":[-6.7627619,54.5077895]},"properties":{"name":"Mid Ulster District Council","layer":"townhalls","note":"OpenStreetMap","osm_id":"way/1237589444","osm_url":"https://www.openstreetmap.org/way/1237589444","source":"OpenStreetMap"}},{"type":"Feature","geometry":{"type":"Point","coordinates":[-4.8364764,50.5158435]},"properties":{"name":"Wadebridge Town Hall","layer":"townhalls","note":"OpenStreetMap","osm_id":"way/1241939315","osm_url":"https://www.openstreetmap.org/way/1241939315","source":"OpenStreetMap"}},{"type":"Feature","geometry":{"type":"Point","coordinates":[-3.6222581,51.7456667]},"properties":{"name":"Town hall","layer":"townhalls","note":"OpenStreetMap","osm_id":"way/1248225509","osm_url":"https://www.openstreetmap.org/way/1248225509","source":"OpenStreetMap"}},{"type":"Feature","geometry":{"type":"Point","coordinates":[-5.9898873,54.9929981]},"properties":{"name":"Town hall","layer":"townhalls","note":"OpenStreetMap","osm_id":"way/1248233413","osm_url":"https://www.openstreetmap.org/way/1248233413","source":"OpenStreetMap"}},{"type":"Feature","geometry":{"type":"Point","coordinates":[-3.4914565,53.3198138]},"properties":{"name":"Rhyl Town Hall","layer":"townhalls","note":"OpenStreetMap","osm_id":"way/125556735","osm_url":"https://www.openstreetmap.org/way/125556735","source":"OpenStreetMap"}},{"type":"Feature","geometry":{"type":"Point","coordinates":[-2.0107481,51.0176681]},"properties":{"name":"Town hall","layer":"townhalls","note":"OpenStreetMap","osm_id":"way/1256938859","osm_url":"https://www.openstreetmap.org/way/1256938859","source":"OpenStreetMap"}},{"type":"Feature","geometry":{"type":"Point","coordinates":[-4.2173542,51.7527372]},"properties":{"name":"Pontyates Welfare Hall","layer":"townhalls","note":"OpenStreetMap","osm_id":"way/1258717092","osm_url":"https://www.openstreetmap.org/way/1258717092","source":"OpenStreetMap"}},{"type":"Feature","geometry":{"type":"Point","coordinates":[-3.3926022,50.8574836]},"properties":{"name":"Cullompton Town Hall","layer":"townhalls","note":"OpenStreetMap","osm_id":"way/1269034505","osm_url":"https://www.openstreetmap.org/way/1269034505","source":"OpenStreetMap"}},{"type":"Feature","geometry":{"type":"Point","coordinates":[-0.2132211,51.8292847]},"properties":{"name":"Welwyn Civic Centre","layer":"townhalls","note":"OpenStreetMap","osm_id":"way/127666518","osm_url":"https://www.openstreetmap.org/way/127666518","source":"OpenStreetMap"}},{"type":"Feature","geometry":{"type":"Point","coordinates":[0.6411794,51.9455656]},"properties":{"name":"Town hall","layer":"townhalls","note":"OpenStreetMap","osm_id":"way/1281826605","osm_url":"https://www.openstreetmap.org/way/1281826605","source":"OpenStreetMap"}},{"type":"Feature","geometry":{"type":"Point","coordinates":[-0.7928743,51.3670843]},"properties":{"name":"Crowthorne Parish Council","layer":"townhalls","note":"OpenStreetMap","osm_id":"way/1284365855","osm_url":"https://www.openstreetmap.org/way/1284365855","source":"OpenStreetMap"}},{"type":"Feature","geometry":{"type":"Point","coordinates":[-4.3107103,53.2554765]},"properties":{"name":"Llangefni Town Hall","layer":"townhalls","note":"OpenStreetMap","osm_id":"way/1287380828","osm_url":"https://www.openstreetmap.org/way/1287380828","source":"OpenStreetMap"}},{"type":"Feature","geometry":{"type":"Point","coordinates":[-6.9329502,52.8377682]},"properties":{"name":"Town Hall","layer":"townhalls","note":"OpenStreetMap","osm_id":"way/1291102227","osm_url":"https://www.openstreetmap.org/way/1291102227","source":"OpenStreetMap"}},{"type":"Feature","geometry":{"type":"Point","coordinates":[-1.645278,52.8079445]},"properties":{"name":"Burton Town Hall","layer":"townhalls","note":"OpenStreetMap","osm_id":"way/1291573103","osm_url":"https://www.openstreetmap.org/way/1291573103","source":"OpenStreetMap"}},{"type":"Feature","geometry":{"type":"Point","coordinates":[-1.9961714,54.0737767]},"properties":{"name":"Grassington Town Hall","layer":"townhalls","note":"OpenStreetMap","osm_id":"way/1299498997","osm_url":"https://www.openstreetmap.org/way/1299498997","source":"OpenStreetMap"}},{"type":"Feature","geometry":{"type":"Point","coordinates":[-2.0218509,52.5503311]},"properties":{"name":"Wednesbury Town Hall","layer":"townhalls","note":"Sandwell Metropolitan Borough Council","osm_id":"way/1299561419","osm_url":"https://www.openstreetmap.org/way/1299561419","source":"OpenStreetMap","brand":"Sandwell Metropolitan Borough Council"}},{"type":"Feature","geometry":{"type":"Point","coordinates":[-2.0222112,52.5504386]},"properties":{"name":"Town hall","layer":"townhalls","note":"OpenStreetMap","osm_id":"way/1299561490","osm_url":"https://www.openstreetmap.org/way/1299561490","source":"OpenStreetMap"}},{"type":"Feature","geometry":{"type":"Point","coordinates":[-4.3572312,53.1660293]},"properties":{"name":"Prichard Jones Institute","layer":"townhalls","note":"OpenStreetMap","osm_id":"way/1300875099","osm_url":"https://www.openstreetmap.org/way/1300875099","source":"OpenStreetMap"}},{"type":"Feature","geometry":{"type":"Point","coordinates":[-4.7054643,50.4386034]},"properties":{"name":"Lanhydrock Memorial Hall","layer":"townhalls","note":"OpenStreetMap","osm_id":"way/1303073199","osm_url":"https://www.openstreetmap.org/way/1303073199","source":"OpenStreetMap"}},{"type":"Feature","geometry":{"type":"Point","coordinates":[1.6793574,52.3262558]},"properties":{"name":"Southwold Town Hall","layer":"townhalls","note":"OpenStreetMap","osm_id":"way/1305429845","osm_url":"https://www.openstreetmap.org/way/1305429845","source":"OpenStreetMap"}},{"type":"Feature","geometry":{"type":"Point","coordinates":[-0.1679515,53.9119862]},"properties":{"name":"Hornsea Town Hall","layer":"townhalls","note":"Hornsea Town Council","osm_id":"way/130548384","osm_url":"https://www.openstreetmap.org/way/130548384","source":"OpenStreetMap","brand":"Hornsea Town Council"}},{"type":"Feature","geometry":{"type":"Point","coordinates":[-2.6779572,52.9687193]},"properties":{"name":"Whitchurch Town Hall","layer":"townhalls","note":"Whitchurch Town Council","osm_id":"way/1310609606","osm_url":"https://www.openstreetmap.org/way/1310609606","source":"OpenStreetMap","brand":"Whitchurch Town Council"}},{"type":"Feature","geometry":{"type":"Point","coordinates":[-4.6153148,51.8187315]},"properties":{"name":"Neuadd Y Dref","layer":"townhalls","note":"OpenStreetMap","osm_id":"way/1313878155","osm_url":"https://www.openstreetmap.org/way/1313878155","source":"OpenStreetMap"}},{"type":"Feature","geometry":{"type":"Point","coordinates":[-2.9979503,52.4942961]},"properties":{"name":"Bishop's Castle Town Hall","layer":"townhalls","note":"Bishop's Castle Town Council","osm_id":"way/131429117","osm_url":"https://www.openstreetmap.org/way/131429117","source":"OpenStreetMap","brand":"Bishop's Castle Town Council"}},{"type":"Feature","geometry":{"type":"Point","coordinates":[-1.9870699,52.9907276]},"properties":{"name":"Cheadle Council Offices","layer":"townhalls","note":"OpenStreetMap","osm_id":"way/131715972","osm_url":"https://www.openstreetmap.org/way/131715972","source":"OpenStreetMap"}},{"type":"Feature","geometry":{"type":"Point","coordinates":[-2.5539252,55.4769223]},"properties":{"name":"Jedburgh Town Hall","layer":"townhalls","note":"Scottish Borders Council","osm_id":"way/131772717","osm_url":"https://www.openstreetmap.org/way/131772717","source":"OpenStreetMap","brand":"Scottish Borders Council"}},{"type":"Feature","geometry":{"type":"Point","coordinates":[-4.1647631,53.225443]},"properties":{"name":"Canolfan Tysilio","layer":"townhalls","note":"OpenStreetMap","osm_id":"way/132052212","osm_url":"https://www.openstreetmap.org/way/132052212","source":"OpenStreetMap"}},{"type":"Feature","geometry":{"type":"Point","coordinates":[-3.5894502,53.2843709]},"properties":{"name":"Abergele Town Hall","layer":"townhalls","note":"OpenStreetMap","osm_id":"way/132276462","osm_url":"https://www.openstreetmap.org/way/132276462","source":"OpenStreetMap"}},{"type":"Feature","geometry":{"type":"Point","coordinates":[0.1835366,51.5813473]},"properties":{"name":"Havering Town Hall","layer":"townhalls","note":"OpenStreetMap","osm_id":"way/132390491","osm_url":"https://www.openstreetmap.org/way/132390491","source":"OpenStreetMap"}},{"type":"Feature","geometry":{"type":"Point","coordinates":[-2.3196673,53.425014]},"properties":{"name":"Sale Town Hall","layer":"townhalls","note":"OpenStreetMap","osm_id":"way/132418245","osm_url":"https://www.openstreetmap.org/way/132418245","source":"OpenStreetMap"}},{"type":"Feature","geometry":{"type":"Point","coordinates":[-4.2265738,53.3219754]},"properties":{"name":"Benllech Community & Ex Servicemen's Hall","layer":"townhalls","note":"OpenStreetMap","osm_id":"way/1329032775","osm_url":"https://www.openstreetmap.org/way/1329032775","source":"OpenStreetMap"}},{"type":"Feature","geometry":{"type":"Point","coordinates":[-3.1043275,51.0148102]},"properties":{"name":"The Old Municipal Buildings","layer":"townhalls","note":"OpenStreetMap","osm_id":"way/133081591","osm_url":"https://www.openstreetmap.org/way/133081591","source":"OpenStreetMap"}},{"type":"Feature","geometry":{"type":"Point","coordinates":[-2.9582304,53.5351962]},"properties":{"name":"Lydiate Parish Hall","layer":"townhalls","note":"OpenStreetMap","osm_id":"way/1331670469","osm_url":"https://www.openstreetmap.org/way/1331670469","source":"OpenStreetMap"}},{"type":"Feature","geometry":{"type":"Point","coordinates":[-0.7094947,51.0875723]},"properties":{"name":"Haslemere Town Hall","layer":"townhalls","note":"Haslemere Town Council","osm_id":"way/133635007","osm_url":"https://www.openstreetmap.org/way/133635007","source":"OpenStreetMap","brand":"Haslemere Town Council"}},{"type":"Feature","geometry":{"type":"Point","coordinates":[-3.5394039,52.4486571]},"properties":{"name":"Town Hall","layer":"townhalls","note":"OpenStreetMap","osm_id":"way/1356478719","osm_url":"https://www.openstreetmap.org/way/1356478719","source":"OpenStreetMap"}},{"type":"Feature","geometry":{"type":"Point","coordinates":[-1.7076475,55.4133985]},"properties":{"name":"Borough of Alnwick Town Hall","layer":"townhalls","note":"OpenStreetMap","osm_id":"way/135817560","osm_url":"https://www.openstreetmap.org/way/135817560","source":"OpenStreetMap"}},{"type":"Feature","geometry":{"type":"Point","coordinates":[-0.2296667,51.9773195]},"properties":{"name":"Town Hall","layer":"townhalls","note":"OpenStreetMap","osm_id":"way/135858658","osm_url":"https://www.openstreetmap.org/way/135858658","source":"OpenStreetMap"}},{"type":"Feature","geometry":{"type":"Point","coordinates":[-0.2257316,51.9777557]},"properties":{"name":"North Hertfordshire District Council","layer":"townhalls","note":"OpenStreetMap","osm_id":"way/135859506","osm_url":"https://www.openstreetmap.org/way/135859506","source":"OpenStreetMap"}},{"type":"Feature","geometry":{"type":"Point","coordinates":[-2.1584348,53.4060142]},"properties":{"name":"Stockport Town Hall","layer":"townhalls","note":"OpenStreetMap","osm_id":"way/136354479","osm_url":"https://www.openstreetmap.org/way/136354479","source":"OpenStreetMap"}},{"type":"Feature","geometry":{"type":"Point","coordinates":[-3.0334689,53.7498602]},"properties":{"name":"Fylde Borough Town Hall","layer":"townhalls","note":"OpenStreetMap","osm_id":"way/1363889258","osm_url":"https://www.openstreetmap.org/way/1363889258","source":"OpenStreetMap"}},{"type":"Feature","geometry":{"type":"Point","coordinates":[-1.1446602,50.6804197]},"properties":{"name":"The Brading Centre","layer":"townhalls","note":"Brading Town Council","osm_id":"way/137062522","osm_url":"https://www.openstreetmap.org/way/137062522","source":"OpenStreetMap","brand":"Brading Town Council"}},{"type":"Feature","geometry":{"type":"Point","coordinates":[-3.265766,56.5469841]},"properties":{"name":"Coupar Angus Town Hall","layer":"townhalls","note":"OpenStreetMap","osm_id":"way/137217691","osm_url":"https://www.openstreetmap.org/way/137217691","source":"OpenStreetMap"}},{"type":"Feature","geometry":{"type":"Point","coordinates":[1.3385437,51.2745774]},"properties":{"name":"Town hall","layer":"townhalls","note":"OpenStreetMap","osm_id":"way/1385084958","osm_url":"https://www.openstreetmap.org/way/1385084958","source":"OpenStreetMap"}},{"type":"Feature","geometry":{"type":"Point","coordinates":[1.2879011,51.945825]},"properties":{"name":"Guildhall","layer":"townhalls","note":"OpenStreetMap","osm_id":"way/139883182","osm_url":"https://www.openstreetmap.org/way/139883182","source":"OpenStreetMap"}},{"type":"Feature","geometry":{"type":"Point","coordinates":[-6.1886423,56.0703267]},"properties":{"name":"Community Hall","layer":"townhalls","note":"OpenStreetMap","osm_id":"way/140705972","osm_url":"https://www.openstreetmap.org/way/140705972","source":"OpenStreetMap"}},{"type":"Feature","geometry":{"type":"Point","coordinates":[-5.4136123,50.1870117]},"properties":{"name":"Hayle Town Council","layer":"townhalls","note":"OpenStreetMap","osm_id":"way/1409804112","osm_url":"https://www.openstreetmap.org/way/1409804112","source":"OpenStreetMap"}},{"type":"Feature","geometry":{"type":"Point","coordinates":[-0.0802554,51.5114716]},"properties":{"name":"St Olave's Parish Hall","layer":"townhalls","note":"Sanctuary in the City (St Olave Hart St & St Katharine Cree)","osm_id":"way/141368176","osm_url":"https://www.openstreetmap.org/way/141368176","source":"OpenStreetMap","brand":"Sanctuary in the City (St Olave Hart St & St Katharine Cree)"}},{"type":"Feature","geometry":{"type":"Point","coordinates":[-4.1668081,53.2246255]},"properties":{"name":"Cyngor tref Portaethwy Menai Bridge town council office","layer":"townhalls","note":"OpenStreetMap","osm_id":"way/1415364657","osm_url":"https://www.openstreetmap.org/way/1415364657","source":"OpenStreetMap"}},{"type":"Feature","geometry":{"type":"Point","coordinates":[-1.3764415,52.5356624]},"properties":{"name":"Hinckley Hub","layer":"townhalls","note":"Hinckley & Bosworth Borough Council","osm_id":"way/1417006002","osm_url":"https://www.openstreetmap.org/way/1417006002","source":"OpenStreetMap","brand":"Hinckley & Bosworth Borough Council"}},{"type":"Feature","geometry":{"type":"Point","coordinates":[1.0845285,51.0716997]},"properties":{"name":"Town hall","layer":"townhalls","note":"Hythe Town Hall","osm_id":"way/1417901415","osm_url":"https://www.openstreetmap.org/way/1417901415","source":"OpenStreetMap","brand":"Hythe Town Hall"}},{"type":"Feature","geometry":{"type":"Point","coordinates":[1.3609763,52.6377527]},"properties":{"name":"Thorpe St Andrew Town Hall","layer":"townhalls","note":"OpenStreetMap","osm_id":"way/1422019648","osm_url":"https://www.openstreetmap.org/way/1422019648","source":"OpenStreetMap"}},{"type":"Feature","geometry":{"type":"Point","coordinates":[-0.8981535,53.2126134]},"properties":{"name":"Egmanton Village Hall","layer":"townhalls","note":"OpenStreetMap","osm_id":"way/1422125415","osm_url":"https://www.openstreetmap.org/way/1422125415","source":"OpenStreetMap"}},{"type":"Feature","geometry":{"type":"Point","coordinates":[-1.1850742,53.5696472]},"properties":{"name":"Adwick Town Hall","layer":"townhalls","note":"OpenStreetMap","osm_id":"way/1426388290","osm_url":"https://www.openstreetmap.org/way/1426388290","source":"OpenStreetMap"}},{"type":"Feature","geometry":{"type":"Point","coordinates":[-3.7222111,50.4158911]},"properties":{"name":"Harberton Parish Hall","layer":"townhalls","note":"OpenStreetMap","osm_id":"way/142806857","osm_url":"https://www.openstreetmap.org/way/142806857","source":"OpenStreetMap"}},{"type":"Feature","geometry":{"type":"Point","coordinates":[-2.3247937,52.111]},"properties":{"name":"Council House (Malvern Hills District Council)","layer":"townhalls","note":"Malvern Hills District Council","osm_id":"way/1433615939","osm_url":"https://www.openstreetmap.org/way/1433615939","source":"OpenStreetMap","brand":"Malvern Hills District Council"}},{"type":"Feature","geometry":{"type":"Point","coordinates":[-5.9475897,54.6954899]},"properties":{"name":"Antrim and Newtownabbey Borough Council - Mossley Mill","layer":"townhalls","note":"OpenStreetMap","osm_id":"way/1434486787","osm_url":"https://www.openstreetmap.org/way/1434486787","source":"OpenStreetMap"}},{"type":"Feature","geometry":{"type":"Point","coordinates":[-2.0159091,53.9623472]},"properties":{"name":"Skipton Town Hall","layer":"townhalls","note":"OpenStreetMap","osm_id":"way/143552506","osm_url":"https://www.openstreetmap.org/way/143552506","source":"OpenStreetMap"}},{"type":"Feature","geometry":{"type":"Point","coordinates":[1.1295901,52.5758842]},"properties":{"name":"Wymondham Town Council","layer":"townhalls","note":"Wymondham Town Council","osm_id":"way/1442337768","osm_url":"https://www.openstreetmap.org/way/1442337768","source":"OpenStreetMap","brand":"Wymondham Town Council"}},{"type":"Feature","geometry":{"type":"Point","coordinates":[-3.9191259,50.3889207]},"properties":{"name":"Ivybridge Town Hall","layer":"townhalls","note":"OpenStreetMap","osm_id":"way/1442909220","osm_url":"https://www.openstreetmap.org/way/1442909220","source":"OpenStreetMap"}},{"type":"Feature","geometry":{"type":"Point","coordinates":[-1.064288,52.2121218]},"properties":{"name":"Old School Room","layer":"townhalls","note":"OpenStreetMap","osm_id":"way/144572302","osm_url":"https://www.openstreetmap.org/way/144572302","source":"OpenStreetMap"}},{"type":"Feature","geometry":{"type":"Point","coordinates":[-0.8854933,54.5534644]},"properties":{"name":"Loftus Town Hall","layer":"townhalls","note":"OpenStreetMap","osm_id":"way/145120625","osm_url":"https://www.openstreetmap.org/way/145120625","source":"OpenStreetMap"}},{"type":"Feature","geometry":{"type":"Point","coordinates":[-1.2556328,59.9976866]},"properties":{"name":"Hoswick Visitors Centre","layer":"townhalls","note":"OpenStreetMap","osm_id":"way/145130185","osm_url":"https://www.openstreetmap.org/way/145130185","source":"OpenStreetMap"}},{"type":"Feature","geometry":{"type":"Point","coordinates":[0.3933482,51.1789941]},"properties":{"name":"Paddock Wood Town Council","layer":"townhalls","note":"OpenStreetMap","osm_id":"way/1453945123","osm_url":"https://www.openstreetmap.org/way/1453945123","source":"OpenStreetMap"}},{"type":"Feature","geometry":{"type":"Point","coordinates":[-3.0547356,53.8184714]},"properties":{"name":"Blackpool Town Hall","layer":"townhalls","note":"OpenStreetMap","osm_id":"way/146609846","osm_url":"https://www.openstreetmap.org/way/146609846","source":"OpenStreetMap"}},{"type":"Feature","geometry":{"type":"Point","coordinates":[-2.0170822,52.5050287]},"properties":{"name":"Sandwell Council","layer":"townhalls","note":"Sandwell Metropolitan Borough Council","osm_id":"way/1466556659","osm_url":"https://www.openstreetmap.org/way/1466556659","source":"OpenStreetMap","brand":"Sandwell Metropolitan Borough Council"}},{"type":"Feature","geometry":{"type":"Point","coordinates":[-0.3339367,53.7444601]},"properties":{"name":"The Guildhall","layer":"townhalls","note":"OpenStreetMap","osm_id":"way/146913045","osm_url":"https://www.openstreetmap.org/way/146913045","source":"OpenStreetMap"}},{"type":"Feature","geometry":{"type":"Point","coordinates":[-4.6908298,54.2225956]},"properties":{"name":"Peel Town Hall","layer":"townhalls","note":"OpenStreetMap","osm_id":"way/147183447","osm_url":"https://www.openstreetmap.org/way/147183447","source":"OpenStreetMap"}},{"type":"Feature","geometry":{"type":"Point","coordinates":[-1.9385695,52.3052199]},"properties":{"name":"Redditch Borough Council","layer":"townhalls","note":"OpenStreetMap","osm_id":"way/147191932","osm_url":"https://www.openstreetmap.org/way/147191932","source":"OpenStreetMap"}},{"type":"Feature","geometry":{"type":"Point","coordinates":[-4.0215501,55.8637612]},"properties":{"name":"Town hall","layer":"townhalls","note":"OpenStreetMap","osm_id":"way/147688784","osm_url":"https://www.openstreetmap.org/way/147688784","source":"OpenStreetMap"}},{"type":"Feature","geometry":{"type":"Point","coordinates":[-1.3215754,51.9814557]},"properties":{"name":"Deddington Town Hall","layer":"townhalls","note":"OpenStreetMap","osm_id":"way/147740063","osm_url":"https://www.openstreetmap.org/way/147740063","source":"OpenStreetMap"}},{"type":"Feature","geometry":{"type":"Point","coordinates":[-4.6653684,55.6144982]},"properties":{"name":"Irvine Town Hall","layer":"townhalls","note":"OpenStreetMap","osm_id":"way/1486159969","osm_url":"https://www.openstreetmap.org/way/1486159969","source":"OpenStreetMap"}},{"type":"Feature","geometry":{"type":"Point","coordinates":[-7.4097646,52.3483918]},"properties":{"name":"Carrick Swan Juvenile GAA Centre","layer":"townhalls","note":"OpenStreetMap","osm_id":"way/149629360","osm_url":"https://www.openstreetmap.org/way/149629360","source":"OpenStreetMap"}},{"type":"Feature","geometry":{"type":"Point","coordinates":[-0.5590791,51.3210263]},"properties":{"name":"Woking Borough Council - Civic Offices","layer":"townhalls","note":"OpenStreetMap","osm_id":"way/150364775","osm_url":"https://www.openstreetmap.org/way/150364775","source":"OpenStreetMap"}},{"type":"Feature","geometry":{"type":"Point","coordinates":[-2.1476458,52.457087]},"properties":{"name":"Town Hall","layer":"townhalls","note":"OpenStreetMap","osm_id":"way/150398060","osm_url":"https://www.openstreetmap.org/way/150398060","source":"OpenStreetMap"}},{"type":"Feature","geometry":{"type":"Point","coordinates":[-6.6833813,53.6543415]},"properties":{"name":"Navan Town Hall","layer":"townhalls","note":"OpenStreetMap","osm_id":"way/151244755","osm_url":"https://www.openstreetmap.org/way/151244755","source":"OpenStreetMap"}},{"type":"Feature","geometry":{"type":"Point","coordinates":[-3.7749708,55.674326]},"properties":{"name":"Memorial Hall","layer":"townhalls","note":"OpenStreetMap","osm_id":"way/152803783","osm_url":"https://www.openstreetmap.org/way/152803783","source":"OpenStreetMap"}},{"type":"Feature","geometry":{"type":"Point","coordinates":[0.2692132,51.0983504]},"properties":{"name":"The Stables","layer":"townhalls","note":"OpenStreetMap","osm_id":"way/152959667","osm_url":"https://www.openstreetmap.org/way/152959667","source":"OpenStreetMap"}},{"type":"Feature","geometry":{"type":"Point","coordinates":[-0.3252948,51.5887228]},"properties":{"name":"Harrow Council Hub","layer":"townhalls","note":"OpenStreetMap","osm_id":"way/1530453136","osm_url":"https://www.openstreetmap.org/way/1530453136","source":"OpenStreetMap"}},{"type":"Feature","geometry":{"type":"Point","coordinates":[-2.955546,51.2510602]},"properties":{"name":"Brent Knoll Parish Hall","layer":"townhalls","note":"OpenStreetMap","osm_id":"way/153231748","osm_url":"https://www.openstreetmap.org/way/153231748","source":"OpenStreetMap"}},{"type":"Feature","geometry":{"type":"Point","coordinates":[-3.4765467,51.2055785]},"properties":{"name":"Minehead Town Council","layer":"townhalls","note":"OpenStreetMap","osm_id":"way/1547215626","osm_url":"https://www.openstreetmap.org/way/1547215626","source":"OpenStreetMap"}},{"type":"Feature","geometry":{"type":"Point","coordinates":[-2.1588937,53.6157575]},"properties":{"name":"Rochdale Town Hall","layer":"townhalls","note":"OpenStreetMap","osm_id":"way/154855948","osm_url":"https://www.openstreetmap.org/way/154855948","source":"OpenStreetMap"}},{"type":"Feature","geometry":{"type":"Point","coordinates":[-4.3052691,51.8555619]},"properties":{"name":"County Hall","layer":"townhalls","note":"Carmarthen County Council","osm_id":"way/154895669","osm_url":"https://www.openstreetmap.org/way/154895669","source":"OpenStreetMap","brand":"Carmarthen County Council"}},{"type":"Feature","geometry":{"type":"Point","coordinates":[-6.2086097,54.7270067]},"properties":{"name":"Antrim Civic Centre","layer":"townhalls","note":"OpenStreetMap","osm_id":"way/156107271","osm_url":"https://www.openstreetmap.org/way/156107271","source":"OpenStreetMap"}},{"type":"Feature","geometry":{"type":"Point","coordinates":[-2.0777798,51.8971203]},"properties":{"name":"Cheltenham Town Hall","layer":"townhalls","note":"OpenStreetMap","osm_id":"way/156265213","osm_url":"https://www.openstreetmap.org/way/156265213","source":"OpenStreetMap"}},{"type":"Feature","geometry":{"type":"Point","coordinates":[-4.1644974,51.6817864]},"properties":{"name":"Llanelli Town Hall","layer":"townhalls","note":"OpenStreetMap","osm_id":"way/156959757","osm_url":"https://www.openstreetmap.org/way/156959757","source":"OpenStreetMap"}},{"type":"Feature","geometry":{"type":"Point","coordinates":[-1.7069289,52.1914407]},"properties":{"name":"Stratford-upon-Avon Town Hall","layer":"townhalls","note":"OpenStreetMap","osm_id":"way/158005239","osm_url":"https://www.openstreetmap.org/way/158005239","source":"OpenStreetMap"}},{"type":"Feature","geometry":{"type":"Point","coordinates":[-0.1994155,54.0851615]},"properties":{"name":"Bridlington Town Hall","layer":"townhalls","note":"OpenStreetMap","osm_id":"way/158196060","osm_url":"https://www.openstreetmap.org/way/158196060","source":"OpenStreetMap"}},{"type":"Feature","geometry":{"type":"Point","coordinates":[-3.4848626,50.9016312]},"properties":{"name":"Mid Devon District Council","layer":"townhalls","note":"OpenStreetMap","osm_id":"way/158793836","osm_url":"https://www.openstreetmap.org/way/158793836","source":"OpenStreetMap"}},{"type":"Feature","geometry":{"type":"Point","coordinates":[-1.354233,54.5091625]},"properties":{"name":"Yarm Town Hall","layer":"townhalls","note":"OpenStreetMap","osm_id":"way/158954011","osm_url":"https://www.openstreetmap.org/way/158954011","source":"OpenStreetMap"}},{"type":"Feature","geometry":{"type":"Point","coordinates":[-2.215854,53.8369646]},"properties":{"name":"Nelson Town Hall","layer":"townhalls","note":"OpenStreetMap","osm_id":"way/159512087","osm_url":"https://www.openstreetmap.org/way/159512087","source":"OpenStreetMap"}},{"type":"Feature","geometry":{"type":"Point","coordinates":[0.0162708,51.5072913]},"properties":{"name":"City Hall","layer":"townhalls","note":"Greater London Authority","osm_id":"way/159852280","osm_url":"https://www.openstreetmap.org/way/159852280","source":"OpenStreetMap","brand":"Greater London Authority"}},{"type":"Feature","geometry":{"type":"Point","coordinates":[-1.4701272,54.0102672]},"properties":{"name":"Knaresborough House","layer":"townhalls","note":"OpenStreetMap","osm_id":"way/160077455","osm_url":"https://www.openstreetmap.org/way/160077455","source":"OpenStreetMap"}},{"type":"Feature","geometry":{"type":"Point","coordinates":[-7.8620854,53.9210214]},"properties":{"name":"Leitrim County Council","layer":"townhalls","note":"OpenStreetMap","osm_id":"way/160372667","osm_url":"https://www.openstreetmap.org/way/160372667","source":"OpenStreetMap"}},{"type":"Feature","geometry":{"type":"Point","coordinates":[-1.1467716,51.8960679]},"properties":{"name":"Garth House","layer":"townhalls","note":"OpenStreetMap","osm_id":"way/160967855","osm_url":"https://www.openstreetmap.org/way/160967855","source":"OpenStreetMap"}},{"type":"Feature","geometry":{"type":"Point","coordinates":[-0.3618707,51.3699438]},"properties":{"name":"Civic Centre","layer":"townhalls","note":"OpenStreetMap","osm_id":"way/161672074","osm_url":"https://www.openstreetmap.org/way/161672074","source":"OpenStreetMap"}},{"type":"Feature","geometry":{"type":"Point","coordinates":[-1.5464155,50.760385]},"properties":{"name":"New Forest District Council Lymington Town Hall","layer":"townhalls","note":"OpenStreetMap","osm_id":"way/161780665","osm_url":"https://www.openstreetmap.org/way/161780665","source":"OpenStreetMap"}},{"type":"Feature","geometry":{"type":"Point","coordinates":[-1.2173529,52.9272193]},"properties":{"name":"Broxtowe Borough Council","layer":"townhalls","note":"Broxtowe Borough Council","osm_id":"way/16201738","osm_url":"https://www.openstreetmap.org/way/16201738","source":"OpenStreetMap","brand":"Broxtowe Borough Council"}},{"type":"Feature","geometry":{"type":"Point","coordinates":[-0.0201647,52.0484256]},"properties":{"name":"Royston Town Hall","layer":"townhalls","note":"OpenStreetMap","osm_id":"way/162428373","osm_url":"https://www.openstreetmap.org/way/162428373","source":"OpenStreetMap"}},{"type":"Feature","geometry":{"type":"Point","coordinates":[-3.8364247,51.2303946]},"properties":{"name":"Lynton Town Hall","layer":"townhalls","note":"OpenStreetMap","osm_id":"way/162579103","osm_url":"https://www.openstreetmap.org/way/162579103","source":"OpenStreetMap"}},{"type":"Feature","geometry":{"type":"Point","coordinates":[-4.9358911,50.5386067]},"properties":{"name":"Town hall","layer":"townhalls","note":"OpenStreetMap","osm_id":"way/162800769","osm_url":"https://www.openstreetmap.org/way/162800769","source":"OpenStreetMap"}},{"type":"Feature","geometry":{"type":"Point","coordinates":[-0.137337,51.4975961]},"properties":{"name":"Westminster City Hall","layer":"townhalls","note":"OpenStreetMap","osm_id":"way/16409717","osm_url":"https://www.openstreetmap.org/way/16409717","source":"OpenStreetMap"}},{"type":"Feature","geometry":{"type":"Point","coordinates":[-3.0594047,56.4941072]},"properties":{"name":"Muirhead & Birkhill Millenium Hall","layer":"townhalls","note":"OpenStreetMap","osm_id":"way/164630130","osm_url":"https://www.openstreetmap.org/way/164630130","source":"OpenStreetMap"}},{"type":"Feature","geometry":{"type":"Point","coordinates":[-0.4761519,51.5436597]},"properties":{"name":"Hillingdon Civic Centre","layer":"townhalls","note":"OpenStreetMap","osm_id":"way/165902149","osm_url":"https://www.openstreetmap.org/way/165902149","source":"OpenStreetMap"}},{"type":"Feature","geometry":{"type":"Point","coordinates":[-1.2046863,52.6474718]},"properties":{"name":"Glenfield Parish Council offices","layer":"townhalls","note":"OpenStreetMap","osm_id":"way/166147815","osm_url":"https://www.openstreetmap.org/way/166147815","source":"OpenStreetMap"}},{"type":"Feature","geometry":{"type":"Point","coordinates":[-2.1149813,52.8050789]},"properties":{"name":"Civic Centre","layer":"townhalls","note":"Stafford Borough Council","osm_id":"way/166533758","osm_url":"https://www.openstreetmap.org/way/166533758","source":"OpenStreetMap","brand":"Stafford Borough Council"}},{"type":"Feature","geometry":{"type":"Point","coordinates":[0.4650228,51.7360654]},"properties":{"name":"Chelmsford City Council","layer":"townhalls","note":"OpenStreetMap","osm_id":"way/167643524","osm_url":"https://www.openstreetmap.org/way/167643524","source":"OpenStreetMap"}},{"type":"Feature","geometry":{"type":"Point","coordinates":[-3.138588,54.6017194]},"properties":{"name":"Keswick Town Hall","layer":"townhalls","note":"OpenStreetMap","osm_id":"way/167711096","osm_url":"https://www.openstreetmap.org/way/167711096","source":"OpenStreetMap"}},{"type":"Feature","geometry":{"type":"Point","coordinates":[-1.6413017,50.9556683]},"properties":{"name":"Nomansland Reading Room","layer":"townhalls","note":"OpenStreetMap","osm_id":"way/168831736","osm_url":"https://www.openstreetmap.org/way/168831736","source":"OpenStreetMap"}},{"type":"Feature","geometry":{"type":"Point","coordinates":[-2.0131581,53.7424345]},"properties":{"name":"Hebden Bridge Town Hall","layer":"townhalls","note":"Henden Bridge Community Association","osm_id":"way/169330780","osm_url":"https://www.openstreetmap.org/way/169330780","source":"OpenStreetMap","brand":"Henden Bridge Community Association"}},{"type":"Feature","geometry":{"type":"Point","coordinates":[-2.1593742,51.636792]},"properties":{"name":"Town hall","layer":"townhalls","note":"OpenStreetMap","osm_id":"way/170671513","osm_url":"https://www.openstreetmap.org/way/170671513","source":"OpenStreetMap"}},{"type":"Feature","geometry":{"type":"Point","coordinates":[-0.6703286,50.7832575]},"properties":{"name":"Bognor Regis Town Hall","layer":"townhalls","note":"OpenStreetMap","osm_id":"way/171470109","osm_url":"https://www.openstreetmap.org/way/171470109","source":"OpenStreetMap"}},{"type":"Feature","geometry":{"type":"Point","coordinates":[-1.3431122,53.7248473]},"properties":{"name":"Civic Centre","layer":"townhalls","note":"OpenStreetMap","osm_id":"way/172435791","osm_url":"https://www.openstreetmap.org/way/172435791","source":"OpenStreetMap"}},{"type":"Feature","geometry":{"type":"Point","coordinates":[1.7253872,52.6058007]},"properties":{"name":"Great Yarmouth Town Hall","layer":"townhalls","note":"OpenStreetMap","osm_id":"way/175551040","osm_url":"https://www.openstreetmap.org/way/175551040","source":"OpenStreetMap"}},{"type":"Feature","geometry":{"type":"Point","coordinates":[1.7261817,52.6058346]},"properties":{"name":"Greyfriars House","layer":"townhalls","note":"Great Yarmouth Borough Council","osm_id":"way/175586161","osm_url":"https://www.openstreetmap.org/way/175586161","source":"OpenStreetMap","brand":"Great Yarmouth Borough Council"}},{"type":"Feature","geometry":{"type":"Point","coordinates":[-4.3131501,55.9870881]},"properties":{"name":"Edmondstone Hall","layer":"townhalls","note":"OpenStreetMap","osm_id":"way/175792375","osm_url":"https://www.openstreetmap.org/way/175792375","source":"OpenStreetMap"}},{"type":"Feature","geometry":{"type":"Point","coordinates":[-1.5793024,53.6799867]},"properties":{"name":"Ossett Town Hall","layer":"townhalls","note":"Wakefield Council","osm_id":"way/176337882","osm_url":"https://www.openstreetmap.org/way/176337882","source":"OpenStreetMap","brand":"Wakefield Council"}},{"type":"Feature","geometry":{"type":"Point","coordinates":[-2.7581757,50.7334355]},"properties":{"name":"Bridport Town Hall","layer":"townhalls","note":"OpenStreetMap","osm_id":"way/176383514","osm_url":"https://www.openstreetmap.org/way/176383514","source":"OpenStreetMap"}},{"type":"Feature","geometry":{"type":"Point","coordinates":[-7.3408665,53.5231951]},"properties":{"name":"Westmeath County Offices","layer":"townhalls","note":"OpenStreetMap","osm_id":"way/176492204","osm_url":"https://www.openstreetmap.org/way/176492204","source":"OpenStreetMap"}},{"type":"Feature","geometry":{"type":"Point","coordinates":[-6.3087673,52.6091964]},"properties":{"name":"Ballycanew Parish Hall","layer":"townhalls","note":"OpenStreetMap","osm_id":"way/176886345","osm_url":"https://www.openstreetmap.org/way/176886345","source":"OpenStreetMap"}},{"type":"Feature","geometry":{"type":"Point","coordinates":[-2.7173463,51.1469132]},"properties":{"name":"Town Hall","layer":"townhalls","note":"OpenStreetMap","osm_id":"way/177011100","osm_url":"https://www.openstreetmap.org/way/177011100","source":"OpenStreetMap"}},{"type":"Feature","geometry":{"type":"Point","coordinates":[-8.2107066,52.8627992]},"properties":{"name":"Civic Offices","layer":"townhalls","note":"Tipperary County Council","osm_id":"way/177758015","osm_url":"https://www.openstreetmap.org/way/177758015","source":"OpenStreetMap","brand":"Tipperary County Council"}},{"type":"Feature","geometry":{"type":"Point","coordinates":[-2.718135,51.3290465]},"properties":{"name":"Blagdon Village Club","layer":"townhalls","note":"OpenStreetMap","osm_id":"way/177945092","osm_url":"https://www.openstreetmap.org/way/177945092","source":"OpenStreetMap"}},{"type":"Feature","geometry":{"type":"Point","coordinates":[-4.8061748,51.820842]},"properties":{"name":"Town hall","layer":"townhalls","note":"OpenStreetMap","osm_id":"way/178208796","osm_url":"https://www.openstreetmap.org/way/178208796","source":"OpenStreetMap"}},{"type":"Feature","geometry":{"type":"Point","coordinates":[-2.2555194,55.1434637]},"properties":{"name":"Town hall","layer":"townhalls","note":"OpenStreetMap","osm_id":"way/178211031","osm_url":"https://www.openstreetmap.org/way/178211031","source":"OpenStreetMap"}},{"type":"Feature","geometry":{"type":"Point","coordinates":[-8.8540651,53.5143941]},"properties":{"name":"Galway County Council","layer":"townhalls","note":"OpenStreetMap","osm_id":"way/178579936","osm_url":"https://www.openstreetmap.org/way/178579936","source":"OpenStreetMap"}},{"type":"Feature","geometry":{"type":"Point","coordinates":[-1.7854897,52.5942163]},"properties":{"name":"Quinney Hall","layer":"townhalls","note":"OpenStreetMap","osm_id":"way/180685292","osm_url":"https://www.openstreetmap.org/way/180685292","source":"OpenStreetMap"}},{"type":"Feature","geometry":{"type":"Point","coordinates":[-1.827291,52.6810222]},"properties":{"name":"Lichfield District Council","layer":"townhalls","note":"OpenStreetMap","osm_id":"way/181515570","osm_url":"https://www.openstreetmap.org/way/181515570","source":"OpenStreetMap"}},{"type":"Feature","geometry":{"type":"Point","coordinates":[-3.5319453,50.4687184]},"properties":{"name":"Torquay Town Hall","layer":"townhalls","note":"OpenStreetMap","osm_id":"way/181620523","osm_url":"https://www.openstreetmap.org/way/181620523","source":"OpenStreetMap"}},{"type":"Feature","geometry":{"type":"Point","coordinates":[0.3770676,52.6026723]},"properties":{"name":"Downham Market Town Hall","layer":"townhalls","note":"OpenStreetMap","osm_id":"way/182049879","osm_url":"https://www.openstreetmap.org/way/182049879","source":"OpenStreetMap"}},{"type":"Feature","geometry":{"type":"Point","coordinates":[-6.0502844,52.9854908]},"properties":{"name":"Wicklow County Council","layer":"townhalls","note":"OpenStreetMap","osm_id":"way/183049840","osm_url":"https://www.openstreetmap.org/way/183049840","source":"OpenStreetMap"}},{"type":"Feature","geometry":{"type":"Point","coordinates":[-7.908152,53.0959805]},"properties":{"name":"Birr Heritage Centre","layer":"townhalls","note":"OpenStreetMap","osm_id":"way/183501960","osm_url":"https://www.openstreetmap.org/way/183501960","source":"OpenStreetMap"}},{"type":"Feature","geometry":{"type":"Point","coordinates":[-2.4469381,51.2911259]},"properties":{"name":"Victoria Hall","layer":"townhalls","note":"OpenStreetMap","osm_id":"way/184014997","osm_url":"https://www.openstreetmap.org/way/184014997","source":"OpenStreetMap"}},{"type":"Feature","geometry":{"type":"Point","coordinates":[-0.5367277,51.293176]},"properties":{"name":"Lancaster Hall","layer":"townhalls","note":"OpenStreetMap","osm_id":"way/184236238","osm_url":"https://www.openstreetmap.org/way/184236238","source":"OpenStreetMap"}},{"type":"Feature","geometry":{"type":"Point","coordinates":[-8.1023551,55.1343212]},"properties":{"name":"Town Hall","layer":"townhalls","note":"OpenStreetMap","osm_id":"way/184934751","osm_url":"https://www.openstreetmap.org/way/184934751","source":"OpenStreetMap"}},{"type":"Feature","geometry":{"type":"Point","coordinates":[-2.7353547,53.454302]},"properties":{"name":"St Helens Town Hall","layer":"townhalls","note":"OpenStreetMap","osm_id":"way/185137998","osm_url":"https://www.openstreetmap.org/way/185137998","source":"OpenStreetMap"}},{"type":"Feature","geometry":{"type":"Point","coordinates":[-1.3339985,52.0620513]},"properties":{"name":"The Town Hall","layer":"townhalls","note":"OpenStreetMap","osm_id":"way/185562878","osm_url":"https://www.openstreetmap.org/way/185562878","source":"OpenStreetMap"}},{"type":"Feature","geometry":{"type":"Point","coordinates":[-2.3379106,53.4824866]},"properties":{"name":"Eccles Town Hall","layer":"townhalls","note":"Eccles Community Hall Organisation","osm_id":"way/186481563","osm_url":"https://www.openstreetmap.org/way/186481563","source":"OpenStreetMap","brand":"Eccles Community Hall Organisation"}},{"type":"Feature","geometry":{"type":"Point","coordinates":[-1.7920642,50.9264921]},"properties":{"name":"Fordingbridge Town Hall","layer":"townhalls","note":"OpenStreetMap","osm_id":"way/186844842","osm_url":"https://www.openstreetmap.org/way/186844842","source":"OpenStreetMap"}},{"type":"Feature","geometry":{"type":"Point","coordinates":[-2.2491413,51.8663078]},"properties":{"name":"Gloucestershire County Council","layer":"townhalls","note":"OpenStreetMap","osm_id":"way/187201264","osm_url":"https://www.openstreetmap.org/way/187201264","source":"OpenStreetMap"}},{"type":"Feature","geometry":{"type":"Point","coordinates":[0.2634473,51.0218351]},"properties":{"name":"Matfield Memorial Hall","layer":"townhalls","note":"OpenStreetMap","osm_id":"way/188623257","osm_url":"https://www.openstreetmap.org/way/188623257","source":"OpenStreetMap"}},{"type":"Feature","geometry":{"type":"Point","coordinates":[-1.3180995,53.5929469]},"properties":{"name":"South Kirkby & Moorthorpe Town Hall","layer":"townhalls","note":"OpenStreetMap","osm_id":"way/190629571","osm_url":"https://www.openstreetmap.org/way/190629571","source":"OpenStreetMap"}},{"type":"Feature","geometry":{"type":"Point","coordinates":[-2.1697351,49.1877177]},"properties":{"name":"St Brelade's Parish Hall","layer":"townhalls","note":"Parish of St Brelade","osm_id":"way/192053377","osm_url":"https://www.openstreetmap.org/way/192053377","source":"OpenStreetMap","brand":"Parish of St Brelade"}},{"type":"Feature","geometry":{"type":"Point","coordinates":[-0.4439661,50.9225626]},"properties":{"name":"Sullington Parish Hall","layer":"townhalls","note":"OpenStreetMap","osm_id":"way/192150939","osm_url":"https://www.openstreetmap.org/way/192150939","source":"OpenStreetMap"}},{"type":"Feature","geometry":{"type":"Point","coordinates":[-0.0100728,51.5001182]},"properties":{"name":"Jack Dash House","layer":"townhalls","note":"OpenStreetMap","osm_id":"way/193418558","osm_url":"https://www.openstreetmap.org/way/193418558","source":"OpenStreetMap"}},{"type":"Feature","geometry":{"type":"Point","coordinates":[-0.0987903,51.3720339]},"properties":{"name":"Croydon Town Hall","layer":"townhalls","note":"OpenStreetMap","osm_id":"way/193799550","osm_url":"https://www.openstreetmap.org/way/193799550","source":"OpenStreetMap"}},{"type":"Feature","geometry":{"type":"Point","coordinates":[-4.6627104,55.5423725]},"properties":{"name":"Troon Town Hall","layer":"townhalls","note":"OpenStreetMap","osm_id":"way/194185450","osm_url":"https://www.openstreetmap.org/way/194185450","source":"OpenStreetMap"}},{"type":"Feature","geometry":{"type":"Point","coordinates":[-2.2077134,56.964]},"properties":{"name":"Stonehaven Town Hall","layer":"townhalls","note":"OpenStreetMap","osm_id":"way/196547785","osm_url":"https://www.openstreetmap.org/way/196547785","source":"OpenStreetMap"}},{"type":"Feature","geometry":{"type":"Point","coordinates":[-1.428899,54.995097]},"properties":{"name":"South Shields Town Hall","layer":"townhalls","note":"OpenStreetMap","osm_id":"way/196885547","osm_url":"https://www.openstreetmap.org/way/196885547","source":"OpenStreetMap"}},{"type":"Feature","geometry":{"type":"Point","coordinates":[-1.1998268,52.4552197]},"properties":{"name":"Lutterworth Town Hall","layer":"townhalls","note":"OpenStreetMap","osm_id":"way/197345069","osm_url":"https://www.openstreetmap.org/way/197345069","source":"OpenStreetMap"}},{"type":"Feature","geometry":{"type":"Point","coordinates":[-0.2931042,51.7394157]},"properties":{"name":"Charles Morris Hall","layer":"townhalls","note":"OpenStreetMap","osm_id":"way/197377064","osm_url":"https://www.openstreetmap.org/way/197377064","source":"OpenStreetMap"}},{"type":"Feature","geometry":{"type":"Point","coordinates":[-0.0822277,53.5647728]},"properties":{"name":"Grimsby Town Hall","layer":"townhalls","note":"NEL Council","osm_id":"way/198499555","osm_url":"https://www.openstreetmap.org/way/198499555","source":"OpenStreetMap","brand":"NEL Council"}},{"type":"Feature","geometry":{"type":"Point","coordinates":[-6.03493,54.5117109]},"properties":{"name":"Lisburn and Castlereagh City Council","layer":"townhalls","note":"Lisburn and Castlereagh City Council","osm_id":"way/199109827","osm_url":"https://www.openstreetmap.org/way/199109827","source":"OpenStreetMap","brand":"Lisburn and Castlereagh City Council"}},{"type":"Feature","geometry":{"type":"Point","coordinates":[-9.6625459,53.2751401]},"properties":{"name":"Halla Thír an Fhia","layer":"townhalls","note":"OpenStreetMap","osm_id":"way/199140460","osm_url":"https://www.openstreetmap.org/way/199140460","source":"OpenStreetMap"}},{"type":"Feature","geometry":{"type":"Point","coordinates":[-2.4589674,51.6914209]},"properties":{"name":"Berkeley Town Hall","layer":"townhalls","note":"OpenStreetMap","osm_id":"way/200487298","osm_url":"https://www.openstreetmap.org/way/200487298","source":"OpenStreetMap"}},{"type":"Feature","geometry":{"type":"Point","coordinates":[1.3616974,52.102784]},"properties":{"name":"Bromeswell Village Hall","layer":"townhalls","note":"OpenStreetMap","osm_id":"way/200905133","osm_url":"https://www.openstreetmap.org/way/200905133","source":"OpenStreetMap"}},{"type":"Feature","geometry":{"type":"Point","coordinates":[-1.1333993,52.9962149]},"properties":{"name":"Gedling Borough Council","layer":"townhalls","note":"OpenStreetMap","osm_id":"way/200941631","osm_url":"https://www.openstreetmap.org/way/200941631","source":"OpenStreetMap"}},{"type":"Feature","geometry":{"type":"Point","coordinates":[-1.9497801,53.4431374]},"properties":{"name":"Glossop Town Hall","layer":"townhalls","note":"OpenStreetMap","osm_id":"way/201272105","osm_url":"https://www.openstreetmap.org/way/201272105","source":"OpenStreetMap"}},{"type":"Feature","geometry":{"type":"Point","coordinates":[-1.1394764,51.8054934]},"properties":{"name":"Millennium Hall","layer":"townhalls","note":"OpenStreetMap","osm_id":"way/202760939","osm_url":"https://www.openstreetmap.org/way/202760939","source":"OpenStreetMap"}},{"type":"Feature","geometry":{"type":"Point","coordinates":[-5.819419,57.4198787]},"properties":{"name":"Applecross Community Hall","layer":"townhalls","note":"OpenStreetMap","osm_id":"way/202953149","osm_url":"https://www.openstreetmap.org/way/202953149","source":"OpenStreetMap"}},{"type":"Feature","geometry":{"type":"Point","coordinates":[-2.0756421,52.111069]},"properties":{"name":"Pershore Town Hall","layer":"townhalls","note":"OpenStreetMap","osm_id":"way/203012561","osm_url":"https://www.openstreetmap.org/way/203012561","source":"OpenStreetMap"}},{"type":"Feature","geometry":{"type":"Point","coordinates":[-2.4256798,59.3671544]},"properties":{"name":"Memorial Hall","layer":"townhalls","note":"OpenStreetMap","osm_id":"way/203159791","osm_url":"https://www.openstreetmap.org/way/203159791","source":"OpenStreetMap"}},{"type":"Feature","geometry":{"type":"Point","coordinates":[-2.0745832,52.5664107]},"properties":{"name":"Bilston Town Hall","layer":"townhalls","note":"OpenStreetMap","osm_id":"way/203601485","osm_url":"https://www.openstreetmap.org/way/203601485","source":"OpenStreetMap"}},{"type":"Feature","geometry":{"type":"Point","coordinates":[-2.7471021,54.3269416]},"properties":{"name":"Kendal Town Hall","layer":"townhalls","note":"OpenStreetMap","osm_id":"way/204895167","osm_url":"https://www.openstreetmap.org/way/204895167","source":"OpenStreetMap"}},{"type":"Feature","geometry":{"type":"Point","coordinates":[-5.2237012,56.7031109]},"properties":{"name":"Nether Lochaber Village Hall","layer":"townhalls","note":"OpenStreetMap","osm_id":"way/205199876","osm_url":"https://www.openstreetmap.org/way/205199876","source":"OpenStreetMap"}},{"type":"Feature","geometry":{"type":"Point","coordinates":[-0.8337513,51.4102438]},"properties":{"name":"Town Hall","layer":"townhalls","note":"OpenStreetMap","osm_id":"way/205394367","osm_url":"https://www.openstreetmap.org/way/205394367","source":"OpenStreetMap"}},{"type":"Feature","geometry":{"type":"Point","coordinates":[-3.595629,50.5273183]},"properties":{"name":"Teignbridge District Council HQ","layer":"townhalls","note":"OpenStreetMap","osm_id":"way/205949164","osm_url":"https://www.openstreetmap.org/way/205949164","source":"OpenStreetMap"}},{"type":"Feature","geometry":{"type":"Point","coordinates":[-1.499946,50.9887413]},"properties":{"name":"Romsey Town Hall","layer":"townhalls","note":"OpenStreetMap","osm_id":"way/206290124","osm_url":"https://www.openstreetmap.org/way/206290124","source":"OpenStreetMap"}},{"type":"Feature","geometry":{"type":"Point","coordinates":[-2.1098698,49.1859082]},"properties":{"name":"Town Hall","layer":"townhalls","note":"OpenStreetMap","osm_id":"way/206501841","osm_url":"https://www.openstreetmap.org/way/206501841","source":"OpenStreetMap"}},{"type":"Feature","geometry":{"type":"Point","coordinates":[-2.4607642,55.7071807]},"properties":{"name":"Greenlaw Town Hall","layer":"townhalls","note":"OpenStreetMap","osm_id":"way/206521209","osm_url":"https://www.openstreetmap.org/way/206521209","source":"OpenStreetMap"}},{"type":"Feature","geometry":{"type":"Point","coordinates":[-2.1385981,49.2453548]},"properties":{"name":"Town hall","layer":"townhalls","note":"OpenStreetMap","osm_id":"way/207186754","osm_url":"https://www.openstreetmap.org/way/207186754","source":"OpenStreetMap"}},{"type":"Feature","geometry":{"type":"Point","coordinates":[-7.3738951,57.1696495]},"properties":{"name":"Talla a' Chinn a Deas","layer":"townhalls","note":"OpenStreetMap","osm_id":"way/208700701","osm_url":"https://www.openstreetmap.org/way/208700701","source":"OpenStreetMap"}},{"type":"Feature","geometry":{"type":"Point","coordinates":[-7.3331195,57.3946636]},"properties":{"name":"Talla an Ìochdair","layer":"townhalls","note":"OpenStreetMap","osm_id":"way/208741043","osm_url":"https://www.openstreetmap.org/way/208741043","source":"OpenStreetMap"}},{"type":"Feature","geometry":{"type":"Point","coordinates":[-2.5555999,55.9947971]},"properties":{"name":"West Barns Village Hall","layer":"townhalls","note":"OpenStreetMap","osm_id":"way/210778687","osm_url":"https://www.openstreetmap.org/way/210778687","source":"OpenStreetMap"}},{"type":"Feature","geometry":{"type":"Point","coordinates":[-2.0912448,49.2351984]},"properties":{"name":"Parish Hall","layer":"townhalls","note":"OpenStreetMap","osm_id":"way/211099463","osm_url":"https://www.openstreetmap.org/way/211099463","source":"OpenStreetMap"}},{"type":"Feature","geometry":{"type":"Point","coordinates":[-1.3789793,51.0784785]},"properties":{"name":"Sparsholt Memorial Hall","layer":"townhalls","note":"OpenStreetMap","osm_id":"way/211928743","osm_url":"https://www.openstreetmap.org/way/211928743","source":"OpenStreetMap"}},{"type":"Feature","geometry":{"type":"Point","coordinates":[-7.4951058,53.2720777]},"properties":{"name":"Town hall","layer":"townhalls","note":"OpenStreetMap","osm_id":"way/212726658","osm_url":"https://www.openstreetmap.org/way/212726658","source":"OpenStreetMap"}},{"type":"Feature","geometry":{"type":"Point","coordinates":[-6.3929547,52.6785347]},"properties":{"name":"Town hall","layer":"townhalls","note":"OpenStreetMap","osm_id":"way/212849123","osm_url":"https://www.openstreetmap.org/way/212849123","source":"OpenStreetMap"}},{"type":"Feature","geometry":{"type":"Point","coordinates":[-4.6333969,55.4324462]},"properties":{"name":"Alloway Public Hall","layer":"townhalls","note":"OpenStreetMap","osm_id":"way/214373815","osm_url":"https://www.openstreetmap.org/way/214373815","source":"OpenStreetMap"}},{"type":"Feature","geometry":{"type":"Point","coordinates":[-0.9950288,51.3970327]},"properties":{"name":"Grazeley Village Memorial Hall","layer":"townhalls","note":"OpenStreetMap","osm_id":"way/216920251","osm_url":"https://www.openstreetmap.org/way/216920251","source":"OpenStreetMap"}},{"type":"Feature","geometry":{"type":"Point","coordinates":[-4.0920012,53.263104]},"properties":{"name":"Beaumaris Town Hall","layer":"townhalls","note":"OpenStreetMap","osm_id":"way/216989068","osm_url":"https://www.openstreetmap.org/way/216989068","source":"OpenStreetMap"}},{"type":"Feature","geometry":{"type":"Point","coordinates":[-1.883473,54.7301458]},"properties":{"name":"Town Hall","layer":"townhalls","note":"OpenStreetMap","osm_id":"way/217332917","osm_url":"https://www.openstreetmap.org/way/217332917","source":"OpenStreetMap"}},{"type":"Feature","geometry":{"type":"Point","coordinates":[-1.6553725,54.2221463]},"properties":{"name":"Masham Town Hall","layer":"townhalls","note":"Masham Town Hall Community Charity","osm_id":"way/217518009","osm_url":"https://www.openstreetmap.org/way/217518009","source":"OpenStreetMap","brand":"Masham Town Hall Community Charity"}},{"type":"Feature","geometry":{"type":"Point","coordinates":[-3.7383123,56.150728]},"properties":{"name":"Devonvale Hall","layer":"townhalls","note":"OpenStreetMap","osm_id":"way/217999905","osm_url":"https://www.openstreetmap.org/way/217999905","source":"OpenStreetMap"}},{"type":"Feature","geometry":{"type":"Point","coordinates":[-0.789368,54.1391486]},"properties":{"name":"Ryedale District Council Offices","layer":"townhalls","note":"OpenStreetMap","osm_id":"way/218874256","osm_url":"https://www.openstreetmap.org/way/218874256","source":"OpenStreetMap"}},{"type":"Feature","geometry":{"type":"Point","coordinates":[0.1202836,52.143307]},"properties":{"name":"Little Shelford Memorial Hall","layer":"townhalls","note":"OpenStreetMap","osm_id":"way/219004371","osm_url":"https://www.openstreetmap.org/way/219004371","source":"OpenStreetMap"}},{"type":"Feature","geometry":{"type":"Point","coordinates":[-4.2393985,55.9346699]},"properties":{"name":"Baldernock Parish Church Hall","layer":"townhalls","note":"Church of Scotland","osm_id":"way/219150731","osm_url":"https://www.openstreetmap.org/way/219150731","source":"OpenStreetMap","brand":"Church of Scotland"}},{"type":"Feature","geometry":{"type":"Point","coordinates":[-0.4174449,51.7061873]},"properties":{"name":"Henderson Memorial Hall","layer":"townhalls","note":"OpenStreetMap","osm_id":"way/219176339","osm_url":"https://www.openstreetmap.org/way/219176339","source":"OpenStreetMap"}},{"type":"Feature","geometry":{"type":"Point","coordinates":[-1.2073996,50.665721]},"properties":{"name":"Parish Hall","layer":"townhalls","note":"OpenStreetMap","osm_id":"way/220339006","osm_url":"https://www.openstreetmap.org/way/220339006","source":"OpenStreetMap"}},{"type":"Feature","geometry":{"type":"Point","coordinates":[-0.9783749,51.7476468]},"properties":{"name":"Thame Town Hall","layer":"townhalls","note":"OpenStreetMap","osm_id":"way/220669954","osm_url":"https://www.openstreetmap.org/way/220669954","source":"OpenStreetMap"}},{"type":"Feature","geometry":{"type":"Point","coordinates":[-5.8046449,57.1480812]},"properties":{"name":"Talla Duisdale","layer":"townhalls","note":"OpenStreetMap","osm_id":"way/221032130","osm_url":"https://www.openstreetmap.org/way/221032130","source":"OpenStreetMap"}},{"type":"Feature","geometry":{"type":"Point","coordinates":[-2.3199935,57.3350085]},"properties":{"name":"Town hall","layer":"townhalls","note":"OpenStreetMap","osm_id":"way/221452990","osm_url":"https://www.openstreetmap.org/way/221452990","source":"OpenStreetMap"}},{"type":"Feature","geometry":{"type":"Point","coordinates":[-2.3396969,53.5109975]},"properties":{"name":"Civic Centre","layer":"townhalls","note":"OpenStreetMap","osm_id":"way/222473176","osm_url":"https://www.openstreetmap.org/way/222473176","source":"OpenStreetMap"}},{"type":"Feature","geometry":{"type":"Point","coordinates":[-1.7538665,50.9926538]},"properties":{"name":"Downton Memorial Hall","layer":"townhalls","note":"OpenStreetMap","osm_id":"way/223269941","osm_url":"https://www.openstreetmap.org/way/223269941","source":"OpenStreetMap"}},{"type":"Feature","geometry":{"type":"Point","coordinates":[-0.2795006,51.9494849]},"properties":{"name":"Hitchin Town Hall","layer":"townhalls","note":"OpenStreetMap","osm_id":"way/223358153","osm_url":"https://www.openstreetmap.org/way/223358153","source":"OpenStreetMap"}},{"type":"Feature","geometry":{"type":"Point","coordinates":[-3.3701638,51.7913672]},"properties":{"name":"Memorial Hall","layer":"townhalls","note":"OpenStreetMap","osm_id":"way/223769156","osm_url":"https://www.openstreetmap.org/way/223769156","source":"OpenStreetMap"}},{"type":"Feature","geometry":{"type":"Point","coordinates":[0.3278406,52.2717959]},"properties":{"name":"Gardiner Memorial Hall","layer":"townhalls","note":"OpenStreetMap","osm_id":"way/224247384","osm_url":"https://www.openstreetmap.org/way/224247384","source":"OpenStreetMap"}},{"type":"Feature","geometry":{"type":"Point","coordinates":[-2.2208239,52.1911772]},"properties":{"name":"The Guildhall","layer":"townhalls","note":"OpenStreetMap","osm_id":"way/224996459","osm_url":"https://www.openstreetmap.org/way/224996459","source":"OpenStreetMap"}},{"type":"Feature","geometry":{"type":"Point","coordinates":[-0.2814288,51.558973]},"properties":{"name":"Brent Civic Centre","layer":"townhalls","note":"OpenStreetMap","osm_id":"way/225931239","osm_url":"https://www.openstreetmap.org/way/225931239","source":"OpenStreetMap"}},{"type":"Feature","geometry":{"type":"Point","coordinates":[-4.3306091,57.6065757]},"properties":{"name":"Findon Hall","layer":"townhalls","note":"OpenStreetMap","osm_id":"way/227462299","osm_url":"https://www.openstreetmap.org/way/227462299","source":"OpenStreetMap"}},{"type":"Feature","geometry":{"type":"Point","coordinates":[-0.0724625,51.5872836]},"properties":{"name":"Tottenham Town Hall","layer":"townhalls","note":"OpenStreetMap","osm_id":"way/229395041","osm_url":"https://www.openstreetmap.org/way/229395041","source":"OpenStreetMap"}},{"type":"Feature","geometry":{"type":"Point","coordinates":[-4.5674228,55.945954]},"properties":{"name":"Dumbarton Municipal Buildings","layer":"townhalls","note":"West Dunbartonshire Council","osm_id":"way/229809420","osm_url":"https://www.openstreetmap.org/way/229809420","source":"OpenStreetMap","brand":"West Dunbartonshire Council"}},{"type":"Feature","geometry":{"type":"Point","coordinates":[-0.2899821,51.8110075]},"properties":{"name":"Memorial Hall","layer":"townhalls","note":"Wheathampstead Parish Council","osm_id":"way/229894292","osm_url":"https://www.openstreetmap.org/way/229894292","source":"OpenStreetMap","brand":"Wheathampstead Parish Council"}},{"type":"Feature","geometry":{"type":"Point","coordinates":[-6.2580023,53.3402841]},"properties":{"name":"The Mansion House","layer":"townhalls","note":"OpenStreetMap","osm_id":"way/230613106","osm_url":"https://www.openstreetmap.org/way/230613106","source":"OpenStreetMap"}},{"type":"Feature","geometry":{"type":"Point","coordinates":[-2.244874,53.7875775]},"properties":{"name":"Burnley Town Hall","layer":"townhalls","note":"OpenStreetMap","osm_id":"way/230767033","osm_url":"https://www.openstreetmap.org/way/230767033","source":"OpenStreetMap"}},{"type":"Feature","geometry":{"type":"Point","coordinates":[-4.3872134,55.8789895]},"properties":{"name":"Renfrew Town Hall","layer":"townhalls","note":"Renfrewshire Council","osm_id":"way/232125861","osm_url":"https://www.openstreetmap.org/way/232125861","source":"OpenStreetMap","brand":"Renfrewshire Council"}},{"type":"Feature","geometry":{"type":"Point","coordinates":[-1.3102567,54.5668507]},"properties":{"name":"Stockton Borough Council","layer":"townhalls","note":"OpenStreetMap","osm_id":"way/232149920","osm_url":"https://www.openstreetmap.org/way/232149920","source":"OpenStreetMap"}},{"type":"Feature","geometry":{"type":"Point","coordinates":[0.0886993,52.549317]},"properties":{"name":"March Town Hall","layer":"townhalls","note":"OpenStreetMap","osm_id":"way/232547274","osm_url":"https://www.openstreetmap.org/way/232547274","source":"OpenStreetMap"}},{"type":"Feature","geometry":{"type":"Point","coordinates":[-2.3708588,52.6669217]},"properties":{"name":"Town hall","layer":"townhalls","note":"OpenStreetMap","osm_id":"way/232650687","osm_url":"https://www.openstreetmap.org/way/232650687","source":"OpenStreetMap"}},{"type":"Feature","geometry":{"type":"Point","coordinates":[-6.315338,49.9143618]},"properties":{"name":"Town Hall","layer":"townhalls","note":"Council of the Isles of Scilly","osm_id":"way/232699700","osm_url":"https://www.openstreetmap.org/way/232699700","source":"OpenStreetMap","brand":"Council of the Isles of Scilly"}},{"type":"Feature","geometry":{"type":"Point","coordinates":[-4.5622459,50.4418424]},"properties":{"name":"St Pinnock Band Community Hall","layer":"townhalls","note":"OpenStreetMap","osm_id":"way/232714935","osm_url":"https://www.openstreetmap.org/way/232714935","source":"OpenStreetMap"}},{"type":"Feature","geometry":{"type":"Point","coordinates":[-1.1228456,50.9768567]},"properties":{"name":"Meon Hall","layer":"townhalls","note":"OpenStreetMap","osm_id":"way/233680275","osm_url":"https://www.openstreetmap.org/way/233680275","source":"OpenStreetMap"}},{"type":"Feature","geometry":{"type":"Point","coordinates":[-0.5105146,52.0099793]},"properties":{"name":"Rufus Centre","layer":"townhalls","note":"OpenStreetMap","osm_id":"way/233918444","osm_url":"https://www.openstreetmap.org/way/233918444","source":"OpenStreetMap"}},{"type":"Feature","geometry":{"type":"Point","coordinates":[-0.2113818,50.836345]},"properties":{"name":"Portslade Town Hall","layer":"townhalls","note":"OpenStreetMap","osm_id":"way/234938975","osm_url":"https://www.openstreetmap.org/way/234938975","source":"OpenStreetMap"}},{"type":"Feature","geometry":{"type":"Point","coordinates":[-4.2143899,55.8285795]},"properties":{"name":"Rutherglen Town Hall","layer":"townhalls","note":"OpenStreetMap","osm_id":"way/234976133","osm_url":"https://www.openstreetmap.org/way/234976133","source":"OpenStreetMap"}},{"type":"Feature","geometry":{"type":"Point","coordinates":[-4.4903284,55.9314024]},"properties":{"name":"Bowling Hall","layer":"townhalls","note":"OpenStreetMap","osm_id":"way/235031588","osm_url":"https://www.openstreetmap.org/way/235031588","source":"OpenStreetMap"}},{"type":"Feature","geometry":{"type":"Point","coordinates":[-4.4080036,55.9007138]},"properties":{"name":"Clydebank Town Hall","layer":"townhalls","note":"OpenStreetMap","osm_id":"way/235515072","osm_url":"https://www.openstreetmap.org/way/235515072","source":"OpenStreetMap"}},{"type":"Feature","geometry":{"type":"Point","coordinates":[-6.2190229,53.4589662]},"properties":{"name":"Fingal County Hall","layer":"townhalls","note":"Fingal County Council","osm_id":"way/23587177","osm_url":"https://www.openstreetmap.org/way/23587177","source":"OpenStreetMap","brand":"Fingal County Council"}},{"type":"Feature","geometry":{"type":"Point","coordinates":[-3.0641298,53.2904784]},"properties":{"name":"Neston Town Hall","layer":"townhalls","note":"OpenStreetMap","osm_id":"way/237029204","osm_url":"https://www.openstreetmap.org/way/237029204","source":"OpenStreetMap"}},{"type":"Feature","geometry":{"type":"Point","coordinates":[-4.1618961,51.1092664]},"properties":{"name":"Parish Hall","layer":"townhalls","note":"OpenStreetMap","osm_id":"way/237079871","osm_url":"https://www.openstreetmap.org/way/237079871","source":"OpenStreetMap"}},{"type":"Feature","geometry":{"type":"Point","coordinates":[-2.6078249,51.3672408]},"properties":{"name":"Church Hall","layer":"townhalls","note":"OpenStreetMap","osm_id":"way/237213629","osm_url":"https://www.openstreetmap.org/way/237213629","source":"OpenStreetMap"}},{"type":"Feature","geometry":{"type":"Point","coordinates":[-5.2419772,55.9038871]},"properties":{"name":"Town hall","layer":"townhalls","note":"OpenStreetMap","osm_id":"way/237910738","osm_url":"https://www.openstreetmap.org/way/237910738","source":"OpenStreetMap"}},{"type":"Feature","geometry":{"type":"Point","coordinates":[-4.9594097,54.7227338]},"properties":{"name":"Port Logan Hall","layer":"townhalls","note":"OpenStreetMap","osm_id":"way/23838848","osm_url":"https://www.openstreetmap.org/way/23838848","source":"OpenStreetMap"}},{"type":"Feature","geometry":{"type":"Point","coordinates":[0.2413973,52.0236258]},"properties":{"name":"Town Hall","layer":"townhalls","note":"OpenStreetMap","osm_id":"way/23840588","osm_url":"https://www.openstreetmap.org/way/23840588","source":"OpenStreetMap"}},{"type":"Feature","geometry":{"type":"Point","coordinates":[0.1712686,51.3961393]},"properties":{"name":"Alexandra Suite","layer":"townhalls","note":"OpenStreetMap","osm_id":"way/23844122","osm_url":"https://www.openstreetmap.org/way/23844122","source":"OpenStreetMap"}},{"type":"Feature","geometry":{"type":"Point","coordinates":[-1.8210662,53.9241409]},"properties":{"name":"Ilkley Town Hall","layer":"townhalls","note":"OpenStreetMap","osm_id":"way/238467968","osm_url":"https://www.openstreetmap.org/way/238467968","source":"OpenStreetMap"}},{"type":"Feature","geometry":{"type":"Point","coordinates":[-2.024202,53.1073389]},"properties":{"name":"Staffordshire Moorlands District Council","layer":"townhalls","note":"OpenStreetMap","osm_id":"way/238916623","osm_url":"https://www.openstreetmap.org/way/238916623","source":"OpenStreetMap"}},{"type":"Feature","geometry":{"type":"Point","coordinates":[-0.3242498,51.4476688]},"properties":{"name":"York House","layer":"townhalls","note":"London Borough of Richmond upon Thames","osm_id":"way/238947899","osm_url":"https://www.openstreetmap.org/way/238947899","source":"OpenStreetMap","brand":"London Borough of Richmond upon Thames"}},{"type":"Feature","geometry":{"type":"Point","coordinates":[-8.0198114,53.1730114]},"properties":{"name":"Old School","layer":"townhalls","note":"OpenStreetMap","osm_id":"way/239264084","osm_url":"https://www.openstreetmap.org/way/239264084","source":"OpenStreetMap"}},{"type":"Feature","geometry":{"type":"Point","coordinates":[-1.6996696,52.6149846]},"properties":{"name":"Fazeley Town Hall","layer":"townhalls","note":"OpenStreetMap","osm_id":"way/239848846","osm_url":"https://www.openstreetmap.org/way/239848846","source":"OpenStreetMap"}},{"type":"Feature","geometry":{"type":"Point","coordinates":[-6.3095854,54.8561057]},"properties":{"name":"County Hall","layer":"townhalls","note":"OpenStreetMap","osm_id":"way/240120127","osm_url":"https://www.openstreetmap.org/way/240120127","source":"OpenStreetMap"}},{"type":"Feature","geometry":{"type":"Point","coordinates":[0.4656566,51.7367103]},"properties":{"name":"Chelmsford City Council","layer":"townhalls","note":"OpenStreetMap","osm_id":"way/240432840","osm_url":"https://www.openstreetmap.org/way/240432840","source":"OpenStreetMap"}},{"type":"Feature","geometry":{"type":"Point","coordinates":[-1.5757733,54.7773384]},"properties":{"name":"Durham Town Hall","layer":"townhalls","note":"OpenStreetMap","osm_id":"way/24237226","osm_url":"https://www.openstreetmap.org/way/24237226","source":"OpenStreetMap"}},{"type":"Feature","geometry":{"type":"Point","coordinates":[0.7342403,50.9503852]},"properties":{"name":"Rye Town Hall","layer":"townhalls","note":"OpenStreetMap","osm_id":"way/244317186","osm_url":"https://www.openstreetmap.org/way/244317186","source":"OpenStreetMap"}},{"type":"Feature","geometry":{"type":"Point","coordinates":[-1.8816797,50.7233013]},"properties":{"name":"Bournemouth Civic Centre Annexe","layer":"townhalls","note":"OpenStreetMap","osm_id":"way/244444981","osm_url":"https://www.openstreetmap.org/way/244444981","source":"OpenStreetMap"}},{"type":"Feature","geometry":{"type":"Point","coordinates":[-5.0724539,56.1679455]},"properties":{"name":"Strachur Memorial Hall","layer":"townhalls","note":"OpenStreetMap","osm_id":"way/245889364","osm_url":"https://www.openstreetmap.org/way/245889364","source":"OpenStreetMap"}},{"type":"Feature","geometry":{"type":"Point","coordinates":[-3.411075,56.6976659]},"properties":{"name":"Blackwater Hall","layer":"townhalls","note":"OpenStreetMap","osm_id":"way/246355051","osm_url":"https://www.openstreetmap.org/way/246355051","source":"OpenStreetMap"}},{"type":"Feature","geometry":{"type":"Point","coordinates":[0.0646405,51.4898833]},"properties":{"name":"Woolwich Town Hall","layer":"townhalls","note":"OpenStreetMap","osm_id":"way/246629463","osm_url":"https://www.openstreetmap.org/way/246629463","source":"OpenStreetMap"}},{"type":"Feature","geometry":{"type":"Point","coordinates":[-1.1911202,52.6736691]},"properties":{"name":"Anstey Parish Council Offices","layer":"townhalls","note":"OpenStreetMap","osm_id":"way/247128993","osm_url":"https://www.openstreetmap.org/way/247128993","source":"OpenStreetMap"}},{"type":"Feature","geometry":{"type":"Point","coordinates":[-2.7091267,53.7573923]},"properties":{"name":"County Hall","layer":"townhalls","note":"Lancashire County Council","osm_id":"way/250318023","osm_url":"https://www.openstreetmap.org/way/250318023","source":"OpenStreetMap","brand":"Lancashire County Council"}},{"type":"Feature","geometry":{"type":"Point","coordinates":[-1.9029462,52.4801783]},"properties":{"name":"Council House","layer":"townhalls","note":"Birmingham City Council","osm_id":"way/25078214","osm_url":"https://www.openstreetmap.org/way/25078214","source":"OpenStreetMap","brand":"Birmingham City Council"}},{"type":"Feature","geometry":{"type":"Point","coordinates":[0.5221756,51.2733981]},"properties":{"name":"Maidstone Town Hall","layer":"townhalls","note":"OpenStreetMap","osm_id":"way/252096562","osm_url":"https://www.openstreetmap.org/way/252096562","source":"OpenStreetMap"}},{"type":"Feature","geometry":{"type":"Point","coordinates":[0.5264833,51.273443]},"properties":{"name":"Maidstone Gateway","layer":"townhalls","note":"OpenStreetMap","osm_id":"way/252110980","osm_url":"https://www.openstreetmap.org/way/252110980","source":"OpenStreetMap"}},{"type":"Feature","geometry":{"type":"Point","coordinates":[-1.8952522,54.2581183]},"properties":{"name":"Town hall","layer":"townhalls","note":"OpenStreetMap","osm_id":"way/252850951","osm_url":"https://www.openstreetmap.org/way/252850951","source":"OpenStreetMap"}},{"type":"Feature","geometry":{"type":"Point","coordinates":[-8.4759027,54.272918]},"properties":{"name":"Sligo County Council","layer":"townhalls","note":"OpenStreetMap","osm_id":"way/253078366","osm_url":"https://www.openstreetmap.org/way/253078366","source":"OpenStreetMap"}},{"type":"Feature","geometry":{"type":"Point","coordinates":[-7.3620642,53.9909952]},"properties":{"name":"Cavan Town Hall","layer":"townhalls","note":"OpenStreetMap","osm_id":"way/253090353","osm_url":"https://www.openstreetmap.org/way/253090353","source":"OpenStreetMap"}},{"type":"Feature","geometry":{"type":"Point","coordinates":[-0.5854681,51.5480783]},"properties":{"name":"Stoke Poges Village Centre","layer":"townhalls","note":"OpenStreetMap","osm_id":"way/254048807","osm_url":"https://www.openstreetmap.org/way/254048807","source":"OpenStreetMap"}},{"type":"Feature","geometry":{"type":"Point","coordinates":[1.5341094,52.0944478]},"properties":{"name":"Orford Village Hall","layer":"townhalls","note":"OpenStreetMap","osm_id":"way/254707502","osm_url":"https://www.openstreetmap.org/way/254707502","source":"OpenStreetMap"}},{"type":"Feature","geometry":{"type":"Point","coordinates":[-2.2060186,51.2972711]},"properties":{"name":"Progressive Hall","layer":"townhalls","note":"OpenStreetMap","osm_id":"way/254809757","osm_url":"https://www.openstreetmap.org/way/254809757","source":"OpenStreetMap"}},{"type":"Feature","geometry":{"type":"Point","coordinates":[-6.2671574,53.3438646]},"properties":{"name":"Dublin City Hall","layer":"townhalls","note":"Dublin City Council","osm_id":"way/25631284","osm_url":"https://www.openstreetmap.org/way/25631284","source":"OpenStreetMap","brand":"Dublin City Council"}},{"type":"Feature","geometry":{"type":"Point","coordinates":[-2.892765,53.191738]},"properties":{"name":"Chester Town Hall","layer":"townhalls","note":"OpenStreetMap","osm_id":"way/256333762","osm_url":"https://www.openstreetmap.org/way/256333762","source":"OpenStreetMap"}},{"type":"Feature","geometry":{"type":"Point","coordinates":[-2.0043335,50.7152735]},"properties":{"name":"The Scout Hut","layer":"townhalls","note":"OpenStreetMap","osm_id":"way/256635817","osm_url":"https://www.openstreetmap.org/way/256635817","source":"OpenStreetMap"}},{"type":"Feature","geometry":{"type":"Point","coordinates":[-3.3611746,54.663206]},"properties":{"name":"Cockermouth Town Hall","layer":"townhalls","note":"OpenStreetMap","osm_id":"way/256644155","osm_url":"https://www.openstreetmap.org/way/256644155","source":"OpenStreetMap"}},{"type":"Feature","geometry":{"type":"Point","coordinates":[-4.4413191,54.8685534]},"properties":{"name":"Wigtown Town Hall","layer":"townhalls","note":"OpenStreetMap","osm_id":"way/256955537","osm_url":"https://www.openstreetmap.org/way/256955537","source":"OpenStreetMap"}},{"type":"Feature","geometry":{"type":"Point","coordinates":[-7.445239,54.1003828]},"properties":{"name":"Belturbet Town Hall","layer":"townhalls","note":"OpenStreetMap","osm_id":"way/257940449","osm_url":"https://www.openstreetmap.org/way/257940449","source":"OpenStreetMap"}},{"type":"Feature","geometry":{"type":"Point","coordinates":[-2.1144676,53.4550355]},"properties":{"name":"Town hall","layer":"townhalls","note":"OpenStreetMap","osm_id":"way/258343828","osm_url":"https://www.openstreetmap.org/way/258343828","source":"OpenStreetMap"}},{"type":"Feature","geometry":{"type":"Point","coordinates":[-2.209968,53.0584294]},"properties":{"name":"Tunstall Local Centre","layer":"townhalls","note":"OpenStreetMap","osm_id":"way/258575661","osm_url":"https://www.openstreetmap.org/way/258575661","source":"OpenStreetMap"}},{"type":"Feature","geometry":{"type":"Point","coordinates":[-2.4829411,51.2854362]},"properties":{"name":"Midsomer Norton Town Hall","layer":"townhalls","note":"OpenStreetMap","osm_id":"way/259200106","osm_url":"https://www.openstreetmap.org/way/259200106","source":"OpenStreetMap"}},{"type":"Feature","geometry":{"type":"Point","coordinates":[-1.7944924,51.069031]},"properties":{"name":"The Guildhall","layer":"townhalls","note":"Salisbury City Council","osm_id":"way/261834220","osm_url":"https://www.openstreetmap.org/way/261834220","source":"OpenStreetMap","brand":"Salisbury City Council"}},{"type":"Feature","geometry":{"type":"Point","coordinates":[-1.9946412,51.3510262]},"properties":{"name":"Devizes Town Hall","layer":"townhalls","note":"OpenStreetMap","osm_id":"way/262020267","osm_url":"https://www.openstreetmap.org/way/262020267","source":"OpenStreetMap"}},{"type":"Feature","geometry":{"type":"Point","coordinates":[-1.3866169,53.9283674]},"properties":{"name":"Wetherby Town Hall","layer":"townhalls","note":"OpenStreetMap","osm_id":"way/262069562","osm_url":"https://www.openstreetmap.org/way/262069562","source":"OpenStreetMap"}},{"type":"Feature","geometry":{"type":"Point","coordinates":[-6.3867834,54.0041913]},"properties":{"name":"Louth County Council","layer":"townhalls","note":"OpenStreetMap","osm_id":"way/262355749","osm_url":"https://www.openstreetmap.org/way/262355749","source":"OpenStreetMap"}},{"type":"Feature","geometry":{"type":"Point","coordinates":[-3.111255,50.9671069]},"properties":{"name":"Town hall","layer":"townhalls","note":"OpenStreetMap","osm_id":"way/264116656","osm_url":"https://www.openstreetmap.org/way/264116656","source":"OpenStreetMap"}},{"type":"Feature","geometry":{"type":"Point","coordinates":[-6.7171397,52.3930568]},"properties":{"name":"Saint Abban's Hall","layer":"townhalls","note":"OpenStreetMap","osm_id":"way/264237483","osm_url":"https://www.openstreetmap.org/way/264237483","source":"OpenStreetMap"}},{"type":"Feature","geometry":{"type":"Point","coordinates":[-7.4339462,55.0658738]},"properties":{"name":"Fowler Hall","layer":"townhalls","note":"OpenStreetMap","osm_id":"way/264571569","osm_url":"https://www.openstreetmap.org/way/264571569","source":"OpenStreetMap"}},{"type":"Feature","geometry":{"type":"Point","coordinates":[-6.7967483,53.1807728]},"properties":{"name":"Newbridge Town Hall","layer":"townhalls","note":"OpenStreetMap","osm_id":"way/265513224","osm_url":"https://www.openstreetmap.org/way/265513224","source":"OpenStreetMap"}},{"type":"Feature","geometry":{"type":"Point","coordinates":[-3.6524807,50.2930842]},"properties":{"name":"Slapton Village Hall","layer":"townhalls","note":"OpenStreetMap","osm_id":"way/266654602","osm_url":"https://www.openstreetmap.org/way/266654602","source":"OpenStreetMap"}},{"type":"Feature","geometry":{"type":"Point","coordinates":[-0.3075859,51.5131809]},"properties":{"name":"Ealing Town Hall","layer":"townhalls","note":"OpenStreetMap","osm_id":"way/26748711","osm_url":"https://www.openstreetmap.org/way/26748711","source":"OpenStreetMap"}},{"type":"Feature","geometry":{"type":"Point","coordinates":[-0.3088718,51.5132321]},"properties":{"name":"Perceval House","layer":"townhalls","note":"OpenStreetMap","osm_id":"way/26748737","osm_url":"https://www.openstreetmap.org/way/26748737","source":"OpenStreetMap"}},{"type":"Feature","geometry":{"type":"Point","coordinates":[-2.6260109,56.2609016]},"properties":{"name":"Crail Town Hall","layer":"townhalls","note":"OpenStreetMap","osm_id":"way/267647053","osm_url":"https://www.openstreetmap.org/way/267647053","source":"OpenStreetMap"}},{"type":"Feature","geometry":{"type":"Point","coordinates":[-1.7299418,51.4214415]},"properties":{"name":"Marlborough Town Hall","layer":"townhalls","note":"OpenStreetMap","osm_id":"way/268643215","osm_url":"https://www.openstreetmap.org/way/268643215","source":"OpenStreetMap"}},{"type":"Feature","geometry":{"type":"Point","coordinates":[-2.7209741,52.3664739]},"properties":{"name":"The Guildhall","layer":"townhalls","note":"OpenStreetMap","osm_id":"way/270249966","osm_url":"https://www.openstreetmap.org/way/270249966","source":"OpenStreetMap"}},{"type":"Feature","geometry":{"type":"Point","coordinates":[-2.3001156,53.5901585]},"properties":{"name":"Bury Town Hall","layer":"townhalls","note":"Bury Council","osm_id":"way/270436697","osm_url":"https://www.openstreetmap.org/way/270436697","source":"OpenStreetMap","brand":"Bury Council"}},{"type":"Feature","geometry":{"type":"Point","coordinates":[0.7782304,51.8780124]},"properties":{"name":"Marks Tey Parish Hall","layer":"townhalls","note":"OpenStreetMap","osm_id":"way/273388982","osm_url":"https://www.openstreetmap.org/way/273388982","source":"OpenStreetMap"}},{"type":"Feature","geometry":{"type":"Point","coordinates":[-1.6284742,53.525492]},"properties":{"name":"Penistone Town Hall","layer":"townhalls","note":"OpenStreetMap","osm_id":"way/275302838","osm_url":"https://www.openstreetmap.org/way/275302838","source":"OpenStreetMap"}},{"type":"Feature","geometry":{"type":"Point","coordinates":[-2.3537585,51.6371545]},"properties":{"name":"Wotton Town Hall","layer":"townhalls","note":"OpenStreetMap","osm_id":"way/275355887","osm_url":"https://www.openstreetmap.org/way/275355887","source":"OpenStreetMap"}},{"type":"Feature","geometry":{"type":"Point","coordinates":[-2.8505893,51.4364504]},"properties":{"name":"Clevedon Town Hall","layer":"townhalls","note":"OpenStreetMap","osm_id":"way/276082601","osm_url":"https://www.openstreetmap.org/way/276082601","source":"OpenStreetMap"}},{"type":"Feature","geometry":{"type":"Point","coordinates":[-0.0730153,52.3230784]},"properties":{"name":"St Ives Town Hall","layer":"townhalls","note":"OpenStreetMap","osm_id":"way/276517612","osm_url":"https://www.openstreetmap.org/way/276517612","source":"OpenStreetMap"}},{"type":"Feature","geometry":{"type":"Point","coordinates":[-0.325026,51.2355175]},"properties":{"name":"Mole Valley District Council","layer":"townhalls","note":"OpenStreetMap","osm_id":"way/27680312","osm_url":"https://www.openstreetmap.org/way/27680312","source":"OpenStreetMap"}},{"type":"Feature","geometry":{"type":"Point","coordinates":[-3.0619464,55.6207504]},"properties":{"name":"Innerleithen Memorial Hall","layer":"townhalls","note":"OpenStreetMap","osm_id":"way/277229216","osm_url":"https://www.openstreetmap.org/way/277229216","source":"OpenStreetMap"}},{"type":"Feature","geometry":{"type":"Point","coordinates":[-1.5497216,53.8002807]},"properties":{"name":"Leeds Town Hall","layer":"townhalls","note":"OpenStreetMap","osm_id":"way/27779500","osm_url":"https://www.openstreetmap.org/way/27779500","source":"OpenStreetMap"}},{"type":"Feature","geometry":{"type":"Point","coordinates":[-6.2629255,53.3955451]},"properties":{"name":"Ballymun Civic Centre","layer":"townhalls","note":"Dublin City Council","osm_id":"way/277946220","osm_url":"https://www.openstreetmap.org/way/277946220","source":"OpenStreetMap","brand":"Dublin City Council"}},{"type":"Feature","geometry":{"type":"Point","coordinates":[-0.1021116,51.5416796]},"properties":{"name":"Islington Town Hall","layer":"townhalls","note":"OpenStreetMap","osm_id":"way/27822406","osm_url":"https://www.openstreetmap.org/way/27822406","source":"OpenStreetMap"}},{"type":"Feature","geometry":{"type":"Point","coordinates":[-2.6299449,53.5451324]},"properties":{"name":"Wigan Town Hall","layer":"townhalls","note":"Wigan Council","osm_id":"way/278308672","osm_url":"https://www.openstreetmap.org/way/278308672","source":"OpenStreetMap","brand":"Wigan Council"}},{"type":"Feature","geometry":{"type":"Point","coordinates":[-6.5692864,52.5018644]},"properties":{"name":"Market House","layer":"townhalls","note":"Wexford County Council","osm_id":"way/281068331","osm_url":"https://www.openstreetmap.org/way/281068331","source":"OpenStreetMap","brand":"Wexford County Council"}},{"type":"Feature","geometry":{"type":"Point","coordinates":[-3.9485769,51.613897]},"properties":{"name":"Civic Centre","layer":"townhalls","note":"OpenStreetMap","osm_id":"way/28230320","osm_url":"https://www.openstreetmap.org/way/28230320","source":"OpenStreetMap"}},{"type":"Feature","geometry":{"type":"Point","coordinates":[-5.4025619,56.4920763]},"properties":{"name":"Victory Hall","layer":"townhalls","note":"OpenStreetMap","osm_id":"way/282743998","osm_url":"https://www.openstreetmap.org/way/282743998","source":"OpenStreetMap"}},{"type":"Feature","geometry":{"type":"Point","coordinates":[1.1889401,52.4707063]},"properties":{"name":"Aslacton and Great Moulton Coronation Hall","layer":"townhalls","note":"OpenStreetMap","osm_id":"way/284828284","osm_url":"https://www.openstreetmap.org/way/284828284","source":"OpenStreetMap"}},{"type":"Feature","geometry":{"type":"Point","coordinates":[-3.2208353,51.4342941]},"properties":{"name":"Parish Hall","layer":"townhalls","note":"OpenStreetMap","osm_id":"way/284866799","osm_url":"https://www.openstreetmap.org/way/284866799","source":"OpenStreetMap"}},{"type":"Feature","geometry":{"type":"Point","coordinates":[-2.7953629,56.3390966]},"properties":{"name":"St Andrews Town Hall","layer":"townhalls","note":"OpenStreetMap","osm_id":"way/28495083","osm_url":"https://www.openstreetmap.org/way/28495083","source":"OpenStreetMap"}},{"type":"Feature","geometry":{"type":"Point","coordinates":[-0.0872458,51.7543694]},"properties":{"name":"Fanshaws Room","layer":"townhalls","note":"OpenStreetMap","osm_id":"way/286558753","osm_url":"https://www.openstreetmap.org/way/286558753","source":"OpenStreetMap"}},{"type":"Feature","geometry":{"type":"Point","coordinates":[-1.0682563,60.5995393]},"properties":{"name":"Mid Yell Public Hall","layer":"townhalls","note":"OpenStreetMap","osm_id":"way/286807211","osm_url":"https://www.openstreetmap.org/way/286807211","source":"OpenStreetMap"}},{"type":"Feature","geometry":{"type":"Point","coordinates":[-0.3153796,53.497609]},"properties":{"name":"Caistor Town Hall","layer":"townhalls","note":"OpenStreetMap","osm_id":"way/287146845","osm_url":"https://www.openstreetmap.org/way/287146845","source":"OpenStreetMap"}},{"type":"Feature","geometry":{"type":"Point","coordinates":[-3.5318288,50.7233804]},"properties":{"name":"Guildhall","layer":"townhalls","note":"OpenStreetMap","osm_id":"way/287278414","osm_url":"https://www.openstreetmap.org/way/287278414","source":"OpenStreetMap"}},{"type":"Feature","geometry":{"type":"Point","coordinates":[-4.1315992,57.5825229]},"properties":{"name":"Fortrose Town Hall","layer":"townhalls","note":"OpenStreetMap","osm_id":"way/288838569","osm_url":"https://www.openstreetmap.org/way/288838569","source":"OpenStreetMap"}},{"type":"Feature","geometry":{"type":"Point","coordinates":[-1.7533253,53.7924074]},"properties":{"name":"Bradford City Hall","layer":"townhalls","note":"OpenStreetMap","osm_id":"way/28892681","osm_url":"https://www.openstreetmap.org/way/28892681","source":"OpenStreetMap"}},{"type":"Feature","geometry":{"type":"Point","coordinates":[-0.2650026,51.3329242]},"properties":{"name":"Epsom Town Hall","layer":"townhalls","note":"OpenStreetMap","osm_id":"way/28898015","osm_url":"https://www.openstreetmap.org/way/28898015","source":"OpenStreetMap"}},{"type":"Feature","geometry":{"type":"Point","coordinates":[-3.1313543,53.2075552]},"properties":{"name":"The Edith Bankes Memorial Institute","layer":"townhalls","note":"OpenStreetMap","osm_id":"way/289705879","osm_url":"https://www.openstreetmap.org/way/289705879","source":"OpenStreetMap"}},{"type":"Feature","geometry":{"type":"Point","coordinates":[-1.5731405,53.082557]},"properties":{"name":"Wirksworth Town Hall","layer":"townhalls","note":"OpenStreetMap","osm_id":"way/291313737","osm_url":"https://www.openstreetmap.org/way/291313737","source":"OpenStreetMap"}},{"type":"Feature","geometry":{"type":"Point","coordinates":[-0.1167173,51.4606369]},"properties":{"name":"Lambeth Town Hall","layer":"townhalls","note":"Lambeth","osm_id":"way/292657586","osm_url":"https://www.openstreetmap.org/way/292657586","source":"OpenStreetMap","brand":"Lambeth"}},{"type":"Feature","geometry":{"type":"Point","coordinates":[-1.8685155,52.2158183]},"properties":{"name":"Alcester War Memorial Town Hall","layer":"townhalls","note":"OpenStreetMap","osm_id":"way/292658467","osm_url":"https://www.openstreetmap.org/way/292658467","source":"OpenStreetMap"}},{"type":"Feature","geometry":{"type":"Point","coordinates":[-1.1754022,50.8542197]},"properties":{"name":"Civic Tower","layer":"townhalls","note":"Fareham Borough Council","osm_id":"way/29274573","osm_url":"https://www.openstreetmap.org/way/29274573","source":"OpenStreetMap","brand":"Fareham Borough Council"}},{"type":"Feature","geometry":{"type":"Point","coordinates":[-1.007573,53.2035408]},"properties":{"name":"Ollerton Town Hall","layer":"townhalls","note":"OpenStreetMap","osm_id":"way/292978931","osm_url":"https://www.openstreetmap.org/way/292978931","source":"OpenStreetMap"}},{"type":"Feature","geometry":{"type":"Point","coordinates":[-9.5088931,52.0578812]},"properties":{"name":"Killarney Town Hall","layer":"townhalls","note":"Kerry County Council","osm_id":"way/293926178","osm_url":"https://www.openstreetmap.org/way/293926178","source":"OpenStreetMap","brand":"Kerry County Council"}},{"type":"Feature","geometry":{"type":"Point","coordinates":[-3.2224542,53.2735839]},"properties":{"name":"Town hall","layer":"townhalls","note":"OpenStreetMap","osm_id":"way/293986626","osm_url":"https://www.openstreetmap.org/way/293986626","source":"OpenStreetMap"}},{"type":"Feature","geometry":{"type":"Point","coordinates":[-6.7277525,53.594664]},"properties":{"name":"Robinstown Hall","layer":"townhalls","note":"OpenStreetMap","osm_id":"way/294488976","osm_url":"https://www.openstreetmap.org/way/294488976","source":"OpenStreetMap"}},{"type":"Feature","geometry":{"type":"Point","coordinates":[-0.6578295,51.9177543]},"properties":{"name":"The White House","layer":"townhalls","note":"OpenStreetMap","osm_id":"way/294705754","osm_url":"https://www.openstreetmap.org/way/294705754","source":"OpenStreetMap"}},{"type":"Feature","geometry":{"type":"Point","coordinates":[-8.7282527,54.0550191]},"properties":{"name":"Teach Laighne","layer":"townhalls","note":"OpenStreetMap","osm_id":"way/294826340","osm_url":"https://www.openstreetmap.org/way/294826340","source":"OpenStreetMap"}},{"type":"Feature","geometry":{"type":"Point","coordinates":[-1.2437753,53.7095378]},"properties":{"name":"Knottingley Town Hall","layer":"townhalls","note":"OpenStreetMap","osm_id":"way/295464001","osm_url":"https://www.openstreetmap.org/way/295464001","source":"OpenStreetMap"}},{"type":"Feature","geometry":{"type":"Point","coordinates":[-0.0211502,51.4451581]},"properties":{"name":"Lewisham Town Hall","layer":"townhalls","note":"OpenStreetMap","osm_id":"way/2956187","osm_url":"https://www.openstreetmap.org/way/2956187","source":"OpenStreetMap"}},{"type":"Feature","geometry":{"type":"Point","coordinates":[-0.3980626,54.2818359]},"properties":{"name":"Scarborough Town Hall","layer":"townhalls","note":"Scarborough Borough Council","osm_id":"way/295655258","osm_url":"https://www.openstreetmap.org/way/295655258","source":"OpenStreetMap","brand":"Scarborough Borough Council"}},{"type":"Feature","geometry":{"type":"Point","coordinates":[-1.2725647,52.9006037]},"properties":{"name":"Long Eaton Town Hall","layer":"townhalls","note":"OpenStreetMap","osm_id":"way/297298732","osm_url":"https://www.openstreetmap.org/way/297298732","source":"OpenStreetMap"}},{"type":"Feature","geometry":{"type":"Point","coordinates":[1.3136496,52.0940628]},"properties":{"name":"Woodbridge Shire Hall","layer":"townhalls","note":"OpenStreetMap","osm_id":"way/297592770","osm_url":"https://www.openstreetmap.org/way/297592770","source":"OpenStreetMap"}},{"type":"Feature","geometry":{"type":"Point","coordinates":[-1.310125,53.5292013]},"properties":{"name":"Town hall","layer":"townhalls","note":"OpenStreetMap","osm_id":"way/298278675","osm_url":"https://www.openstreetmap.org/way/298278675","source":"OpenStreetMap"}},{"type":"Feature","geometry":{"type":"Point","coordinates":[-2.799047,50.8201153]},"properties":{"name":"Comrades Hall","layer":"townhalls","note":"OpenStreetMap","osm_id":"way/298284906","osm_url":"https://www.openstreetmap.org/way/298284906","source":"OpenStreetMap"}},{"type":"Feature","geometry":{"type":"Point","coordinates":[-0.7294719,52.66988]},"properties":{"name":"Victoria Hall","layer":"townhalls","note":"OpenStreetMap","osm_id":"way/298852308","osm_url":"https://www.openstreetmap.org/way/298852308","source":"OpenStreetMap"}},{"type":"Feature","geometry":{"type":"Point","coordinates":[-2.5098172,54.1176625]},"properties":{"name":"Bentham Town Hall","layer":"townhalls","note":"OpenStreetMap","osm_id":"way/29980116","osm_url":"https://www.openstreetmap.org/way/29980116","source":"OpenStreetMap"}},{"type":"Feature","geometry":{"type":"Point","coordinates":[-6.6531136,55.2047646]},"properties":{"name":"Town Hall","layer":"townhalls","note":"OpenStreetMap","osm_id":"way/299983580","osm_url":"https://www.openstreetmap.org/way/299983580","source":"OpenStreetMap"}},{"type":"Feature","geometry":{"type":"Point","coordinates":[1.4363116,52.4569185]},"properties":{"name":"Bungay Town Council","layer":"townhalls","note":"OpenStreetMap","osm_id":"way/300325960","osm_url":"https://www.openstreetmap.org/way/300325960","source":"OpenStreetMap"}},{"type":"Feature","geometry":{"type":"Point","coordinates":[-3.9946144,55.789897]},"properties":{"name":"Town hall","layer":"townhalls","note":"OpenStreetMap","osm_id":"way/300463794","osm_url":"https://www.openstreetmap.org/way/300463794","source":"OpenStreetMap"}},{"type":"Feature","geometry":{"type":"Point","coordinates":[-0.7692439,53.0455755]},"properties":{"name":"Balderton Hall","layer":"townhalls","note":"OpenStreetMap","osm_id":"way/300857791","osm_url":"https://www.openstreetmap.org/way/300857791","source":"OpenStreetMap"}},{"type":"Feature","geometry":{"type":"Point","coordinates":[-2.0556781,53.4829541]},"properties":{"name":"Stalybridge Civic Hall","layer":"townhalls","note":"OpenStreetMap","osm_id":"way/302342402","osm_url":"https://www.openstreetmap.org/way/302342402","source":"OpenStreetMap"}},{"type":"Feature","geometry":{"type":"Point","coordinates":[0.0741698,51.5588749]},"properties":{"name":"Redbridge Town Hall","layer":"townhalls","note":"OpenStreetMap","osm_id":"way/302958247","osm_url":"https://www.openstreetmap.org/way/302958247","source":"OpenStreetMap"}},{"type":"Feature","geometry":{"type":"Point","coordinates":[-1.2484844,53.172264]},"properties":{"name":"The Verney Institute","layer":"townhalls","note":"OpenStreetMap","osm_id":"way/306463767","osm_url":"https://www.openstreetmap.org/way/306463767","source":"OpenStreetMap"}},{"type":"Feature","geometry":{"type":"Point","coordinates":[-0.1754827,52.3192084]},"properties":{"name":"Godmanchester Town Hall","layer":"townhalls","note":"OpenStreetMap","osm_id":"way/30713608","osm_url":"https://www.openstreetmap.org/way/30713608","source":"OpenStreetMap"}},{"type":"Feature","geometry":{"type":"Point","coordinates":[-1.7023705,54.8681649]},"properties":{"name":"Stanley Civic Hall","layer":"townhalls","note":"Stanley Town Council","osm_id":"way/307161815","osm_url":"https://www.openstreetmap.org/way/307161815","source":"OpenStreetMap","brand":"Stanley Town Council"}},{"type":"Feature","geometry":{"type":"Point","coordinates":[-0.5929427,52.3057991]},"properties":{"name":"Higham Ferrers Town Council","layer":"townhalls","note":"OpenStreetMap","osm_id":"way/307585362","osm_url":"https://www.openstreetmap.org/way/307585362","source":"OpenStreetMap"}},{"type":"Feature","geometry":{"type":"Point","coordinates":[-2.7425366,51.4133188]},"properties":{"name":"Backwell Parish Council","layer":"townhalls","note":"OpenStreetMap","osm_id":"way/30800908","osm_url":"https://www.openstreetmap.org/way/30800908","source":"OpenStreetMap"}},{"type":"Feature","geometry":{"type":"Point","coordinates":[-1.7783329,52.4107637]},"properties":{"name":"Civic Suite","layer":"townhalls","note":"Solihull MBC","osm_id":"way/30847756","osm_url":"https://www.openstreetmap.org/way/30847756","source":"OpenStreetMap","brand":"Solihull MBC"}},{"type":"Feature","geometry":{"type":"Point","coordinates":[-3.0401057,51.701275]},"properties":{"name":"Civic Centre","layer":"townhalls","note":"Torfaen County Borough Council","osm_id":"way/308900359","osm_url":"https://www.openstreetmap.org/way/308900359","source":"OpenStreetMap","brand":"Torfaen County Borough Council"}},{"type":"Feature","geometry":{"type":"Point","coordinates":[-6.6712894,55.1316004]},"properties":{"name":"Coleraine Town Hall","layer":"townhalls","note":"OpenStreetMap","osm_id":"way/310773180","osm_url":"https://www.openstreetmap.org/way/310773180","source":"OpenStreetMap"}},{"type":"Feature","geometry":{"type":"Point","coordinates":[-2.0800555,53.4508495]},"properties":{"name":"Hyde Town Hall","layer":"townhalls","note":"OpenStreetMap","osm_id":"way/311395241","osm_url":"https://www.openstreetmap.org/way/311395241","source":"OpenStreetMap"}},{"type":"Feature","geometry":{"type":"Point","coordinates":[-1.5161316,51.4148317]},"properties":{"name":"Hungerford Town Hall and Corn Exchange","layer":"townhalls","note":"OpenStreetMap","osm_id":"way/312685382","osm_url":"https://www.openstreetmap.org/way/312685382","source":"OpenStreetMap"}},{"type":"Feature","geometry":{"type":"Point","coordinates":[-1.2637548,52.3754425]},"properties":{"name":"Rugby Town Hall","layer":"townhalls","note":"OpenStreetMap","osm_id":"way/31309606","osm_url":"https://www.openstreetmap.org/way/31309606","source":"OpenStreetMap"}},{"type":"Feature","geometry":{"type":"Point","coordinates":[-0.1907639,54.0829521]},"properties":{"name":"Town hall","layer":"townhalls","note":"OpenStreetMap","osm_id":"way/313306270","osm_url":"https://www.openstreetmap.org/way/313306270","source":"OpenStreetMap"}},{"type":"Feature","geometry":{"type":"Point","coordinates":[-8.2721919,52.2678854]},"properties":{"name":"Mitchelstown Town Hall","layer":"townhalls","note":"OpenStreetMap","osm_id":"way/313309932","osm_url":"https://www.openstreetmap.org/way/313309932","source":"OpenStreetMap"}},{"type":"Feature","geometry":{"type":"Point","coordinates":[-3.4096635,56.3491798]},"properties":{"name":"Bridge of Earn Institute","layer":"townhalls","note":"OpenStreetMap","osm_id":"way/314408801","osm_url":"https://www.openstreetmap.org/way/314408801","source":"OpenStreetMap"}},{"type":"Feature","geometry":{"type":"Point","coordinates":[-0.6931069,52.2997104]},"properties":{"name":"Wellingborough Council Offices - Tithe Barn Offices","layer":"townhalls","note":"OpenStreetMap","osm_id":"way/315051429","osm_url":"https://www.openstreetmap.org/way/315051429","source":"OpenStreetMap"}},{"type":"Feature","geometry":{"type":"Point","coordinates":[-0.6936666,52.300014]},"properties":{"name":"Wellingborough Council Offices - Croyland Hall","layer":"townhalls","note":"OpenStreetMap","osm_id":"way/315051430","osm_url":"https://www.openstreetmap.org/way/315051430","source":"OpenStreetMap"}},{"type":"Feature","geometry":{"type":"Point","coordinates":[-3.2693164,54.2091274]},"properties":{"name":"Council Offices","layer":"townhalls","note":"OpenStreetMap","osm_id":"way/315062428","osm_url":"https://www.openstreetmap.org/way/315062428","source":"OpenStreetMap"}},{"type":"Feature","geometry":{"type":"Point","coordinates":[-0.906315,51.5373934]},"properties":{"name":"Henley Town Hall","layer":"townhalls","note":"OpenStreetMap","osm_id":"way/315576316","osm_url":"https://www.openstreetmap.org/way/315576316","source":"OpenStreetMap"}},{"type":"Feature","geometry":{"type":"Point","coordinates":[-0.6665614,53.8643812]},"properties":{"name":"Market Weighton Town Hall","layer":"townhalls","note":"OpenStreetMap","osm_id":"way/316494011","osm_url":"https://www.openstreetmap.org/way/316494011","source":"OpenStreetMap"}},{"type":"Feature","geometry":{"type":"Point","coordinates":[1.706961,52.4733516]},"properties":{"name":"Oulton Broad Parish Council","layer":"townhalls","note":"OpenStreetMap","osm_id":"way/317188708","osm_url":"https://www.openstreetmap.org/way/317188708","source":"OpenStreetMap"}},{"type":"Feature","geometry":{"type":"Point","coordinates":[-1.5894117,53.4818561]},"properties":{"name":"Stocksbridge Town Hall","layer":"townhalls","note":"OpenStreetMap","osm_id":"way/317569215","osm_url":"https://www.openstreetmap.org/way/317569215","source":"OpenStreetMap"}},{"type":"Feature","geometry":{"type":"Point","coordinates":[-3.9937349,51.8830187]},"properties":{"name":"Llandeilo Fawr Town Council","layer":"townhalls","note":"OpenStreetMap","osm_id":"way/317593295","osm_url":"https://www.openstreetmap.org/way/317593295","source":"OpenStreetMap"}},{"type":"Feature","geometry":{"type":"Point","coordinates":[-9.8077981,53.7637303]},"properties":{"name":"Louisburgh Town Hall","layer":"townhalls","note":"OpenStreetMap","osm_id":"way/317758419","osm_url":"https://www.openstreetmap.org/way/317758419","source":"OpenStreetMap"}},{"type":"Feature","geometry":{"type":"Point","coordinates":[-3.7953313,56.1165462]},"properties":{"name":"Alloa Town Hall","layer":"townhalls","note":"Clackmannanshire Council","osm_id":"way/317905329","osm_url":"https://www.openstreetmap.org/way/317905329","source":"OpenStreetMap","brand":"Clackmannanshire Council"}},{"type":"Feature","geometry":{"type":"Point","coordinates":[-3.8906994,52.801237]},"properties":{"name":"Ganllwyd Town Hall","layer":"townhalls","note":"OpenStreetMap","osm_id":"way/318771140","osm_url":"https://www.openstreetmap.org/way/318771140","source":"OpenStreetMap"}},{"type":"Feature","geometry":{"type":"Point","coordinates":[-2.7382079,50.8095034]},"properties":{"name":"Beaminster Public Hall","layer":"townhalls","note":"Beaminster Town Council","osm_id":"way/319497151","osm_url":"https://www.openstreetmap.org/way/319497151","source":"OpenStreetMap","brand":"Beaminster Town Council"}},{"type":"Feature","geometry":{"type":"Point","coordinates":[-3.3983611,56.0294744]},"properties":{"name":"Inverkeithing Civic Centre","layer":"townhalls","note":"OpenStreetMap","osm_id":"way/319900736","osm_url":"https://www.openstreetmap.org/way/319900736","source":"OpenStreetMap"}},{"type":"Feature","geometry":{"type":"Point","coordinates":[-4.1657073,55.10592]},"properties":{"name":"Dalry Town Hall","layer":"townhalls","note":"OpenStreetMap","osm_id":"way/320437277","osm_url":"https://www.openstreetmap.org/way/320437277","source":"OpenStreetMap"}},{"type":"Feature","geometry":{"type":"Point","coordinates":[-3.8091855,56.1532095]},"properties":{"name":"Cochrane Hall","layer":"townhalls","note":"Clackmannanshire Council","osm_id":"way/320993293","osm_url":"https://www.openstreetmap.org/way/320993293","source":"OpenStreetMap","brand":"Clackmannanshire Council"}},{"type":"Feature","geometry":{"type":"Point","coordinates":[-3.7495795,56.1072166]},"properties":{"name":"Clackmannan Town Hall","layer":"townhalls","note":"OpenStreetMap","osm_id":"way/320995169","osm_url":"https://www.openstreetmap.org/way/320995169","source":"OpenStreetMap"}},{"type":"Feature","geometry":{"type":"Point","coordinates":[-4.3016289,55.7977082]},"properties":{"name":"Council Offices","layer":"townhalls","note":"East Renfrewshire Council","osm_id":"way/32139618","osm_url":"https://www.openstreetmap.org/way/32139618","source":"OpenStreetMap","brand":"East Renfrewshire Council"}},{"type":"Feature","geometry":{"type":"Point","coordinates":[-2.2821255,51.7459044]},"properties":{"name":"Town Hall","layer":"townhalls","note":"Stonehouse Town Council","osm_id":"way/322023480","osm_url":"https://www.openstreetmap.org/way/322023480","source":"OpenStreetMap","brand":"Stonehouse Town Council"}},{"type":"Feature","geometry":{"type":"Point","coordinates":[-3.1153702,55.9529481]},"properties":{"name":"Portobello Town Hall","layer":"townhalls","note":"OpenStreetMap","osm_id":"way/32350900","osm_url":"https://www.openstreetmap.org/way/32350900","source":"OpenStreetMap"}},{"type":"Feature","geometry":{"type":"Point","coordinates":[-3.2279859,54.111547]},"properties":{"name":"Barrow-in-Furness Town Hall","layer":"townhalls","note":"Westmorland and Furness Council","osm_id":"way/323834161","osm_url":"https://www.openstreetmap.org/way/323834161","source":"OpenStreetMap","brand":"Westmorland and Furness Council"}},{"type":"Feature","geometry":{"type":"Point","coordinates":[-2.9031965,53.2773702]},"properties":{"name":"Ellesmere Port Civic Hall","layer":"townhalls","note":"OpenStreetMap","osm_id":"way/326345676","osm_url":"https://www.openstreetmap.org/way/326345676","source":"OpenStreetMap"}},{"type":"Feature","geometry":{"type":"Point","coordinates":[0.8989757,51.890013]},"properties":{"name":"Colchester Town Hall","layer":"townhalls","note":"OpenStreetMap","osm_id":"way/32665921","osm_url":"https://www.openstreetmap.org/way/32665921","source":"OpenStreetMap"}},{"type":"Feature","geometry":{"type":"Point","coordinates":[-2.8019711,53.4304466]},"properties":{"name":"Prescot Town Hall","layer":"townhalls","note":"OpenStreetMap","osm_id":"way/326817322","osm_url":"https://www.openstreetmap.org/way/326817322","source":"OpenStreetMap"}},{"type":"Feature","geometry":{"type":"Point","coordinates":[-2.5996691,53.3897101]},"properties":{"name":"Warrington Town Hall","layer":"townhalls","note":"OpenStreetMap","osm_id":"way/32760366","osm_url":"https://www.openstreetmap.org/way/32760366","source":"OpenStreetMap"}},{"type":"Feature","geometry":{"type":"Point","coordinates":[-1.5527648,54.5236348]},"properties":{"name":"Town Hall","layer":"townhalls","note":"OpenStreetMap","osm_id":"way/32936183","osm_url":"https://www.openstreetmap.org/way/32936183","source":"OpenStreetMap"}},{"type":"Feature","geometry":{"type":"Point","coordinates":[-0.9432224,53.3222596]},"properties":{"name":"Retford Town Hall","layer":"townhalls","note":"OpenStreetMap","osm_id":"way/32964611","osm_url":"https://www.openstreetmap.org/way/32964611","source":"OpenStreetMap"}},{"type":"Feature","geometry":{"type":"Point","coordinates":[-5.4192459,55.86188]},"properties":{"name":"Tarbert Village Hall","layer":"townhalls","note":"OpenStreetMap","osm_id":"way/329727417","osm_url":"https://www.openstreetmap.org/way/329727417","source":"OpenStreetMap"}},{"type":"Feature","geometry":{"type":"Point","coordinates":[0.1141689,51.7016318]},"properties":{"name":"Epping Forest District Council offices","layer":"townhalls","note":"OpenStreetMap","osm_id":"way/330944908","osm_url":"https://www.openstreetmap.org/way/330944908","source":"OpenStreetMap"}},{"type":"Feature","geometry":{"type":"Point","coordinates":[-2.520467,53.5487639]},"properties":{"name":"Westhoughton Town Hall","layer":"townhalls","note":"OpenStreetMap","osm_id":"way/33179849","osm_url":"https://www.openstreetmap.org/way/33179849","source":"OpenStreetMap"}},{"type":"Feature","geometry":{"type":"Point","coordinates":[0.1538513,51.4556581]},"properties":{"name":"Bexley Civic Offices","layer":"townhalls","note":"OpenStreetMap","osm_id":"way/332400834","osm_url":"https://www.openstreetmap.org/way/332400834","source":"OpenStreetMap"}},{"type":"Feature","geometry":{"type":"Point","coordinates":[-4.8334274,50.4086093]},"properties":{"name":"Roche Victory Hall","layer":"townhalls","note":"OpenStreetMap","osm_id":"way/332772157","osm_url":"https://www.openstreetmap.org/way/332772157","source":"OpenStreetMap"}},{"type":"Feature","geometry":{"type":"Point","coordinates":[-2.5185636,52.6988443]},"properties":{"name":"Wellington Town Council","layer":"townhalls","note":"OpenStreetMap","osm_id":"way/332855844","osm_url":"https://www.openstreetmap.org/way/332855844","source":"OpenStreetMap"}},{"type":"Feature","geometry":{"type":"Point","coordinates":[1.4334597,52.6262141]},"properties":{"name":"Brundall Memorial Hall","layer":"townhalls","note":"OpenStreetMap","osm_id":"way/333058180","osm_url":"https://www.openstreetmap.org/way/333058180","source":"OpenStreetMap"}},{"type":"Feature","geometry":{"type":"Point","coordinates":[-6.2708884,53.3443186]},"properties":{"name":"Dublin City Council","layer":"townhalls","note":"Dublin City Council","osm_id":"way/334049625","osm_url":"https://www.openstreetmap.org/way/334049625","source":"OpenStreetMap","brand":"Dublin City Council"}},{"type":"Feature","geometry":{"type":"Point","coordinates":[-2.1846314,51.4340607]},"properties":{"name":"Corsham Town Hall","layer":"townhalls","note":"OpenStreetMap","osm_id":"way/334098547","osm_url":"https://www.openstreetmap.org/way/334098547","source":"OpenStreetMap"}},{"type":"Feature","geometry":{"type":"Point","coordinates":[0.6882499,52.6467106]},"properties":{"name":"Town Hall","layer":"townhalls","note":"OpenStreetMap","osm_id":"way/335585917","osm_url":"https://www.openstreetmap.org/way/335585917","source":"OpenStreetMap"}},{"type":"Feature","geometry":{"type":"Point","coordinates":[-1.6260347,52.0626222]},"properties":{"name":"Shipston on Stour Town Council","layer":"townhalls","note":"OpenStreetMap","osm_id":"way/336771057","osm_url":"https://www.openstreetmap.org/way/336771057","source":"OpenStreetMap"}},{"type":"Feature","geometry":{"type":"Point","coordinates":[-2.3914506,53.8734048]},"properties":{"name":"Ribble Valley Borough Council","layer":"townhalls","note":"Ribble Valley Borough Council","osm_id":"way/338546428","osm_url":"https://www.openstreetmap.org/way/338546428","source":"OpenStreetMap","brand":"Ribble Valley Borough Council"}},{"type":"Feature","geometry":{"type":"Point","coordinates":[-4.1701964,51.7784198]},"properties":{"name":"Memorial Hall","layer":"townhalls","note":"OpenStreetMap","osm_id":"way/338712852","osm_url":"https://www.openstreetmap.org/way/338712852","source":"OpenStreetMap"}},{"type":"Feature","geometry":{"type":"Point","coordinates":[-1.9088702,53.8674505]},"properties":{"name":"Keighley Town Hall","layer":"townhalls","note":"OpenStreetMap","osm_id":"way/338875181","osm_url":"https://www.openstreetmap.org/way/338875181","source":"OpenStreetMap"}},{"type":"Feature","geometry":{"type":"Point","coordinates":[-2.2397105,50.6815926]},"properties":{"name":"East Burton Village Hall","layer":"townhalls","note":"OpenStreetMap","osm_id":"way/339606131","osm_url":"https://www.openstreetmap.org/way/339606131","source":"OpenStreetMap"}},{"type":"Feature","geometry":{"type":"Point","coordinates":[-3.1487942,52.6606418]},"properties":{"name":"Welshpool Town Hall","layer":"townhalls","note":"OpenStreetMap","osm_id":"way/339971597","osm_url":"https://www.openstreetmap.org/way/339971597","source":"OpenStreetMap"}},{"type":"Feature","geometry":{"type":"Point","coordinates":[-0.6907818,52.2992]},"properties":{"name":"Swanspool House","layer":"townhalls","note":"Wellingborough Borough Concil","osm_id":"way/340730812","osm_url":"https://www.openstreetmap.org/way/340730812","source":"OpenStreetMap","brand":"Wellingborough Borough Concil"}},{"type":"Feature","geometry":{"type":"Point","coordinates":[-1.2026503,50.5939576]},"properties":{"name":"Salisbury Gardens","layer":"townhalls","note":"OpenStreetMap","osm_id":"way/34303107","osm_url":"https://www.openstreetmap.org/way/34303107","source":"OpenStreetMap"}},{"type":"Feature","geometry":{"type":"Point","coordinates":[-8.9523761,53.9431579]},"properties":{"name":"Town hall","layer":"townhalls","note":"OpenStreetMap","osm_id":"way/343945833","osm_url":"https://www.openstreetmap.org/way/343945833","source":"OpenStreetMap"}},{"type":"Feature","geometry":{"type":"Point","coordinates":[1.304768,52.9305677]},"properties":{"name":"Cromer Town Council","layer":"townhalls","note":"OpenStreetMap","osm_id":"way/345723556","osm_url":"https://www.openstreetmap.org/way/345723556","source":"OpenStreetMap"}},{"type":"Feature","geometry":{"type":"Point","coordinates":[-0.784286,53.0612316]},"properties":{"name":"The Balderton Village Centre","layer":"townhalls","note":"Balderton Parish Council","osm_id":"way/346532380","osm_url":"https://www.openstreetmap.org/way/346532380","source":"OpenStreetMap","brand":"Balderton Parish Council"}},{"type":"Feature","geometry":{"type":"Point","coordinates":[1.1740709,52.8544548]},"properties":{"name":"Little Barningham Vilage Hall","layer":"townhalls","note":"OpenStreetMap","osm_id":"way/347509610","osm_url":"https://www.openstreetmap.org/way/347509610","source":"OpenStreetMap"}},{"type":"Feature","geometry":{"type":"Point","coordinates":[-0.3360652,51.7533675]},"properties":{"name":"Civic Centre","layer":"townhalls","note":"St Albans City and District Council","osm_id":"way/34781722","osm_url":"https://www.openstreetmap.org/way/34781722","source":"OpenStreetMap","brand":"St Albans City and District Council"}},{"type":"Feature","geometry":{"type":"Point","coordinates":[0.8256268,52.5717659]},"properties":{"name":"Wayland Hall","layer":"townhalls","note":"OpenStreetMap","osm_id":"way/348675096","osm_url":"https://www.openstreetmap.org/way/348675096","source":"OpenStreetMap"}},{"type":"Feature","geometry":{"type":"Point","coordinates":[-0.6168504,51.6665232]},"properties":{"name":"Market Hall","layer":"townhalls","note":"OpenStreetMap","osm_id":"way/348731504","osm_url":"https://www.openstreetmap.org/way/348731504","source":"OpenStreetMap"}},{"type":"Feature","geometry":{"type":"Point","coordinates":[-2.4587959,50.6065019]},"properties":{"name":"Weymouth Old Town Hall","layer":"townhalls","note":"OpenStreetMap","osm_id":"way/349912802","osm_url":"https://www.openstreetmap.org/way/349912802","source":"OpenStreetMap"}},{"type":"Feature","geometry":{"type":"Point","coordinates":[-2.1161439,51.4586483]},"properties":{"name":"Chippenham Town Hall","layer":"townhalls","note":"OpenStreetMap","osm_id":"way/35041614","osm_url":"https://www.openstreetmap.org/way/35041614","source":"OpenStreetMap"}},{"type":"Feature","geometry":{"type":"Point","coordinates":[-2.605489,53.2714929]},"properties":{"name":"Acton Bridge Parish Room","layer":"townhalls","note":"OpenStreetMap","osm_id":"way/35143063","osm_url":"https://www.openstreetmap.org/way/35143063","source":"OpenStreetMap"}},{"type":"Feature","geometry":{"type":"Point","coordinates":[-1.8619062,52.0364192]},"properties":{"name":"Parish Council","layer":"townhalls","note":"OpenStreetMap","osm_id":"way/352047127","osm_url":"https://www.openstreetmap.org/way/352047127","source":"OpenStreetMap"}},{"type":"Feature","geometry":{"type":"Point","coordinates":[-7.3769495,57.4725531]},"properties":{"name":"Oifisean na Comhairle, Baile a' Mhanaich","layer":"townhalls","note":"Comhairle nan Eilean Siar","osm_id":"way/352152089","osm_url":"https://www.openstreetmap.org/way/352152089","source":"OpenStreetMap","brand":"Comhairle nan Eilean Siar"}},{"type":"Feature","geometry":{"type":"Point","coordinates":[1.5148469,52.7717313]},"properties":{"name":"Stalham Town Hall","layer":"townhalls","note":"OpenStreetMap","osm_id":"way/352645055","osm_url":"https://www.openstreetmap.org/way/352645055","source":"OpenStreetMap"}},{"type":"Feature","geometry":{"type":"Point","coordinates":[-1.3513518,60.4977854]},"properties":{"name":"Ollaberry Public Hall","layer":"townhalls","note":"OpenStreetMap","osm_id":"way/352772056","osm_url":"https://www.openstreetmap.org/way/352772056","source":"OpenStreetMap"}},{"type":"Feature","geometry":{"type":"Point","coordinates":[-3.3287745,50.6307586]},"properties":{"name":"Public Hall","layer":"townhalls","note":"OpenStreetMap","osm_id":"way/35354857","osm_url":"https://www.openstreetmap.org/way/35354857","source":"OpenStreetMap"}},{"type":"Feature","geometry":{"type":"Point","coordinates":[-2.8939458,52.9085991]},"properties":{"name":"Ellesmere Town Hall","layer":"townhalls","note":"OpenStreetMap","osm_id":"way/353626564","osm_url":"https://www.openstreetmap.org/way/353626564","source":"OpenStreetMap"}},{"type":"Feature","geometry":{"type":"Point","coordinates":[-2.9284747,54.8902859]},"properties":{"name":"Cumbria House","layer":"townhalls","note":"Cumberland Council","osm_id":"way/353846497","osm_url":"https://www.openstreetmap.org/way/353846497","source":"OpenStreetMap","brand":"Cumberland Council"}},{"type":"Feature","geometry":{"type":"Point","coordinates":[-3.0028702,56.6742567]},"properties":{"name":"Kirriemuir Town Hall","layer":"townhalls","note":"OpenStreetMap","osm_id":"way/353946733","osm_url":"https://www.openstreetmap.org/way/353946733","source":"OpenStreetMap"}},{"type":"Feature","geometry":{"type":"Point","coordinates":[-0.9776121,51.1486048]},"properties":{"name":"Town Hall","layer":"townhalls","note":"OpenStreetMap","osm_id":"way/356040550","osm_url":"https://www.openstreetmap.org/way/356040550","source":"OpenStreetMap"}},{"type":"Feature","geometry":{"type":"Point","coordinates":[0.4708967,50.8417323]},"properties":{"name":"Bexhill Town Hall","layer":"townhalls","note":"Rother District Council","osm_id":"way/356350002","osm_url":"https://www.openstreetmap.org/way/356350002","source":"OpenStreetMap","brand":"Rother District Council"}},{"type":"Feature","geometry":{"type":"Point","coordinates":[-1.150677,51.5507775]},"properties":{"name":"Moulsford Pavilion","layer":"townhalls","note":"Moulsford Parish Council","osm_id":"way/357042803","osm_url":"https://www.openstreetmap.org/way/357042803","source":"OpenStreetMap","brand":"Moulsford Parish Council"}},{"type":"Feature","geometry":{"type":"Point","coordinates":[-2.5976093,51.7974469]},"properties":{"name":"Evergreen Hall","layer":"townhalls","note":"OpenStreetMap","osm_id":"way/358472777","osm_url":"https://www.openstreetmap.org/way/358472777","source":"OpenStreetMap"}},{"type":"Feature","geometry":{"type":"Point","coordinates":[1.2515414,52.7953875]},"properties":{"name":"Aylsham Town Hall","layer":"townhalls","note":"OpenStreetMap","osm_id":"way/358495437","osm_url":"https://www.openstreetmap.org/way/358495437","source":"OpenStreetMap"}},{"type":"Feature","geometry":{"type":"Point","coordinates":[-1.5164127,55.1237624]},"properties":{"name":"Blyth Civic Centre","layer":"townhalls","note":"OpenStreetMap","osm_id":"way/36146770","osm_url":"https://www.openstreetmap.org/way/36146770","source":"OpenStreetMap"}},{"type":"Feature","geometry":{"type":"Point","coordinates":[-2.2083503,51.2947719]},"properties":{"name":"Peace Memorial Hall","layer":"townhalls","note":"OpenStreetMap","osm_id":"way/362319167","osm_url":"https://www.openstreetmap.org/way/362319167","source":"OpenStreetMap"}},{"type":"Feature","geometry":{"type":"Point","coordinates":[-8.6249199,52.668374]},"properties":{"name":"Town hall","layer":"townhalls","note":"OpenStreetMap","osm_id":"way/362457752","osm_url":"https://www.openstreetmap.org/way/362457752","source":"OpenStreetMap"}},{"type":"Feature","geometry":{"type":"Point","coordinates":[-8.6249786,52.6681243]},"properties":{"name":"Town hall","layer":"townhalls","note":"OpenStreetMap","osm_id":"way/362457755","osm_url":"https://www.openstreetmap.org/way/362457755","source":"OpenStreetMap"}},{"type":"Feature","geometry":{"type":"Point","coordinates":[-0.2724342,52.2287008]},"properties":{"name":"Priory Centre","layer":"townhalls","note":"OpenStreetMap","osm_id":"way/362849845","osm_url":"https://www.openstreetmap.org/way/362849845","source":"OpenStreetMap"}},{"type":"Feature","geometry":{"type":"Point","coordinates":[-1.3564762,53.3090012]},"properties":{"name":"Eckington Civic Centre","layer":"townhalls","note":"OpenStreetMap","osm_id":"way/363773494","osm_url":"https://www.openstreetmap.org/way/363773494","source":"OpenStreetMap"}},{"type":"Feature","geometry":{"type":"Point","coordinates":[-5.2643112,51.88062]},"properties":{"name":"St Davids City Hall","layer":"townhalls","note":"OpenStreetMap","osm_id":"way/366836870","osm_url":"https://www.openstreetmap.org/way/366836870","source":"OpenStreetMap"}},{"type":"Feature","geometry":{"type":"Point","coordinates":[-1.5238737,54.1358314]},"properties":{"name":"Town Hall","layer":"townhalls","note":"OpenStreetMap","osm_id":"way/368293080","osm_url":"https://www.openstreetmap.org/way/368293080","source":"OpenStreetMap"}},{"type":"Feature","geometry":{"type":"Point","coordinates":[-6.1823404,53.6085831]},"properties":{"name":"Halla an Bhaile","layer":"townhalls","note":"Fingal County Council","osm_id":"way/368898350","osm_url":"https://www.openstreetmap.org/way/368898350","source":"OpenStreetMap","brand":"Fingal County Council"}},{"type":"Feature","geometry":{"type":"Point","coordinates":[-0.355541,51.8130794]},"properties":{"name":"Harpenden Town Hall","layer":"townhalls","note":"Harpenden Town Council","osm_id":"way/371774301","osm_url":"https://www.openstreetmap.org/way/371774301","source":"OpenStreetMap","brand":"Harpenden Town Council"}},{"type":"Feature","geometry":{"type":"Point","coordinates":[-0.2050368,51.2394412]},"properties":{"name":"Town Hall","layer":"townhalls","note":"OpenStreetMap","osm_id":"way/372602350","osm_url":"https://www.openstreetmap.org/way/372602350","source":"OpenStreetMap"}},{"type":"Feature","geometry":{"type":"Point","coordinates":[-1.3104957,51.0613045]},"properties":{"name":"Winchester Guildhall","layer":"townhalls","note":"OpenStreetMap","osm_id":"way/374179302","osm_url":"https://www.openstreetmap.org/way/374179302","source":"OpenStreetMap"}},{"type":"Feature","geometry":{"type":"Point","coordinates":[-4.2248589,57.4772394]},"properties":{"name":"Inverness Town House","layer":"townhalls","note":"OpenStreetMap","osm_id":"way/37591151","osm_url":"https://www.openstreetmap.org/way/37591151","source":"OpenStreetMap"}},{"type":"Feature","geometry":{"type":"Point","coordinates":[-1.3553789,53.4289378]},"properties":{"name":"Rotherham Town Hall","layer":"townhalls","note":"OpenStreetMap","osm_id":"way/37727445","osm_url":"https://www.openstreetmap.org/way/37727445","source":"OpenStreetMap"}},{"type":"Feature","geometry":{"type":"Point","coordinates":[-4.3113579,55.9873116]},"properties":{"name":"The Village Club","layer":"townhalls","note":"OpenStreetMap","osm_id":"way/378001217","osm_url":"https://www.openstreetmap.org/way/378001217","source":"OpenStreetMap"}},{"type":"Feature","geometry":{"type":"Point","coordinates":[-1.6734834,54.6658543]},"properties":{"name":"Bishop Auckland Town Hall","layer":"townhalls","note":"OpenStreetMap","osm_id":"way/378310781","osm_url":"https://www.openstreetmap.org/way/378310781","source":"OpenStreetMap"}},{"type":"Feature","geometry":{"type":"Point","coordinates":[-3.0055903,51.5885981]},"properties":{"name":"Civic Centre","layer":"townhalls","note":"Newport City Council/Cyngor Dinas Casnewydd","osm_id":"way/37878881","osm_url":"https://www.openstreetmap.org/way/37878881","source":"OpenStreetMap","brand":"Newport City Council/Cyngor Dinas Casnewydd"}},{"type":"Feature","geometry":{"type":"Point","coordinates":[-1.7114516,53.7248552]},"properties":{"name":"Cleckheaton Town Hall","layer":"townhalls","note":"Kirklees Council","osm_id":"way/379419429","osm_url":"https://www.openstreetmap.org/way/379419429","source":"OpenStreetMap","brand":"Kirklees Council"}},{"type":"Feature","geometry":{"type":"Point","coordinates":[-2.157394,51.9938709]},"properties":{"name":"Tewkesbury Town Hall","layer":"townhalls","note":"OpenStreetMap","osm_id":"way/380482081","osm_url":"https://www.openstreetmap.org/way/380482081","source":"OpenStreetMap"}},{"type":"Feature","geometry":{"type":"Point","coordinates":[-3.7729696,55.495503]},"properties":{"name":"Crawfordjohn Hall","layer":"townhalls","note":"OpenStreetMap","osm_id":"way/383589260","osm_url":"https://www.openstreetmap.org/way/383589260","source":"OpenStreetMap"}},{"type":"Feature","geometry":{"type":"Point","coordinates":[1.345429,52.5703898]},"properties":{"name":"Town hall","layer":"townhalls","note":"OpenStreetMap","osm_id":"way/383675234","osm_url":"https://www.openstreetmap.org/way/383675234","source":"OpenStreetMap"}},{"type":"Feature","geometry":{"type":"Point","coordinates":[1.485212,52.600784]},"properties":{"name":"Strumpshaw Parish Hall","layer":"townhalls","note":"OpenStreetMap","osm_id":"way/384418956","osm_url":"https://www.openstreetmap.org/way/384418956","source":"OpenStreetMap"}},{"type":"Feature","geometry":{"type":"Point","coordinates":[-3.2341441,56.0590317]},"properties":{"name":"Burntisland Burgh Chambers","layer":"townhalls","note":"OpenStreetMap","osm_id":"way/384756123","osm_url":"https://www.openstreetmap.org/way/384756123","source":"OpenStreetMap"}},{"type":"Feature","geometry":{"type":"Point","coordinates":[-3.4196568,53.18404]},"properties":{"name":"Denbigh Town Hall","layer":"townhalls","note":"OpenStreetMap","osm_id":"way/386393739","osm_url":"https://www.openstreetmap.org/way/386393739","source":"OpenStreetMap"}},{"type":"Feature","geometry":{"type":"Point","coordinates":[0.8734074,52.8926802]},"properties":{"name":"Parish Hall (Oddfellows Hall)","layer":"townhalls","note":"OpenStreetMap","osm_id":"way/387360424","osm_url":"https://www.openstreetmap.org/way/387360424","source":"OpenStreetMap"}},{"type":"Feature","geometry":{"type":"Point","coordinates":[-3.1620855,56.1099096]},"properties":{"name":"Kirkcaldy Town House","layer":"townhalls","note":"Fife Council","osm_id":"way/387447119","osm_url":"https://www.openstreetmap.org/way/387447119","source":"OpenStreetMap","brand":"Fife Council"}},{"type":"Feature","geometry":{"type":"Point","coordinates":[-0.1121533,51.6001753]},"properties":{"name":"Haringey Civic Centre","layer":"townhalls","note":"OpenStreetMap","osm_id":"way/38762449","osm_url":"https://www.openstreetmap.org/way/38762449","source":"OpenStreetMap"}},{"type":"Feature","geometry":{"type":"Point","coordinates":[-6.3784153,57.6475418]},"properties":{"name":"Kilmuir Hall","layer":"townhalls","note":"OpenStreetMap","osm_id":"way/387796807","osm_url":"https://www.openstreetmap.org/way/387796807","source":"OpenStreetMap"}},{"type":"Feature","geometry":{"type":"Point","coordinates":[-3.9826853,55.7838864]},"properties":{"name":"Civic Centre","layer":"townhalls","note":"OpenStreetMap","osm_id":"way/39046660","osm_url":"https://www.openstreetmap.org/way/39046660","source":"OpenStreetMap"}},{"type":"Feature","geometry":{"type":"Point","coordinates":[-6.4326552,57.4682826]},"properties":{"name":"Edinbane Community Hall","layer":"townhalls","note":"Edinbane Community Hall Association","osm_id":"way/391255074","osm_url":"https://www.openstreetmap.org/way/391255074","source":"OpenStreetMap","brand":"Edinbane Community Hall Association"}},{"type":"Feature","geometry":{"type":"Point","coordinates":[0.8855811,52.6271174]},"properties":{"name":"WI Hall","layer":"townhalls","note":"OpenStreetMap","osm_id":"way/391926533","osm_url":"https://www.openstreetmap.org/way/391926533","source":"OpenStreetMap"}},{"type":"Feature","geometry":{"type":"Point","coordinates":[-1.4065006,50.90746]},"properties":{"name":"Southampton City Council","layer":"townhalls","note":"OpenStreetMap","osm_id":"way/392923913","osm_url":"https://www.openstreetmap.org/way/392923913","source":"OpenStreetMap"}},{"type":"Feature","geometry":{"type":"Point","coordinates":[-2.9939352,53.0475013]},"properties":{"name":"Wrexham Guildhall","layer":"townhalls","note":"OpenStreetMap","osm_id":"way/39309002","osm_url":"https://www.openstreetmap.org/way/39309002","source":"OpenStreetMap"}},{"type":"Feature","geometry":{"type":"Point","coordinates":[-1.9131087,53.3237656]},"properties":{"name":"Chapel-en-le-Frith Town Hall","layer":"townhalls","note":"OpenStreetMap","osm_id":"way/397509475","osm_url":"https://www.openstreetmap.org/way/397509475","source":"OpenStreetMap"}},{"type":"Feature","geometry":{"type":"Point","coordinates":[-3.7308885,53.2954375]},"properties":{"name":"Coed Pella","layer":"townhalls","note":"Conwy County Borough Council","osm_id":"way/398685233","osm_url":"https://www.openstreetmap.org/way/398685233","source":"OpenStreetMap","brand":"Conwy County Borough Council"}},{"type":"Feature","geometry":{"type":"Point","coordinates":[0.9633285,51.3113441]},"properties":{"name":"Town hall","layer":"townhalls","note":"OpenStreetMap","osm_id":"way/400102344","osm_url":"https://www.openstreetmap.org/way/400102344","source":"OpenStreetMap"}},{"type":"Feature","geometry":{"type":"Point","coordinates":[-7.6950934,52.4659859]},"properties":{"name":"Fethard Town Hall","layer":"townhalls","note":"OpenStreetMap","osm_id":"way/403652317","osm_url":"https://www.openstreetmap.org/way/403652317","source":"OpenStreetMap"}},{"type":"Feature","geometry":{"type":"Point","coordinates":[-1.1923163,54.4698403]},"properties":{"name":"Town hall","layer":"townhalls","note":"OpenStreetMap","osm_id":"way/405139961","osm_url":"https://www.openstreetmap.org/way/405139961","source":"OpenStreetMap"}},{"type":"Feature","geometry":{"type":"Point","coordinates":[-2.7232907,53.3337893]},"properties":{"name":"Runcorn Town Hall","layer":"townhalls","note":"OpenStreetMap","osm_id":"way/40551001","osm_url":"https://www.openstreetmap.org/way/40551001","source":"OpenStreetMap"}},{"type":"Feature","geometry":{"type":"Point","coordinates":[0.1573741,52.6652447]},"properties":{"name":"Wisbech Council Chamber","layer":"townhalls","note":"OpenStreetMap","osm_id":"way/406779566","osm_url":"https://www.openstreetmap.org/way/406779566","source":"OpenStreetMap"}},{"type":"Feature","geometry":{"type":"Point","coordinates":[0.9131647,51.777002]},"properties":{"name":"West Mersea Town Council","layer":"townhalls","note":"OpenStreetMap","osm_id":"way/408851753","osm_url":"https://www.openstreetmap.org/way/408851753","source":"OpenStreetMap"}},{"type":"Feature","geometry":{"type":"Point","coordinates":[-6.3863973,54.4499111]},"properties":{"name":"Craigavon Civic Centre","layer":"townhalls","note":"OpenStreetMap","osm_id":"way/409118818","osm_url":"https://www.openstreetmap.org/way/409118818","source":"OpenStreetMap"}},{"type":"Feature","geometry":{"type":"Point","coordinates":[-2.464454,56.7083078]},"properties":{"name":"Montrose Town Hall","layer":"townhalls","note":"OpenStreetMap","osm_id":"way/409321258","osm_url":"https://www.openstreetmap.org/way/409321258","source":"OpenStreetMap"}},{"type":"Feature","geometry":{"type":"Point","coordinates":[-1.5589164,51.6025205]},"properties":{"name":"Thomas Hughes Memorial Hall","layer":"townhalls","note":"OpenStreetMap","osm_id":"way/409547392","osm_url":"https://www.openstreetmap.org/way/409547392","source":"OpenStreetMap"}},{"type":"Feature","geometry":{"type":"Point","coordinates":[-1.5794068,54.7015704]},"properties":{"name":"Durham County Council","layer":"townhalls","note":"OpenStreetMap","osm_id":"way/413309899","osm_url":"https://www.openstreetmap.org/way/413309899","source":"OpenStreetMap"}},{"type":"Feature","geometry":{"type":"Point","coordinates":[-8.8513808,53.5146967]},"properties":{"name":"Tuam Town Hall","layer":"townhalls","note":"Galway County Council","osm_id":"way/413492772","osm_url":"https://www.openstreetmap.org/way/413492772","source":"OpenStreetMap","brand":"Galway County Council"}},{"type":"Feature","geometry":{"type":"Point","coordinates":[-3.7214269,56.0197773]},"properties":{"name":"Grangemouth Town Hall","layer":"townhalls","note":"OpenStreetMap","osm_id":"way/414451896","osm_url":"https://www.openstreetmap.org/way/414451896","source":"OpenStreetMap"}},{"type":"Feature","geometry":{"type":"Point","coordinates":[-1.494247,51.1141207]},"properties":{"name":"Town Hall","layer":"townhalls","note":"OpenStreetMap","osm_id":"way/415660645","osm_url":"https://www.openstreetmap.org/way/415660645","source":"OpenStreetMap"}},{"type":"Feature","geometry":{"type":"Point","coordinates":[-1.4739812,52.9232137]},"properties":{"name":"The Council House","layer":"townhalls","note":"OpenStreetMap","osm_id":"way/41601468","osm_url":"https://www.openstreetmap.org/way/41601468","source":"OpenStreetMap"}},{"type":"Feature","geometry":{"type":"Point","coordinates":[-0.9290744,52.9795658]},"properties":{"name":"Car Colston and Screveton Village Hall","layer":"townhalls","note":"OpenStreetMap","osm_id":"way/416812570","osm_url":"https://www.openstreetmap.org/way/416812570","source":"OpenStreetMap"}},{"type":"Feature","geometry":{"type":"Point","coordinates":[-0.4180286,51.8798714]},"properties":{"name":"Luton Town Hall","layer":"townhalls","note":"OpenStreetMap","osm_id":"way/419701474","osm_url":"https://www.openstreetmap.org/way/419701474","source":"OpenStreetMap"}},{"type":"Feature","geometry":{"type":"Point","coordinates":[-0.0584205,51.5109298]},"properties":{"name":"St Georges Town Hall","layer":"townhalls","note":"OpenStreetMap","osm_id":"way/41981763","osm_url":"https://www.openstreetmap.org/way/41981763","source":"OpenStreetMap"}},{"type":"Feature","geometry":{"type":"Point","coordinates":[-1.6266709,53.6913805]},"properties":{"name":"Dewsbury Town Hall","layer":"townhalls","note":"Kirklees Council","osm_id":"way/42000704","osm_url":"https://www.openstreetmap.org/way/42000704","source":"OpenStreetMap","brand":"Kirklees Council"}},{"type":"Feature","geometry":{"type":"Point","coordinates":[-3.0054168,53.6474214]},"properties":{"name":"Southport Town Hall","layer":"townhalls","note":"OpenStreetMap","osm_id":"way/42083657","osm_url":"https://www.openstreetmap.org/way/42083657","source":"OpenStreetMap"}},{"type":"Feature","geometry":{"type":"Point","coordinates":[-1.1533168,53.2063375]},"properties":{"name":"Warsop Town Hall","layer":"townhalls","note":"OpenStreetMap","osm_id":"way/421799736","osm_url":"https://www.openstreetmap.org/way/421799736","source":"OpenStreetMap"}},{"type":"Feature","geometry":{"type":"Point","coordinates":[-1.777842,57.5049072]},"properties":{"name":"Peterhead Town House","layer":"townhalls","note":"OpenStreetMap","osm_id":"way/422863799","osm_url":"https://www.openstreetmap.org/way/422863799","source":"OpenStreetMap"}},{"type":"Feature","geometry":{"type":"Point","coordinates":[0.761137,51.6576097]},"properties":{"name":"Parish Hall","layer":"townhalls","note":"Althorn Parish Council","osm_id":"way/423824953","osm_url":"https://www.openstreetmap.org/way/423824953","source":"OpenStreetMap","brand":"Althorn Parish Council"}},{"type":"Feature","geometry":{"type":"Point","coordinates":[-2.2489209,52.3868695]},"properties":{"name":"Kidderminster Town Hall","layer":"townhalls","note":"OpenStreetMap","osm_id":"way/426551069","osm_url":"https://www.openstreetmap.org/way/426551069","source":"OpenStreetMap"}},{"type":"Feature","geometry":{"type":"Point","coordinates":[-3.3568176,51.4105189]},"properties":{"name":"Penmark Village Centre","layer":"townhalls","note":"OpenStreetMap","osm_id":"way/427501849","osm_url":"https://www.openstreetmap.org/way/427501849","source":"OpenStreetMap"}},{"type":"Feature","geometry":{"type":"Point","coordinates":[-1.1790298,50.6311376]},"properties":{"name":"Falcon Cross Hall","layer":"townhalls","note":"Isle of Wight Council","osm_id":"way/427668921","osm_url":"https://www.openstreetmap.org/way/427668921","source":"OpenStreetMap","brand":"Isle of Wight Council"}},{"type":"Feature","geometry":{"type":"Point","coordinates":[-0.0476227,51.7031153]},"properties":{"name":"Bishops' College","layer":"townhalls","note":"OpenStreetMap","osm_id":"way/427734074","osm_url":"https://www.openstreetmap.org/way/427734074","source":"OpenStreetMap"}},{"type":"Feature","geometry":{"type":"Point","coordinates":[-0.3259326,51.4478015]},"properties":{"name":"London Borough of Richmond upon Thames Civic Centre","layer":"townhalls","note":"London Borough of Richmond upon Thames","osm_id":"way/43001070","osm_url":"https://www.openstreetmap.org/way/43001070","source":"OpenStreetMap","brand":"London Borough of Richmond upon Thames"}},{"type":"Feature","geometry":{"type":"Point","coordinates":[-2.6018009,51.4525314]},"properties":{"name":"Bristol City Hall","layer":"townhalls","note":"OpenStreetMap","osm_id":"way/4309554","osm_url":"https://www.openstreetmap.org/way/4309554","source":"OpenStreetMap"}},{"type":"Feature","geometry":{"type":"Point","coordinates":[-6.9310726,52.8397409]},"properties":{"name":"Carlow County Buildings","layer":"townhalls","note":"OpenStreetMap","osm_id":"way/436285638","osm_url":"https://www.openstreetmap.org/way/436285638","source":"OpenStreetMap"}},{"type":"Feature","geometry":{"type":"Point","coordinates":[-1.4899571,54.9816774]},"properties":{"name":"Jarrow Town Hall - South Tyneside Council","layer":"townhalls","note":"OpenStreetMap","osm_id":"way/437295679","osm_url":"https://www.openstreetmap.org/way/437295679","source":"OpenStreetMap"}},{"type":"Feature","geometry":{"type":"Point","coordinates":[-1.4323069,53.2367705]},"properties":{"name":"Chesterfield Town Hall","layer":"townhalls","note":"OpenStreetMap","osm_id":"way/44069429","osm_url":"https://www.openstreetmap.org/way/44069429","source":"OpenStreetMap"}},{"type":"Feature","geometry":{"type":"Point","coordinates":[1.0158883,52.5184701]},"properties":{"name":"Attleborough Town Hall","layer":"townhalls","note":"OpenStreetMap","osm_id":"way/441206079","osm_url":"https://www.openstreetmap.org/way/441206079","source":"OpenStreetMap"}},{"type":"Feature","geometry":{"type":"Point","coordinates":[-6.6775984,55.1351917]},"properties":{"name":"County Hall Grounds","layer":"townhalls","note":"OpenStreetMap","osm_id":"way/442434256","osm_url":"https://www.openstreetmap.org/way/442434256","source":"OpenStreetMap"}},{"type":"Feature","geometry":{"type":"Point","coordinates":[0.0103707,50.8735379]},"properties":{"name":"Lewes Town Hall","layer":"townhalls","note":"OpenStreetMap","osm_id":"way/445483794","osm_url":"https://www.openstreetmap.org/way/445483794","source":"OpenStreetMap"}},{"type":"Feature","geometry":{"type":"Point","coordinates":[-4.2063394,53.186194]},"properties":{"name":"Town hall","layer":"townhalls","note":"OpenStreetMap","osm_id":"way/445648990","osm_url":"https://www.openstreetmap.org/way/445648990","source":"OpenStreetMap"}},{"type":"Feature","geometry":{"type":"Point","coordinates":[-1.5849904,54.7859145]},"properties":{"name":"County Hall","layer":"townhalls","note":"OpenStreetMap","osm_id":"way/44776887","osm_url":"https://www.openstreetmap.org/way/44776887","source":"OpenStreetMap"}},{"type":"Feature","geometry":{"type":"Point","coordinates":[0.553383,51.8779849]},"properties":{"name":"Braintee Town Hall","layer":"townhalls","note":"OpenStreetMap","osm_id":"way/448333070","osm_url":"https://www.openstreetmap.org/way/448333070","source":"OpenStreetMap"}},{"type":"Feature","geometry":{"type":"Point","coordinates":[-2.9927958,53.0632763]},"properties":{"name":"Garden Village Institute","layer":"townhalls","note":"OpenStreetMap","osm_id":"way/44909589","osm_url":"https://www.openstreetmap.org/way/44909589","source":"OpenStreetMap"}},{"type":"Feature","geometry":{"type":"Point","coordinates":[-0.1083207,51.0010621]},"properties":{"name":"Haywards Heath Town Hall","layer":"townhalls","note":"OpenStreetMap","osm_id":"way/450667710","osm_url":"https://www.openstreetmap.org/way/450667710","source":"OpenStreetMap"}},{"type":"Feature","geometry":{"type":"Point","coordinates":[-2.4579591,50.7106969]},"properties":{"name":"Brownsword Hall","layer":"townhalls","note":"OpenStreetMap","osm_id":"way/451215339","osm_url":"https://www.openstreetmap.org/way/451215339","source":"OpenStreetMap"}},{"type":"Feature","geometry":{"type":"Point","coordinates":[-2.7995912,53.4142801]},"properties":{"name":"Whiston Town Hall","layer":"townhalls","note":"OpenStreetMap","osm_id":"way/453523008","osm_url":"https://www.openstreetmap.org/way/453523008","source":"OpenStreetMap"}},{"type":"Feature","geometry":{"type":"Point","coordinates":[-3.5476222,50.7319484]},"properties":{"name":"Exwick Parish Hall","layer":"townhalls","note":"OpenStreetMap","osm_id":"way/455498548","osm_url":"https://www.openstreetmap.org/way/455498548","source":"OpenStreetMap"}},{"type":"Feature","geometry":{"type":"Point","coordinates":[-7.7931083,55.1781749]},"properties":{"name":"Hay Hall","layer":"townhalls","note":"OpenStreetMap","osm_id":"way/455542319","osm_url":"https://www.openstreetmap.org/way/455542319","source":"OpenStreetMap"}},{"type":"Feature","geometry":{"type":"Point","coordinates":[-7.8008814,55.169292]},"properties":{"name":"Parocial Hall","layer":"townhalls","note":"OpenStreetMap","osm_id":"way/455947573","osm_url":"https://www.openstreetmap.org/way/455947573","source":"OpenStreetMap"}},{"type":"Feature","geometry":{"type":"Point","coordinates":[-2.9648826,53.3861596]},"properties":{"name":"Toxteth Town Hall","layer":"townhalls","note":"OpenStreetMap","osm_id":"way/456377947","osm_url":"https://www.openstreetmap.org/way/456377947","source":"OpenStreetMap"}},{"type":"Feature","geometry":{"type":"Point","coordinates":[-2.6332773,53.6539812]},"properties":{"name":"Chorley Town Hall","layer":"townhalls","note":"Chorley Council","osm_id":"way/45854987","osm_url":"https://www.openstreetmap.org/way/45854987","source":"OpenStreetMap","brand":"Chorley Council"}},{"type":"Feature","geometry":{"type":"Point","coordinates":[-1.4167208,53.7007003]},"properties":{"name":"Normanton Town Hall","layer":"townhalls","note":"OpenStreetMap","osm_id":"way/458711848","osm_url":"https://www.openstreetmap.org/way/458711848","source":"OpenStreetMap"}},{"type":"Feature","geometry":{"type":"Point","coordinates":[-4.6332023,53.3136674]},"properties":{"name":"Town hall","layer":"townhalls","note":"OpenStreetMap","osm_id":"way/458927957","osm_url":"https://www.openstreetmap.org/way/458927957","source":"OpenStreetMap"}},{"type":"Feature","geometry":{"type":"Point","coordinates":[-2.8386309,55.5495752]},"properties":{"name":"Selkirk Victoria Halls","layer":"townhalls","note":"OpenStreetMap","osm_id":"way/45894925","osm_url":"https://www.openstreetmap.org/way/45894925","source":"OpenStreetMap"}},{"type":"Feature","geometry":{"type":"Point","coordinates":[-1.959124,50.6083715]},"properties":{"name":"Swanage Town Hall","layer":"townhalls","note":"OpenStreetMap","osm_id":"way/459062325","osm_url":"https://www.openstreetmap.org/way/459062325","source":"OpenStreetMap"}},{"type":"Feature","geometry":{"type":"Point","coordinates":[-1.3557924,51.8474986]},"properties":{"name":"Woodstock Town Hall","layer":"townhalls","note":"OpenStreetMap","osm_id":"way/461138209","osm_url":"https://www.openstreetmap.org/way/461138209","source":"OpenStreetMap"}},{"type":"Feature","geometry":{"type":"Point","coordinates":[-1.662409,53.7966042]},"properties":{"name":"Pudsey Town Hall","layer":"townhalls","note":"OpenStreetMap","osm_id":"way/461181950","osm_url":"https://www.openstreetmap.org/way/461181950","source":"OpenStreetMap"}},{"type":"Feature","geometry":{"type":"Point","coordinates":[-6.7038117,54.2504926]},"properties":{"name":"St Patricks Hall","layer":"townhalls","note":"OpenStreetMap","osm_id":"way/461600709","osm_url":"https://www.openstreetmap.org/way/461600709","source":"OpenStreetMap"}},{"type":"Feature","geometry":{"type":"Point","coordinates":[-2.1589846,57.6358238]},"properties":{"name":"Town hall","layer":"townhalls","note":"OpenStreetMap","osm_id":"way/467819520","osm_url":"https://www.openstreetmap.org/way/467819520","source":"OpenStreetMap"}},{"type":"Feature","geometry":{"type":"Point","coordinates":[-1.1527664,51.3814175]},"properties":{"name":"Aldermaston Parish Hall","layer":"townhalls","note":"Aldermaston Parish Council","osm_id":"way/468405028","osm_url":"https://www.openstreetmap.org/way/468405028","source":"OpenStreetMap","brand":"Aldermaston Parish Council"}},{"type":"Feature","geometry":{"type":"Point","coordinates":[-3.9199986,53.2690717]},"properties":{"name":"Town hall","layer":"townhalls","note":"OpenStreetMap","osm_id":"way/468825635","osm_url":"https://www.openstreetmap.org/way/468825635","source":"OpenStreetMap"}},{"type":"Feature","geometry":{"type":"Point","coordinates":[0.6148078,52.1917341]},"properties":{"name":"Erskine Centre","layer":"townhalls","note":"OpenStreetMap","osm_id":"way/469044825","osm_url":"https://www.openstreetmap.org/way/469044825","source":"OpenStreetMap"}},{"type":"Feature","geometry":{"type":"Point","coordinates":[-0.7188559,51.5220498]},"properties":{"name":"Maidenhead Town Hall","layer":"townhalls","note":"Royal Borough of Windsor and Maidenhead","osm_id":"way/47089999","osm_url":"https://www.openstreetmap.org/way/47089999","source":"OpenStreetMap","brand":"Royal Borough of Windsor and Maidenhead"}},{"type":"Feature","geometry":{"type":"Point","coordinates":[-2.7274431,52.0594153]},"properties":{"name":"Herefordshire Council","layer":"townhalls","note":"OpenStreetMap","osm_id":"way/471804398","osm_url":"https://www.openstreetmap.org/way/471804398","source":"OpenStreetMap"}},{"type":"Feature","geometry":{"type":"Point","coordinates":[-4.7012591,51.7105452]},"properties":{"name":"Regency Hall","layer":"townhalls","note":"OpenStreetMap","osm_id":"way/475591175","osm_url":"https://www.openstreetmap.org/way/475591175","source":"OpenStreetMap"}},{"type":"Feature","geometry":{"type":"Point","coordinates":[-3.0639599,50.9100982]},"properties":{"name":"Otterford Parish Hall","layer":"townhalls","note":"OpenStreetMap","osm_id":"way/475662927","osm_url":"https://www.openstreetmap.org/way/475662927","source":"OpenStreetMap"}},{"type":"Feature","geometry":{"type":"Point","coordinates":[1.1525137,52.0576673]},"properties":{"name":"Ipswich Town Hall","layer":"townhalls","note":"OpenStreetMap","osm_id":"way/47854165","osm_url":"https://www.openstreetmap.org/way/47854165","source":"OpenStreetMap"}},{"type":"Feature","geometry":{"type":"Point","coordinates":[-3.4214815,50.8267931]},"properties":{"name":"The Guildhall","layer":"townhalls","note":"OpenStreetMap","osm_id":"way/480426058","osm_url":"https://www.openstreetmap.org/way/480426058","source":"OpenStreetMap"}},{"type":"Feature","geometry":{"type":"Point","coordinates":[-1.00459,51.6449784]},"properties":{"name":"Town hall","layer":"townhalls","note":"OpenStreetMap","osm_id":"way/481422441","osm_url":"https://www.openstreetmap.org/way/481422441","source":"OpenStreetMap"}},{"type":"Feature","geometry":{"type":"Point","coordinates":[-2.4559435,50.6110573]},"properties":{"name":"Weymouth Town Council","layer":"townhalls","note":"OpenStreetMap","osm_id":"way/485844590","osm_url":"https://www.openstreetmap.org/way/485844590","source":"OpenStreetMap"}},{"type":"Feature","geometry":{"type":"Point","coordinates":[-2.2828381,52.3393368]},"properties":{"name":"Town hall","layer":"townhalls","note":"OpenStreetMap","osm_id":"way/489086006","osm_url":"https://www.openstreetmap.org/way/489086006","source":"OpenStreetMap"}},{"type":"Feature","geometry":{"type":"Point","coordinates":[-0.0189879,50.9573858]},"properties":{"name":"Chailey Parish Council","layer":"townhalls","note":"OpenStreetMap","osm_id":"way/489688206","osm_url":"https://www.openstreetmap.org/way/489688206","source":"OpenStreetMap"}},{"type":"Feature","geometry":{"type":"Point","coordinates":[-2.6475003,57.490982]},"properties":{"name":"Town hall","layer":"townhalls","note":"OpenStreetMap","osm_id":"way/489759213","osm_url":"https://www.openstreetmap.org/way/489759213","source":"OpenStreetMap"}},{"type":"Feature","geometry":{"type":"Point","coordinates":[-2.1832755,52.1854706]},"properties":{"name":"County Hall","layer":"townhalls","note":"Worcestershire County Council","osm_id":"way/49012339","osm_url":"https://www.openstreetmap.org/way/49012339","source":"OpenStreetMap","brand":"Worcestershire County Council"}},{"type":"Feature","geometry":{"type":"Point","coordinates":[0.1143708,51.7012742]},"properties":{"name":"Epping Forest District Council offices","layer":"townhalls","note":"OpenStreetMap","osm_id":"way/490698755","osm_url":"https://www.openstreetmap.org/way/490698755","source":"OpenStreetMap"}},{"type":"Feature","geometry":{"type":"Point","coordinates":[-3.6301797,56.0553327]},"properties":{"name":"Town House","layer":"townhalls","note":"National Trust for Scotland","osm_id":"way/491730809","osm_url":"https://www.openstreetmap.org/way/491730809","source":"OpenStreetMap","brand":"National Trust for Scotland"}},{"type":"Feature","geometry":{"type":"Point","coordinates":[-1.3129165,54.5641467]},"properties":{"name":"Stockton-on-Tees Town Hall","layer":"townhalls","note":"OpenStreetMap","osm_id":"way/49405446","osm_url":"https://www.openstreetmap.org/way/49405446","source":"OpenStreetMap"}},{"type":"Feature","geometry":{"type":"Point","coordinates":[-1.8783548,53.623534]},"properties":{"name":"Slaithwaite Civic Hall","layer":"townhalls","note":"OpenStreetMap","osm_id":"way/494479071","osm_url":"https://www.openstreetmap.org/way/494479071","source":"OpenStreetMap"}},{"type":"Feature","geometry":{"type":"Point","coordinates":[-1.5398753,50.6809179]},"properties":{"name":"Totland Church Hall","layer":"townhalls","note":"OpenStreetMap","osm_id":"way/496972709","osm_url":"https://www.openstreetmap.org/way/496972709","source":"OpenStreetMap"}},{"type":"Feature","geometry":{"type":"Point","coordinates":[0.7413344,51.3395007]},"properties":{"name":"Swale House","layer":"townhalls","note":"OpenStreetMap","osm_id":"way/49731167","osm_url":"https://www.openstreetmap.org/way/49731167","source":"OpenStreetMap"}},{"type":"Feature","geometry":{"type":"Point","coordinates":[-1.1834545,54.6962185]},"properties":{"name":"Hartlepool Borough Hall","layer":"townhalls","note":"OpenStreetMap","osm_id":"way/49802198","osm_url":"https://www.openstreetmap.org/way/49802198","source":"OpenStreetMap"}},{"type":"Feature","geometry":{"type":"Point","coordinates":[-1.3484717,53.5029494]},"properties":{"name":"Wath Hall","layer":"townhalls","note":"OpenStreetMap","osm_id":"way/4984300","osm_url":"https://www.openstreetmap.org/way/4984300","source":"OpenStreetMap"}},{"type":"Feature","geometry":{"type":"Point","coordinates":[-1.3166884,50.5974488]},"properties":{"name":"Chale W.I Hall","layer":"townhalls","note":"OpenStreetMap","osm_id":"way/499135644","osm_url":"https://www.openstreetmap.org/way/499135644","source":"OpenStreetMap"}},{"type":"Feature","geometry":{"type":"Point","coordinates":[-4.9200104,56.0556751]},"properties":{"name":"Glenfinart Hall","layer":"townhalls","note":"OpenStreetMap","osm_id":"way/499724426","osm_url":"https://www.openstreetmap.org/way/499724426","source":"OpenStreetMap"}},{"type":"Feature","geometry":{"type":"Point","coordinates":[-2.9037947,54.3760846]},"properties":{"name":"Langstone House","layer":"townhalls","note":"Windermere & Bowness Town Council","osm_id":"way/500226479","osm_url":"https://www.openstreetmap.org/way/500226479","source":"OpenStreetMap","brand":"Windermere & Bowness Town Council"}},{"type":"Feature","geometry":{"type":"Point","coordinates":[-2.3249964,51.2294035]},"properties":{"name":"Frome Town Hall","layer":"townhalls","note":"Frome Town Council","osm_id":"way/500442344","osm_url":"https://www.openstreetmap.org/way/500442344","source":"OpenStreetMap","brand":"Frome Town Council"}},{"type":"Feature","geometry":{"type":"Point","coordinates":[1.348343,51.9593215]},"properties":{"name":"Felixstowe Town Hall","layer":"townhalls","note":"OpenStreetMap","osm_id":"way/500565020","osm_url":"https://www.openstreetmap.org/way/500565020","source":"OpenStreetMap"}},{"type":"Feature","geometry":{"type":"Point","coordinates":[0.2596605,50.8648761]},"properties":{"name":"Wealden District Council","layer":"townhalls","note":"OpenStreetMap","osm_id":"way/501186787","osm_url":"https://www.openstreetmap.org/way/501186787","source":"OpenStreetMap"}},{"type":"Feature","geometry":{"type":"Point","coordinates":[-0.7542257,51.2879827]},"properties":{"name":"Rushmoor Borough Council","layer":"townhalls","note":"OpenStreetMap","osm_id":"way/50160047","osm_url":"https://www.openstreetmap.org/way/50160047","source":"OpenStreetMap"}},{"type":"Feature","geometry":{"type":"Point","coordinates":[0.5938275,51.9745656]},"properties":{"name":"Parish Council Office","layer":"townhalls","note":"OpenStreetMap","osm_id":"way/502396326","osm_url":"https://www.openstreetmap.org/way/502396326","source":"OpenStreetMap"}},{"type":"Feature","geometry":{"type":"Point","coordinates":[-2.4973372,51.4132597]},"properties":{"name":"Keynsham Town Council","layer":"townhalls","note":"OpenStreetMap","osm_id":"way/503122282","osm_url":"https://www.openstreetmap.org/way/503122282","source":"OpenStreetMap"}},{"type":"Feature","geometry":{"type":"Point","coordinates":[-5.7965077,56.7442383]},"properties":{"name":"Shielbridge Hall","layer":"townhalls","note":"OpenStreetMap","osm_id":"way/503546842","osm_url":"https://www.openstreetmap.org/way/503546842","source":"OpenStreetMap"}},{"type":"Feature","geometry":{"type":"Point","coordinates":[-0.5092159,51.3229582]},"properties":{"name":"Pyrford Village War Memorial Hall","layer":"townhalls","note":"OpenStreetMap","osm_id":"way/504011133","osm_url":"https://www.openstreetmap.org/way/504011133","source":"OpenStreetMap"}},{"type":"Feature","geometry":{"type":"Point","coordinates":[-2.4077134,53.7856859]},"properties":{"name":"Town_Hall","layer":"townhalls","note":"OpenStreetMap","osm_id":"way/50406934","osm_url":"https://www.openstreetmap.org/way/50406934","source":"OpenStreetMap"}},{"type":"Feature","geometry":{"type":"Point","coordinates":[-2.3960786,53.5509706]},"properties":{"name":"Farnworth Town Hall","layer":"townhalls","note":"OpenStreetMap","osm_id":"way/507151368","osm_url":"https://www.openstreetmap.org/way/507151368","source":"OpenStreetMap"}},{"type":"Feature","geometry":{"type":"Point","coordinates":[0.7089481,51.5448018]},"properties":{"name":"Southend-on-Sea Civic Centre","layer":"townhalls","note":"OpenStreetMap","osm_id":"way/50831158","osm_url":"https://www.openstreetmap.org/way/50831158","source":"OpenStreetMap"}},{"type":"Feature","geometry":{"type":"Point","coordinates":[-6.7421155,53.131785]},"properties":{"name":"Town hall","layer":"townhalls","note":"OpenStreetMap","osm_id":"way/509093521","osm_url":"https://www.openstreetmap.org/way/509093521","source":"OpenStreetMap"}},{"type":"Feature","geometry":{"type":"Point","coordinates":[-0.2232458,51.7634498]},"properties":{"name":"Lord William Cecil Memorial Hall","layer":"townhalls","note":"OpenStreetMap","osm_id":"way/51088968","osm_url":"https://www.openstreetmap.org/way/51088968","source":"OpenStreetMap"}},{"type":"Feature","geometry":{"type":"Point","coordinates":[-0.5554867,50.8548806]},"properties":{"name":"Arundel Town Hall","layer":"townhalls","note":"OpenStreetMap","osm_id":"way/515431248","osm_url":"https://www.openstreetmap.org/way/515431248","source":"OpenStreetMap"}},{"type":"Feature","geometry":{"type":"Point","coordinates":[-3.5824504,50.3508263]},"properties":{"name":"The Guildhall","layer":"townhalls","note":"Dartmouth Town Council","osm_id":"way/516172218","osm_url":"https://www.openstreetmap.org/way/516172218","source":"OpenStreetMap","brand":"Dartmouth Town Council"}},{"type":"Feature","geometry":{"type":"Point","coordinates":[-5.8168131,54.8535352]},"properties":{"name":"Mid & East Antrim Borough Council","layer":"townhalls","note":"OpenStreetMap","osm_id":"way/516913462","osm_url":"https://www.openstreetmap.org/way/516913462","source":"OpenStreetMap"}},{"type":"Feature","geometry":{"type":"Point","coordinates":[-1.4890836,50.9201737]},"properties":{"name":"Town hall","layer":"townhalls","note":"OpenStreetMap","osm_id":"way/517395398","osm_url":"https://www.openstreetmap.org/way/517395398","source":"OpenStreetMap"}},{"type":"Feature","geometry":{"type":"Point","coordinates":[-1.6136823,52.619455]},"properties":{"name":"Town hall","layer":"townhalls","note":"OpenStreetMap","osm_id":"way/517873197","osm_url":"https://www.openstreetmap.org/way/517873197","source":"OpenStreetMap"}},{"type":"Feature","geometry":{"type":"Point","coordinates":[-0.3964769,51.7963934]},"properties":{"name":"Redbourn Parish Centre","layer":"townhalls","note":"Redbourn Parish Council","osm_id":"way/519963459","osm_url":"https://www.openstreetmap.org/way/519963459","source":"OpenStreetMap","brand":"Redbourn Parish Council"}},{"type":"Feature","geometry":{"type":"Point","coordinates":[-3.9861587,55.9465201]},"properties":{"name":"Cumbernauld New Town Hall","layer":"townhalls","note":"North Lanarkshire Council","osm_id":"way/521016185","osm_url":"https://www.openstreetmap.org/way/521016185","source":"OpenStreetMap","brand":"North Lanarkshire Council"}},{"type":"Feature","geometry":{"type":"Point","coordinates":[-1.4344655,54.3404161]},"properties":{"name":"Town Hall","layer":"townhalls","note":"OpenStreetMap","osm_id":"way/52248533","osm_url":"https://www.openstreetmap.org/way/52248533","source":"OpenStreetMap"}},{"type":"Feature","geometry":{"type":"Point","coordinates":[-3.5178524,50.7150386]},"properties":{"name":"Devon County Hall","layer":"townhalls","note":"OpenStreetMap","osm_id":"way/522679408","osm_url":"https://www.openstreetmap.org/way/522679408","source":"OpenStreetMap"}},{"type":"Feature","geometry":{"type":"Point","coordinates":[-2.6020499,53.8331003]},"properties":{"name":"Civic Hall","layer":"townhalls","note":"OpenStreetMap","osm_id":"way/52402268","osm_url":"https://www.openstreetmap.org/way/52402268","source":"OpenStreetMap"}},{"type":"Feature","geometry":{"type":"Point","coordinates":[-9.0485013,53.2763971]},"properties":{"name":"Áras an Chontae","layer":"townhalls","note":"Galway County Council","osm_id":"way/52408251","osm_url":"https://www.openstreetmap.org/way/52408251","source":"OpenStreetMap","brand":"Galway County Council"}},{"type":"Feature","geometry":{"type":"Point","coordinates":[-9.0435529,53.2762736]},"properties":{"name":"Galway City Hall","layer":"townhalls","note":"Galway City Council","osm_id":"way/52410902","osm_url":"https://www.openstreetmap.org/way/52410902","source":"OpenStreetMap","brand":"Galway City Council"}},{"type":"Feature","geometry":{"type":"Point","coordinates":[-3.2955679,50.8073466]},"properties":{"name":"Parish Hall","layer":"townhalls","note":"OpenStreetMap","osm_id":"way/525205514","osm_url":"https://www.openstreetmap.org/way/525205514","source":"OpenStreetMap"}},{"type":"Feature","geometry":{"type":"Point","coordinates":[-2.5866343,49.4640604]},"properties":{"name":"Castel Douzaine Room","layer":"townhalls","note":"OpenStreetMap","osm_id":"way/525722008","osm_url":"https://www.openstreetmap.org/way/525722008","source":"OpenStreetMap"}},{"type":"Feature","geometry":{"type":"Point","coordinates":[-0.0772048,51.0094025]},"properties":{"name":"Town hall","layer":"townhalls","note":"OpenStreetMap","osm_id":"way/529654718","osm_url":"https://www.openstreetmap.org/way/529654718","source":"OpenStreetMap"}},{"type":"Feature","geometry":{"type":"Point","coordinates":[-0.3674861,51.2245186]},"properties":{"name":"The Reading Room","layer":"townhalls","note":"OpenStreetMap","osm_id":"way/531128643","osm_url":"https://www.openstreetmap.org/way/531128643","source":"OpenStreetMap"}},{"type":"Feature","geometry":{"type":"Point","coordinates":[0.3946387,52.7522545]},"properties":{"name":"King's Lynn Town Hall","layer":"townhalls","note":"King's Lynn & West Norfolk Borough Council","osm_id":"way/531130216","osm_url":"https://www.openstreetmap.org/way/531130216","source":"OpenStreetMap","brand":"King's Lynn & West Norfolk Borough Council"}},{"type":"Feature","geometry":{"type":"Point","coordinates":[-7.6994862,52.3544969]},"properties":{"name":"Tipperary County Council","layer":"townhalls","note":"OpenStreetMap","osm_id":"way/531694844","osm_url":"https://www.openstreetmap.org/way/531694844","source":"OpenStreetMap"}},{"type":"Feature","geometry":{"type":"Point","coordinates":[-6.6717698,53.2144306]},"properties":{"name":"Kildare County Council","layer":"townhalls","note":"Kildare County Council","osm_id":"way/53256171","osm_url":"https://www.openstreetmap.org/way/53256171","source":"OpenStreetMap","brand":"Kildare County Council"}},{"type":"Feature","geometry":{"type":"Point","coordinates":[-4.7149336,50.3568964]},"properties":{"name":"Alexander Hall, St Blazey Town Council","layer":"townhalls","note":"St Blazey Town Council","osm_id":"way/532815626","osm_url":"https://www.openstreetmap.org/way/532815626","source":"OpenStreetMap","brand":"St Blazey Town Council"}},{"type":"Feature","geometry":{"type":"Point","coordinates":[-1.7862907,53.572294]},"properties":{"name":"Holmfirth Civic Hall","layer":"townhalls","note":"OpenStreetMap","osm_id":"way/534665718","osm_url":"https://www.openstreetmap.org/way/534665718","source":"OpenStreetMap"}},{"type":"Feature","geometry":{"type":"Point","coordinates":[-2.2386685,53.0863507]},"properties":{"name":"Kidsgrove Town Council","layer":"townhalls","note":"OpenStreetMap","osm_id":"way/537642605","osm_url":"https://www.openstreetmap.org/way/537642605","source":"OpenStreetMap"}},{"type":"Feature","geometry":{"type":"Point","coordinates":[-0.0021046,51.1292588]},"properties":{"name":"Meridian Hall","layer":"townhalls","note":"East Grinstead Town Council","osm_id":"way/538381015","osm_url":"https://www.openstreetmap.org/way/538381015","source":"OpenStreetMap","brand":"East Grinstead Town Council"}},{"type":"Feature","geometry":{"type":"Point","coordinates":[-2.2108226,53.1630732]},"properties":{"name":"Congleton Town Hall","layer":"townhalls","note":"OpenStreetMap","osm_id":"way/539175063","osm_url":"https://www.openstreetmap.org/way/539175063","source":"OpenStreetMap"}},{"type":"Feature","geometry":{"type":"Point","coordinates":[-0.091992,51.515906]},"properties":{"name":"Guildhall","layer":"townhalls","note":"City of London Corporation","osm_id":"way/539320743","osm_url":"https://www.openstreetmap.org/way/539320743","source":"OpenStreetMap","brand":"City of London Corporation"}},{"type":"Feature","geometry":{"type":"Point","coordinates":[-5.9299931,54.5964324]},"properties":{"name":"Belfast City Hall","layer":"townhalls","note":"Belfast City Council","osm_id":"way/539787113","osm_url":"https://www.openstreetmap.org/way/539787113","source":"OpenStreetMap","brand":"Belfast City Council"}},{"type":"Feature","geometry":{"type":"Point","coordinates":[-0.0044846,51.6873378]},"properties":{"name":"Waltham Abbey Town Council","layer":"townhalls","note":"OpenStreetMap","osm_id":"way/541373925","osm_url":"https://www.openstreetmap.org/way/541373925","source":"OpenStreetMap"}},{"type":"Feature","geometry":{"type":"Point","coordinates":[0.6969907,52.251475]},"properties":{"name":"West Suffolk House","layer":"townhalls","note":"OpenStreetMap","osm_id":"way/543068915","osm_url":"https://www.openstreetmap.org/way/543068915","source":"OpenStreetMap"}},{"type":"Feature","geometry":{"type":"Point","coordinates":[-0.1114448,51.8563632]},"properties":{"name":"Nigel Poulton Community Hall","layer":"townhalls","note":"OpenStreetMap","osm_id":"way/543853445","osm_url":"https://www.openstreetmap.org/way/543853445","source":"OpenStreetMap"}},{"type":"Feature","geometry":{"type":"Point","coordinates":[-1.9842633,53.3294942]},"properties":{"name":"Mechanics Institute","layer":"townhalls","note":"OpenStreetMap","osm_id":"way/543997689","osm_url":"https://www.openstreetmap.org/way/543997689","source":"OpenStreetMap"}},{"type":"Feature","geometry":{"type":"Point","coordinates":[0.6096544,51.6467429]},"properties":{"name":"Champions Manor Hall","layer":"townhalls","note":"South Woodham Ferrers Town Council","osm_id":"way/544462250","osm_url":"https://www.openstreetmap.org/way/544462250","source":"OpenStreetMap","brand":"South Woodham Ferrers Town Council"}},{"type":"Feature","geometry":{"type":"Point","coordinates":[-6.2764888,54.8640084]},"properties":{"name":"Ballymena Town Hall","layer":"townhalls","note":"OpenStreetMap","osm_id":"way/545045206","osm_url":"https://www.openstreetmap.org/way/545045206","source":"OpenStreetMap"}},{"type":"Feature","geometry":{"type":"Point","coordinates":[-1.8219725,53.8285276]},"properties":{"name":"Cottingley Town Hall","layer":"townhalls","note":"OpenStreetMap","osm_id":"way/546933092","osm_url":"https://www.openstreetmap.org/way/546933092","source":"OpenStreetMap"}},{"type":"Feature","geometry":{"type":"Point","coordinates":[-2.9452745,56.5211622]},"properties":{"name":"Tealing Hall","layer":"townhalls","note":"OpenStreetMap","osm_id":"way/547159194","osm_url":"https://www.openstreetmap.org/way/547159194","source":"OpenStreetMap"}},{"type":"Feature","geometry":{"type":"Point","coordinates":[-2.1767546,52.6292098]},"properties":{"name":"Town hall","layer":"townhalls","note":"OpenStreetMap","osm_id":"way/547543415","osm_url":"https://www.openstreetmap.org/way/547543415","source":"OpenStreetMap"}},{"type":"Feature","geometry":{"type":"Point","coordinates":[-1.3126187,53.4873593]},"properties":{"name":"Civic Hall","layer":"townhalls","note":"OpenStreetMap","osm_id":"way/547945958","osm_url":"https://www.openstreetmap.org/way/547945958","source":"OpenStreetMap"}},{"type":"Feature","geometry":{"type":"Point","coordinates":[-2.8884739,56.6443862]},"properties":{"name":"Town and County Hall","layer":"townhalls","note":"Angus Council","osm_id":"way/548581583","osm_url":"https://www.openstreetmap.org/way/548581583","source":"OpenStreetMap","brand":"Angus Council"}},{"type":"Feature","geometry":{"type":"Point","coordinates":[-0.6528547,53.5304399]},"properties":{"name":"Messingham Hall","layer":"townhalls","note":"OpenStreetMap","osm_id":"way/549730712","osm_url":"https://www.openstreetmap.org/way/549730712","source":"OpenStreetMap"}},{"type":"Feature","geometry":{"type":"Point","coordinates":[-3.2321504,56.6215236]},"properties":{"name":"Alyth Town Hall","layer":"townhalls","note":"OpenStreetMap","osm_id":"way/55016874","osm_url":"https://www.openstreetmap.org/way/55016874","source":"OpenStreetMap"}},{"type":"Feature","geometry":{"type":"Point","coordinates":[-3.2206169,55.8263625]},"properties":{"name":"Penicuik Town Hall","layer":"townhalls","note":"OpenStreetMap","osm_id":"way/55088029","osm_url":"https://www.openstreetmap.org/way/55088029","source":"OpenStreetMap"}},{"type":"Feature","geometry":{"type":"Point","coordinates":[-0.3570845,51.1811418]},"properties":{"name":"Coldharbour Parish Hall","layer":"townhalls","note":"OpenStreetMap","osm_id":"way/551987516","osm_url":"https://www.openstreetmap.org/way/551987516","source":"OpenStreetMap"}},{"type":"Feature","geometry":{"type":"Point","coordinates":[-4.0806583,52.1131483]},"properties":{"name":"Lampeter Town Hall","layer":"townhalls","note":"OpenStreetMap","osm_id":"way/55212432","osm_url":"https://www.openstreetmap.org/way/55212432","source":"OpenStreetMap"}},{"type":"Feature","geometry":{"type":"Point","coordinates":[-5.4379456,50.123419]},"properties":{"name":"St Pirans Hall","layer":"townhalls","note":"OpenStreetMap","osm_id":"way/552194315","osm_url":"https://www.openstreetmap.org/way/552194315","source":"OpenStreetMap"}},{"type":"Feature","geometry":{"type":"Point","coordinates":[-1.3029641,53.0172486]},"properties":{"name":"Eastwood Town Council","layer":"townhalls","note":"OpenStreetMap","osm_id":"way/553135600","osm_url":"https://www.openstreetmap.org/way/553135600","source":"OpenStreetMap"}},{"type":"Feature","geometry":{"type":"Point","coordinates":[-1.4646218,51.0269472]},"properties":{"name":"Church Hall","layer":"townhalls","note":"OpenStreetMap","osm_id":"way/553838530","osm_url":"https://www.openstreetmap.org/way/553838530","source":"OpenStreetMap"}},{"type":"Feature","geometry":{"type":"Point","coordinates":[1.3090371,51.1281596]},"properties":{"name":"The Maison Dieu","layer":"townhalls","note":"OpenStreetMap","osm_id":"way/55400308","osm_url":"https://www.openstreetmap.org/way/55400308","source":"OpenStreetMap"}},{"type":"Feature","geometry":{"type":"Point","coordinates":[-6.5301191,53.1762329]},"properties":{"name":"Wicklow County Council","layer":"townhalls","note":"Wicklow County Council","osm_id":"way/554069823","osm_url":"https://www.openstreetmap.org/way/554069823","source":"OpenStreetMap","brand":"Wicklow County Council"}},{"type":"Feature","geometry":{"type":"Point","coordinates":[-2.0899942,55.8717226]},"properties":{"name":"Town hall","layer":"townhalls","note":"OpenStreetMap","osm_id":"way/554259350","osm_url":"https://www.openstreetmap.org/way/554259350","source":"OpenStreetMap"}},{"type":"Feature","geometry":{"type":"Point","coordinates":[-2.511592,56.7706831]},"properties":{"name":"Craigo Community Hall","layer":"townhalls","note":"OpenStreetMap","osm_id":"way/555255540","osm_url":"https://www.openstreetmap.org/way/555255540","source":"OpenStreetMap"}},{"type":"Feature","geometry":{"type":"Point","coordinates":[-7.3009783,54.6023339]},"properties":{"name":"Tyrone County Hall","layer":"townhalls","note":"Fermanagh and Omagh District Council","osm_id":"way/555737527","osm_url":"https://www.openstreetmap.org/way/555737527","source":"OpenStreetMap","brand":"Fermanagh and Omagh District Council"}},{"type":"Feature","geometry":{"type":"Point","coordinates":[-8.4758348,54.2727105]},"properties":{"name":"Sligo County Council","layer":"townhalls","note":"OpenStreetMap","osm_id":"way/557363303","osm_url":"https://www.openstreetmap.org/way/557363303","source":"OpenStreetMap"}},{"type":"Feature","geometry":{"type":"Point","coordinates":[-3.3969388,55.9900971]},"properties":{"name":"Queensferry Tolbooth","layer":"townhalls","note":"OpenStreetMap","osm_id":"way/559120587","osm_url":"https://www.openstreetmap.org/way/559120587","source":"OpenStreetMap"}},{"type":"Feature","geometry":{"type":"Point","coordinates":[-2.4308115,53.5781599]},"properties":{"name":"Bolton Town Hall","layer":"townhalls","note":"OpenStreetMap","osm_id":"way/55952864","osm_url":"https://www.openstreetmap.org/way/55952864","source":"OpenStreetMap"}},{"type":"Feature","geometry":{"type":"Point","coordinates":[-3.6082177,56.0156777]},"properties":{"name":"Bo'ness Town Hall","layer":"townhalls","note":"OpenStreetMap","osm_id":"way/55972923","osm_url":"https://www.openstreetmap.org/way/55972923","source":"OpenStreetMap"}},{"type":"Feature","geometry":{"type":"Point","coordinates":[-0.6457865,51.6118819]},"properties":{"name":"Town Hall","layer":"townhalls","note":"OpenStreetMap","osm_id":"way/561537536","osm_url":"https://www.openstreetmap.org/way/561537536","source":"OpenStreetMap"}},{"type":"Feature","geometry":{"type":"Point","coordinates":[0.5898775,51.5194694]},"properties":{"name":"Paddocks","layer":"townhalls","note":"OpenStreetMap","osm_id":"way/56220819","osm_url":"https://www.openstreetmap.org/way/56220819","source":"OpenStreetMap"}},{"type":"Feature","geometry":{"type":"Point","coordinates":[-2.1712852,53.8566551]},"properties":{"name":"Colne Town Hall","layer":"townhalls","note":"OpenStreetMap","osm_id":"way/563912214","osm_url":"https://www.openstreetmap.org/way/563912214","source":"OpenStreetMap"}},{"type":"Feature","geometry":{"type":"Point","coordinates":[-1.5856361,51.1396602]},"properties":{"name":"Wallops Parish Hall","layer":"townhalls","note":"OpenStreetMap","osm_id":"way/564008151","osm_url":"https://www.openstreetmap.org/way/564008151","source":"OpenStreetMap"}},{"type":"Feature","geometry":{"type":"Point","coordinates":[1.1276361,51.3703057]},"properties":{"name":"Herne Bay Council Office","layer":"townhalls","note":"Canterbury City Council","osm_id":"way/566836340","osm_url":"https://www.openstreetmap.org/way/566836340","source":"OpenStreetMap","brand":"Canterbury City Council"}},{"type":"Feature","geometry":{"type":"Point","coordinates":[-1.0354601,53.102876]},"properties":{"name":"Farnsfield Village Centre","layer":"townhalls","note":"OpenStreetMap","osm_id":"way/567400816","osm_url":"https://www.openstreetmap.org/way/567400816","source":"OpenStreetMap"}},{"type":"Feature","geometry":{"type":"Point","coordinates":[-3.0251908,53.4724011]},"properties":{"name":"Crosby Town Hall","layer":"townhalls","note":"OpenStreetMap","osm_id":"way/56752106","osm_url":"https://www.openstreetmap.org/way/56752106","source":"OpenStreetMap"}},{"type":"Feature","geometry":{"type":"Point","coordinates":[-1.9380055,53.9138794]},"properties":{"name":"Silsden Town Hall and Library","layer":"townhalls","note":"OpenStreetMap","osm_id":"way/567873077","osm_url":"https://www.openstreetmap.org/way/567873077","source":"OpenStreetMap"}},{"type":"Feature","geometry":{"type":"Point","coordinates":[-0.2445344,51.08124]},"properties":{"name":"Colgate Memorial Hall","layer":"townhalls","note":"OpenStreetMap","osm_id":"way/571211938","osm_url":"https://www.openstreetmap.org/way/571211938","source":"OpenStreetMap"}},{"type":"Feature","geometry":{"type":"Point","coordinates":[-2.3457026,57.237057]},"properties":{"name":"Town House","layer":"townhalls","note":"OpenStreetMap","osm_id":"way/574851642","osm_url":"https://www.openstreetmap.org/way/574851642","source":"OpenStreetMap"}},{"type":"Feature","geometry":{"type":"Point","coordinates":[-1.5586987,54.6615295]},"properties":{"name":"Town hall","layer":"townhalls","note":"OpenStreetMap","osm_id":"way/576984328","osm_url":"https://www.openstreetmap.org/way/576984328","source":"OpenStreetMap"}},{"type":"Feature","geometry":{"type":"Point","coordinates":[-0.8700435,51.5011763]},"properties":{"name":"The Woodclyffe Hall","layer":"townhalls","note":"OpenStreetMap","osm_id":"way/578522659","osm_url":"https://www.openstreetmap.org/way/578522659","source":"OpenStreetMap"}},{"type":"Feature","geometry":{"type":"Point","coordinates":[1.1535003,51.7920089]},"properties":{"name":"Clacton Town Hall","layer":"townhalls","note":"OpenStreetMap","osm_id":"way/57869787","osm_url":"https://www.openstreetmap.org/way/57869787","source":"OpenStreetMap"}},{"type":"Feature","geometry":{"type":"Point","coordinates":[-2.0337628,52.5686278]},"properties":{"name":"Darlaston Town Hall","layer":"townhalls","note":"OpenStreetMap","osm_id":"way/57931889","osm_url":"https://www.openstreetmap.org/way/57931889","source":"OpenStreetMap"}},{"type":"Feature","geometry":{"type":"Point","coordinates":[-2.9854832,55.9588793]},"properties":{"name":"Prestonpans Town Hall","layer":"townhalls","note":"OpenStreetMap","osm_id":"way/580155911","osm_url":"https://www.openstreetmap.org/way/580155911","source":"OpenStreetMap"}},{"type":"Feature","geometry":{"type":"Point","coordinates":[-3.0112895,56.3197191]},"properties":{"name":"Corn Exchange","layer":"townhalls","note":"Fife Council","osm_id":"way/584418678","osm_url":"https://www.openstreetmap.org/way/584418678","source":"OpenStreetMap","brand":"Fife Council"}},{"type":"Feature","geometry":{"type":"Point","coordinates":[0.2382979,52.116796]},"properties":{"name":"Abington Institute","layer":"townhalls","note":"OpenStreetMap","osm_id":"way/584479230","osm_url":"https://www.openstreetmap.org/way/584479230","source":"OpenStreetMap"}},{"type":"Feature","geometry":{"type":"Point","coordinates":[-1.279925,51.6710219]},"properties":{"name":"Vale of White Horse District Council","layer":"townhalls","note":"OpenStreetMap","osm_id":"way/58727270","osm_url":"https://www.openstreetmap.org/way/58727270","source":"OpenStreetMap"}},{"type":"Feature","geometry":{"type":"Point","coordinates":[-4.4218184,55.845231]},"properties":{"name":"Paisley Town Hall","layer":"townhalls","note":"OpenStreetMap","osm_id":"way/58781636","osm_url":"https://www.openstreetmap.org/way/58781636","source":"OpenStreetMap"}},{"type":"Feature","geometry":{"type":"Point","coordinates":[-6.2361874,53.6175272]},"properties":{"name":"Town hall","layer":"townhalls","note":"OpenStreetMap","osm_id":"way/588613396","osm_url":"https://www.openstreetmap.org/way/588613396","source":"OpenStreetMap"}},{"type":"Feature","geometry":{"type":"Point","coordinates":[-0.5382155,52.3413242]},"properties":{"name":"Raunds Town Hall","layer":"townhalls","note":"OpenStreetMap","osm_id":"way/589331339","osm_url":"https://www.openstreetmap.org/way/589331339","source":"OpenStreetMap"}},{"type":"Feature","geometry":{"type":"Point","coordinates":[-3.550541,51.0400909]},"properties":{"name":"Dulverton Town Hall","layer":"townhalls","note":"OpenStreetMap","osm_id":"way/593166847","osm_url":"https://www.openstreetmap.org/way/593166847","source":"OpenStreetMap"}},{"type":"Feature","geometry":{"type":"Point","coordinates":[-2.276826,54.0685206]},"properties":{"name":"Settle Town Hall","layer":"townhalls","note":"OpenStreetMap","osm_id":"way/59397893","osm_url":"https://www.openstreetmap.org/way/59397893","source":"OpenStreetMap"}},{"type":"Feature","geometry":{"type":"Point","coordinates":[-1.1612549,50.6526379]},"properties":{"name":"Broadway Centre","layer":"townhalls","note":"Sandown Town Council","osm_id":"way/594883130","osm_url":"https://www.openstreetmap.org/way/594883130","source":"OpenStreetMap","brand":"Sandown Town Council"}},{"type":"Feature","geometry":{"type":"Point","coordinates":[-0.5277344,51.2049758]},"properties":{"name":"Town hall","layer":"townhalls","note":"OpenStreetMap","osm_id":"way/59515847","osm_url":"https://www.openstreetmap.org/way/59515847","source":"OpenStreetMap"}},{"type":"Feature","geometry":{"type":"Point","coordinates":[1.023607,51.8107637]},"properties":{"name":"Brightlingsea Town Council","layer":"townhalls","note":"OpenStreetMap","osm_id":"way/59697686","osm_url":"https://www.openstreetmap.org/way/59697686","source":"OpenStreetMap"}},{"type":"Feature","geometry":{"type":"Point","coordinates":[-0.3363776,51.2254182]},"properties":{"name":"Town hall","layer":"townhalls","note":"OpenStreetMap","osm_id":"way/59746405","osm_url":"https://www.openstreetmap.org/way/59746405","source":"OpenStreetMap"}},{"type":"Feature","geometry":{"type":"Point","coordinates":[-2.1938627,57.6602798]},"properties":{"name":"New Aberdour Hall","layer":"townhalls","note":"OpenStreetMap","osm_id":"way/598416694","osm_url":"https://www.openstreetmap.org/way/598416694","source":"OpenStreetMap"}},{"type":"Feature","geometry":{"type":"Point","coordinates":[-1.5506962,51.3640615]},"properties":{"name":"Kingston Room","layer":"townhalls","note":"OpenStreetMap","osm_id":"way/598522633","osm_url":"https://www.openstreetmap.org/way/598522633","source":"OpenStreetMap"}},{"type":"Feature","geometry":{"type":"Point","coordinates":[-4.7188662,50.4703796]},"properties":{"name":"Shire Hall","layer":"townhalls","note":"Bodmin Town Council","osm_id":"way/60070468","osm_url":"https://www.openstreetmap.org/way/60070468","source":"OpenStreetMap","brand":"Bodmin Town Council"}},{"type":"Feature","geometry":{"type":"Point","coordinates":[-0.7607747,52.0433579]},"properties":{"name":"Milton Keynes City Council","layer":"townhalls","note":"OpenStreetMap","osm_id":"way/60260524","osm_url":"https://www.openstreetmap.org/way/60260524","source":"OpenStreetMap"}},{"type":"Feature","geometry":{"type":"Point","coordinates":[-2.9916367,53.4071694]},"properties":{"name":"Liverpool Town Hall","layer":"townhalls","note":"OpenStreetMap","osm_id":"way/60261716","osm_url":"https://www.openstreetmap.org/way/60261716","source":"OpenStreetMap"}},{"type":"Feature","geometry":{"type":"Point","coordinates":[-5.905463,57.0601224]},"properties":{"name":"Ardvasar Community Hall","layer":"townhalls","note":"OpenStreetMap","osm_id":"way/60337586","osm_url":"https://www.openstreetmap.org/way/60337586","source":"OpenStreetMap"}},{"type":"Feature","geometry":{"type":"Point","coordinates":[1.1461829,52.3211796]},"properties":{"name":"Eye Town Hall","layer":"townhalls","note":"OpenStreetMap","osm_id":"way/604072346","osm_url":"https://www.openstreetmap.org/way/604072346","source":"OpenStreetMap"}},{"type":"Feature","geometry":{"type":"Point","coordinates":[-7.3062769,57.0844001]},"properties":{"name":"Talla Choimhearsnachd Èirisgeidh","layer":"townhalls","note":"OpenStreetMap","osm_id":"way/605017384","osm_url":"https://www.openstreetmap.org/way/605017384","source":"OpenStreetMap"}},{"type":"Feature","geometry":{"type":"Point","coordinates":[-1.6070806,51.442225]},"properties":{"name":"Ramsbury Memorial Hall","layer":"townhalls","note":"OpenStreetMap","osm_id":"way/606150102","osm_url":"https://www.openstreetmap.org/way/606150102","source":"OpenStreetMap"}},{"type":"Feature","geometry":{"type":"Point","coordinates":[-4.7386666,54.0778215]},"properties":{"name":"Town Hall","layer":"townhalls","note":"OpenStreetMap","osm_id":"way/61009476","osm_url":"https://www.openstreetmap.org/way/61009476","source":"OpenStreetMap"}},{"type":"Feature","geometry":{"type":"Point","coordinates":[-2.6039524,50.8394641]},"properties":{"name":"Evershot Memorial Hall","layer":"townhalls","note":"OpenStreetMap","osm_id":"way/610254889","osm_url":"https://www.openstreetmap.org/way/610254889","source":"OpenStreetMap"}},{"type":"Feature","geometry":{"type":"Point","coordinates":[-2.2016172,52.6295023]},"properties":{"name":"Codsall Parish Council","layer":"townhalls","note":"OpenStreetMap","osm_id":"way/615050147","osm_url":"https://www.openstreetmap.org/way/615050147","source":"OpenStreetMap"}},{"type":"Feature","geometry":{"type":"Point","coordinates":[-2.9567494,58.9815034]},"properties":{"name":"Council Offices","layer":"townhalls","note":"OpenStreetMap","osm_id":"way/615386856","osm_url":"https://www.openstreetmap.org/way/615386856","source":"OpenStreetMap"}},{"type":"Feature","geometry":{"type":"Point","coordinates":[-0.4890328,52.1210113]},"properties":{"name":"Kempston Town Hall","layer":"townhalls","note":"OpenStreetMap","osm_id":"way/616382940","osm_url":"https://www.openstreetmap.org/way/616382940","source":"OpenStreetMap"}},{"type":"Feature","geometry":{"type":"Point","coordinates":[-0.7898373,50.7343615]},"properties":{"name":"Selsey Town Hall","layer":"townhalls","note":"OpenStreetMap","osm_id":"way/616885974","osm_url":"https://www.openstreetmap.org/way/616885974","source":"OpenStreetMap"}},{"type":"Feature","geometry":{"type":"Point","coordinates":[-0.5760907,51.2320298]},"properties":{"name":"Guildford Borough Council","layer":"townhalls","note":"OpenStreetMap","osm_id":"way/61690767","osm_url":"https://www.openstreetmap.org/way/61690767","source":"OpenStreetMap"}},{"type":"Feature","geometry":{"type":"Point","coordinates":[-6.2985394,58.4654571]},"properties":{"name":"Talla Nis","layer":"townhalls","note":"OpenStreetMap","osm_id":"way/617849753","osm_url":"https://www.openstreetmap.org/way/617849753","source":"OpenStreetMap"}},{"type":"Feature","geometry":{"type":"Point","coordinates":[0.1703504,52.1241836]},"properties":{"name":"Sawston Parish Council","layer":"townhalls","note":"OpenStreetMap","osm_id":"way/618365936","osm_url":"https://www.openstreetmap.org/way/618365936","source":"OpenStreetMap"}},{"type":"Feature","geometry":{"type":"Point","coordinates":[-4.4265712,50.5236595]},"properties":{"name":"Linkinhorn Parish Hall","layer":"townhalls","note":"OpenStreetMap","osm_id":"way/619150289","osm_url":"https://www.openstreetmap.org/way/619150289","source":"OpenStreetMap"}},{"type":"Feature","geometry":{"type":"Point","coordinates":[-1.5484245,53.8023274]},"properties":{"name":"Leeds Civic Hall","layer":"townhalls","note":"OpenStreetMap","osm_id":"way/61979197","osm_url":"https://www.openstreetmap.org/way/61979197","source":"OpenStreetMap"}},{"type":"Feature","geometry":{"type":"Point","coordinates":[-6.3545418,53.7167532]},"properties":{"name":"Drogheda Borough Council","layer":"townhalls","note":"OpenStreetMap","osm_id":"way/620707430","osm_url":"https://www.openstreetmap.org/way/620707430","source":"OpenStreetMap"}},{"type":"Feature","geometry":{"type":"Point","coordinates":[-2.7787007,55.9556044]},"properties":{"name":"Town hall","layer":"townhalls","note":"OpenStreetMap","osm_id":"way/620740942","osm_url":"https://www.openstreetmap.org/way/620740942","source":"OpenStreetMap"}},{"type":"Feature","geometry":{"type":"Point","coordinates":[-5.6959724,54.5937233]},"properties":{"name":"Town hall","layer":"townhalls","note":"OpenStreetMap","osm_id":"way/620903080","osm_url":"https://www.openstreetmap.org/way/620903080","source":"OpenStreetMap"}},{"type":"Feature","geometry":{"type":"Point","coordinates":[-6.6768311,55.135081]},"properties":{"name":"County Hall","layer":"townhalls","note":"OpenStreetMap","osm_id":"way/630205626","osm_url":"https://www.openstreetmap.org/way/630205626","source":"OpenStreetMap"}},{"type":"Feature","geometry":{"type":"Point","coordinates":[-3.1347835,56.2021997]},"properties":{"name":"Markinch Town Hall","layer":"townhalls","note":"OpenStreetMap","osm_id":"way/631271815","osm_url":"https://www.openstreetmap.org/way/631271815","source":"OpenStreetMap"}},{"type":"Feature","geometry":{"type":"Point","coordinates":[-8.521584,51.7024391]},"properties":{"name":"Kinsale Municipal Hall","layer":"townhalls","note":"OpenStreetMap","osm_id":"way/634700041","osm_url":"https://www.openstreetmap.org/way/634700041","source":"OpenStreetMap"}},{"type":"Feature","geometry":{"type":"Point","coordinates":[-0.9282337,51.4297395]},"properties":{"name":"Earley Town Council","layer":"townhalls","note":"OpenStreetMap","osm_id":"way/63944078","osm_url":"https://www.openstreetmap.org/way/63944078","source":"OpenStreetMap"}},{"type":"Feature","geometry":{"type":"Point","coordinates":[-6.9525806,55.0520885]},"properties":{"name":"Limavady Town Hall and Arts Centre","layer":"townhalls","note":"OpenStreetMap","osm_id":"way/639634345","osm_url":"https://www.openstreetmap.org/way/639634345","source":"OpenStreetMap"}},{"type":"Feature","geometry":{"type":"Point","coordinates":[-0.5257452,51.183718]},"properties":{"name":"The Arbuthnot Hall","layer":"townhalls","note":"OpenStreetMap","osm_id":"way/642732953","osm_url":"https://www.openstreetmap.org/way/642732953","source":"OpenStreetMap"}},{"type":"Feature","geometry":{"type":"Point","coordinates":[-3.3403767,56.5923181]},"properties":{"name":"Blairgowrie Town Hall","layer":"townhalls","note":"OpenStreetMap","osm_id":"way/64302995","osm_url":"https://www.openstreetmap.org/way/64302995","source":"OpenStreetMap"}},{"type":"Feature","geometry":{"type":"Point","coordinates":[-5.8527058,57.2386045]},"properties":{"name":"Breakish Hall","layer":"townhalls","note":"OpenStreetMap","osm_id":"way/644344175","osm_url":"https://www.openstreetmap.org/way/644344175","source":"OpenStreetMap"}},{"type":"Feature","geometry":{"type":"Point","coordinates":[-3.1258064,52.0743825]},"properties":{"name":"Town Hall, old Cheese Market","layer":"townhalls","note":"OpenStreetMap","osm_id":"way/645713290","osm_url":"https://www.openstreetmap.org/way/645713290","source":"OpenStreetMap"}},{"type":"Feature","geometry":{"type":"Point","coordinates":[-8.2683668,52.1379326]},"properties":{"name":"Fermoy Town Hall","layer":"townhalls","note":"OpenStreetMap","osm_id":"way/646297109","osm_url":"https://www.openstreetmap.org/way/646297109","source":"OpenStreetMap"}},{"type":"Feature","geometry":{"type":"Point","coordinates":[-3.757122,50.5158962]},"properties":{"name":"Ashburton Town Hall","layer":"townhalls","note":"OpenStreetMap","osm_id":"way/646385409","osm_url":"https://www.openstreetmap.org/way/646385409","source":"OpenStreetMap"}},{"type":"Feature","geometry":{"type":"Point","coordinates":[-5.4804163,50.2117793]},"properties":{"name":"Guildhall","layer":"townhalls","note":"OpenStreetMap","osm_id":"way/648707507","osm_url":"https://www.openstreetmap.org/way/648707507","source":"OpenStreetMap"}},{"type":"Feature","geometry":{"type":"Point","coordinates":[-5.2033402,50.3099304]},"properties":{"name":"St Agnes Parish Council Office","layer":"townhalls","note":"St Agnes Parish Council","osm_id":"way/649543667","osm_url":"https://www.openstreetmap.org/way/649543667","source":"OpenStreetMap","brand":"St Agnes Parish Council"}},{"type":"Feature","geometry":{"type":"Point","coordinates":[-0.7915992,51.3443487]},"properties":{"name":"Sandhurst Town Council","layer":"townhalls","note":"OpenStreetMap","osm_id":"way/65047816","osm_url":"https://www.openstreetmap.org/way/65047816","source":"OpenStreetMap"}},{"type":"Feature","geometry":{"type":"Point","coordinates":[-2.862692,56.5225348]},"properties":{"name":"Wellbank Hall","layer":"townhalls","note":"OpenStreetMap","osm_id":"way/651180352","osm_url":"https://www.openstreetmap.org/way/651180352","source":"OpenStreetMap"}},{"type":"Feature","geometry":{"type":"Point","coordinates":[-6.5183798,55.071657]},"properties":{"name":"Ballymoney Town Hall & Museum","layer":"townhalls","note":"OpenStreetMap","osm_id":"way/651548480","osm_url":"https://www.openstreetmap.org/way/651548480","source":"OpenStreetMap"}},{"type":"Feature","geometry":{"type":"Point","coordinates":[-3.3158647,57.6504535]},"properties":{"name":"Elgin Town Hall","layer":"townhalls","note":"OpenStreetMap","osm_id":"way/65602033","osm_url":"https://www.openstreetmap.org/way/65602033","source":"OpenStreetMap"}},{"type":"Feature","geometry":{"type":"Point","coordinates":[0.0514922,52.45427]},"properties":{"name":"Chatteris Town Council","layer":"townhalls","note":"OpenStreetMap","osm_id":"way/656404708","osm_url":"https://www.openstreetmap.org/way/656404708","source":"OpenStreetMap"}},{"type":"Feature","geometry":{"type":"Point","coordinates":[-6.9492263,55.0515376]},"properties":{"name":"Causeway Coast and Glens Borough Council","layer":"townhalls","note":"Causeway Coast and Glens Borough Council","osm_id":"way/656716317","osm_url":"https://www.openstreetmap.org/way/656716317","source":"OpenStreetMap","brand":"Causeway Coast and Glens Borough Council"}},{"type":"Feature","geometry":{"type":"Point","coordinates":[-2.5658018,51.6317021]},"properties":{"name":"Oldbury On Severn Memorial Hall","layer":"townhalls","note":"OpenStreetMap","osm_id":"way/657019386","osm_url":"https://www.openstreetmap.org/way/657019386","source":"OpenStreetMap"}},{"type":"Feature","geometry":{"type":"Point","coordinates":[-0.4306081,51.1088876]},"properties":{"name":"Ellen's Green Memorial Hall","layer":"townhalls","note":"OpenStreetMap","osm_id":"way/658854026","osm_url":"https://www.openstreetmap.org/way/658854026","source":"OpenStreetMap"}},{"type":"Feature","geometry":{"type":"Point","coordinates":[-3.0567173,52.9346752]},"properties":{"name":"Chirk Town Council","layer":"townhalls","note":"OpenStreetMap","osm_id":"way/661299619","osm_url":"https://www.openstreetmap.org/way/661299619","source":"OpenStreetMap"}},{"type":"Feature","geometry":{"type":"Point","coordinates":[0.607761,51.5855175]},"properties":{"name":"The Pavilion","layer":"townhalls","note":"OpenStreetMap","osm_id":"way/662053233","osm_url":"https://www.openstreetmap.org/way/662053233","source":"OpenStreetMap"}},{"type":"Feature","geometry":{"type":"Point","coordinates":[-4.3130738,50.3972844]},"properties":{"name":"Eliot Hall","layer":"townhalls","note":"OpenStreetMap","osm_id":"way/663938170","osm_url":"https://www.openstreetmap.org/way/663938170","source":"OpenStreetMap"}},{"type":"Feature","geometry":{"type":"Point","coordinates":[-4.1491663,50.9308554]},"properties":{"name":"Victory Hall","layer":"townhalls","note":"OpenStreetMap","osm_id":"way/664160777","osm_url":"https://www.openstreetmap.org/way/664160777","source":"OpenStreetMap"}},{"type":"Feature","geometry":{"type":"Point","coordinates":[-2.5490012,53.6013119]},"properties":{"name":"Horwich Area Office and Public Hall","layer":"townhalls","note":"OpenStreetMap","osm_id":"way/665289394","osm_url":"https://www.openstreetmap.org/way/665289394","source":"OpenStreetMap"}},{"type":"Feature","geometry":{"type":"Point","coordinates":[-3.8311049,53.3242093]},"properties":{"name":"Llandudno Town Hall","layer":"townhalls","note":"OpenStreetMap","osm_id":"way/665558775","osm_url":"https://www.openstreetmap.org/way/665558775","source":"OpenStreetMap"}},{"type":"Feature","geometry":{"type":"Point","coordinates":[-1.3100851,52.9707396]},"properties":{"name":"Ilkeston Town Hall","layer":"townhalls","note":"OpenStreetMap","osm_id":"way/66738301","osm_url":"https://www.openstreetmap.org/way/66738301","source":"OpenStreetMap"}},{"type":"Feature","geometry":{"type":"Point","coordinates":[-2.9983103,55.1506]},"properties":{"name":"Town hall","layer":"townhalls","note":"OpenStreetMap","osm_id":"way/670305452","osm_url":"https://www.openstreetmap.org/way/670305452","source":"OpenStreetMap"}},{"type":"Feature","geometry":{"type":"Point","coordinates":[-1.1485708,52.9534303]},"properties":{"name":"Council House","layer":"townhalls","note":"OpenStreetMap","osm_id":"way/67187268","osm_url":"https://www.openstreetmap.org/way/67187268","source":"OpenStreetMap"}},{"type":"Feature","geometry":{"type":"Point","coordinates":[-2.0847121,52.5117488]},"properties":{"name":"Dudley Town Hall","layer":"townhalls","note":"OpenStreetMap","osm_id":"way/672429571","osm_url":"https://www.openstreetmap.org/way/672429571","source":"OpenStreetMap"}},{"type":"Feature","geometry":{"type":"Point","coordinates":[-2.4180224,51.5430655]},"properties":{"name":"Yate Town Council","layer":"townhalls","note":"OpenStreetMap","osm_id":"way/673568307","osm_url":"https://www.openstreetmap.org/way/673568307","source":"OpenStreetMap"}},{"type":"Feature","geometry":{"type":"Point","coordinates":[-5.274442,50.1010989]},"properties":{"name":"Guildhall","layer":"townhalls","note":"OpenStreetMap","osm_id":"way/67371561","osm_url":"https://www.openstreetmap.org/way/67371561","source":"OpenStreetMap"}},{"type":"Feature","geometry":{"type":"Point","coordinates":[-3.1749819,52.876728]},"properties":{"name":"Town hall","layer":"townhalls","note":"OpenStreetMap","osm_id":"way/674527926","osm_url":"https://www.openstreetmap.org/way/674527926","source":"OpenStreetMap"}},{"type":"Feature","geometry":{"type":"Point","coordinates":[-6.3376264,54.177475]},"properties":{"name":"Newry Town Hall","layer":"townhalls","note":"Newry, Mourne and Down District Council","osm_id":"way/674986223","osm_url":"https://www.openstreetmap.org/way/674986223","source":"OpenStreetMap","brand":"Newry, Mourne and Down District Council"}},{"type":"Feature","geometry":{"type":"Point","coordinates":[0.9401653,52.6821063]},"properties":{"name":"The Assembly Rooms","layer":"townhalls","note":"OpenStreetMap","osm_id":"way/680343522","osm_url":"https://www.openstreetmap.org/way/680343522","source":"OpenStreetMap"}},{"type":"Feature","geometry":{"type":"Point","coordinates":[-2.1754272,53.0234587]},"properties":{"name":"Hanley Town Hall","layer":"townhalls","note":"OpenStreetMap","osm_id":"way/68154913","osm_url":"https://www.openstreetmap.org/way/68154913","source":"OpenStreetMap"}},{"type":"Feature","geometry":{"type":"Point","coordinates":[-2.1820708,53.0047974]},"properties":{"name":"Stoke Town Hall","layer":"townhalls","note":"OpenStreetMap","osm_id":"way/68203824","osm_url":"https://www.openstreetmap.org/way/68203824","source":"OpenStreetMap"}},{"type":"Feature","geometry":{"type":"Point","coordinates":[-4.7473849,56.199109]},"properties":{"name":"Three Villages Community Hall","layer":"townhalls","note":"OpenStreetMap","osm_id":"way/682477409","osm_url":"https://www.openstreetmap.org/way/682477409","source":"OpenStreetMap"}},{"type":"Feature","geometry":{"type":"Point","coordinates":[-2.2245894,53.0119217]},"properties":{"name":"Newcastle-under-Lyme Borough Council","layer":"townhalls","note":"OpenStreetMap","osm_id":"way/683575914","osm_url":"https://www.openstreetmap.org/way/683575914","source":"OpenStreetMap"}},{"type":"Feature","geometry":{"type":"Point","coordinates":[-0.3673796,51.4686641]},"properties":{"name":"Hounslow House","layer":"townhalls","note":"OpenStreetMap","osm_id":"way/684023441","osm_url":"https://www.openstreetmap.org/way/684023441","source":"OpenStreetMap"}},{"type":"Feature","geometry":{"type":"Point","coordinates":[-0.8134261,53.0805861]},"properties":{"name":"Newark & Sherwood District Council","layer":"townhalls","note":"OpenStreetMap","osm_id":"way/685005554","osm_url":"https://www.openstreetmap.org/way/685005554","source":"OpenStreetMap"}},{"type":"Feature","geometry":{"type":"Point","coordinates":[-2.7006427,56.2235613]},"properties":{"name":"Anstruther Town Hall","layer":"townhalls","note":"OpenStreetMap","osm_id":"way/685983678","osm_url":"https://www.openstreetmap.org/way/685983678","source":"OpenStreetMap"}},{"type":"Feature","geometry":{"type":"Point","coordinates":[0.7313342,52.0390384]},"properties":{"name":"Sudbury Town Hall","layer":"townhalls","note":"Sudbury Town Council","osm_id":"way/686079057","osm_url":"https://www.openstreetmap.org/way/686079057","source":"OpenStreetMap","brand":"Sudbury Town Council"}},{"type":"Feature","geometry":{"type":"Point","coordinates":[0.607879,52.0485146]},"properties":{"name":"The Community House","layer":"townhalls","note":"OpenStreetMap","osm_id":"way/686133219","osm_url":"https://www.openstreetmap.org/way/686133219","source":"OpenStreetMap"}},{"type":"Feature","geometry":{"type":"Point","coordinates":[0.891109,51.3158468]},"properties":{"name":"Faversham Guildhall","layer":"townhalls","note":"OpenStreetMap","osm_id":"way/686704979","osm_url":"https://www.openstreetmap.org/way/686704979","source":"OpenStreetMap"}},{"type":"Feature","geometry":{"type":"Point","coordinates":[-6.6759316,55.1452568]},"properties":{"name":"Causeway Coast and Glens Borough Council - Coleraine Office","layer":"townhalls","note":"Causeway Coast and Glens Borough Council","osm_id":"way/687381106","osm_url":"https://www.openstreetmap.org/way/687381106","source":"OpenStreetMap","brand":"Causeway Coast and Glens Borough Council"}},{"type":"Feature","geometry":{"type":"Point","coordinates":[-3.9477747,56.1240339]},"properties":{"name":"The Great Hall","layer":"townhalls","note":"OpenStreetMap","osm_id":"way/68955265","osm_url":"https://www.openstreetmap.org/way/68955265","source":"OpenStreetMap"}},{"type":"Feature","geometry":{"type":"Point","coordinates":[0.4887837,52.9402527]},"properties":{"name":"Hunstanton Town Hall","layer":"townhalls","note":"OpenStreetMap","osm_id":"way/690576663","osm_url":"https://www.openstreetmap.org/way/690576663","source":"OpenStreetMap"}},{"type":"Feature","geometry":{"type":"Point","coordinates":[-2.3070935,53.4465561]},"properties":{"name":"Stretford Public Hall","layer":"townhalls","note":"OpenStreetMap","osm_id":"way/691042987","osm_url":"https://www.openstreetmap.org/way/691042987","source":"OpenStreetMap"}},{"type":"Feature","geometry":{"type":"Point","coordinates":[-2.9082862,54.1942478]},"properties":{"name":"Victoria Hall","layer":"townhalls","note":"OpenStreetMap","osm_id":"way/691263296","osm_url":"https://www.openstreetmap.org/way/691263296","source":"OpenStreetMap"}},{"type":"Feature","geometry":{"type":"Point","coordinates":[-4.2767638,55.7916047]},"properties":{"name":"Clarkston Hall","layer":"townhalls","note":"OpenStreetMap","osm_id":"way/691741793","osm_url":"https://www.openstreetmap.org/way/691741793","source":"OpenStreetMap"}},{"type":"Feature","geometry":{"type":"Point","coordinates":[-5.8053262,54.7157629]},"properties":{"name":"Carrickfergus Town Hall","layer":"townhalls","note":"OpenStreetMap","osm_id":"way/693922408","osm_url":"https://www.openstreetmap.org/way/693922408","source":"OpenStreetMap"}},{"type":"Feature","geometry":{"type":"Point","coordinates":[-8.8772655,52.7059611]},"properties":{"name":"Town Hall","layer":"townhalls","note":"OpenStreetMap","osm_id":"way/695843059","osm_url":"https://www.openstreetmap.org/way/695843059","source":"OpenStreetMap"}},{"type":"Feature","geometry":{"type":"Point","coordinates":[-4.5126644,55.8351106]},"properties":{"name":"Johnstone Town Hall","layer":"townhalls","note":"Renfrewshire Council","osm_id":"way/698052940","osm_url":"https://www.openstreetmap.org/way/698052940","source":"OpenStreetMap","brand":"Renfrewshire Council"}},{"type":"Feature","geometry":{"type":"Point","coordinates":[1.1811117,51.0801226]},"properties":{"name":"Folkestone Town Council","layer":"townhalls","note":"OpenStreetMap","osm_id":"way/699082391","osm_url":"https://www.openstreetmap.org/way/699082391","source":"OpenStreetMap"}},{"type":"Feature","geometry":{"type":"Point","coordinates":[-0.2164351,51.3591188]},"properties":{"name":"Parochial Rooms","layer":"townhalls","note":"OpenStreetMap","osm_id":"way/69955115","osm_url":"https://www.openstreetmap.org/way/69955115","source":"OpenStreetMap"}},{"type":"Feature","geometry":{"type":"Point","coordinates":[-2.1917933,51.170671]},"properties":{"name":"Parish Hall","layer":"townhalls","note":"OpenStreetMap","osm_id":"way/700477165","osm_url":"https://www.openstreetmap.org/way/700477165","source":"OpenStreetMap"}},{"type":"Feature","geometry":{"type":"Point","coordinates":[-8.9597714,51.9047383]},"properties":{"name":"Town Hall","layer":"townhalls","note":"OpenStreetMap","osm_id":"way/702438164","osm_url":"https://www.openstreetmap.org/way/702438164","source":"OpenStreetMap"}},{"type":"Feature","geometry":{"type":"Point","coordinates":[-1.0532894,51.4618858]},"properties":{"name":"Town hall","layer":"townhalls","note":"OpenStreetMap","osm_id":"way/70517857","osm_url":"https://www.openstreetmap.org/way/70517857","source":"OpenStreetMap"}},{"type":"Feature","geometry":{"type":"Point","coordinates":[-2.964594,50.8725155]},"properties":{"name":"The Guildhall","layer":"townhalls","note":"OpenStreetMap","osm_id":"way/705953765","osm_url":"https://www.openstreetmap.org/way/705953765","source":"OpenStreetMap"}},{"type":"Feature","geometry":{"type":"Point","coordinates":[-2.8015511,57.4102869]},"properties":{"name":"Gartly Community Hall","layer":"townhalls","note":"Gartly Community Association","osm_id":"way/707051345","osm_url":"https://www.openstreetmap.org/way/707051345","source":"OpenStreetMap","brand":"Gartly Community Association"}},{"type":"Feature","geometry":{"type":"Point","coordinates":[-1.1464526,60.1544577]},"properties":{"name":"Lerwick Town Hall","layer":"townhalls","note":"OpenStreetMap","osm_id":"way/71005667","osm_url":"https://www.openstreetmap.org/way/71005667","source":"OpenStreetMap"}},{"type":"Feature","geometry":{"type":"Point","coordinates":[1.2963217,52.6311788]},"properties":{"name":"Blackfriar's Hall","layer":"townhalls","note":"OpenStreetMap","osm_id":"way/710670158","osm_url":"https://www.openstreetmap.org/way/710670158","source":"OpenStreetMap"}},{"type":"Feature","geometry":{"type":"Point","coordinates":[-7.0490374,53.3433462]},"properties":{"name":"Edenderry Town Hall","layer":"townhalls","note":"Offaly County Council","osm_id":"way/710671645","osm_url":"https://www.openstreetmap.org/way/710671645","source":"OpenStreetMap","brand":"Offaly County Council"}},{"type":"Feature","geometry":{"type":"Point","coordinates":[-1.4673787,52.521814]},"properties":{"name":"Nuneaton Town Hall","layer":"townhalls","note":"OpenStreetMap","osm_id":"way/71196412","osm_url":"https://www.openstreetmap.org/way/71196412","source":"OpenStreetMap"}},{"type":"Feature","geometry":{"type":"Point","coordinates":[-3.0611695,51.1503694]},"properties":{"name":"Cannington Parish Hall","layer":"townhalls","note":"OpenStreetMap","osm_id":"way/712236551","osm_url":"https://www.openstreetmap.org/way/712236551","source":"OpenStreetMap"}},{"type":"Feature","geometry":{"type":"Point","coordinates":[-4.9804478,56.0203217]},"properties":{"name":"Uig Hall","layer":"townhalls","note":"Benmore and Rashfield Community Association","osm_id":"way/712281285","osm_url":"https://www.openstreetmap.org/way/712281285","source":"OpenStreetMap","brand":"Benmore and Rashfield Community Association"}},{"type":"Feature","geometry":{"type":"Point","coordinates":[-4.9278603,55.9503959]},"properties":{"name":"Dunoon Burgh Hall","layer":"townhalls","note":"OpenStreetMap","osm_id":"way/712281353","osm_url":"https://www.openstreetmap.org/way/712281353","source":"OpenStreetMap"}},{"type":"Feature","geometry":{"type":"Point","coordinates":[0.9574668,51.2176813]},"properties":{"name":"Town hall","layer":"townhalls","note":"OpenStreetMap","osm_id":"way/712438029","osm_url":"https://www.openstreetmap.org/way/712438029","source":"OpenStreetMap"}},{"type":"Feature","geometry":{"type":"Point","coordinates":[-2.0029566,55.7694341]},"properties":{"name":"Town Hall","layer":"townhalls","note":"OpenStreetMap","osm_id":"way/71301409","osm_url":"https://www.openstreetmap.org/way/71301409","source":"OpenStreetMap"}},{"type":"Feature","geometry":{"type":"Point","coordinates":[-2.5064671,57.051401]},"properties":{"name":"Banchory Town Hall","layer":"townhalls","note":"OpenStreetMap","osm_id":"way/717635742","osm_url":"https://www.openstreetmap.org/way/717635742","source":"OpenStreetMap"}},{"type":"Feature","geometry":{"type":"Point","coordinates":[-2.1801807,54.7366095]},"properties":{"name":"Upper Weardale Town Hall","layer":"townhalls","note":"OpenStreetMap","osm_id":"way/717958264","osm_url":"https://www.openstreetmap.org/way/717958264","source":"OpenStreetMap"}},{"type":"Feature","geometry":{"type":"Point","coordinates":[-7.1066819,52.2598333]},"properties":{"name":"Waterford City Hall","layer":"townhalls","note":"OpenStreetMap","osm_id":"way/72089527","osm_url":"https://www.openstreetmap.org/way/72089527","source":"OpenStreetMap"}},{"type":"Feature","geometry":{"type":"Point","coordinates":[-3.0487287,55.943169]},"properties":{"name":"Musselburgh Town House","layer":"townhalls","note":"OpenStreetMap","osm_id":"way/72225018","osm_url":"https://www.openstreetmap.org/way/72225018","source":"OpenStreetMap"}},{"type":"Feature","geometry":{"type":"Point","coordinates":[-1.4852696,51.7838623]},"properties":{"name":"Witney Town Hall","layer":"townhalls","note":"OpenStreetMap","osm_id":"way/723002287","osm_url":"https://www.openstreetmap.org/way/723002287","source":"OpenStreetMap"}},{"type":"Feature","geometry":{"type":"Point","coordinates":[-3.3101125,56.1283382]},"properties":{"name":"Lochgelly Town Hall","layer":"townhalls","note":"OpenStreetMap","osm_id":"way/724095448","osm_url":"https://www.openstreetmap.org/way/724095448","source":"OpenStreetMap"}},{"type":"Feature","geometry":{"type":"Point","coordinates":[-3.3906757,51.9475208]},"properties":{"name":"The Guildhall","layer":"townhalls","note":"OpenStreetMap","osm_id":"way/727236384","osm_url":"https://www.openstreetmap.org/way/727236384","source":"OpenStreetMap"}},{"type":"Feature","geometry":{"type":"Point","coordinates":[-0.5432668,53.2309263]},"properties":{"name":"City Hall","layer":"townhalls","note":"OpenStreetMap","osm_id":"way/729940375","osm_url":"https://www.openstreetmap.org/way/729940375","source":"OpenStreetMap"}},{"type":"Feature","geometry":{"type":"Point","coordinates":[-6.0012793,54.7522388]},"properties":{"name":"Ballyclare Town Hall","layer":"townhalls","note":"OpenStreetMap","osm_id":"way/733221548","osm_url":"https://www.openstreetmap.org/way/733221548","source":"OpenStreetMap"}},{"type":"Feature","geometry":{"type":"Point","coordinates":[-2.6234177,50.7793963]},"properties":{"name":"Town hall","layer":"townhalls","note":"OpenStreetMap","osm_id":"way/733308086","osm_url":"https://www.openstreetmap.org/way/733308086","source":"OpenStreetMap"}},{"type":"Feature","geometry":{"type":"Point","coordinates":[-2.8437261,56.2211179]},"properties":{"name":"Colinsburgh Town Hall","layer":"townhalls","note":"OpenStreetMap","osm_id":"way/734108187","osm_url":"https://www.openstreetmap.org/way/734108187","source":"OpenStreetMap"}},{"type":"Feature","geometry":{"type":"Point","coordinates":[-2.6987932,53.7598623]},"properties":{"name":"Preston Town Hall","layer":"townhalls","note":"OpenStreetMap","osm_id":"way/73584941","osm_url":"https://www.openstreetmap.org/way/73584941","source":"OpenStreetMap"}},{"type":"Feature","geometry":{"type":"Point","coordinates":[-2.9697866,56.4600528]},"properties":{"name":"Dundee City Chambers","layer":"townhalls","note":"OpenStreetMap","osm_id":"way/741281179","osm_url":"https://www.openstreetmap.org/way/741281179","source":"OpenStreetMap"}},{"type":"Feature","geometry":{"type":"Point","coordinates":[-0.2994655,53.2879124]},"properties":{"name":"Wragby Town Hall","layer":"townhalls","note":"OpenStreetMap","osm_id":"way/74145658","osm_url":"https://www.openstreetmap.org/way/74145658","source":"OpenStreetMap"}},{"type":"Feature","geometry":{"type":"Point","coordinates":[-1.3661139,54.8420639]},"properties":{"name":"Seaham Town Hall","layer":"townhalls","note":"OpenStreetMap","osm_id":"way/749441734","osm_url":"https://www.openstreetmap.org/way/749441734","source":"OpenStreetMap"}},{"type":"Feature","geometry":{"type":"Point","coordinates":[-7.4792529,54.8335837]},"properties":{"name":"Donegal County Council","layer":"townhalls","note":"OpenStreetMap","osm_id":"way/749678836","osm_url":"https://www.openstreetmap.org/way/749678836","source":"OpenStreetMap"}},{"type":"Feature","geometry":{"type":"Point","coordinates":[1.3369724,51.3823093]},"properties":{"name":"Westgate-on-Sea Town Council","layer":"townhalls","note":"OpenStreetMap","osm_id":"way/750970927","osm_url":"https://www.openstreetmap.org/way/750970927","source":"OpenStreetMap"}},{"type":"Feature","geometry":{"type":"Point","coordinates":[1.107788,52.3771019]},"properties":{"name":"Diss Town Council","layer":"townhalls","note":"OpenStreetMap","osm_id":"way/751625363","osm_url":"https://www.openstreetmap.org/way/751625363","source":"OpenStreetMap"}},{"type":"Feature","geometry":{"type":"Point","coordinates":[-2.2520176,51.8641595]},"properties":{"name":"North Warehouse","layer":"townhalls","note":"Gloucester City Council","osm_id":"way/75320400","osm_url":"https://www.openstreetmap.org/way/75320400","source":"OpenStreetMap","brand":"Gloucester City Council"}},{"type":"Feature","geometry":{"type":"Point","coordinates":[-2.8063671,55.6143402]},"properties":{"name":"Burgh Buildings","layer":"townhalls","note":"Scottish Borders Council","osm_id":"way/754727392","osm_url":"https://www.openstreetmap.org/way/754727392","source":"OpenStreetMap","brand":"Scottish Borders Council"}},{"type":"Feature","geometry":{"type":"Point","coordinates":[0.9528667,52.0428733]},"properties":{"name":"Hadleigh Town Hall","layer":"townhalls","note":"OpenStreetMap","osm_id":"way/756105560","osm_url":"https://www.openstreetmap.org/way/756105560","source":"OpenStreetMap"}},{"type":"Feature","geometry":{"type":"Point","coordinates":[0.4180669,51.8583884]},"properties":{"name":"Community Hall","layer":"townhalls","note":"OpenStreetMap","osm_id":"way/757320082","osm_url":"https://www.openstreetmap.org/way/757320082","source":"OpenStreetMap"}},{"type":"Feature","geometry":{"type":"Point","coordinates":[-1.6953222,52.6330481]},"properties":{"name":"Tamworth Town Hall","layer":"townhalls","note":"OpenStreetMap","osm_id":"way/75767554","osm_url":"https://www.openstreetmap.org/way/75767554","source":"OpenStreetMap"}},{"type":"Feature","geometry":{"type":"Point","coordinates":[-1.5575651,52.7739132]},"properties":{"name":"Swadlincote Town Hall","layer":"townhalls","note":"OpenStreetMap","osm_id":"way/75890812","osm_url":"https://www.openstreetmap.org/way/75890812","source":"OpenStreetMap"}},{"type":"Feature","geometry":{"type":"Point","coordinates":[-1.2372406,53.0793928]},"properties":{"name":"Annesley and Felley Parish Hall","layer":"townhalls","note":"OpenStreetMap","osm_id":"way/760660065","osm_url":"https://www.openstreetmap.org/way/760660065","source":"OpenStreetMap"}},{"type":"Feature","geometry":{"type":"Point","coordinates":[-3.3104398,53.1142595]},"properties":{"name":"Ruthin Town Council","layer":"townhalls","note":"OpenStreetMap","osm_id":"way/760855780","osm_url":"https://www.openstreetmap.org/way/760855780","source":"OpenStreetMap"}},{"type":"Feature","geometry":{"type":"Point","coordinates":[-0.6396257,52.9107424]},"properties":{"name":"South Kesteven District Council","layer":"townhalls","note":"South Kesteven District Council","osm_id":"way/762821761","osm_url":"https://www.openstreetmap.org/way/762821761","source":"OpenStreetMap","brand":"South Kesteven District Council"}},{"type":"Feature","geometry":{"type":"Point","coordinates":[-0.45054,51.2198293]},"properties":{"name":"Gomshall Village Club","layer":"townhalls","note":"OpenStreetMap","osm_id":"way/764117317","osm_url":"https://www.openstreetmap.org/way/764117317","source":"OpenStreetMap"}},{"type":"Feature","geometry":{"type":"Point","coordinates":[-0.4486467,51.2206741]},"properties":{"name":"Tanyard Hall","layer":"townhalls","note":"OpenStreetMap","osm_id":"way/764117357","osm_url":"https://www.openstreetmap.org/way/764117357","source":"OpenStreetMap"}},{"type":"Feature","geometry":{"type":"Point","coordinates":[-2.0020211,57.5247255]},"properties":{"name":"Town hall","layer":"townhalls","note":"OpenStreetMap","osm_id":"way/764625837","osm_url":"https://www.openstreetmap.org/way/764625837","source":"OpenStreetMap"}},{"type":"Feature","geometry":{"type":"Point","coordinates":[-2.3633428,53.1445336]},"properties":{"name":"Sandbach Town Hall","layer":"townhalls","note":"OpenStreetMap","osm_id":"way/766036771","osm_url":"https://www.openstreetmap.org/way/766036771","source":"OpenStreetMap"}},{"type":"Feature","geometry":{"type":"Point","coordinates":[-5.1031956,50.1681587]},"properties":{"name":"Penryn Town Hall","layer":"townhalls","note":"Penryn Town Council","osm_id":"way/76848229","osm_url":"https://www.openstreetmap.org/way/76848229","source":"OpenStreetMap","brand":"Penryn Town Council"}},{"type":"Feature","geometry":{"type":"Point","coordinates":[-2.2723266,51.0379953]},"properties":{"name":"Gillingham Town Hall","layer":"townhalls","note":"OpenStreetMap","osm_id":"way/76936053","osm_url":"https://www.openstreetmap.org/way/76936053","source":"OpenStreetMap"}},{"type":"Feature","geometry":{"type":"Point","coordinates":[0.9900653,51.9576579]},"properties":{"name":"Dedham Assembly Rooms","layer":"townhalls","note":"OpenStreetMap","osm_id":"way/770390519","osm_url":"https://www.openstreetmap.org/way/770390519","source":"OpenStreetMap"}},{"type":"Feature","geometry":{"type":"Point","coordinates":[-3.1890791,55.6513666]},"properties":{"name":"Burgh Hall","layer":"townhalls","note":"OpenStreetMap","osm_id":"way/772258150","osm_url":"https://www.openstreetmap.org/way/772258150","source":"OpenStreetMap"}},{"type":"Feature","geometry":{"type":"Point","coordinates":[-0.6578498,51.5315502]},"properties":{"name":"Burnham Park Hall","layer":"townhalls","note":"OpenStreetMap","osm_id":"way/777444629","osm_url":"https://www.openstreetmap.org/way/777444629","source":"OpenStreetMap"}},{"type":"Feature","geometry":{"type":"Point","coordinates":[-2.5988093,53.3896953]},"properties":{"name":"Town hall","layer":"townhalls","note":"OpenStreetMap","osm_id":"way/783408815","osm_url":"https://www.openstreetmap.org/way/783408815","source":"OpenStreetMap"}},{"type":"Feature","geometry":{"type":"Point","coordinates":[-3.0062293,51.1280685]},"properties":{"name":"Bridgwater Town Hall","layer":"townhalls","note":"OpenStreetMap","osm_id":"way/78376812","osm_url":"https://www.openstreetmap.org/way/78376812","source":"OpenStreetMap"}},{"type":"Feature","geometry":{"type":"Point","coordinates":[-2.3532262,51.2591659]},"properties":{"name":"Town hall","layer":"townhalls","note":"OpenStreetMap","osm_id":"way/785904053","osm_url":"https://www.openstreetmap.org/way/785904053","source":"OpenStreetMap"}},{"type":"Feature","geometry":{"type":"Point","coordinates":[-3.1482737,51.1812321]},"properties":{"name":"Town hall","layer":"townhalls","note":"OpenStreetMap","osm_id":"way/790282384","osm_url":"https://www.openstreetmap.org/way/790282384","source":"OpenStreetMap"}},{"type":"Feature","geometry":{"type":"Point","coordinates":[-3.1480796,51.1811386]},"properties":{"name":"Town hall","layer":"townhalls","note":"OpenStreetMap","osm_id":"way/790282385","osm_url":"https://www.openstreetmap.org/way/790282385","source":"OpenStreetMap"}},{"type":"Feature","geometry":{"type":"Point","coordinates":[-3.4946198,50.678618]},"properties":{"name":"Victory Hall","layer":"townhalls","note":"OpenStreetMap","osm_id":"way/790361989","osm_url":"https://www.openstreetmap.org/way/790361989","source":"OpenStreetMap"}},{"type":"Feature","geometry":{"type":"Point","coordinates":[0.8584514,51.0640138]},"properties":{"name":"Victory Hall","layer":"townhalls","note":"OpenStreetMap","osm_id":"way/790842523","osm_url":"https://www.openstreetmap.org/way/790842523","source":"OpenStreetMap"}},{"type":"Feature","geometry":{"type":"Point","coordinates":[-4.480864,54.1487924]},"properties":{"name":"Douglas Town Hall","layer":"townhalls","note":"Douglas Borough Council","osm_id":"way/79143118","osm_url":"https://www.openstreetmap.org/way/79143118","source":"OpenStreetMap","brand":"Douglas Borough Council"}},{"type":"Feature","geometry":{"type":"Point","coordinates":[-2.911164,50.9279655]},"properties":{"name":"Ilminster Parish Hall","layer":"townhalls","note":"OpenStreetMap","osm_id":"way/791503221","osm_url":"https://www.openstreetmap.org/way/791503221","source":"OpenStreetMap"}},{"type":"Feature","geometry":{"type":"Point","coordinates":[-7.6992761,52.3531521]},"properties":{"name":"Clonmel Town Hall","layer":"townhalls","note":"OpenStreetMap","osm_id":"way/793600970","osm_url":"https://www.openstreetmap.org/way/793600970","source":"OpenStreetMap"}},{"type":"Feature","geometry":{"type":"Point","coordinates":[-2.9498721,57.5434297]},"properties":{"name":"Longmore Hall","layer":"townhalls","note":"OpenStreetMap","osm_id":"way/794332901","osm_url":"https://www.openstreetmap.org/way/794332901","source":"OpenStreetMap"}},{"type":"Feature","geometry":{"type":"Point","coordinates":[-0.1152519,51.6113738]},"properties":{"name":"Town hall","layer":"townhalls","note":"OpenStreetMap","osm_id":"way/795839332","osm_url":"https://www.openstreetmap.org/way/795839332","source":"OpenStreetMap"}},{"type":"Feature","geometry":{"type":"Point","coordinates":[-0.1134913,51.6120733]},"properties":{"name":"TABS Centre Plus","layer":"townhalls","note":"OpenStreetMap","osm_id":"way/795851265","osm_url":"https://www.openstreetmap.org/way/795851265","source":"OpenStreetMap"}},{"type":"Feature","geometry":{"type":"Point","coordinates":[-2.4393781,53.098513]},"properties":{"name":"Crewe Municipal Buildings","layer":"townhalls","note":"OpenStreetMap","osm_id":"way/797567005","osm_url":"https://www.openstreetmap.org/way/797567005","source":"OpenStreetMap"}},{"type":"Feature","geometry":{"type":"Point","coordinates":[-7.393763,57.2719359]},"properties":{"name":"Talla Staoinebrig","layer":"townhalls","note":"OpenStreetMap","osm_id":"way/800093047","osm_url":"https://www.openstreetmap.org/way/800093047","source":"OpenStreetMap"}},{"type":"Feature","geometry":{"type":"Point","coordinates":[-1.947528,52.0923987]},"properties":{"name":"Evesham Town Hall","layer":"townhalls","note":"OpenStreetMap","osm_id":"way/80273740","osm_url":"https://www.openstreetmap.org/way/80273740","source":"OpenStreetMap"}},{"type":"Feature","geometry":{"type":"Point","coordinates":[-1.9140192,53.2570474]},"properties":{"name":"Buxton Town Hall","layer":"townhalls","note":"OpenStreetMap","osm_id":"way/80376640","osm_url":"https://www.openstreetmap.org/way/80376640","source":"OpenStreetMap"}},{"type":"Feature","geometry":{"type":"Point","coordinates":[-2.7292863,51.4410846]},"properties":{"name":"Wraxall Village Club","layer":"townhalls","note":"OpenStreetMap","osm_id":"way/804385409","osm_url":"https://www.openstreetmap.org/way/804385409","source":"OpenStreetMap"}},{"type":"Feature","geometry":{"type":"Point","coordinates":[-3.2645902,54.9873101]},"properties":{"name":"Annan Town Hall","layer":"townhalls","note":"Dumfries & Galloway Council","osm_id":"way/809477279","osm_url":"https://www.openstreetmap.org/way/809477279","source":"OpenStreetMap","brand":"Dumfries & Galloway Council"}},{"type":"Feature","geometry":{"type":"Point","coordinates":[-1.3882774,54.5911869]},"properties":{"name":"WI Hall","layer":"townhalls","note":"OpenStreetMap","osm_id":"way/813612087","osm_url":"https://www.openstreetmap.org/way/813612087","source":"OpenStreetMap"}},{"type":"Feature","geometry":{"type":"Point","coordinates":[-2.2832957,52.3396104]},"properties":{"name":"Civic Centre","layer":"townhalls","note":"OpenStreetMap","osm_id":"way/81581278","osm_url":"https://www.openstreetmap.org/way/81581278","source":"OpenStreetMap"}},{"type":"Feature","geometry":{"type":"Point","coordinates":[-1.0606183,53.4161072]},"properties":{"name":"Harworth & Bircotes Town Hall","layer":"townhalls","note":"OpenStreetMap","osm_id":"way/815948457","osm_url":"https://www.openstreetmap.org/way/815948457","source":"OpenStreetMap"}},{"type":"Feature","geometry":{"type":"Point","coordinates":[-3.8888235,50.3500528]},"properties":{"name":"Modbury Memorial Hall","layer":"townhalls","note":"OpenStreetMap","osm_id":"way/818052916","osm_url":"https://www.openstreetmap.org/way/818052916","source":"OpenStreetMap"}},{"type":"Feature","geometry":{"type":"Point","coordinates":[-5.506087,56.5161486]},"properties":{"name":"Lismore Public Hall","layer":"townhalls","note":"OpenStreetMap","osm_id":"way/818539762","osm_url":"https://www.openstreetmap.org/way/818539762","source":"OpenStreetMap"}},{"type":"Feature","geometry":{"type":"Point","coordinates":[0.0763754,51.6194949]},"properties":{"name":"Chigwell Parish Council","layer":"townhalls","note":"OpenStreetMap","osm_id":"way/820108045","osm_url":"https://www.openstreetmap.org/way/820108045","source":"OpenStreetMap"}},{"type":"Feature","geometry":{"type":"Point","coordinates":[-2.2496753,50.8993628]},"properties":{"name":"The Portman Hall","layer":"townhalls","note":"OpenStreetMap","osm_id":"way/821527178","osm_url":"https://www.openstreetmap.org/way/821527178","source":"OpenStreetMap"}},{"type":"Feature","geometry":{"type":"Point","coordinates":[-2.4680391,56.710901]},"properties":{"name":"Montrose Town House","layer":"townhalls","note":"OpenStreetMap","osm_id":"way/822706567","osm_url":"https://www.openstreetmap.org/way/822706567","source":"OpenStreetMap"}},{"type":"Feature","geometry":{"type":"Point","coordinates":[1.5759028,52.2080698]},"properties":{"name":"Council Offices","layer":"townhalls","note":"OpenStreetMap","osm_id":"way/82464273","osm_url":"https://www.openstreetmap.org/way/82464273","source":"OpenStreetMap"}},{"type":"Feature","geometry":{"type":"Point","coordinates":[-2.0605243,51.9471068]},"properties":{"name":"Bishop's Cleeve Parish Council","layer":"townhalls","note":"OpenStreetMap","osm_id":"way/827123715","osm_url":"https://www.openstreetmap.org/way/827123715","source":"OpenStreetMap"}},{"type":"Feature","geometry":{"type":"Point","coordinates":[-4.0375945,51.2065353]},"properties":{"name":"Combe Martin Parish Council","layer":"townhalls","note":"OpenStreetMap","osm_id":"way/828172073","osm_url":"https://www.openstreetmap.org/way/828172073","source":"OpenStreetMap"}},{"type":"Feature","geometry":{"type":"Point","coordinates":[-0.9498191,53.0806261]},"properties":{"name":"Southwell Town Hall","layer":"townhalls","note":"OpenStreetMap","osm_id":"way/828857170","osm_url":"https://www.openstreetmap.org/way/828857170","source":"OpenStreetMap"}},{"type":"Feature","geometry":{"type":"Point","coordinates":[-0.3767762,52.76826]},"properties":{"name":"Bourne Town Hall","layer":"townhalls","note":"OpenStreetMap","osm_id":"way/830693007","osm_url":"https://www.openstreetmap.org/way/830693007","source":"OpenStreetMap"}},{"type":"Feature","geometry":{"type":"Point","coordinates":[-3.6465367,57.5133759]},"properties":{"name":"Edinkillie Hall","layer":"townhalls","note":"OpenStreetMap","osm_id":"way/831142669","osm_url":"https://www.openstreetmap.org/way/831142669","source":"OpenStreetMap"}},{"type":"Feature","geometry":{"type":"Point","coordinates":[-7.4108021,55.2627376]},"properties":{"name":"St. Marys","layer":"townhalls","note":"OpenStreetMap","osm_id":"way/832592544","osm_url":"https://www.openstreetmap.org/way/832592544","source":"OpenStreetMap"}},{"type":"Feature","geometry":{"type":"Point","coordinates":[-4.9289567,55.7535971]},"properties":{"name":"Millport Town Hall","layer":"townhalls","note":"North Ayrshire Council","osm_id":"way/837585211","osm_url":"https://www.openstreetmap.org/way/837585211","source":"OpenStreetMap","brand":"North Ayrshire Council"}},{"type":"Feature","geometry":{"type":"Point","coordinates":[-3.0062698,52.273356]},"properties":{"name":"Town hall","layer":"townhalls","note":"OpenStreetMap","osm_id":"way/838178941","osm_url":"https://www.openstreetmap.org/way/838178941","source":"OpenStreetMap"}},{"type":"Feature","geometry":{"type":"Point","coordinates":[-0.2854364,51.2316997]},"properties":{"name":"Church Hall","layer":"townhalls","note":"OpenStreetMap","osm_id":"way/83927128","osm_url":"https://www.openstreetmap.org/way/83927128","source":"OpenStreetMap"}},{"type":"Feature","geometry":{"type":"Point","coordinates":[-3.4470745,51.461905]},"properties":{"name":"Cowbridge Town Hall","layer":"townhalls","note":"OpenStreetMap","osm_id":"way/839941564","osm_url":"https://www.openstreetmap.org/way/839941564","source":"OpenStreetMap"}},{"type":"Feature","geometry":{"type":"Point","coordinates":[-2.9514729,55.0790411]},"properties":{"name":"Canonbie Public Hall","layer":"townhalls","note":"Voluntary Management Committee","osm_id":"way/840017061","osm_url":"https://www.openstreetmap.org/way/840017061","source":"OpenStreetMap","brand":"Voluntary Management Committee"}},{"type":"Feature","geometry":{"type":"Point","coordinates":[0.2438107,50.8215648]},"properties":{"name":"Polegate Town Council","layer":"townhalls","note":"OpenStreetMap","osm_id":"way/840928662","osm_url":"https://www.openstreetmap.org/way/840928662","source":"OpenStreetMap"}},{"type":"Feature","geometry":{"type":"Point","coordinates":[-3.9242934,56.6193026]},"properties":{"name":"Camserney Hall","layer":"townhalls","note":"OpenStreetMap","osm_id":"way/841071882","osm_url":"https://www.openstreetmap.org/way/841071882","source":"OpenStreetMap"}},{"type":"Feature","geometry":{"type":"Point","coordinates":[0.9054845,50.9511854]},"properties":{"name":"Lydd Town Hall","layer":"townhalls","note":"OpenStreetMap","osm_id":"way/841171543","osm_url":"https://www.openstreetmap.org/way/841171543","source":"OpenStreetMap"}},{"type":"Feature","geometry":{"type":"Point","coordinates":[-3.1488064,52.5603316]},"properties":{"name":"Montgomery Town Hall","layer":"townhalls","note":"OpenStreetMap","osm_id":"way/842018191","osm_url":"https://www.openstreetmap.org/way/842018191","source":"OpenStreetMap"}},{"type":"Feature","geometry":{"type":"Point","coordinates":[-5.4484498,56.0160795]},"properties":{"name":"Ardrishaig Community Halls","layer":"townhalls","note":"OpenStreetMap","osm_id":"way/842136488","osm_url":"https://www.openstreetmap.org/way/842136488","source":"OpenStreetMap"}},{"type":"Feature","geometry":{"type":"Point","coordinates":[-1.9800353,52.5857278]},"properties":{"name":"Walsall Town Hall","layer":"townhalls","note":"OpenStreetMap","osm_id":"way/84529218","osm_url":"https://www.openstreetmap.org/way/84529218","source":"OpenStreetMap"}},{"type":"Feature","geometry":{"type":"Point","coordinates":[-2.0723084,57.3652101]},"properties":{"name":"Victoria Hall","layer":"townhalls","note":"OpenStreetMap","osm_id":"way/846561011","osm_url":"https://www.openstreetmap.org/way/846561011","source":"OpenStreetMap"}},{"type":"Feature","geometry":{"type":"Point","coordinates":[-0.788757,50.8242869]},"properties":{"name":"Donnington Parish Hall","layer":"townhalls","note":"OpenStreetMap","osm_id":"way/848060038","osm_url":"https://www.openstreetmap.org/way/848060038","source":"OpenStreetMap"}},{"type":"Feature","geometry":{"type":"Point","coordinates":[-2.9323035,56.3765469]},"properties":{"name":"Balmullo Town Hall","layer":"townhalls","note":"OpenStreetMap","osm_id":"way/84954588","osm_url":"https://www.openstreetmap.org/way/84954588","source":"OpenStreetMap"}},{"type":"Feature","geometry":{"type":"Point","coordinates":[1.5626399,52.4581507]},"properties":{"name":"Beccles Town Hall","layer":"townhalls","note":"OpenStreetMap","osm_id":"way/849768148","osm_url":"https://www.openstreetmap.org/way/849768148","source":"OpenStreetMap"}},{"type":"Feature","geometry":{"type":"Point","coordinates":[-6.3597507,55.7681804]},"properties":{"name":"Bruichladdich Hall","layer":"townhalls","note":"OpenStreetMap","osm_id":"way/851279616","osm_url":"https://www.openstreetmap.org/way/851279616","source":"OpenStreetMap"}},{"type":"Feature","geometry":{"type":"Point","coordinates":[-6.8740085,53.7270731]},"properties":{"name":"Kells Town Hall","layer":"townhalls","note":"OpenStreetMap","osm_id":"way/85148036","osm_url":"https://www.openstreetmap.org/way/85148036","source":"OpenStreetMap"}},{"type":"Feature","geometry":{"type":"Point","coordinates":[-0.447267,53.7559132]},"properties":{"name":"St. Andrews Church Memorial Hall","layer":"townhalls","note":"OpenStreetMap","osm_id":"way/854543432","osm_url":"https://www.openstreetmap.org/way/854543432","source":"OpenStreetMap"}},{"type":"Feature","geometry":{"type":"Point","coordinates":[-7.2529315,52.6519196]},"properties":{"name":"Tholsel","layer":"townhalls","note":"OpenStreetMap","osm_id":"way/856603007","osm_url":"https://www.openstreetmap.org/way/856603007","source":"OpenStreetMap"}},{"type":"Feature","geometry":{"type":"Point","coordinates":[-2.6449336,51.2088657]},"properties":{"name":"Wells Town Hall","layer":"townhalls","note":"Wells City Council","osm_id":"way/85665415","osm_url":"https://www.openstreetmap.org/way/85665415","source":"OpenStreetMap","brand":"Wells City Council"}},{"type":"Feature","geometry":{"type":"Point","coordinates":[-1.3096411,53.6920691]},"properties":{"name":"Pontefract Town Hall","layer":"townhalls","note":"Wakefield Council","osm_id":"way/859918822","osm_url":"https://www.openstreetmap.org/way/859918822","source":"OpenStreetMap","brand":"Wakefield Council"}},{"type":"Feature","geometry":{"type":"Point","coordinates":[-0.7886282,52.0481888]},"properties":{"name":"Bradwell Memorial Hall","layer":"townhalls","note":"OpenStreetMap","osm_id":"way/860039226","osm_url":"https://www.openstreetmap.org/way/860039226","source":"OpenStreetMap"}},{"type":"Feature","geometry":{"type":"Point","coordinates":[-4.174803,55.7621933]},"properties":{"name":"Civic Centre","layer":"townhalls","note":"OpenStreetMap","osm_id":"way/86112596","osm_url":"https://www.openstreetmap.org/way/86112596","source":"OpenStreetMap"}},{"type":"Feature","geometry":{"type":"Point","coordinates":[-1.9669021,51.7164752]},"properties":{"name":"The Corn Hall","layer":"townhalls","note":"OpenStreetMap","osm_id":"way/865369146","osm_url":"https://www.openstreetmap.org/way/865369146","source":"OpenStreetMap"}},{"type":"Feature","geometry":{"type":"Point","coordinates":[0.277829,50.7667592]},"properties":{"name":"Eastbourne Town Hall","layer":"townhalls","note":"OpenStreetMap","osm_id":"way/865673569","osm_url":"https://www.openstreetmap.org/way/865673569","source":"OpenStreetMap"}},{"type":"Feature","geometry":{"type":"Point","coordinates":[-8.508284,51.8926529]},"properties":{"name":"County Hall","layer":"townhalls","note":"Cork County Council","osm_id":"way/866364909","osm_url":"https://www.openstreetmap.org/way/866364909","source":"OpenStreetMap","brand":"Cork County Council"}},{"type":"Feature","geometry":{"type":"Point","coordinates":[-4.1584404,55.9400408]},"properties":{"name":"Kirkintilloch Town Hall","layer":"townhalls","note":"OpenStreetMap","osm_id":"way/86840796","osm_url":"https://www.openstreetmap.org/way/86840796","source":"OpenStreetMap"}},{"type":"Feature","geometry":{"type":"Point","coordinates":[-2.7863117,55.422531]},"properties":{"name":"Hawick Town Hall","layer":"townhalls","note":"Scottish Borders Council","osm_id":"way/87126442","osm_url":"https://www.openstreetmap.org/way/87126442","source":"OpenStreetMap","brand":"Scottish Borders Council"}},{"type":"Feature","geometry":{"type":"Point","coordinates":[-4.3128492,55.9422274]},"properties":{"name":"Milngavie Town Hall","layer":"townhalls","note":"OpenStreetMap","osm_id":"way/87148594","osm_url":"https://www.openstreetmap.org/way/87148594","source":"OpenStreetMap"}},{"type":"Feature","geometry":{"type":"Point","coordinates":[-1.5455987,51.9411103]},"properties":{"name":"Chipping Norton Town Hall","layer":"townhalls","note":"OpenStreetMap","osm_id":"way/87207088","osm_url":"https://www.openstreetmap.org/way/87207088","source":"OpenStreetMap"}},{"type":"Feature","geometry":{"type":"Point","coordinates":[-2.3652846,53.7531771]},"properties":{"name":"Accrington Town Hall","layer":"townhalls","note":"Hyndburn Borough Council & Hyndburn Leisure","osm_id":"way/8746311","osm_url":"https://www.openstreetmap.org/way/8746311","source":"OpenStreetMap","brand":"Hyndburn Borough Council & Hyndburn Leisure"}},{"type":"Feature","geometry":{"type":"Point","coordinates":[-2.5258552,51.6076918]},"properties":{"name":"Thornbury Town Hall","layer":"townhalls","note":"OpenStreetMap","osm_id":"way/87464035","osm_url":"https://www.openstreetmap.org/way/87464035","source":"OpenStreetMap"}},{"type":"Feature","geometry":{"type":"Point","coordinates":[-8.6247374,52.6684715]},"properties":{"name":"Limerick City and County Council","layer":"townhalls","note":"Limerick City and County Council","osm_id":"way/87651005","osm_url":"https://www.openstreetmap.org/way/87651005","source":"OpenStreetMap","brand":"Limerick City and County Council"}},{"type":"Feature","geometry":{"type":"Point","coordinates":[-8.6252226,52.6686225]},"properties":{"name":"Town hall","layer":"townhalls","note":"OpenStreetMap","osm_id":"way/87651007","osm_url":"https://www.openstreetmap.org/way/87651007","source":"OpenStreetMap"}},{"type":"Feature","geometry":{"type":"Point","coordinates":[-0.9187819,51.8734139]},"properties":{"name":"Quainton Memorial Hall","layer":"townhalls","note":"OpenStreetMap","osm_id":"way/877080343","osm_url":"https://www.openstreetmap.org/way/877080343","source":"OpenStreetMap"}},{"type":"Feature","geometry":{"type":"Point","coordinates":[0.0931424,51.8457136]},"properties":{"name":"St Thomas’ Mission Hall","layer":"townhalls","note":"OpenStreetMap","osm_id":"way/879315428","osm_url":"https://www.openstreetmap.org/way/879315428","source":"OpenStreetMap"}},{"type":"Feature","geometry":{"type":"Point","coordinates":[-0.2923619,52.4895292]},"properties":{"name":"The Parish Meeting Room","layer":"townhalls","note":"OpenStreetMap","osm_id":"way/879918091","osm_url":"https://www.openstreetmap.org/way/879918091","source":"OpenStreetMap"}},{"type":"Feature","geometry":{"type":"Point","coordinates":[-0.4034416,51.6593218]},"properties":{"name":"Watford Town Hall","layer":"townhalls","note":"OpenStreetMap","osm_id":"way/88510562","osm_url":"https://www.openstreetmap.org/way/88510562","source":"OpenStreetMap"}},{"type":"Feature","geometry":{"type":"Point","coordinates":[-6.6851271,53.6493911]},"properties":{"name":"County Hall","layer":"townhalls","note":"OpenStreetMap","osm_id":"way/88727070","osm_url":"https://www.openstreetmap.org/way/88727070","source":"OpenStreetMap"}},{"type":"Feature","geometry":{"type":"Point","coordinates":[-0.0787768,51.2811315]},"properties":{"name":"Soper Hall","layer":"townhalls","note":"OpenStreetMap","osm_id":"way/888911272","osm_url":"https://www.openstreetmap.org/way/888911272","source":"OpenStreetMap"}},{"type":"Feature","geometry":{"type":"Point","coordinates":[-3.6257054,55.7000859]},"properties":{"name":"Carnwath Hall","layer":"townhalls","note":"OpenStreetMap","osm_id":"way/89024775","osm_url":"https://www.openstreetmap.org/way/89024775","source":"OpenStreetMap"}},{"type":"Feature","geometry":{"type":"Point","coordinates":[-0.7296502,52.6717968]},"properties":{"name":"Town hall","layer":"townhalls","note":"OpenStreetMap","osm_id":"way/890530472","osm_url":"https://www.openstreetmap.org/way/890530472","source":"OpenStreetMap"}},{"type":"Feature","geometry":{"type":"Point","coordinates":[-2.659764,56.7324905]},"properties":{"name":"Brechin City Hall","layer":"townhalls","note":"OpenStreetMap","osm_id":"way/890838202","osm_url":"https://www.openstreetmap.org/way/890838202","source":"OpenStreetMap"}},{"type":"Feature","geometry":{"type":"Point","coordinates":[-2.2161143,50.7531618]},"properties":{"name":"Bere Regis Village Hall","layer":"townhalls","note":"OpenStreetMap","osm_id":"way/892780991","osm_url":"https://www.openstreetmap.org/way/892780991","source":"OpenStreetMap"}},{"type":"Feature","geometry":{"type":"Point","coordinates":[-2.1870666,53.9167875]},"properties":{"name":"Barnoldswick Civic Hall","layer":"townhalls","note":"OpenStreetMap","osm_id":"way/895013489","osm_url":"https://www.openstreetmap.org/way/895013489","source":"OpenStreetMap"}},{"type":"Feature","geometry":{"type":"Point","coordinates":[1.4009839,51.3369676]},"properties":{"name":"St Lawrence Parish Hall","layer":"townhalls","note":"OpenStreetMap","osm_id":"way/896058301","osm_url":"https://www.openstreetmap.org/way/896058301","source":"OpenStreetMap"}},{"type":"Feature","geometry":{"type":"Point","coordinates":[-2.0935954,53.4898446]},"properties":{"name":"Ashton Town Hall","layer":"townhalls","note":"OpenStreetMap","osm_id":"way/89784677","osm_url":"https://www.openstreetmap.org/way/89784677","source":"OpenStreetMap"}},{"type":"Feature","geometry":{"type":"Point","coordinates":[-2.0921823,53.4779056]},"properties":{"name":"Dukinfield Town Hall","layer":"townhalls","note":"OpenStreetMap","osm_id":"way/89788715","osm_url":"https://www.openstreetmap.org/way/89788715","source":"OpenStreetMap"}},{"type":"Feature","geometry":{"type":"Point","coordinates":[-3.4451989,55.3333314]},"properties":{"name":"Moffat Town Hall","layer":"townhalls","note":"OpenStreetMap","osm_id":"way/89816843","osm_url":"https://www.openstreetmap.org/way/89816843","source":"OpenStreetMap"}},{"type":"Feature","geometry":{"type":"Point","coordinates":[-4.1529326,57.9867816]},"properties":{"name":"Pittentrail Hall","layer":"townhalls","note":"OpenStreetMap","osm_id":"way/899272205","osm_url":"https://www.openstreetmap.org/way/899272205","source":"OpenStreetMap"}},{"type":"Feature","geometry":{"type":"Point","coordinates":[-4.4622076,51.7704159]},"properties":{"name":"Laugharne Town Hall","layer":"townhalls","note":"Laugharne Corporation","osm_id":"way/899948482","osm_url":"https://www.openstreetmap.org/way/899948482","source":"OpenStreetMap","brand":"Laugharne Corporation"}},{"type":"Feature","geometry":{"type":"Point","coordinates":[1.2065299,52.1210639]},"properties":{"name":"Toad Hall","layer":"townhalls","note":"OpenStreetMap","osm_id":"way/901149414","osm_url":"https://www.openstreetmap.org/way/901149414","source":"OpenStreetMap"}},{"type":"Feature","geometry":{"type":"Point","coordinates":[-1.6812841,53.8073362]},"properties":{"name":"Pudsey Civic Hall","layer":"townhalls","note":"OpenStreetMap","osm_id":"way/90200362","osm_url":"https://www.openstreetmap.org/way/90200362","source":"OpenStreetMap"}},{"type":"Feature","geometry":{"type":"Point","coordinates":[-0.0777726,52.223146]},"properties":{"name":"South Cambridgeshire District Council","layer":"townhalls","note":"OpenStreetMap","osm_id":"way/90264861","osm_url":"https://www.openstreetmap.org/way/90264861","source":"OpenStreetMap"}},{"type":"Feature","geometry":{"type":"Point","coordinates":[-1.1060817,51.2941048]},"properties":{"name":"Town hall","layer":"townhalls","note":"OpenStreetMap","osm_id":"way/905218432","osm_url":"https://www.openstreetmap.org/way/905218432","source":"OpenStreetMap"}},{"type":"Feature","geometry":{"type":"Point","coordinates":[-2.1414877,49.2151778]},"properties":{"name":"St Lawrence Parish Hall","layer":"townhalls","note":"Parish of St Lawrence","osm_id":"way/905806518","osm_url":"https://www.openstreetmap.org/way/905806518","source":"OpenStreetMap","brand":"Parish of St Lawrence"}},{"type":"Feature","geometry":{"type":"Point","coordinates":[-0.1523875,52.7851476]},"properties":{"name":"Town hall","layer":"townhalls","note":"OpenStreetMap","osm_id":"way/905950210","osm_url":"https://www.openstreetmap.org/way/905950210","source":"OpenStreetMap"}},{"type":"Feature","geometry":{"type":"Point","coordinates":[-2.1745941,49.2369482]},"properties":{"name":"St Mary's Parish Hall","layer":"townhalls","note":"Parish of St Mary","osm_id":"way/906136831","osm_url":"https://www.openstreetmap.org/way/906136831","source":"OpenStreetMap","brand":"Parish of St Mary"}},{"type":"Feature","geometry":{"type":"Point","coordinates":[-2.138573,49.2453333]},"properties":{"name":"St John Parish Hall","layer":"townhalls","note":"Parish of St John","osm_id":"way/906637546","osm_url":"https://www.openstreetmap.org/way/906637546","source":"OpenStreetMap","brand":"Parish of St John"}},{"type":"Feature","geometry":{"type":"Point","coordinates":[-0.3171643,52.6754985]},"properties":{"name":"Market Deeping Town Hall","layer":"townhalls","note":"Market Deeping Town Council","osm_id":"way/907860818","osm_url":"https://www.openstreetmap.org/way/907860818","source":"OpenStreetMap","brand":"Market Deeping Town Council"}},{"type":"Feature","geometry":{"type":"Point","coordinates":[-1.1299942,52.6342784]},"properties":{"name":"City Hall","layer":"townhalls","note":"Leicester City Council","osm_id":"way/90932506","osm_url":"https://www.openstreetmap.org/way/90932506","source":"OpenStreetMap","brand":"Leicester City Council"}},{"type":"Feature","geometry":{"type":"Point","coordinates":[-0.3719092,50.8147134]},"properties":{"name":"Worthing Town Hall","layer":"townhalls","note":"OpenStreetMap","osm_id":"way/90974997","osm_url":"https://www.openstreetmap.org/way/90974997","source":"OpenStreetMap"}},{"type":"Feature","geometry":{"type":"Point","coordinates":[-1.6868883,53.7328189]},"properties":{"name":"Gomersal Public Hall","layer":"townhalls","note":"OpenStreetMap","osm_id":"way/914945569","osm_url":"https://www.openstreetmap.org/way/914945569","source":"OpenStreetMap"}},{"type":"Feature","geometry":{"type":"Point","coordinates":[0.7475912,52.4145282]},"properties":{"name":"King's House","layer":"townhalls","note":"OpenStreetMap","osm_id":"way/91806491","osm_url":"https://www.openstreetmap.org/way/91806491","source":"OpenStreetMap"}},{"type":"Feature","geometry":{"type":"Point","coordinates":[0.2626065,51.8685964]},"properties":{"name":"Silver Jubilee Hall","layer":"townhalls","note":"OpenStreetMap","osm_id":"way/919234503","osm_url":"https://www.openstreetmap.org/way/919234503","source":"OpenStreetMap"}},{"type":"Feature","geometry":{"type":"Point","coordinates":[-6.6577342,54.348822]},"properties":{"name":"Town hall","layer":"townhalls","note":"OpenStreetMap","osm_id":"way/921511700","osm_url":"https://www.openstreetmap.org/way/921511700","source":"OpenStreetMap"}},{"type":"Feature","geometry":{"type":"Point","coordinates":[-2.4198264,52.535655]},"properties":{"name":"Town Hall","layer":"townhalls","note":"Bridgnorth Town Council","osm_id":"way/922776399","osm_url":"https://www.openstreetmap.org/way/922776399","source":"OpenStreetMap","brand":"Bridgnorth Town Council"}},{"type":"Feature","geometry":{"type":"Point","coordinates":[-1.3028157,54.5583727]},"properties":{"name":"Thornaby Town Hall","layer":"townhalls","note":"Thornaby Town Council","osm_id":"way/923068084","osm_url":"https://www.openstreetmap.org/way/923068084","source":"OpenStreetMap","brand":"Thornaby Town Council"}},{"type":"Feature","geometry":{"type":"Point","coordinates":[-2.0019469,53.3681364]},"properties":{"name":"New Mills Town Hall","layer":"townhalls","note":"OpenStreetMap","osm_id":"way/925760535","osm_url":"https://www.openstreetmap.org/way/925760535","source":"OpenStreetMap"}},{"type":"Feature","geometry":{"type":"Point","coordinates":[-3.7425953,56.1545488]},"properties":{"name":"Centenary Hall","layer":"townhalls","note":"OpenStreetMap","osm_id":"way/926002985","osm_url":"https://www.openstreetmap.org/way/926002985","source":"OpenStreetMap"}},{"type":"Feature","geometry":{"type":"Point","coordinates":[-0.507492,50.9193224]},"properties":{"name":"Rackham old school hall","layer":"townhalls","note":"OpenStreetMap","osm_id":"way/926589635","osm_url":"https://www.openstreetmap.org/way/926589635","source":"OpenStreetMap"}},{"type":"Feature","geometry":{"type":"Point","coordinates":[1.3887151,52.8211685]},"properties":{"name":"North Walsham Town Council","layer":"townhalls","note":"OpenStreetMap","osm_id":"way/92900171","osm_url":"https://www.openstreetmap.org/way/92900171","source":"OpenStreetMap"}},{"type":"Feature","geometry":{"type":"Point","coordinates":[-2.8998462,52.7934226]},"properties":{"name":"Ruyton XI Towns Parish Hall","layer":"townhalls","note":"OpenStreetMap","osm_id":"way/931407022","osm_url":"https://www.openstreetmap.org/way/931407022","source":"OpenStreetMap"}},{"type":"Feature","geometry":{"type":"Point","coordinates":[-2.4406752,50.7167252]},"properties":{"name":"Dorset County Hall","layer":"townhalls","note":"OpenStreetMap","osm_id":"way/93389666","osm_url":"https://www.openstreetmap.org/way/93389666","source":"OpenStreetMap"}},{"type":"Feature","geometry":{"type":"Point","coordinates":[-7.9371604,51.8917431]},"properties":{"name":"Town hall","layer":"townhalls","note":"OpenStreetMap","osm_id":"way/935521863","osm_url":"https://www.openstreetmap.org/way/935521863","source":"OpenStreetMap"}},{"type":"Feature","geometry":{"type":"Point","coordinates":[-2.4641889,53.51393]},"properties":{"name":"Tyldesley Town Hall","layer":"townhalls","note":"OpenStreetMap","osm_id":"way/938205493","osm_url":"https://www.openstreetmap.org/way/938205493","source":"OpenStreetMap"}},{"type":"Feature","geometry":{"type":"Point","coordinates":[-0.006287,50.8134259]},"properties":{"name":"Telscombe Village Club","layer":"townhalls","note":"OpenStreetMap","osm_id":"way/942109261","osm_url":"https://www.openstreetmap.org/way/942109261","source":"OpenStreetMap"}},{"type":"Feature","geometry":{"type":"Point","coordinates":[-2.9553828,51.8466093]},"properties":{"name":"Town hall","layer":"townhalls","note":"OpenStreetMap","osm_id":"way/945202596","osm_url":"https://www.openstreetmap.org/way/945202596","source":"OpenStreetMap"}},{"type":"Feature","geometry":{"type":"Point","coordinates":[-0.2685522,51.6595435]},"properties":{"name":"Hertsmere Civic Offices","layer":"townhalls","note":"OpenStreetMap","osm_id":"way/94560177","osm_url":"https://www.openstreetmap.org/way/94560177","source":"OpenStreetMap"}},{"type":"Feature","geometry":{"type":"Point","coordinates":[-5.3100771,55.9583495]},"properties":{"name":"Kilfinan Community Hall","layer":"townhalls","note":"OpenStreetMap","osm_id":"way/946483080","osm_url":"https://www.openstreetmap.org/way/946483080","source":"OpenStreetMap"}},{"type":"Feature","geometry":{"type":"Point","coordinates":[-0.4731389,51.7541186]},"properties":{"name":"The Forum","layer":"townhalls","note":"Dacorum Borough Council","osm_id":"way/95203023","osm_url":"https://www.openstreetmap.org/way/95203023","source":"OpenStreetMap","brand":"Dacorum Borough Council"}},{"type":"Feature","geometry":{"type":"Point","coordinates":[-4.1918771,58.4037112]},"properties":{"name":"Strathnaver Public Hall","layer":"townhalls","note":"OpenStreetMap","osm_id":"way/955007691","osm_url":"https://www.openstreetmap.org/way/955007691","source":"OpenStreetMap"}},{"type":"Feature","geometry":{"type":"Point","coordinates":[-2.961018,58.9817557]},"properties":{"name":"Town Hall and Community Centre","layer":"townhalls","note":"OpenStreetMap","osm_id":"way/955060234","osm_url":"https://www.openstreetmap.org/way/955060234","source":"OpenStreetMap"}},{"type":"Feature","geometry":{"type":"Point","coordinates":[-2.7122231,51.7237166]},"properties":{"name":"Catbrook & District Memorial Hall","layer":"townhalls","note":"OpenStreetMap","osm_id":"way/956256669","osm_url":"https://www.openstreetmap.org/way/956256669","source":"OpenStreetMap"}},{"type":"Feature","geometry":{"type":"Point","coordinates":[-4.5510336,55.8679592]},"properties":{"name":"Carrick Centre","layer":"townhalls","note":"OpenStreetMap","osm_id":"way/956323062","osm_url":"https://www.openstreetmap.org/way/956323062","source":"OpenStreetMap"}},{"type":"Feature","geometry":{"type":"Point","coordinates":[-0.969684,51.4568196]},"properties":{"name":"Reading Town Hall","layer":"townhalls","note":"OpenStreetMap","osm_id":"way/96173955","osm_url":"https://www.openstreetmap.org/way/96173955","source":"OpenStreetMap"}},{"type":"Feature","geometry":{"type":"Point","coordinates":[0.0180299,51.406473]},"properties":{"name":"Bromley Town Hall","layer":"townhalls","note":"OpenStreetMap","osm_id":"way/961975159","osm_url":"https://www.openstreetmap.org/way/961975159","source":"OpenStreetMap"}},{"type":"Feature","geometry":{"type":"Point","coordinates":[-0.9882176,52.1318338]},"properties":{"name":"The Town Hall","layer":"townhalls","note":"Towcester Town Council","osm_id":"way/962179117","osm_url":"https://www.openstreetmap.org/way/962179117","source":"OpenStreetMap","brand":"Towcester Town Council"}},{"type":"Feature","geometry":{"type":"Point","coordinates":[-2.8581492,54.0758147]},"properties":{"name":"Morecambe Town Hall","layer":"townhalls","note":"Lancaster City Council;Morecambe Town Council","osm_id":"way/96330353","osm_url":"https://www.openstreetmap.org/way/96330353","source":"OpenStreetMap","brand":"Lancaster City Council;Morecambe Town Council"}},{"type":"Feature","geometry":{"type":"Point","coordinates":[-0.1400629,50.8206821]},"properties":{"name":"Brighton Town Hall","layer":"townhalls","note":"Brighton & Hove City Council","osm_id":"way/96343926","osm_url":"https://www.openstreetmap.org/way/96343926","source":"OpenStreetMap","brand":"Brighton & Hove City Council"}},{"type":"Feature","geometry":{"type":"Point","coordinates":[-2.6002898,53.3898491]},"properties":{"name":"Town hall","layer":"townhalls","note":"OpenStreetMap","osm_id":"way/963450747","osm_url":"https://www.openstreetmap.org/way/963450747","source":"OpenStreetMap"}},{"type":"Feature","geometry":{"type":"Point","coordinates":[-3.4212023,56.2030893]},"properties":{"name":"Kinross Town Hall","layer":"townhalls","note":"OpenStreetMap","osm_id":"way/964416869","osm_url":"https://www.openstreetmap.org/way/964416869","source":"OpenStreetMap"}},{"type":"Feature","geometry":{"type":"Point","coordinates":[0.7505944,52.4130007]},"properties":{"name":"Thetford Guildhall","layer":"townhalls","note":"OpenStreetMap","osm_id":"way/96550602","osm_url":"https://www.openstreetmap.org/way/96550602","source":"OpenStreetMap"}},{"type":"Feature","geometry":{"type":"Point","coordinates":[-0.7952548,51.2140031]},"properties":{"name":"Town Council Office","layer":"townhalls","note":"OpenStreetMap","osm_id":"way/965592160","osm_url":"https://www.openstreetmap.org/way/965592160","source":"OpenStreetMap"}},{"type":"Feature","geometry":{"type":"Point","coordinates":[-2.5213059,57.6644413]},"properties":{"name":"Banff Town House","layer":"townhalls","note":"OpenStreetMap","osm_id":"way/965751016","osm_url":"https://www.openstreetmap.org/way/965751016","source":"OpenStreetMap"}},{"type":"Feature","geometry":{"type":"Point","coordinates":[-2.5378975,51.723062]},"properties":{"name":"Lydney Town Hall","layer":"townhalls","note":"OpenStreetMap","osm_id":"way/966246682","osm_url":"https://www.openstreetmap.org/way/966246682","source":"OpenStreetMap"}},{"type":"Feature","geometry":{"type":"Point","coordinates":[-2.525612,51.7268289]},"properties":{"name":"Community Centre","layer":"townhalls","note":"OpenStreetMap","osm_id":"way/966246693","osm_url":"https://www.openstreetmap.org/way/966246693","source":"OpenStreetMap"}},{"type":"Feature","geometry":{"type":"Point","coordinates":[-2.8591153,56.0104619]},"properties":{"name":"Town hall","layer":"townhalls","note":"OpenStreetMap","osm_id":"way/967621783","osm_url":"https://www.openstreetmap.org/way/967621783","source":"OpenStreetMap"}},{"type":"Feature","geometry":{"type":"Point","coordinates":[-3.3777118,51.7475238]},"properties":{"name":"The Red House","layer":"townhalls","note":"OpenStreetMap","osm_id":"way/96877246","osm_url":"https://www.openstreetmap.org/way/96877246","source":"OpenStreetMap"}},{"type":"Feature","geometry":{"type":"Point","coordinates":[-3.238917,56.350605]},"properties":{"name":"Newburgh Town Hall","layer":"townhalls","note":"OpenStreetMap","osm_id":"way/969477151","osm_url":"https://www.openstreetmap.org/way/969477151","source":"OpenStreetMap"}},{"type":"Feature","geometry":{"type":"Point","coordinates":[-4.3156083,50.5024562]},"properties":{"name":"Callington Town Hall","layer":"townhalls","note":"OpenStreetMap","osm_id":"way/97223771","osm_url":"https://www.openstreetmap.org/way/97223771","source":"OpenStreetMap"}},{"type":"Feature","geometry":{"type":"Point","coordinates":[-6.3884234,58.208211]},"properties":{"name":"Talla Bhaile Steòrnabhaigh","layer":"townhalls","note":"OpenStreetMap","osm_id":"way/97253740","osm_url":"https://www.openstreetmap.org/way/97253740","source":"OpenStreetMap"}},{"type":"Feature","geometry":{"type":"Point","coordinates":[-4.4066477,57.9417895]},"properties":{"name":"Invershin Hall","layer":"townhalls","note":"OpenStreetMap","osm_id":"way/977597810","osm_url":"https://www.openstreetmap.org/way/977597810","source":"OpenStreetMap"}},{"type":"Feature","geometry":{"type":"Point","coordinates":[-2.9771171,51.3457493]},"properties":{"name":"Weston-super-Mare Town Hall","layer":"townhalls","note":"OpenStreetMap","osm_id":"way/97784877","osm_url":"https://www.openstreetmap.org/way/97784877","source":"OpenStreetMap"}},{"type":"Feature","geometry":{"type":"Point","coordinates":[-1.402664,50.8718651]},"properties":{"name":"Hythe and Dibden Parish Hall","layer":"townhalls","note":"OpenStreetMap","osm_id":"way/97818727","osm_url":"https://www.openstreetmap.org/way/97818727","source":"OpenStreetMap"}},{"type":"Feature","geometry":{"type":"Point","coordinates":[-1.9357495,52.6491125]},"properties":{"name":"Park View Centre","layer":"townhalls","note":"OpenStreetMap","osm_id":"way/97906107","osm_url":"https://www.openstreetmap.org/way/97906107","source":"OpenStreetMap"}},{"type":"Feature","geometry":{"type":"Point","coordinates":[-0.1888086,51.9894462]},"properties":{"name":"Baldock Town Hall","layer":"townhalls","note":"OpenStreetMap","osm_id":"way/979998618","osm_url":"https://www.openstreetmap.org/way/979998618","source":"OpenStreetMap"}},{"type":"Feature","geometry":{"type":"Point","coordinates":[-2.9610624,57.4412505]},"properties":{"name":"Glass Hall","layer":"townhalls","note":"Glass Community Association","osm_id":"way/980729295","osm_url":"https://www.openstreetmap.org/way/980729295","source":"OpenStreetMap","brand":"Glass Community Association"}},{"type":"Feature","geometry":{"type":"Point","coordinates":[-3.5794174,55.1062081]},"properties":{"name":"Town hall","layer":"townhalls","note":"OpenStreetMap","osm_id":"way/98297735","osm_url":"https://www.openstreetmap.org/way/98297735","source":"OpenStreetMap"}},{"type":"Feature","geometry":{"type":"Point","coordinates":[0.6782956,51.7317944]},"properties":{"name":"Maldon Town Hall","layer":"townhalls","note":"OpenStreetMap","osm_id":"way/98640381","osm_url":"https://www.openstreetmap.org/way/98640381","source":"OpenStreetMap"}},{"type":"Feature","geometry":{"type":"Point","coordinates":[-1.4287882,52.0376014]},"properties":{"name":"Town hall","layer":"townhalls","note":"OpenStreetMap","osm_id":"way/987080503","osm_url":"https://www.openstreetmap.org/way/987080503","source":"OpenStreetMap"}},{"type":"Feature","geometry":{"type":"Point","coordinates":[-0.4462717,50.8167051]},"properties":{"name":"Ferring Parish Council","layer":"townhalls","note":"OpenStreetMap","osm_id":"way/987771171","osm_url":"https://www.openstreetmap.org/way/987771171","source":"OpenStreetMap"}},{"type":"Feature","geometry":{"type":"Point","coordinates":[-2.6922985,57.6812585]},"properties":{"name":"Portsoy Town Hall","layer":"townhalls","note":"OpenStreetMap","osm_id":"way/98853696","osm_url":"https://www.openstreetmap.org/way/98853696","source":"OpenStreetMap"}},{"type":"Feature","geometry":{"type":"Point","coordinates":[0.4355315,51.9470419]},"properties":{"name":"Great Bardfield Town Hall","layer":"townhalls","note":"OpenStreetMap","osm_id":"way/990978818","osm_url":"https://www.openstreetmap.org/way/990978818","source":"OpenStreetMap"}},{"type":"Feature","geometry":{"type":"Point","coordinates":[0.2451689,51.7053556]},"properties":{"name":"Budworth Hall","layer":"townhalls","note":"OpenStreetMap","osm_id":"way/990980600","osm_url":"https://www.openstreetmap.org/way/990980600","source":"OpenStreetMap"}},{"type":"Feature","geometry":{"type":"Point","coordinates":[-4.3865345,54.3224826]},"properties":{"name":"Ramsey Town Hall","layer":"townhalls","note":"OpenStreetMap","osm_id":"way/99350136","osm_url":"https://www.openstreetmap.org/way/99350136","source":"OpenStreetMap"}},{"type":"Feature","geometry":{"type":"Point","coordinates":[-1.5963049,51.7582476]},"properties":{"name":"Town hall","layer":"townhalls","note":"OpenStreetMap","osm_id":"way/99412984","osm_url":"https://www.openstreetmap.org/way/99412984","source":"OpenStreetMap"}},{"type":"Feature","geometry":{"type":"Point","coordinates":[-4.6546064,54.0732638]},"properties":{"name":"Castletown Town Hall and Civic Centre","layer":"townhalls","note":"OpenStreetMap","osm_id":"way/99861931","osm_url":"https://www.openstreetmap.org/way/99861931","source":"OpenStreetMap"}}]}
