{"type":"FeatureCollection","features":[{"type":"Feature","geometry":{"type":"Point","coordinates":[-5.0925332,50.2649514]},"properties":{"name":"Peninsula Dental School","layer":"universities","note":"University of Plymouth","osm_id":"node/10022772180","osm_url":"https://www.openstreetmap.org/node/10022772180","source":"OpenStreetMap","brand":"University of Plymouth"}},{"type":"Feature","geometry":{"type":"Point","coordinates":[-0.2231423,51.5147039]},"properties":{"name":"Scale Space White City","layer":"universities","note":"OpenStreetMap","osm_id":"node/10250022825","osm_url":"https://www.openstreetmap.org/node/10250022825","source":"OpenStreetMap"}},{"type":"Feature","geometry":{"type":"Point","coordinates":[-6.944646,52.8162856]},"properties":{"name":"South East Technological University - South Sports Campus","layer":"universities","note":"South East Technological University","osm_id":"node/10870376401","osm_url":"https://www.openstreetmap.org/node/10870376401","source":"OpenStreetMap","brand":"South East Technological University"}},{"type":"Feature","geometry":{"type":"Point","coordinates":[-7.2574785,52.6464003]},"properties":{"name":"South East Technological University - Kilkenny Research & Innovation Centre","layer":"universities","note":"South East Technological University","osm_id":"node/10870392049","osm_url":"https://www.openstreetmap.org/node/10870392049","source":"OpenStreetMap","brand":"South East Technological University"}},{"type":"Feature","geometry":{"type":"Point","coordinates":[-2.2384192,53.4688465]},"properties":{"name":"Manchester School of Art","layer":"universities","note":"OpenStreetMap","osm_id":"node/10909059182","osm_url":"https://www.openstreetmap.org/node/10909059182","source":"OpenStreetMap"}},{"type":"Feature","geometry":{"type":"Point","coordinates":[-0.1021858,51.4975835]},"properties":{"name":"University Library","layer":"universities","note":"London South Bank University","osm_id":"node/10975152878","osm_url":"https://www.openstreetmap.org/node/10975152878","source":"OpenStreetMap","brand":"London South Bank University"}},{"type":"Feature","geometry":{"type":"Point","coordinates":[-0.1031255,51.4976817]},"properties":{"name":"LSBU Active","layer":"universities","note":"London South Bank University","osm_id":"node/10975152879","osm_url":"https://www.openstreetmap.org/node/10975152879","source":"OpenStreetMap","brand":"London South Bank University"}},{"type":"Feature","geometry":{"type":"Point","coordinates":[-2.793688,56.3419297]},"properties":{"name":"UCO School I","layer":"universities","note":"University of St. Andrews","osm_id":"node/11190678647","osm_url":"https://www.openstreetmap.org/node/11190678647","source":"OpenStreetMap","brand":"University of St. Andrews"}},{"type":"Feature","geometry":{"type":"Point","coordinates":[1.2931801,52.6330849]},"properties":{"name":"Broadcast House","layer":"universities","note":"University of East Anglia","osm_id":"node/11205129840","osm_url":"https://www.openstreetmap.org/node/11205129840","source":"OpenStreetMap","brand":"University of East Anglia"}},{"type":"Feature","geometry":{"type":"Point","coordinates":[-0.1961241,51.4795407]},"properties":{"name":"BIMM Institute London","layer":"universities","note":"OpenStreetMap","osm_id":"node/11218902960","osm_url":"https://www.openstreetmap.org/node/11218902960","source":"OpenStreetMap"}},{"type":"Feature","geometry":{"type":"Point","coordinates":[-1.5536538,53.8054164]},"properties":{"name":"HELIX","layer":"universities","note":"OpenStreetMap","osm_id":"node/11329754487","osm_url":"https://www.openstreetmap.org/node/11329754487","source":"OpenStreetMap"}},{"type":"Feature","geometry":{"type":"Point","coordinates":[-1.5514517,53.806263]},"properties":{"name":"Virtuocity","layer":"universities","note":"OpenStreetMap","osm_id":"node/11516633942","osm_url":"https://www.openstreetmap.org/node/11516633942","source":"OpenStreetMap"}},{"type":"Feature","geometry":{"type":"Point","coordinates":[-2.2535499,52.2539999]},"properties":{"name":"University of Worcester Lakeside Campus","layer":"universities","note":"University of Worcester","osm_id":"node/11727893802","osm_url":"https://www.openstreetmap.org/node/11727893802","source":"OpenStreetMap","brand":"University of Worcester"}},{"type":"Feature","geometry":{"type":"Point","coordinates":[-2.2446846,53.4888985]},"properties":{"name":"UCEN Manchester (City Campus)","layer":"universities","note":"OpenStreetMap","osm_id":"node/11730995523","osm_url":"https://www.openstreetmap.org/node/11730995523","source":"OpenStreetMap"}},{"type":"Feature","geometry":{"type":"Point","coordinates":[-0.309263,51.512265]},"properties":{"name":"University of West London - Hellenic Institute Of Maritime Studies","layer":"universities","note":"OpenStreetMap","osm_id":"node/11753123771","osm_url":"https://www.openstreetmap.org/node/11753123771","source":"OpenStreetMap"}},{"type":"Feature","geometry":{"type":"Point","coordinates":[-0.30951,51.512192]},"properties":{"name":"University of West London","layer":"universities","note":"OpenStreetMap","osm_id":"node/11753123772","osm_url":"https://www.openstreetmap.org/node/11753123772","source":"OpenStreetMap"}},{"type":"Feature","geometry":{"type":"Point","coordinates":[-2.2357718,53.4770054]},"properties":{"name":"UCEN Manchester (Shena Simon Campus)","layer":"universities","note":"OpenStreetMap","osm_id":"node/11771859386","osm_url":"https://www.openstreetmap.org/node/11771859386","source":"OpenStreetMap"}},{"type":"Feature","geometry":{"type":"Point","coordinates":[-0.0715902,51.5061905]},"properties":{"name":"Northeastern University London","layer":"universities","note":"Northeastern University London","osm_id":"node/12046147521","osm_url":"https://www.openstreetmap.org/node/12046147521","source":"OpenStreetMap","brand":"Northeastern University London"}},{"type":"Feature","geometry":{"type":"Point","coordinates":[-2.2135269,53.4446512]},"properties":{"name":"Fallowfield Reception and Richmond Amenities Building","layer":"universities","note":"The University of Manchester","osm_id":"node/12160162338","osm_url":"https://www.openstreetmap.org/node/12160162338","source":"OpenStreetMap","brand":"The University of Manchester"}},{"type":"Feature","geometry":{"type":"Point","coordinates":[-1.9947072,51.7109879]},"properties":{"name":"Parkinson Lecture Theatre","layer":"universities","note":"OpenStreetMap","osm_id":"node/12168628663","osm_url":"https://www.openstreetmap.org/node/12168628663","source":"OpenStreetMap"}},{"type":"Feature","geometry":{"type":"Point","coordinates":[-0.1326499,51.5241953]},"properties":{"name":"UCL Estates","layer":"universities","note":"UCL","osm_id":"node/12189491562","osm_url":"https://www.openstreetmap.org/node/12189491562","source":"OpenStreetMap","brand":"UCL"}},{"type":"Feature","geometry":{"type":"Point","coordinates":[-0.1327442,51.5241296]},"properties":{"name":"Faculty of Arts and Humanities","layer":"universities","note":"UCL","osm_id":"node/12189491563","osm_url":"https://www.openstreetmap.org/node/12189491563","source":"OpenStreetMap","brand":"UCL"}},{"type":"Feature","geometry":{"type":"Point","coordinates":[-0.1327736,51.5241041]},"properties":{"name":"UCL Department of Neuroscience research centres.","layer":"universities","note":"UCL","osm_id":"node/12189537997","osm_url":"https://www.openstreetmap.org/node/12189537997","source":"OpenStreetMap","brand":"UCL"}},{"type":"Feature","geometry":{"type":"Point","coordinates":[1.2852614,52.0593844]},"properties":{"name":"University of Suffolk (DigiTech Centre)","layer":"universities","note":"University of Suffolk","osm_id":"node/12214356668","osm_url":"https://www.openstreetmap.org/node/12214356668","source":"OpenStreetMap","brand":"University of Suffolk"}},{"type":"Feature","geometry":{"type":"Point","coordinates":[-5.1260524,50.1711008]},"properties":{"name":"Games Academy Design Centre","layer":"universities","note":"Falmouth University","osm_id":"node/12310226337","osm_url":"https://www.openstreetmap.org/node/12310226337","source":"OpenStreetMap","brand":"Falmouth University"}},{"type":"Feature","geometry":{"type":"Point","coordinates":[-5.1237305,50.1689607]},"properties":{"name":"Academy of Music & Theatre Arts (AMATA)","layer":"universities","note":"OpenStreetMap","osm_id":"node/12310553018","osm_url":"https://www.openstreetmap.org/node/12310553018","source":"OpenStreetMap"}},{"type":"Feature","geometry":{"type":"Point","coordinates":[-5.1256845,50.1707773]},"properties":{"name":"Fashion & Textiles Institute","layer":"universities","note":"OpenStreetMap","osm_id":"node/12310563158","osm_url":"https://www.openstreetmap.org/node/12310563158","source":"OpenStreetMap"}},{"type":"Feature","geometry":{"type":"Point","coordinates":[-5.1235925,50.1666494]},"properties":{"name":"Falmouth University Unit 5b, Life Drawing","layer":"universities","note":"Falmouth University","osm_id":"node/12311688220","osm_url":"https://www.openstreetmap.org/node/12311688220","source":"OpenStreetMap","brand":"Falmouth University"}},{"type":"Feature","geometry":{"type":"Point","coordinates":[-0.0856153,51.5205313]},"properties":{"name":"Bayes Business School","layer":"universities","note":"OpenStreetMap","osm_id":"node/12347886701","osm_url":"https://www.openstreetmap.org/node/12347886701","source":"OpenStreetMap"}},{"type":"Feature","geometry":{"type":"Point","coordinates":[-3.5334899,50.7374315]},"properties":{"name":"University of Exeter Laver Building","layer":"universities","note":"OpenStreetMap","osm_id":"node/12526675173","osm_url":"https://www.openstreetmap.org/node/12526675173","source":"OpenStreetMap"}},{"type":"Feature","geometry":{"type":"Point","coordinates":[-3.5316386,50.7364604]},"properties":{"name":"University of Exeter Amory Building","layer":"universities","note":"OpenStreetMap","osm_id":"node/12526675174","osm_url":"https://www.openstreetmap.org/node/12526675174","source":"OpenStreetMap"}},{"type":"Feature","geometry":{"type":"Point","coordinates":[-3.5370916,50.7363686]},"properties":{"name":"Institute of Arab and Islamic Studies","layer":"universities","note":"OpenStreetMap","osm_id":"node/12526675175","osm_url":"https://www.openstreetmap.org/node/12526675175","source":"OpenStreetMap"}},{"type":"Feature","geometry":{"type":"Point","coordinates":[-3.5343268,50.7353947]},"properties":{"name":"University of Exeter Great Hall","layer":"universities","note":"OpenStreetMap","osm_id":"node/12526675176","osm_url":"https://www.openstreetmap.org/node/12526675176","source":"OpenStreetMap"}},{"type":"Feature","geometry":{"type":"Point","coordinates":[-3.5308775,50.7357007]},"properties":{"name":"University of Exeter Streatham Court","layer":"universities","note":"OpenStreetMap","osm_id":"node/12526675177","osm_url":"https://www.openstreetmap.org/node/12526675177","source":"OpenStreetMap"}},{"type":"Feature","geometry":{"type":"Point","coordinates":[-5.9378378,54.5811596]},"properties":{"name":"QUB School of Psychology","layer":"universities","note":"OpenStreetMap","osm_id":"node/12650175217","osm_url":"https://www.openstreetmap.org/node/12650175217","source":"OpenStreetMap"}},{"type":"Feature","geometry":{"type":"Point","coordinates":[-5.9369263,54.5846599]},"properties":{"name":"Elmwood One (QUB Student union)","layer":"universities","note":"OpenStreetMap","osm_id":"node/12650210910","osm_url":"https://www.openstreetmap.org/node/12650210910","source":"OpenStreetMap"}},{"type":"Feature","geometry":{"type":"Point","coordinates":[-2.5761157,51.450426]},"properties":{"name":"Bristol Digital Futures Institute","layer":"universities","note":"OpenStreetMap","osm_id":"node/12787741679","osm_url":"https://www.openstreetmap.org/node/12787741679","source":"OpenStreetMap"}},{"type":"Feature","geometry":{"type":"Point","coordinates":[-6.2541389,53.3331038]},"properties":{"name":"Champlain College Dublin","layer":"universities","note":"Champlain College Incorporated","osm_id":"node/12817541197","osm_url":"https://www.openstreetmap.org/node/12817541197","source":"OpenStreetMap","brand":"Champlain College Incorporated"}},{"type":"Feature","geometry":{"type":"Point","coordinates":[-0.0658396,51.5150546]},"properties":{"name":"NTU London","layer":"universities","note":"OpenStreetMap","osm_id":"node/12850815850","osm_url":"https://www.openstreetmap.org/node/12850815850","source":"OpenStreetMap"}},{"type":"Feature","geometry":{"type":"Point","coordinates":[-8.4754049,51.895108]},"properties":{"name":"MTU Crawford College of Art & Design - Department of Media Communications","layer":"universities","note":"Munster Technological University","osm_id":"node/12878155096","osm_url":"https://www.openstreetmap.org/node/12878155096","source":"OpenStreetMap","brand":"Munster Technological University"}},{"type":"Feature","geometry":{"type":"Point","coordinates":[-2.5885869,51.4515487]},"properties":{"name":"dBs Institute Bristol Campus","layer":"universities","note":"OpenStreetMap","osm_id":"node/12888443245","osm_url":"https://www.openstreetmap.org/node/12888443245","source":"OpenStreetMap"}},{"type":"Feature","geometry":{"type":"Point","coordinates":[-1.9028438,52.4812428]},"properties":{"name":"Ulster University (Birmingham Branch Campus)","layer":"universities","note":"Ulster University;QA Higher Education","osm_id":"node/12897989527","osm_url":"https://www.openstreetmap.org/node/12897989527","source":"OpenStreetMap","brand":"Ulster University;QA Higher Education"}},{"type":"Feature","geometry":{"type":"Point","coordinates":[-8.6760942,52.676706]},"properties":{"name":"Technological University of the Shannon: Coonagh Campus","layer":"universities","note":"Technological University of the Shannon","osm_id":"node/12924826248","osm_url":"https://www.openstreetmap.org/node/12924826248","source":"OpenStreetMap","brand":"Technological University of the Shannon"}},{"type":"Feature","geometry":{"type":"Point","coordinates":[1.0862786,51.2755085]},"properties":{"name":"University of the Creative Arts","layer":"universities","note":"OpenStreetMap","osm_id":"node/12945182333","osm_url":"https://www.openstreetmap.org/node/12945182333","source":"OpenStreetMap"}},{"type":"Feature","geometry":{"type":"Point","coordinates":[0.1211717,52.20515]},"properties":{"name":"BPP","layer":"universities","note":"OpenStreetMap","osm_id":"node/13149447005","osm_url":"https://www.openstreetmap.org/node/13149447005","source":"OpenStreetMap"}},{"type":"Feature","geometry":{"type":"Point","coordinates":[-0.108811,51.531956]},"properties":{"name":"Paris Dauphine University - London Campus","layer":"universities","note":"OpenStreetMap","osm_id":"node/13153860401","osm_url":"https://www.openstreetmap.org/node/13153860401","source":"OpenStreetMap"}},{"type":"Feature","geometry":{"type":"Point","coordinates":[1.0697699,51.2972917]},"properties":{"name":"Senate PG Study Hub","layer":"universities","note":"University of Kent","osm_id":"node/13155799438","osm_url":"https://www.openstreetmap.org/node/13155799438","source":"OpenStreetMap","brand":"University of Kent"}},{"type":"Feature","geometry":{"type":"Point","coordinates":[1.0695142,51.2977129]},"properties":{"name":"Nexus (Templeman)","layer":"universities","note":"University of Kent","osm_id":"node/13155858160","osm_url":"https://www.openstreetmap.org/node/13155858160","source":"OpenStreetMap","brand":"University of Kent"}},{"type":"Feature","geometry":{"type":"Point","coordinates":[1.0703472,51.2976562]},"properties":{"name":"Skills for Academic Success","layer":"universities","note":"OpenStreetMap","osm_id":"node/13161654932","osm_url":"https://www.openstreetmap.org/node/13161654932","source":"OpenStreetMap"}},{"type":"Feature","geometry":{"type":"Point","coordinates":[1.0704457,51.2976671]},"properties":{"name":"Careers and Employability Service","layer":"universities","note":"OpenStreetMap","osm_id":"node/13161656543","osm_url":"https://www.openstreetmap.org/node/13161656543","source":"OpenStreetMap"}},{"type":"Feature","geometry":{"type":"Point","coordinates":[1.0689197,51.2967185]},"properties":{"name":"Student Support and Wellbeing","layer":"universities","note":"OpenStreetMap","osm_id":"node/13161656546","osm_url":"https://www.openstreetmap.org/node/13161656546","source":"OpenStreetMap"}},{"type":"Feature","geometry":{"type":"Point","coordinates":[-2.5486599,51.5014182]},"properties":{"name":"School of Architecture and Environment","layer":"universities","note":"OpenStreetMap","osm_id":"node/13237953602","osm_url":"https://www.openstreetmap.org/node/13237953602","source":"OpenStreetMap"}},{"type":"Feature","geometry":{"type":"Point","coordinates":[-1.8842888,52.4765633]},"properties":{"name":"BIMM University Birmingham","layer":"universities","note":"OpenStreetMap","osm_id":"node/13299758901","osm_url":"https://www.openstreetmap.org/node/13299758901","source":"OpenStreetMap"}},{"type":"Feature","geometry":{"type":"Point","coordinates":[-0.0105867,51.5426094]},"properties":{"name":"Arden University Stratford Campus","layer":"universities","note":"Arden University","osm_id":"node/13306589352","osm_url":"https://www.openstreetmap.org/node/13306589352","source":"OpenStreetMap","brand":"Arden University"}},{"type":"Feature","geometry":{"type":"Point","coordinates":[-2.6057285,51.4593428]},"properties":{"name":"5 Priory Road, Life Sciences","layer":"universities","note":"OpenStreetMap","osm_id":"node/13344535202","osm_url":"https://www.openstreetmap.org/node/13344535202","source":"OpenStreetMap"}},{"type":"Feature","geometry":{"type":"Point","coordinates":[-1.7915314,51.5624445]},"properties":{"name":"Royal Agricultural University (Cultural Heritage Institute)","layer":"universities","note":"OpenStreetMap","osm_id":"node/13450370439","osm_url":"https://www.openstreetmap.org/node/13450370439","source":"OpenStreetMap"}},{"type":"Feature","geometry":{"type":"Point","coordinates":[-6.2242697,53.3081355]},"properties":{"name":"UCD Innovation Academy","layer":"universities","note":"University College Dublin","osm_id":"node/13534116371","osm_url":"https://www.openstreetmap.org/node/13534116371","source":"OpenStreetMap","brand":"University College Dublin"}},{"type":"Feature","geometry":{"type":"Point","coordinates":[-0.2742584,51.4932283]},"properties":{"name":"Richmond American University London","layer":"universities","note":"OpenStreetMap","osm_id":"node/13714852928","osm_url":"https://www.openstreetmap.org/node/13714852928","source":"OpenStreetMap"}},{"type":"Feature","geometry":{"type":"Point","coordinates":[-2.2399603,53.4751872]},"properties":{"name":"Manchester Metropolitan University","layer":"universities","note":"OpenStreetMap","osm_id":"node/13955336001","osm_url":"https://www.openstreetmap.org/node/13955336001","source":"OpenStreetMap"}},{"type":"Feature","geometry":{"type":"Point","coordinates":[0.0066074,51.50059]},"properties":{"name":"Escape Studios","layer":"universities","note":"Escape Studios (AAP Education Limited)","osm_id":"node/14015195256","osm_url":"https://www.openstreetmap.org/node/14015195256","source":"OpenStreetMap","brand":"Escape Studios (AAP Education Limited)"}},{"type":"Feature","geometry":{"type":"Point","coordinates":[-3.1451311,53.2136292]},"properties":{"name":"Wrexham University Northop","layer":"universities","note":"Wrexham University","osm_id":"node/14022562870","osm_url":"https://www.openstreetmap.org/node/14022562870","source":"OpenStreetMap","brand":"Wrexham University"}},{"type":"Feature","geometry":{"type":"Point","coordinates":[-2.9648528,51.3327044]},"properties":{"name":"IntoUniversity","layer":"universities","note":"OpenStreetMap","osm_id":"node/14024932645","osm_url":"https://www.openstreetmap.org/node/14024932645","source":"OpenStreetMap"}},{"type":"Feature","geometry":{"type":"Point","coordinates":[-0.099172,51.5247927]},"properties":{"name":"ASU London","layer":"universities","note":"ASU London","osm_id":"node/14081628705","osm_url":"https://www.openstreetmap.org/node/14081628705","source":"OpenStreetMap","brand":"ASU London"}},{"type":"Feature","geometry":{"type":"Point","coordinates":[-1.0828603,52.6086797]},"properties":{"name":"University of Leicester - Sports Ground","layer":"universities","note":"OpenStreetMap","osm_id":"node/14108624869","osm_url":"https://www.openstreetmap.org/node/14108624869","source":"OpenStreetMap"}},{"type":"Feature","geometry":{"type":"Point","coordinates":[-1.9026006,52.4813819]},"properties":{"name":"London Metropolitan University (Birmingham Campus)","layer":"universities","note":"London Metropolitan University;QA Higher Education","osm_id":"node/14163018304","osm_url":"https://www.openstreetmap.org/node/14163018304","source":"OpenStreetMap","brand":"London Metropolitan University;QA Higher Education"}},{"type":"Feature","geometry":{"type":"Point","coordinates":[-1.9026066,52.48127]},"properties":{"name":"Southampton Solent University (Birmingham Campus)","layer":"universities","note":"Southampton Solent University;QA Higher Education","osm_id":"node/14163018305","osm_url":"https://www.openstreetmap.org/node/14163018305","source":"OpenStreetMap","brand":"Southampton Solent University;QA Higher Education"}},{"type":"Feature","geometry":{"type":"Point","coordinates":[-3.2212573,54.1046979]},"properties":{"name":"University of Cumbria in Barrow","layer":"universities","note":"OpenStreetMap","osm_id":"node/14181480701","osm_url":"https://www.openstreetmap.org/node/14181480701","source":"OpenStreetMap"}},{"type":"Feature","geometry":{"type":"Point","coordinates":[-0.0243397,51.5109856]},"properties":{"name":"University of Cumbria in London","layer":"universities","note":"OpenStreetMap","osm_id":"node/14181483301","osm_url":"https://www.openstreetmap.org/node/14181483301","source":"OpenStreetMap"}},{"type":"Feature","geometry":{"type":"Point","coordinates":[-0.0933464,51.5335399]},"properties":{"name":"University of Wales Trinity Saint David London","layer":"universities","note":"OpenStreetMap","osm_id":"node/2192476982","osm_url":"https://www.openstreetmap.org/node/2192476982","source":"OpenStreetMap"}},{"type":"Feature","geometry":{"type":"Point","coordinates":[-3.1922264,55.9460305]},"properties":{"name":"Communications & Marketing","layer":"universities","note":"Edinburgh University","osm_id":"node/2339288055","osm_url":"https://www.openstreetmap.org/node/2339288055","source":"OpenStreetMap","brand":"Edinburgh University"}},{"type":"Feature","geometry":{"type":"Point","coordinates":[-0.0066531,51.4825423]},"properties":{"name":"University of Greenwich","layer":"universities","note":"University of Greenwich","osm_id":"node/243764607","osm_url":"https://www.openstreetmap.org/node/243764607","source":"OpenStreetMap","brand":"University of Greenwich"}},{"type":"Feature","geometry":{"type":"Point","coordinates":[-0.1347918,51.5247576]},"properties":{"name":"Department of Geography","layer":"universities","note":"UCL","osm_id":"node/2444698231","osm_url":"https://www.openstreetmap.org/node/2444698231","source":"OpenStreetMap","brand":"UCL"}},{"type":"Feature","geometry":{"type":"Point","coordinates":[-1.1548135,52.9576645]},"properties":{"name":"Chaucer Study Space","layer":"universities","note":"OpenStreetMap","osm_id":"node/2619804273","osm_url":"https://www.openstreetmap.org/node/2619804273","source":"OpenStreetMap"}},{"type":"Feature","geometry":{"type":"Point","coordinates":[-0.1093922,51.4797342]},"properties":{"name":"University of Wales Trinity Saint David London Campus","layer":"universities","note":"OpenStreetMap","osm_id":"node/2622164051","osm_url":"https://www.openstreetmap.org/node/2622164051","source":"OpenStreetMap"}},{"type":"Feature","geometry":{"type":"Point","coordinates":[-0.0996753,51.5227918]},"properties":{"name":"St Bartholomew's and the Royal London School of Medicine and Dentistry","layer":"universities","note":"OpenStreetMap","osm_id":"node/26816010","osm_url":"https://www.openstreetmap.org/node/26816010","source":"OpenStreetMap"}},{"type":"Feature","geometry":{"type":"Point","coordinates":[-0.13213,51.5227796]},"properties":{"name":"UCL Centre for Medical Image Computing","layer":"universities","note":"University College London","osm_id":"node/2701212178","osm_url":"https://www.openstreetmap.org/node/2701212178","source":"OpenStreetMap","brand":"University College London"}},{"type":"Feature","geometry":{"type":"Point","coordinates":[-0.4206821,51.1720561]},"properties":{"name":"Mullard Space Science Laboratory","layer":"universities","note":"OpenStreetMap","osm_id":"node/272509658","osm_url":"https://www.openstreetmap.org/node/272509658","source":"OpenStreetMap"}},{"type":"Feature","geometry":{"type":"Point","coordinates":[-9.065571,53.2840636]},"properties":{"name":"Cairnes Business School","layer":"universities","note":"OpenStreetMap","osm_id":"node/281094745","osm_url":"https://www.openstreetmap.org/node/281094745","source":"OpenStreetMap"}},{"type":"Feature","geometry":{"type":"Point","coordinates":[0.4280288,51.7368181]},"properties":{"name":"Writtle School of Design","layer":"universities","note":"OpenStreetMap","osm_id":"node/2825978102","osm_url":"https://www.openstreetmap.org/node/2825978102","source":"OpenStreetMap"}},{"type":"Feature","geometry":{"type":"Point","coordinates":[-2.9223991,54.8908157]},"properties":{"name":"University of Cumbria","layer":"universities","note":"OpenStreetMap","osm_id":"node/2915611664","osm_url":"https://www.openstreetmap.org/node/2915611664","source":"OpenStreetMap"}},{"type":"Feature","geometry":{"type":"Point","coordinates":[-1.6092865,53.8150011]},"properties":{"name":"Kirkstall Brewery Residences","layer":"universities","note":"OpenStreetMap","osm_id":"node/297624153","osm_url":"https://www.openstreetmap.org/node/297624153","source":"OpenStreetMap"}},{"type":"Feature","geometry":{"type":"Point","coordinates":[-6.2553677,53.3382439]},"properties":{"name":"Boston College - Ireland","layer":"universities","note":"Boston College","osm_id":"node/3044894567","osm_url":"https://www.openstreetmap.org/node/3044894567","source":"OpenStreetMap","brand":"Boston College"}},{"type":"Feature","geometry":{"type":"Point","coordinates":[-1.5617698,53.8077071]},"properties":{"name":"University of Leeds (West Campus)","layer":"universities","note":"University of Leeds","osm_id":"node/31004282","osm_url":"https://www.openstreetmap.org/node/31004282","source":"OpenStreetMap","brand":"University of Leeds"}},{"type":"Feature","geometry":{"type":"Point","coordinates":[0.7121596,51.5381096]},"properties":{"name":"University of Essex","layer":"universities","note":"OpenStreetMap","osm_id":"node/3125604846","osm_url":"https://www.openstreetmap.org/node/3125604846","source":"OpenStreetMap"}},{"type":"Feature","geometry":{"type":"Point","coordinates":[-1.0317009,53.9476777]},"properties":{"name":"Law School","layer":"universities","note":"OpenStreetMap","osm_id":"node/3153205631","osm_url":"https://www.openstreetmap.org/node/3153205631","source":"OpenStreetMap"}},{"type":"Feature","geometry":{"type":"Point","coordinates":[-0.0776604,51.5174721]},"properties":{"name":"Coventry University London Campus","layer":"universities","note":"Coventry University","osm_id":"node/3195441960","osm_url":"https://www.openstreetmap.org/node/3195441960","source":"OpenStreetMap","brand":"Coventry University"}},{"type":"Feature","geometry":{"type":"Point","coordinates":[-0.0778041,51.5177926]},"properties":{"name":"Northumbria University London Campus","layer":"universities","note":"OpenStreetMap","osm_id":"node/3195444561","osm_url":"https://www.openstreetmap.org/node/3195444561","source":"OpenStreetMap"}},{"type":"Feature","geometry":{"type":"Point","coordinates":[-0.1341213,51.5241117]},"properties":{"name":"Department of Civil, Environmental and Geomatic Engineering","layer":"universities","note":"OpenStreetMap","osm_id":"node/3404670568","osm_url":"https://www.openstreetmap.org/node/3404670568","source":"OpenStreetMap"}},{"type":"Feature","geometry":{"type":"Point","coordinates":[-1.5488161,53.7967871]},"properties":{"name":"Leeds Law School","layer":"universities","note":"Leeds Beckett University","osm_id":"node/357708703","osm_url":"https://www.openstreetmap.org/node/357708703","source":"OpenStreetMap","brand":"Leeds Beckett University"}},{"type":"Feature","geometry":{"type":"Point","coordinates":[-5.1224851,50.1710063]},"properties":{"name":"The Institute of Photography","layer":"universities","note":"OpenStreetMap","osm_id":"node/3890256952","osm_url":"https://www.openstreetmap.org/node/3890256952","source":"OpenStreetMap"}},{"type":"Feature","geometry":{"type":"Point","coordinates":[-1.9143392,52.4499079]},"properties":{"name":"University of Birmingham School of Dentistry","layer":"universities","note":"OpenStreetMap","osm_id":"node/3947785016","osm_url":"https://www.openstreetmap.org/node/3947785016","source":"OpenStreetMap"}},{"type":"Feature","geometry":{"type":"Point","coordinates":[-0.1304173,51.5082622]},"properties":{"name":"University of Notre Dame","layer":"universities","note":"OpenStreetMap","osm_id":"node/3962082268","osm_url":"https://www.openstreetmap.org/node/3962082268","source":"OpenStreetMap"}},{"type":"Feature","geometry":{"type":"Point","coordinates":[-2.7972136,56.3422154]},"properties":{"name":"School of International Relations","layer":"universities","note":"OpenStreetMap","osm_id":"node/4031544528","osm_url":"https://www.openstreetmap.org/node/4031544528","source":"OpenStreetMap"}},{"type":"Feature","geometry":{"type":"Point","coordinates":[-2.7940627,56.3407811]},"properties":{"name":"School of Modern Languages","layer":"universities","note":"University of St Andrews","osm_id":"node/4079666045","osm_url":"https://www.openstreetmap.org/node/4079666045","source":"OpenStreetMap","brand":"University of St Andrews"}},{"type":"Feature","geometry":{"type":"Point","coordinates":[-8.613216,52.6655266]},"properties":{"name":"Limerick School of Art and Design (LIT)","layer":"universities","note":"Technological University of the Shannon: Midlands Midwest","osm_id":"node/415139928","osm_url":"https://www.openstreetmap.org/node/415139928","source":"OpenStreetMap","brand":"Technological University of the Shannon: Midlands Midwest"}},{"type":"Feature","geometry":{"type":"Point","coordinates":[-1.5534667,53.8053986]},"properties":{"name":"School of Computing","layer":"universities","note":"OpenStreetMap","osm_id":"node/4155453124","osm_url":"https://www.openstreetmap.org/node/4155453124","source":"OpenStreetMap"}},{"type":"Feature","geometry":{"type":"Point","coordinates":[-8.3051249,51.8422818]},"properties":{"name":"Coastal and Marine Resources Centre, UCC","layer":"universities","note":"OpenStreetMap","osm_id":"node/417339971","osm_url":"https://www.openstreetmap.org/node/417339971","source":"OpenStreetMap"}},{"type":"Feature","geometry":{"type":"Point","coordinates":[-0.0811412,51.513979]},"properties":{"name":"BPP Business School","layer":"universities","note":"OpenStreetMap","osm_id":"node/4195103054","osm_url":"https://www.openstreetmap.org/node/4195103054","source":"OpenStreetMap"}},{"type":"Feature","geometry":{"type":"Point","coordinates":[-6.5965802,53.3792776]},"properties":{"name":"Saint Patrick's College Maynooth and Pontifical University","layer":"universities","note":"OpenStreetMap","osm_id":"node/429499820","osm_url":"https://www.openstreetmap.org/node/429499820","source":"OpenStreetMap"}},{"type":"Feature","geometry":{"type":"Point","coordinates":[-2.0232792,53.1073174]},"properties":{"name":"Buxton & Leek College","layer":"universities","note":"University of Derby","osm_id":"node/430496902","osm_url":"https://www.openstreetmap.org/node/430496902","source":"OpenStreetMap","brand":"University of Derby"}},{"type":"Feature","geometry":{"type":"Point","coordinates":[-2.0225981,53.1076856]},"properties":{"name":"Tovell Building, Buxton & Leek College","layer":"universities","note":"OpenStreetMap","osm_id":"node/430496905","osm_url":"https://www.openstreetmap.org/node/430496905","source":"OpenStreetMap"}},{"type":"Feature","geometry":{"type":"Point","coordinates":[-0.991561,51.995926]},"properties":{"name":"Vinson Building","layer":"universities","note":"University of Buckingham","osm_id":"node/4347486515","osm_url":"https://www.openstreetmap.org/node/4347486515","source":"OpenStreetMap","brand":"University of Buckingham"}},{"type":"Feature","geometry":{"type":"Point","coordinates":[-1.0937893,50.7959685]},"properties":{"name":"Careers and Employability Service","layer":"universities","note":"University of Portsmouth","osm_id":"node/4359430243","osm_url":"https://www.openstreetmap.org/node/4359430243","source":"OpenStreetMap","brand":"University of Portsmouth"}},{"type":"Feature","geometry":{"type":"Point","coordinates":[-1.0944129,50.7956608]},"properties":{"name":"St Andrew's Court Information Centre","layer":"universities","note":"University of Portsmouth","osm_id":"node/4359430262","osm_url":"https://www.openstreetmap.org/node/4359430262","source":"OpenStreetMap","brand":"University of Portsmouth"}},{"type":"Feature","geometry":{"type":"Point","coordinates":[-0.2413129,51.5960416]},"properties":{"name":"Middlesex University","layer":"universities","note":"OpenStreetMap","osm_id":"node/4480990843","osm_url":"https://www.openstreetmap.org/node/4480990843","source":"OpenStreetMap"}},{"type":"Feature","geometry":{"type":"Point","coordinates":[-2.2393912,53.4803158]},"properties":{"name":"University of Law","layer":"universities","note":"OpenStreetMap","osm_id":"node/4624319249","osm_url":"https://www.openstreetmap.org/node/4624319249","source":"OpenStreetMap"}},{"type":"Feature","geometry":{"type":"Point","coordinates":[-0.7604918,52.0395848]},"properties":{"name":"University of Bedfordshire Milton Keynes Campus","layer":"universities","note":"University of Bedfordshire","osm_id":"node/4637343731","osm_url":"https://www.openstreetmap.org/node/4637343731","source":"OpenStreetMap","brand":"University of Bedfordshire"}},{"type":"Feature","geometry":{"type":"Point","coordinates":[-0.5879179,51.2422439]},"properties":{"name":"University Hall","layer":"universities","note":"OpenStreetMap","osm_id":"node/4784336721","osm_url":"https://www.openstreetmap.org/node/4784336721","source":"OpenStreetMap"}},{"type":"Feature","geometry":{"type":"Point","coordinates":[-4.6129301,56.1288831]},"properties":{"name":"Scottish Centre for Ecology and the Natural Environment","layer":"universities","note":"University of Glasgow","osm_id":"node/4896948819","osm_url":"https://www.openstreetmap.org/node/4896948819","source":"OpenStreetMap","brand":"University of Glasgow"}},{"type":"Feature","geometry":{"type":"Point","coordinates":[-0.0895527,51.5043217]},"properties":{"name":"London School of Commerce","layer":"universities","note":"OpenStreetMap","osm_id":"node/4958876893","osm_url":"https://www.openstreetmap.org/node/4958876893","source":"OpenStreetMap"}},{"type":"Feature","geometry":{"type":"Point","coordinates":[-5.748438,55.4234442]},"properties":{"name":"Marine Environment Research Station","layer":"universities","note":"OpenStreetMap","osm_id":"node/523257091","osm_url":"https://www.openstreetmap.org/node/523257091","source":"OpenStreetMap"}},{"type":"Feature","geometry":{"type":"Point","coordinates":[-7.159218,57.5990376]},"properties":{"name":"OGE Innse Gall - Uibhist a Tuath","layer":"universities","note":"University of the Highlands and Islands","osm_id":"node/5266701811","osm_url":"https://www.openstreetmap.org/node/5266701811","source":"OpenStreetMap","brand":"University of the Highlands and Islands"}},{"type":"Feature","geometry":{"type":"Point","coordinates":[-6.1890601,53.3012319]},"properties":{"name":"Froebel College of Education","layer":"universities","note":"OpenStreetMap","osm_id":"node/529655899","osm_url":"https://www.openstreetmap.org/node/529655899","source":"OpenStreetMap"}},{"type":"Feature","geometry":{"type":"Point","coordinates":[-1.5356156,53.8302599]},"properties":{"name":"School of Philosphy","layer":"universities","note":"OpenStreetMap","osm_id":"node/5576447813","osm_url":"https://www.openstreetmap.org/node/5576447813","source":"OpenStreetMap"}},{"type":"Feature","geometry":{"type":"Point","coordinates":[-2.7971495,56.3426652]},"properties":{"name":"Collaborations and Study Abroad;Admissions","layer":"universities","note":"University of St Andrews","osm_id":"node/5600582841","osm_url":"https://www.openstreetmap.org/node/5600582841","source":"OpenStreetMap","brand":"University of St Andrews"}},{"type":"Feature","geometry":{"type":"Point","coordinates":[-2.7970933,56.3426168]},"properties":{"name":"Print & Design","layer":"universities","note":"University of St Andrews","osm_id":"node/5600582842","osm_url":"https://www.openstreetmap.org/node/5600582842","source":"OpenStreetMap","brand":"University of St Andrews"}},{"type":"Feature","geometry":{"type":"Point","coordinates":[-8.6187924,52.6660838]},"properties":{"name":"Merriman House","layer":"universities","note":"Limerick Institute of Technology","osm_id":"node/5940349369","osm_url":"https://www.openstreetmap.org/node/5940349369","source":"OpenStreetMap","brand":"Limerick Institute of Technology"}},{"type":"Feature","geometry":{"type":"Point","coordinates":[-2.7838941,55.6081827]},"properties":{"name":"Heriot-Watt University - Scottish Borders Campus","layer":"universities","note":"Heriot-Watt University","osm_id":"node/6129630771","osm_url":"https://www.openstreetmap.org/node/6129630771","source":"OpenStreetMap","brand":"Heriot-Watt University"}},{"type":"Feature","geometry":{"type":"Point","coordinates":[-5.6098343,55.4281963]},"properties":{"name":"Argyll College UHI - Campbeltown Learning Centre","layer":"universities","note":"University of the Highlands and Island","osm_id":"node/6179981360","osm_url":"https://www.openstreetmap.org/node/6179981360","source":"OpenStreetMap","brand":"University of the Highlands and Island"}},{"type":"Feature","geometry":{"type":"Point","coordinates":[-6.2921705,55.7547851]},"properties":{"name":"Argyll College UHI - Islay Learning Centre","layer":"universities","note":"University of the Highlands and Islands","osm_id":"node/6179988146","osm_url":"https://www.openstreetmap.org/node/6179988146","source":"OpenStreetMap","brand":"University of the Highlands and Islands"}},{"type":"Feature","geometry":{"type":"Point","coordinates":[-5.0580483,55.8257959]},"properties":{"name":"Argyll College UHI - Rothesay Learning Centre","layer":"universities","note":"University of the Highlands and Islands","osm_id":"node/6180006893","osm_url":"https://www.openstreetmap.org/node/6180006893","source":"OpenStreetMap","brand":"University of the Highlands and Islands"}},{"type":"Feature","geometry":{"type":"Point","coordinates":[-6.0687268,56.6241046]},"properties":{"name":"Argyll College UHI - Tobermory Learning Centre","layer":"universities","note":"University of the Highlands and Islands","osm_id":"node/6180009290","osm_url":"https://www.openstreetmap.org/node/6180009290","source":"OpenStreetMap","brand":"University of the Highlands and Islands"}},{"type":"Feature","geometry":{"type":"Point","coordinates":[-0.117442,51.5116948]},"properties":{"name":"The Courtauld Institute of Art","layer":"universities","note":"The Courtauld Institute of Art","osm_id":"node/662669394","osm_url":"https://www.openstreetmap.org/node/662669394","source":"OpenStreetMap","brand":"The Courtauld Institute of Art"}},{"type":"Feature","geometry":{"type":"Point","coordinates":[-0.2019114,51.525504]},"properties":{"name":"Kennet West Skills Centre","layer":"universities","note":"OpenStreetMap","osm_id":"node/6778729838","osm_url":"https://www.openstreetmap.org/node/6778729838","source":"OpenStreetMap"}},{"type":"Feature","geometry":{"type":"Point","coordinates":[-6.4686057,52.341917]},"properties":{"name":"Georgia Southern University Wexford Campus","layer":"universities","note":"Center for Irish Research and Teaching of Georgia Southern University","osm_id":"node/6935817054","osm_url":"https://www.openstreetmap.org/node/6935817054","source":"OpenStreetMap","brand":"Center for Irish Research and Teaching of Georgia Southern University"}},{"type":"Feature","geometry":{"type":"Point","coordinates":[-0.5883506,51.2425913]},"properties":{"name":"MySurrey Hive","layer":"universities","note":"OpenStreetMap","osm_id":"node/7214355584","osm_url":"https://www.openstreetmap.org/node/7214355584","source":"OpenStreetMap"}},{"type":"Feature","geometry":{"type":"Point","coordinates":[-0.1174802,51.5210929]},"properties":{"name":"University of the Arts London","layer":"universities","note":"OpenStreetMap","osm_id":"node/734747976","osm_url":"https://www.openstreetmap.org/node/734747976","source":"OpenStreetMap"}},{"type":"Feature","geometry":{"type":"Point","coordinates":[-7.1152567,52.2626245]},"properties":{"name":"South East Technological University - Granary Campus","layer":"universities","note":"South East Technnological University","osm_id":"node/7652801102","osm_url":"https://www.openstreetmap.org/node/7652801102","source":"OpenStreetMap","brand":"South East Technnological University"}},{"type":"Feature","geometry":{"type":"Point","coordinates":[-0.1603978,51.525359]},"properties":{"name":"LBS Behaviour Lab","layer":"universities","note":"London Business School","osm_id":"node/7728508827","osm_url":"https://www.openstreetmap.org/node/7728508827","source":"OpenStreetMap","brand":"London Business School"}},{"type":"Feature","geometry":{"type":"Point","coordinates":[-7.3192382,55.0079063]},"properties":{"name":"Rock Mills Student Accomodation","layer":"universities","note":"OpenStreetMap","osm_id":"node/778544124","osm_url":"https://www.openstreetmap.org/node/778544124","source":"OpenStreetMap"}},{"type":"Feature","geometry":{"type":"Point","coordinates":[-0.0872218,50.8652853]},"properties":{"name":"Pevensey I 1A7 Lecture Theatre","layer":"universities","note":"OpenStreetMap","osm_id":"node/7810596077","osm_url":"https://www.openstreetmap.org/node/7810596077","source":"OpenStreetMap"}},{"type":"Feature","geometry":{"type":"Point","coordinates":[-0.0870049,50.8653153]},"properties":{"name":"Pevensey I 1A6 Lecture Theatre","layer":"universities","note":"OpenStreetMap","osm_id":"node/7810596078","osm_url":"https://www.openstreetmap.org/node/7810596078","source":"OpenStreetMap"}},{"type":"Feature","geometry":{"type":"Point","coordinates":[-0.0873436,50.8662017]},"properties":{"name":"Shawcross AS1 and AS2 Lecture Theatres","layer":"universities","note":"OpenStreetMap","osm_id":"node/7810596079","osm_url":"https://www.openstreetmap.org/node/7810596079","source":"OpenStreetMap"}},{"type":"Feature","geometry":{"type":"Point","coordinates":[-0.0888051,50.8660804]},"properties":{"name":"Arts A05 Lecture Theatre","layer":"universities","note":"OpenStreetMap","osm_id":"node/7810596082","osm_url":"https://www.openstreetmap.org/node/7810596082","source":"OpenStreetMap"}},{"type":"Feature","geometry":{"type":"Point","coordinates":[-0.0888277,50.8669511]},"properties":{"name":"Arts C133 Lecture Theatre","layer":"universities","note":"OpenStreetMap","osm_id":"node/7810650942","osm_url":"https://www.openstreetmap.org/node/7810650942","source":"OpenStreetMap"}},{"type":"Feature","geometry":{"type":"Point","coordinates":[-0.0897224,50.866748]},"properties":{"name":"Silverstone SB121 Lecture Theatre","layer":"universities","note":"OpenStreetMap","osm_id":"node/7810650943","osm_url":"https://www.openstreetmap.org/node/7810650943","source":"OpenStreetMap"}},{"type":"Feature","geometry":{"type":"Point","coordinates":[-0.0898812,50.8667385]},"properties":{"name":"Silverstone SB309 Lecture Theatre","layer":"universities","note":"OpenStreetMap","osm_id":"node/7810650944","osm_url":"https://www.openstreetmap.org/node/7810650944","source":"OpenStreetMap"}},{"type":"Feature","geometry":{"type":"Point","coordinates":[-0.0898469,50.8672707]},"properties":{"name":"Jubilee 144 Lecture Theatre","layer":"universities","note":"OpenStreetMap","osm_id":"node/7810650945","osm_url":"https://www.openstreetmap.org/node/7810650945","source":"OpenStreetMap"}},{"type":"Feature","geometry":{"type":"Point","coordinates":[-0.0864868,50.866315]},"properties":{"name":"Richmond AS03 Lecture Theatre","layer":"universities","note":"OpenStreetMap","osm_id":"node/7810672148","osm_url":"https://www.openstreetmap.org/node/7810672148","source":"OpenStreetMap"}},{"type":"Feature","geometry":{"type":"Point","coordinates":[-0.0870845,50.8673277]},"properties":{"name":"Fulton LT-A Lecture Theatre","layer":"universities","note":"OpenStreetMap","osm_id":"node/7810672149","osm_url":"https://www.openstreetmap.org/node/7810672149","source":"OpenStreetMap"}},{"type":"Feature","geometry":{"type":"Point","coordinates":[-0.0873559,50.8672949]},"properties":{"name":"Fulton LT-B Lecture Theatre","layer":"universities","note":"OpenStreetMap","osm_id":"node/7810672150","osm_url":"https://www.openstreetmap.org/node/7810672150","source":"OpenStreetMap"}},{"type":"Feature","geometry":{"type":"Point","coordinates":[-0.1314497,51.5239773]},"properties":{"name":"Dr. William's Trust","layer":"universities","note":"OpenStreetMap","osm_id":"node/7884931532","osm_url":"https://www.openstreetmap.org/node/7884931532","source":"OpenStreetMap"}},{"type":"Feature","geometry":{"type":"Point","coordinates":[-0.1314691,51.5239976]},"properties":{"name":"Royal Institute of Philosophy","layer":"universities","note":"OpenStreetMap","osm_id":"node/7884931533","osm_url":"https://www.openstreetmap.org/node/7884931533","source":"OpenStreetMap"}},{"type":"Feature","geometry":{"type":"Point","coordinates":[-0.1344226,51.5249966]},"properties":{"name":"Slade School of Fine Art","layer":"universities","note":"OpenStreetMap","osm_id":"node/7908711238","osm_url":"https://www.openstreetmap.org/node/7908711238","source":"OpenStreetMap"}},{"type":"Feature","geometry":{"type":"Point","coordinates":[-0.1328495,51.5251476]},"properties":{"name":"Clubs and Societies Centre","layer":"universities","note":"Students' Union UCL","osm_id":"node/7921311812","osm_url":"https://www.openstreetmap.org/node/7921311812","source":"OpenStreetMap","brand":"Students' Union UCL"}},{"type":"Feature","geometry":{"type":"Point","coordinates":[-0.1327381,51.5234187]},"properties":{"name":"UCL Science Library","layer":"universities","note":"OpenStreetMap","osm_id":"node/7921311855","osm_url":"https://www.openstreetmap.org/node/7921311855","source":"OpenStreetMap"}},{"type":"Feature","geometry":{"type":"Point","coordinates":[-0.1319509,51.5238442]},"properties":{"name":"Engineering Hub","layer":"universities","note":"UCL","osm_id":"node/7921311893","osm_url":"https://www.openstreetmap.org/node/7921311893","source":"OpenStreetMap","brand":"UCL"}},{"type":"Feature","geometry":{"type":"Point","coordinates":[-0.0904216,51.5162648]},"properties":{"name":"University of Chicago Booth School of Business","layer":"universities","note":"OpenStreetMap","osm_id":"node/803653271","osm_url":"https://www.openstreetmap.org/node/803653271","source":"OpenStreetMap"}},{"type":"Feature","geometry":{"type":"Point","coordinates":[1.0675079,51.2958763]},"properties":{"name":"Kent Students' Union Advice Service","layer":"universities","note":"OpenStreetMap","osm_id":"node/804160904","osm_url":"https://www.openstreetmap.org/node/804160904","source":"OpenStreetMap"}},{"type":"Feature","geometry":{"type":"Point","coordinates":[-1.5824185,53.818664]},"properties":{"name":"Carnegie Pavilion","layer":"universities","note":"OpenStreetMap","osm_id":"node/8111995275","osm_url":"https://www.openstreetmap.org/node/8111995275","source":"OpenStreetMap"}},{"type":"Feature","geometry":{"type":"Point","coordinates":[-0.1273144,51.5224127]},"properties":{"name":"British Institute of International and Comparative Law","layer":"universities","note":"OpenStreetMap","osm_id":"node/8140084673","osm_url":"https://www.openstreetmap.org/node/8140084673","source":"OpenStreetMap"}},{"type":"Feature","geometry":{"type":"Point","coordinates":[-0.1287957,51.5238505]},"properties":{"name":"UCL Psychology","layer":"universities","note":"OpenStreetMap","osm_id":"node/8140084697","osm_url":"https://www.openstreetmap.org/node/8140084697","source":"OpenStreetMap"}},{"type":"Feature","geometry":{"type":"Point","coordinates":[-0.128917,51.5238501]},"properties":{"name":"UCL Centre for Languages & International Education","layer":"universities","note":"OpenStreetMap","osm_id":"node/8140084698","osm_url":"https://www.openstreetmap.org/node/8140084698","source":"OpenStreetMap"}},{"type":"Feature","geometry":{"type":"Point","coordinates":[-0.1290143,51.5240144]},"properties":{"name":"UCL Geography","layer":"universities","note":"OpenStreetMap","osm_id":"node/8140084699","osm_url":"https://www.openstreetmap.org/node/8140084699","source":"OpenStreetMap"}},{"type":"Feature","geometry":{"type":"Point","coordinates":[-0.1298022,51.5227632]},"properties":{"name":"Babylab","layer":"universities","note":"OpenStreetMap","osm_id":"node/8166172693","osm_url":"https://www.openstreetmap.org/node/8166172693","source":"OpenStreetMap"}},{"type":"Feature","geometry":{"type":"Point","coordinates":[-0.1296701,51.5228162]},"properties":{"name":"The Wolfson Institute for Brain Function & Development","layer":"universities","note":"OpenStreetMap","osm_id":"node/8166172696","osm_url":"https://www.openstreetmap.org/node/8166172696","source":"OpenStreetMap"}},{"type":"Feature","geometry":{"type":"Point","coordinates":[-0.1317608,51.5214444]},"properties":{"name":"Humanities Research Unit","layer":"universities","note":"University of Buckingham","osm_id":"node/8169118747","osm_url":"https://www.openstreetmap.org/node/8169118747","source":"OpenStreetMap","brand":"University of Buckingham"}},{"type":"Feature","geometry":{"type":"Point","coordinates":[-0.1317789,51.5214047]},"properties":{"name":"Institute of Sports Humanities","layer":"universities","note":"University of Buckingham","osm_id":"node/8169118748","osm_url":"https://www.openstreetmap.org/node/8169118748","source":"OpenStreetMap","brand":"University of Buckingham"}},{"type":"Feature","geometry":{"type":"Point","coordinates":[-0.1322933,51.5241292]},"properties":{"name":"MRC Laboratory for Molecular Cell Biology","layer":"universities","note":"UCL","osm_id":"node/8170292843","osm_url":"https://www.openstreetmap.org/node/8170292843","source":"OpenStreetMap","brand":"UCL"}},{"type":"Feature","geometry":{"type":"Point","coordinates":[-0.132485,51.5240474]},"properties":{"name":"Division of Biosciences Laboratories","layer":"universities","note":"UCL","osm_id":"node/8170292844","osm_url":"https://www.openstreetmap.org/node/8170292844","source":"OpenStreetMap","brand":"UCL"}},{"type":"Feature","geometry":{"type":"Point","coordinates":[-0.1328491,51.5240904]},"properties":{"name":"Molecular and Cellular Neuroscience Laboratories","layer":"universities","note":"UCL","osm_id":"node/8170292845","osm_url":"https://www.openstreetmap.org/node/8170292845","source":"OpenStreetMap","brand":"UCL"}},{"type":"Feature","geometry":{"type":"Point","coordinates":[-0.1707824,51.4869536]},"properties":{"name":"National Heart and Lung Institute","layer":"universities","note":"OpenStreetMap","osm_id":"node/8287236857","osm_url":"https://www.openstreetmap.org/node/8287236857","source":"OpenStreetMap"}},{"type":"Feature","geometry":{"type":"Point","coordinates":[-1.5915056,53.8275128]},"properties":{"name":"Reception/Helpzone","layer":"universities","note":"OpenStreetMap","osm_id":"node/833741582","osm_url":"https://www.openstreetmap.org/node/833741582","source":"OpenStreetMap"}},{"type":"Feature","geometry":{"type":"Point","coordinates":[-0.1777467,51.4362257]},"properties":{"name":"Horton Halls Reception","layer":"universities","note":"OpenStreetMap","osm_id":"node/9084135700","osm_url":"https://www.openstreetmap.org/node/9084135700","source":"OpenStreetMap"}},{"type":"Feature","geometry":{"type":"Point","coordinates":[-0.2412126,51.5960183]},"properties":{"name":"Flood Hazard Research Centre","layer":"universities","note":"Middlesex University","osm_id":"node/9173377581","osm_url":"https://www.openstreetmap.org/node/9173377581","source":"OpenStreetMap","brand":"Middlesex University"}},{"type":"Feature","geometry":{"type":"Point","coordinates":[-1.5635183,52.3808638]},"properties":{"name":"Centre for Interdisciplinary Methodologies","layer":"universities","note":"University of Warwick","osm_id":"node/9314752320","osm_url":"https://www.openstreetmap.org/node/9314752320","source":"OpenStreetMap","brand":"University of Warwick"}},{"type":"Feature","geometry":{"type":"Point","coordinates":[-2.8937075,53.1990089]},"properties":{"name":"University of Chester","layer":"universities","note":"OpenStreetMap","osm_id":"node/937872043","osm_url":"https://www.openstreetmap.org/node/937872043","source":"OpenStreetMap"}},{"type":"Feature","geometry":{"type":"Point","coordinates":[-0.1699693,51.5471542]},"properties":{"name":"Central Belsize Square","layer":"universities","note":"The Royal Central School of Speech and Drama","osm_id":"node/9395506360","osm_url":"https://www.openstreetmap.org/node/9395506360","source":"OpenStreetMap","brand":"The Royal Central School of Speech and Drama"}},{"type":"Feature","geometry":{"type":"Point","coordinates":[-3.2981974,58.9626486]},"properties":{"name":"Robert Gordon University Orkney Project","layer":"universities","note":"OpenStreetMap","osm_id":"node/9528336791","osm_url":"https://www.openstreetmap.org/node/9528336791","source":"OpenStreetMap"}},{"type":"Feature","geometry":{"type":"Point","coordinates":[-0.1231557,51.5218458]},"properties":{"name":"Wellcome Centre for Human Neuroimaging","layer":"universities","note":"UCL Queen Square Institute of Neurology","osm_id":"node/9702416319","osm_url":"https://www.openstreetmap.org/node/9702416319","source":"OpenStreetMap","brand":"UCL Queen Square Institute of Neurology"}},{"type":"Feature","geometry":{"type":"Point","coordinates":[-1.5476213,53.8012316]},"properties":{"name":"Northern Film School","layer":"universities","note":"OpenStreetMap","osm_id":"node/983913370","osm_url":"https://www.openstreetmap.org/node/983913370","source":"OpenStreetMap"}},{"type":"Feature","geometry":{"type":"Point","coordinates":[-5.1332787,55.5305267]},"properties":{"name":"Argyll College UHI - Arran Centre","layer":"universities","note":"OpenStreetMap","osm_id":"node/9991197896","osm_url":"https://www.openstreetmap.org/node/9991197896","source":"OpenStreetMap"}},{"type":"Feature","geometry":{"type":"Point","coordinates":[-3.298727,58.9614448]},"properties":{"name":"Orkney College UHI - Maritime Studies","layer":"universities","note":"OpenStreetMap","osm_id":"node/9991197898","osm_url":"https://www.openstreetmap.org/node/9991197898","source":"OpenStreetMap"}},{"type":"Feature","geometry":{"type":"Point","coordinates":[-1.8952781,50.7420441]},"properties":{"name":"Bournemouth University (Talbot Campus)","layer":"universities","note":"Bournemouth University","osm_id":"way/100293078","osm_url":"https://www.openstreetmap.org/way/100293078","source":"OpenStreetMap","brand":"Bournemouth University"}},{"type":"Feature","geometry":{"type":"Point","coordinates":[0.1229642,52.2080694]},"properties":{"name":"Westcott House","layer":"universities","note":"Westcott House","osm_id":"way/100334159","osm_url":"https://www.openstreetmap.org/way/100334159","source":"OpenStreetMap","brand":"Westcott House"}},{"type":"Feature","geometry":{"type":"Point","coordinates":[-0.9934511,51.9971824]},"properties":{"name":"Innovate Site","layer":"universities","note":"University of Buckingham","osm_id":"way/100490247","osm_url":"https://www.openstreetmap.org/way/100490247","source":"OpenStreetMap","brand":"University of Buckingham"}},{"type":"Feature","geometry":{"type":"Point","coordinates":[-3.1844461,55.9467218]},"properties":{"name":"The Royal College of Surgeons of Edinburgh","layer":"universities","note":"OpenStreetMap","osm_id":"way/1007837718","osm_url":"https://www.openstreetmap.org/way/1007837718","source":"OpenStreetMap"}},{"type":"Feature","geometry":{"type":"Point","coordinates":[-0.9611137,51.449758]},"properties":{"name":"University of Reading, London Road Campus","layer":"universities","note":"University of Reading","osm_id":"way/101290810","osm_url":"https://www.openstreetmap.org/way/101290810","source":"OpenStreetMap","brand":"University of Reading"}},{"type":"Feature","geometry":{"type":"Point","coordinates":[-0.1146718,51.530176]},"properties":{"name":"University","layer":"universities","note":"OpenStreetMap","osm_id":"way/1013823852","osm_url":"https://www.openstreetmap.org/way/1013823852","source":"OpenStreetMap"}},{"type":"Feature","geometry":{"type":"Point","coordinates":[-0.1141505,51.5300942]},"properties":{"name":"University","layer":"universities","note":"OpenStreetMap","osm_id":"way/1013826272","osm_url":"https://www.openstreetmap.org/way/1013826272","source":"OpenStreetMap"}},{"type":"Feature","geometry":{"type":"Point","coordinates":[-0.6713667,52.8799895]},"properties":{"name":"Harlaxton College","layer":"universities","note":"OpenStreetMap","osm_id":"way/101695815","osm_url":"https://www.openstreetmap.org/way/101695815","source":"OpenStreetMap"}},{"type":"Feature","geometry":{"type":"Point","coordinates":[-1.3096165,51.0656501]},"properties":{"name":"Winchester School of Art","layer":"universities","note":"University of Southampton","osm_id":"way/102011504","osm_url":"https://www.openstreetmap.org/way/102011504","source":"OpenStreetMap","brand":"University of Southampton"}},{"type":"Feature","geometry":{"type":"Point","coordinates":[-3.1965487,55.9548882]},"properties":{"name":"Royal College of Physicians of Edinburgh","layer":"universities","note":"OpenStreetMap","osm_id":"way/1020272406","osm_url":"https://www.openstreetmap.org/way/1020272406","source":"OpenStreetMap"}},{"type":"Feature","geometry":{"type":"Point","coordinates":[-0.2423103,51.6133339]},"properties":{"name":"UCL Observatory","layer":"universities","note":"OpenStreetMap","osm_id":"way/102274505","osm_url":"https://www.openstreetmap.org/way/102274505","source":"OpenStreetMap"}},{"type":"Feature","geometry":{"type":"Point","coordinates":[-0.1065337,51.5056716]},"properties":{"name":"Central School Of Ballet","layer":"universities","note":"OpenStreetMap","osm_id":"way/1026364491","osm_url":"https://www.openstreetmap.org/way/1026364491","source":"OpenStreetMap"}},{"type":"Feature","geometry":{"type":"Point","coordinates":[-1.4001873,50.9086514]},"properties":{"name":"Solent University","layer":"universities","note":"Solent University","osm_id":"way/102693104","osm_url":"https://www.openstreetmap.org/way/102693104","source":"OpenStreetMap","brand":"Solent University"}},{"type":"Feature","geometry":{"type":"Point","coordinates":[-6.2391907,53.3422006]},"properties":{"name":"The Lir","layer":"universities","note":"OpenStreetMap","osm_id":"way/102694981","osm_url":"https://www.openstreetmap.org/way/102694981","source":"OpenStreetMap"}},{"type":"Feature","geometry":{"type":"Point","coordinates":[-5.9314294,54.5850985]},"properties":{"name":"Union Theological College","layer":"universities","note":"OpenStreetMap","osm_id":"way/10289248","osm_url":"https://www.openstreetmap.org/way/10289248","source":"OpenStreetMap"}},{"type":"Feature","geometry":{"type":"Point","coordinates":[-1.2512495,51.7558705]},"properties":{"name":"Department of International Development","layer":"universities","note":"University of Oxford","osm_id":"way/103138664","osm_url":"https://www.openstreetmap.org/way/103138664","source":"OpenStreetMap","brand":"University of Oxford"}},{"type":"Feature","geometry":{"type":"Point","coordinates":[-1.2475113,51.7571782]},"properties":{"name":"University","layer":"universities","note":"University of Oxford","osm_id":"way/103138674","osm_url":"https://www.openstreetmap.org/way/103138674","source":"OpenStreetMap","brand":"University of Oxford"}},{"type":"Feature","geometry":{"type":"Point","coordinates":[1.2949906,52.6306221]},"properties":{"name":"Norwich University of the Arts (NUA)","layer":"universities","note":"OpenStreetMap","osm_id":"way/103337944","osm_url":"https://www.openstreetmap.org/way/103337944","source":"OpenStreetMap"}},{"type":"Feature","geometry":{"type":"Point","coordinates":[-1.2613071,51.7633177]},"properties":{"name":"Faculty of History","layer":"universities","note":"University of Oxford","osm_id":"way/1041210965","osm_url":"https://www.openstreetmap.org/way/1041210965","source":"OpenStreetMap","brand":"University of Oxford"}},{"type":"Feature","geometry":{"type":"Point","coordinates":[-1.5766155,54.7626496]},"properties":{"name":"Collingwood College","layer":"universities","note":"Durham University","osm_id":"way/104162216","osm_url":"https://www.openstreetmap.org/way/104162216","source":"OpenStreetMap","brand":"Durham University"}},{"type":"Feature","geometry":{"type":"Point","coordinates":[-1.5796189,54.7648251]},"properties":{"name":"Trevelyan College","layer":"universities","note":"Durham University","osm_id":"way/104162222","osm_url":"https://www.openstreetmap.org/way/104162222","source":"OpenStreetMap","brand":"Durham University"}},{"type":"Feature","geometry":{"type":"Point","coordinates":[-1.5788188,54.766798]},"properties":{"name":"St Mary's College","layer":"universities","note":"Durham University","osm_id":"way/104162245","osm_url":"https://www.openstreetmap.org/way/104162245","source":"OpenStreetMap","brand":"Durham University"}},{"type":"Feature","geometry":{"type":"Point","coordinates":[-1.5756675,54.764468]},"properties":{"name":"Grey College","layer":"universities","note":"Durham University","osm_id":"way/104162249","osm_url":"https://www.openstreetmap.org/way/104162249","source":"OpenStreetMap","brand":"Durham University"}},{"type":"Feature","geometry":{"type":"Point","coordinates":[-1.5835873,54.7643254]},"properties":{"name":"St Aidan's College","layer":"universities","note":"Durham University","osm_id":"way/104162254","osm_url":"https://www.openstreetmap.org/way/104162254","source":"OpenStreetMap","brand":"Durham University"}},{"type":"Feature","geometry":{"type":"Point","coordinates":[-1.5759777,54.7753118]},"properties":{"name":"University College","layer":"universities","note":"Durham University","osm_id":"way/104162261","osm_url":"https://www.openstreetmap.org/way/104162261","source":"OpenStreetMap","brand":"Durham University"}},{"type":"Feature","geometry":{"type":"Point","coordinates":[-1.5813829,54.7629623]},"properties":{"name":"Van Mildert College","layer":"universities","note":"Durham University","osm_id":"way/104162270","osm_url":"https://www.openstreetmap.org/way/104162270","source":"OpenStreetMap","brand":"Durham University"}},{"type":"Feature","geometry":{"type":"Point","coordinates":[-0.0129233,51.5415867]},"properties":{"name":"London College of Fashion","layer":"universities","note":"University of the Arts London","osm_id":"way/1042201706","osm_url":"https://www.openstreetmap.org/way/1042201706","source":"OpenStreetMap","brand":"University of the Arts London"}},{"type":"Feature","geometry":{"type":"Point","coordinates":[-2.6050898,51.4607176]},"properties":{"name":"Arts/Humanities","layer":"universities","note":"University of Bristol","osm_id":"way/104325858","osm_url":"https://www.openstreetmap.org/way/104325858","source":"OpenStreetMap","brand":"University of Bristol"}},{"type":"Feature","geometry":{"type":"Point","coordinates":[-9.0675779,53.2893586]},"properties":{"name":"University of Galway - North Campus","layer":"universities","note":"Ollscoil na Gaillimhe - University of Galway","osm_id":"way/1055818260","osm_url":"https://www.openstreetmap.org/way/1055818260","source":"OpenStreetMap","brand":"Ollscoil na Gaillimhe - University of Galway"}},{"type":"Feature","geometry":{"type":"Point","coordinates":[-9.0603329,53.2791578]},"properties":{"name":"University of Galway - South Campus","layer":"universities","note":"Ollscoil na Gaillimhe - University of Galway","osm_id":"way/1055820377","osm_url":"https://www.openstreetmap.org/way/1055820377","source":"OpenStreetMap","brand":"Ollscoil na Gaillimhe - University of Galway"}},{"type":"Feature","geometry":{"type":"Point","coordinates":[-9.0643143,53.284131]},"properties":{"name":"University of Galway - Central Campus","layer":"universities","note":"Ollscoil na Gaillimhe - University of Galway","osm_id":"way/1055820378","osm_url":"https://www.openstreetmap.org/way/1055820378","source":"OpenStreetMap","brand":"Ollscoil na Gaillimhe - University of Galway"}},{"type":"Feature","geometry":{"type":"Point","coordinates":[-1.0479937,53.9472841]},"properties":{"name":"Derwent Provosts' Garden","layer":"universities","note":"OpenStreetMap","osm_id":"way/1062641070","osm_url":"https://www.openstreetmap.org/way/1062641070","source":"OpenStreetMap"}},{"type":"Feature","geometry":{"type":"Point","coordinates":[-2.243883,51.8658288]},"properties":{"name":"University of Gloucestershire City Campus","layer":"universities","note":"OpenStreetMap","osm_id":"way/106919464","osm_url":"https://www.openstreetmap.org/way/106919464","source":"OpenStreetMap"}},{"type":"Feature","geometry":{"type":"Point","coordinates":[-9.0666063,53.2812077]},"properties":{"name":"School of Natural Sciences Facility","layer":"universities","note":"University of Galway","osm_id":"way/1080108689","osm_url":"https://www.openstreetmap.org/way/1080108689","source":"OpenStreetMap","brand":"University of Galway"}},{"type":"Feature","geometry":{"type":"Point","coordinates":[-6.262767,53.3409393]},"properties":{"name":"TU Dublin - Conservatory of Music and Drama","layer":"universities","note":"Technological University Dublin","osm_id":"way/1084322029","osm_url":"https://www.openstreetmap.org/way/1084322029","source":"OpenStreetMap","brand":"Technological University Dublin"}},{"type":"Feature","geometry":{"type":"Point","coordinates":[-6.2450591,53.3394536]},"properties":{"name":"UCD Perinatal Research Centre - temporarily closed","layer":"universities","note":"University College Dublin","osm_id":"way/1086505082","osm_url":"https://www.openstreetmap.org/way/1086505082","source":"OpenStreetMap","brand":"University College Dublin"}},{"type":"Feature","geometry":{"type":"Point","coordinates":[-0.0923647,51.5195425]},"properties":{"name":"Guildhall School of Music and Drama","layer":"universities","note":"OpenStreetMap","osm_id":"way/108898602","osm_url":"https://www.openstreetmap.org/way/108898602","source":"OpenStreetMap"}},{"type":"Feature","geometry":{"type":"Point","coordinates":[-7.1151528,52.2627279]},"properties":{"name":"South East Technological University - Granary Campus","layer":"universities","note":"South East Technnological University","osm_id":"way/1091661731","osm_url":"https://www.openstreetmap.org/way/1091661731","source":"OpenStreetMap","brand":"South East Technnological University"}},{"type":"Feature","geometry":{"type":"Point","coordinates":[-2.07269,52.8135627]},"properties":{"name":"Staffordshire University Blackheath Lane Site","layer":"universities","note":"OpenStreetMap","osm_id":"way/109560997","osm_url":"https://www.openstreetmap.org/way/109560997","source":"OpenStreetMap"}},{"type":"Feature","geometry":{"type":"Point","coordinates":[-1.883841,52.485074]},"properties":{"name":"Birmingham City University","layer":"universities","note":"OpenStreetMap","osm_id":"way/1102893551","osm_url":"https://www.openstreetmap.org/way/1102893551","source":"OpenStreetMap"}},{"type":"Feature","geometry":{"type":"Point","coordinates":[-1.2551551,51.7550224]},"properties":{"name":"Weston Library","layer":"universities","note":"University of Oxford","osm_id":"way/110348115","osm_url":"https://www.openstreetmap.org/way/110348115","source":"OpenStreetMap","brand":"University of Oxford"}},{"type":"Feature","geometry":{"type":"Point","coordinates":[-0.1346974,51.5219012]},"properties":{"name":"University","layer":"universities","note":"OpenStreetMap","osm_id":"way/1113340301","osm_url":"https://www.openstreetmap.org/way/1113340301","source":"OpenStreetMap"}},{"type":"Feature","geometry":{"type":"Point","coordinates":[-0.135878,51.5231251]},"properties":{"name":"University","layer":"universities","note":"OpenStreetMap","osm_id":"way/1114959176","osm_url":"https://www.openstreetmap.org/way/1114959176","source":"OpenStreetMap"}},{"type":"Feature","geometry":{"type":"Point","coordinates":[-2.9331805,54.9055264]},"properties":{"name":"University","layer":"universities","note":"OpenStreetMap","osm_id":"way/1117611135","osm_url":"https://www.openstreetmap.org/way/1117611135","source":"OpenStreetMap"}},{"type":"Feature","geometry":{"type":"Point","coordinates":[-1.2611484,51.760903]},"properties":{"name":"Keble College Acland Site","layer":"universities","note":"Keble College","osm_id":"way/111843917","osm_url":"https://www.openstreetmap.org/way/111843917","source":"OpenStreetMap","brand":"Keble College"}},{"type":"Feature","geometry":{"type":"Point","coordinates":[0.0103567,51.1742458]},"properties":{"name":"St Piers College","layer":"universities","note":"Young Epilepsy","osm_id":"way/1124317345","osm_url":"https://www.openstreetmap.org/way/1124317345","source":"OpenStreetMap","brand":"Young Epilepsy"}},{"type":"Feature","geometry":{"type":"Point","coordinates":[-1.2497546,51.7531287]},"properties":{"name":"St Edmund Hall","layer":"universities","note":"OpenStreetMap","osm_id":"way/112466246","osm_url":"https://www.openstreetmap.org/way/112466246","source":"OpenStreetMap"}},{"type":"Feature","geometry":{"type":"Point","coordinates":[-0.6553758,53.5812562]},"properties":{"name":"University campus North Lincolnshire","layer":"universities","note":"OpenStreetMap","osm_id":"way/112471063","osm_url":"https://www.openstreetmap.org/way/112471063","source":"OpenStreetMap"}},{"type":"Feature","geometry":{"type":"Point","coordinates":[-1.2513865,51.7520929]},"properties":{"name":"University College","layer":"universities","note":"OpenStreetMap","osm_id":"way/112557739","osm_url":"https://www.openstreetmap.org/way/112557739","source":"OpenStreetMap"}},{"type":"Feature","geometry":{"type":"Point","coordinates":[0.104246,52.2040203]},"properties":{"name":"Clare Hall (University of Cambridge)","layer":"universities","note":"Clare Hall (University of Cambridge)","osm_id":"way/112682568","osm_url":"https://www.openstreetmap.org/way/112682568","source":"OpenStreetMap","brand":"Clare Hall (University of Cambridge)"}},{"type":"Feature","geometry":{"type":"Point","coordinates":[0.1108269,52.1999744]},"properties":{"name":"Ridley Hall Theological College","layer":"universities","note":"Ridley Hall","osm_id":"way/112683014","osm_url":"https://www.openstreetmap.org/way/112683014","source":"OpenStreetMap","brand":"Ridley Hall"}},{"type":"Feature","geometry":{"type":"Point","coordinates":[-1.2569015,51.7553521]},"properties":{"name":"Trinity College","layer":"universities","note":"OpenStreetMap","osm_id":"way/113575673","osm_url":"https://www.openstreetmap.org/way/113575673","source":"OpenStreetMap"}},{"type":"Feature","geometry":{"type":"Point","coordinates":[-1.2548107,51.7519873]},"properties":{"name":"University","layer":"universities","note":"Oriel College","osm_id":"way/113604822","osm_url":"https://www.openstreetmap.org/way/113604822","source":"OpenStreetMap","brand":"Oriel College"}},{"type":"Feature","geometry":{"type":"Point","coordinates":[-1.2611022,51.7580586]},"properties":{"name":"University","layer":"universities","note":"OpenStreetMap","osm_id":"way/113720960","osm_url":"https://www.openstreetmap.org/way/113720960","source":"OpenStreetMap"}},{"type":"Feature","geometry":{"type":"Point","coordinates":[-1.2541126,51.7562267]},"properties":{"name":"Wadham College","layer":"universities","note":"OpenStreetMap","osm_id":"way/113969414","osm_url":"https://www.openstreetmap.org/way/113969414","source":"OpenStreetMap"}},{"type":"Feature","geometry":{"type":"Point","coordinates":[-1.252883,51.7533091]},"properties":{"name":"All Souls College","layer":"universities","note":"OpenStreetMap","osm_id":"way/113969416","osm_url":"https://www.openstreetmap.org/way/113969416","source":"OpenStreetMap"}},{"type":"Feature","geometry":{"type":"Point","coordinates":[-1.2547757,51.7542502]},"properties":{"name":"University","layer":"universities","note":"University of Oxford","osm_id":"way/114320051","osm_url":"https://www.openstreetmap.org/way/114320051","source":"OpenStreetMap","brand":"University of Oxford"}},{"type":"Feature","geometry":{"type":"Point","coordinates":[-1.0514017,53.9405626]},"properties":{"name":"22 Acres","layer":"universities","note":"OpenStreetMap","osm_id":"way/114797975","osm_url":"https://www.openstreetmap.org/way/114797975","source":"OpenStreetMap"}},{"type":"Feature","geometry":{"type":"Point","coordinates":[-0.0902444,53.553832]},"properties":{"name":"University Centre (University of Hull)","layer":"universities","note":"OpenStreetMap","osm_id":"way/114962315","osm_url":"https://www.openstreetmap.org/way/114962315","source":"OpenStreetMap"}},{"type":"Feature","geometry":{"type":"Point","coordinates":[-1.0311744,53.9483849]},"properties":{"name":"Goodricke College","layer":"universities","note":"OpenStreetMap","osm_id":"way/115601199","osm_url":"https://www.openstreetmap.org/way/115601199","source":"OpenStreetMap"}},{"type":"Feature","geometry":{"type":"Point","coordinates":[-1.056659,53.9447681]},"properties":{"name":"James College","layer":"universities","note":"OpenStreetMap","osm_id":"way/115666116","osm_url":"https://www.openstreetmap.org/way/115666116","source":"OpenStreetMap"}},{"type":"Feature","geometry":{"type":"Point","coordinates":[-1.0497796,53.9496647]},"properties":{"name":"Alcuin College","layer":"universities","note":"OpenStreetMap","osm_id":"way/115670785","osm_url":"https://www.openstreetmap.org/way/115670785","source":"OpenStreetMap"}},{"type":"Feature","geometry":{"type":"Point","coordinates":[-1.0469286,53.9415633]},"properties":{"name":"Halifax College","layer":"universities","note":"OpenStreetMap","osm_id":"way/115670789","osm_url":"https://www.openstreetmap.org/way/115670789","source":"OpenStreetMap"}},{"type":"Feature","geometry":{"type":"Point","coordinates":[-1.0584246,53.9457548]},"properties":{"name":"Wentworth College","layer":"universities","note":"OpenStreetMap","osm_id":"way/115670792","osm_url":"https://www.openstreetmap.org/way/115670792","source":"OpenStreetMap"}},{"type":"Feature","geometry":{"type":"Point","coordinates":[-1.028201,53.9485125]},"properties":{"name":"Langwith College","layer":"universities","note":"OpenStreetMap","osm_id":"way/115841394","osm_url":"https://www.openstreetmap.org/way/115841394","source":"OpenStreetMap"}},{"type":"Feature","geometry":{"type":"Point","coordinates":[-1.0201641,53.9521598]},"properties":{"name":"University","layer":"universities","note":"OpenStreetMap","osm_id":"way/1161788116","osm_url":"https://www.openstreetmap.org/way/1161788116","source":"OpenStreetMap"}},{"type":"Feature","geometry":{"type":"Point","coordinates":[-9.812496,53.321118]},"properties":{"name":"Áras Shorcha Ní Ghuairim","layer":"universities","note":"An tAcadamh","osm_id":"way/1164490095","osm_url":"https://www.openstreetmap.org/way/1164490095","source":"OpenStreetMap","brand":"An tAcadamh"}},{"type":"Feature","geometry":{"type":"Point","coordinates":[-6.9436946,52.8159577]},"properties":{"name":"South East Technological University - South Sports Campus","layer":"universities","note":"South East Technological University","osm_id":"way/1168931542","osm_url":"https://www.openstreetmap.org/way/1168931542","source":"OpenStreetMap","brand":"South East Technological University"}},{"type":"Feature","geometry":{"type":"Point","coordinates":[-1.3965789,50.9354651]},"properties":{"name":"Highfield Campus","layer":"universities","note":"University of Southampton","osm_id":"way/1170405958","osm_url":"https://www.openstreetmap.org/way/1170405958","source":"OpenStreetMap","brand":"University of Southampton"}},{"type":"Feature","geometry":{"type":"Point","coordinates":[-1.9115059,52.4862999]},"properties":{"name":"Birmingham City University School of Jewellery","layer":"universities","note":"OpenStreetMap","osm_id":"way/117069029","osm_url":"https://www.openstreetmap.org/way/117069029","source":"OpenStreetMap"}},{"type":"Feature","geometry":{"type":"Point","coordinates":[0.0027833,51.5433147]},"properties":{"name":"University of East London","layer":"universities","note":"OpenStreetMap","osm_id":"way/117393031","osm_url":"https://www.openstreetmap.org/way/117393031","source":"OpenStreetMap"}},{"type":"Feature","geometry":{"type":"Point","coordinates":[-1.1441119,52.6253044]},"properties":{"name":"University","layer":"universities","note":"OpenStreetMap","osm_id":"way/1181452444","osm_url":"https://www.openstreetmap.org/way/1181452444","source":"OpenStreetMap"}},{"type":"Feature","geometry":{"type":"Point","coordinates":[-1.9166531,53.2602211]},"properties":{"name":"University of Derby, Buxton","layer":"universities","note":"University of Derby","osm_id":"way/118355113","osm_url":"https://www.openstreetmap.org/way/118355113","source":"OpenStreetMap","brand":"University of Derby"}},{"type":"Feature","geometry":{"type":"Point","coordinates":[-1.8980896,50.7410786]},"properties":{"name":"Arts University Bournemouth","layer":"universities","note":"Arts University Bournemouth","osm_id":"way/119759040","osm_url":"https://www.openstreetmap.org/way/119759040","source":"OpenStreetMap","brand":"Arts University Bournemouth"}},{"type":"Feature","geometry":{"type":"Point","coordinates":[-1.9912663,51.7080191]},"properties":{"name":"Royal Agricultural University","layer":"universities","note":"Royal Agricultural University","osm_id":"way/120389639","osm_url":"https://www.openstreetmap.org/way/120389639","source":"OpenStreetMap","brand":"Royal Agricultural University"}},{"type":"Feature","geometry":{"type":"Point","coordinates":[-1.4735493,53.3849342]},"properties":{"name":"University","layer":"universities","note":"OpenStreetMap","osm_id":"way/1206460905","osm_url":"https://www.openstreetmap.org/way/1206460905","source":"OpenStreetMap"}},{"type":"Feature","geometry":{"type":"Point","coordinates":[0.1178934,52.2015875]},"properties":{"name":"Mill Lane (Pembroke College)","layer":"universities","note":"Pembroke College (University of Cambridge)","osm_id":"way/1210815307","osm_url":"https://www.openstreetmap.org/way/1210815307","source":"OpenStreetMap","brand":"Pembroke College (University of Cambridge)"}},{"type":"Feature","geometry":{"type":"Point","coordinates":[-2.6247556,51.4770068]},"properties":{"name":"University of Bristol Contractors Office","layer":"universities","note":"OpenStreetMap","osm_id":"way/121394801","osm_url":"https://www.openstreetmap.org/way/121394801","source":"OpenStreetMap"}},{"type":"Feature","geometry":{"type":"Point","coordinates":[-2.297124,53.4730903]},"properties":{"name":"University of Salford","layer":"universities","note":"Peel","osm_id":"way/121703081","osm_url":"https://www.openstreetmap.org/way/121703081","source":"OpenStreetMap","brand":"Peel"}},{"type":"Feature","geometry":{"type":"Point","coordinates":[-0.087704,50.8587866]},"properties":{"name":"University of Brighton - Falmer campus","layer":"universities","note":"University of Brighton","osm_id":"way/122101750","osm_url":"https://www.openstreetmap.org/way/122101750","source":"OpenStreetMap","brand":"University of Brighton"}},{"type":"Feature","geometry":{"type":"Point","coordinates":[-1.4993108,53.3825003]},"properties":{"name":"University","layer":"universities","note":"OpenStreetMap","osm_id":"way/1226006520","osm_url":"https://www.openstreetmap.org/way/1226006520","source":"OpenStreetMap"}},{"type":"Feature","geometry":{"type":"Point","coordinates":[-1.0665759,53.9515207]},"properties":{"name":"Fairfax House","layer":"universities","note":"OpenStreetMap","osm_id":"way/122621736","osm_url":"https://www.openstreetmap.org/way/122621736","source":"OpenStreetMap"}},{"type":"Feature","geometry":{"type":"Point","coordinates":[-3.1927847,55.9446203]},"properties":{"name":"University of Edinburgh - Edinburgh Futures Institute","layer":"universities","note":"OpenStreetMap","osm_id":"way/1227636478","osm_url":"https://www.openstreetmap.org/way/1227636478","source":"OpenStreetMap"}},{"type":"Feature","geometry":{"type":"Point","coordinates":[-1.8921941,52.5486651]},"properties":{"name":"Maryvale Institute","layer":"universities","note":"OpenStreetMap","osm_id":"way/122931201","osm_url":"https://www.openstreetmap.org/way/122931201","source":"OpenStreetMap"}},{"type":"Feature","geometry":{"type":"Point","coordinates":[-4.2632842,55.8625066]},"properties":{"name":"Royal College of Physicians and Surgeons of Glasgow","layer":"universities","note":"OpenStreetMap","osm_id":"way/1230960285","osm_url":"https://www.openstreetmap.org/way/1230960285","source":"OpenStreetMap"}},{"type":"Feature","geometry":{"type":"Point","coordinates":[-1.0503156,53.9437831]},"properties":{"name":"Edens Court","layer":"universities","note":"University of York","osm_id":"way/123154448","osm_url":"https://www.openstreetmap.org/way/123154448","source":"OpenStreetMap","brand":"University of York"}},{"type":"Feature","geometry":{"type":"Point","coordinates":[-1.2597484,51.7626524]},"properties":{"name":"Wycliffe Hall","layer":"universities","note":"OpenStreetMap","osm_id":"way/124758998","osm_url":"https://www.openstreetmap.org/way/124758998","source":"OpenStreetMap"}},{"type":"Feature","geometry":{"type":"Point","coordinates":[-0.6463588,51.4111255]},"properties":{"name":"Imperial College Silwood Park Campus","layer":"universities","note":"Imperial College London","osm_id":"way/126226000","osm_url":"https://www.openstreetmap.org/way/126226000","source":"OpenStreetMap","brand":"Imperial College London"}},{"type":"Feature","geometry":{"type":"Point","coordinates":[-9.5994377,53.2645043]},"properties":{"name":"Áras Mháirtín Uí Chadhain","layer":"universities","note":"National University of Ireland Galway","osm_id":"way/1267506740","osm_url":"https://www.openstreetmap.org/way/1267506740","source":"OpenStreetMap","brand":"National University of Ireland Galway"}},{"type":"Feature","geometry":{"type":"Point","coordinates":[-0.2354093,52.5711553]},"properties":{"name":"ARU Peterborough","layer":"universities","note":"Anglia Ruskin University","osm_id":"way/1269323544","osm_url":"https://www.openstreetmap.org/way/1269323544","source":"OpenStreetMap","brand":"Anglia Ruskin University"}},{"type":"Feature","geometry":{"type":"Point","coordinates":[-2.1638876,53.4721996]},"properties":{"name":"UK Management College","layer":"universities","note":"OpenStreetMap","osm_id":"way/1272221338","osm_url":"https://www.openstreetmap.org/way/1272221338","source":"OpenStreetMap"}},{"type":"Feature","geometry":{"type":"Point","coordinates":[-1.4849572,52.9250883]},"properties":{"name":"University","layer":"universities","note":"OpenStreetMap","osm_id":"way/127668150","osm_url":"https://www.openstreetmap.org/way/127668150","source":"OpenStreetMap"}},{"type":"Feature","geometry":{"type":"Point","coordinates":[-2.0485308,52.5247806]},"properties":{"name":"Dudley Port School","layer":"universities","note":"Horizon","osm_id":"way/1278270203","osm_url":"https://www.openstreetmap.org/way/1278270203","source":"OpenStreetMap","brand":"Horizon"}},{"type":"Feature","geometry":{"type":"Point","coordinates":[-0.9863823,51.9885759]},"properties":{"name":"Mount Pleasant Campus","layer":"universities","note":"University of Buckingham","osm_id":"way/1278612039","osm_url":"https://www.openstreetmap.org/way/1278612039","source":"OpenStreetMap","brand":"University of Buckingham"}},{"type":"Feature","geometry":{"type":"Point","coordinates":[-1.0867903,53.96229]},"properties":{"name":"University of York Kings Manor","layer":"universities","note":"OpenStreetMap","osm_id":"way/128005302","osm_url":"https://www.openstreetmap.org/way/128005302","source":"OpenStreetMap"}},{"type":"Feature","geometry":{"type":"Point","coordinates":[-1.0811799,53.9663255]},"properties":{"name":"Design Centre","layer":"universities","note":"York St John University","osm_id":"way/128444917","osm_url":"https://www.openstreetmap.org/way/128444917","source":"OpenStreetMap","brand":"York St John University"}},{"type":"Feature","geometry":{"type":"Point","coordinates":[-1.0824955,53.9658173]},"properties":{"name":"Fountains Learning Centre","layer":"universities","note":"York St John University","osm_id":"way/128444921","osm_url":"https://www.openstreetmap.org/way/128444921","source":"OpenStreetMap","brand":"York St John University"}},{"type":"Feature","geometry":{"type":"Point","coordinates":[-1.6450997,53.8481283]},"properties":{"name":"Leeds Trinity University","layer":"universities","note":"Leeds Trinity University","osm_id":"way/128547348","osm_url":"https://www.openstreetmap.org/way/128547348","source":"OpenStreetMap","brand":"Leeds Trinity University"}},{"type":"Feature","geometry":{"type":"Point","coordinates":[-1.2604772,51.7555697]},"properties":{"name":"University","layer":"universities","note":"University of Oxford","osm_id":"way/1296636046","osm_url":"https://www.openstreetmap.org/way/1296636046","source":"OpenStreetMap","brand":"University of Oxford"}},{"type":"Feature","geometry":{"type":"Point","coordinates":[-1.2622271,51.7572888]},"properties":{"name":"University","layer":"universities","note":"University of Oxford","osm_id":"way/1302695817","osm_url":"https://www.openstreetmap.org/way/1302695817","source":"OpenStreetMap","brand":"University of Oxford"}},{"type":"Feature","geometry":{"type":"Point","coordinates":[-1.2594948,51.758839]},"properties":{"name":"Department of Statistics","layer":"universities","note":"University of Oxford","osm_id":"way/1302709821","osm_url":"https://www.openstreetmap.org/way/1302709821","source":"OpenStreetMap","brand":"University of Oxford"}},{"type":"Feature","geometry":{"type":"Point","coordinates":[-1.0791404,53.9650772]},"properties":{"name":"Phoenix","layer":"universities","note":"York St John University","osm_id":"way/130280303","osm_url":"https://www.openstreetmap.org/way/130280303","source":"OpenStreetMap","brand":"York St John University"}},{"type":"Feature","geometry":{"type":"Point","coordinates":[-1.251126,51.7540126]},"properties":{"name":"New College","layer":"universities","note":"OpenStreetMap","osm_id":"way/130536383","osm_url":"https://www.openstreetmap.org/way/130536383","source":"OpenStreetMap"}},{"type":"Feature","geometry":{"type":"Point","coordinates":[-2.0633584,51.9136625]},"properties":{"name":"Pittville Student Village","layer":"universities","note":"OpenStreetMap","osm_id":"way/130548071","osm_url":"https://www.openstreetmap.org/way/130548071","source":"OpenStreetMap"}},{"type":"Feature","geometry":{"type":"Point","coordinates":[-2.079451,51.9061294]},"properties":{"name":"Francis Close Hall","layer":"universities","note":"University of Gloucestershire","osm_id":"way/130549452","osm_url":"https://www.openstreetmap.org/way/130549452","source":"OpenStreetMap","brand":"University of Gloucestershire"}},{"type":"Feature","geometry":{"type":"Point","coordinates":[0.0965957,52.2243466]},"properties":{"name":"Crop Science Centre","layer":"universities","note":"University of Cambridge","osm_id":"way/1308667980","osm_url":"https://www.openstreetmap.org/way/1308667980","source":"OpenStreetMap","brand":"University of Cambridge"}},{"type":"Feature","geometry":{"type":"Point","coordinates":[-0.0180229,51.582839]},"properties":{"name":"University of Portsmouth Walthamstow Campus","layer":"universities","note":"OpenStreetMap","osm_id":"way/1312204542","osm_url":"https://www.openstreetmap.org/way/1312204542","source":"OpenStreetMap"}},{"type":"Feature","geometry":{"type":"Point","coordinates":[-2.0478964,52.5179477]},"properties":{"name":"University of Wolverhampton ECMS National Foundry Training Centre","layer":"universities","note":"University of Wolverhampton","osm_id":"way/1312820233","osm_url":"https://www.openstreetmap.org/way/1312820233","source":"OpenStreetMap","brand":"University of Wolverhampton"}},{"type":"Feature","geometry":{"type":"Point","coordinates":[-1.2144192,51.7663709]},"properties":{"name":"Ruskin College","layer":"universities","note":"University of West London","osm_id":"way/131323362","osm_url":"https://www.openstreetmap.org/way/131323362","source":"OpenStreetMap","brand":"University of West London"}},{"type":"Feature","geometry":{"type":"Point","coordinates":[1.0495144,51.284161]},"properties":{"name":"University","layer":"universities","note":"OpenStreetMap","osm_id":"way/1314860331","osm_url":"https://www.openstreetmap.org/way/1314860331","source":"OpenStreetMap"}},{"type":"Feature","geometry":{"type":"Point","coordinates":[-3.5514218,54.5201051]},"properties":{"name":"University of Lancashire Westlakes Campus","layer":"universities","note":"University of Lancashire","osm_id":"way/1317029410","osm_url":"https://www.openstreetmap.org/way/1317029410","source":"OpenStreetMap","brand":"University of Lancashire"}},{"type":"Feature","geometry":{"type":"Point","coordinates":[-2.8751549,53.207043]},"properties":{"name":"Creative Campus, Kingsway","layer":"universities","note":"University of Chester","osm_id":"way/132028760","osm_url":"https://www.openstreetmap.org/way/132028760","source":"OpenStreetMap","brand":"University of Chester"}},{"type":"Feature","geometry":{"type":"Point","coordinates":[0.1044222,52.2023327]},"properties":{"name":"Cripps Court (Selwyn College)","layer":"universities","note":"Selwyn College (University of Cambridge)","osm_id":"way/13226402","osm_url":"https://www.openstreetmap.org/way/13226402","source":"OpenStreetMap","brand":"Selwyn College (University of Cambridge)"}},{"type":"Feature","geometry":{"type":"Point","coordinates":[0.1194351,52.2086574]},"properties":{"name":"Cambridge Union Society","layer":"universities","note":"The Cambridge Union Society","osm_id":"way/132297255","osm_url":"https://www.openstreetmap.org/way/132297255","source":"OpenStreetMap","brand":"The Cambridge Union Society"}},{"type":"Feature","geometry":{"type":"Point","coordinates":[-0.0416869,51.4968802]},"properties":{"name":"TEDI London","layer":"universities","note":"OpenStreetMap","osm_id":"way/1328266240","osm_url":"https://www.openstreetmap.org/way/1328266240","source":"OpenStreetMap"}},{"type":"Feature","geometry":{"type":"Point","coordinates":[-2.7790643,51.3445709]},"properties":{"name":"University of Bristol Langford Campus","layer":"universities","note":"OpenStreetMap","osm_id":"way/133151401","osm_url":"https://www.openstreetmap.org/way/133151401","source":"OpenStreetMap"}},{"type":"Feature","geometry":{"type":"Point","coordinates":[-5.9296251,54.6047436]},"properties":{"name":"Ulster University, Belfast Campus","layer":"universities","note":"Ulster University","osm_id":"way/133261495","osm_url":"https://www.openstreetmap.org/way/133261495","source":"OpenStreetMap","brand":"Ulster University"}},{"type":"Feature","geometry":{"type":"Point","coordinates":[-1.8648283,50.7230413]},"properties":{"name":"Bournemouth University (Lansdowne Campus)","layer":"universities","note":"OpenStreetMap","osm_id":"way/1334273175","osm_url":"https://www.openstreetmap.org/way/1334273175","source":"OpenStreetMap"}},{"type":"Feature","geometry":{"type":"Point","coordinates":[-1.864076,50.7225615]},"properties":{"name":"Bournemouth University (Lansdowne Campus)","layer":"universities","note":"OpenStreetMap","osm_id":"way/1334273176","osm_url":"https://www.openstreetmap.org/way/1334273176","source":"OpenStreetMap"}},{"type":"Feature","geometry":{"type":"Point","coordinates":[-1.8616982,50.7228925]},"properties":{"name":"Bournemouth University (Lansdowne Campus)","layer":"universities","note":"OpenStreetMap","osm_id":"way/1334273177","osm_url":"https://www.openstreetmap.org/way/1334273177","source":"OpenStreetMap"}},{"type":"Feature","geometry":{"type":"Point","coordinates":[-1.8620233,50.7253192]},"properties":{"name":"Bournemouth University (Lansdowne Campus)","layer":"universities","note":"OpenStreetMap","osm_id":"way/1334273178","osm_url":"https://www.openstreetmap.org/way/1334273178","source":"OpenStreetMap"}},{"type":"Feature","geometry":{"type":"Point","coordinates":[-1.8608233,50.7263688]},"properties":{"name":"Bournemouth University (Lansdowne Campus)","layer":"universities","note":"OpenStreetMap","osm_id":"way/1334273179","osm_url":"https://www.openstreetmap.org/way/1334273179","source":"OpenStreetMap"}},{"type":"Feature","geometry":{"type":"Point","coordinates":[-1.8675298,50.723872]},"properties":{"name":"Bournemouth University (Lansdowne Campus)","layer":"universities","note":"OpenStreetMap","osm_id":"way/1334273181","osm_url":"https://www.openstreetmap.org/way/1334273181","source":"OpenStreetMap"}},{"type":"Feature","geometry":{"type":"Point","coordinates":[-1.864803,50.7251754]},"properties":{"name":"Bournemouth University (Lansdowne Campus)","layer":"universities","note":"OpenStreetMap","osm_id":"way/1334285585","osm_url":"https://www.openstreetmap.org/way/1334285585","source":"OpenStreetMap"}},{"type":"Feature","geometry":{"type":"Point","coordinates":[1.0922418,51.2758427]},"properties":{"name":"Canterbury Christ Church University","layer":"universities","note":"OpenStreetMap","osm_id":"way/1334491169","osm_url":"https://www.openstreetmap.org/way/1334491169","source":"OpenStreetMap"}},{"type":"Feature","geometry":{"type":"Point","coordinates":[-1.6076276,54.9765542]},"properties":{"name":"Ellison Building B Block","layer":"universities","note":"OpenStreetMap","osm_id":"way/1336072059","osm_url":"https://www.openstreetmap.org/way/1336072059","source":"OpenStreetMap"}},{"type":"Feature","geometry":{"type":"Point","coordinates":[-1.6075988,54.9769354]},"properties":{"name":"Ellison Building A Block","layer":"universities","note":"OpenStreetMap","osm_id":"way/1336072060","osm_url":"https://www.openstreetmap.org/way/1336072060","source":"OpenStreetMap"}},{"type":"Feature","geometry":{"type":"Point","coordinates":[-4.1098969,50.420494]},"properties":{"name":"Plymouth Marjon University","layer":"universities","note":"OpenStreetMap","osm_id":"way/1336437719","osm_url":"https://www.openstreetmap.org/way/1336437719","source":"OpenStreetMap"}},{"type":"Feature","geometry":{"type":"Point","coordinates":[-0.1003816,51.5173532]},"properties":{"name":"Queen Mary's University West Smithfield Campus","layer":"universities","note":"OpenStreetMap","osm_id":"way/1336449461","osm_url":"https://www.openstreetmap.org/way/1336449461","source":"OpenStreetMap"}},{"type":"Feature","geometry":{"type":"Point","coordinates":[-5.9303244,54.5803896]},"properties":{"name":"Queen's University Sport","layer":"universities","note":"OpenStreetMap","osm_id":"way/1336456132","osm_url":"https://www.openstreetmap.org/way/1336456132","source":"OpenStreetMap"}},{"type":"Feature","geometry":{"type":"Point","coordinates":[-2.1362527,57.1548791]},"properties":{"name":"University of Aberdeen Foresterhill Campus Outline","layer":"universities","note":"OpenStreetMap","osm_id":"way/1337134808","osm_url":"https://www.openstreetmap.org/way/1337134808","source":"OpenStreetMap"}},{"type":"Feature","geometry":{"type":"Point","coordinates":[-0.1192874,50.8448705]},"properties":{"name":"University of Brighton Moulesecoomb Campus","layer":"universities","note":"OpenStreetMap","osm_id":"way/1337345179","osm_url":"https://www.openstreetmap.org/way/1337345179","source":"OpenStreetMap"}},{"type":"Feature","geometry":{"type":"Point","coordinates":[-0.1315055,50.8295871]},"properties":{"name":"University of Brighton Phoenix Halls","layer":"universities","note":"OpenStreetMap","osm_id":"way/1337472037","osm_url":"https://www.openstreetmap.org/way/1337472037","source":"OpenStreetMap"}},{"type":"Feature","geometry":{"type":"Point","coordinates":[0.1343765,52.1866846]},"properties":{"name":"Hills Road Sports & Tennis Centre","layer":"universities","note":"OpenStreetMap","osm_id":"way/1337666662","osm_url":"https://www.openstreetmap.org/way/1337666662","source":"OpenStreetMap"}},{"type":"Feature","geometry":{"type":"Point","coordinates":[0.1303266,52.1873651]},"properties":{"name":"Cambridge University Cambridge University Press & Assessment","layer":"universities","note":"OpenStreetMap","osm_id":"way/1337672054","osm_url":"https://www.openstreetmap.org/way/1337672054","source":"OpenStreetMap"}},{"type":"Feature","geometry":{"type":"Point","coordinates":[0.126892,52.1942552]},"properties":{"name":"University of Cambridge Botanic Gardens","layer":"universities","note":"OpenStreetMap","osm_id":"way/1337674625","osm_url":"https://www.openstreetmap.org/way/1337674625","source":"OpenStreetMap"}},{"type":"Feature","geometry":{"type":"Point","coordinates":[-4.3139996,55.9030283]},"properties":{"name":"University of Glasgow Garscube Campus","layer":"universities","note":"OpenStreetMap","osm_id":"way/1338268090","osm_url":"https://www.openstreetmap.org/way/1338268090","source":"OpenStreetMap"}},{"type":"Feature","geometry":{"type":"Point","coordinates":[0.2709242,51.1927212]},"properties":{"name":"Tonbridge Adult Education Centre","layer":"universities","note":"OpenStreetMap","osm_id":"way/133847487","osm_url":"https://www.openstreetmap.org/way/133847487","source":"OpenStreetMap"}},{"type":"Feature","geometry":{"type":"Point","coordinates":[-0.5496759,53.2277639]},"properties":{"name":"University of Lincoln Brayford Campus","layer":"universities","note":"OpenStreetMap","osm_id":"way/1338808428","osm_url":"https://www.openstreetmap.org/way/1338808428","source":"OpenStreetMap"}},{"type":"Feature","geometry":{"type":"Point","coordinates":[-0.5576318,53.223541]},"properties":{"name":"University","layer":"universities","note":"OpenStreetMap","osm_id":"way/1338812174","osm_url":"https://www.openstreetmap.org/way/1338812174","source":"OpenStreetMap"}},{"type":"Feature","geometry":{"type":"Point","coordinates":[-0.5471652,53.230639]},"properties":{"name":"University","layer":"universities","note":"OpenStreetMap","osm_id":"way/1338817707","osm_url":"https://www.openstreetmap.org/way/1338817707","source":"OpenStreetMap"}},{"type":"Feature","geometry":{"type":"Point","coordinates":[-0.52882,53.2689704]},"properties":{"name":"University of Lincoln - Riseholme Campus","layer":"universities","note":"OpenStreetMap","osm_id":"way/1338818865","osm_url":"https://www.openstreetmap.org/way/1338818865","source":"OpenStreetMap"}},{"type":"Feature","geometry":{"type":"Point","coordinates":[-0.9062191,52.2362974]},"properties":{"name":"University of Northampton Innovation Centre","layer":"universities","note":"OpenStreetMap","osm_id":"way/1338853731","osm_url":"https://www.openstreetmap.org/way/1338853731","source":"OpenStreetMap"}},{"type":"Feature","geometry":{"type":"Point","coordinates":[-2.2742323,53.4882762]},"properties":{"name":"University","layer":"universities","note":"OpenStreetMap","osm_id":"way/1339076357","osm_url":"https://www.openstreetmap.org/way/1339076357","source":"OpenStreetMap"}},{"type":"Feature","geometry":{"type":"Point","coordinates":[-1.3779513,54.9096476]},"properties":{"name":"Panns Bank","layer":"universities","note":"OpenStreetMap","osm_id":"way/1339471986","osm_url":"https://www.openstreetmap.org/way/1339471986","source":"OpenStreetMap"}},{"type":"Feature","geometry":{"type":"Point","coordinates":[-0.0545604,51.5417651]},"properties":{"name":"Cordwainers Court","layer":"universities","note":"OpenStreetMap","osm_id":"way/1339513734","osm_url":"https://www.openstreetmap.org/way/1339513734","source":"OpenStreetMap"}},{"type":"Feature","geometry":{"type":"Point","coordinates":[-6.2588819,53.3850647]},"properties":{"name":"Dublin City University Glasnevin Campus","layer":"universities","note":"Dublin City University","osm_id":"way/135230135","osm_url":"https://www.openstreetmap.org/way/135230135","source":"OpenStreetMap","brand":"Dublin City University"}},{"type":"Feature","geometry":{"type":"Point","coordinates":[-1.9945247,52.4346113]},"properties":{"name":"Newman University","layer":"universities","note":"Newman University","osm_id":"way/135305965","osm_url":"https://www.openstreetmap.org/way/135305965","source":"OpenStreetMap","brand":"Newman University"}},{"type":"Feature","geometry":{"type":"Point","coordinates":[-3.1869351,55.9451745]},"properties":{"name":"Institute of Design Informatics","layer":"universities","note":"University of Edinburgh","osm_id":"way/1355739307","osm_url":"https://www.openstreetmap.org/way/1355739307","source":"OpenStreetMap","brand":"University of Edinburgh"}},{"type":"Feature","geometry":{"type":"Point","coordinates":[0.12075,52.2074877]},"properties":{"name":"Sidney Sussex College (University of Cambridge)","layer":"universities","note":"Sidney Sussex College (University of Cambridge)","osm_id":"way/135711700","osm_url":"https://www.openstreetmap.org/way/135711700","source":"OpenStreetMap","brand":"Sidney Sussex College (University of Cambridge)"}},{"type":"Feature","geometry":{"type":"Point","coordinates":[0.1324613,52.2008223]},"properties":{"name":"Hughes Hall","layer":"universities","note":"Hughes Hall (University of Cambridge)","osm_id":"way/135921497","osm_url":"https://www.openstreetmap.org/way/135921497","source":"OpenStreetMap","brand":"Hughes Hall (University of Cambridge)"}},{"type":"Feature","geometry":{"type":"Point","coordinates":[0.1190828,52.1997538]},"properties":{"name":"Peterhouse (University of Cambridge)","layer":"universities","note":"Peterhouse (University of Cambridge)","osm_id":"way/135942778","osm_url":"https://www.openstreetmap.org/way/135942778","source":"OpenStreetMap","brand":"Peterhouse (University of Cambridge)"}},{"type":"Feature","geometry":{"type":"Point","coordinates":[-0.1752072,51.4264422]},"properties":{"name":"City St Georges Tooting","layer":"universities","note":"OpenStreetMap","osm_id":"way/1360681390","osm_url":"https://www.openstreetmap.org/way/1360681390","source":"OpenStreetMap"}},{"type":"Feature","geometry":{"type":"Point","coordinates":[-6.254975,53.3637553]},"properties":{"name":"Dublin City University Mater Dei Campus","layer":"universities","note":"Dublin City University","osm_id":"way/136073184","osm_url":"https://www.openstreetmap.org/way/136073184","source":"OpenStreetMap","brand":"Dublin City University"}},{"type":"Feature","geometry":{"type":"Point","coordinates":[-6.2528335,53.3649787]},"properties":{"name":"Holy Cross College & Diocesan Centre","layer":"universities","note":"OpenStreetMap","osm_id":"way/136074814","osm_url":"https://www.openstreetmap.org/way/136074814","source":"OpenStreetMap"}},{"type":"Feature","geometry":{"type":"Point","coordinates":[-0.5438162,53.2265376]},"properties":{"name":"David Chiddick Building","layer":"universities","note":"OpenStreetMap","osm_id":"way/136076889","osm_url":"https://www.openstreetmap.org/way/136076889","source":"OpenStreetMap"}},{"type":"Feature","geometry":{"type":"Point","coordinates":[-0.4133368,54.2704724]},"properties":{"name":"CU Scarborough","layer":"universities","note":"OpenStreetMap","osm_id":"way/1360852085","osm_url":"https://www.openstreetmap.org/way/1360852085","source":"OpenStreetMap"}},{"type":"Feature","geometry":{"type":"Point","coordinates":[-1.8172777,51.5605797]},"properties":{"name":"Oxford Brookes University - Swindon Campus","layer":"universities","note":"OpenStreetMap","osm_id":"way/1360875054","osm_url":"https://www.openstreetmap.org/way/1360875054","source":"OpenStreetMap"}},{"type":"Feature","geometry":{"type":"Point","coordinates":[-2.2553185,52.2533301]},"properties":{"name":"University of Worcester - Lakeside Campus","layer":"universities","note":"OpenStreetMap","osm_id":"way/1361129325","osm_url":"https://www.openstreetmap.org/way/1361129325","source":"OpenStreetMap"}},{"type":"Feature","geometry":{"type":"Point","coordinates":[0.120358,52.1980372]},"properties":{"name":"Department of Engineering (University of Cambridge)","layer":"universities","note":"University of Cambridge","osm_id":"way/136225903","osm_url":"https://www.openstreetmap.org/way/136225903","source":"OpenStreetMap","brand":"University of Cambridge"}},{"type":"Feature","geometry":{"type":"Point","coordinates":[0.1167518,52.2016409]},"properties":{"name":"Silver Street & Mill Lane Site","layer":"universities","note":"University of Cambridge","osm_id":"way/136330943","osm_url":"https://www.openstreetmap.org/way/136330943","source":"OpenStreetMap","brand":"University of Cambridge"}},{"type":"Feature","geometry":{"type":"Point","coordinates":[0.0452267,52.2256585]},"properties":{"name":"Sub-department of Animal Behaviour (University of Cambridge)","layer":"universities","note":"University of Cambridge","osm_id":"way/136353672","osm_url":"https://www.openstreetmap.org/way/136353672","source":"OpenStreetMap","brand":"University of Cambridge"}},{"type":"Feature","geometry":{"type":"Point","coordinates":[-2.2427289,53.4688679]},"properties":{"name":"Manchester Metropolitan University – All Saints Campus","layer":"universities","note":"Manchester Metropolitan University","osm_id":"way/136506121","osm_url":"https://www.openstreetmap.org/way/136506121","source":"OpenStreetMap","brand":"Manchester Metropolitan University"}},{"type":"Feature","geometry":{"type":"Point","coordinates":[0.1172214,52.2059965]},"properties":{"name":"Gonville & Caius College (University of Cambridge)","layer":"universities","note":"Gonville & Caius College (University of Cambridge)","osm_id":"way/137017449","osm_url":"https://www.openstreetmap.org/way/137017449","source":"OpenStreetMap","brand":"Gonville & Caius College (University of Cambridge)"}},{"type":"Feature","geometry":{"type":"Point","coordinates":[0.118504,52.2059134]},"properties":{"name":"St Michael's Court (Gonville & Caius College)","layer":"universities","note":"Gonville and Caius College (University of Cambridge)","osm_id":"way/137017456","osm_url":"https://www.openstreetmap.org/way/137017456","source":"OpenStreetMap","brand":"Gonville and Caius College (University of Cambridge)"}},{"type":"Feature","geometry":{"type":"Point","coordinates":[0.1112074,52.2017173]},"properties":{"name":"Harvey Court (Gonville & Caius College)","layer":"universities","note":"Gonville & Caius College (University of Cambridge)","osm_id":"way/137040681","osm_url":"https://www.openstreetmap.org/way/137040681","source":"OpenStreetMap","brand":"Gonville & Caius College (University of Cambridge)"}},{"type":"Feature","geometry":{"type":"Point","coordinates":[-8.466728,51.8981705]},"properties":{"name":"UCC Centre for Executive Education","layer":"universities","note":"OpenStreetMap","osm_id":"way/1370581759","osm_url":"https://www.openstreetmap.org/way/1370581759","source":"OpenStreetMap"}},{"type":"Feature","geometry":{"type":"Point","coordinates":[0.0939032,52.2142338]},"properties":{"name":"Madingley Rise Site (University of Cambridge)","layer":"universities","note":"University of Cambridge","osm_id":"way/137226442","osm_url":"https://www.openstreetmap.org/way/137226442","source":"OpenStreetMap","brand":"University of Cambridge"}},{"type":"Feature","geometry":{"type":"Point","coordinates":[-0.1302926,51.5250746]},"properties":{"name":"Department of Political Science / School of Public Policy","layer":"universities","note":"UCL","osm_id":"way/1373125863","osm_url":"https://www.openstreetmap.org/way/1373125863","source":"OpenStreetMap","brand":"UCL"}},{"type":"Feature","geometry":{"type":"Point","coordinates":[-0.1262089,51.5256038]},"properties":{"name":"London School of Hygiene and Tropical Medicine","layer":"universities","note":"OpenStreetMap","osm_id":"way/137355516","osm_url":"https://www.openstreetmap.org/way/137355516","source":"OpenStreetMap"}},{"type":"Feature","geometry":{"type":"Point","coordinates":[0.1150298,52.2100266]},"properties":{"name":"Magdalene College (University of Cambridge)","layer":"universities","note":"Magdalene College (University of Cambridge)","osm_id":"way/137992309","osm_url":"https://www.openstreetmap.org/way/137992309","source":"OpenStreetMap","brand":"Magdalene College (University of Cambridge)"}},{"type":"Feature","geometry":{"type":"Point","coordinates":[0.1153531,52.2119196]},"properties":{"name":"Castle Court (Clare College)","layer":"universities","note":"Clare College (University of Cambridge)","osm_id":"way/137995624","osm_url":"https://www.openstreetmap.org/way/137995624","source":"OpenStreetMap","brand":"Clare College (University of Cambridge)"}},{"type":"Feature","geometry":{"type":"Point","coordinates":[0.1101041,52.2051006]},"properties":{"name":"Memorial Court (Clare College)","layer":"universities","note":"Clare College (University of Cambridge)","osm_id":"way/139285984","osm_url":"https://www.openstreetmap.org/way/139285984","source":"OpenStreetMap","brand":"Clare College (University of Cambridge)"}},{"type":"Feature","geometry":{"type":"Point","coordinates":[0.1139614,52.2052996]},"properties":{"name":"Clare College (University of Cambridge)","layer":"universities","note":"Clare College (University of Cambridge)","osm_id":"way/139308034","osm_url":"https://www.openstreetmap.org/way/139308034","source":"OpenStreetMap","brand":"Clare College (University of Cambridge)"}},{"type":"Feature","geometry":{"type":"Point","coordinates":[0.1088667,52.213013]},"properties":{"name":"St Edmund's College","layer":"universities","note":"St Edmund's College (University of Cambridge)","osm_id":"way/139485549","osm_url":"https://www.openstreetmap.org/way/139485549","source":"OpenStreetMap","brand":"St Edmund's College (University of Cambridge)"}},{"type":"Feature","geometry":{"type":"Point","coordinates":[0.1076683,52.2141412]},"properties":{"name":"Murray Edwards College (University of Cambridge)","layer":"universities","note":"Murray Edwards College (University of Cambridge)","osm_id":"way/139485561","osm_url":"https://www.openstreetmap.org/way/139485561","source":"OpenStreetMap","brand":"Murray Edwards College (University of Cambridge)"}},{"type":"Feature","geometry":{"type":"Point","coordinates":[-2.7819831,56.3349321]},"properties":{"name":"University","layer":"universities","note":"OpenStreetMap","osm_id":"way/1410021989","osm_url":"https://www.openstreetmap.org/way/1410021989","source":"OpenStreetMap"}},{"type":"Feature","geometry":{"type":"Point","coordinates":[-1.5305924,53.8019894]},"properties":{"name":"Mabgate University Centre","layer":"universities","note":"OpenStreetMap","osm_id":"way/1414942269","osm_url":"https://www.openstreetmap.org/way/1414942269","source":"OpenStreetMap"}},{"type":"Feature","geometry":{"type":"Point","coordinates":[-2.285274,53.4582998]},"properties":{"name":"University Academy 92","layer":"universities","note":"OpenStreetMap","osm_id":"way/142500190","osm_url":"https://www.openstreetmap.org/way/142500190","source":"OpenStreetMap"}},{"type":"Feature","geometry":{"type":"Point","coordinates":[-1.5681506,54.7799644]},"properties":{"name":"New Kepier Court (University College)","layer":"universities","note":"OpenStreetMap","osm_id":"way/1434643823","osm_url":"https://www.openstreetmap.org/way/1434643823","source":"OpenStreetMap"}},{"type":"Feature","geometry":{"type":"Point","coordinates":[-8.4750283,51.8959665]},"properties":{"name":"MTU Gallery at 46 Grand Parade","layer":"universities","note":"MTU Crawford College of Art and Design","osm_id":"way/1435693929","osm_url":"https://www.openstreetmap.org/way/1435693929","source":"OpenStreetMap","brand":"MTU Crawford College of Art and Design"}},{"type":"Feature","geometry":{"type":"Point","coordinates":[-1.9092616,52.4831849]},"properties":{"name":"UCB Moss House","layer":"universities","note":"OpenStreetMap","osm_id":"way/143952511","osm_url":"https://www.openstreetmap.org/way/143952511","source":"OpenStreetMap"}},{"type":"Feature","geometry":{"type":"Point","coordinates":[-8.4812228,51.8999738]},"properties":{"name":"Mercy University Hospital Centre of Nurse Education","layer":"universities","note":"OpenStreetMap","osm_id":"way/1441811157","osm_url":"https://www.openstreetmap.org/way/1441811157","source":"OpenStreetMap"}},{"type":"Feature","geometry":{"type":"Point","coordinates":[1.1645062,52.0519373]},"properties":{"name":"University of Suffolk","layer":"universities","note":"OpenStreetMap","osm_id":"way/145602280","osm_url":"https://www.openstreetmap.org/way/145602280","source":"OpenStreetMap"}},{"type":"Feature","geometry":{"type":"Point","coordinates":[-1.2498219,52.759407]},"properties":{"name":"Loughborough University Science and Enterprise Park","layer":"universities","note":"Loughborough University","osm_id":"way/1457128912","osm_url":"https://www.openstreetmap.org/way/1457128912","source":"OpenStreetMap","brand":"Loughborough University"}},{"type":"Feature","geometry":{"type":"Point","coordinates":[-1.9365827,52.4561578]},"properties":{"name":"University of Birmingham Pritchatts Park Village","layer":"universities","note":"OpenStreetMap","osm_id":"way/1462634701","osm_url":"https://www.openstreetmap.org/way/1462634701","source":"OpenStreetMap"}},{"type":"Feature","geometry":{"type":"Point","coordinates":[-1.9344645,52.4463782]},"properties":{"name":"University of Birmingham Selly Oak Village","layer":"universities","note":"OpenStreetMap","osm_id":"way/1462637728","osm_url":"https://www.openstreetmap.org/way/1462637728","source":"OpenStreetMap"}},{"type":"Feature","geometry":{"type":"Point","coordinates":[-2.6497205,50.9447228]},"properties":{"name":"University Centre Yeovil","layer":"universities","note":"OpenStreetMap","osm_id":"way/146622787","osm_url":"https://www.openstreetmap.org/way/146622787","source":"OpenStreetMap"}},{"type":"Feature","geometry":{"type":"Point","coordinates":[-2.4441118,52.6793865]},"properties":{"name":"University","layer":"universities","note":"OpenStreetMap","osm_id":"way/1469219213","osm_url":"https://www.openstreetmap.org/way/1469219213","source":"OpenStreetMap"}},{"type":"Feature","geometry":{"type":"Point","coordinates":[-4.1432937,50.3775172]},"properties":{"name":"University","layer":"universities","note":"OpenStreetMap","osm_id":"way/1469430870","osm_url":"https://www.openstreetmap.org/way/1469430870","source":"OpenStreetMap"}},{"type":"Feature","geometry":{"type":"Point","coordinates":[0.1229387,52.206137]},"properties":{"name":"Christ's College (University of Cambridge)","layer":"universities","note":"Christ's College (University of Cambridge)","osm_id":"way/147488000","osm_url":"https://www.openstreetmap.org/way/147488000","source":"OpenStreetMap","brand":"Christ's College (University of Cambridge)"}},{"type":"Feature","geometry":{"type":"Point","coordinates":[-0.1198816,50.8420071]},"properties":{"name":"University of Brighton Moulesecoomb Campus","layer":"universities","note":"OpenStreetMap","osm_id":"way/1475973800","osm_url":"https://www.openstreetmap.org/way/1475973800","source":"OpenStreetMap"}},{"type":"Feature","geometry":{"type":"Point","coordinates":[0.1146652,52.2025095]},"properties":{"name":"Queens' College (University of Cambridge)","layer":"universities","note":"Queens' College (University of Cambridge)","osm_id":"way/148215569","osm_url":"https://www.openstreetmap.org/way/148215569","source":"OpenStreetMap","brand":"Queens' College (University of Cambridge)"}},{"type":"Feature","geometry":{"type":"Point","coordinates":[0.100657,52.2007399]},"properties":{"name":"Leckhampton (Corpus Christi College)","layer":"universities","note":"Corpus Christi College (University of Cambridge)","osm_id":"way/148617073","osm_url":"https://www.openstreetmap.org/way/148617073","source":"OpenStreetMap","brand":"Corpus Christi College (University of Cambridge)"}},{"type":"Feature","geometry":{"type":"Point","coordinates":[-0.0217844,51.5462996]},"properties":{"name":"University of Staffordshire London Campus","layer":"universities","note":"OpenStreetMap","osm_id":"way/1489375000","osm_url":"https://www.openstreetmap.org/way/1489375000","source":"OpenStreetMap"}},{"type":"Feature","geometry":{"type":"Point","coordinates":[-0.0228551,51.5475251]},"properties":{"name":"University College London Here East","layer":"universities","note":"OpenStreetMap","osm_id":"way/1489604487","osm_url":"https://www.openstreetmap.org/way/1489604487","source":"OpenStreetMap"}},{"type":"Feature","geometry":{"type":"Point","coordinates":[-0.0232267,51.5482281]},"properties":{"name":"Loughborough University London","layer":"universities","note":"OpenStreetMap","osm_id":"way/1489604488","osm_url":"https://www.openstreetmap.org/way/1489604488","source":"OpenStreetMap"}},{"type":"Feature","geometry":{"type":"Point","coordinates":[-1.3950623,50.8927039]},"properties":{"name":"Waterfront Campus","layer":"universities","note":"University of Southampton","osm_id":"way/149010150","osm_url":"https://www.openstreetmap.org/way/149010150","source":"OpenStreetMap","brand":"University of Southampton"}},{"type":"Feature","geometry":{"type":"Point","coordinates":[-1.7756304,53.8167035]},"properties":{"name":"Bradford University School of Management","layer":"universities","note":"OpenStreetMap","osm_id":"way/1499386853","osm_url":"https://www.openstreetmap.org/way/1499386853","source":"OpenStreetMap"}},{"type":"Feature","geometry":{"type":"Point","coordinates":[-0.6639181,50.7893043]},"properties":{"name":"University of Chichester (Bognor Campus)","layer":"universities","note":"University of Chichester","osm_id":"way/150498962","osm_url":"https://www.openstreetmap.org/way/150498962","source":"OpenStreetMap","brand":"University of Chichester"}},{"type":"Feature","geometry":{"type":"Point","coordinates":[0.1151363,52.2057588]},"properties":{"name":"Trinity Hall (University of Cambridge)","layer":"universities","note":"Trinity Hall (University of Cambridge)","osm_id":"way/151180818","osm_url":"https://www.openstreetmap.org/way/151180818","source":"OpenStreetMap","brand":"Trinity Hall (University of Cambridge)"}},{"type":"Feature","geometry":{"type":"Point","coordinates":[0.1149139,52.2069015]},"properties":{"name":"Trinity College (University of Cambridge)","layer":"universities","note":"Trinity College (University of Cambridge)","osm_id":"way/151180819","osm_url":"https://www.openstreetmap.org/way/151180819","source":"OpenStreetMap","brand":"Trinity College (University of Cambridge)"}},{"type":"Feature","geometry":{"type":"Point","coordinates":[-9.6660718,52.2910484]},"properties":{"name":"MTU Tralee North Campus","layer":"universities","note":"Munster Technological University","osm_id":"way/1513086791","osm_url":"https://www.openstreetmap.org/way/1513086791","source":"OpenStreetMap","brand":"Munster Technological University"}},{"type":"Feature","geometry":{"type":"Point","coordinates":[0.1381626,52.178506]},"properties":{"name":"University","layer":"universities","note":"University of Cambridge","osm_id":"way/151513721","osm_url":"https://www.openstreetmap.org/way/151513721","source":"OpenStreetMap","brand":"University of Cambridge"}},{"type":"Feature","geometry":{"type":"Point","coordinates":[0.1496575,52.1735249]},"properties":{"name":"Strangeways Research Laboratory","layer":"universities","note":"University of Cambridge","osm_id":"way/151522438","osm_url":"https://www.openstreetmap.org/way/151522438","source":"OpenStreetMap","brand":"University of Cambridge"}},{"type":"Feature","geometry":{"type":"Point","coordinates":[-0.5492147,53.2291786]},"properties":{"name":"Stephen Langton Building","layer":"universities","note":"OpenStreetMap","osm_id":"way/151616519","osm_url":"https://www.openstreetmap.org/way/151616519","source":"OpenStreetMap"}},{"type":"Feature","geometry":{"type":"Point","coordinates":[0.1095255,52.2113386]},"properties":{"name":"Lucy Cavendish College (University of Cambridge)","layer":"universities","note":"Lucy Cavendish College (University of Cambridge)","osm_id":"way/151911582","osm_url":"https://www.openstreetmap.org/way/151911582","source":"OpenStreetMap","brand":"Lucy Cavendish College (University of Cambridge)"}},{"type":"Feature","geometry":{"type":"Point","coordinates":[0.0056739,51.5016892]},"properties":{"name":"Ravensbourne University London","layer":"universities","note":"Ravensbourne University London","osm_id":"way/151942966","osm_url":"https://www.openstreetmap.org/way/151942966","source":"OpenStreetMap","brand":"Ravensbourne University London"}},{"type":"Feature","geometry":{"type":"Point","coordinates":[-3.8414782,52.62267]},"properties":{"name":"Canolfan y Dechnoleg Amgen / Centre for Alternative Technology","layer":"universities","note":"OpenStreetMap","osm_id":"way/1519981607","osm_url":"https://www.openstreetmap.org/way/1519981607","source":"OpenStreetMap"}},{"type":"Feature","geometry":{"type":"Point","coordinates":[-6.0814798,52.9991974]},"properties":{"name":"South East Technological University - Wicklow County Campus","layer":"universities","note":"South East Technological University","osm_id":"way/1523086190","osm_url":"https://www.openstreetmap.org/way/1523086190","source":"OpenStreetMap","brand":"South East Technological University"}},{"type":"Feature","geometry":{"type":"Point","coordinates":[-1.5739393,54.7742037]},"properties":{"name":"Hatfield College","layer":"universities","note":"Durham University","osm_id":"way/15244699","osm_url":"https://www.openstreetmap.org/way/15244699","source":"OpenStreetMap","brand":"Durham University"}},{"type":"Feature","geometry":{"type":"Point","coordinates":[-3.1751214,51.4764868]},"properties":{"name":"The Open University in Wales","layer":"universities","note":"The Open University","osm_id":"way/1524724984","osm_url":"https://www.openstreetmap.org/way/1524724984","source":"OpenStreetMap","brand":"The Open University"}},{"type":"Feature","geometry":{"type":"Point","coordinates":[0.9339956,51.8782305]},"properties":{"name":"The Quays","layer":"universities","note":"OpenStreetMap","osm_id":"way/1525518402","osm_url":"https://www.openstreetmap.org/way/1525518402","source":"OpenStreetMap"}},{"type":"Feature","geometry":{"type":"Point","coordinates":[-8.3834921,54.2595136]},"properties":{"name":"Atlantic Technological University Saint Angelas","layer":"universities","note":"Atlantic Technological University","osm_id":"way/1533711542","osm_url":"https://www.openstreetmap.org/way/1533711542","source":"OpenStreetMap","brand":"Atlantic Technological University"}},{"type":"Feature","geometry":{"type":"Point","coordinates":[-0.1163626,51.517699]},"properties":{"name":"University of the Arts London","layer":"universities","note":"OpenStreetMap","osm_id":"way/153485385","osm_url":"https://www.openstreetmap.org/way/153485385","source":"OpenStreetMap"}},{"type":"Feature","geometry":{"type":"Point","coordinates":[-1.3773554,54.9061033]},"properties":{"name":"Norfolk Street","layer":"universities","note":"OpenStreetMap","osm_id":"way/1534994080","osm_url":"https://www.openstreetmap.org/way/1534994080","source":"OpenStreetMap"}},{"type":"Feature","geometry":{"type":"Point","coordinates":[0.4951649,51.2707032]},"properties":{"name":"University","layer":"universities","note":"OpenStreetMap","osm_id":"way/1539497743","osm_url":"https://www.openstreetmap.org/way/1539497743","source":"OpenStreetMap"}},{"type":"Feature","geometry":{"type":"Point","coordinates":[0.0838377,52.2288722]},"properties":{"name":"Girton College (University of Cambridge)","layer":"universities","note":"Girton College (University of Cambridge)","osm_id":"way/155223748","osm_url":"https://www.openstreetmap.org/way/155223748","source":"OpenStreetMap","brand":"Girton College (University of Cambridge)"}},{"type":"Feature","geometry":{"type":"Point","coordinates":[0.2631495,51.1863161]},"properties":{"name":"University","layer":"universities","note":"OpenStreetMap","osm_id":"way/1553937266","osm_url":"https://www.openstreetmap.org/way/1553937266","source":"OpenStreetMap"}},{"type":"Feature","geometry":{"type":"Point","coordinates":[1.2795414,52.6428761]},"properties":{"name":"Norwich University of the Arts","layer":"universities","note":"OpenStreetMap","osm_id":"way/1557213832","osm_url":"https://www.openstreetmap.org/way/1557213832","source":"OpenStreetMap"}},{"type":"Feature","geometry":{"type":"Point","coordinates":[-1.9032385,52.4812331]},"properties":{"name":"Birmingham School of Art","layer":"universities","note":"Birmingham City University","osm_id":"way/1557471672","osm_url":"https://www.openstreetmap.org/way/1557471672","source":"OpenStreetMap","brand":"Birmingham City University"}},{"type":"Feature","geometry":{"type":"Point","coordinates":[-0.0379415,51.4741469]},"properties":{"name":"Department of Computing","layer":"universities","note":"Goldsmiths","osm_id":"way/156263158","osm_url":"https://www.openstreetmap.org/way/156263158","source":"OpenStreetMap","brand":"Goldsmiths"}},{"type":"Feature","geometry":{"type":"Point","coordinates":[0.1201689,52.2010197]},"properties":{"name":"Cosin Court (Peterhouse)","layer":"universities","note":"Peterhouse (University of Cambridge)","osm_id":"way/157556166","osm_url":"https://www.openstreetmap.org/way/157556166","source":"OpenStreetMap","brand":"Peterhouse (University of Cambridge)"}},{"type":"Feature","geometry":{"type":"Point","coordinates":[0.1169565,52.2028963]},"properties":{"name":"St Catharine's College (University of Cambridge)","layer":"universities","note":"St Catharine's College (University of Cambridge)","osm_id":"way/157588898","osm_url":"https://www.openstreetmap.org/way/157588898","source":"OpenStreetMap","brand":"St Catharine's College (University of Cambridge)"}},{"type":"Feature","geometry":{"type":"Point","coordinates":[0.1060149,52.2031262]},"properties":{"name":"St Chad's (St Catharine's College)","layer":"universities","note":"St Catharine's College (University of Cambridge)","osm_id":"way/157592039","osm_url":"https://www.openstreetmap.org/way/157592039","source":"OpenStreetMap","brand":"St Catharine's College (University of Cambridge)"}},{"type":"Feature","geometry":{"type":"Point","coordinates":[-6.232584,53.3732358]},"properties":{"name":"Marino Institute of Education","layer":"universities","note":"OpenStreetMap","osm_id":"way/158304700","osm_url":"https://www.openstreetmap.org/way/158304700","source":"OpenStreetMap"}},{"type":"Feature","geometry":{"type":"Point","coordinates":[-1.4845412,52.9243049]},"properties":{"name":"Derby Law School","layer":"universities","note":"University Of Derby","osm_id":"way/159233691","osm_url":"https://www.openstreetmap.org/way/159233691","source":"OpenStreetMap","brand":"University Of Derby"}},{"type":"Feature","geometry":{"type":"Point","coordinates":[-1.26013,51.7634587]},"properties":{"name":"University","layer":"universities","note":"University of Oxford","osm_id":"way/160089226","osm_url":"https://www.openstreetmap.org/way/160089226","source":"OpenStreetMap","brand":"University of Oxford"}},{"type":"Feature","geometry":{"type":"Point","coordinates":[-3.0303764,53.9006137]},"properties":{"name":"Blackpool & The Fylde College, Fleetwood Nautical Campus","layer":"universities","note":"OpenStreetMap","osm_id":"way/160470158","osm_url":"https://www.openstreetmap.org/way/160470158","source":"OpenStreetMap"}},{"type":"Feature","geometry":{"type":"Point","coordinates":[-0.1285562,51.5217882]},"properties":{"name":"SOAS Gallery","layer":"universities","note":"SOAS University of London","osm_id":"way/161195701","osm_url":"https://www.openstreetmap.org/way/161195701","source":"OpenStreetMap","brand":"SOAS University of London"}},{"type":"Feature","geometry":{"type":"Point","coordinates":[0.1025348,52.2042467]},"properties":{"name":"5b Herschel Road (Clare Hall)","layer":"universities","note":"Clare Hall (University of Cambridge)","osm_id":"way/161524919","osm_url":"https://www.openstreetmap.org/way/161524919","source":"OpenStreetMap","brand":"Clare Hall (University of Cambridge)"}},{"type":"Feature","geometry":{"type":"Point","coordinates":[0.4260516,51.7361394]},"properties":{"name":"Anglia Ruskin University, Writtle Campus","layer":"universities","note":"Anglia Ruskin University","osm_id":"way/162611061","osm_url":"https://www.openstreetmap.org/way/162611061","source":"OpenStreetMap","brand":"Anglia Ruskin University"}},{"type":"Feature","geometry":{"type":"Point","coordinates":[0.1214174,52.1983404]},"properties":{"name":"Scroope Terrace Site (University of Cambridge)","layer":"universities","note":"University of Cambridge","osm_id":"way/162786368","osm_url":"https://www.openstreetmap.org/way/162786368","source":"OpenStreetMap","brand":"University of Cambridge"}},{"type":"Feature","geometry":{"type":"Point","coordinates":[-0.0772044,51.5175678]},"properties":{"name":"INTO London","layer":"universities","note":"OpenStreetMap","osm_id":"way/163644467","osm_url":"https://www.openstreetmap.org/way/163644467","source":"OpenStreetMap"}},{"type":"Feature","geometry":{"type":"Point","coordinates":[0.0926966,52.2092868]},"properties":{"name":"Cavendish Laboratory","layer":"universities","note":"University of Cambridge","osm_id":"way/164365618","osm_url":"https://www.openstreetmap.org/way/164365618","source":"OpenStreetMap","brand":"University of Cambridge"}},{"type":"Feature","geometry":{"type":"Point","coordinates":[0.0867852,52.2117098]},"properties":{"name":"Department of Veterinary Medicine (Vet School)","layer":"universities","note":"University of Cambridge","osm_id":"way/164365619","osm_url":"https://www.openstreetmap.org/way/164365619","source":"OpenStreetMap","brand":"University of Cambridge"}},{"type":"Feature","geometry":{"type":"Point","coordinates":[0.0864981,52.2106984]},"properties":{"name":"Cambridge West","layer":"universities","note":"University of Cambridge","osm_id":"way/164365655","osm_url":"https://www.openstreetmap.org/way/164365655","source":"OpenStreetMap","brand":"University of Cambridge"}},{"type":"Feature","geometry":{"type":"Point","coordinates":[-1.1978572,52.9387062]},"properties":{"name":"University of Nottingham","layer":"universities","note":"University of Nottingham","osm_id":"way/16478993","osm_url":"https://www.openstreetmap.org/way/16478993","source":"OpenStreetMap","brand":"University of Nottingham"}},{"type":"Feature","geometry":{"type":"Point","coordinates":[0.11489,52.2041492]},"properties":{"name":"King's College (University of Cambridge)","layer":"universities","note":"King's College (University of Cambridge)","osm_id":"way/164848644","osm_url":"https://www.openstreetmap.org/way/164848644","source":"OpenStreetMap","brand":"King's College (University of Cambridge)"}},{"type":"Feature","geometry":{"type":"Point","coordinates":[0.0884195,52.1990042]},"properties":{"name":"Laundry Farm (University of Cambridge)","layer":"universities","note":"University of Cambridge","osm_id":"way/165195439","osm_url":"https://www.openstreetmap.org/way/165195439","source":"OpenStreetMap","brand":"University of Cambridge"}},{"type":"Feature","geometry":{"type":"Point","coordinates":[0.1126878,52.1941793]},"properties":{"name":"Owlstone Croft (Queens' College)","layer":"universities","note":"Queens' College (University of Cambridge)","osm_id":"way/165207829","osm_url":"https://www.openstreetmap.org/way/165207829","source":"OpenStreetMap","brand":"Queens' College (University of Cambridge)"}},{"type":"Feature","geometry":{"type":"Point","coordinates":[0.1169236,52.2053269]},"properties":{"name":"The Old Schools","layer":"universities","note":"University of Cambridge","osm_id":"way/165751428","osm_url":"https://www.openstreetmap.org/way/165751428","source":"OpenStreetMap","brand":"University of Cambridge"}},{"type":"Feature","geometry":{"type":"Point","coordinates":[0.0351112,52.1671355]},"properties":{"name":"Mullard Radio Astronomy Observatory","layer":"universities","note":"University of Cambridge","osm_id":"way/165754879","osm_url":"https://www.openstreetmap.org/way/165754879","source":"OpenStreetMap","brand":"University of Cambridge"}},{"type":"Feature","geometry":{"type":"Point","coordinates":[-1.2534792,51.7656599]},"properties":{"name":"Lady Margaret Hall","layer":"universities","note":"OpenStreetMap","osm_id":"way/165941249","osm_url":"https://www.openstreetmap.org/way/165941249","source":"OpenStreetMap"}},{"type":"Feature","geometry":{"type":"Point","coordinates":[0.1187912,52.2074716]},"properties":{"name":"Whewells Court (Trinity College)","layer":"universities","note":"Trinity College (University of Cambridge)","osm_id":"way/166139214","osm_url":"https://www.openstreetmap.org/way/166139214","source":"OpenStreetMap","brand":"Trinity College (University of Cambridge)"}},{"type":"Feature","geometry":{"type":"Point","coordinates":[0.1175289,52.2071402]},"properties":{"name":"Great Gate","layer":"universities","note":"Trinity College (University of Cambridge)","osm_id":"way/166156187","osm_url":"https://www.openstreetmap.org/way/166156187","source":"OpenStreetMap","brand":"Trinity College (University of Cambridge)"}},{"type":"Feature","geometry":{"type":"Point","coordinates":[0.1074187,52.2047598]},"properties":{"name":"Cambridge University Library","layer":"universities","note":"University of Cambridge","osm_id":"way/166274631","osm_url":"https://www.openstreetmap.org/way/166274631","source":"OpenStreetMap","brand":"University of Cambridge"}},{"type":"Feature","geometry":{"type":"Point","coordinates":[0.1200043,52.1998171]},"properties":{"name":"Fitzwilliam Museum","layer":"universities","note":"University of Cambridge","osm_id":"way/166274632","osm_url":"https://www.openstreetmap.org/way/166274632","source":"OpenStreetMap","brand":"University of Cambridge"}},{"type":"Feature","geometry":{"type":"Point","coordinates":[0.1257112,52.1979619]},"properties":{"name":"University Chemical Laboratory","layer":"universities","note":"University of Cambridge","osm_id":"way/166274633","osm_url":"https://www.openstreetmap.org/way/166274633","source":"OpenStreetMap","brand":"University of Cambridge"}},{"type":"Feature","geometry":{"type":"Point","coordinates":[-2.8733551,53.5632862]},"properties":{"name":"Milton House","layer":"universities","note":"OpenStreetMap","osm_id":"way/166697752","osm_url":"https://www.openstreetmap.org/way/166697752","source":"OpenStreetMap"}},{"type":"Feature","geometry":{"type":"Point","coordinates":[1.0629052,51.2950629]},"properties":{"name":"University of Kent","layer":"universities","note":"University of Kent","osm_id":"way/168566667","osm_url":"https://www.openstreetmap.org/way/168566667","source":"OpenStreetMap","brand":"University of Kent"}},{"type":"Feature","geometry":{"type":"Point","coordinates":[-1.1857996,52.9424892]},"properties":{"name":"Medical School","layer":"universities","note":"University of Nottingham","osm_id":"way/16878374","osm_url":"https://www.openstreetmap.org/way/16878374","source":"OpenStreetMap","brand":"University of Nottingham"}},{"type":"Feature","geometry":{"type":"Point","coordinates":[1.0908724,51.2747396]},"properties":{"name":"University for the Creative Arts, Canterbury Campus","layer":"universities","note":"University for the Creative Arts","osm_id":"way/169537851","osm_url":"https://www.openstreetmap.org/way/169537851","source":"OpenStreetMap","brand":"University for the Creative Arts"}},{"type":"Feature","geometry":{"type":"Point","coordinates":[-9.9474869,53.552561]},"properties":{"name":"Atlantic Technological University Connemara","layer":"universities","note":"OpenStreetMap","osm_id":"way/169829064","osm_url":"https://www.openstreetmap.org/way/169829064","source":"OpenStreetMap"}},{"type":"Feature","geometry":{"type":"Point","coordinates":[0.0324755,52.1624354]},"properties":{"name":"University","layer":"universities","note":"University of Cambridge","osm_id":"way/172651946","osm_url":"https://www.openstreetmap.org/way/172651946","source":"OpenStreetMap","brand":"University of Cambridge"}},{"type":"Feature","geometry":{"type":"Point","coordinates":[0.405249,51.7345421]},"properties":{"name":"Writtle University College Cow Watering Campus","layer":"universities","note":"OpenStreetMap","osm_id":"way/174000811","osm_url":"https://www.openstreetmap.org/way/174000811","source":"OpenStreetMap"}},{"type":"Feature","geometry":{"type":"Point","coordinates":[-1.643407,54.9788376]},"properties":{"name":"Campus for Ageing and Vitality","layer":"universities","note":"OpenStreetMap","osm_id":"way/174767774","osm_url":"https://www.openstreetmap.org/way/174767774","source":"OpenStreetMap"}},{"type":"Feature","geometry":{"type":"Point","coordinates":[-1.4325922,55.0349848]},"properties":{"name":"Dove Marine Laboratory","layer":"universities","note":"Newcastle University","osm_id":"way/174781631","osm_url":"https://www.openstreetmap.org/way/174781631","source":"OpenStreetMap","brand":"Newcastle University"}},{"type":"Feature","geometry":{"type":"Point","coordinates":[-1.7128735,53.6821454]},"properties":{"name":"College of the Resurrection","layer":"universities","note":"OpenStreetMap","osm_id":"way/175866660","osm_url":"https://www.openstreetmap.org/way/175866660","source":"OpenStreetMap"}},{"type":"Feature","geometry":{"type":"Point","coordinates":[-0.554124,53.2300012]},"properties":{"name":"One Campus Way","layer":"universities","note":"University of Lincoln","osm_id":"way/176303838","osm_url":"https://www.openstreetmap.org/way/176303838","source":"OpenStreetMap","brand":"University of Lincoln"}},{"type":"Feature","geometry":{"type":"Point","coordinates":[-2.6015508,51.4600833]},"properties":{"name":"Oldbury House","layer":"universities","note":"University of Bristol","osm_id":"way/177708322","osm_url":"https://www.openstreetmap.org/way/177708322","source":"OpenStreetMap","brand":"University of Bristol"}},{"type":"Feature","geometry":{"type":"Point","coordinates":[-0.5521456,53.2295498]},"properties":{"name":"Village Hall","layer":"universities","note":"OpenStreetMap","osm_id":"way/179752353","osm_url":"https://www.openstreetmap.org/way/179752353","source":"OpenStreetMap"}},{"type":"Feature","geometry":{"type":"Point","coordinates":[-5.9372259,54.5725771]},"properties":{"name":"Stranmillis University College","layer":"universities","note":"OpenStreetMap","osm_id":"way/182847424","osm_url":"https://www.openstreetmap.org/way/182847424","source":"OpenStreetMap"}},{"type":"Feature","geometry":{"type":"Point","coordinates":[-2.8704882,53.5582974]},"properties":{"name":"Edge Hill University","layer":"universities","note":"Edge Hill University","osm_id":"way/184727982","osm_url":"https://www.openstreetmap.org/way/184727982","source":"OpenStreetMap","brand":"Edge Hill University"}},{"type":"Feature","geometry":{"type":"Point","coordinates":[0.0370735,52.2243026]},"properties":{"name":"Madingley Hall","layer":"universities","note":"University of Cambridge","osm_id":"way/185264681","osm_url":"https://www.openstreetmap.org/way/185264681","source":"OpenStreetMap","brand":"University of Cambridge"}},{"type":"Feature","geometry":{"type":"Point","coordinates":[-0.0922912,53.5538499]},"properties":{"name":"University Centre Grimsby","layer":"universities","note":"OpenStreetMap","osm_id":"way/185766757","osm_url":"https://www.openstreetmap.org/way/185766757","source":"OpenStreetMap"}},{"type":"Feature","geometry":{"type":"Point","coordinates":[-2.5899824,51.4607623]},"properties":{"name":"BIMM Music Institue","layer":"universities","note":"OpenStreetMap","osm_id":"way/186010286","osm_url":"https://www.openstreetmap.org/way/186010286","source":"OpenStreetMap"}},{"type":"Feature","geometry":{"type":"Point","coordinates":[-2.6072476,51.4576974]},"properties":{"name":"Howard House","layer":"universities","note":"University of Bristol","osm_id":"way/186165382","osm_url":"https://www.openstreetmap.org/way/186165382","source":"OpenStreetMap","brand":"University of Bristol"}},{"type":"Feature","geometry":{"type":"Point","coordinates":[-2.6080877,51.4579678]},"properties":{"name":"Beacon House Student Study Centre","layer":"universities","note":"University of Bristol","osm_id":"way/186336119","osm_url":"https://www.openstreetmap.org/way/186336119","source":"OpenStreetMap","brand":"University of Bristol"}},{"type":"Feature","geometry":{"type":"Point","coordinates":[-0.6423652,53.5917689]},"properties":{"name":"Humber University Technical College","layer":"universities","note":"OpenStreetMap","osm_id":"way/186635719","osm_url":"https://www.openstreetmap.org/way/186635719","source":"OpenStreetMap"}},{"type":"Feature","geometry":{"type":"Point","coordinates":[-2.4254431,52.6833771]},"properties":{"name":"University Of Wolverhampton (Shropshire Campus) (Business School)","layer":"universities","note":"OpenStreetMap","osm_id":"way/186642637","osm_url":"https://www.openstreetmap.org/way/186642637","source":"OpenStreetMap"}},{"type":"Feature","geometry":{"type":"Point","coordinates":[-1.0485431,53.9469739]},"properties":{"name":"Derwent College","layer":"universities","note":"OpenStreetMap","osm_id":"way/186659327","osm_url":"https://www.openstreetmap.org/way/186659327","source":"OpenStreetMap"}},{"type":"Feature","geometry":{"type":"Point","coordinates":[-1.2639018,51.759976]},"properties":{"name":"Radcliffe Observatory Quarter","layer":"universities","note":"University of Oxford","osm_id":"way/187362455","osm_url":"https://www.openstreetmap.org/way/187362455","source":"OpenStreetMap","brand":"University of Oxford"}},{"type":"Feature","geometry":{"type":"Point","coordinates":[-1.4997436,52.4056902]},"properties":{"name":"University","layer":"universities","note":"OpenStreetMap","osm_id":"way/187726996","osm_url":"https://www.openstreetmap.org/way/187726996","source":"OpenStreetMap"}},{"type":"Feature","geometry":{"type":"Point","coordinates":[-1.2579067,51.7549518]},"properties":{"name":"Balliol College","layer":"universities","note":"OpenStreetMap","osm_id":"way/187925177","osm_url":"https://www.openstreetmap.org/way/187925177","source":"OpenStreetMap"}},{"type":"Feature","geometry":{"type":"Point","coordinates":[-1.3560098,51.7634549]},"properties":{"name":"Azad University in Oxford","layer":"universities","note":"Islamic Azad University","osm_id":"way/189508686","osm_url":"https://www.openstreetmap.org/way/189508686","source":"OpenStreetMap","brand":"Islamic Azad University"}},{"type":"Feature","geometry":{"type":"Point","coordinates":[-0.0142432,51.5001419]},"properties":{"name":"University of Sunderland in London","layer":"universities","note":"OpenStreetMap","osm_id":"way/190716621","osm_url":"https://www.openstreetmap.org/way/190716621","source":"OpenStreetMap"}},{"type":"Feature","geometry":{"type":"Point","coordinates":[-0.1172185,51.5185829]},"properties":{"name":"BPP University Law School","layer":"universities","note":"BPP University","osm_id":"way/191317955","osm_url":"https://www.openstreetmap.org/way/191317955","source":"OpenStreetMap","brand":"BPP University"}},{"type":"Feature","geometry":{"type":"Point","coordinates":[-0.2515711,51.4372947]},"properties":{"name":"Kingston University Roehampton Vale Campus","layer":"universities","note":"Kingston University","osm_id":"way/194266396","osm_url":"https://www.openstreetmap.org/way/194266396","source":"OpenStreetMap","brand":"Kingston University"}},{"type":"Feature","geometry":{"type":"Point","coordinates":[-0.5549499,53.2280638]},"properties":{"name":"Think Tank","layer":"universities","note":"OpenStreetMap","osm_id":"way/195112295","osm_url":"https://www.openstreetmap.org/way/195112295","source":"OpenStreetMap"}},{"type":"Feature","geometry":{"type":"Point","coordinates":[-0.5533794,53.2285033]},"properties":{"name":"Witham House","layer":"universities","note":"OpenStreetMap","osm_id":"way/196095199","osm_url":"https://www.openstreetmap.org/way/196095199","source":"OpenStreetMap"}},{"type":"Feature","geometry":{"type":"Point","coordinates":[-6.6774882,55.1508349]},"properties":{"name":"Ulster University at Coleraine","layer":"universities","note":"Ulster University","osm_id":"way/196718262","osm_url":"https://www.openstreetmap.org/way/196718262","source":"OpenStreetMap","brand":"Ulster University"}},{"type":"Feature","geometry":{"type":"Point","coordinates":[-2.605358,51.4606311]},"properties":{"name":"Social Sciences & Law","layer":"universities","note":"University of Bristol","osm_id":"way/199582236","osm_url":"https://www.openstreetmap.org/way/199582236","source":"OpenStreetMap","brand":"University of Bristol"}},{"type":"Feature","geometry":{"type":"Point","coordinates":[-2.2472654,53.4665142]},"properties":{"name":"Manchester Metropolitan University - Birley Fields Campus","layer":"universities","note":"OpenStreetMap","osm_id":"way/200510781","osm_url":"https://www.openstreetmap.org/way/200510781","source":"OpenStreetMap"}},{"type":"Feature","geometry":{"type":"Point","coordinates":[-1.9086117,52.4828505]},"properties":{"name":"UCB","layer":"universities","note":"OpenStreetMap","osm_id":"way/200608221","osm_url":"https://www.openstreetmap.org/way/200608221","source":"OpenStreetMap"}},{"type":"Feature","geometry":{"type":"Point","coordinates":[-1.0677788,50.7995421]},"properties":{"name":"Rodney Road Centre","layer":"universities","note":"OpenStreetMap","osm_id":"way/202617350","osm_url":"https://www.openstreetmap.org/way/202617350","source":"OpenStreetMap"}},{"type":"Feature","geometry":{"type":"Point","coordinates":[-4.2426185,55.8618745]},"properties":{"name":"University of Strathclyde","layer":"universities","note":"University of Strathclyde","osm_id":"way/20448384","osm_url":"https://www.openstreetmap.org/way/20448384","source":"OpenStreetMap","brand":"University of Strathclyde"}},{"type":"Feature","geometry":{"type":"Point","coordinates":[-1.504667,52.4073653]},"properties":{"name":"Coventry University","layer":"universities","note":"OpenStreetMap","osm_id":"way/204924591","osm_url":"https://www.openstreetmap.org/way/204924591","source":"OpenStreetMap"}},{"type":"Feature","geometry":{"type":"Point","coordinates":[-2.1736056,53.0080938]},"properties":{"name":"University of Staffordshire Stoke Campus","layer":"universities","note":"OpenStreetMap","osm_id":"way/205357065","osm_url":"https://www.openstreetmap.org/way/205357065","source":"OpenStreetMap"}},{"type":"Feature","geometry":{"type":"Point","coordinates":[0.1045617,52.2016352]},"properties":{"name":"Cranmer Road Site (King's College)","layer":"universities","note":"King's College, Cambridge","osm_id":"way/206268505","osm_url":"https://www.openstreetmap.org/way/206268505","source":"OpenStreetMap","brand":"King's College, Cambridge"}},{"type":"Feature","geometry":{"type":"Point","coordinates":[-1.1360972,52.631412]},"properties":{"name":"University","layer":"universities","note":"OpenStreetMap","osm_id":"way/206836710","osm_url":"https://www.openstreetmap.org/way/206836710","source":"OpenStreetMap"}},{"type":"Feature","geometry":{"type":"Point","coordinates":[-0.334214,51.436126]},"properties":{"name":"St Mary's University, Twickenham","layer":"universities","note":"St Mary's University","osm_id":"way/207444116","osm_url":"https://www.openstreetmap.org/way/207444116","source":"OpenStreetMap","brand":"St Mary's University"}},{"type":"Feature","geometry":{"type":"Point","coordinates":[-1.1344535,51.7245946]},"properties":{"name":"Ripon College Cuddesdon","layer":"universities","note":"OpenStreetMap","osm_id":"way/208472220","osm_url":"https://www.openstreetmap.org/way/208472220","source":"OpenStreetMap"}},{"type":"Feature","geometry":{"type":"Point","coordinates":[-2.9276817,53.3836446]},"properties":{"name":"Greenbank Halls of Residence","layer":"universities","note":"OpenStreetMap","osm_id":"way/208594123","osm_url":"https://www.openstreetmap.org/way/208594123","source":"OpenStreetMap"}},{"type":"Feature","geometry":{"type":"Point","coordinates":[-2.9641361,53.4020385]},"properties":{"name":"University of Liverpool","layer":"universities","note":"OpenStreetMap","osm_id":"way/208605885","osm_url":"https://www.openstreetmap.org/way/208605885","source":"OpenStreetMap"}},{"type":"Feature","geometry":{"type":"Point","coordinates":[-7.7206947,54.9515559]},"properties":{"name":"Atlantic Technological University Donegal Letterkenny","layer":"universities","note":"Atlantic Technological University","osm_id":"way/210058451","osm_url":"https://www.openstreetmap.org/way/210058451","source":"OpenStreetMap","brand":"Atlantic Technological University"}},{"type":"Feature","geometry":{"type":"Point","coordinates":[-1.5750297,55.0037978]},"properties":{"name":"University","layer":"universities","note":"OpenStreetMap","osm_id":"way/211181815","osm_url":"https://www.openstreetmap.org/way/211181815","source":"OpenStreetMap"}},{"type":"Feature","geometry":{"type":"Point","coordinates":[-1.5710928,55.0054497]},"properties":{"name":"Northumbria University Coach Lane Campus","layer":"universities","note":"Northumbria University","osm_id":"way/211181825","osm_url":"https://www.openstreetmap.org/way/211181825","source":"OpenStreetMap","brand":"Northumbria University"}},{"type":"Feature","geometry":{"type":"Point","coordinates":[-1.2448866,51.7565978]},"properties":{"name":"St Catherine's College","layer":"universities","note":"OpenStreetMap","osm_id":"way/21319072","osm_url":"https://www.openstreetmap.org/way/21319072","source":"OpenStreetMap"}},{"type":"Feature","geometry":{"type":"Point","coordinates":[-1.5070556,52.4208127]},"properties":{"name":"Coventry University - Foleshill Studios","layer":"universities","note":"OpenStreetMap","osm_id":"way/216213918","osm_url":"https://www.openstreetmap.org/way/216213918","source":"OpenStreetMap"}},{"type":"Feature","geometry":{"type":"Point","coordinates":[-3.9500222,56.1293462]},"properties":{"name":"Raploch Community Campus","layer":"universities","note":"OpenStreetMap","osm_id":"way/217767785","osm_url":"https://www.openstreetmap.org/way/217767785","source":"OpenStreetMap"}},{"type":"Feature","geometry":{"type":"Point","coordinates":[-2.6322569,51.4435131]},"properties":{"name":"UWE Bower Ashton Campus","layer":"universities","note":"UWE","osm_id":"way/218870736","osm_url":"https://www.openstreetmap.org/way/218870736","source":"OpenStreetMap","brand":"UWE"}},{"type":"Feature","geometry":{"type":"Point","coordinates":[-1.5568351,53.8097245]},"properties":{"name":"Energy Building","layer":"universities","note":"OpenStreetMap","osm_id":"way/219384076","osm_url":"https://www.openstreetmap.org/way/219384076","source":"OpenStreetMap"}},{"type":"Feature","geometry":{"type":"Point","coordinates":[-6.1843941,53.2958056]},"properties":{"name":"UCD Michael Smurfit Graduate Business School","layer":"universities","note":"University College Dublin","osm_id":"way/220467074","osm_url":"https://www.openstreetmap.org/way/220467074","source":"OpenStreetMap","brand":"University College Dublin"}},{"type":"Feature","geometry":{"type":"Point","coordinates":[-0.1247294,51.5365233]},"properties":{"name":"University of the Arts London, Central Saint Martins","layer":"universities","note":"OpenStreetMap","osm_id":"way/222021578","osm_url":"https://www.openstreetmap.org/way/222021578","source":"OpenStreetMap"}},{"type":"Feature","geometry":{"type":"Point","coordinates":[-0.3031921,51.4030422]},"properties":{"name":"Kingston University Penrhyn Road Campus","layer":"universities","note":"Kingston University","osm_id":"way/22498760","osm_url":"https://www.openstreetmap.org/way/22498760","source":"OpenStreetMap","brand":"Kingston University"}},{"type":"Feature","geometry":{"type":"Point","coordinates":[-1.2392901,51.7470753]},"properties":{"name":"St Stephen's House","layer":"universities","note":"OpenStreetMap","osm_id":"way/226069072","osm_url":"https://www.openstreetmap.org/way/226069072","source":"OpenStreetMap"}},{"type":"Feature","geometry":{"type":"Point","coordinates":[-5.0699988,50.1489393]},"properties":{"name":"Falmouth University","layer":"universities","note":"Falmouth University","osm_id":"way/227404307","osm_url":"https://www.openstreetmap.org/way/227404307","source":"OpenStreetMap","brand":"Falmouth University"}},{"type":"Feature","geometry":{"type":"Point","coordinates":[-9.6707585,52.288224]},"properties":{"name":"MTU Tralee North Campus","layer":"universities","note":"Munster Technological University","osm_id":"way/227896809","osm_url":"https://www.openstreetmap.org/way/227896809","source":"OpenStreetMap","brand":"Munster Technological University"}},{"type":"Feature","geometry":{"type":"Point","coordinates":[-6.2097616,53.2785139]},"properties":{"name":"RCSI Reservoir House","layer":"universities","note":"Royal College of Surgeons in Ireland","osm_id":"way/228188022","osm_url":"https://www.openstreetmap.org/way/228188022","source":"OpenStreetMap","brand":"Royal College of Surgeons in Ireland"}},{"type":"Feature","geometry":{"type":"Point","coordinates":[-1.2527629,51.7254824]},"properties":{"name":"Saïd Business School Executive Education Centre","layer":"universities","note":"University of Oxford","osm_id":"way/228409018","osm_url":"https://www.openstreetmap.org/way/228409018","source":"OpenStreetMap","brand":"University of Oxford"}},{"type":"Feature","geometry":{"type":"Point","coordinates":[-0.2987789,51.405111]},"properties":{"name":"Kingston University Knight's Park Campus","layer":"universities","note":"OpenStreetMap","osm_id":"way/22917385","osm_url":"https://www.openstreetmap.org/way/22917385","source":"OpenStreetMap"}},{"type":"Feature","geometry":{"type":"Point","coordinates":[-1.4912417,53.3733982]},"properties":{"name":"Sheffield Hallam University Collegiate Campus","layer":"universities","note":"Sheffield Hallam University","osm_id":"way/22939898","osm_url":"https://www.openstreetmap.org/way/22939898","source":"OpenStreetMap","brand":"Sheffield Hallam University"}},{"type":"Feature","geometry":{"type":"Point","coordinates":[-2.1276157,52.5880869]},"properties":{"name":"University of Wolverhampton Wulfruna Campus","layer":"universities","note":"OpenStreetMap","osm_id":"way/23007114","osm_url":"https://www.openstreetmap.org/way/23007114","source":"OpenStreetMap"}},{"type":"Feature","geometry":{"type":"Point","coordinates":[-1.2583328,51.7495867]},"properties":{"name":"Campion Hall","layer":"universities","note":"OpenStreetMap","osm_id":"way/230301420","osm_url":"https://www.openstreetmap.org/way/230301420","source":"OpenStreetMap"}},{"type":"Feature","geometry":{"type":"Point","coordinates":[-1.2606783,51.7564211]},"properties":{"name":"St Cross College","layer":"universities","note":"OpenStreetMap","osm_id":"way/23103135","osm_url":"https://www.openstreetmap.org/way/23103135","source":"OpenStreetMap"}},{"type":"Feature","geometry":{"type":"Point","coordinates":[-1.5437511,53.7952102]},"properties":{"name":"Leeds Trinity University City Campus","layer":"universities","note":"OpenStreetMap","osm_id":"way/23162636","osm_url":"https://www.openstreetmap.org/way/23162636","source":"OpenStreetMap"}},{"type":"Feature","geometry":{"type":"Point","coordinates":[-1.106447,52.6118189]},"properties":{"name":"University of Leicester","layer":"universities","note":"University of Leicester","osm_id":"way/232002898","osm_url":"https://www.openstreetmap.org/way/232002898","source":"OpenStreetMap","brand":"University of Leicester"}},{"type":"Feature","geometry":{"type":"Point","coordinates":[-2.7969503,56.3422741]},"properties":{"name":"Arts Building","layer":"universities","note":"OpenStreetMap","osm_id":"way/232544145","osm_url":"https://www.openstreetmap.org/way/232544145","source":"OpenStreetMap"}},{"type":"Feature","geometry":{"type":"Point","coordinates":[-2.7948664,56.341092]},"properties":{"name":"Arché","layer":"universities","note":"OpenStreetMap","osm_id":"way/232578466","osm_url":"https://www.openstreetmap.org/way/232578466","source":"OpenStreetMap"}},{"type":"Feature","geometry":{"type":"Point","coordinates":[-2.7887211,54.0099279]},"properties":{"name":"Lancaster University","layer":"universities","note":"Lancaster University","osm_id":"way/23347159","osm_url":"https://www.openstreetmap.org/way/23347159","source":"OpenStreetMap","brand":"Lancaster University"}},{"type":"Feature","geometry":{"type":"Point","coordinates":[-2.5501422,51.5007989]},"properties":{"name":"University of the West of England (Frenchay Campus)","layer":"universities","note":"UWE Bristol","osm_id":"way/23482197","osm_url":"https://www.openstreetmap.org/way/23482197","source":"OpenStreetMap","brand":"UWE Bristol"}},{"type":"Feature","geometry":{"type":"Point","coordinates":[-3.5168198,50.7224608]},"properties":{"name":"St Luke's Campus","layer":"universities","note":"University of Exeter","osm_id":"way/23556268","osm_url":"https://www.openstreetmap.org/way/23556268","source":"OpenStreetMap","brand":"University of Exeter"}},{"type":"Feature","geometry":{"type":"Point","coordinates":[-0.2643537,51.3298446]},"properties":{"name":"University for the Creative Arts, Epsom Campus","layer":"universities","note":"University for the Creative Arts","osm_id":"way/23561571","osm_url":"https://www.openstreetmap.org/way/23561571","source":"OpenStreetMap","brand":"University for the Creative Arts"}},{"type":"Feature","geometry":{"type":"Point","coordinates":[-1.2524161,51.7556137]},"properties":{"name":"Harris Manchester College","layer":"universities","note":"OpenStreetMap","osm_id":"way/23597727","osm_url":"https://www.openstreetmap.org/way/23597727","source":"OpenStreetMap"}},{"type":"Feature","geometry":{"type":"Point","coordinates":[-1.253595,51.7544192]},"properties":{"name":"Hertford College","layer":"universities","note":"OpenStreetMap","osm_id":"way/23678932","osm_url":"https://www.openstreetmap.org/way/23678932","source":"OpenStreetMap"}},{"type":"Feature","geometry":{"type":"Point","coordinates":[-1.2514223,51.753288]},"properties":{"name":"The Queen's College","layer":"universities","note":"OpenStreetMap","osm_id":"way/23679234","osm_url":"https://www.openstreetmap.org/way/23679234","source":"OpenStreetMap"}},{"type":"Feature","geometry":{"type":"Point","coordinates":[-1.2579833,51.7587243]},"properties":{"name":"Keble College","layer":"universities","note":"OpenStreetMap","osm_id":"way/23679616","osm_url":"https://www.openstreetmap.org/way/23679616","source":"OpenStreetMap"}},{"type":"Feature","geometry":{"type":"Point","coordinates":[-1.2556058,51.752904]},"properties":{"name":"Lincoln College","layer":"universities","note":"University of Oxford","osm_id":"way/23680168","osm_url":"https://www.openstreetmap.org/way/23680168","source":"OpenStreetMap","brand":"University of Oxford"}},{"type":"Feature","geometry":{"type":"Point","coordinates":[-1.2547583,51.7529711]},"properties":{"name":"Brasenose College","layer":"universities","note":"University of Oxford","osm_id":"way/23680177","osm_url":"https://www.openstreetmap.org/way/23680177","source":"OpenStreetMap","brand":"University of Oxford"}},{"type":"Feature","geometry":{"type":"Point","coordinates":[-1.2555024,51.7538858]},"properties":{"name":"Exeter College","layer":"universities","note":"OpenStreetMap","osm_id":"way/23680304","osm_url":"https://www.openstreetmap.org/way/23680304","source":"OpenStreetMap"}},{"type":"Feature","geometry":{"type":"Point","coordinates":[-1.2573362,51.7533581]},"properties":{"name":"Jesus College","layer":"universities","note":"OpenStreetMap","osm_id":"way/23680440","osm_url":"https://www.openstreetmap.org/way/23680440","source":"OpenStreetMap"}},{"type":"Feature","geometry":{"type":"Point","coordinates":[-1.2538423,51.75183]},"properties":{"name":"Oriel College","layer":"universities","note":"OpenStreetMap","osm_id":"way/23694356","osm_url":"https://www.openstreetmap.org/way/23694356","source":"OpenStreetMap"}},{"type":"Feature","geometry":{"type":"Point","coordinates":[-1.2632451,51.7662504]},"properties":{"name":"St Hugh's College","layer":"universities","note":"OpenStreetMap","osm_id":"way/23694793","osm_url":"https://www.openstreetmap.org/way/23694793","source":"OpenStreetMap"}},{"type":"Feature","geometry":{"type":"Point","coordinates":[-1.2496726,51.7593187]},"properties":{"name":"Linacre College","layer":"universities","note":"OpenStreetMap","osm_id":"way/23926542","osm_url":"https://www.openstreetmap.org/way/23926542","source":"OpenStreetMap"}},{"type":"Feature","geometry":{"type":"Point","coordinates":[-1.2665996,51.7554077]},"properties":{"name":"Worcester College","layer":"universities","note":"OpenStreetMap","osm_id":"way/23927356","osm_url":"https://www.openstreetmap.org/way/23927356","source":"OpenStreetMap"}},{"type":"Feature","geometry":{"type":"Point","coordinates":[0.1167247,52.2122712]},"properties":{"name":"Cripps Court (Magdalene College)","layer":"universities","note":"Magdalene College (University of Cambridge)","osm_id":"way/239298407","osm_url":"https://www.openstreetmap.org/way/239298407","source":"OpenStreetMap","brand":"Magdalene College (University of Cambridge)"}},{"type":"Feature","geometry":{"type":"Point","coordinates":[0.1220651,52.1994406]},"properties":{"name":"Old Addenbrooke's Site (University of Cambridge)","layer":"universities","note":"University of Cambridge","osm_id":"way/239333572","osm_url":"https://www.openstreetmap.org/way/239333572","source":"OpenStreetMap","brand":"University of Cambridge"}},{"type":"Feature","geometry":{"type":"Point","coordinates":[-6.2353682,53.3110416]},"properties":{"name":"UCD Richview","layer":"universities","note":"OpenStreetMap","osm_id":"way/23997662","osm_url":"https://www.openstreetmap.org/way/23997662","source":"OpenStreetMap"}},{"type":"Feature","geometry":{"type":"Point","coordinates":[-1.2465202,51.7484425]},"properties":{"name":"St Hilda's College","layer":"universities","note":"OpenStreetMap","osm_id":"way/24062165","osm_url":"https://www.openstreetmap.org/way/24062165","source":"OpenStreetMap"}},{"type":"Feature","geometry":{"type":"Point","coordinates":[-1.2616854,51.7619875]},"properties":{"name":"St Anne's College","layer":"universities","note":"OpenStreetMap","osm_id":"way/24062818","osm_url":"https://www.openstreetmap.org/way/24062818","source":"OpenStreetMap"}},{"type":"Feature","geometry":{"type":"Point","coordinates":[-1.2629718,51.7636551]},"properties":{"name":"St Antony's College","layer":"universities","note":"OpenStreetMap","osm_id":"way/24065679","osm_url":"https://www.openstreetmap.org/way/24065679","source":"OpenStreetMap"}},{"type":"Feature","geometry":{"type":"Point","coordinates":[-0.5433893,53.226746]},"properties":{"name":"Sarah Swift Building","layer":"universities","note":"OpenStreetMap","osm_id":"way/241283582","osm_url":"https://www.openstreetmap.org/way/241283582","source":"OpenStreetMap"}},{"type":"Feature","geometry":{"type":"Point","coordinates":[-1.2627845,51.7590111]},"properties":{"name":"Somerville College","layer":"universities","note":"OpenStreetMap","osm_id":"way/242287393","osm_url":"https://www.openstreetmap.org/way/242287393","source":"OpenStreetMap"}},{"type":"Feature","geometry":{"type":"Point","coordinates":[-1.2610317,51.752458]},"properties":{"name":"St Peter's College","layer":"universities","note":"OpenStreetMap","osm_id":"way/24243160","osm_url":"https://www.openstreetmap.org/way/24243160","source":"OpenStreetMap"}},{"type":"Feature","geometry":{"type":"Point","coordinates":[-0.5505605,53.2297059]},"properties":{"name":"Bridge House","layer":"universities","note":"OpenStreetMap","osm_id":"way/242610646","osm_url":"https://www.openstreetmap.org/way/242610646","source":"OpenStreetMap"}},{"type":"Feature","geometry":{"type":"Point","coordinates":[-0.5562138,53.2278875]},"properties":{"name":"Minister House","layer":"universities","note":"OpenStreetMap","osm_id":"way/242621865","osm_url":"https://www.openstreetmap.org/way/242621865","source":"OpenStreetMap"}},{"type":"Feature","geometry":{"type":"Point","coordinates":[-0.5557778,53.2272906]},"properties":{"name":"Joseph Banks Laboratories","layer":"universities","note":"OpenStreetMap","osm_id":"way/242622194","osm_url":"https://www.openstreetmap.org/way/242622194","source":"OpenStreetMap"}},{"type":"Feature","geometry":{"type":"Point","coordinates":[-2.7883489,54.0412778]},"properties":{"name":"University of Cumbria, Lancaster Campus","layer":"universities","note":"University of Cumbria","osm_id":"way/24483378","osm_url":"https://www.openstreetmap.org/way/24483378","source":"OpenStreetMap","brand":"University of Cumbria"}},{"type":"Feature","geometry":{"type":"Point","coordinates":[-1.9350179,52.5169035]},"properties":{"name":"Hamcam Student Living Hamstead Campus","layer":"universities","note":"OpenStreetMap","osm_id":"way/24513663","osm_url":"https://www.openstreetmap.org/way/24513663","source":"OpenStreetMap"}},{"type":"Feature","geometry":{"type":"Point","coordinates":[-0.3692043,53.7732971]},"properties":{"name":"University of Hull","layer":"universities","note":"University of Hull","osm_id":"way/24650416","osm_url":"https://www.openstreetmap.org/way/24650416","source":"OpenStreetMap","brand":"University of Hull"}},{"type":"Feature","geometry":{"type":"Point","coordinates":[-1.252998,51.757376]},"properties":{"name":"Mansfield College","layer":"universities","note":"OpenStreetMap","osm_id":"way/24654514","osm_url":"https://www.openstreetmap.org/way/24654514","source":"OpenStreetMap"}},{"type":"Feature","geometry":{"type":"Point","coordinates":[-9.9029006,53.3265562]},"properties":{"name":"Mace Head Research Station","layer":"universities","note":"National University of Ireland Galway","osm_id":"way/248157125","osm_url":"https://www.openstreetmap.org/way/248157125","source":"OpenStreetMap","brand":"National University of Ireland Galway"}},{"type":"Feature","geometry":{"type":"Point","coordinates":[-9.6889892,52.271479]},"properties":{"name":"MTU Tralee South Campus","layer":"universities","note":"Munster Technological University","osm_id":"way/249078654","osm_url":"https://www.openstreetmap.org/way/249078654","source":"OpenStreetMap","brand":"Munster Technological University"}},{"type":"Feature","geometry":{"type":"Point","coordinates":[-1.0416754,50.7963094]},"properties":{"name":"University of Portsmouth - Langstone Campus","layer":"universities","note":"University of Portsmouth","osm_id":"way/24928682","osm_url":"https://www.openstreetmap.org/way/24928682","source":"OpenStreetMap","brand":"University of Portsmouth"}},{"type":"Feature","geometry":{"type":"Point","coordinates":[-4.2306274,57.4710369]},"properties":{"name":"University of the Highlands & Islands","layer":"universities","note":"OpenStreetMap","osm_id":"way/252868656","osm_url":"https://www.openstreetmap.org/way/252868656","source":"OpenStreetMap"}},{"type":"Feature","geometry":{"type":"Point","coordinates":[-4.2303779,57.4714292]},"properties":{"name":"Bryden Lodge","layer":"universities","note":"University of the Highlands & Islands","osm_id":"way/252869954","osm_url":"https://www.openstreetmap.org/way/252869954","source":"OpenStreetMap","brand":"University of the Highlands & Islands"}},{"type":"Feature","geometry":{"type":"Point","coordinates":[-3.1836303,55.9484124]},"properties":{"name":"University of Edinburgh - High School Yards","layer":"universities","note":"OpenStreetMap","osm_id":"way/25469627","osm_url":"https://www.openstreetmap.org/way/25469627","source":"OpenStreetMap"}},{"type":"Feature","geometry":{"type":"Point","coordinates":[0.1200034,52.2033678]},"properties":{"name":"New Museums Site (University of Cambridge)","layer":"universities","note":"University of Cambridge","osm_id":"way/25774974","osm_url":"https://www.openstreetmap.org/way/25774974","source":"OpenStreetMap","brand":"University of Cambridge"}},{"type":"Feature","geometry":{"type":"Point","coordinates":[-1.8927901,52.5179888]},"properties":{"name":"BCU Oscott Gardens","layer":"universities","note":"OpenStreetMap","osm_id":"way/257777338","osm_url":"https://www.openstreetmap.org/way/257777338","source":"OpenStreetMap"}},{"type":"Feature","geometry":{"type":"Point","coordinates":[0.1224812,52.2020243]},"properties":{"name":"Downing Site (University of Cambridge)","layer":"universities","note":"University of Cambridge","osm_id":"way/25802541","osm_url":"https://www.openstreetmap.org/way/25802541","source":"OpenStreetMap","brand":"University of Cambridge"}},{"type":"Feature","geometry":{"type":"Point","coordinates":[-2.6078639,51.4573073]},"properties":{"name":"Magg's House","layer":"universities","note":"OpenStreetMap","osm_id":"way/261007875","osm_url":"https://www.openstreetmap.org/way/261007875","source":"OpenStreetMap"}},{"type":"Feature","geometry":{"type":"Point","coordinates":[-6.3900683,53.9831724]},"properties":{"name":"Dundalk Institute of Technology - DKIT","layer":"universities","note":"OpenStreetMap","osm_id":"way/261559217","osm_url":"https://www.openstreetmap.org/way/261559217","source":"OpenStreetMap"}},{"type":"Feature","geometry":{"type":"Point","coordinates":[0.1286536,52.1968083]},"properties":{"name":"St Catharine's College","layer":"universities","note":"St Catharine's College (University of Cambridge)","osm_id":"way/263621277","osm_url":"https://www.openstreetmap.org/way/263621277","source":"OpenStreetMap","brand":"St Catharine's College (University of Cambridge)"}},{"type":"Feature","geometry":{"type":"Point","coordinates":[0.118588,52.2078544]},"properties":{"name":"Corfield Court (St John's College)","layer":"universities","note":"St John's College (University of Cambridge)","osm_id":"way/263621278","osm_url":"https://www.openstreetmap.org/way/263621278","source":"OpenStreetMap","brand":"St John's College (University of Cambridge)"}},{"type":"Feature","geometry":{"type":"Point","coordinates":[-3.2390342,55.9183256]},"properties":{"name":"Edinburgh Napier University - Craiglockhart Campus","layer":"universities","note":"OpenStreetMap","osm_id":"way/26431450","osm_url":"https://www.openstreetmap.org/way/26431450","source":"OpenStreetMap"}},{"type":"Feature","geometry":{"type":"Point","coordinates":[-2.9750178,56.4632672]},"properties":{"name":"Abertay University","layer":"universities","note":"OpenStreetMap","osm_id":"way/26547289","osm_url":"https://www.openstreetmap.org/way/26547289","source":"OpenStreetMap"}},{"type":"Feature","geometry":{"type":"Point","coordinates":[-0.1400993,51.5209353]},"properties":{"name":"University of Westminster","layer":"universities","note":"OpenStreetMap","osm_id":"way/26595410","osm_url":"https://www.openstreetmap.org/way/26595410","source":"OpenStreetMap"}},{"type":"Feature","geometry":{"type":"Point","coordinates":[-2.4414221,51.3748218]},"properties":{"name":"Bath Spa University","layer":"universities","note":"Bath Spa University","osm_id":"way/266864205","osm_url":"https://www.openstreetmap.org/way/266864205","source":"OpenStreetMap","brand":"Bath Spa University"}},{"type":"Feature","geometry":{"type":"Point","coordinates":[-0.3034452,51.5070382]},"properties":{"name":"The University of West London","layer":"universities","note":"University of West London","osm_id":"way/267077865","osm_url":"https://www.openstreetmap.org/way/267077865","source":"OpenStreetMap","brand":"University of West London"}},{"type":"Feature","geometry":{"type":"Point","coordinates":[-0.3132213,51.4895257]},"properties":{"name":"University of West London (Brentford Campus)","layer":"universities","note":"University of West London","osm_id":"way/267105024","osm_url":"https://www.openstreetmap.org/way/267105024","source":"OpenStreetMap","brand":"University of West London"}},{"type":"Feature","geometry":{"type":"Point","coordinates":[-2.1809177,53.0096674]},"properties":{"name":"University of Staffordshire Stoke Campus","layer":"universities","note":"OpenStreetMap","osm_id":"way/26993600","osm_url":"https://www.openstreetmap.org/way/26993600","source":"OpenStreetMap"}},{"type":"Feature","geometry":{"type":"Point","coordinates":[-0.1550656,51.5220311]},"properties":{"name":"University of Westminster, Marylebone Campus","layer":"universities","note":"University of Westminster","osm_id":"way/27005821","osm_url":"https://www.openstreetmap.org/way/27005821","source":"OpenStreetMap","brand":"University of Westminster"}},{"type":"Feature","geometry":{"type":"Point","coordinates":[-0.8052324,51.2162311]},"properties":{"name":"University for the Creative Arts, Farnham Campus","layer":"universities","note":"University for the Creative Arts","osm_id":"way/27095015","osm_url":"https://www.openstreetmap.org/way/27095015","source":"OpenStreetMap","brand":"University for the Creative Arts"}},{"type":"Feature","geometry":{"type":"Point","coordinates":[-3.1986318,55.9456985]},"properties":{"name":"University of Edinburgh - Lauriston Campus","layer":"universities","note":"University of Edinburgh","osm_id":"way/27279877","osm_url":"https://www.openstreetmap.org/way/27279877","source":"OpenStreetMap","brand":"University of Edinburgh"}},{"type":"Feature","geometry":{"type":"Point","coordinates":[-8.484865,51.8967442]},"properties":{"name":"UCC School of Music and Theatre","layer":"universities","note":"University College Cork","osm_id":"way/273185483","osm_url":"https://www.openstreetmap.org/way/273185483","source":"OpenStreetMap","brand":"University College Cork"}},{"type":"Feature","geometry":{"type":"Point","coordinates":[-1.9488878,52.4342215]},"properties":{"name":"University of Birmingham Selly Oak Campus","layer":"universities","note":"University of Birmingham","osm_id":"way/27341992","osm_url":"https://www.openstreetmap.org/way/27341992","source":"OpenStreetMap","brand":"University of Birmingham"}},{"type":"Feature","geometry":{"type":"Point","coordinates":[-0.7739202,50.8449472]},"properties":{"name":"University of Chichester","layer":"universities","note":"University of Chichester","osm_id":"way/27420150","osm_url":"https://www.openstreetmap.org/way/27420150","source":"OpenStreetMap","brand":"University of Chichester"}},{"type":"Feature","geometry":{"type":"Point","coordinates":[-0.0924208,51.4687761]},"properties":{"name":"King's College London, Denmark Hill Campus (West)","layer":"universities","note":"King's College London","osm_id":"way/276175971","osm_url":"https://www.openstreetmap.org/way/276175971","source":"OpenStreetMap","brand":"King's College London"}},{"type":"Feature","geometry":{"type":"Point","coordinates":[-6.2228712,53.4263374]},"properties":{"name":"TU Dublin Aeronautical Engineering","layer":"universities","note":"OpenStreetMap","osm_id":"way/27715951","osm_url":"https://www.openstreetmap.org/way/27715951","source":"OpenStreetMap"}},{"type":"Feature","geometry":{"type":"Point","coordinates":[-0.1055864,51.5477721]},"properties":{"name":"University","layer":"universities","note":"London Metropolitan University","osm_id":"way/27815144","osm_url":"https://www.openstreetmap.org/way/27815144","source":"OpenStreetMap","brand":"London Metropolitan University"}},{"type":"Feature","geometry":{"type":"Point","coordinates":[-0.1060304,51.5484182]},"properties":{"name":"University","layer":"universities","note":"London Metropolitan University","osm_id":"way/27815145","osm_url":"https://www.openstreetmap.org/way/27815145","source":"OpenStreetMap","brand":"London Metropolitan University"}},{"type":"Feature","geometry":{"type":"Point","coordinates":[-0.1302556,51.5219106]},"properties":{"name":"Birkbeck College","layer":"universities","note":"Birkbeck, University of London","osm_id":"way/28006263","osm_url":"https://www.openstreetmap.org/way/28006263","source":"OpenStreetMap","brand":"Birkbeck, University of London"}},{"type":"Feature","geometry":{"type":"Point","coordinates":[-1.5653437,54.7769516]},"properties":{"name":"Caedmon Building","layer":"universities","note":"OpenStreetMap","osm_id":"way/28009158","osm_url":"https://www.openstreetmap.org/way/28009158","source":"OpenStreetMap"}},{"type":"Feature","geometry":{"type":"Point","coordinates":[-1.2639247,51.7561669]},"properties":{"name":"Cohen Quad","layer":"universities","note":"Exeter College","osm_id":"way/28044398","osm_url":"https://www.openstreetmap.org/way/28044398","source":"OpenStreetMap","brand":"Exeter College"}},{"type":"Feature","geometry":{"type":"Point","coordinates":[0.1430255,52.1732979]},"properties":{"name":"Forvie Site (University of Cambridge)","layer":"universities","note":"University of Cambridge","osm_id":"way/28100828","osm_url":"https://www.openstreetmap.org/way/28100828","source":"OpenStreetMap","brand":"University of Cambridge"}},{"type":"Feature","geometry":{"type":"Point","coordinates":[-2.5482569,53.4155304]},"properties":{"name":"University of Chester - Warrington Campus","layer":"universities","note":"OpenStreetMap","osm_id":"way/28429439","osm_url":"https://www.openstreetmap.org/way/28429439","source":"OpenStreetMap"}},{"type":"Feature","geometry":{"type":"Point","coordinates":[-5.883542,54.6870837]},"properties":{"name":"Ulster University, Jordanstown Campus","layer":"universities","note":"Ulster University","osm_id":"way/284864396","osm_url":"https://www.openstreetmap.org/way/284864396","source":"OpenStreetMap","brand":"Ulster University"}},{"type":"Feature","geometry":{"type":"Point","coordinates":[1.1646549,52.0501146]},"properties":{"name":"University of Suffolk","layer":"universities","note":"University of Suffolk","osm_id":"way/28744049","osm_url":"https://www.openstreetmap.org/way/28744049","source":"OpenStreetMap","brand":"University of Suffolk"}},{"type":"Feature","geometry":{"type":"Point","coordinates":[-9.0257371,53.2835436]},"properties":{"name":"Atlantic Technological University Galway","layer":"universities","note":"OpenStreetMap","osm_id":"way/289287570","osm_url":"https://www.openstreetmap.org/way/289287570","source":"OpenStreetMap"}},{"type":"Feature","geometry":{"type":"Point","coordinates":[-2.2122308,53.44442]},"properties":{"name":"University of Manchester Fallowfield Campus","layer":"universities","note":"The University of Manchester","osm_id":"way/289948104","osm_url":"https://www.openstreetmap.org/way/289948104","source":"OpenStreetMap","brand":"The University of Manchester"}},{"type":"Feature","geometry":{"type":"Point","coordinates":[0.1141356,52.2006746]},"properties":{"name":"Darwin College (University of Cambridge)","layer":"universities","note":"Darwin College (University of Cambridge)","osm_id":"way/29202801","osm_url":"https://www.openstreetmap.org/way/29202801","source":"OpenStreetMap","brand":"Darwin College (University of Cambridge)"}},{"type":"Feature","geometry":{"type":"Point","coordinates":[0.0992273,52.2046512]},"properties":{"name":"West Court (Clare Hall)","layer":"universities","note":"Clare Hall (University of Cambridge)","osm_id":"way/29202869","osm_url":"https://www.openstreetmap.org/way/29202869","source":"OpenStreetMap","brand":"Clare Hall (University of Cambridge)"}},{"type":"Feature","geometry":{"type":"Point","coordinates":[-1.2576334,51.7571924]},"properties":{"name":"St John's College","layer":"universities","note":"OpenStreetMap","osm_id":"way/292047265","osm_url":"https://www.openstreetmap.org/way/292047265","source":"OpenStreetMap"}},{"type":"Feature","geometry":{"type":"Point","coordinates":[-3.0733067,55.930871]},"properties":{"name":"Queen Margaret University","layer":"universities","note":"Queen Margaret University","osm_id":"way/29343989","osm_url":"https://www.openstreetmap.org/way/29343989","source":"OpenStreetMap","brand":"Queen Margaret University"}},{"type":"Feature","geometry":{"type":"Point","coordinates":[-1.1858262,52.9116875]},"properties":{"name":"Nottingham Trent University (Clifton Campus)","layer":"universities","note":"OpenStreetMap","osm_id":"way/29348267","osm_url":"https://www.openstreetmap.org/way/29348267","source":"OpenStreetMap"}},{"type":"Feature","geometry":{"type":"Point","coordinates":[-0.3361474,51.4289227]},"properties":{"name":"University","layer":"universities","note":"OpenStreetMap","osm_id":"way/293725955","osm_url":"https://www.openstreetmap.org/way/293725955","source":"OpenStreetMap"}},{"type":"Feature","geometry":{"type":"Point","coordinates":[-1.1715083,52.9385054]},"properties":{"name":"University of Nottingham King's Meadow Campus","layer":"universities","note":"University of Nottingham","osm_id":"way/29400296","osm_url":"https://www.openstreetmap.org/way/29400296","source":"OpenStreetMap","brand":"University of Nottingham"}},{"type":"Feature","geometry":{"type":"Point","coordinates":[-1.2532805,51.7585981]},"properties":{"name":"Science Area","layer":"universities","note":"University of Oxford","osm_id":"way/29431366","osm_url":"https://www.openstreetmap.org/way/29431366","source":"OpenStreetMap","brand":"University of Oxford"}},{"type":"Feature","geometry":{"type":"Point","coordinates":[-1.1148163,52.6086809]},"properties":{"name":"University of Leicester","layer":"universities","note":"University of Leicester","osm_id":"way/294335092","osm_url":"https://www.openstreetmap.org/way/294335092","source":"OpenStreetMap","brand":"University of Leicester"}},{"type":"Feature","geometry":{"type":"Point","coordinates":[-1.1100147,52.6206233]},"properties":{"name":"University of Leicester","layer":"universities","note":"University of Leicester","osm_id":"way/294345480","osm_url":"https://www.openstreetmap.org/way/294345480","source":"OpenStreetMap","brand":"University of Leicester"}},{"type":"Feature","geometry":{"type":"Point","coordinates":[-3.0270872,53.2897685]},"properties":{"name":"University of Liverpool Leahurst Veterinary School","layer":"universities","note":"OpenStreetMap","osm_id":"way/295541282","osm_url":"https://www.openstreetmap.org/way/295541282","source":"OpenStreetMap"}},{"type":"Feature","geometry":{"type":"Point","coordinates":[-0.2371749,52.5767804]},"properties":{"name":"City College Peterborough","layer":"universities","note":"OpenStreetMap","osm_id":"way/296617708","osm_url":"https://www.openstreetmap.org/way/296617708","source":"OpenStreetMap"}},{"type":"Feature","geometry":{"type":"Point","coordinates":[-2.1278943,52.6031504]},"properties":{"name":"University of Wolverhampton Science Park","layer":"universities","note":"OpenStreetMap","osm_id":"way/297353797","osm_url":"https://www.openstreetmap.org/way/297353797","source":"OpenStreetMap"}},{"type":"Feature","geometry":{"type":"Point","coordinates":[-3.1804483,55.9499711]},"properties":{"name":"University of Edinburgh - Holyrood Campus","layer":"universities","note":"University of Edinburgh","osm_id":"way/299078476","osm_url":"https://www.openstreetmap.org/way/299078476","source":"OpenStreetMap","brand":"University of Edinburgh"}},{"type":"Feature","geometry":{"type":"Point","coordinates":[-1.9094833,52.4825745]},"properties":{"name":"UCB George Street Car Park","layer":"universities","note":"OpenStreetMap","osm_id":"way/29997603","osm_url":"https://www.openstreetmap.org/way/29997603","source":"OpenStreetMap"}},{"type":"Feature","geometry":{"type":"Point","coordinates":[-1.0250686,53.9490878]},"properties":{"name":"Constantine College","layer":"universities","note":"OpenStreetMap","osm_id":"way/300130309","osm_url":"https://www.openstreetmap.org/way/300130309","source":"OpenStreetMap"}},{"type":"Feature","geometry":{"type":"Point","coordinates":[-0.0802498,51.4742526]},"properties":{"name":"Camberwell College of Arts","layer":"universities","note":"University of Arts London","osm_id":"way/30239877","osm_url":"https://www.openstreetmap.org/way/30239877","source":"OpenStreetMap","brand":"University of Arts London"}},{"type":"Feature","geometry":{"type":"Point","coordinates":[-2.7815988,56.335218]},"properties":{"name":"Gatty Marine Laboratory Scottish Oceans Institute","layer":"universities","note":"OpenStreetMap","osm_id":"way/30440137","osm_url":"https://www.openstreetmap.org/way/30440137","source":"OpenStreetMap"}},{"type":"Feature","geometry":{"type":"Point","coordinates":[-2.2243234,51.8731233]},"properties":{"name":"University of Gloucestershire - Oxtalls Campus","layer":"universities","note":"University of Gloucestershire","osm_id":"way/30533534","osm_url":"https://www.openstreetmap.org/way/30533534","source":"OpenStreetMap","brand":"University of Gloucestershire"}},{"type":"Feature","geometry":{"type":"Point","coordinates":[-1.2590077,51.760492]},"properties":{"name":"Keble Triangle","layer":"universities","note":"University of Oxford","osm_id":"way/30636722","osm_url":"https://www.openstreetmap.org/way/30636722","source":"OpenStreetMap","brand":"University of Oxford"}},{"type":"Feature","geometry":{"type":"Point","coordinates":[-6.2459269,53.331181]},"properties":{"name":"Dublin Institute for Advanced Studies","layer":"universities","note":"OpenStreetMap","osm_id":"way/307403825","osm_url":"https://www.openstreetmap.org/way/307403825","source":"OpenStreetMap"}},{"type":"Feature","geometry":{"type":"Point","coordinates":[-1.5740621,54.7728688]},"properties":{"name":"St Chad's College","layer":"universities","note":"Durham University","osm_id":"way/308668495","osm_url":"https://www.openstreetmap.org/way/308668495","source":"OpenStreetMap","brand":"Durham University"}},{"type":"Feature","geometry":{"type":"Point","coordinates":[-0.4420877,52.1426532]},"properties":{"name":"University of Bedfordshire Polhill Campus","layer":"universities","note":"University of Bedfordshire","osm_id":"way/3087485","osm_url":"https://www.openstreetmap.org/way/3087485","source":"OpenStreetMap","brand":"University of Bedfordshire"}},{"type":"Feature","geometry":{"type":"Point","coordinates":[-0.1148658,51.5605182]},"properties":{"name":"University","layer":"universities","note":"The American University in London","osm_id":"way/30896434","osm_url":"https://www.openstreetmap.org/way/30896434","source":"OpenStreetMap","brand":"The American University in London"}},{"type":"Feature","geometry":{"type":"Point","coordinates":[-1.1541419,52.946884]},"properties":{"name":"University of Nottingham Castle Meadow Campus","layer":"universities","note":"University of Nottingham","osm_id":"way/30897050","osm_url":"https://www.openstreetmap.org/way/30897050","source":"OpenStreetMap","brand":"University of Nottingham"}},{"type":"Feature","geometry":{"type":"Point","coordinates":[-1.9076207,52.4785507]},"properties":{"name":"The Exchange University of Birmingham","layer":"universities","note":"OpenStreetMap","osm_id":"way/30955839","osm_url":"https://www.openstreetmap.org/way/30955839","source":"OpenStreetMap"}},{"type":"Feature","geometry":{"type":"Point","coordinates":[-0.1189036,51.5167004]},"properties":{"name":"Queen Mary School of Law","layer":"universities","note":"Queen Mary University of London","osm_id":"way/310159570","osm_url":"https://www.openstreetmap.org/way/310159570","source":"OpenStreetMap","brand":"Queen Mary University of London"}},{"type":"Feature","geometry":{"type":"Point","coordinates":[0.1184439,52.2031232]},"properties":{"name":"Corpus Christi College (University of Cambridge)","layer":"universities","note":"Corpus Christi College (University of Cambridge)","osm_id":"way/310385186","osm_url":"https://www.openstreetmap.org/way/310385186","source":"OpenStreetMap","brand":"Corpus Christi College (University of Cambridge)"}},{"type":"Feature","geometry":{"type":"Point","coordinates":[-6.2544501,53.3437375]},"properties":{"name":"Trinity College Dublin","layer":"universities","note":"OpenStreetMap","osm_id":"way/311466843","osm_url":"https://www.openstreetmap.org/way/311466843","source":"OpenStreetMap"}},{"type":"Feature","geometry":{"type":"Point","coordinates":[-2.6326816,51.4430612]},"properties":{"name":"E","layer":"universities","note":"UWE Bristol","osm_id":"way/312052920","osm_url":"https://www.openstreetmap.org/way/312052920","source":"OpenStreetMap","brand":"UWE Bristol"}},{"type":"Feature","geometry":{"type":"Point","coordinates":[-6.2472837,53.3433586]},"properties":{"name":"Trinity Biomedical Sciences Institute (Trinity College, Dublin)","layer":"universities","note":"Trinity College, Dublin","osm_id":"way/312204496","osm_url":"https://www.openstreetmap.org/way/312204496","source":"OpenStreetMap","brand":"Trinity College, Dublin"}},{"type":"Feature","geometry":{"type":"Point","coordinates":[-6.2626155,53.3391784]},"properties":{"name":"Royal College of Surgeons in Ireland","layer":"universities","note":"OpenStreetMap","osm_id":"way/313246185","osm_url":"https://www.openstreetmap.org/way/313246185","source":"OpenStreetMap"}},{"type":"Feature","geometry":{"type":"Point","coordinates":[-8.4929321,51.8936036]},"properties":{"name":"University College Cork Main Campus","layer":"universities","note":"University College Cork","osm_id":"way/31360330","osm_url":"https://www.openstreetmap.org/way/31360330","source":"OpenStreetMap","brand":"University College Cork"}},{"type":"Feature","geometry":{"type":"Point","coordinates":[-8.5010526,51.8951822]},"properties":{"name":"University College Cork Mardyke Sport Complex","layer":"universities","note":"OpenStreetMap","osm_id":"way/31360416","osm_url":"https://www.openstreetmap.org/way/31360416","source":"OpenStreetMap"}},{"type":"Feature","geometry":{"type":"Point","coordinates":[-3.2888705,55.9244036]},"properties":{"name":"Edinburgh Napier University - Sighthill Campus","layer":"universities","note":"OpenStreetMap","osm_id":"way/313914293","osm_url":"https://www.openstreetmap.org/way/313914293","source":"OpenStreetMap"}},{"type":"Feature","geometry":{"type":"Point","coordinates":[-1.1377317,52.6175068]},"properties":{"name":"University of Leicester","layer":"universities","note":"OpenStreetMap","osm_id":"way/314847556","osm_url":"https://www.openstreetmap.org/way/314847556","source":"OpenStreetMap"}},{"type":"Feature","geometry":{"type":"Point","coordinates":[-1.1293752,52.6168897]},"properties":{"name":"University of Leicester Nixon Court","layer":"universities","note":"OpenStreetMap","osm_id":"way/314847557","osm_url":"https://www.openstreetmap.org/way/314847557","source":"OpenStreetMap"}},{"type":"Feature","geometry":{"type":"Point","coordinates":[-1.1360396,52.6164324]},"properties":{"name":"University of Leicester","layer":"universities","note":"OpenStreetMap","osm_id":"way/314847558","osm_url":"https://www.openstreetmap.org/way/314847558","source":"OpenStreetMap"}},{"type":"Feature","geometry":{"type":"Point","coordinates":[-1.1548816,52.6296467]},"properties":{"name":"University of Leicester","layer":"universities","note":"OpenStreetMap","osm_id":"way/315070873","osm_url":"https://www.openstreetmap.org/way/315070873","source":"OpenStreetMap"}},{"type":"Feature","geometry":{"type":"Point","coordinates":[-1.2597722,51.7643942]},"properties":{"name":"Kellogg College","layer":"universities","note":"OpenStreetMap","osm_id":"way/31567689","osm_url":"https://www.openstreetmap.org/way/31567689","source":"OpenStreetMap"}},{"type":"Feature","geometry":{"type":"Point","coordinates":[0.1197127,52.2019647]},"properties":{"name":"Pembroke College (University of Cambridge)","layer":"universities","note":"Pembroke College (University of Cambridge)","osm_id":"way/31773719","osm_url":"https://www.openstreetmap.org/way/31773719","source":"OpenStreetMap","brand":"Pembroke College (University of Cambridge)"}},{"type":"Feature","geometry":{"type":"Point","coordinates":[-3.2002018,55.9342711]},"properties":{"name":"Gillis Centre","layer":"universities","note":"OpenStreetMap","osm_id":"way/318235761","osm_url":"https://www.openstreetmap.org/way/318235761","source":"OpenStreetMap"}},{"type":"Feature","geometry":{"type":"Point","coordinates":[-2.0887098,51.8871029]},"properties":{"name":"Park Campus","layer":"universities","note":"University of Gloucestershire","osm_id":"way/31886872","osm_url":"https://www.openstreetmap.org/way/31886872","source":"OpenStreetMap","brand":"University of Gloucestershire"}},{"type":"Feature","geometry":{"type":"Point","coordinates":[-6.2559592,53.3711709]},"properties":{"name":"Dublin City University Saint Patrick's Campus","layer":"universities","note":"Dublin City University","osm_id":"way/32118047","osm_url":"https://www.openstreetmap.org/way/32118047","source":"OpenStreetMap","brand":"Dublin City University"}},{"type":"Feature","geometry":{"type":"Point","coordinates":[-1.5006292,52.4072676]},"properties":{"name":"University","layer":"universities","note":"OpenStreetMap","osm_id":"way/322746175","osm_url":"https://www.openstreetmap.org/way/322746175","source":"OpenStreetMap"}},{"type":"Feature","geometry":{"type":"Point","coordinates":[-2.9689352,53.412869]},"properties":{"name":"Liverpool Hope University","layer":"universities","note":"Liverpool Hope University","osm_id":"way/324218550","osm_url":"https://www.openstreetmap.org/way/324218550","source":"OpenStreetMap","brand":"Liverpool Hope University"}},{"type":"Feature","geometry":{"type":"Point","coordinates":[-1.0581504,53.9435215]},"properties":{"name":"Astrocampus","layer":"universities","note":"OpenStreetMap","osm_id":"way/324513617","osm_url":"https://www.openstreetmap.org/way/324513617","source":"OpenStreetMap"}},{"type":"Feature","geometry":{"type":"Point","coordinates":[-7.7055273,52.3648005]},"properties":{"name":"TUS Clonmel Digital Campus","layer":"universities","note":"Technological University of the Shannon: Midlands Midwest","osm_id":"way/325164006","osm_url":"https://www.openstreetmap.org/way/325164006","source":"OpenStreetMap","brand":"Technological University of the Shannon: Midlands Midwest"}},{"type":"Feature","geometry":{"type":"Point","coordinates":[-3.1870044,55.946832]},"properties":{"name":"The University Of Edinburgh 13-15 South College Street","layer":"universities","note":"OpenStreetMap","osm_id":"way/32558641","osm_url":"https://www.openstreetmap.org/way/32558641","source":"OpenStreetMap"}},{"type":"Feature","geometry":{"type":"Point","coordinates":[-3.6073608,51.5064994]},"properties":{"name":"Union School of Theology","layer":"universities","note":"Union","osm_id":"way/326079628","osm_url":"https://www.openstreetmap.org/way/326079628","source":"OpenStreetMap","brand":"Union"}},{"type":"Feature","geometry":{"type":"Point","coordinates":[-1.4026448,50.9287408]},"properties":{"name":"Avenue Campus","layer":"universities","note":"University of Southampton","osm_id":"way/32651218","osm_url":"https://www.openstreetmap.org/way/32651218","source":"OpenStreetMap","brand":"University of Southampton"}},{"type":"Feature","geometry":{"type":"Point","coordinates":[-1.2143811,51.7524124]},"properties":{"name":"Old Road Campus, University of Oxford","layer":"universities","note":"University of Oxford","osm_id":"way/327731413","osm_url":"https://www.openstreetmap.org/way/327731413","source":"OpenStreetMap","brand":"University of Oxford"}},{"type":"Feature","geometry":{"type":"Point","coordinates":[-6.268641,53.351221]},"properties":{"name":"Technological University Dublin - Bolton Street Campus","layer":"universities","note":"Technological University Dublin","osm_id":"way/32866856","osm_url":"https://www.openstreetmap.org/way/32866856","source":"OpenStreetMap","brand":"Technological University Dublin"}},{"type":"Feature","geometry":{"type":"Point","coordinates":[-10.267036,52.1393028]},"properties":{"name":"Sacred Heart University Dingle Campus","layer":"universities","note":"Sacred Heart University","osm_id":"way/331099114","osm_url":"https://www.openstreetmap.org/way/331099114","source":"OpenStreetMap","brand":"Sacred Heart University"}},{"type":"Feature","geometry":{"type":"Point","coordinates":[0.1323198,52.2014324]},"properties":{"name":"Mortimer Road (Gonville & Caius College)","layer":"universities","note":"Gonville & Caius College (University of Cambridge)","osm_id":"way/331444328","osm_url":"https://www.openstreetmap.org/way/331444328","source":"OpenStreetMap","brand":"Gonville & Caius College (University of Cambridge)"}},{"type":"Feature","geometry":{"type":"Point","coordinates":[0.1303035,52.1987292]},"properties":{"name":"Harvey Road Campus (Gonville & Caius College)","layer":"universities","note":"Gonville & Caius College (University of Cambridge)","osm_id":"way/331454816","osm_url":"https://www.openstreetmap.org/way/331454816","source":"OpenStreetMap","brand":"Gonville & Caius College (University of Cambridge)"}},{"type":"Feature","geometry":{"type":"Point","coordinates":[-2.9311391,54.9062861]},"properties":{"name":"University","layer":"universities","note":"OpenStreetMap","osm_id":"way/332532415","osm_url":"https://www.openstreetmap.org/way/332532415","source":"OpenStreetMap"}},{"type":"Feature","geometry":{"type":"Point","coordinates":[-6.249696,53.3423414]},"properties":{"name":"Royal Irish Academy of Music","layer":"universities","note":"OpenStreetMap","osm_id":"way/334114102","osm_url":"https://www.openstreetmap.org/way/334114102","source":"OpenStreetMap"}},{"type":"Feature","geometry":{"type":"Point","coordinates":[-6.60088,53.3846863]},"properties":{"name":"Maynooth University North Campus","layer":"universities","note":"National University of Ireland, Maynooth","osm_id":"way/33452092","osm_url":"https://www.openstreetmap.org/way/33452092","source":"OpenStreetMap","brand":"National University of Ireland, Maynooth"}},{"type":"Feature","geometry":{"type":"Point","coordinates":[-6.6007766,53.3793263]},"properties":{"name":"Maynooth University South Campus","layer":"universities","note":"National University of Ireland, Maynooth","osm_id":"way/33452094","osm_url":"https://www.openstreetmap.org/way/33452094","source":"OpenStreetMap","brand":"National University of Ireland, Maynooth"}},{"type":"Feature","geometry":{"type":"Point","coordinates":[-2.606719,51.4548778]},"properties":{"name":"Institute for Learning and Research Technology","layer":"universities","note":"OpenStreetMap","osm_id":"way/338884628","osm_url":"https://www.openstreetmap.org/way/338884628","source":"OpenStreetMap"}},{"type":"Feature","geometry":{"type":"Point","coordinates":[-0.1433149,51.5168874]},"properties":{"name":"University of Westminster","layer":"universities","note":"OpenStreetMap","osm_id":"way/344367976","osm_url":"https://www.openstreetmap.org/way/344367976","source":"OpenStreetMap"}},{"type":"Feature","geometry":{"type":"Point","coordinates":[-2.3262748,51.3766961]},"properties":{"name":"University of Bath","layer":"universities","note":"University of Bath","osm_id":"way/345133857","osm_url":"https://www.openstreetmap.org/way/345133857","source":"OpenStreetMap","brand":"University of Bath"}},{"type":"Feature","geometry":{"type":"Point","coordinates":[-0.141076,51.5182558]},"properties":{"name":"University of Westminster","layer":"universities","note":"OpenStreetMap","osm_id":"way/345696149","osm_url":"https://www.openstreetmap.org/way/345696149","source":"OpenStreetMap"}},{"type":"Feature","geometry":{"type":"Point","coordinates":[-0.7692234,52.0383257]},"properties":{"name":"MK:U","layer":"universities","note":"Cranfield University","osm_id":"way/34995565","osm_url":"https://www.openstreetmap.org/way/34995565","source":"OpenStreetMap","brand":"Cranfield University"}},{"type":"Feature","geometry":{"type":"Point","coordinates":[-7.1820949,52.2529248]},"properties":{"name":"South East Technological University - West Campus","layer":"universities","note":"South East Technological University","osm_id":"way/35099364","osm_url":"https://www.openstreetmap.org/way/35099364","source":"OpenStreetMap","brand":"South East Technological University"}},{"type":"Feature","geometry":{"type":"Point","coordinates":[-5.4422838,56.451561]},"properties":{"name":"Scottish Association for Marine Science UHI","layer":"universities","note":"University of the Highlands and Islands","osm_id":"way/356837914","osm_url":"https://www.openstreetmap.org/way/356837914","source":"OpenStreetMap","brand":"University of the Highlands and Islands"}},{"type":"Feature","geometry":{"type":"Point","coordinates":[-7.7424285,52.3579362]},"properties":{"name":"Questum Enterprise Centre","layer":"universities","note":"Technological University of the Shannon: Midlands Midwest","osm_id":"way/360745044","osm_url":"https://www.openstreetmap.org/way/360745044","source":"OpenStreetMap","brand":"Technological University of the Shannon: Midlands Midwest"}},{"type":"Feature","geometry":{"type":"Point","coordinates":[0.1118263,52.2107331]},"properties":{"name":"Westminster College","layer":"universities","note":"United Reformed Church Westminster College","osm_id":"way/363145648","osm_url":"https://www.openstreetmap.org/way/363145648","source":"OpenStreetMap","brand":"United Reformed Church Westminster College"}},{"type":"Feature","geometry":{"type":"Point","coordinates":[-8.5707382,52.6730814]},"properties":{"name":"University of Limerick","layer":"universities","note":"OpenStreetMap","osm_id":"way/36382684","osm_url":"https://www.openstreetmap.org/way/36382684","source":"OpenStreetMap"}},{"type":"Feature","geometry":{"type":"Point","coordinates":[-8.5723055,52.6799017]},"properties":{"name":"University of Limerick","layer":"universities","note":"OpenStreetMap","osm_id":"way/36396791","osm_url":"https://www.openstreetmap.org/way/36396791","source":"OpenStreetMap"}},{"type":"Feature","geometry":{"type":"Point","coordinates":[-1.1548945,52.9686744]},"properties":{"name":"Open University Student Recruitment and Support Centre","layer":"universities","note":"OpenStreetMap","osm_id":"way/36405213","osm_url":"https://www.openstreetmap.org/way/36405213","source":"OpenStreetMap"}},{"type":"Feature","geometry":{"type":"Point","coordinates":[-0.107805,50.8637514]},"properties":{"name":"Varley Park","layer":"universities","note":"University of Brighton","osm_id":"way/364340685","osm_url":"https://www.openstreetmap.org/way/364340685","source":"OpenStreetMap","brand":"University of Brighton"}},{"type":"Feature","geometry":{"type":"Point","coordinates":[-1.7781242,53.6429155]},"properties":{"name":"University of Huddersfield","layer":"universities","note":"University of Huddersfield","osm_id":"way/365015416","osm_url":"https://www.openstreetmap.org/way/365015416","source":"OpenStreetMap","brand":"University of Huddersfield"}},{"type":"Feature","geometry":{"type":"Point","coordinates":[-2.988511,56.4599314]},"properties":{"name":"Al-Maktoum College of Higher Education","layer":"universities","note":"Al-Maktoum College of Higher Education","osm_id":"way/365316050","osm_url":"https://www.openstreetmap.org/way/365316050","source":"OpenStreetMap","brand":"Al-Maktoum College of Higher Education"}},{"type":"Feature","geometry":{"type":"Point","coordinates":[-6.2467952,53.343798]},"properties":{"name":"Westland Square (Trinity College, Dublin)","layer":"universities","note":"Trinity College, Dublin","osm_id":"way/365974511","osm_url":"https://www.openstreetmap.org/way/365974511","source":"OpenStreetMap","brand":"Trinity College, Dublin"}},{"type":"Feature","geometry":{"type":"Point","coordinates":[-6.2501435,53.3420317]},"properties":{"name":"University","layer":"universities","note":"Trinity College, Dublin","osm_id":"way/365974513","osm_url":"https://www.openstreetmap.org/way/365974513","source":"OpenStreetMap","brand":"Trinity College, Dublin"}},{"type":"Feature","geometry":{"type":"Point","coordinates":[-1.0826594,53.9654111]},"properties":{"name":"De Grey Court","layer":"universities","note":"York St John University","osm_id":"way/370206707","osm_url":"https://www.openstreetmap.org/way/370206707","source":"OpenStreetMap","brand":"York St John University"}},{"type":"Feature","geometry":{"type":"Point","coordinates":[-2.6129279,51.4567991]},"properties":{"name":"Bristol University Student Union","layer":"universities","note":"OpenStreetMap","osm_id":"way/37031505","osm_url":"https://www.openstreetmap.org/way/37031505","source":"OpenStreetMap"}},{"type":"Feature","geometry":{"type":"Point","coordinates":[-1.5915245,54.7689204]},"properties":{"name":"Ustinov College","layer":"universities","note":"Durham University","osm_id":"way/37114967","osm_url":"https://www.openstreetmap.org/way/37114967","source":"OpenStreetMap","brand":"Durham University"}},{"type":"Feature","geometry":{"type":"Point","coordinates":[-8.4607538,51.9040602]},"properties":{"name":"Griffith College Cork","layer":"universities","note":"Bellerophon Limited","osm_id":"way/371903395","osm_url":"https://www.openstreetmap.org/way/371903395","source":"OpenStreetMap","brand":"Bellerophon Limited"}},{"type":"Feature","geometry":{"type":"Point","coordinates":[-6.2706941,53.3764394]},"properties":{"name":"Dublin City University Innovation Campus","layer":"universities","note":"Dublin City University","osm_id":"way/373212206","osm_url":"https://www.openstreetmap.org/way/373212206","source":"OpenStreetMap","brand":"Dublin City University"}},{"type":"Feature","geometry":{"type":"Point","coordinates":[-1.1286527,52.6187503]},"properties":{"name":"University of Leicester Freemen's","layer":"universities","note":"OpenStreetMap","osm_id":"way/37612774","osm_url":"https://www.openstreetmap.org/way/37612774","source":"OpenStreetMap"}},{"type":"Feature","geometry":{"type":"Point","coordinates":[0.1042395,52.2098251]},"properties":{"name":"Wolfson Court (formerly part of Girton College)","layer":"universities","note":"OpenStreetMap","osm_id":"way/37657468","osm_url":"https://www.openstreetmap.org/way/37657468","source":"OpenStreetMap"}},{"type":"Feature","geometry":{"type":"Point","coordinates":[-0.0858893,50.8674411]},"properties":{"name":"University of Sussex","layer":"universities","note":"University of Sussex","osm_id":"way/37669694","osm_url":"https://www.openstreetmap.org/way/37669694","source":"OpenStreetMap","brand":"University of Sussex"}},{"type":"Feature","geometry":{"type":"Point","coordinates":[-6.3021201,53.3725458]},"properties":{"name":"TU Dublin Sports Broombridge","layer":"universities","note":"Technological University Dublin","osm_id":"way/37792287","osm_url":"https://www.openstreetmap.org/way/37792287","source":"OpenStreetMap","brand":"Technological University Dublin"}},{"type":"Feature","geometry":{"type":"Point","coordinates":[-5.9613435,54.5938551]},"properties":{"name":"St. Mary's University College","layer":"universities","note":"OpenStreetMap","osm_id":"way/377995066","osm_url":"https://www.openstreetmap.org/way/377995066","source":"OpenStreetMap"}},{"type":"Feature","geometry":{"type":"Point","coordinates":[-7.1164625,52.2541297]},"properties":{"name":"South East Technological University - College Street Campus","layer":"universities","note":"South East Technological University","osm_id":"way/38036216","osm_url":"https://www.openstreetmap.org/way/38036216","source":"OpenStreetMap","brand":"South East Technological University"}},{"type":"Feature","geometry":{"type":"Point","coordinates":[-6.24874,53.3437703]},"properties":{"name":"Goldsmith Hall (Trinity College Dublin)","layer":"universities","note":"Trinity College, Dublin","osm_id":"way/38097072","osm_url":"https://www.openstreetmap.org/way/38097072","source":"OpenStreetMap","brand":"Trinity College, Dublin"}},{"type":"Feature","geometry":{"type":"Point","coordinates":[-2.3713928,51.3935094]},"properties":{"name":"Bath School of Art & Design","layer":"universities","note":"Bath Spa University","osm_id":"way/38353143","osm_url":"https://www.openstreetmap.org/way/38353143","source":"OpenStreetMap","brand":"Bath Spa University"}},{"type":"Feature","geometry":{"type":"Point","coordinates":[-1.2925647,51.7403864]},"properties":{"name":"Oxford Brookes University (Harcourt Hill Campus)","layer":"universities","note":"Oxford Brookes University","osm_id":"way/38697090","osm_url":"https://www.openstreetmap.org/way/38697090","source":"OpenStreetMap","brand":"Oxford Brookes University"}},{"type":"Feature","geometry":{"type":"Point","coordinates":[-6.1522795,53.2800609]},"properties":{"name":"Institute of Art, Design + Technology","layer":"universities","note":"OpenStreetMap","osm_id":"way/387127471","osm_url":"https://www.openstreetmap.org/way/387127471","source":"OpenStreetMap"}},{"type":"Feature","geometry":{"type":"Point","coordinates":[-2.6097797,51.4584665]},"properties":{"name":"Victoria Rooms","layer":"universities","note":"University of Bristol","osm_id":"way/39019573","osm_url":"https://www.openstreetmap.org/way/39019573","source":"OpenStreetMap","brand":"University of Bristol"}},{"type":"Feature","geometry":{"type":"Point","coordinates":[1.1605757,52.644564]},"properties":{"name":"Easton College","layer":"universities","note":"OpenStreetMap","osm_id":"way/391258700","osm_url":"https://www.openstreetmap.org/way/391258700","source":"OpenStreetMap"}},{"type":"Feature","geometry":{"type":"Point","coordinates":[-9.3044433,53.8495663]},"properties":{"name":"ATU Mayo Campus","layer":"universities","note":"Atlantic Technological University","osm_id":"way/391393047","osm_url":"https://www.openstreetmap.org/way/391393047","source":"OpenStreetMap","brand":"Atlantic Technological University"}},{"type":"Feature","geometry":{"type":"Point","coordinates":[-1.2507267,52.8311521]},"properties":{"name":"University of Nottingham (Sutton Bonington Campus)","layer":"universities","note":"OpenStreetMap","osm_id":"way/39181693","osm_url":"https://www.openstreetmap.org/way/39181693","source":"OpenStreetMap"}},{"type":"Feature","geometry":{"type":"Point","coordinates":[-0.1698075,51.4791604]},"properties":{"name":"Royal College of Art, Battersea","layer":"universities","note":"OpenStreetMap","osm_id":"way/392265700","osm_url":"https://www.openstreetmap.org/way/392265700","source":"OpenStreetMap"}},{"type":"Feature","geometry":{"type":"Point","coordinates":[-0.2446555,51.4530611]},"properties":{"name":"University","layer":"universities","note":"OpenStreetMap","osm_id":"way/393563937","osm_url":"https://www.openstreetmap.org/way/393563937","source":"OpenStreetMap"}},{"type":"Feature","geometry":{"type":"Point","coordinates":[-2.6052639,51.4606529]},"properties":{"name":"Social Sciences & Law","layer":"universities","note":"University of Bristol","osm_id":"way/394983143","osm_url":"https://www.openstreetmap.org/way/394983143","source":"OpenStreetMap","brand":"University of Bristol"}},{"type":"Feature","geometry":{"type":"Point","coordinates":[-3.1878907,55.9231096]},"properties":{"name":"1894 Building","layer":"universities","note":"Institute for Astronomy","osm_id":"way/396442674","osm_url":"https://www.openstreetmap.org/way/396442674","source":"OpenStreetMap","brand":"Institute for Astronomy"}},{"type":"Feature","geometry":{"type":"Point","coordinates":[-5.935306,54.5757132]},"properties":{"name":"Riddel Hall","layer":"universities","note":"OpenStreetMap","osm_id":"way/398510788","osm_url":"https://www.openstreetmap.org/way/398510788","source":"OpenStreetMap"}},{"type":"Feature","geometry":{"type":"Point","coordinates":[-5.9342083,54.5856789]},"properties":{"name":"University square","layer":"universities","note":"OpenStreetMap","osm_id":"way/398510790","osm_url":"https://www.openstreetmap.org/way/398510790","source":"OpenStreetMap"}},{"type":"Feature","geometry":{"type":"Point","coordinates":[-5.9314841,54.585897]},"properties":{"name":"University","layer":"universities","note":"OpenStreetMap","osm_id":"way/398510791","osm_url":"https://www.openstreetmap.org/way/398510791","source":"OpenStreetMap"}},{"type":"Feature","geometry":{"type":"Point","coordinates":[0.1345931,52.2033147]},"properties":{"name":"Anglia Ruskin University (Cambridge Campus)","layer":"universities","note":"Anglia Ruskin University","osm_id":"way/3987047","osm_url":"https://www.openstreetmap.org/way/3987047","source":"OpenStreetMap","brand":"Anglia Ruskin University"}},{"type":"Feature","geometry":{"type":"Point","coordinates":[0.1243412,52.2000983]},"properties":{"name":"Downing College (University of Cambridge)","layer":"universities","note":"Downing College (University of Cambridge)","osm_id":"way/3993119","osm_url":"https://www.openstreetmap.org/way/3993119","source":"OpenStreetMap","brand":"Downing College (University of Cambridge)"}},{"type":"Feature","geometry":{"type":"Point","coordinates":[-0.2241181,51.5149605]},"properties":{"name":"Imperial College London, White City Campus","layer":"universities","note":"Imperial College London","osm_id":"way/39976682","osm_url":"https://www.openstreetmap.org/way/39976682","source":"OpenStreetMap","brand":"Imperial College London"}},{"type":"Feature","geometry":{"type":"Point","coordinates":[0.1008088,52.1982449]},"properties":{"name":"Wolfson College (University of Cambridge)","layer":"universities","note":"Wolfson College (University of Cambridge)","osm_id":"way/3997818","osm_url":"https://www.openstreetmap.org/way/3997818","source":"OpenStreetMap","brand":"Wolfson College (University of Cambridge)"}},{"type":"Feature","geometry":{"type":"Point","coordinates":[0.1076923,52.1995328]},"properties":{"name":"Newnham College (University of Cambridge)","layer":"universities","note":"Newnham College (University of Cambridge)","osm_id":"way/3997867","osm_url":"https://www.openstreetmap.org/way/3997867","source":"OpenStreetMap","brand":"Newnham College (University of Cambridge)"}},{"type":"Feature","geometry":{"type":"Point","coordinates":[0.1068574,52.2015317]},"properties":{"name":"Selwyn College (University of Cambridge)","layer":"universities","note":"Selwyn College (University of Cambridge)","osm_id":"way/3997883","osm_url":"https://www.openstreetmap.org/way/3997883","source":"OpenStreetMap","brand":"Selwyn College (University of Cambridge)"}},{"type":"Feature","geometry":{"type":"Point","coordinates":[0.1028975,52.2052975]},"properties":{"name":"Robinson College (University of Cambridge)","layer":"universities","note":"Robinson College (University of Cambridge)","osm_id":"way/3997908","osm_url":"https://www.openstreetmap.org/way/3997908","source":"OpenStreetMap","brand":"Robinson College (University of Cambridge)"}},{"type":"Feature","geometry":{"type":"Point","coordinates":[-7.8420181,52.7913113]},"properties":{"name":"Garda College","layer":"universities","note":"Garda Síochána","osm_id":"way/403537675","osm_url":"https://www.openstreetmap.org/way/403537675","source":"OpenStreetMap","brand":"Garda Síochána"}},{"type":"Feature","geometry":{"type":"Point","coordinates":[-3.1685586,56.1111226]},"properties":{"name":"University of Dundee - Fife Campus","layer":"universities","note":"University of Dundee","osm_id":"way/406777049","osm_url":"https://www.openstreetmap.org/way/406777049","source":"OpenStreetMap","brand":"University of Dundee"}},{"type":"Feature","geometry":{"type":"Point","coordinates":[-0.1317435,51.5202762]},"properties":{"name":"University of Law, Bloomsbury","layer":"universities","note":"The University of Law","osm_id":"way/40733972","osm_url":"https://www.openstreetmap.org/way/40733972","source":"OpenStreetMap","brand":"The University of Law"}},{"type":"Feature","geometry":{"type":"Point","coordinates":[-0.1317373,51.5205646]},"properties":{"name":"The University of Law","layer":"universities","note":"OpenStreetMap","osm_id":"way/40770451","osm_url":"https://www.openstreetmap.org/way/40770451","source":"OpenStreetMap"}},{"type":"Feature","geometry":{"type":"Point","coordinates":[-0.1323923,51.52084]},"properties":{"name":"Royal Academy of Dramatic Art","layer":"universities","note":"OpenStreetMap","osm_id":"way/40770453","osm_url":"https://www.openstreetmap.org/way/40770453","source":"OpenStreetMap"}},{"type":"Feature","geometry":{"type":"Point","coordinates":[-1.937559,52.4520404]},"properties":{"name":"University","layer":"universities","note":"OpenStreetMap","osm_id":"way/408621080","osm_url":"https://www.openstreetmap.org/way/408621080","source":"OpenStreetMap"}},{"type":"Feature","geometry":{"type":"Point","coordinates":[0.1221905,52.2089285]},"properties":{"name":"Wesley House","layer":"universities","note":"Wesley House","osm_id":"way/408942230","osm_url":"https://www.openstreetmap.org/way/408942230","source":"OpenStreetMap","brand":"Wesley House"}},{"type":"Feature","geometry":{"type":"Point","coordinates":[-2.8906425,56.364373]},"properties":{"name":"Eden Campus, University of St Andrews","layer":"universities","note":"University of St Andrews","osm_id":"way/413115645","osm_url":"https://www.openstreetmap.org/way/413115645","source":"OpenStreetMap","brand":"University of St Andrews"}},{"type":"Feature","geometry":{"type":"Point","coordinates":[-0.130346,51.5209339]},"properties":{"name":"London School of Hygiene and Tropical Medicine","layer":"universities","note":"OpenStreetMap","osm_id":"way/413975405","osm_url":"https://www.openstreetmap.org/way/413975405","source":"OpenStreetMap"}},{"type":"Feature","geometry":{"type":"Point","coordinates":[-0.1313286,51.521827]},"properties":{"name":"Royal Academy of Dramatic Art","layer":"universities","note":"OpenStreetMap","osm_id":"way/413975406","osm_url":"https://www.openstreetmap.org/way/413975406","source":"OpenStreetMap"}},{"type":"Feature","geometry":{"type":"Point","coordinates":[0.1085784,52.2066325]},"properties":{"name":"Burrell's Field (Trinity College)","layer":"universities","note":"Trinity College (University of Cambridge)","osm_id":"way/4157944","osm_url":"https://www.openstreetmap.org/way/4157944","source":"OpenStreetMap","brand":"Trinity College (University of Cambridge)"}},{"type":"Feature","geometry":{"type":"Point","coordinates":[0.1190633,52.2069852]},"properties":{"name":"Blue Boar Court (Trinity College)","layer":"universities","note":"Trinity College (University of Cambridge)","osm_id":"way/4158025","osm_url":"https://www.openstreetmap.org/way/4158025","source":"OpenStreetMap","brand":"Trinity College (University of Cambridge)"}},{"type":"Feature","geometry":{"type":"Point","coordinates":[-2.6028019,51.4583219]},"properties":{"name":"University of Bristol Clifton Campus","layer":"universities","note":"OpenStreetMap","osm_id":"way/417854867","osm_url":"https://www.openstreetmap.org/way/417854867","source":"OpenStreetMap"}},{"type":"Feature","geometry":{"type":"Point","coordinates":[-1.1565372,52.9922029]},"properties":{"name":"Clinical Sciences","layer":"universities","note":"University of Nottingham","osm_id":"way/41804997","osm_url":"https://www.openstreetmap.org/way/41804997","source":"OpenStreetMap","brand":"University of Nottingham"}},{"type":"Feature","geometry":{"type":"Point","coordinates":[-0.179169,51.5008435]},"properties":{"name":"Royal College of Art, Kensington","layer":"universities","note":"OpenStreetMap","osm_id":"way/419267864","osm_url":"https://www.openstreetmap.org/way/419267864","source":"OpenStreetMap"}},{"type":"Feature","geometry":{"type":"Point","coordinates":[0.1020083,52.2100618]},"properties":{"name":"Centre for Mathematical Sciences (University of Cambridge)","layer":"universities","note":"University of Cambridge","osm_id":"way/4195915","osm_url":"https://www.openstreetmap.org/way/4195915","source":"OpenStreetMap","brand":"University of Cambridge"}},{"type":"Feature","geometry":{"type":"Point","coordinates":[0.1000771,52.213701]},"properties":{"name":"Churchill College (University of Cambridge)","layer":"universities","note":"Churchill College (University of Cambridge)","osm_id":"way/4195917","osm_url":"https://www.openstreetmap.org/way/4195917","source":"OpenStreetMap","brand":"Churchill College (University of Cambridge)"}},{"type":"Feature","geometry":{"type":"Point","coordinates":[0.1056969,52.2151846]},"properties":{"name":"Fitzwilliam College (University of Cambridge)","layer":"universities","note":"Fitzwilliam College (University of Cambridge)","osm_id":"way/4195940","osm_url":"https://www.openstreetmap.org/way/4195940","source":"OpenStreetMap","brand":"Fitzwilliam College (University of Cambridge)"}},{"type":"Feature","geometry":{"type":"Point","coordinates":[-0.0736863,51.5155362]},"properties":{"name":"London Metroplitan University: Aldgate Campus","layer":"universities","note":"London Metropolitan University","osm_id":"way/41963570","osm_url":"https://www.openstreetmap.org/way/41963570","source":"OpenStreetMap","brand":"London Metropolitan University"}},{"type":"Feature","geometry":{"type":"Point","coordinates":[-2.974778,53.4062824]},"properties":{"name":"Liverpool John Moores University Copperas Hill","layer":"universities","note":"LJMU","osm_id":"way/420087207","osm_url":"https://www.openstreetmap.org/way/420087207","source":"OpenStreetMap","brand":"LJMU"}},{"type":"Feature","geometry":{"type":"Point","coordinates":[-1.3756873,53.3859252]},"properties":{"name":"The University of Sheffield AMRC","layer":"universities","note":"OpenStreetMap","osm_id":"way/421359141","osm_url":"https://www.openstreetmap.org/way/421359141","source":"OpenStreetMap"}},{"type":"Feature","geometry":{"type":"Point","coordinates":[-0.316534,51.6322837]},"properties":{"name":"John Scales Centre for Biomedical Engineering","layer":"universities","note":"University College London","osm_id":"way/421462267","osm_url":"https://www.openstreetmap.org/way/421462267","source":"OpenStreetMap","brand":"University College London"}},{"type":"Feature","geometry":{"type":"Point","coordinates":[0.5146728,51.3816686]},"properties":{"name":"University","layer":"universities","note":"OpenStreetMap","osm_id":"way/422427825","osm_url":"https://www.openstreetmap.org/way/422427825","source":"OpenStreetMap"}},{"type":"Feature","geometry":{"type":"Point","coordinates":[-0.1298617,51.5202201]},"properties":{"name":"Birkbeck, University of London","layer":"universities","note":"OpenStreetMap","osm_id":"way/422540661","osm_url":"https://www.openstreetmap.org/way/422540661","source":"OpenStreetMap"}},{"type":"Feature","geometry":{"type":"Point","coordinates":[-2.9647321,54.4359402]},"properties":{"name":"University of Cumbria Ambleside Campus","layer":"universities","note":"University of Cumbria","osm_id":"way/423077889","osm_url":"https://www.openstreetmap.org/way/423077889","source":"OpenStreetMap","brand":"University of Cumbria"}},{"type":"Feature","geometry":{"type":"Point","coordinates":[-7.3228996,55.0058499]},"properties":{"name":"Ulster University, Magee Campus","layer":"universities","note":"Ulster University","osm_id":"way/42344916","osm_url":"https://www.openstreetmap.org/way/42344916","source":"OpenStreetMap","brand":"Ulster University"}},{"type":"Feature","geometry":{"type":"Point","coordinates":[-4.1372992,50.3729938]},"properties":{"name":"Arts University Plymouth","layer":"universities","note":"Arts University Plymouth","osm_id":"way/423540784","osm_url":"https://www.openstreetmap.org/way/423540784","source":"OpenStreetMap","brand":"Arts University Plymouth"}},{"type":"Feature","geometry":{"type":"Point","coordinates":[0.1350357,52.1854049]},"properties":{"name":"Homerton College (University of Cambridge)","layer":"universities","note":"Homerton College (University of Cambridge)","osm_id":"way/4235901","osm_url":"https://www.openstreetmap.org/way/4235901","source":"OpenStreetMap","brand":"Homerton College (University of Cambridge)"}},{"type":"Feature","geometry":{"type":"Point","coordinates":[-4.1409679,50.3746506]},"properties":{"name":"Reynolds","layer":"universities","note":"OpenStreetMap","osm_id":"way/42360279","osm_url":"https://www.openstreetmap.org/way/42360279","source":"OpenStreetMap"}},{"type":"Feature","geometry":{"type":"Point","coordinates":[-2.9225641,54.8913318]},"properties":{"name":"University of Cumbria, Carlisle Campus","layer":"universities","note":"University of Cumbria","osm_id":"way/42436850","osm_url":"https://www.openstreetmap.org/way/42436850","source":"OpenStreetMap","brand":"University of Cumbria"}},{"type":"Feature","geometry":{"type":"Point","coordinates":[-0.1296127,51.5199941]},"properties":{"name":"Birbeck School of Law","layer":"universities","note":"OpenStreetMap","osm_id":"way/424406833","osm_url":"https://www.openstreetmap.org/way/424406833","source":"OpenStreetMap"}},{"type":"Feature","geometry":{"type":"Point","coordinates":[-0.129089,51.5196124]},"properties":{"name":"London School of Hygiene and Tropical Medicine","layer":"universities","note":"OpenStreetMap","osm_id":"way/424406835","osm_url":"https://www.openstreetmap.org/way/424406835","source":"OpenStreetMap"}},{"type":"Feature","geometry":{"type":"Point","coordinates":[-0.1287008,51.5191659]},"properties":{"name":"Winston House UNC","layer":"universities","note":"University of North Carolina at Chapel Hill","osm_id":"way/424406839","osm_url":"https://www.openstreetmap.org/way/424406839","source":"OpenStreetMap","brand":"University of North Carolina at Chapel Hill"}},{"type":"Feature","geometry":{"type":"Point","coordinates":[-0.1311447,51.5192271]},"properties":{"name":"Amity University [In] London","layer":"universities","note":"OpenStreetMap","osm_id":"way/424437313","osm_url":"https://www.openstreetmap.org/way/424437313","source":"OpenStreetMap"}},{"type":"Feature","geometry":{"type":"Point","coordinates":[-0.130677,51.5194884]},"properties":{"name":"New College of the Humanities","layer":"universities","note":"OpenStreetMap","osm_id":"way/424437314","osm_url":"https://www.openstreetmap.org/way/424437314","source":"OpenStreetMap"}},{"type":"Feature","geometry":{"type":"Point","coordinates":[-8.6475624,52.6761111]},"properties":{"name":"Technological University of the Shannon: Midlands Midwest","layer":"universities","note":"Technological University of the Shannon: Midlands Midwest","osm_id":"way/42505396","osm_url":"https://www.openstreetmap.org/way/42505396","source":"OpenStreetMap","brand":"Technological University of the Shannon: Midlands Midwest"}},{"type":"Feature","geometry":{"type":"Point","coordinates":[0.1236273,52.2095776]},"properties":{"name":"Jesus College (University of Cambridge)","layer":"universities","note":"Jesus College (University of Cambridge)","osm_id":"way/4260517","osm_url":"https://www.openstreetmap.org/way/4260517","source":"OpenStreetMap","brand":"Jesus College (University of Cambridge)"}},{"type":"Feature","geometry":{"type":"Point","coordinates":[-6.2835261,53.3486442]},"properties":{"name":"Law Society of Ireland","layer":"universities","note":"OpenStreetMap","osm_id":"way/426304549","osm_url":"https://www.openstreetmap.org/way/426304549","source":"OpenStreetMap"}},{"type":"Feature","geometry":{"type":"Point","coordinates":[0.1236309,52.2048923]},"properties":{"name":"North Court (Emmanuel College)","layer":"universities","note":"Emmanuel College (University of Cambridge)","osm_id":"way/4273265","osm_url":"https://www.openstreetmap.org/way/4273265","source":"OpenStreetMap","brand":"Emmanuel College (University of Cambridge)"}},{"type":"Feature","geometry":{"type":"Point","coordinates":[0.1252315,52.2037132]},"properties":{"name":"Emmanuel College (University of Cambridge)","layer":"universities","note":"Emmanuel College (University of Cambridge)","osm_id":"way/4273266","osm_url":"https://www.openstreetmap.org/way/4273266","source":"OpenStreetMap","brand":"Emmanuel College (University of Cambridge)"}},{"type":"Feature","geometry":{"type":"Point","coordinates":[-3.5912279,55.0506121]},"properties":{"name":"Crichton University Campus","layer":"universities","note":"University of Glasgow;University of the West of Scotland","osm_id":"way/42739894","osm_url":"https://www.openstreetmap.org/way/42739894","source":"OpenStreetMap","brand":"University of Glasgow;University of the West of Scotland"}},{"type":"Feature","geometry":{"type":"Point","coordinates":[-1.3029583,50.8464179]},"properties":{"name":"Warsash Maritime Academy","layer":"universities","note":"Solent University","osm_id":"way/431506294","osm_url":"https://www.openstreetmap.org/way/431506294","source":"OpenStreetMap","brand":"Solent University"}},{"type":"Feature","geometry":{"type":"Point","coordinates":[-0.7845441,50.828912]},"properties":{"name":"Stockbridge Halls of Residence","layer":"universities","note":"OpenStreetMap","osm_id":"way/436695066","osm_url":"https://www.openstreetmap.org/way/436695066","source":"OpenStreetMap"}},{"type":"Feature","geometry":{"type":"Point","coordinates":[-0.9914032,51.995626]},"properties":{"name":"University of Buckingham","layer":"universities","note":"University of Buckingham","osm_id":"way/436925751","osm_url":"https://www.openstreetmap.org/way/436925751","source":"OpenStreetMap","brand":"University of Buckingham"}},{"type":"Feature","geometry":{"type":"Point","coordinates":[-0.9875647,51.9969402]},"properties":{"name":"Ford Meadow","layer":"universities","note":"University of Buckingham","osm_id":"way/436927712","osm_url":"https://www.openstreetmap.org/way/436927712","source":"OpenStreetMap","brand":"University of Buckingham"}},{"type":"Feature","geometry":{"type":"Point","coordinates":[-3.3246379,55.910122]},"properties":{"name":"Heriot-Watt University","layer":"universities","note":"Heriot-Watt University","osm_id":"way/4388535","osm_url":"https://www.openstreetmap.org/way/4388535","source":"OpenStreetMap","brand":"Heriot-Watt University"}},{"type":"Feature","geometry":{"type":"Point","coordinates":[-0.709363,52.0244838]},"properties":{"name":"The Open University","layer":"universities","note":"OpenStreetMap","osm_id":"way/44106237","osm_url":"https://www.openstreetmap.org/way/44106237","source":"OpenStreetMap"}},{"type":"Feature","geometry":{"type":"Point","coordinates":[0.9370444,51.8790598]},"properties":{"name":"The Meadows","layer":"universities","note":"OpenStreetMap","osm_id":"way/443577441","osm_url":"https://www.openstreetmap.org/way/443577441","source":"OpenStreetMap"}},{"type":"Feature","geometry":{"type":"Point","coordinates":[-9.3042567,53.8512006]},"properties":{"name":"Mayo Medical Academy","layer":"universities","note":"National University of Ireland Galway","osm_id":"way/445368961","osm_url":"https://www.openstreetmap.org/way/445368961","source":"OpenStreetMap","brand":"National University of Ireland Galway"}},{"type":"Feature","geometry":{"type":"Point","coordinates":[-1.572941,54.9991326]},"properties":{"name":"Henderson Hall","layer":"universities","note":"Newcastle University","osm_id":"way/448375116","osm_url":"https://www.openstreetmap.org/way/448375116","source":"OpenStreetMap","brand":"Newcastle University"}},{"type":"Feature","geometry":{"type":"Point","coordinates":[-0.189393,51.7100452]},"properties":{"name":"Boltons Park Farm","layer":"universities","note":"Royal Veterinary College","osm_id":"way/44888885","osm_url":"https://www.openstreetmap.org/way/44888885","source":"OpenStreetMap","brand":"Royal Veterinary College"}},{"type":"Feature","geometry":{"type":"Point","coordinates":[-1.8883231,52.4861187]},"properties":{"name":"Aston University","layer":"universities","note":"Aston University","osm_id":"way/45010066","osm_url":"https://www.openstreetmap.org/way/45010066","source":"OpenStreetMap","brand":"Aston University"}},{"type":"Feature","geometry":{"type":"Point","coordinates":[-2.9821797,56.4580747]},"properties":{"name":"University of Dundee","layer":"universities","note":"University of Dundee","osm_id":"way/45115495","osm_url":"https://www.openstreetmap.org/way/45115495","source":"OpenStreetMap","brand":"University of Dundee"}},{"type":"Feature","geometry":{"type":"Point","coordinates":[-0.5620361,51.4244199]},"properties":{"name":"Royal Holloway","layer":"universities","note":"OpenStreetMap","osm_id":"way/4527679","osm_url":"https://www.openstreetmap.org/way/4527679","source":"OpenStreetMap"}},{"type":"Feature","geometry":{"type":"Point","coordinates":[-0.7377232,51.0943283]},"properties":{"name":"Jamia Ahmadiyya UK","layer":"universities","note":"Ahmadiyya Muslim Association","osm_id":"way/452864663","osm_url":"https://www.openstreetmap.org/way/452864663","source":"OpenStreetMap","brand":"Ahmadiyya Muslim Association"}},{"type":"Feature","geometry":{"type":"Point","coordinates":[-0.8824414,51.562689]},"properties":{"name":"Henley Business School","layer":"universities","note":"OpenStreetMap","osm_id":"way/45358835","osm_url":"https://www.openstreetmap.org/way/45358835","source":"OpenStreetMap"}},{"type":"Feature","geometry":{"type":"Point","coordinates":[-0.5336349,53.2437763]},"properties":{"name":"Lincoln Bishop University","layer":"universities","note":"Lincoln Bishop University","osm_id":"way/45403277","osm_url":"https://www.openstreetmap.org/way/45403277","source":"OpenStreetMap","brand":"Lincoln Bishop University"}},{"type":"Feature","geometry":{"type":"Point","coordinates":[-4.4291817,55.8435942]},"properties":{"name":"University of the West of Scotland - Paisley Campus","layer":"universities","note":"University of the West of Scotland","osm_id":"way/4543895","osm_url":"https://www.openstreetmap.org/way/4543895","source":"OpenStreetMap","brand":"University of the West of Scotland"}},{"type":"Feature","geometry":{"type":"Point","coordinates":[-4.250228,55.8672193]},"properties":{"name":"Glasgow Caledonian University","layer":"universities","note":"Glasgow Caledonian University","osm_id":"way/4570717","osm_url":"https://www.openstreetmap.org/way/4570717","source":"OpenStreetMap","brand":"Glasgow Caledonian University"}},{"type":"Feature","geometry":{"type":"Point","coordinates":[-0.4740371,51.5308874]},"properties":{"name":"Joseph Lowe","layer":"universities","note":"OpenStreetMap","osm_id":"way/45855353","osm_url":"https://www.openstreetmap.org/way/45855353","source":"OpenStreetMap"}},{"type":"Feature","geometry":{"type":"Point","coordinates":[-0.242793,51.5943578]},"properties":{"name":"Hendon Police College","layer":"universities","note":"OpenStreetMap","osm_id":"way/45875444","osm_url":"https://www.openstreetmap.org/way/45875444","source":"OpenStreetMap"}},{"type":"Feature","geometry":{"type":"Point","coordinates":[-0.4707881,51.5323206]},"properties":{"name":"Clifton Halls","layer":"universities","note":"OpenStreetMap","osm_id":"way/45886626","osm_url":"https://www.openstreetmap.org/way/45886626","source":"OpenStreetMap"}},{"type":"Feature","geometry":{"type":"Point","coordinates":[-0.4713172,51.5316127]},"properties":{"name":"Chepstow Hall","layer":"universities","note":"OpenStreetMap","osm_id":"way/45886631","osm_url":"https://www.openstreetmap.org/way/45886631","source":"OpenStreetMap"}},{"type":"Feature","geometry":{"type":"Point","coordinates":[-0.4705566,51.5312091]},"properties":{"name":"Faraday Complex","layer":"universities","note":"OpenStreetMap","osm_id":"way/45886652","osm_url":"https://www.openstreetmap.org/way/45886652","source":"OpenStreetMap"}},{"type":"Feature","geometry":{"type":"Point","coordinates":[-0.4714127,51.5343059]},"properties":{"name":"Lancaster Hotel & Spa","layer":"universities","note":"OpenStreetMap","osm_id":"way/45886905","osm_url":"https://www.openstreetmap.org/way/45886905","source":"OpenStreetMap"}},{"type":"Feature","geometry":{"type":"Point","coordinates":[-0.4779406,51.5334318]},"properties":{"name":"University","layer":"universities","note":"OpenStreetMap","osm_id":"way/45887030","osm_url":"https://www.openstreetmap.org/way/45887030","source":"OpenStreetMap"}},{"type":"Feature","geometry":{"type":"Point","coordinates":[-0.4773621,51.5329496]},"properties":{"name":"Meeting House","layer":"universities","note":"OpenStreetMap","osm_id":"way/45887142","osm_url":"https://www.openstreetmap.org/way/45887142","source":"OpenStreetMap"}},{"type":"Feature","geometry":{"type":"Point","coordinates":[-2.3876675,51.3823893]},"properties":{"name":"Bath School of Art & Design","layer":"universities","note":" Bath Spa University","osm_id":"way/459230558","osm_url":"https://www.openstreetmap.org/way/459230558","source":"OpenStreetMap","brand":" Bath Spa University"}},{"type":"Feature","geometry":{"type":"Point","coordinates":[-0.3220199,51.5775342]},"properties":{"name":"Westminster University, Harrow Campus","layer":"universities","note":"OpenStreetMap","osm_id":"way/45956319","osm_url":"https://www.openstreetmap.org/way/45956319","source":"OpenStreetMap"}},{"type":"Feature","geometry":{"type":"Point","coordinates":[-1.8867649,52.4869762]},"properties":{"name":"10 Woodcock Street","layer":"universities","note":"Aston Unversity","osm_id":"way/460332188","osm_url":"https://www.openstreetmap.org/way/460332188","source":"OpenStreetMap","brand":"Aston Unversity"}},{"type":"Feature","geometry":{"type":"Point","coordinates":[-0.2610821,51.6605232]},"properties":{"name":"The Elstree UTC","layer":"universities","note":"OpenStreetMap","osm_id":"way/46120938","osm_url":"https://www.openstreetmap.org/way/46120938","source":"OpenStreetMap"}},{"type":"Feature","geometry":{"type":"Point","coordinates":[-0.8868956,52.2305931]},"properties":{"name":"University of Northampton Waterside Campus","layer":"universities","note":"University of Northampton","osm_id":"way/462803418","osm_url":"https://www.openstreetmap.org/way/462803418","source":"OpenStreetMap","brand":"University of Northampton"}},{"type":"Feature","geometry":{"type":"Point","coordinates":[-0.4790648,51.5334462]},"properties":{"name":"University","layer":"universities","note":"OpenStreetMap","osm_id":"way/466198259","osm_url":"https://www.openstreetmap.org/way/466198259","source":"OpenStreetMap"}},{"type":"Feature","geometry":{"type":"Point","coordinates":[-0.4781205,51.5328406]},"properties":{"name":"Gaskell","layer":"universities","note":"OpenStreetMap","osm_id":"way/466259505","osm_url":"https://www.openstreetmap.org/way/466259505","source":"OpenStreetMap"}},{"type":"Feature","geometry":{"type":"Point","coordinates":[-1.3763176,54.912292]},"properties":{"name":"University of Sunderland, The Sir Tom Cowie Campus at St Peter's","layer":"universities","note":"University of Sunderland","osm_id":"way/468341943","osm_url":"https://www.openstreetmap.org/way/468341943","source":"OpenStreetMap","brand":"University of Sunderland"}},{"type":"Feature","geometry":{"type":"Point","coordinates":[-8.2625668,52.1631208]},"properties":{"name":"Moorepark Food Research Centre","layer":"universities","note":"Teagasc","osm_id":"way/469044432","osm_url":"https://www.openstreetmap.org/way/469044432","source":"OpenStreetMap","brand":"Teagasc"}},{"type":"Feature","geometry":{"type":"Point","coordinates":[-9.0108987,53.2789018]},"properties":{"name":"Atlantic Technological University Galway","layer":"universities","note":"OpenStreetMap","osm_id":"way/47479441","osm_url":"https://www.openstreetmap.org/way/47479441","source":"OpenStreetMap"}},{"type":"Feature","geometry":{"type":"Point","coordinates":[-0.2649415,51.4291506]},"properties":{"name":"Kingston University (Kingston Hill Campus)","layer":"universities","note":"Kingston University","osm_id":"way/4769474","osm_url":"https://www.openstreetmap.org/way/4769474","source":"OpenStreetMap","brand":"Kingston University"}},{"type":"Feature","geometry":{"type":"Point","coordinates":[-0.9446265,51.4594357]},"properties":{"name":"Dreadnought, University of Reading","layer":"universities","note":"OpenStreetMap","osm_id":"way/476993006","osm_url":"https://www.openstreetmap.org/way/476993006","source":"OpenStreetMap"}},{"type":"Feature","geometry":{"type":"Point","coordinates":[-0.1061904,51.5481622]},"properties":{"name":"Kaplan","layer":"universities","note":"London Metropolitan University","osm_id":"way/477387142","osm_url":"https://www.openstreetmap.org/way/477387142","source":"OpenStreetMap","brand":"London Metropolitan University"}},{"type":"Feature","geometry":{"type":"Point","coordinates":[-2.2423388,52.1955081]},"properties":{"name":"University","layer":"universities","note":"OpenStreetMap","osm_id":"way/479776921","osm_url":"https://www.openstreetmap.org/way/479776921","source":"OpenStreetMap"}},{"type":"Feature","geometry":{"type":"Point","coordinates":[-2.2417668,52.1979098]},"properties":{"name":"University of Worcester, St John's Campus","layer":"universities","note":"University of Worcester","osm_id":"way/479776940","osm_url":"https://www.openstreetmap.org/way/479776940","source":"OpenStreetMap","brand":"University of Worcester"}},{"type":"Feature","geometry":{"type":"Point","coordinates":[-2.2342635,52.1943538]},"properties":{"name":"University","layer":"universities","note":"OpenStreetMap","osm_id":"way/480051490","osm_url":"https://www.openstreetmap.org/way/480051490","source":"OpenStreetMap"}},{"type":"Feature","geometry":{"type":"Point","coordinates":[-2.2326165,52.1931138]},"properties":{"name":"University of Worcester, Severn Campus","layer":"universities","note":"University of Worcester","osm_id":"way/480051494","osm_url":"https://www.openstreetmap.org/way/480051494","source":"OpenStreetMap","brand":"University of Worcester"}},{"type":"Feature","geometry":{"type":"Point","coordinates":[-2.2237916,52.1944228]},"properties":{"name":"Jenny Lind Building","layer":"universities","note":"OpenStreetMap","osm_id":"way/480060978","osm_url":"https://www.openstreetmap.org/way/480060978","source":"OpenStreetMap"}},{"type":"Feature","geometry":{"type":"Point","coordinates":[-2.2263293,52.1956004]},"properties":{"name":"University of Worcester, City Campus","layer":"universities","note":"University of Worcester","osm_id":"way/480060979","osm_url":"https://www.openstreetmap.org/way/480060979","source":"OpenStreetMap","brand":"University of Worcester"}},{"type":"Feature","geometry":{"type":"Point","coordinates":[-0.0903762,51.5220353]},"properties":{"name":"Bayes Business School","layer":"universities","note":"OpenStreetMap","osm_id":"way/48637954","osm_url":"https://www.openstreetmap.org/way/48637954","source":"OpenStreetMap"}},{"type":"Feature","geometry":{"type":"Point","coordinates":[-0.8908128,52.251321]},"properties":{"name":"University of Northampton St Georges Avenue","layer":"universities","note":"University of Northampton","osm_id":"way/486755468","osm_url":"https://www.openstreetmap.org/way/486755468","source":"OpenStreetMap","brand":"University of Northampton"}},{"type":"Feature","geometry":{"type":"Point","coordinates":[-0.1130821,51.505399]},"properties":{"name":"University of Notre Dame (London Global Gateway)","layer":"universities","note":"OpenStreetMap","osm_id":"way/488235200","osm_url":"https://www.openstreetmap.org/way/488235200","source":"OpenStreetMap"}},{"type":"Feature","geometry":{"type":"Point","coordinates":[-1.9087927,52.4819401]},"properties":{"name":"The Link","layer":"universities","note":"OpenStreetMap","osm_id":"way/48875130","osm_url":"https://www.openstreetmap.org/way/48875130","source":"OpenStreetMap"}},{"type":"Feature","geometry":{"type":"Point","coordinates":[0.1217313,52.1868376]},"properties":{"name":"Douglas House","layer":"universities","note":"University of Cambridge","osm_id":"way/48910156","osm_url":"https://www.openstreetmap.org/way/48910156","source":"OpenStreetMap","brand":"University of Cambridge"}},{"type":"Feature","geometry":{"type":"Point","coordinates":[-1.4821162,52.9274338]},"properties":{"name":"Institute for Innovation in Sustainable Engineering (University of Derby)","layer":"universities","note":"University of Derby","osm_id":"way/490930268","osm_url":"https://www.openstreetmap.org/way/490930268","source":"OpenStreetMap","brand":"University of Derby"}},{"type":"Feature","geometry":{"type":"Point","coordinates":[-6.2672981,53.3388494]},"properties":{"name":"Technological University Dublin, Aungier Street Campus","layer":"universities","note":"Technological University Dublin","osm_id":"way/491225681","osm_url":"https://www.openstreetmap.org/way/491225681","source":"OpenStreetMap","brand":"Technological University Dublin"}},{"type":"Feature","geometry":{"type":"Point","coordinates":[-0.243629,51.7618228]},"properties":{"name":"University","layer":"universities","note":"OpenStreetMap","osm_id":"way/492134053","osm_url":"https://www.openstreetmap.org/way/492134053","source":"OpenStreetMap"}},{"type":"Feature","geometry":{"type":"Point","coordinates":[-1.5811383,54.758931]},"properties":{"name":"Stephenson College","layer":"universities","note":"Durham University","osm_id":"way/492834235","osm_url":"https://www.openstreetmap.org/way/492834235","source":"OpenStreetMap","brand":"Durham University"}},{"type":"Feature","geometry":{"type":"Point","coordinates":[-1.5788827,54.7586827]},"properties":{"name":"Josephine Butler College","layer":"universities","note":"Durham University","osm_id":"way/492834239","osm_url":"https://www.openstreetmap.org/way/492834239","source":"OpenStreetMap","brand":"Durham University"}},{"type":"Feature","geometry":{"type":"Point","coordinates":[0.1042382,52.2156479]},"properties":{"name":"Wychfield (Trinity Hall)","layer":"universities","note":"Trinity Hall (University of Cambridge)","osm_id":"way/4937865","osm_url":"https://www.openstreetmap.org/way/4937865","source":"OpenStreetMap","brand":"Trinity Hall (University of Cambridge)"}},{"type":"Feature","geometry":{"type":"Point","coordinates":[-6.3626961,53.2910096]},"properties":{"name":"TU Dublin Tallaght","layer":"universities","note":"OpenStreetMap","osm_id":"way/49753636","osm_url":"https://www.openstreetmap.org/way/49753636","source":"OpenStreetMap"}},{"type":"Feature","geometry":{"type":"Point","coordinates":[-0.1729656,51.5175328]},"properties":{"name":"Imperial College London, St. Mary's Campus","layer":"universities","note":"Imperial College London","osm_id":"way/49772106","osm_url":"https://www.openstreetmap.org/way/49772106","source":"OpenStreetMap","brand":"Imperial College London"}},{"type":"Feature","geometry":{"type":"Point","coordinates":[-1.9043374,52.4824409]},"properties":{"name":"University College Birmingham","layer":"universities","note":"University College Birmingham","osm_id":"way/49844455","osm_url":"https://www.openstreetmap.org/way/49844455","source":"OpenStreetMap","brand":"University College Birmingham"}},{"type":"Feature","geometry":{"type":"Point","coordinates":[-0.1771861,51.4363532]},"properties":{"name":"University","layer":"universities","note":"OpenStreetMap","osm_id":"way/499123068","osm_url":"https://www.openstreetmap.org/way/499123068","source":"OpenStreetMap"}},{"type":"Feature","geometry":{"type":"Point","coordinates":[1.2156498,52.1394112]},"properties":{"name":"Suffolk Rural Campus (Suffolk New College)","layer":"universities","note":"OpenStreetMap","osm_id":"way/499298525","osm_url":"https://www.openstreetmap.org/way/499298525","source":"OpenStreetMap"}},{"type":"Feature","geometry":{"type":"Point","coordinates":[-0.5478346,53.2284724]},"properties":{"name":"Minerva Building","layer":"universities","note":"University of Lincoln","osm_id":"way/500336409","osm_url":"https://www.openstreetmap.org/way/500336409","source":"OpenStreetMap","brand":"University of Lincoln"}},{"type":"Feature","geometry":{"type":"Point","coordinates":[0.9453498,51.8773773]},"properties":{"name":"University of Essex","layer":"universities","note":"University of Essex","osm_id":"way/500965418","osm_url":"https://www.openstreetmap.org/way/500965418","source":"OpenStreetMap","brand":"University of Essex"}},{"type":"Feature","geometry":{"type":"Point","coordinates":[0.0853382,52.2192353]},"properties":{"name":"Swirles Court (Girton College)","layer":"universities","note":"Girton College (University of Cambridge)","osm_id":"way/501347167","osm_url":"https://www.openstreetmap.org/way/501347167","source":"OpenStreetMap","brand":"Girton College (University of Cambridge)"}},{"type":"Feature","geometry":{"type":"Point","coordinates":[-0.3764774,51.9113468]},"properties":{"name":"University of Bedfordshire : Putteridge Bury Campus","layer":"universities","note":"University of Bedfordshire","osm_id":"way/505570055","osm_url":"https://www.openstreetmap.org/way/505570055","source":"OpenStreetMap","brand":"University of Bedfordshire"}},{"type":"Feature","geometry":{"type":"Point","coordinates":[-0.4098163,51.8766755]},"properties":{"name":"University Of Bedfordshire","layer":"universities","note":"OpenStreetMap","osm_id":"way/505601130","osm_url":"https://www.openstreetmap.org/way/505601130","source":"OpenStreetMap"}},{"type":"Feature","geometry":{"type":"Point","coordinates":[-0.4087749,51.8776017]},"properties":{"name":"University Of Bedfordshire","layer":"universities","note":"OpenStreetMap","osm_id":"way/505601131","osm_url":"https://www.openstreetmap.org/way/505601131","source":"OpenStreetMap"}},{"type":"Feature","geometry":{"type":"Point","coordinates":[0.5433488,51.3973818]},"properties":{"name":"University","layer":"universities","note":"OpenStreetMap","osm_id":"way/507311853","osm_url":"https://www.openstreetmap.org/way/507311853","source":"OpenStreetMap"}},{"type":"Feature","geometry":{"type":"Point","coordinates":[0.5394273,51.3976105]},"properties":{"name":"University of Greenwich/University of Kent Medway Campus","layer":"universities","note":"University of Greenwich","osm_id":"way/507311855","osm_url":"https://www.openstreetmap.org/way/507311855","source":"OpenStreetMap","brand":"University of Greenwich"}},{"type":"Feature","geometry":{"type":"Point","coordinates":[-3.6264866,57.5759796]},"properties":{"name":"Glasgow School of Art, Highlands and Islands Creative Campus","layer":"universities","note":"OpenStreetMap","osm_id":"way/507663038","osm_url":"https://www.openstreetmap.org/way/507663038","source":"OpenStreetMap"}},{"type":"Feature","geometry":{"type":"Point","coordinates":[-3.5342152,58.5853928]},"properties":{"name":"UHI North Highland - Thurso Campus","layer":"universities","note":"University of the Highlands and Islands","osm_id":"way/508615392","osm_url":"https://www.openstreetmap.org/way/508615392","source":"OpenStreetMap","brand":"University of the Highlands and Islands"}},{"type":"Feature","geometry":{"type":"Point","coordinates":[-6.2705844,53.3818281]},"properties":{"name":"Dublin City University Sports Campus","layer":"universities","note":"Dublin City University","osm_id":"way/50922011","osm_url":"https://www.openstreetmap.org/way/50922011","source":"OpenStreetMap","brand":"Dublin City University"}},{"type":"Feature","geometry":{"type":"Point","coordinates":[-0.4800416,51.5333189]},"properties":{"name":"University","layer":"universities","note":"OpenStreetMap","osm_id":"way/512164600","osm_url":"https://www.openstreetmap.org/way/512164600","source":"OpenStreetMap"}},{"type":"Feature","geometry":{"type":"Point","coordinates":[-0.4796165,51.5334946]},"properties":{"name":"University","layer":"universities","note":"OpenStreetMap","osm_id":"way/512164601","osm_url":"https://www.openstreetmap.org/way/512164601","source":"OpenStreetMap"}},{"type":"Feature","geometry":{"type":"Point","coordinates":[-6.9350075,52.8257667]},"properties":{"name":"South East Technological University - Kilkenny Road Campus","layer":"universities","note":"South East Technological University","osm_id":"way/51257762","osm_url":"https://www.openstreetmap.org/way/51257762","source":"OpenStreetMap","brand":"South East Technological University"}},{"type":"Feature","geometry":{"type":"Point","coordinates":[-8.5384914,51.8856368]},"properties":{"name":"MTU Bishopstown Campus","layer":"universities","note":"Munster Technological University","osm_id":"way/51304137","osm_url":"https://www.openstreetmap.org/way/51304137","source":"OpenStreetMap","brand":"Munster Technological University"}},{"type":"Feature","geometry":{"type":"Point","coordinates":[-0.1109497,51.5527492]},"properties":{"name":"London Metropolitan University, Holloway Campus","layer":"universities","note":"London Metropolitan University","osm_id":"way/51348120","osm_url":"https://www.openstreetmap.org/way/51348120","source":"OpenStreetMap","brand":"London Metropolitan University"}},{"type":"Feature","geometry":{"type":"Point","coordinates":[-1.4045417,50.9372804]},"properties":{"name":"Boldrewood Innovation Campus","layer":"universities","note":"University of Southampton","osm_id":"way/51382273","osm_url":"https://www.openstreetmap.org/way/51382273","source":"OpenStreetMap","brand":"University of Southampton"}},{"type":"Feature","geometry":{"type":"Point","coordinates":[-0.1282323,51.5230793]},"properties":{"name":"UCL Institute of Education","layer":"universities","note":"UCL","osm_id":"way/51517608","osm_url":"https://www.openstreetmap.org/way/51517608","source":"OpenStreetMap","brand":"UCL"}},{"type":"Feature","geometry":{"type":"Point","coordinates":[-2.4264693,53.5713761]},"properties":{"name":"University of Bolton Orlando Village Residence","layer":"universities","note":"OpenStreetMap","osm_id":"way/51865820","osm_url":"https://www.openstreetmap.org/way/51865820","source":"OpenStreetMap"}},{"type":"Feature","geometry":{"type":"Point","coordinates":[0.0783172,51.4461657]},"properties":{"name":"University of Greenwich Avery Hill Campus","layer":"universities","note":"University of Greenwich","osm_id":"way/519177772","osm_url":"https://www.openstreetmap.org/way/519177772","source":"OpenStreetMap","brand":"University of Greenwich"}},{"type":"Feature","geometry":{"type":"Point","coordinates":[-6.2496303,53.3565649]},"properties":{"name":"Technological University of Dublin","layer":"universities","note":"OpenStreetMap","osm_id":"way/52302815","osm_url":"https://www.openstreetmap.org/way/52302815","source":"OpenStreetMap"}},{"type":"Feature","geometry":{"type":"Point","coordinates":[-2.4373804,53.5734644]},"properties":{"name":"University of Greater Manchester","layer":"universities","note":"University of Greater Manchester","osm_id":"way/52372925","osm_url":"https://www.openstreetmap.org/way/52372925","source":"OpenStreetMap","brand":"University of Greater Manchester"}},{"type":"Feature","geometry":{"type":"Point","coordinates":[-6.2785241,53.343482]},"properties":{"name":"National College of Art and Design","layer":"universities","note":"National College of Art and Design","osm_id":"way/52375058","osm_url":"https://www.openstreetmap.org/way/52375058","source":"OpenStreetMap","brand":"National College of Art and Design"}},{"type":"Feature","geometry":{"type":"Point","coordinates":[-6.2770462,53.3435643]},"properties":{"name":"National College of Art & Design","layer":"universities","note":"OpenStreetMap","osm_id":"way/52375075","osm_url":"https://www.openstreetmap.org/way/52375075","source":"OpenStreetMap"}},{"type":"Feature","geometry":{"type":"Point","coordinates":[0.137983,52.2069087]},"properties":{"name":"Anglia Ruskin University -Faculty of Health, Social Care & Education","layer":"universities","note":"OpenStreetMap","osm_id":"way/52528295","osm_url":"https://www.openstreetmap.org/way/52528295","source":"OpenStreetMap"}},{"type":"Feature","geometry":{"type":"Point","coordinates":[-1.9368307,52.4303223]},"properties":{"name":"Birmingham City University, Bournville Campus","layer":"universities","note":"Birmingham City University","osm_id":"way/52907619","osm_url":"https://www.openstreetmap.org/way/52907619","source":"OpenStreetMap","brand":"Birmingham City University"}},{"type":"Feature","geometry":{"type":"Point","coordinates":[-1.9351675,52.4306493]},"properties":{"name":"Birmingham City University, Bournville Campus","layer":"universities","note":"Birmingham City University","osm_id":"way/52907620","osm_url":"https://www.openstreetmap.org/way/52907620","source":"OpenStreetMap","brand":"Birmingham City University"}},{"type":"Feature","geometry":{"type":"Point","coordinates":[-2.9723452,53.3993715]},"properties":{"name":"Liverpool Institute for Performing Arts","layer":"universities","note":"Liverpool Institute for Performing Arts","osm_id":"way/53264242","osm_url":"https://www.openstreetmap.org/way/53264242","source":"OpenStreetMap","brand":"Liverpool Institute for Performing Arts"}},{"type":"Feature","geometry":{"type":"Point","coordinates":[0.1168789,52.2110771]},"properties":{"name":"Magdalene College (University of Cambridge)","layer":"universities","note":"Magdalene College (University of Cambridge)","osm_id":"way/53580499","osm_url":"https://www.openstreetmap.org/way/53580499","source":"OpenStreetMap","brand":"Magdalene College (University of Cambridge)"}},{"type":"Feature","geometry":{"type":"Point","coordinates":[-0.0896317,51.5217349]},"properties":{"name":"The University of Law, Moorgate","layer":"universities","note":"The University of Law","osm_id":"way/53795174","osm_url":"https://www.openstreetmap.org/way/53795174","source":"OpenStreetMap","brand":"The University of Law"}},{"type":"Feature","geometry":{"type":"Point","coordinates":[-6.3811007,53.4053177]},"properties":{"name":"TU Dublin Blanchardstown","layer":"universities","note":"OpenStreetMap","osm_id":"way/54183121","osm_url":"https://www.openstreetmap.org/way/54183121","source":"OpenStreetMap"}},{"type":"Feature","geometry":{"type":"Point","coordinates":[-4.6119268,55.4582916]},"properties":{"name":"University of the West of Scotland - Ayr Campus","layer":"universities","note":"University of the West of Scotland","osm_id":"way/54612760","osm_url":"https://www.openstreetmap.org/way/54612760","source":"OpenStreetMap","brand":"University of the West of Scotland"}},{"type":"Feature","geometry":{"type":"Point","coordinates":[0.136093,52.1867703]},"properties":{"name":"Faculty of Education","layer":"universities","note":"University of Cambridge","osm_id":"way/546360218","osm_url":"https://www.openstreetmap.org/way/546360218","source":"OpenStreetMap","brand":"University of Cambridge"}},{"type":"Feature","geometry":{"type":"Point","coordinates":[-2.5825179,51.4768399]},"properties":{"name":"City of Bristol College Ashley Down Centre","layer":"universities","note":"OpenStreetMap","osm_id":"way/55001056","osm_url":"https://www.openstreetmap.org/way/55001056","source":"OpenStreetMap"}},{"type":"Feature","geometry":{"type":"Point","coordinates":[-1.2968645,54.5624105]},"properties":{"name":"Durham University, Queen's Campus","layer":"universities","note":"Durham University","osm_id":"way/55342369","osm_url":"https://www.openstreetmap.org/way/55342369","source":"OpenStreetMap","brand":"Durham University"}},{"type":"Feature","geometry":{"type":"Point","coordinates":[-1.4662225,53.3783458]},"properties":{"name":"Sheffield Hallam University City Campus","layer":"universities","note":"Sheffield Hallam University","osm_id":"way/554313566","osm_url":"https://www.openstreetmap.org/way/554313566","source":"OpenStreetMap","brand":"Sheffield Hallam University"}},{"type":"Feature","geometry":{"type":"Point","coordinates":[-1.4631905,53.3817309]},"properties":{"name":"Sheffield Hallam University","layer":"universities","note":"OpenStreetMap","osm_id":"way/554315833","osm_url":"https://www.openstreetmap.org/way/554315833","source":"OpenStreetMap"}},{"type":"Feature","geometry":{"type":"Point","coordinates":[0.4982571,51.2712458]},"properties":{"name":"University for the Creative Arts, Maidstone TV Studios","layer":"universities","note":"University for the Creative Arts","osm_id":"way/55462409","osm_url":"https://www.openstreetmap.org/way/55462409","source":"OpenStreetMap","brand":"University for the Creative Arts"}},{"type":"Feature","geometry":{"type":"Point","coordinates":[-7.8270381,52.6865964]},"properties":{"name":"TUS Thurles Campus","layer":"universities","note":"Technological University of the Shannon: Midlands Midwest","osm_id":"way/554784310","osm_url":"https://www.openstreetmap.org/way/554784310","source":"OpenStreetMap","brand":"Technological University of the Shannon: Midlands Midwest"}},{"type":"Feature","geometry":{"type":"Point","coordinates":[-0.797509,50.8354161]},"properties":{"name":"Fishbourne Hall","layer":"universities","note":"OpenStreetMap","osm_id":"way/555125116","osm_url":"https://www.openstreetmap.org/way/555125116","source":"OpenStreetMap"}},{"type":"Feature","geometry":{"type":"Point","coordinates":[-0.7716553,50.8511268]},"properties":{"name":"University","layer":"universities","note":"OpenStreetMap","osm_id":"way/555125118","osm_url":"https://www.openstreetmap.org/way/555125118","source":"OpenStreetMap"}},{"type":"Feature","geometry":{"type":"Point","coordinates":[-0.0858861,51.4728067]},"properties":{"name":"UAL Wilson's Grammar","layer":"universities","note":"OpenStreetMap","osm_id":"way/5552546","osm_url":"https://www.openstreetmap.org/way/5552546","source":"OpenStreetMap"}},{"type":"Feature","geometry":{"type":"Point","coordinates":[-2.8847805,53.1862715]},"properties":{"name":"Queen's Park Campus","layer":"universities","note":"University of Chester","osm_id":"way/556671020","osm_url":"https://www.openstreetmap.org/way/556671020","source":"OpenStreetMap","brand":"University of Chester"}},{"type":"Feature","geometry":{"type":"Point","coordinates":[-0.9060328,52.2364838]},"properties":{"name":"University of Northampton Innovation Centre","layer":"universities","note":"OpenStreetMap","osm_id":"way/557609530","osm_url":"https://www.openstreetmap.org/way/557609530","source":"OpenStreetMap"}},{"type":"Feature","geometry":{"type":"Point","coordinates":[-0.1301192,51.5245709]},"properties":{"name":"Birkbeck College School of Arts","layer":"universities","note":"OpenStreetMap","osm_id":"way/557814832","osm_url":"https://www.openstreetmap.org/way/557814832","source":"OpenStreetMap"}},{"type":"Feature","geometry":{"type":"Point","coordinates":[-2.786283,55.6071038]},"properties":{"name":"Scottish Borders Campus","layer":"universities","note":"Heriot-Watt University;Borders College","osm_id":"way/55937281","osm_url":"https://www.openstreetmap.org/way/55937281","source":"OpenStreetMap","brand":"Heriot-Watt University;Borders College"}},{"type":"Feature","geometry":{"type":"Point","coordinates":[-9.1695288,53.1036486]},"properties":{"name":"Burren College of Art","layer":"universities","note":"OpenStreetMap","osm_id":"way/560317291","osm_url":"https://www.openstreetmap.org/way/560317291","source":"OpenStreetMap"}},{"type":"Feature","geometry":{"type":"Point","coordinates":[0.2636559,50.7544774]},"properties":{"name":"University of Brighton","layer":"universities","note":"University of Brighton","osm_id":"way/562566684","osm_url":"https://www.openstreetmap.org/way/562566684","source":"OpenStreetMap","brand":"University of Brighton"}},{"type":"Feature","geometry":{"type":"Point","coordinates":[0.2650966,50.7554582]},"properties":{"name":"University of Brighton Eastbourne Campus","layer":"universities","note":"University of Brighton","osm_id":"way/562566909","osm_url":"https://www.openstreetmap.org/way/562566909","source":"OpenStreetMap","brand":"University of Brighton"}},{"type":"Feature","geometry":{"type":"Point","coordinates":[-1.5831203,54.7618848]},"properties":{"name":"South College","layer":"universities","note":"Durham University","osm_id":"way/564120080","osm_url":"https://www.openstreetmap.org/way/564120080","source":"OpenStreetMap","brand":"Durham University"}},{"type":"Feature","geometry":{"type":"Point","coordinates":[-2.8909572,53.185722]},"properties":{"name":"University of Chester - Riverside Campus","layer":"universities","note":"OpenStreetMap","osm_id":"way/582932844","osm_url":"https://www.openstreetmap.org/way/582932844","source":"OpenStreetMap"}},{"type":"Feature","geometry":{"type":"Point","coordinates":[-2.9673878,54.434034]},"properties":{"name":"University of Cumbria","layer":"universities","note":"University of Cumbria","osm_id":"way/584754108","osm_url":"https://www.openstreetmap.org/way/584754108","source":"OpenStreetMap","brand":"University of Cumbria"}},{"type":"Feature","geometry":{"type":"Point","coordinates":[-1.3933736,50.9026644]},"properties":{"name":"Warsash Maritime Acadmeny","layer":"universities","note":"OpenStreetMap","osm_id":"way/587122303","osm_url":"https://www.openstreetmap.org/way/587122303","source":"OpenStreetMap"}},{"type":"Feature","geometry":{"type":"Point","coordinates":[-2.3994198,53.5490454]},"properties":{"name":"University of Bolton - Queen's Campus","layer":"universities","note":"OpenStreetMap","osm_id":"way/588208386","osm_url":"https://www.openstreetmap.org/way/588208386","source":"OpenStreetMap"}},{"type":"Feature","geometry":{"type":"Point","coordinates":[-6.2687003,55.7623042]},"properties":{"name":"Ionad Chaluim Chille Ìle","layer":"universities","note":"University of the Highlands and Islands","osm_id":"way/588672466","osm_url":"https://www.openstreetmap.org/way/588672466","source":"OpenStreetMap","brand":"University of the Highlands and Islands"}},{"type":"Feature","geometry":{"type":"Point","coordinates":[-7.3668804,57.425434]},"properties":{"name":"OGE Innse Gall - Beinn na Faoghla","layer":"universities","note":"University of the Highlands and Islands","osm_id":"way/588683372","osm_url":"https://www.openstreetmap.org/way/588683372","source":"OpenStreetMap","brand":"University of the Highlands and Islands"}},{"type":"Feature","geometry":{"type":"Point","coordinates":[-1.1975331,52.7674076]},"properties":{"name":"University","layer":"universities","note":"OpenStreetMap","osm_id":"way/58875992","osm_url":"https://www.openstreetmap.org/way/58875992","source":"OpenStreetMap"}},{"type":"Feature","geometry":{"type":"Point","coordinates":[-1.4895371,52.9268223]},"properties":{"name":"Nunnery Court","layer":"universities","note":"University of Derby","osm_id":"way/58985081","osm_url":"https://www.openstreetmap.org/way/58985081","source":"OpenStreetMap","brand":"University of Derby"}},{"type":"Feature","geometry":{"type":"Point","coordinates":[-1.4870649,52.9266293]},"properties":{"name":"Princess Alice Court","layer":"universities","note":"OpenStreetMap","osm_id":"way/58985107","osm_url":"https://www.openstreetmap.org/way/58985107","source":"OpenStreetMap"}},{"type":"Feature","geometry":{"type":"Point","coordinates":[-1.484092,52.9268982]},"properties":{"name":"Peak Court (University of Derby Halls of Residence)","layer":"universities","note":"University of Derby","osm_id":"way/59167351","osm_url":"https://www.openstreetmap.org/way/59167351","source":"OpenStreetMap","brand":"University of Derby"}},{"type":"Feature","geometry":{"type":"Point","coordinates":[-1.4850689,52.9243975]},"properties":{"name":"Agard Court","layer":"universities","note":"University Of Derby","osm_id":"way/59167366","osm_url":"https://www.openstreetmap.org/way/59167366","source":"OpenStreetMap","brand":"University Of Derby"}},{"type":"Feature","geometry":{"type":"Point","coordinates":[-1.0812476,53.9655279]},"properties":{"name":"Holgate","layer":"universities","note":"York St John University","osm_id":"way/59360319","osm_url":"https://www.openstreetmap.org/way/59360319","source":"OpenStreetMap","brand":"York St John University"}},{"type":"Feature","geometry":{"type":"Point","coordinates":[-4.4958331,54.1483654]},"properties":{"name":"The Nunnery","layer":"universities","note":"International Centre for Technology Ltd","osm_id":"way/59384695","osm_url":"https://www.openstreetmap.org/way/59384695","source":"OpenStreetMap","brand":"International Centre for Technology Ltd"}},{"type":"Feature","geometry":{"type":"Point","coordinates":[-0.6374663,51.6054458]},"properties":{"name":"National Film and Television School","layer":"universities","note":"OpenStreetMap","osm_id":"way/600818704","osm_url":"https://www.openstreetmap.org/way/600818704","source":"OpenStreetMap"}},{"type":"Feature","geometry":{"type":"Point","coordinates":[-4.4237599,57.595346]},"properties":{"name":"Highland Theological College UHI","layer":"universities","note":"OpenStreetMap","osm_id":"way/603440983","osm_url":"https://www.openstreetmap.org/way/603440983","source":"OpenStreetMap"}},{"type":"Feature","geometry":{"type":"Point","coordinates":[-3.1386949,55.9221311]},"properties":{"name":"University of Edinburgh - Little France Campus","layer":"universities","note":"University of Edinburgh Medical School","osm_id":"way/607971776","osm_url":"https://www.openstreetmap.org/way/607971776","source":"OpenStreetMap","brand":"University of Edinburgh Medical School"}},{"type":"Feature","geometry":{"type":"Point","coordinates":[-0.228538,51.5902061]},"properties":{"name":"Scholars Courtyard","layer":"universities","note":"OpenStreetMap","osm_id":"way/61278597","osm_url":"https://www.openstreetmap.org/way/61278597","source":"OpenStreetMap"}},{"type":"Feature","geometry":{"type":"Point","coordinates":[-0.8943021,52.2347106]},"properties":{"name":"St John's Hall","layer":"universities","note":"OpenStreetMap","osm_id":"way/618492044","osm_url":"https://www.openstreetmap.org/way/618492044","source":"OpenStreetMap"}},{"type":"Feature","geometry":{"type":"Point","coordinates":[-0.8856111,52.2321985]},"properties":{"name":"University","layer":"universities","note":"OpenStreetMap","osm_id":"way/618500182","osm_url":"https://www.openstreetmap.org/way/618500182","source":"OpenStreetMap"}},{"type":"Feature","geometry":{"type":"Point","coordinates":[-0.8872517,52.2322645]},"properties":{"name":"University","layer":"universities","note":"OpenStreetMap","osm_id":"way/618500183","osm_url":"https://www.openstreetmap.org/way/618500183","source":"OpenStreetMap"}},{"type":"Feature","geometry":{"type":"Point","coordinates":[-0.8798024,52.2355309]},"properties":{"name":"University of Northampton - School of Podiatry","layer":"universities","note":"OpenStreetMap","osm_id":"way/618555473","osm_url":"https://www.openstreetmap.org/way/618555473","source":"OpenStreetMap"}},{"type":"Feature","geometry":{"type":"Point","coordinates":[-0.0990273,51.5220785]},"properties":{"name":"Queen Mary's University Charterhouse Square Campus","layer":"universities","note":"OpenStreetMap","osm_id":"way/62065605","osm_url":"https://www.openstreetmap.org/way/62065605","source":"OpenStreetMap"}},{"type":"Feature","geometry":{"type":"Point","coordinates":[-1.1617369,60.1725742]},"properties":{"name":"UHI Shetland - Lerwick Campus","layer":"universities","note":"OpenStreetMap","osm_id":"way/625416371","osm_url":"https://www.openstreetmap.org/way/625416371","source":"OpenStreetMap"}},{"type":"Feature","geometry":{"type":"Point","coordinates":[-4.1041146,55.7783164]},"properties":{"name":"University of the West of Scotland - Lanarkshire Campus","layer":"universities","note":"University of the West of Scotland","osm_id":"way/626293207","osm_url":"https://www.openstreetmap.org/way/626293207","source":"OpenStreetMap","brand":"University of the West of Scotland"}},{"type":"Feature","geometry":{"type":"Point","coordinates":[-2.9478407,58.9858686]},"properties":{"name":"Orkney College UHI","layer":"universities","note":"OpenStreetMap","osm_id":"way/628161500","osm_url":"https://www.openstreetmap.org/way/628161500","source":"OpenStreetMap"}},{"type":"Feature","geometry":{"type":"Point","coordinates":[-5.1076583,56.8226589]},"properties":{"name":"UHI West Highland - Fort William Centre","layer":"universities","note":"OpenStreetMap","osm_id":"way/628161799","osm_url":"https://www.openstreetmap.org/way/628161799","source":"OpenStreetMap"}},{"type":"Feature","geometry":{"type":"Point","coordinates":[-4.9246462,55.9452018]},"properties":{"name":"Argyll College UHI - Dunoon","layer":"universities","note":"University of the Highlands and Islands","osm_id":"way/628162035","osm_url":"https://www.openstreetmap.org/way/628162035","source":"OpenStreetMap","brand":"University of the Highlands and Islands"}},{"type":"Feature","geometry":{"type":"Point","coordinates":[-5.0918448,50.2654822]},"properties":{"name":"Centre for Postgraduate Medical Education","layer":"universities","note":"OpenStreetMap","osm_id":"way/629637533","osm_url":"https://www.openstreetmap.org/way/629637533","source":"OpenStreetMap"}},{"type":"Feature","geometry":{"type":"Point","coordinates":[-3.3010351,58.9634691]},"properties":{"name":"Heriot-Watt University - Orkney Campus","layer":"universities","note":"Heriot-Watt University","osm_id":"way/630677547","osm_url":"https://www.openstreetmap.org/way/630677547","source":"OpenStreetMap","brand":"Heriot-Watt University"}},{"type":"Feature","geometry":{"type":"Point","coordinates":[-3.9173625,56.1454355]},"properties":{"name":"University of Stirling","layer":"universities","note":"University of Stirling","osm_id":"way/630683993","osm_url":"https://www.openstreetmap.org/way/630683993","source":"OpenStreetMap","brand":"University of Stirling"}},{"type":"Feature","geometry":{"type":"Point","coordinates":[-0.8093485,51.8140631]},"properties":{"name":"University Campus Aylesbury Vale","layer":"universities","note":"Buckinghamshire New University","osm_id":"way/631955842","osm_url":"https://www.openstreetmap.org/way/631955842","source":"OpenStreetMap","brand":"Buckinghamshire New University"}},{"type":"Feature","geometry":{"type":"Point","coordinates":[-0.1770823,51.4994442]},"properties":{"name":"Royal College of Music","layer":"universities","note":"OpenStreetMap","osm_id":"way/641429750","osm_url":"https://www.openstreetmap.org/way/641429750","source":"OpenStreetMap"}},{"type":"Feature","geometry":{"type":"Point","coordinates":[-1.4977501,55.1249557]},"properties":{"name":"Blyth Marine Station","layer":"universities","note":"Newcastle University School of Marine Science and Technology","osm_id":"way/642492594","osm_url":"https://www.openstreetmap.org/way/642492594","source":"OpenStreetMap","brand":"Newcastle University School of Marine Science and Technology"}},{"type":"Feature","geometry":{"type":"Point","coordinates":[-5.1231472,50.1698365]},"properties":{"name":"Penryn Campus","layer":"universities","note":"Combined Universities in Cornwall","osm_id":"way/64455120","osm_url":"https://www.openstreetmap.org/way/64455120","source":"OpenStreetMap","brand":"Combined Universities in Cornwall"}},{"type":"Feature","geometry":{"type":"Point","coordinates":[-7.8071203,52.6773415]},"properties":{"name":"St. Patrick's College","layer":"universities","note":"OpenStreetMap","osm_id":"way/647860623","osm_url":"https://www.openstreetmap.org/way/647860623","source":"OpenStreetMap"}},{"type":"Feature","geometry":{"type":"Point","coordinates":[-5.0930408,50.2649592]},"properties":{"name":"Knowledge Spa","layer":"universities","note":"University of Exeter","osm_id":"way/656019235","osm_url":"https://www.openstreetmap.org/way/656019235","source":"OpenStreetMap","brand":"University of Exeter"}},{"type":"Feature","geometry":{"type":"Point","coordinates":[0.0751196,51.4507476]},"properties":{"name":"University","layer":"universities","note":"OpenStreetMap","osm_id":"way/657101135","osm_url":"https://www.openstreetmap.org/way/657101135","source":"OpenStreetMap"}},{"type":"Feature","geometry":{"type":"Point","coordinates":[-2.9503774,53.3756779]},"properties":{"name":"Liverpool Hope University - Aigburth Park","layer":"universities","note":"Liverpool Hope University","osm_id":"way/658565538","osm_url":"https://www.openstreetmap.org/way/658565538","source":"OpenStreetMap","brand":"Liverpool Hope University"}},{"type":"Feature","geometry":{"type":"Point","coordinates":[-7.4992178,56.9556599]},"properties":{"name":"OGE Innse Gall - Barraigh","layer":"universities","note":"University of the Highlands and Islands","osm_id":"way/659529085","osm_url":"https://www.openstreetmap.org/way/659529085","source":"OpenStreetMap","brand":"University of the Highlands and Islands"}},{"type":"Feature","geometry":{"type":"Point","coordinates":[-4.0232424,57.8802154]},"properties":{"name":"UHI North Highland - Dornoch Campus","layer":"universities","note":"University of the Highlands and Islands","osm_id":"way/660051156","osm_url":"https://www.openstreetmap.org/way/660051156","source":"OpenStreetMap","brand":"University of the Highlands and Islands"}},{"type":"Feature","geometry":{"type":"Point","coordinates":[-3.4865778,58.4607771]},"properties":{"name":"UHI North Highland - Rural Studies Centre","layer":"universities","note":"University of the Highlands and Islands","osm_id":"way/660053051","osm_url":"https://www.openstreetmap.org/way/660053051","source":"OpenStreetMap","brand":"University of the Highlands and Islands"}},{"type":"Feature","geometry":{"type":"Point","coordinates":[-3.5256667,58.5955556]},"properties":{"name":"UHI North Highland - Environmental Research Institute","layer":"universities","note":"University of the Highlands and Islands","osm_id":"way/660054273","osm_url":"https://www.openstreetmap.org/way/660054273","source":"OpenStreetMap","brand":"University of the Highlands and Islands"}},{"type":"Feature","geometry":{"type":"Point","coordinates":[-5.4249398,56.0245683]},"properties":{"name":"Argyll College UHI - CERC","layer":"universities","note":"University of the Highlands and Islands","osm_id":"way/660068712","osm_url":"https://www.openstreetmap.org/way/660068712","source":"OpenStreetMap","brand":"University of the Highlands and Islands"}},{"type":"Feature","geometry":{"type":"Point","coordinates":[-5.436271,56.0378573]},"properties":{"name":"Argyll College UHI - Lochgilphead","layer":"universities","note":"University of the Highlands and Islands","osm_id":"way/660069235","osm_url":"https://www.openstreetmap.org/way/660069235","source":"OpenStreetMap","brand":"University of the Highlands and Islands"}},{"type":"Feature","geometry":{"type":"Point","coordinates":[-5.4748427,56.4019434]},"properties":{"name":"Argyll College UHI - Oban","layer":"universities","note":"University of the Highlands and Islands","osm_id":"way/660069979","osm_url":"https://www.openstreetmap.org/way/660069979","source":"OpenStreetMap","brand":"University of the Highlands and Islands"}},{"type":"Feature","geometry":{"type":"Point","coordinates":[-0.160259,51.5212585]},"properties":{"name":"London Business School","layer":"universities","note":"OpenStreetMap","osm_id":"way/665980286","osm_url":"https://www.openstreetmap.org/way/665980286","source":"OpenStreetMap"}},{"type":"Feature","geometry":{"type":"Point","coordinates":[0.1304836,52.2150176]},"properties":{"name":"St Regis (Clare College)","layer":"universities","note":"Clare College (University of Cambridge)","osm_id":"way/667702050","osm_url":"https://www.openstreetmap.org/way/667702050","source":"OpenStreetMap","brand":"Clare College (University of Cambridge)"}},{"type":"Feature","geometry":{"type":"Point","coordinates":[-0.4207767,51.1720763]},"properties":{"name":"Mullard SSL","layer":"universities","note":"OpenStreetMap","osm_id":"way/669911334","osm_url":"https://www.openstreetmap.org/way/669911334","source":"OpenStreetMap"}},{"type":"Feature","geometry":{"type":"Point","coordinates":[-8.4836158,51.8981624]},"properties":{"name":"UCC Lee Maltings Complex","layer":"universities","note":"University College Cork","osm_id":"way/671690472","osm_url":"https://www.openstreetmap.org/way/671690472","source":"OpenStreetMap","brand":"University College Cork"}},{"type":"Feature","geometry":{"type":"Point","coordinates":[-1.0793494,53.9654878]},"properties":{"name":"Cordukes","layer":"universities","note":"York St John University","osm_id":"way/675802452","osm_url":"https://www.openstreetmap.org/way/675802452","source":"OpenStreetMap","brand":"York St John University"}},{"type":"Feature","geometry":{"type":"Point","coordinates":[-1.4821613,52.9274331]},"properties":{"name":"Lonsdale House","layer":"universities","note":"University of Derby","osm_id":"way/678623253","osm_url":"https://www.openstreetmap.org/way/678623253","source":"OpenStreetMap","brand":"University of Derby"}},{"type":"Feature","geometry":{"type":"Point","coordinates":[-8.4874067,51.8995038]},"properties":{"name":"University College Cork North Mall Campus","layer":"universities","note":"University College Cork","osm_id":"way/680101864","osm_url":"https://www.openstreetmap.org/way/680101864","source":"OpenStreetMap","brand":"University College Cork"}},{"type":"Feature","geometry":{"type":"Point","coordinates":[-3.2139755,55.9331388]},"properties":{"name":"Edinburgh Napier University - Merchiston Campus","layer":"universities","note":"OpenStreetMap","osm_id":"way/682083727","osm_url":"https://www.openstreetmap.org/way/682083727","source":"OpenStreetMap"}},{"type":"Feature","geometry":{"type":"Point","coordinates":[-1.4980385,52.9291631]},"properties":{"name":"University of Derby - Markeaton Street Campus","layer":"universities","note":"University of Derby","osm_id":"way/684047105","osm_url":"https://www.openstreetmap.org/way/684047105","source":"OpenStreetMap","brand":"University of Derby"}},{"type":"Feature","geometry":{"type":"Point","coordinates":[-2.1276157,52.589964]},"properties":{"name":"University of Wolverhampton","layer":"universities","note":"OpenStreetMap","osm_id":"way/684848398","osm_url":"https://www.openstreetmap.org/way/684848398","source":"OpenStreetMap"}},{"type":"Feature","geometry":{"type":"Point","coordinates":[-0.1612174,51.5263937]},"properties":{"name":"London Business School","layer":"universities","note":"OpenStreetMap","osm_id":"way/684902003","osm_url":"https://www.openstreetmap.org/way/684902003","source":"OpenStreetMap"}},{"type":"Feature","geometry":{"type":"Point","coordinates":[-1.4642671,53.3820266]},"properties":{"name":"Sheffield Hallam University","layer":"universities","note":"OpenStreetMap","osm_id":"way/685644576","osm_url":"https://www.openstreetmap.org/way/685644576","source":"OpenStreetMap"}},{"type":"Feature","geometry":{"type":"Point","coordinates":[-1.8289669,50.7268675]},"properties":{"name":"Health Services University","layer":"universities","note":"OpenStreetMap","osm_id":"way/68698678","osm_url":"https://www.openstreetmap.org/way/68698678","source":"OpenStreetMap"}},{"type":"Feature","geometry":{"type":"Point","coordinates":[-1.8283518,50.7277275]},"properties":{"name":"Health Services University","layer":"universities","note":"OpenStreetMap","osm_id":"way/68729350","osm_url":"https://www.openstreetmap.org/way/68729350","source":"OpenStreetMap"}},{"type":"Feature","geometry":{"type":"Point","coordinates":[-1.9696312,52.5714483]},"properties":{"name":"University of Wolverhampton, Walsall Campus","layer":"universities","note":"OpenStreetMap","osm_id":"way/69602591","osm_url":"https://www.openstreetmap.org/way/69602591","source":"OpenStreetMap"}},{"type":"Feature","geometry":{"type":"Point","coordinates":[-3.1809116,55.9479418]},"properties":{"name":"University of Edinburgh - Pleasance","layer":"universities","note":"OpenStreetMap","osm_id":"way/69895581","osm_url":"https://www.openstreetmap.org/way/69895581","source":"OpenStreetMap"}},{"type":"Feature","geometry":{"type":"Point","coordinates":[-2.7770358,54.0135839]},"properties":{"name":"Hazelrigg Weather Station","layer":"universities","note":"Lancaster University","osm_id":"way/703133165","osm_url":"https://www.openstreetmap.org/way/703133165","source":"OpenStreetMap","brand":"Lancaster University"}},{"type":"Feature","geometry":{"type":"Point","coordinates":[-0.0823555,51.5277594]},"properties":{"name":"National Centre for Circus Arts","layer":"universities","note":"OpenStreetMap","osm_id":"way/705753620","osm_url":"https://www.openstreetmap.org/way/705753620","source":"OpenStreetMap"}},{"type":"Feature","geometry":{"type":"Point","coordinates":[-1.0917883,50.7944213]},"properties":{"name":"36-40 Middle Street","layer":"universities","note":"OpenStreetMap","osm_id":"way/71395681","osm_url":"https://www.openstreetmap.org/way/71395681","source":"OpenStreetMap"}},{"type":"Feature","geometry":{"type":"Point","coordinates":[-8.3048493,51.8328179]},"properties":{"name":"National Maritime College of Ireland","layer":"universities","note":"Munster Technological University","osm_id":"way/71437255","osm_url":"https://www.openstreetmap.org/way/71437255","source":"OpenStreetMap","brand":"Munster Technological University"}},{"type":"Feature","geometry":{"type":"Point","coordinates":[-1.7664956,53.7916363]},"properties":{"name":"University of Bradford","layer":"universities","note":"University of Bradford","osm_id":"way/71891363","osm_url":"https://www.openstreetmap.org/way/71891363","source":"OpenStreetMap","brand":"University of Bradford"}},{"type":"Feature","geometry":{"type":"Point","coordinates":[-0.1018219,51.4945165]},"properties":{"name":"London College of Communication","layer":"universities","note":"University of the Arts London","osm_id":"way/71921020","osm_url":"https://www.openstreetmap.org/way/71921020","source":"OpenStreetMap","brand":"University of the Arts London"}},{"type":"Feature","geometry":{"type":"Point","coordinates":[-8.303529,51.8335164]},"properties":{"name":"MaREI Centre","layer":"universities","note":"University College Cork","osm_id":"way/727350232","osm_url":"https://www.openstreetmap.org/way/727350232","source":"OpenStreetMap","brand":"University College Cork"}},{"type":"Feature","geometry":{"type":"Point","coordinates":[-2.270857,53.0010326]},"properties":{"name":"Keele University","layer":"universities","note":"Keele University","osm_id":"way/728225498","osm_url":"https://www.openstreetmap.org/way/728225498","source":"OpenStreetMap","brand":"Keele University"}},{"type":"Feature","geometry":{"type":"Point","coordinates":[-1.8888074,52.4822662]},"properties":{"name":"BCU International College","layer":"universities","note":"OpenStreetMap","osm_id":"way/72843680","osm_url":"https://www.openstreetmap.org/way/72843680","source":"OpenStreetMap"}},{"type":"Feature","geometry":{"type":"Point","coordinates":[-3.1951718,55.9495276]},"properties":{"name":"University","layer":"universities","note":"OpenStreetMap","osm_id":"way/730779976","osm_url":"https://www.openstreetmap.org/way/730779976","source":"OpenStreetMap"}},{"type":"Feature","geometry":{"type":"Point","coordinates":[-3.1872547,55.9474177]},"properties":{"name":"Old College (University of Edinburgh)","layer":"universities","note":"OpenStreetMap","osm_id":"way/730780903","osm_url":"https://www.openstreetmap.org/way/730780903","source":"OpenStreetMap"}},{"type":"Feature","geometry":{"type":"Point","coordinates":[-0.032759,51.4727678]},"properties":{"name":"Surrey House & Surrey Annexe","layer":"universities","note":"OpenStreetMap","osm_id":"way/73546151","osm_url":"https://www.openstreetmap.org/way/73546151","source":"OpenStreetMap"}},{"type":"Feature","geometry":{"type":"Point","coordinates":[-2.7091062,53.7643681]},"properties":{"name":"University of Lancashire","layer":"universities","note":"University of Lancashire","osm_id":"way/73839912","osm_url":"https://www.openstreetmap.org/way/73839912","source":"OpenStreetMap","brand":"University of Lancashire"}},{"type":"Feature","geometry":{"type":"Point","coordinates":[-3.1783988,55.9522106]},"properties":{"name":"Adam Smith's Panmure House","layer":"universities","note":"Heriot Watt University & Edinburgh Business School","osm_id":"way/739062990","osm_url":"https://www.openstreetmap.org/way/739062990","source":"OpenStreetMap","brand":"Heriot Watt University & Edinburgh Business School"}},{"type":"Feature","geometry":{"type":"Point","coordinates":[-1.9213523,52.4709968]},"properties":{"name":"Birmingham City University","layer":"universities","note":"OpenStreetMap","osm_id":"way/73965353","osm_url":"https://www.openstreetmap.org/way/73965353","source":"OpenStreetMap"}},{"type":"Feature","geometry":{"type":"Point","coordinates":[-1.9075775,52.4885417]},"properties":{"name":"University of Law, Birmingham","layer":"universities","note":"University of Law","osm_id":"way/74279354","osm_url":"https://www.openstreetmap.org/way/74279354","source":"OpenStreetMap","brand":"University of Law"}},{"type":"Feature","geometry":{"type":"Point","coordinates":[-5.8735191,57.0864871]},"properties":{"name":"Sabhal Mòr Ostaig - Àrainn Chaluim Chille","layer":"universities","note":"Sabhal Mòr Ostaig","osm_id":"way/74914919","osm_url":"https://www.openstreetmap.org/way/74914919","source":"OpenStreetMap","brand":"Sabhal Mòr Ostaig"}},{"type":"Feature","geometry":{"type":"Point","coordinates":[-5.8791573,57.0862791]},"properties":{"name":"Sabhal Mòr Ostaig - Àrainn Ostaig","layer":"universities","note":"Sabhal Mòr Ostaig","osm_id":"way/74914925","osm_url":"https://www.openstreetmap.org/way/74914925","source":"OpenStreetMap","brand":"Sabhal Mòr Ostaig"}},{"type":"Feature","geometry":{"type":"Point","coordinates":[-1.4121169,54.905357]},"properties":{"name":"Clanny House","layer":"universities","note":"OpenStreetMap","osm_id":"way/751915639","osm_url":"https://www.openstreetmap.org/way/751915639","source":"OpenStreetMap"}},{"type":"Feature","geometry":{"type":"Point","coordinates":[-1.3974363,54.9033492]},"properties":{"name":"The Precinct","layer":"universities","note":"OpenStreetMap","osm_id":"way/751915640","osm_url":"https://www.openstreetmap.org/way/751915640","source":"OpenStreetMap"}},{"type":"Feature","geometry":{"type":"Point","coordinates":[-1.6027719,52.2106258]},"properties":{"name":"Warwick University Wellesbourne Campus School of Life Sciences","layer":"universities","note":"OpenStreetMap","osm_id":"way/75313224","osm_url":"https://www.openstreetmap.org/way/75313224","source":"OpenStreetMap"}},{"type":"Feature","geometry":{"type":"Point","coordinates":[-1.3752414,54.9091887]},"properties":{"name":"Scotia Quay","layer":"universities","note":"OpenStreetMap","osm_id":"way/757328950","osm_url":"https://www.openstreetmap.org/way/757328950","source":"OpenStreetMap"}},{"type":"Feature","geometry":{"type":"Point","coordinates":[-1.4092095,54.9099025]},"properties":{"name":"The Forge","layer":"universities","note":"OpenStreetMap","osm_id":"way/758347545","osm_url":"https://www.openstreetmap.org/way/758347545","source":"OpenStreetMap"}},{"type":"Feature","geometry":{"type":"Point","coordinates":[-0.1923113,51.51097]},"properties":{"name":"Brigham Young University London Centre","layer":"universities","note":"OpenStreetMap","osm_id":"way/762036680","osm_url":"https://www.openstreetmap.org/way/762036680","source":"OpenStreetMap"}},{"type":"Feature","geometry":{"type":"Point","coordinates":[-0.1740702,51.5443049]},"properties":{"name":"The Royal Central School of Speech and Drama","layer":"universities","note":"The Royal Central School of Speech and Drama","osm_id":"way/77109286","osm_url":"https://www.openstreetmap.org/way/77109286","source":"OpenStreetMap","brand":"The Royal Central School of Speech and Drama"}},{"type":"Feature","geometry":{"type":"Point","coordinates":[-1.2604686,51.7561478]},"properties":{"name":"Blackfriars","layer":"universities","note":"OpenStreetMap","osm_id":"way/77378881","osm_url":"https://www.openstreetmap.org/way/77378881","source":"OpenStreetMap"}},{"type":"Feature","geometry":{"type":"Point","coordinates":[-3.4558305,50.7331162]},"properties":{"name":"Engineering Department University of Exeter","layer":"universities","note":"OpenStreetMap","osm_id":"way/777927541","osm_url":"https://www.openstreetmap.org/way/777927541","source":"OpenStreetMap"}},{"type":"Feature","geometry":{"type":"Point","coordinates":[-1.8660223,50.7246882]},"properties":{"name":"Bournemouth University (Lansdowne Campus)","layer":"universities","note":"Bournemouth University","osm_id":"way/778213417","osm_url":"https://www.openstreetmap.org/way/778213417","source":"OpenStreetMap","brand":"Bournemouth University"}},{"type":"Feature","geometry":{"type":"Point","coordinates":[-4.4787671,54.1722024]},"properties":{"name":"University College Isle of Man","layer":"universities","note":"OpenStreetMap","osm_id":"way/77964053","osm_url":"https://www.openstreetmap.org/way/77964053","source":"OpenStreetMap"}},{"type":"Feature","geometry":{"type":"Point","coordinates":[-1.584816,54.7625632]},"properties":{"name":"John Snow College","layer":"universities","note":"Durham University","osm_id":"way/781306938","osm_url":"https://www.openstreetmap.org/way/781306938","source":"OpenStreetMap","brand":"Durham University"}},{"type":"Feature","geometry":{"type":"Point","coordinates":[-1.5463737,53.8016963]},"properties":{"name":"Leeds Arts University","layer":"universities","note":"Leeds Arts University","osm_id":"way/78507121","osm_url":"https://www.openstreetmap.org/way/78507121","source":"OpenStreetMap","brand":"Leeds Arts University"}},{"type":"Feature","geometry":{"type":"Point","coordinates":[-1.1901853,53.1208812]},"properties":{"name":"Nottingham Trent University Vision University Centre","layer":"universities","note":"Nottingham Trent University","osm_id":"way/787048492","osm_url":"https://www.openstreetmap.org/way/787048492","source":"OpenStreetMap","brand":"Nottingham Trent University"}},{"type":"Feature","geometry":{"type":"Point","coordinates":[-1.5904828,54.7871287]},"properties":{"name":"Ustinov College","layer":"universities","note":"Durham University","osm_id":"way/792685482","osm_url":"https://www.openstreetmap.org/way/792685482","source":"OpenStreetMap","brand":"Durham University"}},{"type":"Feature","geometry":{"type":"Point","coordinates":[-8.4446019,54.6311193]},"properties":{"name":"Atlantic Technological University Killybegs Campus","layer":"universities","note":"ATU","osm_id":"way/796707905","osm_url":"https://www.openstreetmap.org/way/796707905","source":"OpenStreetMap","brand":"ATU"}},{"type":"Feature","geometry":{"type":"Point","coordinates":[-2.1396687,57.1187463]},"properties":{"name":"Robert Gordon University","layer":"universities","note":"Robert Gordon University","osm_id":"way/8029431","osm_url":"https://www.openstreetmap.org/way/8029431","source":"OpenStreetMap","brand":"Robert Gordon University"}},{"type":"Feature","geometry":{"type":"Point","coordinates":[-8.5006322,51.8921228]},"properties":{"name":"University College Cork Western Campus","layer":"universities","note":"OpenStreetMap","osm_id":"way/80528786","osm_url":"https://www.openstreetmap.org/way/80528786","source":"OpenStreetMap"}},{"type":"Feature","geometry":{"type":"Point","coordinates":[-0.1518834,51.5235218]},"properties":{"name":"Royal Academy of Music","layer":"universities","note":"OpenStreetMap","osm_id":"way/80888189","osm_url":"https://www.openstreetmap.org/way/80888189","source":"OpenStreetMap"}},{"type":"Feature","geometry":{"type":"Point","coordinates":[-3.1837808,51.4860288]},"properties":{"name":"Royal Welsh College of Music and Drama","layer":"universities","note":"OpenStreetMap","osm_id":"way/809362408","osm_url":"https://www.openstreetmap.org/way/809362408","source":"OpenStreetMap"}},{"type":"Feature","geometry":{"type":"Point","coordinates":[-1.6277509,53.2624409]},"properties":{"name":"Cliff College","layer":"universities","note":"OpenStreetMap","osm_id":"way/809877392","osm_url":"https://www.openstreetmap.org/way/809877392","source":"OpenStreetMap"}},{"type":"Feature","geometry":{"type":"Point","coordinates":[-8.4818416,51.8950998]},"properties":{"name":"MTU Crawford College of Art & Design","layer":"universities","note":"Munster Technological University","osm_id":"way/813599737","osm_url":"https://www.openstreetmap.org/way/813599737","source":"OpenStreetMap","brand":"Munster Technological University"}},{"type":"Feature","geometry":{"type":"Point","coordinates":[-6.2299835,53.3335754]},"properties":{"name":"IPA - Institute of Public Administration","layer":"universities","note":"OpenStreetMap","osm_id":"way/81370853","osm_url":"https://www.openstreetmap.org/way/81370853","source":"OpenStreetMap"}},{"type":"Feature","geometry":{"type":"Point","coordinates":[-1.0337942,53.9463729]},"properties":{"name":"David Kato College","layer":"universities","note":"OpenStreetMap","osm_id":"way/814301643","osm_url":"https://www.openstreetmap.org/way/814301643","source":"OpenStreetMap"}},{"type":"Feature","geometry":{"type":"Point","coordinates":[-0.1870717,51.4994618]},"properties":{"name":"Richmond University (Kensington Campus)","layer":"universities","note":"OpenStreetMap","osm_id":"way/815001801","osm_url":"https://www.openstreetmap.org/way/815001801","source":"OpenStreetMap"}},{"type":"Feature","geometry":{"type":"Point","coordinates":[-1.0479808,53.9482259]},"properties":{"name":"Department of Chemistry","layer":"universities","note":"OpenStreetMap","osm_id":"way/815403141","osm_url":"https://www.openstreetmap.org/way/815403141","source":"OpenStreetMap"}},{"type":"Feature","geometry":{"type":"Point","coordinates":[-0.1337024,51.5366698]},"properties":{"name":"Royal Veterinary College, Camden Campus","layer":"universities","note":"Royal Veterinary College","osm_id":"way/81625514","osm_url":"https://www.openstreetmap.org/way/81625514","source":"OpenStreetMap","brand":"Royal Veterinary College"}},{"type":"Feature","geometry":{"type":"Point","coordinates":[-1.0587995,53.9442698]},"properties":{"name":"York Experimental Archaeological Research Centre","layer":"universities","note":"University of York","osm_id":"way/822949338","osm_url":"https://www.openstreetmap.org/way/822949338","source":"OpenStreetMap","brand":"University of York"}},{"type":"Feature","geometry":{"type":"Point","coordinates":[-2.5783188,51.4494169]},"properties":{"name":"Temple Quarter Enterprise Campus","layer":"universities","note":"OpenStreetMap","osm_id":"way/82393586","osm_url":"https://www.openstreetmap.org/way/82393586","source":"OpenStreetMap"}},{"type":"Feature","geometry":{"type":"Point","coordinates":[0.1091303,52.2016168]},"properties":{"name":"Sidgwick Site","layer":"universities","note":"University of Cambridge","osm_id":"way/82608357","osm_url":"https://www.openstreetmap.org/way/82608357","source":"OpenStreetMap","brand":"University of Cambridge"}},{"type":"Feature","geometry":{"type":"Point","coordinates":[-0.6279329,52.0701637]},"properties":{"name":"Cranfield University","layer":"universities","note":"Cranfield University","osm_id":"way/82626982","osm_url":"https://www.openstreetmap.org/way/82626982","source":"OpenStreetMap","brand":"Cranfield University"}},{"type":"Feature","geometry":{"type":"Point","coordinates":[-0.1630311,51.5171979]},"properties":{"name":"Nutford House","layer":"universities","note":"University of London","osm_id":"way/844594861","osm_url":"https://www.openstreetmap.org/way/844594861","source":"OpenStreetMap","brand":"University of London"}},{"type":"Feature","geometry":{"type":"Point","coordinates":[-1.5561204,53.8066661]},"properties":{"name":"University of Leeds","layer":"universities","note":"OpenStreetMap","osm_id":"way/84656164","osm_url":"https://www.openstreetmap.org/way/84656164","source":"OpenStreetMap"}},{"type":"Feature","geometry":{"type":"Point","coordinates":[-1.2615239,51.7531843]},"properties":{"name":"Smith School of Enterprise and the Environment","layer":"universities","note":"University of Oxford","osm_id":"way/849198656","osm_url":"https://www.openstreetmap.org/way/849198656","source":"OpenStreetMap","brand":"University of Oxford"}},{"type":"Feature","geometry":{"type":"Point","coordinates":[-1.2550771,51.7575111]},"properties":{"name":"Rhodes House","layer":"universities","note":"OpenStreetMap","osm_id":"way/849425259","osm_url":"https://www.openstreetmap.org/way/849425259","source":"OpenStreetMap"}},{"type":"Feature","geometry":{"type":"Point","coordinates":[-1.2500847,51.752117]},"properties":{"name":"Examination Schools","layer":"universities","note":"University of Oxford","osm_id":"way/850114256","osm_url":"https://www.openstreetmap.org/way/850114256","source":"OpenStreetMap","brand":"University of Oxford"}},{"type":"Feature","geometry":{"type":"Point","coordinates":[-1.2352717,51.7467136]},"properties":{"name":"Ruskin School of Art Annexe","layer":"universities","note":"University of Oxford","osm_id":"way/850116843","osm_url":"https://www.openstreetmap.org/way/850116843","source":"OpenStreetMap","brand":"University of Oxford"}},{"type":"Feature","geometry":{"type":"Point","coordinates":[-1.2624922,51.750242]},"properties":{"name":"Oxford centre for Anxiety Disorders and Trauma","layer":"universities","note":"University of Oxford","osm_id":"way/850213560","osm_url":"https://www.openstreetmap.org/way/850213560","source":"OpenStreetMap","brand":"University of Oxford"}},{"type":"Feature","geometry":{"type":"Point","coordinates":[-1.4941232,52.9280911]},"properties":{"name":"Britannia Mill","layer":"universities","note":"University of Derby","osm_id":"way/85043514","osm_url":"https://www.openstreetmap.org/way/85043514","source":"OpenStreetMap","brand":"University of Derby"}},{"type":"Feature","geometry":{"type":"Point","coordinates":[-7.1456481,52.2468766]},"properties":{"name":"South East Technological University - Applied Technology Campus","layer":"universities","note":"South East Technological University","osm_id":"way/860261612","osm_url":"https://www.openstreetmap.org/way/860261612","source":"OpenStreetMap","brand":"South East Technological University"}},{"type":"Feature","geometry":{"type":"Point","coordinates":[-4.2450619,55.859702]},"properties":{"name":"The Ramshorn","layer":"universities","note":"University of Strathclyde","osm_id":"way/86419939","osm_url":"https://www.openstreetmap.org/way/86419939","source":"OpenStreetMap","brand":"University of Strathclyde"}},{"type":"Feature","geometry":{"type":"Point","coordinates":[-1.5641087,54.777245]},"properties":{"name":"College of St Hild and St Bede","layer":"universities","note":"Durham University","osm_id":"way/86494896","osm_url":"https://www.openstreetmap.org/way/86494896","source":"OpenStreetMap","brand":"Durham University"}},{"type":"Feature","geometry":{"type":"Point","coordinates":[-1.564741,54.7731379]},"properties":{"name":"Parsons Field (St Cuthbert's Society)","layer":"universities","note":"Durham University","osm_id":"way/86494900","osm_url":"https://www.openstreetmap.org/way/86494900","source":"OpenStreetMap","brand":"Durham University"}},{"type":"Feature","geometry":{"type":"Point","coordinates":[-1.2634424,51.761225]},"properties":{"name":"Green Templeton College","layer":"universities","note":"OpenStreetMap","osm_id":"way/87344223","osm_url":"https://www.openstreetmap.org/way/87344223","source":"OpenStreetMap"}},{"type":"Feature","geometry":{"type":"Point","coordinates":[-1.5774215,54.7652793]},"properties":{"name":"Teikyo University of Japan","layer":"universities","note":"OpenStreetMap","osm_id":"way/87348001","osm_url":"https://www.openstreetmap.org/way/87348001","source":"OpenStreetMap"}},{"type":"Feature","geometry":{"type":"Point","coordinates":[-1.4977403,52.937966]},"properties":{"name":"University of Derby","layer":"universities","note":"University of Derby","osm_id":"way/87690264","osm_url":"https://www.openstreetmap.org/way/87690264","source":"OpenStreetMap","brand":"University of Derby"}},{"type":"Feature","geometry":{"type":"Point","coordinates":[0.2861263,52.3983797]},"properties":{"name":"Cambridge University Boathouse","layer":"universities","note":"OpenStreetMap","osm_id":"way/878017888","osm_url":"https://www.openstreetmap.org/way/878017888","source":"OpenStreetMap"}},{"type":"Feature","geometry":{"type":"Point","coordinates":[-1.2608368,51.7604219]},"properties":{"name":"University","layer":"universities","note":"University of Oxford","osm_id":"way/878341901","osm_url":"https://www.openstreetmap.org/way/878341901","source":"OpenStreetMap","brand":"University of Oxford"}},{"type":"Feature","geometry":{"type":"Point","coordinates":[-2.9695769,53.4086966]},"properties":{"name":"Liverpool School of Tropical Medicine","layer":"universities","note":"Liverpool School of Tropical Medicine (LSTM)","osm_id":"way/884212871","osm_url":"https://www.openstreetmap.org/way/884212871","source":"OpenStreetMap","brand":"Liverpool School of Tropical Medicine (LSTM)"}},{"type":"Feature","geometry":{"type":"Point","coordinates":[-8.6376723,52.6526023]},"properties":{"name":"Mary Immaculate College","layer":"universities","note":"OpenStreetMap","osm_id":"way/886673342","osm_url":"https://www.openstreetmap.org/way/886673342","source":"OpenStreetMap"}},{"type":"Feature","geometry":{"type":"Point","coordinates":[-0.1720425,51.4900401]},"properties":{"name":"Faculty of Medicine (Imperial College London)","layer":"universities","note":"OpenStreetMap","osm_id":"way/891794537","osm_url":"https://www.openstreetmap.org/way/891794537","source":"OpenStreetMap"}},{"type":"Feature","geometry":{"type":"Point","coordinates":[-6.4719334,52.3343073]},"properties":{"name":"South East Technological University - Summerhill Road Campus","layer":"universities","note":"South East Technological University","osm_id":"way/89338090","osm_url":"https://www.openstreetmap.org/way/89338090","source":"OpenStreetMap","brand":"South East Technological University"}},{"type":"Feature","geometry":{"type":"Point","coordinates":[-0.1512,52.7877246]},"properties":{"name":"Boston College Spalding","layer":"universities","note":"OpenStreetMap","osm_id":"way/905349939","osm_url":"https://www.openstreetmap.org/way/905349939","source":"OpenStreetMap"}},{"type":"Feature","geometry":{"type":"Point","coordinates":[-1.2542547,51.7711567]},"properties":{"name":"Wolfson College","layer":"universities","note":"OpenStreetMap","osm_id":"way/9057465","osm_url":"https://www.openstreetmap.org/way/9057465","source":"OpenStreetMap"}},{"type":"Feature","geometry":{"type":"Point","coordinates":[-1.9839113,53.7910753]},"properties":{"name":"University of Bradford Oxenhope Field Site","layer":"universities","note":"University of Bradford","osm_id":"way/908466196","osm_url":"https://www.openstreetmap.org/way/908466196","source":"OpenStreetMap","brand":"University of Bradford"}},{"type":"Feature","geometry":{"type":"Point","coordinates":[-7.145312,52.2469367]},"properties":{"name":"South East Technological University - Applied Technology Campus","layer":"universities","note":"South East Technological University","osm_id":"way/908487082","osm_url":"https://www.openstreetmap.org/way/908487082","source":"OpenStreetMap","brand":"South East Technological University"}},{"type":"Feature","geometry":{"type":"Point","coordinates":[-1.2609153,51.7568714]},"properties":{"name":"Regent's Park College","layer":"universities","note":"OpenStreetMap","osm_id":"way/91154664","osm_url":"https://www.openstreetmap.org/way/91154664","source":"OpenStreetMap"}},{"type":"Feature","geometry":{"type":"Point","coordinates":[-1.5482892,53.8036689]},"properties":{"name":"Leeds Beckett University, City Campus","layer":"universities","note":"OpenStreetMap","osm_id":"way/913048609","osm_url":"https://www.openstreetmap.org/way/913048609","source":"OpenStreetMap"}},{"type":"Feature","geometry":{"type":"Point","coordinates":[-2.8923298,53.3908247]},"properties":{"name":"Liverpool Hope University","layer":"universities","note":"Liverpool Hope University","osm_id":"way/913215544","osm_url":"https://www.openstreetmap.org/way/913215544","source":"OpenStreetMap","brand":"Liverpool Hope University"}},{"type":"Feature","geometry":{"type":"Point","coordinates":[0.4730988,51.742236]},"properties":{"name":"Anglia Ruskin University, Chelmsford Campus","layer":"universities","note":"Anglia Ruskin University","osm_id":"way/92171431","osm_url":"https://www.openstreetmap.org/way/92171431","source":"OpenStreetMap","brand":"Anglia Ruskin University"}},{"type":"Feature","geometry":{"type":"Point","coordinates":[-6.4686525,52.3413355]},"properties":{"name":"South East Technological University - Hill Street Campus","layer":"universities","note":"South East Technological University","osm_id":"way/92487738","osm_url":"https://www.openstreetmap.org/way/92487738","source":"OpenStreetMap","brand":"South East Technological University"}},{"type":"Feature","geometry":{"type":"Point","coordinates":[-1.2629468,51.7766677]},"properties":{"name":"University","layer":"universities","note":"University of Oxford","osm_id":"way/925997559","osm_url":"https://www.openstreetmap.org/way/925997559","source":"OpenStreetMap","brand":"University of Oxford"}},{"type":"Feature","geometry":{"type":"Point","coordinates":[-1.291744,51.7153825]},"properties":{"name":"Peking University HSBC Business School (Foxcombe Hall UK Campus)","layer":"universities","note":"OpenStreetMap","osm_id":"way/927625117","osm_url":"https://www.openstreetmap.org/way/927625117","source":"OpenStreetMap"}},{"type":"Feature","geometry":{"type":"Point","coordinates":[-1.2558078,51.7580289]},"properties":{"name":"Reuben College","layer":"universities","note":"University of Oxford","osm_id":"way/928237437","osm_url":"https://www.openstreetmap.org/way/928237437","source":"OpenStreetMap","brand":"University of Oxford"}},{"type":"Feature","geometry":{"type":"Point","coordinates":[-1.9088654,52.4835016]},"properties":{"name":"UCB Health Skills, Simulation Suite & Exhibition Space","layer":"universities","note":"OpenStreetMap","osm_id":"way/929696576","osm_url":"https://www.openstreetmap.org/way/929696576","source":"OpenStreetMap"}},{"type":"Feature","geometry":{"type":"Point","coordinates":[-0.2232149,51.5053783]},"properties":{"name":"BPP University (Shepherd's Bush)","layer":"universities","note":"BPP University","osm_id":"way/935100259","osm_url":"https://www.openstreetmap.org/way/935100259","source":"OpenStreetMap","brand":"BPP University"}},{"type":"Feature","geometry":{"type":"Point","coordinates":[-3.1742368,55.9226021]},"properties":{"name":"University of Edinburgh - King's Buildings Campus","layer":"universities","note":"University of Edinburgh","osm_id":"way/9514792","osm_url":"https://www.openstreetmap.org/way/9514792","source":"OpenStreetMap","brand":"University of Edinburgh"}},{"type":"Feature","geometry":{"type":"Point","coordinates":[-3.1877222,55.9440244]},"properties":{"name":"University of Edinburgh","layer":"universities","note":"OpenStreetMap","osm_id":"way/9529767","osm_url":"https://www.openstreetmap.org/way/9529767","source":"OpenStreetMap"}},{"type":"Feature","geometry":{"type":"Point","coordinates":[-0.0697834,51.4756436]},"properties":{"name":"University","layer":"universities","note":"OpenStreetMap","osm_id":"way/966053581","osm_url":"https://www.openstreetmap.org/way/966053581","source":"OpenStreetMap"}},{"type":"Feature","geometry":{"type":"Point","coordinates":[-0.1291097,51.5213234]},"properties":{"name":"Senate House North Block","layer":"universities","note":"OpenStreetMap","osm_id":"way/97237908","osm_url":"https://www.openstreetmap.org/way/97237908","source":"OpenStreetMap"}},{"type":"Feature","geometry":{"type":"Point","coordinates":[-0.7534193,51.6278979]},"properties":{"name":"Buckinghamshire New University (Wycombe Campus)","layer":"universities","note":"Buckinghamshire New University","osm_id":"way/97953387","osm_url":"https://www.openstreetmap.org/way/97953387","source":"OpenStreetMap","brand":"Buckinghamshire New University"}},{"type":"Feature","geometry":{"type":"Point","coordinates":[-0.4829514,51.5500293]},"properties":{"name":"Buckinghamshire New University","layer":"universities","note":"Buckinghamshire New University","osm_id":"way/981274573","osm_url":"https://www.openstreetmap.org/way/981274573","source":"OpenStreetMap","brand":"Buckinghamshire New University"}},{"type":"Feature","geometry":{"type":"Point","coordinates":[-4.1349873,50.3729622]},"properties":{"name":"Cookworthy Building","layer":"universities","note":"OpenStreetMap","osm_id":"way/98510946","osm_url":"https://www.openstreetmap.org/way/98510946","source":"OpenStreetMap"}},{"type":"Feature","geometry":{"type":"Point","coordinates":[-1.0348888,53.947772]},"properties":{"name":"Anne Lister College","layer":"universities","note":"OpenStreetMap","osm_id":"way/987117146","osm_url":"https://www.openstreetmap.org/way/987117146","source":"OpenStreetMap"}},{"type":"Feature","geometry":{"type":"Point","coordinates":[-8.9850074,52.8461395]},"properties":{"name":"TUS Ennis","layer":"universities","note":"Technological University of the Shannon: Midlands Midwest","osm_id":"way/988538749","osm_url":"https://www.openstreetmap.org/way/988538749","source":"OpenStreetMap","brand":"Technological University of the Shannon: Midlands Midwest"}},{"type":"Feature","geometry":{"type":"Point","coordinates":[-0.1146952,51.53015]},"properties":{"name":"Courtauld Institute of Art Vernon Square Campus","layer":"universities","note":"OpenStreetMap","osm_id":"way/98977306","osm_url":"https://www.openstreetmap.org/way/98977306","source":"OpenStreetMap"}},{"type":"Feature","geometry":{"type":"Point","coordinates":[0.9362264,51.8799678]},"properties":{"name":"The Pastures","layer":"universities","note":"OpenStreetMap","osm_id":"way/993633099","osm_url":"https://www.openstreetmap.org/way/993633099","source":"OpenStreetMap"}},{"type":"Feature","geometry":{"type":"Point","coordinates":[-1.2375498,52.7638426]},"properties":{"name":"Loughborough University","layer":"universities","note":"Loughborough University","osm_id":"way/9961576","osm_url":"https://www.openstreetmap.org/way/9961576","source":"OpenStreetMap","brand":"Loughborough University"}},{"type":"Feature","geometry":{"type":"Point","coordinates":[-1.2719484,51.7511685]},"properties":{"name":"Global Leadership Centre","layer":"universities","note":"Saïd Business School;University of Oxford","osm_id":"way/998834924","osm_url":"https://www.openstreetmap.org/way/998834924","source":"OpenStreetMap","brand":"Saïd Business School;University of Oxford"}},{"type":"Feature","geometry":{"type":"Point","coordinates":[-1.2590934,51.7656558]},"properties":{"name":"Maison Française","layer":"universities","note":"OpenStreetMap","osm_id":"way/999222768","osm_url":"https://www.openstreetmap.org/way/999222768","source":"OpenStreetMap"}},{"type":"Feature","geometry":{"type":"Point","coordinates":[-0.9807931,51.9939342]},"properties":{"name":"University of Buckingham","layer":"universities","note":"OpenStreetMap","osm_id":"way/99928638","osm_url":"https://www.openstreetmap.org/way/99928638","source":"OpenStreetMap"}}]}
