{"type":"FeatureCollection","features":[{"type":"Feature","geometry":{"type":"Point","coordinates":[-2.8108768,51.0711428]},"properties":{"name":"Stembridge Tower Mill","layer":"windmills","note":"National Trust","osm_id":"node/10036504855","osm_url":"https://www.openstreetmap.org/node/10036504855","source":"OpenStreetMap","brand":"National Trust"}},{"type":"Feature","geometry":{"type":"Point","coordinates":[-0.7490192,53.6468784]},"properties":{"name":"Windmill","layer":"windmills","note":"OpenStreetMap","osm_id":"node/10315566692","osm_url":"https://www.openstreetmap.org/node/10315566692","source":"OpenStreetMap"}},{"type":"Feature","geometry":{"type":"Point","coordinates":[-0.3756229,52.7769616]},"properties":{"name":"Old Windmill","layer":"windmills","note":"OpenStreetMap","osm_id":"node/10688352479","osm_url":"https://www.openstreetmap.org/node/10688352479","source":"OpenStreetMap"}},{"type":"Feature","geometry":{"type":"Point","coordinates":[-2.5816029,59.1482559]},"properties":{"name":"Old windmill","layer":"windmills","note":"OpenStreetMap","osm_id":"node/10743232547","osm_url":"https://www.openstreetmap.org/node/10743232547","source":"OpenStreetMap"}},{"type":"Feature","geometry":{"type":"Point","coordinates":[-2.9009457,53.8736595]},"properties":{"name":"Windmill","layer":"windmills","note":"OpenStreetMap","osm_id":"node/10901019455","osm_url":"https://www.openstreetmap.org/node/10901019455","source":"OpenStreetMap"}},{"type":"Feature","geometry":{"type":"Point","coordinates":[0.8911372,52.3223902]},"properties":{"name":"Upthorpe Mill","layer":"windmills","note":"OpenStreetMap","osm_id":"node/1098551705","osm_url":"https://www.openstreetmap.org/node/1098551705","source":"OpenStreetMap"}},{"type":"Feature","geometry":{"type":"Point","coordinates":[0.9182574,52.1815244]},"properties":{"name":"Buxhall Mill","layer":"windmills","note":"OpenStreetMap","osm_id":"node/1116937452","osm_url":"https://www.openstreetmap.org/node/1116937452","source":"OpenStreetMap"}},{"type":"Feature","geometry":{"type":"Point","coordinates":[-3.5496959,51.4371805]},"properties":{"name":"Windmill","layer":"windmills","note":"OpenStreetMap","osm_id":"node/1133977734","osm_url":"https://www.openstreetmap.org/node/1133977734","source":"OpenStreetMap"}},{"type":"Feature","geometry":{"type":"Point","coordinates":[-3.0119337,53.874906]},"properties":{"name":"Marsh Mill","layer":"windmills","note":"Wyre Council","osm_id":"node/1154525780","osm_url":"https://www.openstreetmap.org/node/1154525780","source":"OpenStreetMap","brand":"Wyre Council"}},{"type":"Feature","geometry":{"type":"Point","coordinates":[-2.4530912,52.8079482]},"properties":{"name":"Windmill","layer":"windmills","note":"OpenStreetMap","osm_id":"node/11805053134","osm_url":"https://www.openstreetmap.org/node/11805053134","source":"OpenStreetMap"}},{"type":"Feature","geometry":{"type":"Point","coordinates":[-2.1587893,52.2325661]},"properties":{"name":"Windmill","layer":"windmills","note":"OpenStreetMap","osm_id":"node/11926069798","osm_url":"https://www.openstreetmap.org/node/11926069798","source":"OpenStreetMap"}},{"type":"Feature","geometry":{"type":"Point","coordinates":[-0.7803764,54.4929416]},"properties":{"name":"Windmill","layer":"windmills","note":"OpenStreetMap","osm_id":"node/1194194080","osm_url":"https://www.openstreetmap.org/node/1194194080","source":"OpenStreetMap"}},{"type":"Feature","geometry":{"type":"Point","coordinates":[-0.396659,50.911626]},"properties":{"name":"Windmill","layer":"windmills","note":"OpenStreetMap","osm_id":"node/11994512376","osm_url":"https://www.openstreetmap.org/node/11994512376","source":"OpenStreetMap"}},{"type":"Feature","geometry":{"type":"Point","coordinates":[-0.4566739,50.9516856]},"properties":{"name":"Windmill","layer":"windmills","note":"OpenStreetMap","osm_id":"node/12059049858","osm_url":"https://www.openstreetmap.org/node/12059049858","source":"OpenStreetMap"}},{"type":"Feature","geometry":{"type":"Point","coordinates":[0.066501,51.1899843]},"properties":{"name":"Windmill","layer":"windmills","note":"OpenStreetMap","osm_id":"node/1224187025","osm_url":"https://www.openstreetmap.org/node/1224187025","source":"OpenStreetMap"}},{"type":"Feature","geometry":{"type":"Point","coordinates":[1.5703486,52.7347486]},"properties":{"name":"Swim Coots Drainage Mill","layer":"windmills","note":"OpenStreetMap","osm_id":"node/12460761409","osm_url":"https://www.openstreetmap.org/node/12460761409","source":"OpenStreetMap"}},{"type":"Feature","geometry":{"type":"Point","coordinates":[1.5827369,52.7421213]},"properties":{"name":"Hickling Broad Drainage Mill","layer":"windmills","note":"OpenStreetMap","osm_id":"node/12460761418","osm_url":"https://www.openstreetmap.org/node/12460761418","source":"OpenStreetMap"}},{"type":"Feature","geometry":{"type":"Point","coordinates":[1.5317705,52.5622219]},"properties":{"name":"Limpenhoe Drainage Mill","layer":"windmills","note":"OpenStreetMap","osm_id":"node/12515587016","osm_url":"https://www.openstreetmap.org/node/12515587016","source":"OpenStreetMap"}},{"type":"Feature","geometry":{"type":"Point","coordinates":[1.6174712,52.5731472]},"properties":{"name":"Six Mile House Drainage Pump","layer":"windmills","note":"OpenStreetMap","osm_id":"node/12515587017","osm_url":"https://www.openstreetmap.org/node/12515587017","source":"OpenStreetMap"}},{"type":"Feature","geometry":{"type":"Point","coordinates":[-0.5016183,52.1000312]},"properties":{"name":"Windmill","layer":"windmills","note":"OpenStreetMap","osm_id":"node/1267574494","osm_url":"https://www.openstreetmap.org/node/1267574494","source":"OpenStreetMap"}},{"type":"Feature","geometry":{"type":"Point","coordinates":[-4.4227347,53.2553231]},"properties":{"name":"Windmill","layer":"windmills","note":"OpenStreetMap","osm_id":"node/12715638274","osm_url":"https://www.openstreetmap.org/node/12715638274","source":"OpenStreetMap"}},{"type":"Feature","geometry":{"type":"Point","coordinates":[-1.9658783,52.2275408]},"properties":{"name":"Windmill","layer":"windmills","note":"OpenStreetMap","osm_id":"node/1277570093","osm_url":"https://www.openstreetmap.org/node/1277570093","source":"OpenStreetMap"}},{"type":"Feature","geometry":{"type":"Point","coordinates":[-2.9285,52.6616228]},"properties":{"name":"Windmill","layer":"windmills","note":"OpenStreetMap","osm_id":"node/1281693091","osm_url":"https://www.openstreetmap.org/node/1281693091","source":"OpenStreetMap"}},{"type":"Feature","geometry":{"type":"Point","coordinates":[0.3535476,51.3620272]},"properties":{"name":"Meopham Windmill","layer":"windmills","note":"OpenStreetMap","osm_id":"node/1289525941","osm_url":"https://www.openstreetmap.org/node/1289525941","source":"OpenStreetMap"}},{"type":"Feature","geometry":{"type":"Point","coordinates":[-4.4029485,58.2766158]},"properties":{"name":"Windmill","layer":"windmills","note":"OpenStreetMap","osm_id":"node/12985649916","osm_url":"https://www.openstreetmap.org/node/12985649916","source":"OpenStreetMap"}},{"type":"Feature","geometry":{"type":"Point","coordinates":[-6.6084298,54.8124804]},"properties":{"name":"Windmill","layer":"windmills","note":"OpenStreetMap","osm_id":"node/12986675932","osm_url":"https://www.openstreetmap.org/node/12986675932","source":"OpenStreetMap"}},{"type":"Feature","geometry":{"type":"Point","coordinates":[-0.0164792,52.3001806]},"properties":{"name":"Hale Windmill","layer":"windmills","note":"OpenStreetMap","osm_id":"node/130255039","osm_url":"https://www.openstreetmap.org/node/130255039","source":"OpenStreetMap"}},{"type":"Feature","geometry":{"type":"Point","coordinates":[0.0236989,52.300655]},"properties":{"name":"Windmill","layer":"windmills","note":"OpenStreetMap","osm_id":"node/130255507","osm_url":"https://www.openstreetmap.org/node/130255507","source":"OpenStreetMap"}},{"type":"Feature","geometry":{"type":"Point","coordinates":[-9.0774214,53.033574]},"properties":{"name":"Windmill","layer":"windmills","note":"OpenStreetMap","osm_id":"node/13033500044","osm_url":"https://www.openstreetmap.org/node/13033500044","source":"OpenStreetMap"}},{"type":"Feature","geometry":{"type":"Point","coordinates":[-2.0688413,52.2114992]},"properties":{"name":"Windmill","layer":"windmills","note":"OpenStreetMap","osm_id":"node/1308352464","osm_url":"https://www.openstreetmap.org/node/1308352464","source":"OpenStreetMap"}},{"type":"Feature","geometry":{"type":"Point","coordinates":[-0.0586548,52.2603351]},"properties":{"name":"Windmill","layer":"windmills","note":"OpenStreetMap","osm_id":"node/132350162","osm_url":"https://www.openstreetmap.org/node/132350162","source":"OpenStreetMap"}},{"type":"Feature","geometry":{"type":"Point","coordinates":[-3.0734699,53.3965529]},"properties":{"name":"site of original windmill","layer":"windmills","note":"OpenStreetMap","osm_id":"node/13267359315","osm_url":"https://www.openstreetmap.org/node/13267359315","source":"OpenStreetMap"}},{"type":"Feature","geometry":{"type":"Point","coordinates":[-0.5599773,50.8017464]},"properties":{"name":"Windmill","layer":"windmills","note":"OpenStreetMap","osm_id":"node/13315467792","osm_url":"https://www.openstreetmap.org/node/13315467792","source":"OpenStreetMap"}},{"type":"Feature","geometry":{"type":"Point","coordinates":[1.6378925,52.5820781]},"properties":{"name":"Red Mill","layer":"windmills","note":"OpenStreetMap","osm_id":"node/1343684349","osm_url":"https://www.openstreetmap.org/node/1343684349","source":"OpenStreetMap"}},{"type":"Feature","geometry":{"type":"Point","coordinates":[1.6095412,52.5511417]},"properties":{"name":"Toft Monks Wind Pump","layer":"windmills","note":"OpenStreetMap","osm_id":"node/1344338534","osm_url":"https://www.openstreetmap.org/node/1344338534","source":"OpenStreetMap"}},{"type":"Feature","geometry":{"type":"Point","coordinates":[-2.917199,58.8009983]},"properties":{"name":"Kirkhouse Point windmill (ruins)","layer":"windmills","note":"OpenStreetMap","osm_id":"node/1347075972","osm_url":"https://www.openstreetmap.org/node/1347075972","source":"OpenStreetMap"}},{"type":"Feature","geometry":{"type":"Point","coordinates":[-0.9858318,52.5431738]},"properties":{"name":"Kibworth Windmill","layer":"windmills","note":"OpenStreetMap","osm_id":"node/13680338870","osm_url":"https://www.openstreetmap.org/node/13680338870","source":"OpenStreetMap"}},{"type":"Feature","geometry":{"type":"Point","coordinates":[1.5069196,52.718996]},"properties":{"name":"Boardman's Windmill","layer":"windmills","note":"OpenStreetMap","osm_id":"node/13774130766","osm_url":"https://www.openstreetmap.org/node/13774130766","source":"OpenStreetMap"}},{"type":"Feature","geometry":{"type":"Point","coordinates":[1.5067405,52.72074]},"properties":{"name":"Clayrack Drainage Mill","layer":"windmills","note":"OpenStreetMap","osm_id":"node/13774154888","osm_url":"https://www.openstreetmap.org/node/13774154888","source":"OpenStreetMap"}},{"type":"Feature","geometry":{"type":"Point","coordinates":[0.6134405,52.8627454]},"properties":{"name":"Great Bircham Windmill","layer":"windmills","note":"OpenStreetMap","osm_id":"node/1413650785","osm_url":"https://www.openstreetmap.org/node/1413650785","source":"OpenStreetMap"}},{"type":"Feature","geometry":{"type":"Point","coordinates":[1.6477804,52.7235978]},"properties":{"name":"Windmill","layer":"windmills","note":"OpenStreetMap","osm_id":"node/1417841300","osm_url":"https://www.openstreetmap.org/node/1417841300","source":"OpenStreetMap"}},{"type":"Feature","geometry":{"type":"Point","coordinates":[-4.5175644,52.8596149]},"properties":{"name":"Windmill","layer":"windmills","note":"OpenStreetMap","osm_id":"node/1527138255","osm_url":"https://www.openstreetmap.org/node/1527138255","source":"OpenStreetMap"}},{"type":"Feature","geometry":{"type":"Point","coordinates":[0.9742552,52.5324924]},"properties":{"name":"Windmill","layer":"windmills","note":"OpenStreetMap","osm_id":"node/1530797358","osm_url":"https://www.openstreetmap.org/node/1530797358","source":"OpenStreetMap"}},{"type":"Feature","geometry":{"type":"Point","coordinates":[-1.4406743,51.813606]},"properties":{"name":"Windmill","layer":"windmills","note":"OpenStreetMap","osm_id":"node/155099548","osm_url":"https://www.openstreetmap.org/node/155099548","source":"OpenStreetMap"}},{"type":"Feature","geometry":{"type":"Point","coordinates":[1.5261451,52.1865215]},"properties":{"name":"Windmill","layer":"windmills","note":"OpenStreetMap","osm_id":"node/1551962305","osm_url":"https://www.openstreetmap.org/node/1551962305","source":"OpenStreetMap"}},{"type":"Feature","geometry":{"type":"Point","coordinates":[0.5576949,51.8057726]},"properties":{"name":"Windmill","layer":"windmills","note":"OpenStreetMap","osm_id":"node/1594738166","osm_url":"https://www.openstreetmap.org/node/1594738166","source":"OpenStreetMap"}},{"type":"Feature","geometry":{"type":"Point","coordinates":[0.4538654,51.6621734]},"properties":{"name":"Stock Tower Mill","layer":"windmills","note":"OpenStreetMap","osm_id":"node/1600911851","osm_url":"https://www.openstreetmap.org/node/1600911851","source":"OpenStreetMap"}},{"type":"Feature","geometry":{"type":"Point","coordinates":[-0.9167591,51.8755941]},"properties":{"name":"Quainton Windmill","layer":"windmills","note":"OpenStreetMap","osm_id":"node/1601517309","osm_url":"https://www.openstreetmap.org/node/1601517309","source":"OpenStreetMap"}},{"type":"Feature","geometry":{"type":"Point","coordinates":[-0.1012195,51.1937412]},"properties":{"name":"Outwood Windmill","layer":"windmills","note":"OpenStreetMap","osm_id":"node/164551475","osm_url":"https://www.openstreetmap.org/node/164551475","source":"OpenStreetMap"}},{"type":"Feature","geometry":{"type":"Point","coordinates":[-1.5175798,52.0817015]},"properties":{"name":"Tysoe Windmill","layer":"windmills","note":"OpenStreetMap","osm_id":"node/1657636400","osm_url":"https://www.openstreetmap.org/node/1657636400","source":"OpenStreetMap"}},{"type":"Feature","geometry":{"type":"Point","coordinates":[-1.3357367,52.0269062]},"properties":{"name":"Windmill","layer":"windmills","note":"OpenStreetMap","osm_id":"node/1669029595","osm_url":"https://www.openstreetmap.org/node/1669029595","source":"OpenStreetMap"}},{"type":"Feature","geometry":{"type":"Point","coordinates":[-2.9409038,52.7102577]},"properties":{"name":"Alberbury Windmill","layer":"windmills","note":"OpenStreetMap","osm_id":"node/1674728000","osm_url":"https://www.openstreetmap.org/node/1674728000","source":"OpenStreetMap"}},{"type":"Feature","geometry":{"type":"Point","coordinates":[0.0683425,51.0427626]},"properties":{"name":"Nutley Windmill","layer":"windmills","note":"OpenStreetMap","osm_id":"node/1691992809","osm_url":"https://www.openstreetmap.org/node/1691992809","source":"OpenStreetMap"}},{"type":"Feature","geometry":{"type":"Point","coordinates":[-2.0849082,52.6308655]},"properties":{"name":"Essington Windmill","layer":"windmills","note":"OpenStreetMap","osm_id":"node/1705997419","osm_url":"https://www.openstreetmap.org/node/1705997419","source":"OpenStreetMap"}},{"type":"Feature","geometry":{"type":"Point","coordinates":[-2.3255552,52.8838351]},"properties":{"name":"Windmill","layer":"windmills","note":"OpenStreetMap","osm_id":"node/1708121437","osm_url":"https://www.openstreetmap.org/node/1708121437","source":"OpenStreetMap"}},{"type":"Feature","geometry":{"type":"Point","coordinates":[-2.5551929,52.6039035]},"properties":{"name":"Much Wenlock Windmill","layer":"windmills","note":"OpenStreetMap","osm_id":"node/1720531377","osm_url":"https://www.openstreetmap.org/node/1720531377","source":"OpenStreetMap"}},{"type":"Feature","geometry":{"type":"Point","coordinates":[-0.8914249,53.1355121]},"properties":{"name":"Windmill","layer":"windmills","note":"OpenStreetMap","osm_id":"node/1735347447","osm_url":"https://www.openstreetmap.org/node/1735347447","source":"OpenStreetMap"}},{"type":"Feature","geometry":{"type":"Point","coordinates":[-2.4247647,51.9599117]},"properties":{"name":"Windmill","layer":"windmills","note":"OpenStreetMap","osm_id":"node/1744520273","osm_url":"https://www.openstreetmap.org/node/1744520273","source":"OpenStreetMap"}},{"type":"Feature","geometry":{"type":"Point","coordinates":[-1.292285,53.2370803]},"properties":{"name":"Windmill","layer":"windmills","note":"OpenStreetMap","osm_id":"node/1750925218","osm_url":"https://www.openstreetmap.org/node/1750925218","source":"OpenStreetMap"}},{"type":"Feature","geometry":{"type":"Point","coordinates":[0.8741422,52.2220613]},"properties":{"name":"Windmill","layer":"windmills","note":"OpenStreetMap","osm_id":"node/1767537548","osm_url":"https://www.openstreetmap.org/node/1767537548","source":"OpenStreetMap"}},{"type":"Feature","geometry":{"type":"Point","coordinates":[1.3045833,52.0956641]},"properties":{"name":"Windmill","layer":"windmills","note":"OpenStreetMap","osm_id":"node/1772309859","osm_url":"https://www.openstreetmap.org/node/1772309859","source":"OpenStreetMap"}},{"type":"Feature","geometry":{"type":"Point","coordinates":[-0.3619007,51.1427812]},"properties":{"name":"Elmer's Mill","layer":"windmills","note":"OpenStreetMap","osm_id":"node/1848382286","osm_url":"https://www.openstreetmap.org/node/1848382286","source":"OpenStreetMap"}},{"type":"Feature","geometry":{"type":"Point","coordinates":[1.3786424,51.1918149]},"properties":{"name":"Windmill","layer":"windmills","note":"OpenStreetMap","osm_id":"node/1864872537","osm_url":"https://www.openstreetmap.org/node/1864872537","source":"OpenStreetMap"}},{"type":"Feature","geometry":{"type":"Point","coordinates":[-0.5311857,53.101524]},"properties":{"name":"Wellingore Windmill","layer":"windmills","note":"OpenStreetMap","osm_id":"node/1881813488","osm_url":"https://www.openstreetmap.org/node/1881813488","source":"OpenStreetMap"}},{"type":"Feature","geometry":{"type":"Point","coordinates":[1.0252891,52.9543968]},"properties":{"name":"Windmill","layer":"windmills","note":"OpenStreetMap","osm_id":"node/1884559564","osm_url":"https://www.openstreetmap.org/node/1884559564","source":"OpenStreetMap"}},{"type":"Feature","geometry":{"type":"Point","coordinates":[-3.2542623,54.193023]},"properties":{"name":"Windmill","layer":"windmills","note":"OpenStreetMap","osm_id":"node/1933651485","osm_url":"https://www.openstreetmap.org/node/1933651485","source":"OpenStreetMap"}},{"type":"Feature","geometry":{"type":"Point","coordinates":[-0.0548514,51.3688863]},"properties":{"name":"Shirley Windmill","layer":"windmills","note":"The Friends of Shirley Windmill","osm_id":"node/1934455440","osm_url":"https://www.openstreetmap.org/node/1934455440","source":"OpenStreetMap","brand":"The Friends of Shirley Windmill"}},{"type":"Feature","geometry":{"type":"Point","coordinates":[1.6462273,52.3049056]},"properties":{"name":"Water Pump","layer":"windmills","note":"OpenStreetMap","osm_id":"node/1952899710","osm_url":"https://www.openstreetmap.org/node/1952899710","source":"OpenStreetMap"}},{"type":"Feature","geometry":{"type":"Point","coordinates":[0.7727768,51.0833788]},"properties":{"name":"Windmill","layer":"windmills","note":"OpenStreetMap","osm_id":"node/2012769595","osm_url":"https://www.openstreetmap.org/node/2012769595","source":"OpenStreetMap"}},{"type":"Feature","geometry":{"type":"Point","coordinates":[-0.7821758,52.7195734]},"properties":{"name":"Whissendine Windmill","layer":"windmills","note":"OpenStreetMap","osm_id":"node/20487714","osm_url":"https://www.openstreetmap.org/node/20487714","source":"OpenStreetMap"}},{"type":"Feature","geometry":{"type":"Point","coordinates":[1.0354153,52.4778446]},"properties":{"name":"Old Buckenham Windmill","layer":"windmills","note":"OpenStreetMap","osm_id":"node/2058960012","osm_url":"https://www.openstreetmap.org/node/2058960012","source":"OpenStreetMap"}},{"type":"Feature","geometry":{"type":"Point","coordinates":[0.1146966,52.2187762]},"properties":{"name":"French's Mill","layer":"windmills","note":"OpenStreetMap","osm_id":"node/21591473","osm_url":"https://www.openstreetmap.org/node/21591473","source":"OpenStreetMap"}},{"type":"Feature","geometry":{"type":"Point","coordinates":[-0.6636589,53.6827625]},"properties":{"name":"Windmill","layer":"windmills","note":"OpenStreetMap","osm_id":"node/2225473749","osm_url":"https://www.openstreetmap.org/node/2225473749","source":"OpenStreetMap"}},{"type":"Feature","geometry":{"type":"Point","coordinates":[-1.2406551,52.2153278]},"properties":{"name":"Windmill","layer":"windmills","note":"OpenStreetMap","osm_id":"node/2257568618","osm_url":"https://www.openstreetmap.org/node/2257568618","source":"OpenStreetMap"}},{"type":"Feature","geometry":{"type":"Point","coordinates":[0.3289474,52.3509563]},"properties":{"name":"Northfield Windmill","layer":"windmills","note":"OpenStreetMap","osm_id":"node/2327359702","osm_url":"https://www.openstreetmap.org/node/2327359702","source":"OpenStreetMap"}},{"type":"Feature","geometry":{"type":"Point","coordinates":[-1.0956959,50.6833789]},"properties":{"name":"Bembridge Windmill","layer":"windmills","note":"National Trust","osm_id":"node/2387351","osm_url":"https://www.openstreetmap.org/node/2387351","source":"OpenStreetMap","brand":"National Trust"}},{"type":"Feature","geometry":{"type":"Point","coordinates":[0.6213276,51.0537543]},"properties":{"name":"Windmill","layer":"windmills","note":"OpenStreetMap","osm_id":"node/2422642087","osm_url":"https://www.openstreetmap.org/node/2422642087","source":"OpenStreetMap"}},{"type":"Feature","geometry":{"type":"Point","coordinates":[0.1097413,52.2402805]},"properties":{"name":"Windmill","layer":"windmills","note":"OpenStreetMap","osm_id":"node/25611921","osm_url":"https://www.openstreetmap.org/node/25611921","source":"OpenStreetMap"}},{"type":"Feature","geometry":{"type":"Point","coordinates":[0.0599541,50.8820032]},"properties":{"name":"Old windmill post","layer":"windmills","note":"OpenStreetMap","osm_id":"node/2575975969","osm_url":"https://www.openstreetmap.org/node/2575975969","source":"OpenStreetMap"}},{"type":"Feature","geometry":{"type":"Point","coordinates":[0.3293307,52.2728935]},"properties":{"name":"Windmill","layer":"windmills","note":"OpenStreetMap","osm_id":"node/25932817","osm_url":"https://www.openstreetmap.org/node/25932817","source":"OpenStreetMap"}},{"type":"Feature","geometry":{"type":"Point","coordinates":[-0.6785688,53.4081413]},"properties":{"name":"Windmill","layer":"windmills","note":"OpenStreetMap","osm_id":"node/2601609198","osm_url":"https://www.openstreetmap.org/node/2601609198","source":"OpenStreetMap"}},{"type":"Feature","geometry":{"type":"Point","coordinates":[0.3019913,52.2537883]},"properties":{"name":"Windmill","layer":"windmills","note":"OpenStreetMap","osm_id":"node/26113455","osm_url":"https://www.openstreetmap.org/node/26113455","source":"OpenStreetMap"}},{"type":"Feature","geometry":{"type":"Point","coordinates":[0.3038648,52.2532645]},"properties":{"name":"Windmill","layer":"windmills","note":"OpenStreetMap","osm_id":"node/26113456","osm_url":"https://www.openstreetmap.org/node/26113456","source":"OpenStreetMap"}},{"type":"Feature","geometry":{"type":"Point","coordinates":[0.2900005,52.3111294]},"properties":{"name":"Windmill","layer":"windmills","note":"OpenStreetMap","osm_id":"node/26116885","osm_url":"https://www.openstreetmap.org/node/26116885","source":"OpenStreetMap"}},{"type":"Feature","geometry":{"type":"Point","coordinates":[0.2551862,52.1085172]},"properties":{"name":"Windmill","layer":"windmills","note":"OpenStreetMap","osm_id":"node/26531419","osm_url":"https://www.openstreetmap.org/node/26531419","source":"OpenStreetMap"}},{"type":"Feature","geometry":{"type":"Point","coordinates":[0.5141945,52.2557529]},"properties":{"name":"Windmill","layer":"windmills","note":"OpenStreetMap","osm_id":"node/268811895","osm_url":"https://www.openstreetmap.org/node/268811895","source":"OpenStreetMap"}},{"type":"Feature","geometry":{"type":"Point","coordinates":[0.5165963,52.2263602]},"properties":{"name":"Windmill","layer":"windmills","note":"OpenStreetMap","osm_id":"node/268812043","osm_url":"https://www.openstreetmap.org/node/268812043","source":"OpenStreetMap"}},{"type":"Feature","geometry":{"type":"Point","coordinates":[-1.2681218,54.7033484]},"properties":{"name":"Hart Windmill","layer":"windmills","note":"OpenStreetMap","osm_id":"node/27431983","osm_url":"https://www.openstreetmap.org/node/27431983","source":"OpenStreetMap"}},{"type":"Feature","geometry":{"type":"Point","coordinates":[-2.3623657,49.4312337]},"properties":{"name":"Mill","layer":"windmills","note":"OpenStreetMap","osm_id":"node/274398603","osm_url":"https://www.openstreetmap.org/node/274398603","source":"OpenStreetMap"}},{"type":"Feature","geometry":{"type":"Point","coordinates":[-0.1277447,52.0613232]},"properties":{"name":"Windmill","layer":"windmills","note":"OpenStreetMap","osm_id":"node/275942554","osm_url":"https://www.openstreetmap.org/node/275942554","source":"OpenStreetMap"}},{"type":"Feature","geometry":{"type":"Point","coordinates":[-0.6298901,51.8317599]},"properties":{"name":"Pitstone Windmill","layer":"windmills","note":"OpenStreetMap","osm_id":"node/27732485","osm_url":"https://www.openstreetmap.org/node/27732485","source":"OpenStreetMap"}},{"type":"Feature","geometry":{"type":"Point","coordinates":[-0.1037546,51.9409507]},"properties":{"name":"Cromer Windmill","layer":"windmills","note":"OpenStreetMap","osm_id":"node/279799488","osm_url":"https://www.openstreetmap.org/node/279799488","source":"OpenStreetMap"}},{"type":"Feature","geometry":{"type":"Point","coordinates":[-0.0089557,53.1406791]},"properties":{"name":"East Kirkby Mill","layer":"windmills","note":"OpenStreetMap","osm_id":"node/2799888015","osm_url":"https://www.openstreetmap.org/node/2799888015","source":"OpenStreetMap"}},{"type":"Feature","geometry":{"type":"Point","coordinates":[0.8022253,51.2170085]},"properties":{"name":"Charing Windmill","layer":"windmills","note":"OpenStreetMap","osm_id":"node/2813502171","osm_url":"https://www.openstreetmap.org/node/2813502171","source":"OpenStreetMap"}},{"type":"Feature","geometry":{"type":"Point","coordinates":[0.3565548,51.6568428]},"properties":{"name":"Windmill","layer":"windmills","note":"OpenStreetMap","osm_id":"node/282461282","osm_url":"https://www.openstreetmap.org/node/282461282","source":"OpenStreetMap"}},{"type":"Feature","geometry":{"type":"Point","coordinates":[1.1368977,51.3554268]},"properties":{"name":"Herne Windmill","layer":"windmills","note":"OpenStreetMap","osm_id":"node/28479548","osm_url":"https://www.openstreetmap.org/node/28479548","source":"OpenStreetMap"}},{"type":"Feature","geometry":{"type":"Point","coordinates":[-1.365971,54.9560559]},"properties":{"name":"Whitburn Windmill","layer":"windmills","note":"OpenStreetMap","osm_id":"node/2867018443","osm_url":"https://www.openstreetmap.org/node/2867018443","source":"OpenStreetMap"}},{"type":"Feature","geometry":{"type":"Point","coordinates":[-0.4580105,51.6463926]},"properties":{"name":"Windmill","layer":"windmills","note":"OpenStreetMap","osm_id":"node/2881416803","osm_url":"https://www.openstreetmap.org/node/2881416803","source":"OpenStreetMap"}},{"type":"Feature","geometry":{"type":"Point","coordinates":[-0.2568641,51.7348727]},"properties":{"name":"Windmill","layer":"windmills","note":"OpenStreetMap","osm_id":"node/2881416805","osm_url":"https://www.openstreetmap.org/node/2881416805","source":"OpenStreetMap"}},{"type":"Feature","geometry":{"type":"Point","coordinates":[-0.1031682,51.6843222]},"properties":{"name":"Windmill","layer":"windmills","note":"OpenStreetMap","osm_id":"node/2881416806","osm_url":"https://www.openstreetmap.org/node/2881416806","source":"OpenStreetMap"}},{"type":"Feature","geometry":{"type":"Point","coordinates":[-0.0773744,51.6828775]},"properties":{"name":"Windmill","layer":"windmills","note":"OpenStreetMap","osm_id":"node/2881416807","osm_url":"https://www.openstreetmap.org/node/2881416807","source":"OpenStreetMap"}},{"type":"Feature","geometry":{"type":"Point","coordinates":[-0.7077482,52.0110473]},"properties":{"name":"Windmill","layer":"windmills","note":"OpenStreetMap","osm_id":"node/2881455737","osm_url":"https://www.openstreetmap.org/node/2881455737","source":"OpenStreetMap"}},{"type":"Feature","geometry":{"type":"Point","coordinates":[-0.5632097,51.8713882]},"properties":{"name":"Windmill","layer":"windmills","note":"OpenStreetMap","osm_id":"node/2881455739","osm_url":"https://www.openstreetmap.org/node/2881455739","source":"OpenStreetMap"}},{"type":"Feature","geometry":{"type":"Point","coordinates":[-0.5748325,51.8624284]},"properties":{"name":"Windmill","layer":"windmills","note":"OpenStreetMap","osm_id":"node/2881455740","osm_url":"https://www.openstreetmap.org/node/2881455740","source":"OpenStreetMap"}},{"type":"Feature","geometry":{"type":"Point","coordinates":[-0.6021023,51.9109452]},"properties":{"name":"Windmill","layer":"windmills","note":"OpenStreetMap","osm_id":"node/2881455741","osm_url":"https://www.openstreetmap.org/node/2881455741","source":"OpenStreetMap"}},{"type":"Feature","geometry":{"type":"Point","coordinates":[-0.6317244,51.9865744]},"properties":{"name":"Windmill","layer":"windmills","note":"OpenStreetMap","osm_id":"node/2881455742","osm_url":"https://www.openstreetmap.org/node/2881455742","source":"OpenStreetMap"}},{"type":"Feature","geometry":{"type":"Point","coordinates":[-2.8178601,52.3236808]},"properties":{"name":"Windmill","layer":"windmills","note":"OpenStreetMap","osm_id":"node/2897480632","osm_url":"https://www.openstreetmap.org/node/2897480632","source":"OpenStreetMap"}},{"type":"Feature","geometry":{"type":"Point","coordinates":[0.7677794,51.4407874]},"properties":{"name":"Windmill","layer":"windmills","note":"OpenStreetMap","osm_id":"node/2898057420","osm_url":"https://www.openstreetmap.org/node/2898057420","source":"OpenStreetMap"}},{"type":"Feature","geometry":{"type":"Point","coordinates":[0.7626409,51.4387447]},"properties":{"name":"Great Mill","layer":"windmills","note":"OpenStreetMap","osm_id":"node/2898057421","osm_url":"https://www.openstreetmap.org/node/2898057421","source":"OpenStreetMap"}},{"type":"Feature","geometry":{"type":"Point","coordinates":[1.1939678,51.366339]},"properties":{"name":"Windmill","layer":"windmills","note":"OpenStreetMap","osm_id":"node/2898057422","osm_url":"https://www.openstreetmap.org/node/2898057422","source":"OpenStreetMap"}},{"type":"Feature","geometry":{"type":"Point","coordinates":[1.2700986,51.2771204]},"properties":{"name":"Windmill","layer":"windmills","note":"OpenStreetMap","osm_id":"node/2898057423","osm_url":"https://www.openstreetmap.org/node/2898057423","source":"OpenStreetMap"}},{"type":"Feature","geometry":{"type":"Point","coordinates":[1.2995139,51.2435994]},"properties":{"name":"Windmill","layer":"windmills","note":"OpenStreetMap","osm_id":"node/2898057424","osm_url":"https://www.openstreetmap.org/node/2898057424","source":"OpenStreetMap"}},{"type":"Feature","geometry":{"type":"Point","coordinates":[1.336198,51.2198842]},"properties":{"name":"Windmill","layer":"windmills","note":"OpenStreetMap","osm_id":"node/2898057425","osm_url":"https://www.openstreetmap.org/node/2898057425","source":"OpenStreetMap"}},{"type":"Feature","geometry":{"type":"Point","coordinates":[1.3763762,51.1421135]},"properties":{"name":"Windmill","layer":"windmills","note":"OpenStreetMap","osm_id":"node/2898057426","osm_url":"https://www.openstreetmap.org/node/2898057426","source":"OpenStreetMap"}},{"type":"Feature","geometry":{"type":"Point","coordinates":[1.3346061,51.1509153]},"properties":{"name":"Windmill","layer":"windmills","note":"OpenStreetMap","osm_id":"node/2898057427","osm_url":"https://www.openstreetmap.org/node/2898057427","source":"OpenStreetMap"}},{"type":"Feature","geometry":{"type":"Point","coordinates":[-0.2526885,51.242617]},"properties":{"name":"Buckland Windmill","layer":"windmills","note":"OpenStreetMap","osm_id":"node/2898097484","osm_url":"https://www.openstreetmap.org/node/2898097484","source":"OpenStreetMap"}},{"type":"Feature","geometry":{"type":"Point","coordinates":[-0.0266087,50.9405681]},"properties":{"name":"Windmill","layer":"windmills","note":"OpenStreetMap","osm_id":"node/2898113127","osm_url":"https://www.openstreetmap.org/node/2898113127","source":"OpenStreetMap"}},{"type":"Feature","geometry":{"type":"Point","coordinates":[-0.0252188,50.9750934]},"properties":{"name":"Windmill","layer":"windmills","note":"OpenStreetMap","osm_id":"node/2898113128","osm_url":"https://www.openstreetmap.org/node/2898113128","source":"OpenStreetMap"}},{"type":"Feature","geometry":{"type":"Point","coordinates":[0.2176191,50.9741071]},"properties":{"name":"New Mill","layer":"windmills","note":"OpenStreetMap","osm_id":"node/2898127283","osm_url":"https://www.openstreetmap.org/node/2898127283","source":"OpenStreetMap"}},{"type":"Feature","geometry":{"type":"Point","coordinates":[0.2169096,50.9737871]},"properties":{"name":"Old Mill","layer":"windmills","note":"OpenStreetMap","osm_id":"node/2898127284","osm_url":"https://www.openstreetmap.org/node/2898127284","source":"OpenStreetMap"}},{"type":"Feature","geometry":{"type":"Point","coordinates":[0.3161274,50.9639142]},"properties":{"name":"Windmill","layer":"windmills","note":"OpenStreetMap","osm_id":"node/2898127285","osm_url":"https://www.openstreetmap.org/node/2898127285","source":"OpenStreetMap"}},{"type":"Feature","geometry":{"type":"Point","coordinates":[0.8805969,52.3310328]},"properties":{"name":"Windmill","layer":"windmills","note":"OpenStreetMap","osm_id":"node/2899923528","osm_url":"https://www.openstreetmap.org/node/2899923528","source":"OpenStreetMap"}},{"type":"Feature","geometry":{"type":"Point","coordinates":[0.0040293,53.0390416]},"properties":{"name":"Sibsey Trader Mill","layer":"windmills","note":"OpenStreetMap","osm_id":"node/291724976","osm_url":"https://www.openstreetmap.org/node/291724976","source":"OpenStreetMap"}},{"type":"Feature","geometry":{"type":"Point","coordinates":[-1.3149986,50.8949062]},"properties":{"name":"Bursledon Windmill","layer":"windmills","note":"OpenStreetMap","osm_id":"node/293471103","osm_url":"https://www.openstreetmap.org/node/293471103","source":"OpenStreetMap"}},{"type":"Feature","geometry":{"type":"Point","coordinates":[1.0693455,51.1773367]},"properties":{"name":"Stelling Minnis Windmill","layer":"windmills","note":"OpenStreetMap","osm_id":"node/29517753","osm_url":"https://www.openstreetmap.org/node/29517753","source":"OpenStreetMap"}},{"type":"Feature","geometry":{"type":"Point","coordinates":[-3.5127436,50.3923773]},"properties":{"name":"Windmill","layer":"windmills","note":"OpenStreetMap","osm_id":"node/299722055","osm_url":"https://www.openstreetmap.org/node/299722055","source":"OpenStreetMap"}},{"type":"Feature","geometry":{"type":"Point","coordinates":[-0.8895758,51.6170325]},"properties":{"name":"Cobstone Mill","layer":"windmills","note":"OpenStreetMap","osm_id":"node/303589677","osm_url":"https://www.openstreetmap.org/node/303589677","source":"OpenStreetMap"}},{"type":"Feature","geometry":{"type":"Point","coordinates":[1.1811592,52.36232]},"properties":{"name":"Billingford Mill","layer":"windmills","note":"OpenStreetMap","osm_id":"node/3044197204","osm_url":"https://www.openstreetmap.org/node/3044197204","source":"OpenStreetMap"}},{"type":"Feature","geometry":{"type":"Point","coordinates":[1.5440288,52.770879]},"properties":{"name":"Windmill","layer":"windmills","note":"OpenStreetMap","osm_id":"node/3061403153","osm_url":"https://www.openstreetmap.org/node/3061403153","source":"OpenStreetMap"}},{"type":"Feature","geometry":{"type":"Point","coordinates":[1.2983819,52.2319068]},"properties":{"name":"Saxtead Green Post Mill","layer":"windmills","note":"OpenStreetMap","osm_id":"node/307455634","osm_url":"https://www.openstreetmap.org/node/307455634","source":"OpenStreetMap"}},{"type":"Feature","geometry":{"type":"Point","coordinates":[-0.5327197,53.961785]},"properties":{"name":"Bainton Windmill","layer":"windmills","note":"OpenStreetMap","osm_id":"node/3078899680","osm_url":"https://www.openstreetmap.org/node/3078899680","source":"OpenStreetMap"}},{"type":"Feature","geometry":{"type":"Point","coordinates":[-0.4425757,53.9633761]},"properties":{"name":"Hutton Windmill","layer":"windmills","note":"OpenStreetMap","osm_id":"node/3081623269","osm_url":"https://www.openstreetmap.org/node/3081623269","source":"OpenStreetMap"}},{"type":"Feature","geometry":{"type":"Point","coordinates":[-0.3840892,54.0309355]},"properties":{"name":"Windmill","layer":"windmills","note":"OpenStreetMap","osm_id":"node/3090300861","osm_url":"https://www.openstreetmap.org/node/3090300861","source":"OpenStreetMap"}},{"type":"Feature","geometry":{"type":"Point","coordinates":[-2.4699156,52.9922473]},"properties":{"name":"Windmill","layer":"windmills","note":"OpenStreetMap","osm_id":"node/309932377","osm_url":"https://www.openstreetmap.org/node/309932377","source":"OpenStreetMap"}},{"type":"Feature","geometry":{"type":"Point","coordinates":[-1.8476344,51.5500048]},"properties":{"name":"Windmill","layer":"windmills","note":"OpenStreetMap","osm_id":"node/310416431","osm_url":"https://www.openstreetmap.org/node/310416431","source":"OpenStreetMap"}},{"type":"Feature","geometry":{"type":"Point","coordinates":[-3.4801735,51.4136849]},"properties":{"name":"Windmill","layer":"windmills","note":"OpenStreetMap","osm_id":"node/312758786","osm_url":"https://www.openstreetmap.org/node/312758786","source":"OpenStreetMap"}},{"type":"Feature","geometry":{"type":"Point","coordinates":[0.3055922,51.8124138]},"properties":{"name":"Windmill","layer":"windmills","note":"OpenStreetMap","osm_id":"node/3133028587","osm_url":"https://www.openstreetmap.org/node/3133028587","source":"OpenStreetMap"}},{"type":"Feature","geometry":{"type":"Point","coordinates":[-2.9809824,51.3191733]},"properties":{"name":"Windmill","layer":"windmills","note":"OpenStreetMap","osm_id":"node/316104176","osm_url":"https://www.openstreetmap.org/node/316104176","source":"OpenStreetMap"}},{"type":"Feature","geometry":{"type":"Point","coordinates":[1.5017692,52.7612941]},"properties":{"name":"Hunsett Mill","layer":"windmills","note":"OpenStreetMap","osm_id":"node/324635771","osm_url":"https://www.openstreetmap.org/node/324635771","source":"OpenStreetMap"}},{"type":"Feature","geometry":{"type":"Point","coordinates":[1.5069161,52.7151254]},"properties":{"name":"How Hill Windmill","layer":"windmills","note":"OpenStreetMap","osm_id":"node/324638008","osm_url":"https://www.openstreetmap.org/node/324638008","source":"OpenStreetMap"}},{"type":"Feature","geometry":{"type":"Point","coordinates":[-0.857669,53.7401429]},"properties":{"name":"Hail Windmill","layer":"windmills","note":"OpenStreetMap","osm_id":"node/3261418903","osm_url":"https://www.openstreetmap.org/node/3261418903","source":"OpenStreetMap"}},{"type":"Feature","geometry":{"type":"Point","coordinates":[-0.7582718,53.7038153]},"properties":{"name":"Windmill","layer":"windmills","note":"OpenStreetMap","osm_id":"node/3268763646","osm_url":"https://www.openstreetmap.org/node/3268763646","source":"OpenStreetMap"}},{"type":"Feature","geometry":{"type":"Point","coordinates":[0.2697155,51.3372921]},"properties":{"name":"West Kingsdown Windmill","layer":"windmills","note":"OpenStreetMap","osm_id":"node/3294740463","osm_url":"https://www.openstreetmap.org/node/3294740463","source":"OpenStreetMap"}},{"type":"Feature","geometry":{"type":"Point","coordinates":[-0.411617,53.137713]},"properties":{"name":"Windmill","layer":"windmills","note":"OpenStreetMap","osm_id":"node/3304649501","osm_url":"https://www.openstreetmap.org/node/3304649501","source":"OpenStreetMap"}},{"type":"Feature","geometry":{"type":"Point","coordinates":[-0.1104818,53.2119874]},"properties":{"name":"Windmill","layer":"windmills","note":"OpenStreetMap","osm_id":"node/3304665243","osm_url":"https://www.openstreetmap.org/node/3304665243","source":"OpenStreetMap"}},{"type":"Feature","geometry":{"type":"Point","coordinates":[1.249416,51.2421657]},"properties":{"name":"Chillenden Windmill","layer":"windmills","note":"OpenStreetMap","osm_id":"node/331053309","osm_url":"https://www.openstreetmap.org/node/331053309","source":"OpenStreetMap"}},{"type":"Feature","geometry":{"type":"Point","coordinates":[-0.4065459,50.8486236]},"properties":{"name":"High Salvington Windmill","layer":"windmills","note":"High Salvington Mill Trust","osm_id":"node/331244779","osm_url":"https://www.openstreetmap.org/node/331244779","source":"OpenStreetMap","brand":"High Salvington Mill Trust"}},{"type":"Feature","geometry":{"type":"Point","coordinates":[0.1320188,51.9728008]},"properties":{"name":"Windmill","layer":"windmills","note":"OpenStreetMap","osm_id":"node/3312959926","osm_url":"https://www.openstreetmap.org/node/3312959926","source":"OpenStreetMap"}},{"type":"Feature","geometry":{"type":"Point","coordinates":[0.1338829,51.9743705]},"properties":{"name":"Tower Windmill","layer":"windmills","note":"OpenStreetMap","osm_id":"node/3312959927","osm_url":"https://www.openstreetmap.org/node/3312959927","source":"OpenStreetMap"}},{"type":"Feature","geometry":{"type":"Point","coordinates":[0.3721649,51.8772008]},"properties":{"name":"Windmill","layer":"windmills","note":"OpenStreetMap","osm_id":"node/3312964045","osm_url":"https://www.openstreetmap.org/node/3312964045","source":"OpenStreetMap"}},{"type":"Feature","geometry":{"type":"Point","coordinates":[0.3913862,51.9936354]},"properties":{"name":"Windmill","layer":"windmills","note":"OpenStreetMap","osm_id":"node/3312968788","osm_url":"https://www.openstreetmap.org/node/3312968788","source":"OpenStreetMap"}},{"type":"Feature","geometry":{"type":"Point","coordinates":[0.4875462,51.808611]},"properties":{"name":"Windmill","layer":"windmills","note":"OpenStreetMap","osm_id":"node/3312971752","osm_url":"https://www.openstreetmap.org/node/3312971752","source":"OpenStreetMap"}},{"type":"Feature","geometry":{"type":"Point","coordinates":[0.6398795,51.9477555]},"properties":{"name":"Windmill","layer":"windmills","note":"OpenStreetMap","osm_id":"node/3312975585","osm_url":"https://www.openstreetmap.org/node/3312975585","source":"OpenStreetMap"}},{"type":"Feature","geometry":{"type":"Point","coordinates":[0.346951,51.8043472]},"properties":{"name":"Windmill","layer":"windmills","note":"OpenStreetMap","osm_id":"node/3312975614","osm_url":"https://www.openstreetmap.org/node/3312975614","source":"OpenStreetMap"}},{"type":"Feature","geometry":{"type":"Point","coordinates":[0.263968,51.7053421]},"properties":{"name":"Windmill","layer":"windmills","note":"OpenStreetMap","osm_id":"node/3312983021","osm_url":"https://www.openstreetmap.org/node/3312983021","source":"OpenStreetMap"}},{"type":"Feature","geometry":{"type":"Point","coordinates":[0.3703232,51.681475]},"properties":{"name":"Windmill","layer":"windmills","note":"OpenStreetMap","osm_id":"node/3312983644","osm_url":"https://www.openstreetmap.org/node/3312983644","source":"OpenStreetMap"}},{"type":"Feature","geometry":{"type":"Point","coordinates":[0.1800893,51.7788471]},"properties":{"name":"Windmill","layer":"windmills","note":"OpenStreetMap","osm_id":"node/3312985815","osm_url":"https://www.openstreetmap.org/node/3312985815","source":"OpenStreetMap"}},{"type":"Feature","geometry":{"type":"Point","coordinates":[0.4039129,51.8755279]},"properties":{"name":"Windmill","layer":"windmills","note":"OpenStreetMap","osm_id":"node/3312990106","osm_url":"https://www.openstreetmap.org/node/3312990106","source":"OpenStreetMap"}},{"type":"Feature","geometry":{"type":"Point","coordinates":[0.3834101,51.7933177]},"properties":{"name":"Windmill","layer":"windmills","note":"OpenStreetMap","osm_id":"node/3312991428","osm_url":"https://www.openstreetmap.org/node/3312991428","source":"OpenStreetMap"}},{"type":"Feature","geometry":{"type":"Point","coordinates":[0.5126246,51.9869259]},"properties":{"name":"Windmill","layer":"windmills","note":"OpenStreetMap","osm_id":"node/3312995420","osm_url":"https://www.openstreetmap.org/node/3312995420","source":"OpenStreetMap"}},{"type":"Feature","geometry":{"type":"Point","coordinates":[0.336279,51.9904071]},"properties":{"name":"Mill House","layer":"windmills","note":"OpenStreetMap","osm_id":"node/3312999412","osm_url":"https://www.openstreetmap.org/node/3312999412","source":"OpenStreetMap"}},{"type":"Feature","geometry":{"type":"Point","coordinates":[0.3879122,51.4826782]},"properties":{"name":"Windmill","layer":"windmills","note":"OpenStreetMap","osm_id":"node/3313002102","osm_url":"https://www.openstreetmap.org/node/3313002102","source":"OpenStreetMap"}},{"type":"Feature","geometry":{"type":"Point","coordinates":[0.3139076,51.9926217]},"properties":{"name":"Windmill","layer":"windmills","note":"OpenStreetMap","osm_id":"node/3313004830","osm_url":"https://www.openstreetmap.org/node/3313004830","source":"OpenStreetMap"}},{"type":"Feature","geometry":{"type":"Point","coordinates":[-0.145011,51.3950104]},"properties":{"name":"Windmill","layer":"windmills","note":"OpenStreetMap","osm_id":"node/3313016189","osm_url":"https://www.openstreetmap.org/node/3313016189","source":"OpenStreetMap"}},{"type":"Feature","geometry":{"type":"Point","coordinates":[0.0841523,51.4817048]},"properties":{"name":"Plumstead Common Windmill","layer":"windmills","note":"OpenStreetMap","osm_id":"node/3313016433","osm_url":"https://www.openstreetmap.org/node/3313016433","source":"OpenStreetMap"}},{"type":"Feature","geometry":{"type":"Point","coordinates":[-1.47435,53.0267908]},"properties":{"name":"Windmill","layer":"windmills","note":"OpenStreetMap","osm_id":"node/3313026477","osm_url":"https://www.openstreetmap.org/node/3313026477","source":"OpenStreetMap"}},{"type":"Feature","geometry":{"type":"Point","coordinates":[-1.5516027,52.8731567]},"properties":{"name":"Windmill","layer":"windmills","note":"OpenStreetMap","osm_id":"node/3313026489","osm_url":"https://www.openstreetmap.org/node/3313026489","source":"OpenStreetMap"}},{"type":"Feature","geometry":{"type":"Point","coordinates":[-1.3404274,53.1013731]},"properties":{"name":"Windmill","layer":"windmills","note":"OpenStreetMap","osm_id":"node/3313050317","osm_url":"https://www.openstreetmap.org/node/3313050317","source":"OpenStreetMap"}},{"type":"Feature","geometry":{"type":"Point","coordinates":[0.08408,51.961864]},"properties":{"name":"Windmill","layer":"windmills","note":"OpenStreetMap","osm_id":"node/3313062261","osm_url":"https://www.openstreetmap.org/node/3313062261","source":"OpenStreetMap"}},{"type":"Feature","geometry":{"type":"Point","coordinates":[-0.4208273,53.1052428]},"properties":{"name":"Windmill","layer":"windmills","note":"OpenStreetMap","osm_id":"node/3313085971","osm_url":"https://www.openstreetmap.org/node/3313085971","source":"OpenStreetMap"}},{"type":"Feature","geometry":{"type":"Point","coordinates":[-0.1972632,51.2784408]},"properties":{"name":"Mugswell Windmill","layer":"windmills","note":"OpenStreetMap","osm_id":"node/3313119714","osm_url":"https://www.openstreetmap.org/node/3313119714","source":"OpenStreetMap"}},{"type":"Feature","geometry":{"type":"Point","coordinates":[-0.2286093,51.2842756]},"properties":{"name":"Windmill","layer":"windmills","note":"OpenStreetMap","osm_id":"node/3313125148","osm_url":"https://www.openstreetmap.org/node/3313125148","source":"OpenStreetMap"}},{"type":"Feature","geometry":{"type":"Point","coordinates":[-0.6414539,51.0975408]},"properties":{"name":"Windmill","layer":"windmills","note":"OpenStreetMap","osm_id":"node/3313126161","osm_url":"https://www.openstreetmap.org/node/3313126161","source":"OpenStreetMap"}},{"type":"Feature","geometry":{"type":"Point","coordinates":[-3.0314921,53.2628982]},"properties":{"name":"Windmill","layer":"windmills","note":"OpenStreetMap","osm_id":"node/3326615318","osm_url":"https://www.openstreetmap.org/node/3326615318","source":"OpenStreetMap"}},{"type":"Feature","geometry":{"type":"Point","coordinates":[-2.849029,51.4221824]},"properties":{"name":"Windmill","layer":"windmills","note":"OpenStreetMap","osm_id":"node/335687732","osm_url":"https://www.openstreetmap.org/node/335687732","source":"OpenStreetMap"}},{"type":"Feature","geometry":{"type":"Point","coordinates":[-0.7981924,53.9448423]},"properties":{"name":"Yapham Mill","layer":"windmills","note":"OpenStreetMap","osm_id":"node/338700273","osm_url":"https://www.openstreetmap.org/node/338700273","source":"OpenStreetMap"}},{"type":"Feature","geometry":{"type":"Point","coordinates":[-0.4681226,52.2119757]},"properties":{"name":"Thurleigh","layer":"windmills","note":"OpenStreetMap","osm_id":"node/340137206","osm_url":"https://www.openstreetmap.org/node/340137206","source":"OpenStreetMap"}},{"type":"Feature","geometry":{"type":"Point","coordinates":[-0.9030422,53.4072524]},"properties":{"name":"Windmill","layer":"windmills","note":"OpenStreetMap","osm_id":"node/3401666756","osm_url":"https://www.openstreetmap.org/node/3401666756","source":"OpenStreetMap"}},{"type":"Feature","geometry":{"type":"Point","coordinates":[-0.8237108,53.8662032]},"properties":{"name":"Windmill","layer":"windmills","note":"OpenStreetMap","osm_id":"node/3444971485","osm_url":"https://www.openstreetmap.org/node/3444971485","source":"OpenStreetMap"}},{"type":"Feature","geometry":{"type":"Point","coordinates":[-0.8203498,53.8694376]},"properties":{"name":"Windmill","layer":"windmills","note":"OpenStreetMap","osm_id":"node/3445247755","osm_url":"https://www.openstreetmap.org/node/3445247755","source":"OpenStreetMap"}},{"type":"Feature","geometry":{"type":"Point","coordinates":[-0.9197041,53.8503107]},"properties":{"name":"Windmill","layer":"windmills","note":"OpenStreetMap","osm_id":"node/3448227303","osm_url":"https://www.openstreetmap.org/node/3448227303","source":"OpenStreetMap"}},{"type":"Feature","geometry":{"type":"Point","coordinates":[-1.7492494,51.1223948]},"properties":{"name":"Windmill","layer":"windmills","note":"OpenStreetMap","osm_id":"node/346929267","osm_url":"https://www.openstreetmap.org/node/346929267","source":"OpenStreetMap"}},{"type":"Feature","geometry":{"type":"Point","coordinates":[-0.9822029,50.9398043]},"properties":{"name":"Windmill Hill Farm","layer":"windmills","note":"OpenStreetMap","osm_id":"node/347396991","osm_url":"https://www.openstreetmap.org/node/347396991","source":"OpenStreetMap"}},{"type":"Feature","geometry":{"type":"Point","coordinates":[-0.3495239,52.4347301]},"properties":{"name":"Windmill","layer":"windmills","note":"OpenStreetMap","osm_id":"node/347798602","osm_url":"https://www.openstreetmap.org/node/347798602","source":"OpenStreetMap"}},{"type":"Feature","geometry":{"type":"Point","coordinates":[-6.3051448,49.9080804]},"properties":{"name":"Windmill","layer":"windmills","note":"OpenStreetMap","osm_id":"node/3520026583","osm_url":"https://www.openstreetmap.org/node/3520026583","source":"OpenStreetMap"}},{"type":"Feature","geometry":{"type":"Point","coordinates":[0.4402355,52.1228077]},"properties":{"name":"Windmill","layer":"windmills","note":"OpenStreetMap","osm_id":"node/35717165","osm_url":"https://www.openstreetmap.org/node/35717165","source":"OpenStreetMap"}},{"type":"Feature","geometry":{"type":"Point","coordinates":[0.7465366,51.8161477]},"properties":{"name":"Messing Maypole Mill","layer":"windmills","note":"OpenStreetMap","osm_id":"node/358570755","osm_url":"https://www.openstreetmap.org/node/358570755","source":"OpenStreetMap"}},{"type":"Feature","geometry":{"type":"Point","coordinates":[0.0432077,51.519165]},"properties":{"name":"Windmill","layer":"windmills","note":"OpenStreetMap","osm_id":"node/3624046732","osm_url":"https://www.openstreetmap.org/node/3624046732","source":"OpenStreetMap"}},{"type":"Feature","geometry":{"type":"Point","coordinates":[-0.2332076,51.2361505]},"properties":{"name":"Windmill","layer":"windmills","note":"OpenStreetMap","osm_id":"node/363458980","osm_url":"https://www.openstreetmap.org/node/363458980","source":"OpenStreetMap"}},{"type":"Feature","geometry":{"type":"Point","coordinates":[0.5715934,51.0267469]},"properties":{"name":"Windmill","layer":"windmills","note":"OpenStreetMap","osm_id":"node/364159457","osm_url":"https://www.openstreetmap.org/node/364159457","source":"OpenStreetMap"}},{"type":"Feature","geometry":{"type":"Point","coordinates":[-0.8161313,51.6998282]},"properties":{"name":"Lacey Green Windmill","layer":"windmills","note":"OpenStreetMap","osm_id":"node/382419736","osm_url":"https://www.openstreetmap.org/node/382419736","source":"OpenStreetMap"}},{"type":"Feature","geometry":{"type":"Point","coordinates":[-0.4211473,52.6309072]},"properties":{"name":"Windmill","layer":"windmills","note":"OpenStreetMap","osm_id":"node/385447815","osm_url":"https://www.openstreetmap.org/node/385447815","source":"OpenStreetMap"}},{"type":"Feature","geometry":{"type":"Point","coordinates":[-0.0820998,52.9438914]},"properties":{"name":"Windmill","layer":"windmills","note":"OpenStreetMap","osm_id":"node/3900007763","osm_url":"https://www.openstreetmap.org/node/3900007763","source":"OpenStreetMap"}},{"type":"Feature","geometry":{"type":"Point","coordinates":[-0.4521128,53.565392]},"properties":{"name":"Wrawby Post Windmill","layer":"windmills","note":"OpenStreetMap","osm_id":"node/3912866770","osm_url":"https://www.openstreetmap.org/node/3912866770","source":"OpenStreetMap"}},{"type":"Feature","geometry":{"type":"Point","coordinates":[0.3676501,52.5850324]},"properties":{"name":"Denver Windmill","layer":"windmills","note":"OpenStreetMap","osm_id":"node/391989871","osm_url":"https://www.openstreetmap.org/node/391989871","source":"OpenStreetMap"}},{"type":"Feature","geometry":{"type":"Point","coordinates":[-2.8317772,53.0013569]},"properties":{"name":"Windmill","layer":"windmills","note":"OpenStreetMap","osm_id":"node/409737727","osm_url":"https://www.openstreetmap.org/node/409737727","source":"OpenStreetMap"}},{"type":"Feature","geometry":{"type":"Point","coordinates":[-1.1743515,53.7112619]},"properties":{"name":"Kellington Windmill","layer":"windmills","note":"OpenStreetMap","osm_id":"node/4164081015","osm_url":"https://www.openstreetmap.org/node/4164081015","source":"OpenStreetMap"}},{"type":"Feature","geometry":{"type":"Point","coordinates":[1.6260942,52.5569485]},"properties":{"name":"Windmill","layer":"windmills","note":"OpenStreetMap","osm_id":"node/4206774525","osm_url":"https://www.openstreetmap.org/node/4206774525","source":"OpenStreetMap"}},{"type":"Feature","geometry":{"type":"Point","coordinates":[-0.3368055,51.8959657]},"properties":{"name":"Windmill","layer":"windmills","note":"OpenStreetMap","osm_id":"node/430882116","osm_url":"https://www.openstreetmap.org/node/430882116","source":"OpenStreetMap"}},{"type":"Feature","geometry":{"type":"Point","coordinates":[-2.1061798,52.9578778]},"properties":{"name":"Windmill","layer":"windmills","note":"OpenStreetMap","osm_id":"node/4320399415","osm_url":"https://www.openstreetmap.org/node/4320399415","source":"OpenStreetMap"}},{"type":"Feature","geometry":{"type":"Point","coordinates":[-0.5408028,50.803244]},"properties":{"name":"Windmill","layer":"windmills","note":"OpenStreetMap","osm_id":"node/4340340105","osm_url":"https://www.openstreetmap.org/node/4340340105","source":"OpenStreetMap"}},{"type":"Feature","geometry":{"type":"Point","coordinates":[-1.4267424,54.1196626]},"properties":{"name":"Kirby Mill","layer":"windmills","note":"OpenStreetMap","osm_id":"node/4386803959","osm_url":"https://www.openstreetmap.org/node/4386803959","source":"OpenStreetMap"}},{"type":"Feature","geometry":{"type":"Point","coordinates":[1.1472954,52.943766]},"properties":{"name":"Windmill","layer":"windmills","note":"OpenStreetMap","osm_id":"node/441141068","osm_url":"https://www.openstreetmap.org/node/441141068","source":"OpenStreetMap"}},{"type":"Feature","geometry":{"type":"Point","coordinates":[1.6089216,52.1815157]},"properties":{"name":"Thorpeness Windmill","layer":"windmills","note":"OpenStreetMap","osm_id":"node/441256505","osm_url":"https://www.openstreetmap.org/node/441256505","source":"OpenStreetMap"}},{"type":"Feature","geometry":{"type":"Point","coordinates":[0.5371432,52.9449332]},"properties":{"name":"Windmill","layer":"windmills","note":"OpenStreetMap","osm_id":"node/460614586","osm_url":"https://www.openstreetmap.org/node/460614586","source":"OpenStreetMap"}},{"type":"Feature","geometry":{"type":"Point","coordinates":[0.0536975,52.1151663]},"properties":{"name":"Windmill","layer":"windmills","note":"OpenStreetMap","osm_id":"node/4607617071","osm_url":"https://www.openstreetmap.org/node/4607617071","source":"OpenStreetMap"}},{"type":"Feature","geometry":{"type":"Point","coordinates":[-1.3852132,52.5545947]},"properties":{"name":"Windmill","layer":"windmills","note":"OpenStreetMap","osm_id":"node/4607644048","osm_url":"https://www.openstreetmap.org/node/4607644048","source":"OpenStreetMap"}},{"type":"Feature","geometry":{"type":"Point","coordinates":[-0.554672,51.4574634]},"properties":{"name":"Splash Windmill","layer":"windmills","note":"OpenStreetMap","osm_id":"node/4607646799","osm_url":"https://www.openstreetmap.org/node/4607646799","source":"OpenStreetMap"}},{"type":"Feature","geometry":{"type":"Point","coordinates":[-1.4516502,51.2225591]},"properties":{"name":"Windmill","layer":"windmills","note":"OpenStreetMap","osm_id":"node/4608532320","osm_url":"https://www.openstreetmap.org/node/4608532320","source":"OpenStreetMap"}},{"type":"Feature","geometry":{"type":"Point","coordinates":[-1.5760826,52.3523852]},"properties":{"name":"Windmill","layer":"windmills","note":"OpenStreetMap","osm_id":"node/4610766440","osm_url":"https://www.openstreetmap.org/node/4610766440","source":"OpenStreetMap"}},{"type":"Feature","geometry":{"type":"Point","coordinates":[-1.7001025,52.329941]},"properties":{"name":"Windmill","layer":"windmills","note":"OpenStreetMap","osm_id":"node/4610766441","osm_url":"https://www.openstreetmap.org/node/4610766441","source":"OpenStreetMap"}},{"type":"Feature","geometry":{"type":"Point","coordinates":[-1.5939222,52.462007]},"properties":{"name":"Windmill","layer":"windmills","note":"OpenStreetMap","osm_id":"node/4610766442","osm_url":"https://www.openstreetmap.org/node/4610766442","source":"OpenStreetMap"}},{"type":"Feature","geometry":{"type":"Point","coordinates":[-5.889149,54.4022669]},"properties":{"name":"The Windmill, Ballynahinch","layer":"windmills","note":"OpenStreetMap","osm_id":"node/4656975818","osm_url":"https://www.openstreetmap.org/node/4656975818","source":"OpenStreetMap"}},{"type":"Feature","geometry":{"type":"Point","coordinates":[-1.2223676,52.7237425]},"properties":{"name":"Windmill","layer":"windmills","note":"OpenStreetMap","osm_id":"node/4718362029","osm_url":"https://www.openstreetmap.org/node/4718362029","source":"OpenStreetMap"}},{"type":"Feature","geometry":{"type":"Point","coordinates":[-0.0629458,50.8058863]},"properties":{"name":"Rottingdean Windmill","layer":"windmills","note":"OpenStreetMap","osm_id":"node/473126121","osm_url":"https://www.openstreetmap.org/node/473126121","source":"OpenStreetMap"}},{"type":"Feature","geometry":{"type":"Point","coordinates":[-3.9234732,52.7402289]},"properties":{"name":"Windmill","layer":"windmills","note":"OpenStreetMap","osm_id":"node/4812264078","osm_url":"https://www.openstreetmap.org/node/4812264078","source":"OpenStreetMap"}},{"type":"Feature","geometry":{"type":"Point","coordinates":[0.0883737,51.8860265]},"properties":{"name":"Windmill","layer":"windmills","note":"OpenStreetMap","osm_id":"node/489881119","osm_url":"https://www.openstreetmap.org/node/489881119","source":"OpenStreetMap"}},{"type":"Feature","geometry":{"type":"Point","coordinates":[0.608399,52.2041787]},"properties":{"name":"Windmill","layer":"windmills","note":"OpenStreetMap","osm_id":"node/4942238716","osm_url":"https://www.openstreetmap.org/node/4942238716","source":"OpenStreetMap"}},{"type":"Feature","geometry":{"type":"Point","coordinates":[-0.4102039,54.2799561]},"properties":{"name":"Windmill","layer":"windmills","note":"OpenStreetMap","osm_id":"node/4972888522","osm_url":"https://www.openstreetmap.org/node/4972888522","source":"OpenStreetMap"}},{"type":"Feature","geometry":{"type":"Point","coordinates":[0.3253546,52.0582729]},"properties":{"name":"Bragg's Mill","layer":"windmills","note":"OpenStreetMap","osm_id":"node/498432232","osm_url":"https://www.openstreetmap.org/node/498432232","source":"OpenStreetMap"}},{"type":"Feature","geometry":{"type":"Point","coordinates":[-2.7542754,56.2067936]},"properties":{"name":"Windmill","layer":"windmills","note":"OpenStreetMap","osm_id":"node/498854452","osm_url":"https://www.openstreetmap.org/node/498854452","source":"OpenStreetMap"}},{"type":"Feature","geometry":{"type":"Point","coordinates":[1.2430231,51.3398922]},"properties":{"name":"Sarre Windmill","layer":"windmills","note":"OpenStreetMap","osm_id":"node/504130476","osm_url":"https://www.openstreetmap.org/node/504130476","source":"OpenStreetMap"}},{"type":"Feature","geometry":{"type":"Point","coordinates":[-1.0787269,51.7166107]},"properties":{"name":"Great Haseley Windmill","layer":"windmills","note":"OpenStreetMap","osm_id":"node/508603291","osm_url":"https://www.openstreetmap.org/node/508603291","source":"OpenStreetMap"}},{"type":"Feature","geometry":{"type":"Point","coordinates":[-0.6466175,51.7531597]},"properties":{"name":"Cholesbury Windmill","layer":"windmills","note":"OpenStreetMap","osm_id":"node/509289310","osm_url":"https://www.openstreetmap.org/node/509289310","source":"OpenStreetMap"}},{"type":"Feature","geometry":{"type":"Point","coordinates":[-1.5856085,54.9856663]},"properties":{"name":"Heaton Windmill","layer":"windmills","note":"OpenStreetMap","osm_id":"node/5276476942","osm_url":"https://www.openstreetmap.org/node/5276476942","source":"OpenStreetMap"}},{"type":"Feature","geometry":{"type":"Point","coordinates":[-0.1763517,51.4549758]},"properties":{"name":"Windmill","layer":"windmills","note":"OpenStreetMap","osm_id":"node/540309636","osm_url":"https://www.openstreetmap.org/node/540309636","source":"OpenStreetMap"}},{"type":"Feature","geometry":{"type":"Point","coordinates":[-0.8600521,53.7697247]},"properties":{"name":"Windmill","layer":"windmills","note":"OpenStreetMap","osm_id":"node/569935684","osm_url":"https://www.openstreetmap.org/node/569935684","source":"OpenStreetMap"}},{"type":"Feature","geometry":{"type":"Point","coordinates":[-0.8235446,53.8660864]},"properties":{"name":"Windmill","layer":"windmills","note":"OpenStreetMap","osm_id":"node/569949290","osm_url":"https://www.openstreetmap.org/node/569949290","source":"OpenStreetMap"}},{"type":"Feature","geometry":{"type":"Point","coordinates":[-0.3957203,53.3505514]},"properties":{"name":"Windmill","layer":"windmills","note":"OpenStreetMap","osm_id":"node/5714272286","osm_url":"https://www.openstreetmap.org/node/5714272286","source":"OpenStreetMap"}},{"type":"Feature","geometry":{"type":"Point","coordinates":[-2.6925811,52.2073486]},"properties":{"name":"Windmill","layer":"windmills","note":"OpenStreetMap","osm_id":"node/5811743382","osm_url":"https://www.openstreetmap.org/node/5811743382","source":"OpenStreetMap"}},{"type":"Feature","geometry":{"type":"Point","coordinates":[-2.6941153,52.2086241]},"properties":{"name":"Windmill","layer":"windmills","note":"OpenStreetMap","osm_id":"node/5811743383","osm_url":"https://www.openstreetmap.org/node/5811743383","source":"OpenStreetMap"}},{"type":"Feature","geometry":{"type":"Point","coordinates":[-1.9289964,53.8255867]},"properties":{"name":"Windmill","layer":"windmills","note":"OpenStreetMap","osm_id":"node/6014099385","osm_url":"https://www.openstreetmap.org/node/6014099385","source":"OpenStreetMap"}},{"type":"Feature","geometry":{"type":"Point","coordinates":[-2.7589192,51.3912132]},"properties":{"name":"Windmill","layer":"windmills","note":"OpenStreetMap","osm_id":"node/617855226","osm_url":"https://www.openstreetmap.org/node/617855226","source":"OpenStreetMap"}},{"type":"Feature","geometry":{"type":"Point","coordinates":[-0.1466479,50.8615624]},"properties":{"name":"Windmill","layer":"windmills","note":"OpenStreetMap","osm_id":"node/6312730266","osm_url":"https://www.openstreetmap.org/node/6312730266","source":"OpenStreetMap"}},{"type":"Feature","geometry":{"type":"Point","coordinates":[0.2277889,52.6065987]},"properties":{"name":"Windmill","layer":"windmills","note":"OpenStreetMap","osm_id":"node/635189936","osm_url":"https://www.openstreetmap.org/node/635189936","source":"OpenStreetMap"}},{"type":"Feature","geometry":{"type":"Point","coordinates":[-7.0535982,52.1779609]},"properties":{"name":"Windmill","layer":"windmills","note":"OpenStreetMap","osm_id":"node/6365384679","osm_url":"https://www.openstreetmap.org/node/6365384679","source":"OpenStreetMap"}},{"type":"Feature","geometry":{"type":"Point","coordinates":[-0.3253387,52.0417961]},"properties":{"name":"Windmill","layer":"windmills","note":"OpenStreetMap","osm_id":"node/637035509","osm_url":"https://www.openstreetmap.org/node/637035509","source":"OpenStreetMap"}},{"type":"Feature","geometry":{"type":"Point","coordinates":[-0.8376498,53.3294561]},"properties":{"name":"North Leverton Windmill","layer":"windmills","note":"OpenStreetMap","osm_id":"node/658770672","osm_url":"https://www.openstreetmap.org/node/658770672","source":"OpenStreetMap"}},{"type":"Feature","geometry":{"type":"Point","coordinates":[0.1803306,52.7124805]},"properties":{"name":"Windmill","layer":"windmills","note":"OpenStreetMap","osm_id":"node/660664349","osm_url":"https://www.openstreetmap.org/node/660664349","source":"OpenStreetMap"}},{"type":"Feature","geometry":{"type":"Point","coordinates":[-1.3046483,54.6768263]},"properties":{"name":"Windmill","layer":"windmills","note":"OpenStreetMap","osm_id":"node/669642446","osm_url":"https://www.openstreetmap.org/node/669642446","source":"OpenStreetMap"}},{"type":"Feature","geometry":{"type":"Point","coordinates":[-0.4501756,53.8370333]},"properties":{"name":"Black Mill","layer":"windmills","note":"OpenStreetMap","osm_id":"node/697056949","osm_url":"https://www.openstreetmap.org/node/697056949","source":"OpenStreetMap"}},{"type":"Feature","geometry":{"type":"Point","coordinates":[-2.7828606,51.1880596]},"properties":{"name":"Windmill","layer":"windmills","note":"OpenStreetMap","osm_id":"node/7015887646","osm_url":"https://www.openstreetmap.org/node/7015887646","source":"OpenStreetMap"}},{"type":"Feature","geometry":{"type":"Point","coordinates":[-0.1373778,52.5609143]},"properties":{"name":"Elderkin's Mill","layer":"windmills","note":"OpenStreetMap","osm_id":"node/701781823","osm_url":"https://www.openstreetmap.org/node/701781823","source":"OpenStreetMap"}},{"type":"Feature","geometry":{"type":"Point","coordinates":[-1.4484108,54.9443905]},"properties":{"name":"Windmill","layer":"windmills","note":"OpenStreetMap","osm_id":"node/7211744202","osm_url":"https://www.openstreetmap.org/node/7211744202","source":"OpenStreetMap"}},{"type":"Feature","geometry":{"type":"Point","coordinates":[-0.47339,52.0689988]},"properties":{"name":"Windmill","layer":"windmills","note":"OpenStreetMap","osm_id":"node/7413829804","osm_url":"https://www.openstreetmap.org/node/7413829804","source":"OpenStreetMap"}},{"type":"Feature","geometry":{"type":"Point","coordinates":[-1.5355997,53.9637311]},"properties":{"name":"Wind turbine","layer":"windmills","note":"OpenStreetMap","osm_id":"node/7425631479","osm_url":"https://www.openstreetmap.org/node/7425631479","source":"OpenStreetMap"}},{"type":"Feature","geometry":{"type":"Point","coordinates":[-0.1244218,53.2242725]},"properties":{"name":"Thimbleby Mill","layer":"windmills","note":"OpenStreetMap","osm_id":"node/745727253","osm_url":"https://www.openstreetmap.org/node/745727253","source":"OpenStreetMap"}},{"type":"Feature","geometry":{"type":"Point","coordinates":[-0.4821995,53.0734879]},"properties":{"name":"Windmill","layer":"windmills","note":"OpenStreetMap","osm_id":"node/7490244868","osm_url":"https://www.openstreetmap.org/node/7490244868","source":"OpenStreetMap"}},{"type":"Feature","geometry":{"type":"Point","coordinates":[-0.3885099,53.068725]},"properties":{"name":"Windmill","layer":"windmills","note":"OpenStreetMap","osm_id":"node/7490244869","osm_url":"https://www.openstreetmap.org/node/7490244869","source":"OpenStreetMap"}},{"type":"Feature","geometry":{"type":"Point","coordinates":[1.2118096,51.9283408]},"properties":{"name":"Ramsey Windmill","layer":"windmills","note":"OpenStreetMap","osm_id":"node/768035708","osm_url":"https://www.openstreetmap.org/node/768035708","source":"OpenStreetMap"}},{"type":"Feature","geometry":{"type":"Point","coordinates":[-0.7576047,50.9085783]},"properties":{"name":"Pevensey Windpump","layer":"windmills","note":"OpenStreetMap","osm_id":"node/7717474144","osm_url":"https://www.openstreetmap.org/node/7717474144","source":"OpenStreetMap"}},{"type":"Feature","geometry":{"type":"Point","coordinates":[-0.1498785,52.4223545]},"properties":{"name":"Setchell's Mill","layer":"windmills","note":"OpenStreetMap","osm_id":"node/7797417781","osm_url":"https://www.openstreetmap.org/node/7797417781","source":"OpenStreetMap"}},{"type":"Feature","geometry":{"type":"Point","coordinates":[-1.3044867,52.43667]},"properties":{"name":"Windmill","layer":"windmills","note":"OpenStreetMap","osm_id":"node/7856371101","osm_url":"https://www.openstreetmap.org/node/7856371101","source":"OpenStreetMap"}},{"type":"Feature","geometry":{"type":"Point","coordinates":[0.1837478,53.26556]},"properties":{"name":"Alford Windmill","layer":"windmills","note":"OpenStreetMap","osm_id":"node/8043412818","osm_url":"https://www.openstreetmap.org/node/8043412818","source":"OpenStreetMap"}},{"type":"Feature","geometry":{"type":"Point","coordinates":[0.0585589,52.0300155]},"properties":{"name":"Great Chishill","layer":"windmills","note":"OpenStreetMap","osm_id":"node/81448406","osm_url":"https://www.openstreetmap.org/node/81448406","source":"OpenStreetMap"}},{"type":"Feature","geometry":{"type":"Point","coordinates":[-2.9926901,53.8213587]},"properties":{"name":"Windmill","layer":"windmills","note":"OpenStreetMap","osm_id":"node/8205535055","osm_url":"https://www.openstreetmap.org/node/8205535055","source":"OpenStreetMap"}},{"type":"Feature","geometry":{"type":"Point","coordinates":[0.4432817,51.9496781]},"properties":{"name":"Gibraltar Mill","layer":"windmills","note":"OpenStreetMap","osm_id":"node/821881665","osm_url":"https://www.openstreetmap.org/node/821881665","source":"OpenStreetMap"}},{"type":"Feature","geometry":{"type":"Point","coordinates":[-0.8713283,50.7698674]},"properties":{"name":"Windmill","layer":"windmills","note":"OpenStreetMap","osm_id":"node/8252934787","osm_url":"https://www.openstreetmap.org/node/8252934787","source":"OpenStreetMap"}},{"type":"Feature","geometry":{"type":"Point","coordinates":[-0.6271098,50.8271446]},"properties":{"name":"John Baker's Mill","layer":"windmills","note":"OpenStreetMap","osm_id":"node/8288996262","osm_url":"https://www.openstreetmap.org/node/8288996262","source":"OpenStreetMap"}},{"type":"Feature","geometry":{"type":"Point","coordinates":[1.6027988,52.5935417]},"properties":{"name":"Windmill","layer":"windmills","note":"OpenStreetMap","osm_id":"node/8594968112","osm_url":"https://www.openstreetmap.org/node/8594968112","source":"OpenStreetMap"}},{"type":"Feature","geometry":{"type":"Point","coordinates":[-2.989825,53.799132]},"properties":{"name":"Little Marton Windmill","layer":"windmills","note":"OpenStreetMap","osm_id":"node/886419029","osm_url":"https://www.openstreetmap.org/node/886419029","source":"OpenStreetMap"}},{"type":"Feature","geometry":{"type":"Point","coordinates":[-1.6641322,50.9738753]},"properties":{"name":"Windmill","layer":"windmills","note":"OpenStreetMap","osm_id":"node/8874326011","osm_url":"https://www.openstreetmap.org/node/8874326011","source":"OpenStreetMap"}},{"type":"Feature","geometry":{"type":"Point","coordinates":[-2.6979817,51.3811451]},"properties":{"name":"Windmill","layer":"windmills","note":"OpenStreetMap","osm_id":"node/8914736639","osm_url":"https://www.openstreetmap.org/node/8914736639","source":"OpenStreetMap"}},{"type":"Feature","geometry":{"type":"Point","coordinates":[-2.4793611,51.4529131]},"properties":{"name":"Windmill","layer":"windmills","note":"OpenStreetMap","osm_id":"node/8914837074","osm_url":"https://www.openstreetmap.org/node/8914837074","source":"OpenStreetMap"}},{"type":"Feature","geometry":{"type":"Point","coordinates":[-1.6410881,59.5213063]},"properties":{"name":"Windmill","layer":"windmills","note":"OpenStreetMap","osm_id":"node/8920326608","osm_url":"https://www.openstreetmap.org/node/8920326608","source":"OpenStreetMap"}},{"type":"Feature","geometry":{"type":"Point","coordinates":[-1.3644066,54.7866315]},"properties":{"name":"Jackson's Mill","layer":"windmills","note":"OpenStreetMap","osm_id":"node/9021142266","osm_url":"https://www.openstreetmap.org/node/9021142266","source":"OpenStreetMap"}},{"type":"Feature","geometry":{"type":"Point","coordinates":[0.1281989,52.7971788]},"properties":{"name":"Windmill","layer":"windmills","note":"OpenStreetMap","osm_id":"node/9034852362","osm_url":"https://www.openstreetmap.org/node/9034852362","source":"OpenStreetMap"}},{"type":"Feature","geometry":{"type":"Point","coordinates":[-1.611667,52.0962572]},"properties":{"name":"Windmill","layer":"windmills","note":"OpenStreetMap","osm_id":"node/9218919927","osm_url":"https://www.openstreetmap.org/node/9218919927","source":"OpenStreetMap"}},{"type":"Feature","geometry":{"type":"Point","coordinates":[-8.6685677,53.3840178]},"properties":{"name":"Windmill","layer":"windmills","note":"OpenStreetMap","osm_id":"node/9294598223","osm_url":"https://www.openstreetmap.org/node/9294598223","source":"OpenStreetMap"}},{"type":"Feature","geometry":{"type":"Point","coordinates":[0.7542519,52.9094857]},"properties":{"name":"Windmill","layer":"windmills","note":"OpenStreetMap","osm_id":"node/942728098","osm_url":"https://www.openstreetmap.org/node/942728098","source":"OpenStreetMap"}},{"type":"Feature","geometry":{"type":"Point","coordinates":[-4.1503,53.243757]},"properties":{"name":"Windmill","layer":"windmills","note":"OpenStreetMap","osm_id":"node/9432178896","osm_url":"https://www.openstreetmap.org/node/9432178896","source":"OpenStreetMap"}},{"type":"Feature","geometry":{"type":"Point","coordinates":[-4.280988,53.2242141]},"properties":{"name":"Windmill","layer":"windmills","note":"OpenStreetMap","osm_id":"node/9438038144","osm_url":"https://www.openstreetmap.org/node/9438038144","source":"OpenStreetMap"}},{"type":"Feature","geometry":{"type":"Point","coordinates":[-4.2698713,53.22328]},"properties":{"name":"Windmill","layer":"windmills","note":"OpenStreetMap","osm_id":"node/9438038145","osm_url":"https://www.openstreetmap.org/node/9438038145","source":"OpenStreetMap"}},{"type":"Feature","geometry":{"type":"Point","coordinates":[1.0380564,51.1003753]},"properties":{"name":"Stanford Windmill","layer":"windmills","note":"OpenStreetMap","osm_id":"node/9461360174","osm_url":"https://www.openstreetmap.org/node/9461360174","source":"OpenStreetMap"}},{"type":"Feature","geometry":{"type":"Point","coordinates":[-0.5627076,50.8478992]},"properties":{"name":"Windmill","layer":"windmills","note":"OpenStreetMap","osm_id":"node/9577379802","osm_url":"https://www.openstreetmap.org/node/9577379802","source":"OpenStreetMap"}},{"type":"Feature","geometry":{"type":"Point","coordinates":[0.344353,52.1340758]},"properties":{"name":"Windmill","layer":"windmills","note":"OpenStreetMap","osm_id":"node/96518543","osm_url":"https://www.openstreetmap.org/node/96518543","source":"OpenStreetMap"}},{"type":"Feature","geometry":{"type":"Point","coordinates":[0.3545911,52.1082492]},"properties":{"name":"Windmill","layer":"windmills","note":"OpenStreetMap","osm_id":"node/96518555","osm_url":"https://www.openstreetmap.org/node/96518555","source":"OpenStreetMap"}},{"type":"Feature","geometry":{"type":"Point","coordinates":[-4.595887,55.5186464]},"properties":{"name":"Windmill","layer":"windmills","note":"OpenStreetMap","osm_id":"node/9760326733","osm_url":"https://www.openstreetmap.org/node/9760326733","source":"OpenStreetMap"}},{"type":"Feature","geometry":{"type":"Point","coordinates":[1.3281685,51.2794997]},"properties":{"name":"Windmill","layer":"windmills","note":"OpenStreetMap","osm_id":"node/980880707","osm_url":"https://www.openstreetmap.org/node/980880707","source":"OpenStreetMap"}},{"type":"Feature","geometry":{"type":"Point","coordinates":[-0.7839876,50.8010405]},"properties":{"name":"Windmill","layer":"windmills","note":"OpenStreetMap","osm_id":"node/9929303672","osm_url":"https://www.openstreetmap.org/node/9929303672","source":"OpenStreetMap"}},{"type":"Feature","geometry":{"type":"Point","coordinates":[-4.9951651,55.1065164]},"properties":{"name":"Windmill","layer":"windmills","note":"OpenStreetMap","osm_id":"node/9994215576","osm_url":"https://www.openstreetmap.org/node/9994215576","source":"OpenStreetMap"}},{"type":"Feature","geometry":{"type":"Point","coordinates":[-4.1875474,50.3549075]},"properties":{"name":"Windmill","layer":"windmills","note":"OpenStreetMap","osm_id":"way/1000528014","osm_url":"https://www.openstreetmap.org/way/1000528014","source":"OpenStreetMap"}},{"type":"Feature","geometry":{"type":"Point","coordinates":[-6.5340082,52.3118576]},"properties":{"name":"Windmill","layer":"windmills","note":"OpenStreetMap","osm_id":"way/1001504623","osm_url":"https://www.openstreetmap.org/way/1001504623","source":"OpenStreetMap"}},{"type":"Feature","geometry":{"type":"Point","coordinates":[-0.4065384,50.848627]},"properties":{"name":"Windmill","layer":"windmills","note":"OpenStreetMap","osm_id":"way/1004581853","osm_url":"https://www.openstreetmap.org/way/1004581853","source":"OpenStreetMap"}},{"type":"Feature","geometry":{"type":"Point","coordinates":[-6.9295047,53.3346528]},"properties":{"name":"Windmill","layer":"windmills","note":"OpenStreetMap","osm_id":"way/1011281891","osm_url":"https://www.openstreetmap.org/way/1011281891","source":"OpenStreetMap"}},{"type":"Feature","geometry":{"type":"Point","coordinates":[-0.0816634,52.20467]},"properties":{"name":"Bourn windmill","layer":"windmills","note":"OpenStreetMap","osm_id":"way/101837638","osm_url":"https://www.openstreetmap.org/way/101837638","source":"OpenStreetMap"}},{"type":"Feature","geometry":{"type":"Point","coordinates":[-4.3027886,53.256622]},"properties":{"name":"Windmill","layer":"windmills","note":"OpenStreetMap","osm_id":"way/1023663951","osm_url":"https://www.openstreetmap.org/way/1023663951","source":"OpenStreetMap"}},{"type":"Feature","geometry":{"type":"Point","coordinates":[-4.3844854,53.42139]},"properties":{"name":"Windmill","layer":"windmills","note":"OpenStreetMap","osm_id":"way/1023715679","osm_url":"https://www.openstreetmap.org/way/1023715679","source":"OpenStreetMap"}},{"type":"Feature","geometry":{"type":"Point","coordinates":[-4.2581874,53.321362]},"properties":{"name":"Windmill","layer":"windmills","note":"OpenStreetMap","osm_id":"way/1023720184","osm_url":"https://www.openstreetmap.org/way/1023720184","source":"OpenStreetMap"}},{"type":"Feature","geometry":{"type":"Point","coordinates":[-4.316356,53.312466]},"properties":{"name":"Windmill","layer":"windmills","note":"OpenStreetMap","osm_id":"way/1024030037","osm_url":"https://www.openstreetmap.org/way/1024030037","source":"OpenStreetMap"}},{"type":"Feature","geometry":{"type":"Point","coordinates":[-0.3053705,50.9718854]},"properties":{"name":"Jolesfield Windmill (disused)","layer":"windmills","note":"OpenStreetMap","osm_id":"way/1028946367","osm_url":"https://www.openstreetmap.org/way/1028946367","source":"OpenStreetMap"}},{"type":"Feature","geometry":{"type":"Point","coordinates":[-1.532392,55.1963552]},"properties":{"name":"Disused Windmill","layer":"windmills","note":"OpenStreetMap","osm_id":"way/103048365","osm_url":"https://www.openstreetmap.org/way/103048365","source":"OpenStreetMap"}},{"type":"Feature","geometry":{"type":"Point","coordinates":[-5.0867261,51.6756528]},"properties":{"name":"Windmill","layer":"windmills","note":"OpenStreetMap","osm_id":"way/1031981486","osm_url":"https://www.openstreetmap.org/way/1031981486","source":"OpenStreetMap"}},{"type":"Feature","geometry":{"type":"Point","coordinates":[-0.3726017,50.9849057]},"properties":{"name":"King's Mill","layer":"windmills","note":"OpenStreetMap","osm_id":"way/1036888329","osm_url":"https://www.openstreetmap.org/way/1036888329","source":"OpenStreetMap"}},{"type":"Feature","geometry":{"type":"Point","coordinates":[0.6832731,50.9128381]},"properties":{"name":"Windmill","layer":"windmills","note":"OpenStreetMap","osm_id":"way/104977183","osm_url":"https://www.openstreetmap.org/way/104977183","source":"OpenStreetMap"}},{"type":"Feature","geometry":{"type":"Point","coordinates":[-4.5280952,52.818758]},"properties":{"name":"Windmill","layer":"windmills","note":"OpenStreetMap","osm_id":"way/1078299312","osm_url":"https://www.openstreetmap.org/way/1078299312","source":"OpenStreetMap"}},{"type":"Feature","geometry":{"type":"Point","coordinates":[-7.0491237,53.8565547]},"properties":{"name":"Enagh Windmill","layer":"windmills","note":"OpenStreetMap","osm_id":"way/1088952689","osm_url":"https://www.openstreetmap.org/way/1088952689","source":"OpenStreetMap"}},{"type":"Feature","geometry":{"type":"Point","coordinates":[-0.8286189,53.5331999]},"properties":{"name":"Windmill","layer":"windmills","note":"OpenStreetMap","osm_id":"way/1094776316","osm_url":"https://www.openstreetmap.org/way/1094776316","source":"OpenStreetMap"}},{"type":"Feature","geometry":{"type":"Point","coordinates":[-0.823572,53.5316128]},"properties":{"name":"Windmill","layer":"windmills","note":"OpenStreetMap","osm_id":"way/1094776317","osm_url":"https://www.openstreetmap.org/way/1094776317","source":"OpenStreetMap"}},{"type":"Feature","geometry":{"type":"Point","coordinates":[-0.9322828,54.2687049]},"properties":{"name":"Windmill","layer":"windmills","note":"OpenStreetMap","osm_id":"way/1096052733","osm_url":"https://www.openstreetmap.org/way/1096052733","source":"OpenStreetMap"}},{"type":"Feature","geometry":{"type":"Point","coordinates":[-0.880104,53.7067536]},"properties":{"name":"Windmill","layer":"windmills","note":"OpenStreetMap","osm_id":"way/1112143610","osm_url":"https://www.openstreetmap.org/way/1112143610","source":"OpenStreetMap"}},{"type":"Feature","geometry":{"type":"Point","coordinates":[-1.2935999,53.7018122]},"properties":{"name":"Dandy Mill","layer":"windmills","note":"OpenStreetMap","osm_id":"way/1117609961","osm_url":"https://www.openstreetmap.org/way/1117609961","source":"OpenStreetMap"}},{"type":"Feature","geometry":{"type":"Point","coordinates":[0.3517943,51.506864]},"properties":{"name":"Baker Street Mill","layer":"windmills","note":"OpenStreetMap","osm_id":"way/1119728170","osm_url":"https://www.openstreetmap.org/way/1119728170","source":"OpenStreetMap"}},{"type":"Feature","geometry":{"type":"Point","coordinates":[0.363757,51.5079665]},"properties":{"name":"Windmill","layer":"windmills","note":"OpenStreetMap","osm_id":"way/1119728195","osm_url":"https://www.openstreetmap.org/way/1119728195","source":"OpenStreetMap"}},{"type":"Feature","geometry":{"type":"Point","coordinates":[-8.0532788,53.5218287]},"properties":{"name":"Windmill","layer":"windmills","note":"OpenStreetMap","osm_id":"way/1122500358","osm_url":"https://www.openstreetmap.org/way/1122500358","source":"OpenStreetMap"}},{"type":"Feature","geometry":{"type":"Point","coordinates":[-4.3922445,54.3285633]},"properties":{"name":"Beaconsfield Towers","layer":"windmills","note":"OpenStreetMap","osm_id":"way/1127914641","osm_url":"https://www.openstreetmap.org/way/1127914641","source":"OpenStreetMap"}},{"type":"Feature","geometry":{"type":"Point","coordinates":[-8.2054962,53.8518352]},"properties":{"name":"Windmill","layer":"windmills","note":"OpenStreetMap","osm_id":"way/1128313891","osm_url":"https://www.openstreetmap.org/way/1128313891","source":"OpenStreetMap"}},{"type":"Feature","geometry":{"type":"Point","coordinates":[-6.7823897,53.8056408]},"properties":{"name":"Windmill","layer":"windmills","note":"OpenStreetMap","osm_id":"way/1136272256","osm_url":"https://www.openstreetmap.org/way/1136272256","source":"OpenStreetMap"}},{"type":"Feature","geometry":{"type":"Point","coordinates":[-6.8894496,53.6235441]},"properties":{"name":"Old Windmill","layer":"windmills","note":"OpenStreetMap","osm_id":"way/1136321796","osm_url":"https://www.openstreetmap.org/way/1136321796","source":"OpenStreetMap"}},{"type":"Feature","geometry":{"type":"Point","coordinates":[-2.840115,51.2488213]},"properties":{"name":"Ashton Windmill","layer":"windmills","note":"OpenStreetMap","osm_id":"way/1148061606","osm_url":"https://www.openstreetmap.org/way/1148061606","source":"OpenStreetMap"}},{"type":"Feature","geometry":{"type":"Point","coordinates":[-4.6623145,54.0752515]},"properties":{"name":"Windmill@WestRes","layer":"windmills","note":"OpenStreetMap","osm_id":"way/1150306158","osm_url":"https://www.openstreetmap.org/way/1150306158","source":"OpenStreetMap"}},{"type":"Feature","geometry":{"type":"Point","coordinates":[-8.1155853,53.8109853]},"properties":{"name":"Windmill","layer":"windmills","note":"OpenStreetMap","osm_id":"way/1156593500","osm_url":"https://www.openstreetmap.org/way/1156593500","source":"OpenStreetMap"}},{"type":"Feature","geometry":{"type":"Point","coordinates":[1.5570466,52.5296535]},"properties":{"name":"Great Goliath Mill","layer":"windmills","note":"OpenStreetMap","osm_id":"way/1160258910","osm_url":"https://www.openstreetmap.org/way/1160258910","source":"OpenStreetMap"}},{"type":"Feature","geometry":{"type":"Point","coordinates":[-5.4946396,54.5242985]},"properties":{"name":"Windmill","layer":"windmills","note":"OpenStreetMap","osm_id":"way/1164815011","osm_url":"https://www.openstreetmap.org/way/1164815011","source":"OpenStreetMap"}},{"type":"Feature","geometry":{"type":"Point","coordinates":[-3.9183178,51.6286841]},"properties":{"name":"Kilvey Hill Windmill (remains)","layer":"windmills","note":"OpenStreetMap","osm_id":"way/116545102","osm_url":"https://www.openstreetmap.org/way/116545102","source":"OpenStreetMap"}},{"type":"Feature","geometry":{"type":"Point","coordinates":[-5.5502616,54.5206074]},"properties":{"name":"Windmill","layer":"windmills","note":"OpenStreetMap","osm_id":"way/1172694013","osm_url":"https://www.openstreetmap.org/way/1172694013","source":"OpenStreetMap"}},{"type":"Feature","geometry":{"type":"Point","coordinates":[1.6616164,52.6054254]},"properties":{"name":"Lockgate Windmill","layer":"windmills","note":"OpenStreetMap","osm_id":"way/117357494","osm_url":"https://www.openstreetmap.org/way/117357494","source":"OpenStreetMap"}},{"type":"Feature","geometry":{"type":"Point","coordinates":[-5.4947788,54.5450566]},"properties":{"name":"Windmill","layer":"windmills","note":"OpenStreetMap","osm_id":"way/1175419411","osm_url":"https://www.openstreetmap.org/way/1175419411","source":"OpenStreetMap"}},{"type":"Feature","geometry":{"type":"Point","coordinates":[-5.482911,54.5627377]},"properties":{"name":"Windmill","layer":"windmills","note":"OpenStreetMap","osm_id":"way/1176144359","osm_url":"https://www.openstreetmap.org/way/1176144359","source":"OpenStreetMap"}},{"type":"Feature","geometry":{"type":"Point","coordinates":[0.833378,52.4791343]},"properties":{"name":"Windmill","layer":"windmills","note":"OpenStreetMap","osm_id":"way/1193555633","osm_url":"https://www.openstreetmap.org/way/1193555633","source":"OpenStreetMap"}},{"type":"Feature","geometry":{"type":"Point","coordinates":[-6.3775343,53.5935827]},"properties":{"name":"Windmill","layer":"windmills","note":"OpenStreetMap","osm_id":"way/1193600637","osm_url":"https://www.openstreetmap.org/way/1193600637","source":"OpenStreetMap"}},{"type":"Feature","geometry":{"type":"Point","coordinates":[-0.3920827,53.6917031]},"properties":{"name":"Windmill","layer":"windmills","note":"OpenStreetMap","osm_id":"way/1195243357","osm_url":"https://www.openstreetmap.org/way/1195243357","source":"OpenStreetMap"}},{"type":"Feature","geometry":{"type":"Point","coordinates":[-0.4214285,52.6310966]},"properties":{"name":"Windmill","layer":"windmills","note":"OpenStreetMap","osm_id":"way/1195601577","osm_url":"https://www.openstreetmap.org/way/1195601577","source":"OpenStreetMap"}},{"type":"Feature","geometry":{"type":"Point","coordinates":[0.4846524,50.9224166]},"properties":{"name":"King's Head Mill","layer":"windmills","note":"OpenStreetMap","osm_id":"way/1209348782","osm_url":"https://www.openstreetmap.org/way/1209348782","source":"OpenStreetMap"}},{"type":"Feature","geometry":{"type":"Point","coordinates":[-6.0817976,54.4030281]},"properties":{"name":"Windmill","layer":"windmills","note":"OpenStreetMap","osm_id":"way/1211924096","osm_url":"https://www.openstreetmap.org/way/1211924096","source":"OpenStreetMap"}},{"type":"Feature","geometry":{"type":"Point","coordinates":[-6.0793508,54.3944294]},"properties":{"name":"Windmill","layer":"windmills","note":"OpenStreetMap","osm_id":"way/1211924112","osm_url":"https://www.openstreetmap.org/way/1211924112","source":"OpenStreetMap"}},{"type":"Feature","geometry":{"type":"Point","coordinates":[-6.0853224,54.4014009]},"properties":{"name":"Windmill","layer":"windmills","note":"OpenStreetMap","osm_id":"way/1211924113","osm_url":"https://www.openstreetmap.org/way/1211924113","source":"OpenStreetMap"}},{"type":"Feature","geometry":{"type":"Point","coordinates":[-0.1379071,53.2075889]},"properties":{"name":"Windmill","layer":"windmills","note":"OpenStreetMap","osm_id":"way/121242439","osm_url":"https://www.openstreetmap.org/way/121242439","source":"OpenStreetMap"}},{"type":"Feature","geometry":{"type":"Point","coordinates":[0.3023591,52.3108552]},"properties":{"name":"Wicken Windmill","layer":"windmills","note":"OpenStreetMap","osm_id":"way/1218339842","osm_url":"https://www.openstreetmap.org/way/1218339842","source":"OpenStreetMap"}},{"type":"Feature","geometry":{"type":"Point","coordinates":[1.3107065,52.0942936]},"properties":{"name":"Windmill","layer":"windmills","note":"OpenStreetMap","osm_id":"way/1222882966","osm_url":"https://www.openstreetmap.org/way/1222882966","source":"OpenStreetMap"}},{"type":"Feature","geometry":{"type":"Point","coordinates":[-6.1130467,53.5746046]},"properties":{"name":"Skerries Mills","layer":"windmills","note":"OpenStreetMap","osm_id":"way/1230321409","osm_url":"https://www.openstreetmap.org/way/1230321409","source":"OpenStreetMap"}},{"type":"Feature","geometry":{"type":"Point","coordinates":[-6.1101395,53.5750695]},"properties":{"name":"Great Windmill of Skerries","layer":"windmills","note":"OpenStreetMap","osm_id":"way/1230321411","osm_url":"https://www.openstreetmap.org/way/1230321411","source":"OpenStreetMap"}},{"type":"Feature","geometry":{"type":"Point","coordinates":[0.3824686,50.9084872]},"properties":{"name":"Windmill","layer":"windmills","note":"OpenStreetMap","osm_id":"way/1230816180","osm_url":"https://www.openstreetmap.org/way/1230816180","source":"OpenStreetMap"}},{"type":"Feature","geometry":{"type":"Point","coordinates":[-6.1377988,53.4977187]},"properties":{"name":"Carr's Mill","layer":"windmills","note":"OpenStreetMap","osm_id":"way/1232058752","osm_url":"https://www.openstreetmap.org/way/1232058752","source":"OpenStreetMap"}},{"type":"Feature","geometry":{"type":"Point","coordinates":[-6.9295413,54.2677225]},"properties":{"name":"Windmill","layer":"windmills","note":"OpenStreetMap","osm_id":"way/1235305147","osm_url":"https://www.openstreetmap.org/way/1235305147","source":"OpenStreetMap"}},{"type":"Feature","geometry":{"type":"Point","coordinates":[-5.7561136,54.3147541]},"properties":{"name":"Windmill","layer":"windmills","note":"OpenStreetMap","osm_id":"way/1254702975","osm_url":"https://www.openstreetmap.org/way/1254702975","source":"OpenStreetMap"}},{"type":"Feature","geometry":{"type":"Point","coordinates":[-4.0903219,53.309094]},"properties":{"name":"Windmill","layer":"windmills","note":"OpenStreetMap","osm_id":"way/1258672947","osm_url":"https://www.openstreetmap.org/way/1258672947","source":"OpenStreetMap"}},{"type":"Feature","geometry":{"type":"Point","coordinates":[-4.9303896,54.7536101]},"properties":{"name":"Logan Windmill","layer":"windmills","note":"OpenStreetMap","osm_id":"way/1265519526","osm_url":"https://www.openstreetmap.org/way/1265519526","source":"OpenStreetMap"}},{"type":"Feature","geometry":{"type":"Point","coordinates":[-0.0226264,50.8625826]},"properties":{"name":"Ashcombe Windmill","layer":"windmills","note":"OpenStreetMap","osm_id":"way/1266846361","osm_url":"https://www.openstreetmap.org/way/1266846361","source":"OpenStreetMap"}},{"type":"Feature","geometry":{"type":"Point","coordinates":[-3.2939598,54.7971596]},"properties":{"name":"Windmill","layer":"windmills","note":"OpenStreetMap","osm_id":"way/1278072026","osm_url":"https://www.openstreetmap.org/way/1278072026","source":"OpenStreetMap"}},{"type":"Feature","geometry":{"type":"Point","coordinates":[-0.0864309,53.8027874]},"properties":{"name":"Garton Mill","layer":"windmills","note":"OpenStreetMap","osm_id":"way/1280816181","osm_url":"https://www.openstreetmap.org/way/1280816181","source":"OpenStreetMap"}},{"type":"Feature","geometry":{"type":"Point","coordinates":[0.8826164,51.3264717]},"properties":{"name":"Windmill","layer":"windmills","note":"OpenStreetMap","osm_id":"way/1293063568","osm_url":"https://www.openstreetmap.org/way/1293063568","source":"OpenStreetMap"}},{"type":"Feature","geometry":{"type":"Point","coordinates":[0.7270198,50.9504764]},"properties":{"name":"Windmill","layer":"windmills","note":"OpenStreetMap","osm_id":"way/1293824441","osm_url":"https://www.openstreetmap.org/way/1293824441","source":"OpenStreetMap"}},{"type":"Feature","geometry":{"type":"Point","coordinates":[0.7270037,50.9504764]},"properties":{"name":"B&B - Old Windmill","layer":"windmills","note":"OpenStreetMap","osm_id":"way/1293824445","osm_url":"https://www.openstreetmap.org/way/1293824445","source":"OpenStreetMap"}},{"type":"Feature","geometry":{"type":"Point","coordinates":[1.143931,52.1701339]},"properties":{"name":"Crowfield Windmill","layer":"windmills","note":"OpenStreetMap","osm_id":"way/1298621206","osm_url":"https://www.openstreetmap.org/way/1298621206","source":"OpenStreetMap"}},{"type":"Feature","geometry":{"type":"Point","coordinates":[0.3224685,52.199052]},"properties":{"name":"Bungalow Mill","layer":"windmills","note":"OpenStreetMap","osm_id":"way/129869390","osm_url":"https://www.openstreetmap.org/way/129869390","source":"OpenStreetMap"}},{"type":"Feature","geometry":{"type":"Point","coordinates":[-4.4590239,53.4052317]},"properties":{"name":"Cemaes Mill","layer":"windmills","note":"OpenStreetMap","osm_id":"way/1300548774","osm_url":"https://www.openstreetmap.org/way/1300548774","source":"OpenStreetMap"}},{"type":"Feature","geometry":{"type":"Point","coordinates":[-6.8551782,53.7434695]},"properties":{"name":"Old Windmill","layer":"windmills","note":"OpenStreetMap","osm_id":"way/1311101257","osm_url":"https://www.openstreetmap.org/way/1311101257","source":"OpenStreetMap"}},{"type":"Feature","geometry":{"type":"Point","coordinates":[-0.7449828,51.7657396]},"properties":{"name":"The Windmill","layer":"windmills","note":"OpenStreetMap","osm_id":"way/1319658300","osm_url":"https://www.openstreetmap.org/way/1319658300","source":"OpenStreetMap"}},{"type":"Feature","geometry":{"type":"Point","coordinates":[-4.3844711,53.4212512]},"properties":{"name":"Windmill","layer":"windmills","note":"OpenStreetMap","osm_id":"way/1320710497","osm_url":"https://www.openstreetmap.org/way/1320710497","source":"OpenStreetMap"}},{"type":"Feature","geometry":{"type":"Point","coordinates":[1.03806,51.1003706]},"properties":{"name":"Windmill","layer":"windmills","note":"OpenStreetMap","osm_id":"way/1324072979","osm_url":"https://www.openstreetmap.org/way/1324072979","source":"OpenStreetMap"}},{"type":"Feature","geometry":{"type":"Point","coordinates":[-4.4641539,53.382587]},"properties":{"name":"Windmill","layer":"windmills","note":"OpenStreetMap","osm_id":"way/1331640558","osm_url":"https://www.openstreetmap.org/way/1331640558","source":"OpenStreetMap"}},{"type":"Feature","geometry":{"type":"Point","coordinates":[-4.4943653,53.3935743]},"properties":{"name":"Windmill","layer":"windmills","note":"OpenStreetMap","osm_id":"way/1331909995","osm_url":"https://www.openstreetmap.org/way/1331909995","source":"OpenStreetMap"}},{"type":"Feature","geometry":{"type":"Point","coordinates":[-4.4169327,53.2949694]},"properties":{"name":"Windmill","layer":"windmills","note":"OpenStreetMap","osm_id":"way/1335366559","osm_url":"https://www.openstreetmap.org/way/1335366559","source":"OpenStreetMap"}},{"type":"Feature","geometry":{"type":"Point","coordinates":[-4.4291775,53.3091335]},"properties":{"name":"Windmill","layer":"windmills","note":"OpenStreetMap","osm_id":"way/1335935968","osm_url":"https://www.openstreetmap.org/way/1335935968","source":"OpenStreetMap"}},{"type":"Feature","geometry":{"type":"Point","coordinates":[-6.5231692,53.8706801]},"properties":{"name":"Windmill","layer":"windmills","note":"OpenStreetMap","osm_id":"way/1336446846","osm_url":"https://www.openstreetmap.org/way/1336446846","source":"OpenStreetMap"}},{"type":"Feature","geometry":{"type":"Point","coordinates":[-6.3947856,54.0446357]},"properties":{"name":"Windmill","layer":"windmills","note":"OpenStreetMap","osm_id":"way/1337181717","osm_url":"https://www.openstreetmap.org/way/1337181717","source":"OpenStreetMap"}},{"type":"Feature","geometry":{"type":"Point","coordinates":[-6.4886324,54.0211974]},"properties":{"name":"Windmill","layer":"windmills","note":"OpenStreetMap","osm_id":"way/1337361277","osm_url":"https://www.openstreetmap.org/way/1337361277","source":"OpenStreetMap"}},{"type":"Feature","geometry":{"type":"Point","coordinates":[-0.2036944,53.5788622]},"properties":{"name":"Windmill","layer":"windmills","note":"OpenStreetMap","osm_id":"way/1340721816","osm_url":"https://www.openstreetmap.org/way/1340721816","source":"OpenStreetMap"}},{"type":"Feature","geometry":{"type":"Point","coordinates":[-5.6387893,54.4349064]},"properties":{"name":"Windmill","layer":"windmills","note":"OpenStreetMap","osm_id":"way/1341850197","osm_url":"https://www.openstreetmap.org/way/1341850197","source":"OpenStreetMap"}},{"type":"Feature","geometry":{"type":"Point","coordinates":[-6.5310579,53.8876985]},"properties":{"name":"Windmill","layer":"windmills","note":"OpenStreetMap","osm_id":"way/1341963173","osm_url":"https://www.openstreetmap.org/way/1341963173","source":"OpenStreetMap"}},{"type":"Feature","geometry":{"type":"Point","coordinates":[-6.4664136,53.9611766]},"properties":{"name":"Windmill","layer":"windmills","note":"OpenStreetMap","osm_id":"way/1344630950","osm_url":"https://www.openstreetmap.org/way/1344630950","source":"OpenStreetMap"}},{"type":"Feature","geometry":{"type":"Point","coordinates":[-4.4851052,53.2261601]},"properties":{"name":"Melin Maelgwyn","layer":"windmills","note":"OpenStreetMap","osm_id":"way/1351164444","osm_url":"https://www.openstreetmap.org/way/1351164444","source":"OpenStreetMap"}},{"type":"Feature","geometry":{"type":"Point","coordinates":[-0.971303,53.7933147]},"properties":{"name":"South Duffield Windmill","layer":"windmills","note":"OpenStreetMap","osm_id":"way/1355968424","osm_url":"https://www.openstreetmap.org/way/1355968424","source":"OpenStreetMap"}},{"type":"Feature","geometry":{"type":"Point","coordinates":[-1.1759308,53.8755124]},"properties":{"name":"The Old Windmill","layer":"windmills","note":"OpenStreetMap","osm_id":"way/1355969877","osm_url":"https://www.openstreetmap.org/way/1355969877","source":"OpenStreetMap"}},{"type":"Feature","geometry":{"type":"Point","coordinates":[-1.2781437,53.8721737]},"properties":{"name":"Windmill","layer":"windmills","note":"OpenStreetMap","osm_id":"way/1355970295","osm_url":"https://www.openstreetmap.org/way/1355970295","source":"OpenStreetMap"}},{"type":"Feature","geometry":{"type":"Point","coordinates":[-0.7869021,54.1558603]},"properties":{"name":"Windmill","layer":"windmills","note":"OpenStreetMap","osm_id":"way/1355970986","osm_url":"https://www.openstreetmap.org/way/1355970986","source":"OpenStreetMap"}},{"type":"Feature","geometry":{"type":"Point","coordinates":[-1.3452556,53.8840318]},"properties":{"name":"Windmill","layer":"windmills","note":"OpenStreetMap","osm_id":"way/1355971501","osm_url":"https://www.openstreetmap.org/way/1355971501","source":"OpenStreetMap"}},{"type":"Feature","geometry":{"type":"Point","coordinates":[-1.1874037,53.6268051]},"properties":{"name":"Windmill","layer":"windmills","note":"OpenStreetMap","osm_id":"way/1355971973","osm_url":"https://www.openstreetmap.org/way/1355971973","source":"OpenStreetMap"}},{"type":"Feature","geometry":{"type":"Point","coordinates":[-1.2840805,53.6732082]},"properties":{"name":"Darrington Windmill","layer":"windmills","note":"OpenStreetMap","osm_id":"way/1355972329","osm_url":"https://www.openstreetmap.org/way/1355972329","source":"OpenStreetMap"}},{"type":"Feature","geometry":{"type":"Point","coordinates":[-1.0054031,53.5671147]},"properties":{"name":"Lings Windmill","layer":"windmills","note":"OpenStreetMap","osm_id":"way/1355972500","osm_url":"https://www.openstreetmap.org/way/1355972500","source":"OpenStreetMap"}},{"type":"Feature","geometry":{"type":"Point","coordinates":[-0.4488573,53.8329188]},"properties":{"name":"Windmill","layer":"windmills","note":"OpenStreetMap","osm_id":"way/1355974763","osm_url":"https://www.openstreetmap.org/way/1355974763","source":"OpenStreetMap"}},{"type":"Feature","geometry":{"type":"Point","coordinates":[-0.1509692,53.7754755]},"properties":{"name":"Lelley Mill","layer":"windmills","note":"OpenStreetMap","osm_id":"way/1355976614","osm_url":"https://www.openstreetmap.org/way/1355976614","source":"OpenStreetMap"}},{"type":"Feature","geometry":{"type":"Point","coordinates":[-0.1167002,53.712019]},"properties":{"name":"Windmill","layer":"windmills","note":"OpenStreetMap","osm_id":"way/1355977443","osm_url":"https://www.openstreetmap.org/way/1355977443","source":"OpenStreetMap"}},{"type":"Feature","geometry":{"type":"Point","coordinates":[-0.9610364,53.9137593]},"properties":{"name":"Windmill","layer":"windmills","note":"OpenStreetMap","osm_id":"way/1355978353","osm_url":"https://www.openstreetmap.org/way/1355978353","source":"OpenStreetMap"}},{"type":"Feature","geometry":{"type":"Point","coordinates":[-6.3239887,53.8224486]},"properties":{"name":"Tower Moneyveg","layer":"windmills","note":"OpenStreetMap","osm_id":"way/1358370962","osm_url":"https://www.openstreetmap.org/way/1358370962","source":"OpenStreetMap"}},{"type":"Feature","geometry":{"type":"Point","coordinates":[-6.5581264,53.9109975]},"properties":{"name":"Windmill","layer":"windmills","note":"OpenStreetMap","osm_id":"way/1359885342","osm_url":"https://www.openstreetmap.org/way/1359885342","source":"OpenStreetMap"}},{"type":"Feature","geometry":{"type":"Point","coordinates":[1.6094858,52.7405942]},"properties":{"name":"Stubb Mill","layer":"windmills","note":"OpenStreetMap","osm_id":"way/136192462","osm_url":"https://www.openstreetmap.org/way/136192462","source":"OpenStreetMap"}},{"type":"Feature","geometry":{"type":"Point","coordinates":[-0.1021192,53.511154]},"properties":{"name":"Waltham Windmill","layer":"windmills","note":"OpenStreetMap","osm_id":"way/1362292637","osm_url":"https://www.openstreetmap.org/way/1362292637","source":"OpenStreetMap"}},{"type":"Feature","geometry":{"type":"Point","coordinates":[-5.7807061,54.2712167]},"properties":{"name":"Windmill","layer":"windmills","note":"OpenStreetMap","osm_id":"way/1364033497","osm_url":"https://www.openstreetmap.org/way/1364033497","source":"OpenStreetMap"}},{"type":"Feature","geometry":{"type":"Point","coordinates":[-2.608507,52.7263476]},"properties":{"name":"Windmill","layer":"windmills","note":"OpenStreetMap","osm_id":"way/1364733491","osm_url":"https://www.openstreetmap.org/way/1364733491","source":"OpenStreetMap"}},{"type":"Feature","geometry":{"type":"Point","coordinates":[-4.2810029,53.2242367]},"properties":{"name":"Windmill","layer":"windmills","note":"OpenStreetMap","osm_id":"way/1373667679","osm_url":"https://www.openstreetmap.org/way/1373667679","source":"OpenStreetMap"}},{"type":"Feature","geometry":{"type":"Point","coordinates":[-0.6307481,51.6441255]},"properties":{"name":"Windmill","layer":"windmills","note":"OpenStreetMap","osm_id":"way/1375041580","osm_url":"https://www.openstreetmap.org/way/1375041580","source":"OpenStreetMap"}},{"type":"Feature","geometry":{"type":"Point","coordinates":[-4.4226965,53.2553174]},"properties":{"name":"Windmill","layer":"windmills","note":"OpenStreetMap","osm_id":"way/1384028674","osm_url":"https://www.openstreetmap.org/way/1384028674","source":"OpenStreetMap"}},{"type":"Feature","geometry":{"type":"Point","coordinates":[-4.5485102,53.3681601]},"properties":{"name":"Windmill","layer":"windmills","note":"OpenStreetMap","osm_id":"way/1385091298","osm_url":"https://www.openstreetmap.org/way/1385091298","source":"OpenStreetMap"}},{"type":"Feature","geometry":{"type":"Point","coordinates":[-4.4632855,53.2875711]},"properties":{"name":"Windmill","layer":"windmills","note":"OpenStreetMap","osm_id":"way/1385747949","osm_url":"https://www.openstreetmap.org/way/1385747949","source":"OpenStreetMap"}},{"type":"Feature","geometry":{"type":"Point","coordinates":[1.6378028,52.5865829]},"properties":{"name":"Berney Arms Windmill","layer":"windmills","note":"OpenStreetMap","osm_id":"way/1391188319","osm_url":"https://www.openstreetmap.org/way/1391188319","source":"OpenStreetMap"}},{"type":"Feature","geometry":{"type":"Point","coordinates":[1.5743593,52.6523792]},"properties":{"name":"St Margaret's drainage mill","layer":"windmills","note":"OpenStreetMap","osm_id":"way/1391189224","osm_url":"https://www.openstreetmap.org/way/1391189224","source":"OpenStreetMap"}},{"type":"Feature","geometry":{"type":"Point","coordinates":[-0.0488673,53.1077935]},"properties":{"name":"Windmill","layer":"windmills","note":"OpenStreetMap","osm_id":"way/1394843040","osm_url":"https://www.openstreetmap.org/way/1394843040","source":"OpenStreetMap"}},{"type":"Feature","geometry":{"type":"Point","coordinates":[-1.0911062,52.1482261]},"properties":{"name":"Windmill","layer":"windmills","note":"OpenStreetMap","osm_id":"way/1411443661","osm_url":"https://www.openstreetmap.org/way/1411443661","source":"OpenStreetMap"}},{"type":"Feature","geometry":{"type":"Point","coordinates":[0.2436621,50.8146021]},"properties":{"name":"Polegate Windmill","layer":"windmills","note":"OpenStreetMap","osm_id":"way/1415375054","osm_url":"https://www.openstreetmap.org/way/1415375054","source":"OpenStreetMap"}},{"type":"Feature","geometry":{"type":"Point","coordinates":[0.4521467,51.9696819]},"properties":{"name":"Finchingfield Windmill","layer":"windmills","note":"OpenStreetMap","osm_id":"way/143030705","osm_url":"https://www.openstreetmap.org/way/143030705","source":"OpenStreetMap"}},{"type":"Feature","geometry":{"type":"Point","coordinates":[-0.6690196,52.3422905]},"properties":{"name":"Windmill","layer":"windmills","note":"OpenStreetMap","osm_id":"way/1431972430","osm_url":"https://www.openstreetmap.org/way/1431972430","source":"OpenStreetMap"}},{"type":"Feature","geometry":{"type":"Point","coordinates":[-2.7877829,51.5905346]},"properties":{"name":"Windmill","layer":"windmills","note":"OpenStreetMap","osm_id":"way/1442541720","osm_url":"https://www.openstreetmap.org/way/1442541720","source":"OpenStreetMap"}},{"type":"Feature","geometry":{"type":"Point","coordinates":[0.1673219,52.075866]},"properties":{"name":"Ickleton windmill","layer":"windmills","note":"OpenStreetMap","osm_id":"way/1447887991","osm_url":"https://www.openstreetmap.org/way/1447887991","source":"OpenStreetMap"}},{"type":"Feature","geometry":{"type":"Point","coordinates":[0.5614006,51.9043432]},"properties":{"name":"Bocking Windmill","layer":"windmills","note":"OpenStreetMap","osm_id":"way/145348981","osm_url":"https://www.openstreetmap.org/way/145348981","source":"OpenStreetMap"}},{"type":"Feature","geometry":{"type":"Point","coordinates":[-0.1778938,51.9592462]},"properties":{"name":"Windmill","layer":"windmills","note":"OpenStreetMap","osm_id":"way/1455821954","osm_url":"https://www.openstreetmap.org/way/1455821954","source":"OpenStreetMap"}},{"type":"Feature","geometry":{"type":"Point","coordinates":[-2.7834067,51.4127447]},"properties":{"name":"Windmill","layer":"windmills","note":"OpenStreetMap","osm_id":"way/1464227284","osm_url":"https://www.openstreetmap.org/way/1464227284","source":"OpenStreetMap"}},{"type":"Feature","geometry":{"type":"Point","coordinates":[-0.2977832,53.7622185]},"properties":{"name":"Windmill","layer":"windmills","note":"OpenStreetMap","osm_id":"way/147041551","osm_url":"https://www.openstreetmap.org/way/147041551","source":"OpenStreetMap"}},{"type":"Feature","geometry":{"type":"Point","coordinates":[-5.63042,54.3462838]},"properties":{"name":"Windmill","layer":"windmills","note":"OpenStreetMap","osm_id":"way/1473740677","osm_url":"https://www.openstreetmap.org/way/1473740677","source":"OpenStreetMap"}},{"type":"Feature","geometry":{"type":"Point","coordinates":[0.2669194,51.7945144]},"properties":{"name":"Windmill","layer":"windmills","note":"OpenStreetMap","osm_id":"way/147730139","osm_url":"https://www.openstreetmap.org/way/147730139","source":"OpenStreetMap"}},{"type":"Feature","geometry":{"type":"Point","coordinates":[-0.242261,51.6431963]},"properties":{"name":"Barnet Gate Mill","layer":"windmills","note":"OpenStreetMap","osm_id":"way/149025084","osm_url":"https://www.openstreetmap.org/way/149025084","source":"OpenStreetMap"}},{"type":"Feature","geometry":{"type":"Point","coordinates":[-1.0554923,51.8221441]},"properties":{"name":"Brill Windmill","layer":"windmills","note":"OpenStreetMap","osm_id":"way/151161077","osm_url":"https://www.openstreetmap.org/way/151161077","source":"OpenStreetMap"}},{"type":"Feature","geometry":{"type":"Point","coordinates":[0.2977936,50.815758]},"properties":{"name":"Stone Cross Windmill","layer":"windmills","note":"OpenStreetMap","osm_id":"way/1515436266","osm_url":"https://www.openstreetmap.org/way/1515436266","source":"OpenStreetMap"}},{"type":"Feature","geometry":{"type":"Point","coordinates":[-0.805369,50.7345779]},"properties":{"name":"Medmerry Mill","layer":"windmills","note":"OpenStreetMap","osm_id":"way/151876092","osm_url":"https://www.openstreetmap.org/way/151876092","source":"OpenStreetMap"}},{"type":"Feature","geometry":{"type":"Point","coordinates":[0.3402373,50.8853972]},"properties":{"name":"Windmill Hill Mill","layer":"windmills","note":"OpenStreetMap","osm_id":"way/1523544462","osm_url":"https://www.openstreetmap.org/way/1523544462","source":"OpenStreetMap"}},{"type":"Feature","geometry":{"type":"Point","coordinates":[0.6062081,51.5883806]},"properties":{"name":"Rayleigh Mill","layer":"windmills","note":"OpenStreetMap","osm_id":"way/154387065","osm_url":"https://www.openstreetmap.org/way/154387065","source":"OpenStreetMap"}},{"type":"Feature","geometry":{"type":"Point","coordinates":[-2.7853911,52.6561683]},"properties":{"name":"Windmill","layer":"windmills","note":"OpenStreetMap","osm_id":"way/1546914511","osm_url":"https://www.openstreetmap.org/way/1546914511","source":"OpenStreetMap"}},{"type":"Feature","geometry":{"type":"Point","coordinates":[0.2638971,51.9794831]},"properties":{"name":"The Old Windmill","layer":"windmills","note":"OpenStreetMap","osm_id":"way/161882511","osm_url":"https://www.openstreetmap.org/way/161882511","source":"OpenStreetMap"}},{"type":"Feature","geometry":{"type":"Point","coordinates":[1.0222357,51.3463088]},"properties":{"name":"Windmill","layer":"windmills","note":"OpenStreetMap","osm_id":"way/167270669","osm_url":"https://www.openstreetmap.org/way/167270669","source":"OpenStreetMap"}},{"type":"Feature","geometry":{"type":"Point","coordinates":[-0.6784596,53.313272]},"properties":{"name":"Windmill","layer":"windmills","note":"OpenStreetMap","osm_id":"way/172388355","osm_url":"https://www.openstreetmap.org/way/172388355","source":"OpenStreetMap"}},{"type":"Feature","geometry":{"type":"Point","coordinates":[0.1930321,51.9007708]},"properties":{"name":"Windmill","layer":"windmills","note":"OpenStreetMap","osm_id":"way/180049166","osm_url":"https://www.openstreetmap.org/way/180049166","source":"OpenStreetMap"}},{"type":"Feature","geometry":{"type":"Point","coordinates":[-3.5648077,50.3997718]},"properties":{"name":"The Old Windmill","layer":"windmills","note":"OpenStreetMap","osm_id":"way/182983915","osm_url":"https://www.openstreetmap.org/way/182983915","source":"OpenStreetMap"}},{"type":"Feature","geometry":{"type":"Point","coordinates":[-3.5915907,50.4808671]},"properties":{"name":"Windmill","layer":"windmills","note":"OpenStreetMap","osm_id":"way/200038183","osm_url":"https://www.openstreetmap.org/way/200038183","source":"OpenStreetMap"}},{"type":"Feature","geometry":{"type":"Point","coordinates":[-0.3045068,53.2849883]},"properties":{"name":"Windmill","layer":"windmills","note":"OpenStreetMap","osm_id":"way/207068031","osm_url":"https://www.openstreetmap.org/way/207068031","source":"OpenStreetMap"}},{"type":"Feature","geometry":{"type":"Point","coordinates":[1.4400746,52.869762]},"properties":{"name":"Stow Mill","layer":"windmills","note":"OpenStreetMap","osm_id":"way/207507110","osm_url":"https://www.openstreetmap.org/way/207507110","source":"OpenStreetMap"}},{"type":"Feature","geometry":{"type":"Point","coordinates":[-0.166279,50.8627857]},"properties":{"name":"Patcham Mill","layer":"windmills","note":"OpenStreetMap","osm_id":"way/210374427","osm_url":"https://www.openstreetmap.org/way/210374427","source":"OpenStreetMap"}},{"type":"Feature","geometry":{"type":"Point","coordinates":[-2.71889,56.0357403]},"properties":{"name":"Windmill","layer":"windmills","note":"OpenStreetMap","osm_id":"way/211112707","osm_url":"https://www.openstreetmap.org/way/211112707","source":"OpenStreetMap"}},{"type":"Feature","geometry":{"type":"Point","coordinates":[-3.5846541,50.450109]},"properties":{"name":"Windmill","layer":"windmills","note":"OpenStreetMap","osm_id":"way/219379597","osm_url":"https://www.openstreetmap.org/way/219379597","source":"OpenStreetMap"}},{"type":"Feature","geometry":{"type":"Point","coordinates":[-2.0183171,52.55507]},"properties":{"name":"Windmill","layer":"windmills","note":"OpenStreetMap","osm_id":"way/220122923","osm_url":"https://www.openstreetmap.org/way/220122923","source":"OpenStreetMap"}},{"type":"Feature","geometry":{"type":"Point","coordinates":[0.2075154,52.1810163]},"properties":{"name":"Fulbourn Windmill","layer":"windmills","note":"OpenStreetMap","osm_id":"way/220721470","osm_url":"https://www.openstreetmap.org/way/220721470","source":"OpenStreetMap"}},{"type":"Feature","geometry":{"type":"Point","coordinates":[0.0594694,52.215846]},"properties":{"name":"Windmill","layer":"windmills","note":"OpenStreetMap","osm_id":"way/220735949","osm_url":"https://www.openstreetmap.org/way/220735949","source":"OpenStreetMap"}},{"type":"Feature","geometry":{"type":"Point","coordinates":[-1.1293863,52.9520983]},"properties":{"name":"Green's Windmill","layer":"windmills","note":"OpenStreetMap","osm_id":"way/222030385","osm_url":"https://www.openstreetmap.org/way/222030385","source":"OpenStreetMap"}},{"type":"Feature","geometry":{"type":"Point","coordinates":[-2.1837642,49.233908]},"properties":{"name":"Windmill","layer":"windmills","note":"OpenStreetMap","osm_id":"way/227363311","osm_url":"https://www.openstreetmap.org/way/227363311","source":"OpenStreetMap"}},{"type":"Feature","geometry":{"type":"Point","coordinates":[-1.6284061,55.1036881]},"properties":{"name":"Windmill","layer":"windmills","note":"OpenStreetMap","osm_id":"way/232570349","osm_url":"https://www.openstreetmap.org/way/232570349","source":"OpenStreetMap"}},{"type":"Feature","geometry":{"type":"Point","coordinates":[-0.9163406,51.7036892]},"properties":{"name":"Chinnor Windmill","layer":"windmills","note":"OpenStreetMap","osm_id":"way/233629439","osm_url":"https://www.openstreetmap.org/way/233629439","source":"OpenStreetMap"}},{"type":"Feature","geometry":{"type":"Point","coordinates":[-0.5274672,51.8855093]},"properties":{"name":"Dunstable Sea Cadets","layer":"windmills","note":"OpenStreetMap","osm_id":"way/236115052","osm_url":"https://www.openstreetmap.org/way/236115052","source":"OpenStreetMap"}},{"type":"Feature","geometry":{"type":"Point","coordinates":[-0.0619589,52.7980606]},"properties":{"name":"Moulton Windmill","layer":"windmills","note":"OpenStreetMap","osm_id":"way/240203897","osm_url":"https://www.openstreetmap.org/way/240203897","source":"OpenStreetMap"}},{"type":"Feature","geometry":{"type":"Point","coordinates":[-6.5419057,52.2120689]},"properties":{"name":"Windmill","layer":"windmills","note":"OpenStreetMap","osm_id":"way/266866493","osm_url":"https://www.openstreetmap.org/way/266866493","source":"OpenStreetMap"}},{"type":"Feature","geometry":{"type":"Point","coordinates":[-4.3424819,53.3884402]},"properties":{"name":"Windmill","layer":"windmills","note":"OpenStreetMap","osm_id":"way/270452689","osm_url":"https://www.openstreetmap.org/way/270452689","source":"OpenStreetMap"}},{"type":"Feature","geometry":{"type":"Point","coordinates":[-2.8698601,53.6337575]},"properties":{"name":"Windmill","layer":"windmills","note":"OpenStreetMap","osm_id":"way/271004895","osm_url":"https://www.openstreetmap.org/way/271004895","source":"OpenStreetMap"}},{"type":"Feature","geometry":{"type":"Point","coordinates":[-6.4886963,52.2410359]},"properties":{"name":"Windmill","layer":"windmills","note":"OpenStreetMap","osm_id":"way/271847878","osm_url":"https://www.openstreetmap.org/way/271847878","source":"OpenStreetMap"}},{"type":"Feature","geometry":{"type":"Point","coordinates":[-1.7718698,55.0210814]},"properties":{"name":"Birney Hill Windmill","layer":"windmills","note":"OpenStreetMap","osm_id":"way/272626210","osm_url":"https://www.openstreetmap.org/way/272626210","source":"OpenStreetMap"}},{"type":"Feature","geometry":{"type":"Point","coordinates":[-6.4240235,52.2087768]},"properties":{"name":"Tacumshane Windmill","layer":"windmills","note":"OpenStreetMap","osm_id":"way/276065039","osm_url":"https://www.openstreetmap.org/way/276065039","source":"OpenStreetMap"}},{"type":"Feature","geometry":{"type":"Point","coordinates":[0.9526547,52.3718102]},"properties":{"name":"Thelnetham Windmill","layer":"windmills","note":"OpenStreetMap","osm_id":"way/276495746","osm_url":"https://www.openstreetmap.org/way/276495746","source":"OpenStreetMap"}},{"type":"Feature","geometry":{"type":"Point","coordinates":[-1.573722,54.6869793]},"properties":{"name":"Ferryhill Windmill","layer":"windmills","note":"OpenStreetMap","osm_id":"way/281778051","osm_url":"https://www.openstreetmap.org/way/281778051","source":"OpenStreetMap"}},{"type":"Feature","geometry":{"type":"Point","coordinates":[-9.5281273,51.5309958]},"properties":{"name":"Windmill","layer":"windmills","note":"OpenStreetMap","osm_id":"way/284802303","osm_url":"https://www.openstreetmap.org/way/284802303","source":"OpenStreetMap"}},{"type":"Feature","geometry":{"type":"Point","coordinates":[0.204329,53.3147467]},"properties":{"name":"Windmill","layer":"windmills","note":"OpenStreetMap","osm_id":"way/296097014","osm_url":"https://www.openstreetmap.org/way/296097014","source":"OpenStreetMap"}},{"type":"Feature","geometry":{"type":"Point","coordinates":[0.0315226,51.3577107]},"properties":{"name":"Keston Windmill","layer":"windmills","note":"OpenStreetMap","osm_id":"way/304294680","osm_url":"https://www.openstreetmap.org/way/304294680","source":"OpenStreetMap"}},{"type":"Feature","geometry":{"type":"Point","coordinates":[1.5219177,52.567122]},"properties":{"name":"Hardley Drainage Mill","layer":"windmills","note":"OpenStreetMap","osm_id":"way/306271997","osm_url":"https://www.openstreetmap.org/way/306271997","source":"OpenStreetMap"}},{"type":"Feature","geometry":{"type":"Point","coordinates":[-1.3496069,52.9535968]},"properties":{"name":"Cat and Fiddle Windmill","layer":"windmills","note":"OpenStreetMap","osm_id":"way/314033593","osm_url":"https://www.openstreetmap.org/way/314033593","source":"OpenStreetMap"}},{"type":"Feature","geometry":{"type":"Point","coordinates":[-2.1210129,52.5296352]},"properties":{"name":"Ruiton Windmill","layer":"windmills","note":"OpenStreetMap","osm_id":"way/314860061","osm_url":"https://www.openstreetmap.org/way/314860061","source":"OpenStreetMap"}},{"type":"Feature","geometry":{"type":"Point","coordinates":[-1.9017731,52.6641161]},"properties":{"name":"Windmill","layer":"windmills","note":"OpenStreetMap","osm_id":"way/325803288","osm_url":"https://www.openstreetmap.org/way/325803288","source":"OpenStreetMap"}},{"type":"Feature","geometry":{"type":"Point","coordinates":[-0.7409362,52.7642261]},"properties":{"name":"Wymondham Windmill","layer":"windmills","note":"OpenStreetMap","osm_id":"way/332341197","osm_url":"https://www.openstreetmap.org/way/332341197","source":"OpenStreetMap"}},{"type":"Feature","geometry":{"type":"Point","coordinates":[-0.0941907,52.3197089]},"properties":{"name":"Windmill","layer":"windmills","note":"OpenStreetMap","osm_id":"way/334715620","osm_url":"https://www.openstreetmap.org/way/334715620","source":"OpenStreetMap"}},{"type":"Feature","geometry":{"type":"Point","coordinates":[1.5989495,52.6280561]},"properties":{"name":"Stokesby Old Hall dainage mill","layer":"windmills","note":"OpenStreetMap","osm_id":"way/339340698","osm_url":"https://www.openstreetmap.org/way/339340698","source":"OpenStreetMap"}},{"type":"Feature","geometry":{"type":"Point","coordinates":[-0.241732,53.1473869]},"properties":{"name":"Kirkstead Mill","layer":"windmills","note":"OpenStreetMap","osm_id":"way/343188350","osm_url":"https://www.openstreetmap.org/way/343188350","source":"OpenStreetMap"}},{"type":"Feature","geometry":{"type":"Point","coordinates":[-0.2952389,52.9770733]},"properties":{"name":"Heckington Windmill","layer":"windmills","note":"OpenStreetMap","osm_id":"way/348164047","osm_url":"https://www.openstreetmap.org/way/348164047","source":"OpenStreetMap"}},{"type":"Feature","geometry":{"type":"Point","coordinates":[-0.0178014,52.983607]},"properties":{"name":"Maud Foster Windmill","layer":"windmills","note":"OpenStreetMap","osm_id":"way/348790075","osm_url":"https://www.openstreetmap.org/way/348790075","source":"OpenStreetMap"}},{"type":"Feature","geometry":{"type":"Point","coordinates":[-3.0733423,53.3963076]},"properties":{"name":"Bidston Windmill","layer":"windmills","note":"OpenStreetMap","osm_id":"way/35047863","osm_url":"https://www.openstreetmap.org/way/35047863","source":"OpenStreetMap"}},{"type":"Feature","geometry":{"type":"Point","coordinates":[1.5175835,52.661023]},"properties":{"name":"Windmill","layer":"windmills","note":"OpenStreetMap","osm_id":"way/351521495","osm_url":"https://www.openstreetmap.org/way/351521495","source":"OpenStreetMap"}},{"type":"Feature","geometry":{"type":"Point","coordinates":[-8.1936224,53.5219208]},"properties":{"name":"Loobinroe Windmill","layer":"windmills","note":"OpenStreetMap","osm_id":"way/363780218","osm_url":"https://www.openstreetmap.org/way/363780218","source":"OpenStreetMap"}},{"type":"Feature","geometry":{"type":"Point","coordinates":[0.3574272,52.3208178]},"properties":{"name":"Windmill","layer":"windmills","note":"OpenStreetMap","osm_id":"way/365172857","osm_url":"https://www.openstreetmap.org/way/365172857","source":"OpenStreetMap"}},{"type":"Feature","geometry":{"type":"Point","coordinates":[0.35794,52.3203194]},"properties":{"name":"Downfields (Pollard's) Windmill","layer":"windmills","note":"OpenStreetMap","osm_id":"way/365172861","osm_url":"https://www.openstreetmap.org/way/365172861","source":"OpenStreetMap"}},{"type":"Feature","geometry":{"type":"Point","coordinates":[0.9620788,52.6774178]},"properties":{"name":"Dereham Windmill","layer":"windmills","note":"OpenStreetMap","osm_id":"way/368121298","osm_url":"https://www.openstreetmap.org/way/368121298","source":"OpenStreetMap"}},{"type":"Feature","geometry":{"type":"Point","coordinates":[-1.9133804,52.3640946]},"properties":{"name":"The Old Windmilll","layer":"windmills","note":"OpenStreetMap","osm_id":"way/368280829","osm_url":"https://www.openstreetmap.org/way/368280829","source":"OpenStreetMap"}},{"type":"Feature","geometry":{"type":"Point","coordinates":[-0.4526189,53.7149603]},"properties":{"name":"Black Mill (Disused)","layer":"windmills","note":"OpenStreetMap","osm_id":"way/369647631","osm_url":"https://www.openstreetmap.org/way/369647631","source":"OpenStreetMap"}},{"type":"Feature","geometry":{"type":"Point","coordinates":[1.0429363,52.9547695]},"properties":{"name":"Cley Windmill","layer":"windmills","note":"OpenStreetMap","osm_id":"way/375703172","osm_url":"https://www.openstreetmap.org/way/375703172","source":"OpenStreetMap"}},{"type":"Feature","geometry":{"type":"Point","coordinates":[-4.3658187,53.3274665]},"properties":{"name":"Felin Gallt y Benddu","layer":"windmills","note":"OpenStreetMap","osm_id":"way/375998904","osm_url":"https://www.openstreetmap.org/way/375998904","source":"OpenStreetMap"}},{"type":"Feature","geometry":{"type":"Point","coordinates":[-2.0721178,52.3119739]},"properties":{"name":"Windmill","layer":"windmills","note":"OpenStreetMap","osm_id":"way/37828250","osm_url":"https://www.openstreetmap.org/way/37828250","source":"OpenStreetMap"}},{"type":"Feature","geometry":{"type":"Point","coordinates":[-1.635404,52.3807554]},"properties":{"name":"Berkswell Windmill","layer":"windmills","note":"OpenStreetMap","osm_id":"way/378690471","osm_url":"https://www.openstreetmap.org/way/378690471","source":"OpenStreetMap"}},{"type":"Feature","geometry":{"type":"Point","coordinates":[1.0632354,52.5820289]},"properties":{"name":"Wicklewood Windmill","layer":"windmills","note":"OpenStreetMap","osm_id":"way/383453738","osm_url":"https://www.openstreetmap.org/way/383453738","source":"OpenStreetMap"}},{"type":"Feature","geometry":{"type":"Point","coordinates":[1.5526327,52.5596719]},"properties":{"name":"Reedham Drainage Mill","layer":"windmills","note":"OpenStreetMap","osm_id":"way/384230889","osm_url":"https://www.openstreetmap.org/way/384230889","source":"OpenStreetMap"}},{"type":"Feature","geometry":{"type":"Point","coordinates":[1.543486,52.5549048]},"properties":{"name":"Norton Drainage Mill","layer":"windmills","note":"OpenStreetMap","osm_id":"way/384231042","osm_url":"https://www.openstreetmap.org/way/384231042","source":"OpenStreetMap"}},{"type":"Feature","geometry":{"type":"Point","coordinates":[1.4731823,52.5869106]},"properties":{"name":"Buckenham Ferry Drainage Mill","layer":"windmills","note":"OpenStreetMap","osm_id":"way/384419512","osm_url":"https://www.openstreetmap.org/way/384419512","source":"OpenStreetMap"}},{"type":"Feature","geometry":{"type":"Point","coordinates":[1.5895491,52.6393775]},"properties":{"name":"Stokesby towermill","layer":"windmills","note":"OpenStreetMap","osm_id":"way/384427800","osm_url":"https://www.openstreetmap.org/way/384427800","source":"OpenStreetMap"}},{"type":"Feature","geometry":{"type":"Point","coordinates":[1.6060812,52.6235599]},"properties":{"name":"Stracey Arms drainage pump","layer":"windmills","note":"OpenStreetMap","osm_id":"way/384427801","osm_url":"https://www.openstreetmap.org/way/384427801","source":"OpenStreetMap"}},{"type":"Feature","geometry":{"type":"Point","coordinates":[1.5789743,52.6377164]},"properties":{"name":"Stokesby Commission mill","layer":"windmills","note":"OpenStreetMap","osm_id":"way/384427802","osm_url":"https://www.openstreetmap.org/way/384427802","source":"OpenStreetMap"}},{"type":"Feature","geometry":{"type":"Point","coordinates":[1.6472933,52.6502527]},"properties":{"name":"Windmill","layer":"windmills","note":"OpenStreetMap","osm_id":"way/384431756","osm_url":"https://www.openstreetmap.org/way/384431756","source":"OpenStreetMap"}},{"type":"Feature","geometry":{"type":"Point","coordinates":[0.7345654,52.9596847]},"properties":{"name":"Burnham Overy Tower Mill","layer":"windmills","note":"OpenStreetMap","osm_id":"way/387374552","osm_url":"https://www.openstreetmap.org/way/387374552","source":"OpenStreetMap"}},{"type":"Feature","geometry":{"type":"Point","coordinates":[-1.7646386,52.3345667]},"properties":{"name":"Windmill","layer":"windmills","note":"OpenStreetMap","osm_id":"way/392115556","osm_url":"https://www.openstreetmap.org/way/392115556","source":"OpenStreetMap"}},{"type":"Feature","geometry":{"type":"Point","coordinates":[-0.3049899,53.4907558]},"properties":{"name":"Windmill","layer":"windmills","note":"OpenStreetMap","osm_id":"way/398797501","osm_url":"https://www.openstreetmap.org/way/398797501","source":"OpenStreetMap"}},{"type":"Feature","geometry":{"type":"Point","coordinates":[0.4606054,50.8519859]},"properties":{"name":"Hoad's Mill","layer":"windmills","note":"OpenStreetMap","osm_id":"way/399268796","osm_url":"https://www.openstreetmap.org/way/399268796","source":"OpenStreetMap"}},{"type":"Feature","geometry":{"type":"Point","coordinates":[0.1631639,52.6685289]},"properties":{"name":"Leach's Mill","layer":"windmills","note":"OpenStreetMap","osm_id":"way/406681378","osm_url":"https://www.openstreetmap.org/way/406681378","source":"OpenStreetMap"}},{"type":"Feature","geometry":{"type":"Point","coordinates":[-0.2316167,51.4376564]},"properties":{"name":"Wimbledon Windmill Museum","layer":"windmills","note":"OpenStreetMap","osm_id":"way/411460232","osm_url":"https://www.openstreetmap.org/way/411460232","source":"OpenStreetMap"}},{"type":"Feature","geometry":{"type":"Point","coordinates":[-2.4185409,59.361287]},"properties":{"name":"Peckhole Windmill","layer":"windmills","note":"OpenStreetMap","osm_id":"way/414876897","osm_url":"https://www.openstreetmap.org/way/414876897","source":"OpenStreetMap"}},{"type":"Feature","geometry":{"type":"Point","coordinates":[-0.4526561,53.7861568]},"properties":{"name":"Skidby Mill","layer":"windmills","note":"OpenStreetMap","osm_id":"way/419868052","osm_url":"https://www.openstreetmap.org/way/419868052","source":"OpenStreetMap"}},{"type":"Feature","geometry":{"type":"Point","coordinates":[0.8297324,52.288928]},"properties":{"name":"Pakenham Windmill","layer":"windmills","note":"OpenStreetMap","osm_id":"way/426014818","osm_url":"https://www.openstreetmap.org/way/426014818","source":"OpenStreetMap"}},{"type":"Feature","geometry":{"type":"Point","coordinates":[-1.3305333,52.2477672]},"properties":{"name":"Napton Windmill","layer":"windmills","note":"OpenStreetMap","osm_id":"way/42958836","osm_url":"https://www.openstreetmap.org/way/42958836","source":"OpenStreetMap"}},{"type":"Feature","geometry":{"type":"Point","coordinates":[-0.1213202,50.9302081]},"properties":{"name":"Oldland Windmill","layer":"windmills","note":"OpenStreetMap","osm_id":"way/430231562","osm_url":"https://www.openstreetmap.org/way/430231562","source":"OpenStreetMap"}},{"type":"Feature","geometry":{"type":"Point","coordinates":[-1.1112226,53.9561144]},"properties":{"name":"Holgate Windmill","layer":"windmills","note":"OpenStreetMap","osm_id":"way/443789299","osm_url":"https://www.openstreetmap.org/way/443789299","source":"OpenStreetMap"}},{"type":"Feature","geometry":{"type":"Point","coordinates":[-6.284071,53.3440491]},"properties":{"name":"Saint Patrick's Tower","layer":"windmills","note":"OpenStreetMap","osm_id":"way/44597921","osm_url":"https://www.openstreetmap.org/way/44597921","source":"OpenStreetMap"}},{"type":"Feature","geometry":{"type":"Point","coordinates":[0.9414999,52.3856911]},"properties":{"name":"Garboldisham Windmill","layer":"windmills","note":"OpenStreetMap","osm_id":"way/446825283","osm_url":"https://www.openstreetmap.org/way/446825283","source":"OpenStreetMap"}},{"type":"Feature","geometry":{"type":"Point","coordinates":[0.5393151,51.0952418]},"properties":{"name":"The Union Mill","layer":"windmills","note":"OpenStreetMap","osm_id":"way/449391181","osm_url":"https://www.openstreetmap.org/way/449391181","source":"OpenStreetMap"}},{"type":"Feature","geometry":{"type":"Point","coordinates":[-2.9199342,51.7223668]},"properties":{"name":"Llancayo Windmill","layer":"windmills","note":"OpenStreetMap","osm_id":"way/456962778","osm_url":"https://www.openstreetmap.org/way/456962778","source":"OpenStreetMap"}},{"type":"Feature","geometry":{"type":"Point","coordinates":[-0.3663136,52.7896964]},"properties":{"name":"Old Windmill","layer":"windmills","note":"OpenStreetMap","osm_id":"way/467410018","osm_url":"https://www.openstreetmap.org/way/467410018","source":"OpenStreetMap"}},{"type":"Feature","geometry":{"type":"Point","coordinates":[0.7818939,52.1502639]},"properties":{"name":"Windmill","layer":"windmills","note":"OpenStreetMap","osm_id":"way/490878187","osm_url":"https://www.openstreetmap.org/way/490878187","source":"OpenStreetMap"}},{"type":"Feature","geometry":{"type":"Point","coordinates":[0.6074008,52.1441262]},"properties":{"name":"Windmill","layer":"windmills","note":"OpenStreetMap","osm_id":"way/494220818","osm_url":"https://www.openstreetmap.org/way/494220818","source":"OpenStreetMap"}},{"type":"Feature","geometry":{"type":"Point","coordinates":[-2.7864634,52.9090334]},"properties":{"name":"Bettisfield Windmill","layer":"windmills","note":"OpenStreetMap","osm_id":"way/496323110","osm_url":"https://www.openstreetmap.org/way/496323110","source":"OpenStreetMap"}},{"type":"Feature","geometry":{"type":"Point","coordinates":[-0.4755651,52.3015021]},"properties":{"name":"Old Mill","layer":"windmills","note":"OpenStreetMap","osm_id":"way/506453631","osm_url":"https://www.openstreetmap.org/way/506453631","source":"OpenStreetMap"}},{"type":"Feature","geometry":{"type":"Point","coordinates":[0.2452841,52.2016596]},"properties":{"name":"Windmill","layer":"windmills","note":"OpenStreetMap","osm_id":"way/507521259","osm_url":"https://www.openstreetmap.org/way/507521259","source":"OpenStreetMap"}},{"type":"Feature","geometry":{"type":"Point","coordinates":[-0.54668,53.2381757]},"properties":{"name":"Ellis' Mill","layer":"windmills","note":"OpenStreetMap","osm_id":"way/516609983","osm_url":"https://www.openstreetmap.org/way/516609983","source":"OpenStreetMap"}},{"type":"Feature","geometry":{"type":"Point","coordinates":[-0.1851509,50.8465842]},"properties":{"name":"West Blatchington Windmill","layer":"windmills","note":"OpenStreetMap","osm_id":"way/516865069","osm_url":"https://www.openstreetmap.org/way/516865069","source":"OpenStreetMap"}},{"type":"Feature","geometry":{"type":"Point","coordinates":[1.6058759,52.5742901]},"properties":{"name":"Polkey's Mill","layer":"windmills","note":"OpenStreetMap","osm_id":"way/521269498","osm_url":"https://www.openstreetmap.org/way/521269498","source":"OpenStreetMap"}},{"type":"Feature","geometry":{"type":"Point","coordinates":[1.6080106,52.5746955]},"properties":{"name":"Cadge's Mill","layer":"windmills","note":"OpenStreetMap","osm_id":"way/521269499","osm_url":"https://www.openstreetmap.org/way/521269499","source":"OpenStreetMap"}},{"type":"Feature","geometry":{"type":"Point","coordinates":[-1.3891023,51.3044103]},"properties":{"name":"Windmill","layer":"windmills","note":"OpenStreetMap","osm_id":"way/523431737","osm_url":"https://www.openstreetmap.org/way/523431737","source":"OpenStreetMap"}},{"type":"Feature","geometry":{"type":"Point","coordinates":[-3.4327476,50.7595217]},"properties":{"name":"Windmill","layer":"windmills","note":"OpenStreetMap","osm_id":"way/529248196","osm_url":"https://www.openstreetmap.org/way/529248196","source":"OpenStreetMap"}},{"type":"Feature","geometry":{"type":"Point","coordinates":[-1.4303104,53.7920236]},"properties":{"name":"Windmill","layer":"windmills","note":"OpenStreetMap","osm_id":"way/549177806","osm_url":"https://www.openstreetmap.org/way/549177806","source":"OpenStreetMap"}},{"type":"Feature","geometry":{"type":"Point","coordinates":[-0.1834211,51.244814]},"properties":{"name":"Windmill","layer":"windmills","note":"OpenStreetMap","osm_id":"way/550118476","osm_url":"https://www.openstreetmap.org/way/550118476","source":"OpenStreetMap"}},{"type":"Feature","geometry":{"type":"Point","coordinates":[-0.3533845,51.9289653]},"properties":{"name":"Windmill","layer":"windmills","note":"OpenStreetMap","osm_id":"way/551520111","osm_url":"https://www.openstreetmap.org/way/551520111","source":"OpenStreetMap"}},{"type":"Feature","geometry":{"type":"Point","coordinates":[-2.2400334,53.0835922]},"properties":{"name":"The Old Windmill","layer":"windmills","note":"OpenStreetMap","osm_id":"way/551836170","osm_url":"https://www.openstreetmap.org/way/551836170","source":"OpenStreetMap"}},{"type":"Feature","geometry":{"type":"Point","coordinates":[0.0584077,52.3079335]},"properties":{"name":"Cattell's Windmill","layer":"windmills","note":"OpenStreetMap","osm_id":"way/556139384","osm_url":"https://www.openstreetmap.org/way/556139384","source":"OpenStreetMap"}},{"type":"Feature","geometry":{"type":"Point","coordinates":[-1.4909524,52.2312594]},"properties":{"name":"Chesterton Windmill","layer":"windmills","note":"Warwickshire County Council","osm_id":"way/560090333","osm_url":"https://www.openstreetmap.org/way/560090333","source":"OpenStreetMap","brand":"Warwickshire County Council"}},{"type":"Feature","geometry":{"type":"Point","coordinates":[-4.629633,53.2975241]},"properties":{"name":"Kingsland Windmill","layer":"windmills","note":"OpenStreetMap","osm_id":"way/562963201","osm_url":"https://www.openstreetmap.org/way/562963201","source":"OpenStreetMap"}},{"type":"Feature","geometry":{"type":"Point","coordinates":[-2.5985479,53.5751647]},"properties":{"name":"Haigh Windmill","layer":"windmills","note":"OpenStreetMap","osm_id":"way/566232703","osm_url":"https://www.openstreetmap.org/way/566232703","source":"OpenStreetMap"}},{"type":"Feature","geometry":{"type":"Point","coordinates":[-1.3935343,54.9618696]},"properties":{"name":"Cleadon Windmill","layer":"windmills","note":"OpenStreetMap","osm_id":"way/57741248","osm_url":"https://www.openstreetmap.org/way/57741248","source":"OpenStreetMap"}},{"type":"Feature","geometry":{"type":"Point","coordinates":[-0.3040688,54.2027653]},"properties":{"name":"Windmill","layer":"windmills","note":"OpenStreetMap","osm_id":"way/585190104","osm_url":"https://www.openstreetmap.org/way/585190104","source":"OpenStreetMap"}},{"type":"Feature","geometry":{"type":"Point","coordinates":[-0.8952023,52.9447608]},"properties":{"name":"Windmill","layer":"windmills","note":"OpenStreetMap","osm_id":"way/587958702","osm_url":"https://www.openstreetmap.org/way/587958702","source":"OpenStreetMap"}},{"type":"Feature","geometry":{"type":"Point","coordinates":[-0.6276923,52.5909988]},"properties":{"name":"Windmill","layer":"windmills","note":"OpenStreetMap","osm_id":"way/591037936","osm_url":"https://www.openstreetmap.org/way/591037936","source":"OpenStreetMap"}},{"type":"Feature","geometry":{"type":"Point","coordinates":[-0.6936592,50.8789663]},"properties":{"name":"Halnaker Mill","layer":"windmills","note":"OpenStreetMap","osm_id":"way/591243626","osm_url":"https://www.openstreetmap.org/way/591243626","source":"OpenStreetMap"}},{"type":"Feature","geometry":{"type":"Point","coordinates":[-0.4658997,50.9591897]},"properties":{"name":"Nutbourne Windmill","layer":"windmills","note":"OpenStreetMap","osm_id":"way/591763852","osm_url":"https://www.openstreetmap.org/way/591763852","source":"OpenStreetMap"}},{"type":"Feature","geometry":{"type":"Point","coordinates":[1.3933157,51.379941]},"properties":{"name":"Drapers Windmill","layer":"windmills","note":"OpenStreetMap","osm_id":"way/594704684","osm_url":"https://www.openstreetmap.org/way/594704684","source":"OpenStreetMap"}},{"type":"Feature","geometry":{"type":"Point","coordinates":[-6.5534446,52.5016521]},"properties":{"name":"Vinegar Hill Windmill","layer":"windmills","note":"OpenStreetMap","osm_id":"way/608977175","osm_url":"https://www.openstreetmap.org/way/608977175","source":"OpenStreetMap"}},{"type":"Feature","geometry":{"type":"Point","coordinates":[-0.8927145,52.2688033]},"properties":{"name":"Windmill","layer":"windmills","note":"OpenStreetMap","osm_id":"way/614845223","osm_url":"https://www.openstreetmap.org/way/614845223","source":"OpenStreetMap"}},{"type":"Feature","geometry":{"type":"Point","coordinates":[-5.5562075,54.6078032]},"properties":{"name":"Ballycopeland Windmill","layer":"windmills","note":"OpenStreetMap","osm_id":"way/618270409","osm_url":"https://www.openstreetmap.org/way/618270409","source":"OpenStreetMap"}},{"type":"Feature","geometry":{"type":"Point","coordinates":[-1.6055544,51.3529997]},"properties":{"name":"Wilton Windmill","layer":"windmills","note":"OpenStreetMap","osm_id":"way/623801862","osm_url":"https://www.openstreetmap.org/way/623801862","source":"OpenStreetMap"}},{"type":"Feature","geometry":{"type":"Point","coordinates":[-4.4795698,53.2242206]},"properties":{"name":"Melin y Bont","layer":"windmills","note":"OpenStreetMap","osm_id":"way/623831739","osm_url":"https://www.openstreetmap.org/way/623831739","source":"OpenStreetMap"}},{"type":"Feature","geometry":{"type":"Point","coordinates":[-0.0197261,52.0287345]},"properties":{"name":"Windmill","layer":"windmills","note":"OpenStreetMap","osm_id":"way/629614138","osm_url":"https://www.openstreetmap.org/way/629614138","source":"OpenStreetMap"}},{"type":"Feature","geometry":{"type":"Point","coordinates":[-2.0852777,55.8665773]},"properties":{"name":"Eyemouth windmill","layer":"windmills","note":"OpenStreetMap","osm_id":"way/637902473","osm_url":"https://www.openstreetmap.org/way/637902473","source":"OpenStreetMap"}},{"type":"Feature","geometry":{"type":"Point","coordinates":[-0.1333805,52.1831617]},"properties":{"name":"Great Gransden Mill","layer":"windmills","note":"OpenStreetMap","osm_id":"way/639122588","osm_url":"https://www.openstreetmap.org/way/639122588","source":"OpenStreetMap"}},{"type":"Feature","geometry":{"type":"Point","coordinates":[-3.2363077,51.4035787]},"properties":{"name":"Hayes Farm Mill (ruin)","layer":"windmills","note":"OpenStreetMap","osm_id":"way/641645123","osm_url":"https://www.openstreetmap.org/way/641645123","source":"OpenStreetMap"}},{"type":"Feature","geometry":{"type":"Point","coordinates":[-1.3134162,52.3349912]},"properties":{"name":"Windmill","layer":"windmills","note":"OpenStreetMap","osm_id":"way/663277995","osm_url":"https://www.openstreetmap.org/way/663277995","source":"OpenStreetMap"}},{"type":"Feature","geometry":{"type":"Point","coordinates":[-4.2698723,53.2232799]},"properties":{"name":"Windmill","layer":"windmills","note":"OpenStreetMap","osm_id":"way/670333384","osm_url":"https://www.openstreetmap.org/way/670333384","source":"OpenStreetMap"}},{"type":"Feature","geometry":{"type":"Point","coordinates":[-0.9822766,50.9398846]},"properties":{"name":"Windmill","layer":"windmills","note":"OpenStreetMap","osm_id":"way/679308281","osm_url":"https://www.openstreetmap.org/way/679308281","source":"OpenStreetMap"}},{"type":"Feature","geometry":{"type":"Point","coordinates":[-0.3359573,52.5570299]},"properties":{"name":"Black Dike Mill","layer":"windmills","note":"OpenStreetMap","osm_id":"way/688891859","osm_url":"https://www.openstreetmap.org/way/688891859","source":"OpenStreetMap"}},{"type":"Feature","geometry":{"type":"Point","coordinates":[-1.2636341,53.1211514]},"properties":{"name":"Windmill","layer":"windmills","note":"OpenStreetMap","osm_id":"way/690713759","osm_url":"https://www.openstreetmap.org/way/690713759","source":"OpenStreetMap"}},{"type":"Feature","geometry":{"type":"Point","coordinates":[-3.4598959,56.0573186]},"properties":{"name":"Windmill","layer":"windmills","note":"OpenStreetMap","osm_id":"way/701055713","osm_url":"https://www.openstreetmap.org/way/701055713","source":"OpenStreetMap"}},{"type":"Feature","geometry":{"type":"Point","coordinates":[1.1180636,52.3700353]},"properties":{"name":"Windmill","layer":"windmills","note":"OpenStreetMap","osm_id":"way/738815131","osm_url":"https://www.openstreetmap.org/way/738815131","source":"OpenStreetMap"}},{"type":"Feature","geometry":{"type":"Point","coordinates":[-1.9819034,55.0282847]},"properties":{"name":"Whittington Mill","layer":"windmills","note":"OpenStreetMap","osm_id":"way/745618592","osm_url":"https://www.openstreetmap.org/way/745618592","source":"OpenStreetMap"}},{"type":"Feature","geometry":{"type":"Point","coordinates":[-0.8393301,53.5586176]},"properties":{"name":"Windmill","layer":"windmills","note":"OpenStreetMap","osm_id":"way/747527729","osm_url":"https://www.openstreetmap.org/way/747527729","source":"OpenStreetMap"}},{"type":"Feature","geometry":{"type":"Point","coordinates":[-0.7891263,52.0622783]},"properties":{"name":"Bradwell Windmill","layer":"windmills","note":"OpenStreetMap","osm_id":"way/747859532","osm_url":"https://www.openstreetmap.org/way/747859532","source":"OpenStreetMap"}},{"type":"Feature","geometry":{"type":"Point","coordinates":[-2.1061492,55.0427512]},"properties":{"name":"Windmill","layer":"windmills","note":"OpenStreetMap","osm_id":"way/751490135","osm_url":"https://www.openstreetmap.org/way/751490135","source":"OpenStreetMap"}},{"type":"Feature","geometry":{"type":"Point","coordinates":[-1.5254985,52.1625826]},"properties":{"name":"Windmill","layer":"windmills","note":"OpenStreetMap","osm_id":"way/753012930","osm_url":"https://www.openstreetmap.org/way/753012930","source":"OpenStreetMap"}},{"type":"Feature","geometry":{"type":"Point","coordinates":[-1.3900033,54.9283633]},"properties":{"name":"Fulwell Windmill","layer":"windmills","note":"OpenStreetMap","osm_id":"way/759866653","osm_url":"https://www.openstreetmap.org/way/759866653","source":"OpenStreetMap"}},{"type":"Feature","geometry":{"type":"Point","coordinates":[0.7877954,51.3166167]},"properties":{"name":"Windmill","layer":"windmills","note":"OpenStreetMap","osm_id":"way/77960460","osm_url":"https://www.openstreetmap.org/way/77960460","source":"OpenStreetMap"}},{"type":"Feature","geometry":{"type":"Point","coordinates":[0.7877998,51.3165092]},"properties":{"name":"Windmill","layer":"windmills","note":"OpenStreetMap","osm_id":"way/77960469","osm_url":"https://www.openstreetmap.org/way/77960469","source":"OpenStreetMap"}},{"type":"Feature","geometry":{"type":"Point","coordinates":[-0.460185,51.1727472]},"properties":{"name":"Windmill","layer":"windmills","note":"OpenStreetMap","osm_id":"way/787911015","osm_url":"https://www.openstreetmap.org/way/787911015","source":"OpenStreetMap"}},{"type":"Feature","geometry":{"type":"Point","coordinates":[-5.5293414,54.4680738]},"properties":{"name":"Windmill","layer":"windmills","note":"OpenStreetMap","osm_id":"way/809169278","osm_url":"https://www.openstreetmap.org/way/809169278","source":"OpenStreetMap"}},{"type":"Feature","geometry":{"type":"Point","coordinates":[-2.7817139,51.4866243]},"properties":{"name":"Windmill","layer":"windmills","note":"OpenStreetMap","osm_id":"way/809612684","osm_url":"https://www.openstreetmap.org/way/809612684","source":"OpenStreetMap"}},{"type":"Feature","geometry":{"type":"Point","coordinates":[-2.1228452,52.80681]},"properties":{"name":"Broad Eye Windmill","layer":"windmills","note":"OpenStreetMap","osm_id":"way/81217275","osm_url":"https://www.openstreetmap.org/way/81217275","source":"OpenStreetMap"}},{"type":"Feature","geometry":{"type":"Point","coordinates":[-2.8156467,53.680859]},"properties":{"name":"The Windmill","layer":"windmills","note":"OpenStreetMap","osm_id":"way/817185259","osm_url":"https://www.openstreetmap.org/way/817185259","source":"OpenStreetMap"}},{"type":"Feature","geometry":{"type":"Point","coordinates":[0.3409317,51.9525603]},"properties":{"name":"John Webb's Windmill","layer":"windmills","note":"OpenStreetMap","osm_id":"way/818091877","osm_url":"https://www.openstreetmap.org/way/818091877","source":"OpenStreetMap"}},{"type":"Feature","geometry":{"type":"Point","coordinates":[-0.1238044,51.45322]},"properties":{"name":"The Brixton Windmill","layer":"windmills","note":"OpenStreetMap","osm_id":"way/825382682","osm_url":"https://www.openstreetmap.org/way/825382682","source":"OpenStreetMap"}},{"type":"Feature","geometry":{"type":"Point","coordinates":[0.7259075,51.013305]},"properties":{"name":"Stocks Windmill","layer":"windmills","note":"OpenStreetMap","osm_id":"way/825975320","osm_url":"https://www.openstreetmap.org/way/825975320","source":"OpenStreetMap"}},{"type":"Feature","geometry":{"type":"Point","coordinates":[0.7727835,51.0833731]},"properties":{"name":"Windmill","layer":"windmills","note":"OpenStreetMap","osm_id":"way/828938968","osm_url":"https://www.openstreetmap.org/way/828938968","source":"OpenStreetMap"}},{"type":"Feature","geometry":{"type":"Point","coordinates":[-1.1266467,53.0956226]},"properties":{"name":"The Windmill","layer":"windmills","note":"OpenStreetMap","osm_id":"way/838936767","osm_url":"https://www.openstreetmap.org/way/838936767","source":"OpenStreetMap"}},{"type":"Feature","geometry":{"type":"Point","coordinates":[-2.0879712,53.0248653]},"properties":{"name":"Werrington Windmill","layer":"windmills","note":"OpenStreetMap","osm_id":"way/839281489","osm_url":"https://www.openstreetmap.org/way/839281489","source":"OpenStreetMap"}},{"type":"Feature","geometry":{"type":"Point","coordinates":[0.2451324,51.5579191]},"properties":{"name":"Upminster Windmill","layer":"windmills","note":"OpenStreetMap","osm_id":"way/856992438","osm_url":"https://www.openstreetmap.org/way/856992438","source":"OpenStreetMap"}},{"type":"Feature","geometry":{"type":"Point","coordinates":[0.1382141,52.3492842]},"properties":{"name":"Windmill","layer":"windmills","note":"OpenStreetMap","osm_id":"way/863724738","osm_url":"https://www.openstreetmap.org/way/863724738","source":"OpenStreetMap"}},{"type":"Feature","geometry":{"type":"Point","coordinates":[1.0354149,52.4778556]},"properties":{"name":"Old Buckenham Windmill","layer":"windmills","note":"OpenStreetMap","osm_id":"way/868744302","osm_url":"https://www.openstreetmap.org/way/868744302","source":"OpenStreetMap"}},{"type":"Feature","geometry":{"type":"Point","coordinates":[0.2187526,52.3517915]},"properties":{"name":"Stretham windmill","layer":"windmills","note":"OpenStreetMap","osm_id":"way/870766806","osm_url":"https://www.openstreetmap.org/way/870766806","source":"OpenStreetMap"}},{"type":"Feature","geometry":{"type":"Point","coordinates":[1.1600187,52.3677379]},"properties":{"name":"Windmill","layer":"windmills","note":"OpenStreetMap","osm_id":"way/872372859","osm_url":"https://www.openstreetmap.org/way/872372859","source":"OpenStreetMap"}},{"type":"Feature","geometry":{"type":"Point","coordinates":[-6.2704406,53.7672283]},"properties":{"name":"Windmill Stump","layer":"windmills","note":"OpenStreetMap","osm_id":"way/876647782","osm_url":"https://www.openstreetmap.org/way/876647782","source":"OpenStreetMap"}},{"type":"Feature","geometry":{"type":"Point","coordinates":[0.9025047,51.1424207]},"properties":{"name":"Willesborough Windmill","layer":"windmills","note":"OpenStreetMap","osm_id":"way/908657837","osm_url":"https://www.openstreetmap.org/way/908657837","source":"OpenStreetMap"}},{"type":"Feature","geometry":{"type":"Point","coordinates":[-9.737144,52.2567159]},"properties":{"name":"Blennerville Windmill","layer":"windmills","note":"OpenStreetMap","osm_id":"way/91818287","osm_url":"https://www.openstreetmap.org/way/91818287","source":"OpenStreetMap"}},{"type":"Feature","geometry":{"type":"Point","coordinates":[1.0967381,51.2783715]},"properties":{"name":"St Martin's Mill","layer":"windmills","note":"OpenStreetMap","osm_id":"way/934089671","osm_url":"https://www.openstreetmap.org/way/934089671","source":"OpenStreetMap"}},{"type":"Feature","geometry":{"type":"Point","coordinates":[-0.2357017,51.1524433]},"properties":{"name":"Lowfield Heath Windmill","layer":"windmills","note":"OpenStreetMap","osm_id":"way/942230765","osm_url":"https://www.openstreetmap.org/way/942230765","source":"OpenStreetMap"}},{"type":"Feature","geometry":{"type":"Point","coordinates":[-1.1487149,51.7427627]},"properties":{"name":"Wheatley Windmill","layer":"windmills","note":"Wheatley Windmill Restoration Society","osm_id":"way/94821131","osm_url":"https://www.openstreetmap.org/way/94821131","source":"OpenStreetMap","brand":"Wheatley Windmill Restoration Society"}},{"type":"Feature","geometry":{"type":"Point","coordinates":[-2.9554887,53.7357106]},"properties":{"name":"Lytham Windmill","layer":"windmills","note":"OpenStreetMap","osm_id":"way/950024952","osm_url":"https://www.openstreetmap.org/way/950024952","source":"OpenStreetMap"}},{"type":"Feature","geometry":{"type":"Point","coordinates":[-0.1128439,52.6218578]},"properties":{"name":"Windmill","layer":"windmills","note":"OpenStreetMap","osm_id":"way/952752171","osm_url":"https://www.openstreetmap.org/way/952752171","source":"OpenStreetMap"}},{"type":"Feature","geometry":{"type":"Point","coordinates":[-0.1479609,50.9053258]},"properties":{"name":"Jill Windmill","layer":"windmills","note":"OpenStreetMap","osm_id":"way/954232943","osm_url":"https://www.openstreetmap.org/way/954232943","source":"OpenStreetMap"}},{"type":"Feature","geometry":{"type":"Point","coordinates":[-0.1469166,50.9049754]},"properties":{"name":"Jack Windmill","layer":"windmills","note":"OpenStreetMap","osm_id":"way/954232944","osm_url":"https://www.openstreetmap.org/way/954232944","source":"OpenStreetMap"}},{"type":"Feature","geometry":{"type":"Point","coordinates":[-0.2216833,51.1540548]},"properties":{"name":"Windmill","layer":"windmills","note":"OpenStreetMap","osm_id":"way/954656296","osm_url":"https://www.openstreetmap.org/way/954656296","source":"OpenStreetMap"}},{"type":"Feature","geometry":{"type":"Point","coordinates":[-0.1839131,51.1389271]},"properties":{"name":"Windmill","layer":"windmills","note":"OpenStreetMap","osm_id":"way/961569802","osm_url":"https://www.openstreetmap.org/way/961569802","source":"OpenStreetMap"}},{"type":"Feature","geometry":{"type":"Point","coordinates":[-5.474405,54.3863331]},"properties":{"name":"Windmill","layer":"windmills","note":"OpenStreetMap","osm_id":"way/963391443","osm_url":"https://www.openstreetmap.org/way/963391443","source":"OpenStreetMap"}},{"type":"Feature","geometry":{"type":"Point","coordinates":[-1.5524726,54.5917816]},"properties":{"name":"Windmill","layer":"windmills","note":"OpenStreetMap","osm_id":"way/96399830","osm_url":"https://www.openstreetmap.org/way/96399830","source":"OpenStreetMap"}},{"type":"Feature","geometry":{"type":"Point","coordinates":[-0.9033202,53.0554409]},"properties":{"name":"Windmill","layer":"windmills","note":"OpenStreetMap","osm_id":"way/974784044","osm_url":"https://www.openstreetmap.org/way/974784044","source":"OpenStreetMap"}},{"type":"Feature","geometry":{"type":"Point","coordinates":[-1.4561408,52.2369978]},"properties":{"name":"Windmill","layer":"windmills","note":"OpenStreetMap","osm_id":"way/982451531","osm_url":"https://www.openstreetmap.org/way/982451531","source":"OpenStreetMap"}},{"type":"Feature","geometry":{"type":"Point","coordinates":[-7.1751492,53.3519873]},"properties":{"name":"Windmill","layer":"windmills","note":"OpenStreetMap","osm_id":"way/989732840","osm_url":"https://www.openstreetmap.org/way/989732840","source":"OpenStreetMap"}},{"type":"Feature","geometry":{"type":"Point","coordinates":[-0.1093901,51.5285198]},"properties":{"name":"New River Head Windmill","layer":"windmills","note":"OpenStreetMap","osm_id":"way/99058199","osm_url":"https://www.openstreetmap.org/way/99058199","source":"OpenStreetMap"}},{"type":"Feature","geometry":{"type":"Point","coordinates":[-1.4540609,53.0530717]},"properties":{"name":"Heage Windmill","layer":"windmills","note":"OpenStreetMap","osm_id":"way/995559491","osm_url":"https://www.openstreetmap.org/way/995559491","source":"OpenStreetMap"}}]}
